# Blender 5.1.2
# www.blender.org
mtllib monstro0010.mtl
o Object_33
v 4.565014 -132.905014 81.523972
v 4.338254 -132.559113 81.425369
v 6.325670 -132.440353 81.552483
v 6.325670 -132.918106 81.552483
v 7.102668 -132.467285 81.580780
v 7.102668 -132.936066 81.580780
v 4.604606 -132.289001 81.881615
v 5.673593 -132.345871 81.938492
v 7.098910 -132.480667 81.850616
v 7.098910 -132.718765 81.968033
v 5.673593 -132.678268 82.065178
v 4.188889 -132.890106 81.536995
v 7.098910 -132.925232 81.850616
v 5.354472 -133.015778 81.832832
v 7.098910 -132.718765 81.968033
v 5.673593 -132.678268 82.065178
v 4.604605 -132.949631 81.941986
v 4.228481 -132.949234 81.966881
v 2.392396 -133.100464 81.685524
v 3.052271 -133.067551 82.195854
v 1.939022 -133.067551 82.412827
v 4.416542 -132.597885 82.148407
v 3.241556 -132.678268 82.294983
v 2.372585 -132.678268 82.496277
v 2.392396 -132.244522 81.606728
v 1.900582 -132.319397 81.549591
v 1.900582 -133.096832 81.549591
v 1.605497 -133.076324 82.409904
v 1.939022 -132.346130 82.464088
v 3.052271 -132.289001 82.107231
v 2.372585 -132.678268 82.496277
v 3.241556 -132.678268 82.294983
v 4.151087 -132.272736 81.893082
v 4.416542 -132.597885 82.148407
v 1.633513 -132.371201 81.323006
v 1.526906 -133.167282 81.323006
v 1.605497 -132.325760 82.426895
v 1.942397 -132.678268 82.536102
v 1.607806 -132.678268 82.516968
v 4.379998 -132.272202 81.886894
v 0.619154 -132.449768 68.875793
v 0.414365 -132.308167 71.593933
v 0.935154 -132.266754 71.382149
v 0.993650 -132.513153 73.058838
v 0.487022 -132.523544 72.977684
v 0.994998 -132.511032 73.598366
v 0.464458 -132.539154 73.509979
v 1.172612 -133.127411 73.350433
v 1.172613 -133.171326 73.623421
v 1.172612 -133.095306 73.087509
v 0.308060 -133.138672 73.254631
v 0.308060 -133.095306 72.949013
v 0.740336 -133.327408 73.018265
v 0.740336 -133.369629 73.285431
v 1.172612 -133.095306 73.087509
v 1.172612 -133.127411 73.350433
v 0.740337 -133.412094 73.554169
v 1.172613 -133.171326 73.623421
v 0.308061 -133.171326 73.484924
v 0.830301 -133.629517 76.088402
v 0.306055 -133.237137 76.277496
v 1.230235 -133.237137 76.416039
v 0.334208 -132.405548 76.120567
v 0.012404 -133.560760 76.376801
v 0.012404 -132.527084 76.250900
v 1.165215 -132.951279 71.227577
v 0.715179 -133.245193 71.333466
v 0.333095 -132.951279 71.439354
v 0.619154 -133.154327 68.875793
v 0.372845 -132.879669 68.875793
v 0.619154 -132.449768 68.875793
v 0.619154 -133.154327 68.875793
v 1.294992 -132.310837 76.166573
v 1.294992 -132.310837 76.166573
v 1.294992 -132.310837 76.166573
v 1.230235 -133.237137 76.416039
v 0.968926 -133.528076 78.856369
v 0.846803 -133.735321 77.065964
v 1.250908 -133.261337 77.246635
v 0.012404 -134.118225 78.877609
v 0.012404 -133.861694 76.941177
v 1.115779 -132.679794 78.887535
v 1.245259 -132.425232 77.246635
v 1.230235 -133.237137 76.416039
v 0.012404 -133.560760 76.376801
v 0.306055 -133.237137 76.277496
v 0.830301 -133.629517 76.088402
v 0.760325 -132.216232 77.589539
v 0.831511 -132.105301 77.072639
v 0.012404 -132.278580 77.794662
v 0.012404 -132.310715 78.877609
v 0.012404 -132.254700 76.695053
v 0.193570 -132.208344 76.437347
v 0.899084 -132.132019 76.541748
v 0.334208 -132.405548 76.120567
v 1.294992 -132.310837 76.166573
v 0.012404 -132.527084 76.250900
v 0.012404 -132.527084 76.250900
v 1.280284 -132.421356 77.007362
v 1.294992 -132.310837 76.166573
v 1.294992 -132.310837 76.166573
v 0.012404 -132.197815 79.766899
v 1.178962 -132.571777 79.716705
v 1.633513 -132.371201 81.323006
v 0.012404 -131.796722 81.336067
v 0.966596 -132.178238 82.548309
v 1.605497 -132.325760 82.426895
v 1.607806 -132.678268 82.516968
v 0.957743 -132.678268 82.564018
v 0.467534 -132.733658 82.711540
v 0.012404 -132.288986 82.641838
v 1.050097 -133.475220 79.716705
v 1.526906 -133.167282 81.323006
v 0.542687 -133.922379 79.783081
v 0.871952 -133.728806 81.226639
v 0.012404 -133.906128 81.418457
v 0.966596 -133.067551 82.416367
v 0.012404 -133.111694 82.547127
v 0.467534 -132.733658 82.711540
v 0.957743 -132.678268 82.564018
v 1.605497 -133.076324 82.409904
v 1.607806 -132.678268 82.516968
v 1.900582 -133.096832 81.549591
v 0.012404 -134.090424 79.786514
v 7.304121 -132.976486 81.539520
v 7.304121 -132.432266 81.539520
v 7.452557 -132.662125 81.548004
v 7.471015 -132.844849 81.398323
v 7.696621 -132.936188 81.390800
v 7.722791 -132.771652 81.550415
v 7.814222 -132.987167 81.503250
v 7.732298 -133.018936 81.643456
v 7.998094 -132.651062 81.764587
v 7.924614 -132.317245 81.640755
v 8.008974 -132.868790 81.784622
v 8.016235 -133.040833 81.797997
v 7.952839 -132.976318 81.351234
v 7.976388 -133.031403 81.470039
v 8.094219 -132.966843 81.358345
v 8.104343 -133.019913 81.451134
v 8.187252 -133.033829 81.308746
v 8.197563 -133.087860 81.403229
v 8.153023 -132.647873 81.636078
v 8.201752 -132.844437 81.635910
v 8.200872 -132.660660 81.448280
v 8.219378 -132.841660 81.454140
v 8.336580 -132.645706 81.376869
v 8.252338 -132.421677 81.386719
v 8.151924 -132.412354 81.434792
v 8.352680 -132.813370 81.379700
v 8.087557 -132.318771 81.625534
v 8.194149 -132.314926 81.691910
v 8.252338 -132.421677 81.386719
v 8.348555 -132.648483 81.680092
v 8.336580 -132.645706 81.376869
v 8.341963 -132.848007 81.679138
v 8.046482 -132.672836 81.948761
v 8.044224 -132.872360 81.942497
v 8.352680 -132.813370 81.379700
v 7.304121 -132.709824 81.981804
v 7.304121 -132.432266 81.840729
v 7.963366 -132.302612 81.818100
v 8.087557 -132.318771 81.625534
v 7.924614 -132.317245 81.640755
v 8.219378 -132.841660 81.454140
v 8.201752 -132.844437 81.635910
v 8.044224 -132.872360 81.942497
v 8.008974 -132.868790 81.784622
v 7.098910 -132.718765 81.968033
v 7.098910 -132.925232 81.850616
v 7.304121 -132.976486 81.828369
v 8.044224 -132.872360 81.942497
v 8.042400 -133.033569 81.937431
v 8.016235 -133.040833 81.797997
v 7.732298 -133.018936 81.643456
v 7.304121 -132.976486 81.539520
v 7.704122 -133.117828 81.460487
v 7.670760 -133.044693 81.334610
v 7.422751 -132.983292 81.389915
v 7.471015 -132.844849 81.398323
v 7.696621 -132.936188 81.390800
v 7.814222 -132.987167 81.503250
v 7.961060 -133.152039 81.418671
v 7.930259 -133.077530 81.288940
v 8.197563 -133.087860 81.403229
v 8.187252 -133.033829 81.308746
v 7.952839 -132.976318 81.351234
v 8.094219 -132.966843 81.358345
v 8.104343 -133.019913 81.451134
v 7.976388 -133.031403 81.470039
v 7.102668 -132.936066 81.580780
v 8.393637 -132.844879 81.783943
v 8.388773 -133.006104 81.781639
v 8.486700 -132.989838 81.489441
v 8.490694 -132.861145 81.487854
v 8.346937 -133.003601 81.520737
v 8.271900 -133.013351 81.701218
v 8.335295 -132.851074 81.527557
v 8.257322 -132.841324 81.696854
v 8.044224 -132.872360 81.942497
v 8.008974 -132.868790 81.784622
v 8.087557 -132.318771 81.625534
v 8.151924 -132.412354 81.434792
v 8.087557 -132.318771 81.625534
v 8.346937 -133.003601 81.520737
v 8.335295 -132.851074 81.527557
v 8.490694 -132.861145 81.487854
v 8.486700 -132.989838 81.489441
v 8.271900 -133.013351 81.701218
v 8.257322 -132.841324 81.696854
v 7.924614 -132.317245 81.640755
v 7.098910 -132.480667 81.850616
v 7.304121 -132.432266 81.539520
v 7.102668 -132.467285 81.580780
v 7.102668 -132.936066 81.580780
v 0.881024 -132.879669 68.875793
v 0.619154 -132.449768 68.875793
v 1.165215 -132.951279 71.227577
v 0.619154 -132.449768 68.875793
v 0.881024 -132.879669 68.875793
v 0.881024 -132.879669 68.505905
v 0.619154 -132.449768 68.505905
v 0.619154 -133.228241 68.523651
v 0.619154 -133.154327 68.875793
v 0.905084 -132.523376 67.862648
v 0.619154 -132.354263 67.868217
v 1.063068 -134.537628 67.862648
v 0.780535 -134.328842 68.173485
v 0.426572 -134.625900 68.047722
v 0.394534 -134.811234 67.910217
v 0.357284 -132.879669 68.505905
v 0.619154 -133.154327 68.875793
v 0.372845 -132.879669 68.875793
v 0.619154 -132.449768 68.505905
v 0.619154 -132.449768 68.875793
v 0.336893 -132.543274 67.862648
v 0.265768 -134.507355 68.073181
v 0.130052 -134.634689 67.862648
v 0.619154 -132.354263 67.868217
v 0.336893 -132.543274 67.862648
v 1.063068 -134.537628 67.862648
v 0.394534 -134.811234 67.910217
v 0.130052 -134.634689 67.862648
v 0.905084 -132.523376 67.862648
v 0.336893 -132.543274 67.862648
v 0.619154 -132.354263 67.868217
v 0.405199 -133.561996 83.966873
v 0.310331 -133.536453 83.667122
v 0.704464 -133.208313 83.822868
v 0.152816 -133.639984 83.902161
v 0.012404 -133.697296 83.667122
v 0.012404 -133.636566 83.628479
v 0.012404 -133.675201 83.821686
v 0.012404 -133.802536 83.920486
v 0.599341 -133.406342 84.225418
v 0.780101 -133.212219 84.501984
v 0.081631 -133.638153 84.178062
v 0.012404 -133.712006 84.108688
v 0.012404 -133.653183 84.311424
v 0.344696 -133.614853 84.239166
v 0.372842 -133.648376 84.430214
v 0.012404 -133.688522 84.457870
v 0.012404 -133.677429 84.637306
v 0.372842 -133.629730 84.653969
v 0.012404 -133.404358 85.181091
v 0.644279 -133.357361 84.980812
v 0.668668 -132.680145 85.130341
v 0.829423 -132.693283 84.495117
v 0.676726 -132.778183 83.826881
v 0.350000 -133.358963 83.234306
v 0.458957 -132.767426 83.215637
v 0.012404 -133.099030 83.176239
v 0.674152 -132.173843 84.400513
v 0.012404 -131.828552 84.815338
v 0.012404 -131.939865 83.860649
v 0.644992 -132.369202 83.821320
v 0.012404 -132.351837 83.319336
v 0.012404 -132.351837 83.319336
v 0.012404 -132.288986 82.641838
v 0.271007 -133.516525 83.574463
v 0.012404 -133.580765 83.166397
v 0.012404 -133.099030 83.176239
v 0.012404 -133.111694 82.547127
v 0.467534 -132.733658 82.711540
v 0.012404 -133.640717 83.473259
v 0.012404 -133.613129 83.542259
v 0.467534 -132.733658 82.711540
v 0.012404 -132.288986 82.641838
v -0.434149 -132.767426 83.215637
v -0.620183 -132.369202 83.821320
v -0.651917 -132.778183 83.826881
v -0.325192 -133.358963 83.234306
v 0.012404 -133.099030 83.176239
v -0.679655 -133.208313 83.822868
v -0.804614 -132.693283 84.495117
v -0.755293 -133.212219 84.501984
v -0.574532 -133.406342 84.225418
v -0.380390 -133.561996 83.966873
v -0.285523 -133.536453 83.667122
v -0.128008 -133.639984 83.902161
v 0.012404 -133.697296 83.667122
v 0.012404 -133.636566 83.628479
v 0.012404 -133.675201 83.821686
v 0.012404 -133.802536 83.920486
v -0.056822 -133.638153 84.178062
v 0.012404 -133.712006 84.108688
v 0.012404 -133.653183 84.311424
v -0.319888 -133.614853 84.239166
v -0.348034 -133.648376 84.430214
v 0.012404 -133.688522 84.457870
v 0.012404 -133.677429 84.637306
v -0.348034 -133.629730 84.653969
v -0.619471 -133.357361 84.980812
v -0.643859 -132.680145 85.130341
v -0.649343 -132.173843 84.400513
v 0.012404 -131.828552 84.815338
v 0.012404 -131.939865 83.860649
v 0.012404 -132.351837 83.319336
v -0.322313 -133.379333 85.102745
v -0.459236 -132.805405 85.302948
v -0.643859 -132.680145 85.130341
v 0.012404 -132.245300 85.295799
v 0.012404 -131.828552 84.815338
v 0.012404 -133.404358 85.181091
v 0.012404 -132.919510 85.405190
v 0.012404 -132.245300 85.295799
v 0.012404 -132.245300 85.295799
v 0.668668 -132.680145 85.130341
v 0.484045 -132.805405 85.302948
v 0.347122 -133.379333 85.102745
v 0.012404 -132.919510 85.405190
v 0.012404 -132.245300 85.295799
v 0.012404 -133.802536 83.920486
v 0.012404 -133.805237 83.956894
v 0.012404 -133.712006 84.108688
v 0.619154 -133.154327 68.875793
v 0.881024 -132.879669 68.875793
v 0.012404 -132.676636 83.603111
v 0.704464 -133.208313 83.822868
v 0.012404 -133.636566 83.628479
v 0.310331 -133.536453 83.667122
v 0.012404 -133.613129 83.542259
v 0.271007 -133.516525 83.574463
v 0.012404 -133.422791 83.322845
v 0.704464 -133.208313 83.822868
v 0.012404 -132.676636 83.603111
v 1.942397 -132.678268 82.536102
v 1.607806 -132.678268 82.516968
v -4.540206 -132.904984 81.523941
v -6.300860 -132.918076 81.552452
v -6.300860 -132.440323 81.552452
v -4.313445 -132.559067 81.425354
v -7.077860 -132.467255 81.580750
v -7.077861 -132.936035 81.580750
v -4.579795 -132.288956 81.881599
v -5.648786 -132.345840 81.938461
v -7.074100 -132.480637 81.850586
v -7.074100 -132.718735 81.968002
v -5.648786 -132.678238 82.065147
v -4.164080 -132.890076 81.536972
v -7.074100 -132.925201 81.850586
v -5.329665 -133.015747 81.832802
v -7.074100 -132.718735 81.968002
v -5.648786 -132.678238 82.065147
v -4.579799 -132.949600 81.941956
v -4.203672 -132.949203 81.966858
v -2.367586 -133.100433 81.685501
v -3.027462 -133.067520 82.195831
v -1.914213 -133.067520 82.412804
v -4.391735 -132.597839 82.148392
v -3.216747 -132.678238 82.294952
v -2.347774 -132.678238 82.496254
v -2.367586 -132.244492 81.606705
v -1.875772 -132.319366 81.549568
v -1.875772 -133.096802 81.549568
v -1.580689 -133.076309 82.409889
v -1.914213 -132.346100 82.464066
v -3.027462 -132.288971 82.107208
v -2.347774 -132.678238 82.496254
v -3.216747 -132.678238 82.294952
v -4.126278 -132.272705 81.893059
v -4.391735 -132.597839 82.148392
v -1.608704 -132.371185 81.322998
v -1.502098 -133.167267 81.322998
v -1.580689 -132.325745 82.426880
v -1.917587 -132.678238 82.536079
v -1.582998 -132.678253 82.516953
v -4.355187 -132.272156 81.886879
v -0.594346 -132.449753 68.875793
v -0.910346 -132.266739 71.382149
v -0.389556 -132.308151 71.593925
v -0.968841 -132.513138 73.058838
v -0.462213 -132.523529 72.977684
v -0.970189 -132.511002 73.598358
v -0.439649 -132.539124 73.509972
v -1.147803 -133.127396 73.350426
v -1.147804 -133.171295 73.623413
v -1.147803 -133.095291 73.087509
v -0.283251 -133.138657 73.254623
v -0.283252 -133.095291 72.949013
v -0.715527 -133.327393 73.018265
v -0.715527 -133.369614 73.285423
v -1.147803 -133.095291 73.087509
v -1.147803 -133.127396 73.350426
v -0.715528 -133.412064 73.554161
v -1.147804 -133.171295 73.623413
v -0.283251 -133.171295 73.484917
v -0.805492 -133.629486 76.088394
v -0.281246 -133.237106 76.277489
v -1.205426 -133.237106 76.416031
v -0.309400 -132.405533 76.120560
v -1.140407 -132.951263 71.227577
v -0.690371 -133.245178 71.333466
v -0.308287 -132.951263 71.439354
v -0.594346 -133.154312 68.875793
v -0.348036 -132.879654 68.875793
v -0.594346 -132.449753 68.875793
v -0.594346 -133.154312 68.875793
v 0.012404 -133.560760 76.376801
v -0.309400 -132.405533 76.120560
v 0.012404 -132.527084 76.250900
v -1.270182 -132.393051 76.156235
v -1.270182 -132.393051 76.156235
v -1.270182 -132.393051 76.156235
v -1.205426 -133.237106 76.416031
v -0.944117 -133.528076 78.856369
v -1.226099 -133.261337 77.246635
v -0.821995 -133.735321 77.065964
v 0.012404 -134.118225 78.877609
v 0.012404 -133.861694 76.941177
v -1.090970 -132.679794 78.887535
v -1.220450 -132.425232 77.246635
v -1.205426 -133.237106 76.416031
v -0.805492 -133.629486 76.088394
v -0.281246 -133.237106 76.277489
v 0.012404 -133.560760 76.376801
v -1.259399 -132.421356 77.014854
v -1.270182 -132.393051 76.156235
v -0.806702 -132.105301 77.072639
v -1.270182 -132.393051 76.156235
v -0.735517 -132.216232 77.589539
v 0.012404 -132.278580 77.794662
v 0.012404 -132.310715 78.877609
v 0.012404 -132.254700 76.695053
v -0.168761 -132.208344 76.437347
v -0.874276 -132.132019 76.541748
v -0.309400 -132.405533 76.120560
v -1.270182 -132.393051 76.156235
v 0.012404 -132.527084 76.250900
v 0.012404 -132.527084 76.250900
v -1.154153 -132.571777 79.716705
v 0.012404 -132.197815 79.766899
v -1.608704 -132.371185 81.322998
v 0.012404 -131.796722 81.336067
v -0.941788 -132.178223 82.548302
v -1.580689 -132.325745 82.426880
v -1.582998 -132.678253 82.516953
v -0.932935 -132.678253 82.564003
v -0.442726 -132.733658 82.711540
v 0.012404 -132.288986 82.641838
v -1.025290 -133.475220 79.716705
v -1.502098 -133.167267 81.322998
v -0.517879 -133.922379 79.783081
v -0.847144 -133.728790 81.226631
v 0.012404 -133.906128 81.418457
v -0.941788 -133.067535 82.416359
v 0.012404 -133.111694 82.547127
v -0.442726 -132.733658 82.711540
v -0.932935 -132.678253 82.564003
v -1.580689 -133.076309 82.409889
v -1.582998 -132.678253 82.516953
v -1.875772 -133.096802 81.549568
v 0.012404 -134.090424 79.786514
v -7.279314 -132.976471 81.539482
v -7.427750 -132.662109 81.547966
v -7.279313 -132.432251 81.539482
v -7.446208 -132.844833 81.398285
v -7.671814 -132.936172 81.390762
v -7.697984 -132.771637 81.550377
v -7.789415 -132.987152 81.503204
v -7.707491 -133.018921 81.643417
v -7.973287 -132.651047 81.764542
v -7.899807 -132.317230 81.640717
v -7.984167 -132.868774 81.784584
v -7.991427 -133.040817 81.797958
v -7.928032 -132.976303 81.351196
v -7.951581 -133.031387 81.470001
v -8.069410 -132.966827 81.358307
v -8.079535 -133.019897 81.451096
v -8.162444 -133.033813 81.308708
v -8.172755 -133.087845 81.403191
v -8.128216 -132.647858 81.636040
v -8.176944 -132.844421 81.635872
v -8.176064 -132.660645 81.448242
v -8.194570 -132.841644 81.454102
v -8.311772 -132.645691 81.376831
v -8.227530 -132.421661 81.386681
v -8.127116 -132.412338 81.434753
v -8.327873 -132.813354 81.379662
v -8.062750 -132.318756 81.625496
v -8.169342 -132.314911 81.691872
v -8.227530 -132.421661 81.386681
v -8.323747 -132.648468 81.680054
v -8.311772 -132.645691 81.376831
v -8.317156 -132.847992 81.679100
v -8.021675 -132.672821 81.948723
v -8.019417 -132.872345 81.942459
v -8.327873 -132.813354 81.379662
v -7.279314 -132.709808 81.981766
v -7.279313 -132.432251 81.840691
v -7.938558 -132.302597 81.818062
v -8.062750 -132.318756 81.625496
v -7.899807 -132.317230 81.640717
v -8.194570 -132.841644 81.454102
v -8.176944 -132.844421 81.635872
v -8.019417 -132.872345 81.942459
v -7.984167 -132.868774 81.784584
v -7.074100 -132.718735 81.968002
v -7.074100 -132.925201 81.850586
v -7.279314 -132.976471 81.828331
v -8.019417 -132.872345 81.942459
v -8.017591 -133.033554 81.937393
v -7.991427 -133.040817 81.797958
v -7.707491 -133.018921 81.643417
v -7.279314 -132.976471 81.539482
v -7.679315 -133.117813 81.460449
v -7.645953 -133.044678 81.334572
v -7.397944 -132.983276 81.389877
v -7.446208 -132.844833 81.398285
v -7.671814 -132.936172 81.390762
v -7.789415 -132.987152 81.503204
v -7.936253 -133.152023 81.418633
v -7.905452 -133.077515 81.288902
v -8.172755 -133.087845 81.403191
v -8.162444 -133.033813 81.308708
v -7.928032 -132.976303 81.351196
v -8.069410 -132.966827 81.358307
v -8.079535 -133.019897 81.451096
v -7.951581 -133.031387 81.470001
v -7.077861 -132.936035 81.580750
v -8.368830 -132.844864 81.783905
v -8.461892 -132.989822 81.489403
v -8.363965 -133.006088 81.781601
v -8.465886 -132.861130 81.487816
v -8.322128 -133.003586 81.520699
v -8.247092 -133.013336 81.701180
v -8.310487 -132.851059 81.527512
v -8.232514 -132.841309 81.696815
v -8.019417 -132.872345 81.942459
v -7.984167 -132.868774 81.784584
v -8.062750 -132.318756 81.625496
v -8.127116 -132.412338 81.434753
v -8.062750 -132.318756 81.625496
v -8.322128 -133.003586 81.520699
v -8.465886 -132.861130 81.487816
v -8.310487 -132.851059 81.527512
v -8.461892 -132.989822 81.489403
v -8.247092 -133.013336 81.701180
v -8.232514 -132.841309 81.696815
v -7.899807 -132.317230 81.640717
v -7.074100 -132.480637 81.850586
v -7.279313 -132.432251 81.539482
v -7.077860 -132.467255 81.580750
v -7.077861 -132.936035 81.580750
v -0.856215 -132.879654 68.875793
v -0.594346 -132.449753 68.875793
v -1.140407 -132.951263 71.227577
v -0.594346 -132.449753 68.875793
v -0.594346 -132.449753 68.505898
v -0.856215 -132.879654 68.505898
v -0.856215 -132.879654 68.875793
v -0.594346 -133.228226 68.523643
v -0.594346 -133.154312 68.875793
v -0.880275 -132.523361 67.862640
v -0.594346 -132.354248 67.868210
v -1.038260 -134.537613 67.862640
v -0.755726 -134.328827 68.173477
v -0.401764 -134.625885 68.047714
v -0.369725 -134.811218 67.910210
v -0.332474 -132.879654 68.505898
v -0.594346 -133.154312 68.875793
v -0.348036 -132.879654 68.875793
v -0.594346 -132.449753 68.505898
v -0.594346 -132.449753 68.875793
v -0.312085 -132.543259 67.862640
v -0.240959 -134.507339 68.073174
v -0.105244 -134.634674 67.862640
v -0.312085 -132.543259 67.862640
v -0.594346 -132.354248 67.868210
v -1.038260 -134.537613 67.862640
v -0.105244 -134.634674 67.862640
v -0.369725 -134.811218 67.910210
v -0.880275 -132.523361 67.862640
v -0.312085 -132.543259 67.862640
v -0.594346 -132.354248 67.868210
v 0.012404 -133.099030 83.176239
v 0.012404 -133.580765 83.166397
v -0.246199 -133.516525 83.574463
v 0.012404 -133.640717 83.473259
v 0.012404 -133.613129 83.542259
v 0.012404 -133.111694 82.547127
v -0.442726 -132.733658 82.711540
v -0.442726 -132.733658 82.711540
v 0.012404 -132.288986 82.641838
v 0.012404 -132.288986 82.641838
v -0.594346 -133.154312 68.875793
v -0.856215 -132.879654 68.875793
v 0.012404 -132.676636 83.603111
v 0.012404 -133.636566 83.628479
v -0.679655 -133.208313 83.822868
v -0.285523 -133.536453 83.667122
v 0.012404 -133.613129 83.542259
v 0.012404 -133.422791 83.322845
v -0.246199 -133.516525 83.574463
v -0.679655 -133.208313 83.822868
v 0.012404 -132.676636 83.603111
v -1.917587 -132.678238 82.536079
v -1.582998 -132.678253 82.516953
vn -0.0207 -0.7165 -0.6973
vn -0.0255 0.4064 -0.9133
vn 0.0683 0.6544 -0.7530
vn 0.0512 -0.6648 -0.7453
vn -0.1115 0.7019 -0.7035
vn -0.1555 -0.7151 -0.6815
vn 0.0472 0.9698 0.2394
vn 0.0518 0.9233 0.3806
vn -0.0312 0.8305 0.5561
vn -0.0001 -0.0580 0.9983
vn 0.0606 -0.0828 0.9947
vn -0.0238 -0.7149 -0.6988
vn -0.0640 -0.8396 0.5394
vn 0.0233 -0.9588 0.2831
vn -0.0001 -0.0581 0.9983
vn -0.0115 -0.8846 0.4663
vn 0.1045 -0.8851 0.4535
vn 0.0490 -0.7943 -0.6056
vn 0.1574 -0.8370 0.5241
vn 0.0418 -0.7795 0.6250
vn 0.0899 0.0816 0.9926
vn 0.1888 0.0760 0.9791
vn 0.2012 0.0172 0.9794
vn 0.0137 0.7476 -0.6640
vn 0.1449 0.7695 -0.6219
vn 0.3050 -0.7575 -0.5772
vn 0.0124 -0.7983 0.6022
vn 0.0300 0.7354 0.6770
vn 0.1404 0.8973 0.4186
vn 0.2012 0.0173 0.9794
vn 0.1889 0.0761 0.9791
vn -0.0079 0.9899 0.1419
vn 0.6213 0.6579 -0.4257
vn 0.7451 -0.6489 -0.1545
vn 0.1109 0.7805 0.6153
vn 0.0129 -0.0413 0.9991
vn 0.0187 -0.0621 0.9979
vn 0.0393 0.9860 0.1620
vn -0.0206 0.9945 -0.1031
vn -0.6581 0.7515 0.0467
vn 0.5405 0.8413 -0.0098
vn 0.5989 0.7992 0.0513
vn -0.6142 0.7848 0.0826
vn 0.5776 0.8144 -0.0562
vn -0.6432 0.7654 -0.0186
vn 0.9292 -0.3643 -0.0629
vn 0.9067 -0.4114 -0.0934
vn 0.9319 -0.3599 -0.0451
vn -0.9159 -0.3950 -0.0722
vn -0.9221 -0.3855 -0.0344
vn 0.0129 -0.9934 -0.1143
vn 0.0202 -0.9888 -0.1481
vn 0.9292 -0.3642 -0.0629
vn 0.0090 -0.9930 -0.1175
vn 0.9067 -0.4113 -0.0933
vn -0.9071 -0.4178 -0.0508
vn 0.0748 -0.9950 -0.0661
vn -0.5270 -0.5581 -0.6409
vn 0.9194 -0.3915 -0.0375
vn -0.5005 0.6828 -0.5322
vn -0.0000 -0.6392 -0.7690
vn -0.0000 0.2789 -0.9603
vn 0.9489 -0.3090 -0.0648
vn -0.0413 -0.9983 -0.0408
vn -0.9262 -0.3765 -0.0197
vn -0.0250 -0.9996 0.0114
vn -0.9950 -0.0997 -0.0033
vn -0.0249 -0.9996 0.0115
vn 0.7460 0.6550 -0.1201
vn 0.7460 0.6551 -0.1201
vn 0.9194 -0.3914 -0.0375
vn 0.8248 -0.5653 0.0116
vn 0.4632 -0.8745 -0.1438
vn 0.9380 -0.3454 0.0288
vn -0.0000 -0.9994 -0.0357
vn -0.0000 -0.9489 -0.3156
vn 0.8721 0.4870 0.0470
vn 0.8568 0.4909 0.1581
vn 0.2500 0.9487 0.1934
vn 0.2160 0.9709 0.1033
vn -0.0000 0.9986 0.0535
vn -0.0000 0.9997 0.0243
vn -0.0000 0.9962 -0.0874
vn -0.3488 0.8709 -0.3462
vn 0.1281 0.9719 -0.1977
vn -0.5004 0.6826 -0.5326
vn -0.0000 0.2788 -0.9604
vn 0.9046 0.4169 0.0894
vn -0.0000 0.9822 -0.1880
vn 0.8165 0.5309 -0.2269
vn 0.6213 0.6579 -0.4256
vn 0.0001 0.9997 -0.0245
vn 0.2083 0.7123 0.6703
vn 0.0188 -0.0621 0.9979
vn 0.2018 -0.1235 0.9716
vn 0.5848 -0.1700 0.7931
vn -0.0000 0.8650 0.5019
vn 0.8616 -0.4983 -0.0966
vn 0.7450 -0.6489 -0.1545
vn 0.4752 -0.8799 -0.0013
vn 0.4556 -0.8692 0.1920
vn 0.0001 -0.9450 0.3271
vn 0.1917 -0.6954 0.6926
vn -0.0000 -0.8719 0.4896
vn 0.5848 -0.1699 0.7932
vn 0.2018 -0.1236 0.9716
vn 0.0124 -0.7983 0.6021
vn 0.0187 -0.0622 0.9979
vn 0.3049 -0.7575 -0.5773
vn -0.0000 -0.9975 0.0711
vn -0.4408 -0.7146 -0.5433
vn -0.1428 0.6660 -0.7322
vn 0.0664 0.2244 -0.9722
vn -0.2909 0.4654 -0.8359
vn 0.2663 0.6342 -0.7258
vn 0.5293 0.4611 -0.7122
vn 0.7577 0.2611 0.5981
vn 0.3919 -0.9200 -0.0021
vn -0.0710 -0.1191 -0.9903
vn 0.0048 0.6478 -0.7618
vn 0.0565 -0.1729 -0.9833
vn 0.0364 -0.8601 -0.5089
vn 0.0372 0.9298 -0.3662
vn 0.1574 0.3023 0.9401
vn 0.2300 0.9586 -0.1679
vn 0.3412 0.3901 0.8552
vn 0.7614 0.1076 -0.6393
vn 0.8707 -0.4075 0.2752
vn -0.8262 -0.1853 -0.5320
vn -0.4532 -0.8363 -0.3085
vn -0.7808 -0.1605 -0.6038
vn -0.5755 -0.6788 -0.4561
vn 0.5409 0.1107 -0.8338
vn 0.3291 0.5226 -0.7865
vn -0.6583 0.4081 -0.6326
vn 0.5062 -0.4561 -0.7319
vn -0.2582 0.7436 -0.6168
vn 0.5537 0.7935 0.2526
vn -0.6583 0.4080 -0.6326
vn 0.9119 0.1643 0.3761
vn 0.7131 -0.6401 0.2860
vn 0.3472 0.1581 0.9244
vn 0.2479 -0.0155 0.9687
vn -0.0382 -0.0074 0.9992
vn -0.1313 0.8359 0.5330
vn 0.0834 0.8229 0.5620
vn -0.2582 0.7435 -0.6168
vn -0.5756 -0.6787 -0.4561
vn -0.1428 0.6659 -0.7322
vn -0.0002 -0.0580 0.9983
vn -0.1279 -0.8683 0.4793
vn 0.2478 -0.0155 0.9687
vn 0.1066 -0.6639 0.7402
vn 0.3918 -0.9201 -0.0020
vn -0.4408 -0.7146 -0.5432
vn -0.0846 -0.9894 0.1179
vn -0.2199 -0.3368 -0.9156
vn -0.5528 -0.4068 -0.7272
vn 0.2663 0.6342 -0.7259
vn 0.7577 0.2611 0.5980
vn 0.0964 -0.9590 0.2667
vn -0.0475 -0.2948 -0.9544
vn 0.8707 -0.4075 0.2753
vn 0.2299 0.9586 -0.1678
vn 0.3413 0.3901 0.8552
vn 0.1573 0.3024 0.9401
vn -0.1555 -0.7151 -0.6816
vn 0.5824 0.6226 0.5227
vn 0.5984 -0.6225 0.5044
vn 0.6294 -0.5263 -0.5717
vn 0.6350 0.5145 -0.5763
vn -0.4564 -0.6399 -0.6182
vn -0.3260 -0.8379 -0.4377
vn -0.5050 0.6148 -0.6058
vn -0.4123 0.8067 -0.4234
vn 0.0565 -0.1728 -0.9833
vn -0.2581 0.7436 -0.6168
vn 0.5537 0.7935 0.2525
vn -0.6582 0.4080 -0.6326
vn -0.2581 0.7435 -0.6169
vn 0.6350 0.5144 -0.5763
vn 0.6295 -0.5263 -0.5717
vn -0.4122 0.8067 -0.4235
vn 0.0048 0.6479 -0.7617
vn -0.1115 0.7019 -0.7034
vn -0.4407 -0.7146 -0.5432
vn 0.9936 -0.0970 -0.0580
vn -0.0205 0.9945 -0.1031
vn 0.9488 -0.3090 -0.0648
vn 0.9707 0.0618 0.2320
vn -0.0073 0.9718 0.2357
vn -0.0146 -0.5522 0.8336
vn -0.0250 -0.9996 0.0115
vn 0.7029 0.4519 -0.5492
vn -0.0227 0.8451 -0.5341
vn 0.7602 -0.5759 -0.3009
vn 0.3118 -0.3877 0.8675
vn -0.0509 -0.5387 0.8410
vn -0.1106 -0.9868 -0.1181
vn -0.9677 0.0694 0.2422
vn -0.0249 -0.9996 0.0114
vn -0.7060 0.4350 -0.5589
vn -0.4635 -0.3405 0.8181
vn -0.7877 -0.5043 -0.3540
vn -0.0226 0.8451 -0.5342
vn 0.7602 -0.5758 -0.3009
vn -0.7876 -0.5043 -0.3540
vn 0.5204 -0.8431 -0.1356
vn 0.3902 -0.3321 -0.8588
vn 0.8660 -0.3393 -0.3673
vn 0.4696 -0.8810 -0.0579
vn 0.0001 -0.9060 -0.4233
vn -0.0000 -0.2956 -0.9553
vn -0.0000 -0.9721 -0.2347
vn -0.0001 -0.9207 -0.3902
vn 0.7290 -0.6804 -0.0754
vn 0.9295 -0.3665 0.0422
vn 0.3696 -0.9278 0.0501
vn -0.0001 -0.9486 0.3164
vn -0.0000 -0.9958 -0.0920
vn 0.3630 -0.9175 -0.1626
vn 0.4282 -0.9022 -0.0520
vn -0.0000 -0.9968 -0.0794
vn -0.0000 -0.9670 0.2547
vn 0.3939 -0.8925 0.2199
vn -0.0000 -0.6636 0.7481
vn 0.7030 -0.5379 0.4653
vn 0.7993 0.2380 0.5517
vn 0.9929 0.1153 0.0301
vn 0.9537 0.0578 -0.2953
vn 0.6052 -0.4003 -0.6881
vn 0.9124 0.1030 -0.3960
vn -0.0000 -0.5389 -0.8424
vn 0.7735 0.6333 0.0229
vn -0.0000 0.9397 0.3419
vn -0.0000 0.9230 -0.3848
vn 0.8148 0.4648 -0.3465
vn -0.0000 0.9164 -0.4002
vn -0.0000 0.8650 0.5018
vn 0.0980 -0.6530 0.7510
vn -0.0000 -0.6883 -0.7254
vn -0.0000 -0.8719 0.4897
vn 0.9125 0.1029 -0.3960
vn 0.5849 -0.1700 0.7931
vn -0.0000 -0.9995 0.0322
vn -0.0000 -0.3630 0.9318
vn 0.5849 -0.1699 0.7931
vn -0.0000 0.8649 0.5019
vn 0.9124 0.1029 -0.3961
vn -0.9124 0.1030 -0.3960
vn -0.8148 0.4648 -0.3465
vn -0.0000 0.9164 -0.4003
vn -0.9537 0.0578 -0.2953
vn -0.6052 -0.4003 -0.6881
vn -0.8660 -0.3393 -0.3673
vn -0.9929 0.1153 0.0301
vn -0.9295 -0.3665 0.0422
vn -0.7290 -0.6804 -0.0754
vn -0.5204 -0.8431 -0.1356
vn -0.3901 -0.3321 -0.8588
vn -0.4696 -0.8810 -0.0579
vn -0.0001 -0.9060 -0.4233
vn 0.0001 -0.9208 -0.3901
vn -0.3696 -0.9278 0.0501
vn -0.0000 -0.9486 0.3164
vn -0.0000 -0.9958 -0.0921
vn -0.3630 -0.9175 -0.1626
vn -0.4282 -0.9022 -0.0520
vn -0.3939 -0.8925 0.2199
vn -0.7030 -0.5379 0.4653
vn -0.7994 0.2380 0.5517
vn -0.7735 0.6333 0.0229
vn -0.0000 0.9230 -0.3849
vn -0.2775 -0.6404 0.7162
vn -0.4654 -0.0145 0.8850
vn -0.7993 0.2380 0.5518
vn -0.0000 0.5765 0.8171
vn -0.0000 -0.1608 0.9870
vn -0.0000 0.5766 0.8171
vn 0.7993 0.2380 0.5518
vn -0.0001 0.9397 0.3419
vn 0.4654 -0.0144 0.8850
vn 0.2775 -0.6404 0.7162
vn -0.0000 -0.1609 0.9870
vn -0.0000 -0.9208 -0.3901
vn -0.0000 -0.9693 0.2460
vn -0.4696 -0.8810 -0.0580
vn 0.9936 -0.0970 -0.0581
vn -0.0000 -0.9997 -0.0252
vn 0.8660 -0.3392 -0.3673
vn 0.3902 -0.3322 -0.8587
vn 0.0001 -0.3630 0.9318
vn 0.0980 -0.6529 0.7510
vn -0.0000 0.2087 0.9780
vn 0.8660 -0.3393 -0.3674
vn -0.0001 -0.9997 -0.0253
vn 0.0129 -0.0414 0.9991
vn 0.0206 -0.7165 -0.6973
vn -0.0512 -0.6648 -0.7453
vn -0.0684 0.6545 -0.7530
vn 0.0255 0.4064 -0.9133
vn 0.1115 0.7020 -0.7034
vn 0.1554 -0.7151 -0.6815
vn -0.0472 0.9698 0.2394
vn -0.0518 0.9233 0.3806
vn 0.0312 0.8305 0.5561
vn 0.0001 -0.0580 0.9983
vn -0.0606 -0.0828 0.9947
vn 0.0238 -0.7149 -0.6988
vn 0.0640 -0.8396 0.5394
vn -0.0233 -0.9588 0.2831
vn 0.0002 -0.0581 0.9983
vn 0.0115 -0.8846 0.4663
vn -0.1045 -0.8851 0.4535
vn -0.0490 -0.7943 -0.6056
vn -0.1574 -0.8370 0.5241
vn -0.0418 -0.7795 0.6250
vn -0.0899 0.0816 0.9926
vn -0.1888 0.0761 0.9791
vn -0.2012 0.0172 0.9794
vn -0.0138 0.7477 -0.6639
vn -0.1449 0.7695 -0.6219
vn -0.3050 -0.7575 -0.5772
vn -0.0124 -0.7983 0.6021
vn -0.0300 0.7354 0.6770
vn -0.1404 0.8972 0.4186
vn -0.1889 0.0761 0.9790
vn 0.0079 0.9899 0.1419
vn -0.6213 0.6579 -0.4257
vn -0.7450 -0.6489 -0.1545
vn -0.1108 0.7805 0.6153
vn -0.0129 -0.0413 0.9991
vn -0.0187 -0.0621 0.9979
vn -0.0393 0.9860 0.1620
vn 0.0206 0.9945 -0.1031
vn -0.5405 0.8413 -0.0098
vn 0.6581 0.7515 0.0467
vn -0.5989 0.7992 0.0513
vn 0.6142 0.7848 0.0826
vn -0.5787 0.8139 -0.0515
vn 0.6432 0.7654 -0.0186
vn -0.9292 -0.3642 -0.0629
vn -0.9073 -0.4103 -0.0921
vn -0.9319 -0.3600 -0.0451
vn 0.9158 -0.3950 -0.0722
vn 0.9221 -0.3855 -0.0343
vn -0.0129 -0.9934 -0.1143
vn -0.0202 -0.9888 -0.1481
vn -0.9319 -0.3599 -0.0452
vn -0.0090 -0.9930 -0.1174
vn -0.9073 -0.4103 -0.0920
vn 0.9071 -0.4178 -0.0508
vn -0.0791 -0.9950 -0.0610
vn 0.5270 -0.5581 -0.6409
vn -0.9190 -0.3927 -0.0351
vn 0.4751 0.6905 -0.5455
vn -0.9489 -0.3090 -0.0648
vn 0.0413 -0.9983 -0.0408
vn 0.9262 -0.3765 -0.0197
vn 0.0250 -0.9996 0.0114
vn 0.9950 -0.0997 -0.0033
vn 0.0249 -0.9996 0.0114
vn -0.0000 -0.6392 -0.7691
vn -0.7847 0.6061 -0.1301
vn -0.9073 -0.4102 -0.0921
vn -0.9190 -0.3926 -0.0351
vn -0.8248 -0.5653 0.0116
vn -0.9359 -0.3513 0.0240
vn -0.4613 -0.8752 -0.1456
vn -0.8721 0.4870 0.0470
vn -0.8543 0.4923 0.1670
vn -0.0790 -0.9950 -0.0610
vn -0.8987 0.4321 0.0746
vn -0.2246 0.9701 0.0923
vn -0.7846 0.6061 -0.1301
vn -0.2500 0.9487 0.1934
vn 0.3489 0.8709 -0.3462
vn -0.2186 0.9527 -0.2111
vn 0.4750 0.6905 -0.5455
vn -0.7847 0.6060 -0.1302
vn -0.0000 0.2788 -0.9603
vn -0.8165 0.5309 -0.2268
vn -0.0000 0.9997 -0.0245
vn -0.2083 0.7123 0.6703
vn -0.1109 0.7805 0.6153
vn -0.2018 -0.1235 0.9716
vn -0.5848 -0.1700 0.7931
vn -0.8616 -0.4983 -0.0966
vn -0.7450 -0.6489 -0.1544
vn -0.4749 -0.8800 -0.0010
vn -0.4559 -0.8691 0.1918
vn -0.0001 -0.9450 0.3271
vn -0.1916 -0.6954 0.6926
vn -0.5849 -0.1699 0.7931
vn -0.2018 -0.1236 0.9716
vn -0.0188 -0.0622 0.9979
vn -0.3050 -0.7575 -0.5773
vn 0.4407 -0.7146 -0.5433
vn -0.0664 0.2244 -0.9722
vn 0.1427 0.6660 -0.7322
vn 0.2909 0.4655 -0.8359
vn -0.2663 0.6342 -0.7258
vn -0.5293 0.4611 -0.7122
vn -0.7577 0.2611 0.5981
vn -0.3918 -0.9200 -0.0020
vn 0.0710 -0.1191 -0.9903
vn -0.0048 0.6478 -0.7618
vn -0.0565 -0.1729 -0.9833
vn -0.0364 -0.8601 -0.5089
vn -0.0373 0.9298 -0.3662
vn -0.1574 0.3024 0.9401
vn -0.2299 0.9586 -0.1678
vn -0.3412 0.3901 0.8552
vn -0.7614 0.1076 -0.6393
vn -0.8707 -0.4075 0.2752
vn 0.8262 -0.1853 -0.5320
vn 0.4532 -0.8363 -0.3085
vn 0.7808 -0.1605 -0.6038
vn 0.5755 -0.6788 -0.4562
vn -0.5409 0.1107 -0.8338
vn -0.3291 0.5226 -0.7865
vn 0.6582 0.4081 -0.6327
vn -0.5062 -0.4561 -0.7320
vn 0.2582 0.7436 -0.6168
vn -0.5537 0.7935 0.2525
vn 0.6582 0.4080 -0.6326
vn -0.9119 0.1643 0.3761
vn -0.7131 -0.6401 0.2860
vn -0.3472 0.1581 0.9244
vn -0.2479 -0.0155 0.9687
vn 0.0382 -0.0074 0.9992
vn 0.1312 0.8359 0.5330
vn -0.0834 0.8229 0.5620
vn 0.2581 0.7436 -0.6169
vn 0.5756 -0.6787 -0.4562
vn -0.2478 -0.0155 0.9687
vn 0.1427 0.6659 -0.7322
vn 0.1279 -0.8683 0.4793
vn -0.1066 -0.6639 0.7401
vn -0.3918 -0.9201 -0.0020
vn 0.4408 -0.7146 -0.5432
vn 0.0847 -0.9894 0.1179
vn 0.2199 -0.3368 -0.9156
vn 0.5528 -0.4068 -0.7272
vn 0.2909 0.4654 -0.8359
vn -0.2663 0.6342 -0.7259
vn -0.7577 0.2612 0.5981
vn -0.0963 -0.9590 0.2667
vn 0.0475 -0.2948 -0.9544
vn -0.8707 -0.4076 0.2752
vn -0.2300 0.9586 -0.1678
vn -0.3412 0.3902 0.8552
vn -0.1573 0.3024 0.9401
vn 0.1555 -0.7151 -0.6816
vn -0.5823 0.6226 0.5228
vn -0.6295 -0.5263 -0.5717
vn -0.5983 -0.6225 0.5044
vn -0.6350 0.5145 -0.5763
vn 0.4564 -0.6399 -0.6183
vn 0.3261 -0.8379 -0.4377
vn 0.5051 0.6148 -0.6057
vn 0.4123 0.8067 -0.4235
vn 0.2581 0.7436 -0.6168
vn 0.6582 0.4081 -0.6326
vn -0.5537 0.7935 0.2526
vn 0.4564 -0.6399 -0.6182
vn -0.6294 -0.5263 -0.5717
vn 0.4123 0.8067 -0.4234
vn -0.0048 0.6479 -0.7617
vn 0.0313 0.8305 0.5561
vn 0.1428 0.6659 -0.7322
vn 0.1116 0.7020 -0.7034
vn 0.1555 -0.7151 -0.6815
vn -0.9936 -0.0970 -0.0581
vn 0.0205 0.9945 -0.1031
vn -0.9488 -0.3090 -0.0648
vn 0.0073 0.9718 0.2356
vn -0.9707 0.0618 0.2321
vn -0.9936 -0.0970 -0.0580
vn 0.0146 -0.5522 0.8336
vn -0.7029 0.4519 -0.5493
vn 0.0226 0.8451 -0.5342
vn -0.7602 -0.5759 -0.3009
vn -0.3118 -0.3877 0.8675
vn 0.0509 -0.5386 0.8410
vn 0.1106 -0.9868 -0.1181
vn 0.9677 0.0694 0.2422
vn 0.0073 0.9718 0.2357
vn 0.7060 0.4350 -0.5589
vn 0.4635 -0.3405 0.8181
vn 0.7877 -0.5043 -0.3540
vn 0.7061 0.4349 -0.5589
vn -0.7601 -0.5759 -0.3009
vn 0.7876 -0.5043 -0.3540
vn -0.7029 0.4519 -0.5492
vn -0.0980 -0.6530 0.7510
vn -0.0000 -0.5389 -0.8423
vn -0.9125 0.1029 -0.3960
vn -0.5849 -0.1700 0.7931
vn -0.9124 0.1029 -0.3961
vn -0.0000 -0.2955 -0.9553
vn -0.8660 -0.3394 -0.3674
vn -0.3902 -0.3322 -0.8587
vn -0.0000 0.2088 0.9780
vn -0.0980 -0.6529 0.7510
vn -0.0129 -0.0414 0.9991
vn -0.0187 -0.0622 0.9979
vt 0.730382 0.103619
vt 0.705649 0.144477
vt 0.906050 0.162418
vt 0.907543 0.101904
vt 0.999984 0.166941
vt 1.001061 0.095946
vt 0.733494 0.205318
vt 0.838940 0.209383
vt 0.991053 0.210366
vt 0.981648 0.252295
vt 0.840260 0.252371
vt 0.689743 0.104698
vt 0.991405 0.052870
vt 0.810174 0.064464
vt 0.981657 0.011468
vt 0.840250 0.011429
vt 0.734207 0.056759
vt 0.693123 0.056174
vt 0.518060 0.096757
vt 0.575201 0.047645
vt 0.473165 0.043970
vt 0.716055 0.011396
vt 0.597290 0.011359
vt 0.510869 0.011322
vt 0.522475 0.164896
vt 0.485011 0.157654
vt 0.479927 0.107408
vt 0.445175 0.049232
vt 0.473366 0.225391
vt 0.579352 0.211659
vt 0.510849 0.252622
vt 0.597275 0.252464
vt 0.688056 0.203710
vt 0.716059 0.252303
vt 0.459430 0.138427
vt 0.448360 0.105872
vt 0.445220 0.217118
vt 0.468555 0.252667
vt 0.435264 0.252667
vt 0.710772 0.204691
vt 0.809314 0.993189
vt 0.844593 0.748486
vt 0.799681 0.766537
vt 0.795370 0.616810
vt 0.844460 0.624653
vt 0.796731 0.566457
vt 0.846052 0.573862
vt 0.737687 0.589384
vt 0.737679 0.566887
vt 0.737691 0.611583
vt 0.903594 0.595045
vt 0.902086 0.622902
vt 0.947494 0.615460
vt 0.947980 0.591500
vt 0.993009 0.611673
vt 0.993010 0.589483
vt 0.948583 0.568105
vt 0.993012 0.566905
vt 0.904969 0.574145
vt 0.939443 0.344499
vt 0.898532 0.361084
vt 0.993076 0.320695
vt 0.854260 0.365264
vt 0.915162 0.347050
vt 0.854851 0.350073
vt 0.993004 0.780156
vt 0.944441 0.769131
vt 0.900724 0.759988
vt 0.936461 0.995025
vt 0.880074 0.997653
vt 0.789589 0.353336
vt 0.737576 0.320774
vt 0.459999 0.699940
vt 0.421847 0.911548
vt 0.493482 0.874305
vt 0.334346 0.703269
vt 0.334346 0.906337
vt 0.574509 0.696105
vt 0.570429 0.874521
vt 0.490508 0.948126
vt 0.334346 0.965522
vt 0.365140 0.975937
vt 0.420117 0.965795
vt 0.650541 0.838561
vt 0.643075 0.892767
vt 0.726515 0.817051
vt 0.726515 0.703484
vt 0.726515 0.932364
vt 0.709975 0.959389
vt 0.635989 0.948441
vt 0.695226 0.983366
vt 0.579503 0.979625
vt 0.726515 0.978941
vt 0.572418 0.925007
vt 0.726515 0.610225
vt 0.575486 0.609180
vt 0.574131 0.447552
vt 0.726515 0.445670
vt 0.628909 0.318546
vt 0.561909 0.331279
vt 0.561667 0.289065
vt 0.629838 0.284131
vt 0.681244 0.268659
vt 0.726515 0.308737
vt 0.465542 0.609718
vt 0.497836 0.448231
vt 0.389955 0.608312
vt 0.424485 0.456931
vt 0.334346 0.436815
vt 0.434410 0.332167
vt 0.334346 0.318454
vt 0.382074 0.269755
vt 0.433481 0.285227
vt 0.501409 0.332846
vt 0.501652 0.290161
vt 0.532354 0.423067
vt 0.334346 0.607952
vt 0.079805 0.232283
vt 0.164710 0.210607
vt 0.122523 0.194649
vt 0.082536 0.195321
vt 0.065738 0.163787
vt 0.098907 0.148763
vt 0.061632 0.142152
vt 0.067395 0.121429
vt 0.123677 0.114515
vt 0.175785 0.114562
vt 0.094627 0.115280
vt 0.071940 0.113520
vt 0.035702 0.148111
vt 0.041923 0.132093
vt 0.020229 0.138299
vt 0.026355 0.125859
vt 0.005702 0.131286
vt 0.011940 0.118620
vt 0.124248 0.087244
vt 0.097369 0.085301
vt 0.124231 0.055219
vt 0.098622 0.055224
vt 0.124118 0.033753
vt 0.158367 0.040381
vt 0.164154 0.054336
vt 0.099739 0.035139
vt 0.171577 0.088395
vt 0.192231 0.080816
vt 0.172887 0.036601
vt 0.229659 0.051083
vt 0.207206 0.014433
vt 0.253565 0.037615
vt 0.259273 0.099604
vt 0.295568 0.088781
vt 0.225257 0.005464
vt 0.257519 0.214069
vt 0.210893 0.208562
vt 0.203087 0.112287
vt 0.256732 0.004405
vt 0.275505 0.029551
vt 0.296663 0.056271
vt 0.254448 0.243670
vt 0.287294 0.248875
vt 0.299549 0.220380
vt 0.323300 0.104611
vt 0.343328 0.116239
vt 0.349575 0.166371
vt 0.341191 0.234380
vt 0.379236 0.180734
vt 0.393815 0.198439
vt 0.369935 0.227020
vt 0.383913 0.245331
vt 0.408148 0.211617
vt 0.372524 0.153454
vt 0.406401 0.154959
vt 0.418570 0.170953
vt 0.432503 0.130104
vt 0.445823 0.142555
vt 0.433494 0.180403
vt 0.448844 0.163198
vt 0.412154 0.127150
vt 0.395815 0.139939
vt 0.325332 0.261049
vt 0.344700 0.051550
vt 0.359289 0.070966
vt 0.389947 0.045029
vt 0.374202 0.026325
vt 0.391323 0.064504
vt 0.369359 0.086828
vt 0.352694 0.023153
vt 0.330809 0.036634
vt 0.068269 0.054545
vt 0.088448 0.054365
vt 0.085147 0.033440
vt 0.068311 0.035581
vt 0.069129 0.082960
vt 0.091835 0.081384
vt 0.214759 0.239928
vt 0.170727 0.242683
vt 0.094294 0.262400
vt 0.737783 0.987757
vt 0.737708 0.780107
vt 0.274783 0.263290
vt 0.251897 0.284556
vt 0.265085 0.304716
vt 0.290410 0.280108
vt 0.230808 0.322133
vt 0.234686 0.293532
vt 0.317161 0.315098
vt 0.326877 0.296848
vt 0.247112 0.446506
vt 0.230894 0.421947
vt 0.204488 0.436013
vt 0.200804 0.450038
vt 0.202857 0.296193
vt 0.220949 0.280878
vt 0.186739 0.265822
vt 0.206200 0.254811
vt 0.152216 0.291162
vt 0.194174 0.426648
vt 0.177297 0.438725
vt 0.148125 0.271043
vt 0.109679 0.437051
vt 0.158639 0.453515
vt 0.110675 0.292890
vt 0.130164 0.279394
vt 0.048936 0.787641
vt 0.037433 0.823986
vt 0.095670 0.805101
vt 0.018334 0.795488
vt 0.001309 0.823986
vt 0.001309 0.828672
vt 0.001309 0.805245
vt 0.001309 0.793266
vt 0.072476 0.756292
vt 0.104842 0.722758
vt 0.009703 0.762035
vt 0.001309 0.770446
vt 0.001309 0.745864
vt 0.041600 0.754625
vt 0.045013 0.731461
vt 0.001309 0.728107
vt 0.001309 0.706350
vt 0.045012 0.704329
vt 0.000634 0.640415
vt 0.080537 0.664700
vt 0.172489 0.654188
vt 0.168984 0.731210
vt 0.146949 0.810560
vt 0.044855 0.876465
vt 0.134665 0.883862
vt 0.053879 0.921862
vt 0.230813 0.753236
vt 0.327296 0.709405
vt 0.289853 0.844016
vt 0.198004 0.819694
vt 0.222406 0.906637
vt 0.208321 0.985394
vt 0.032665 0.835220
vt 0.001309 0.884699
vt 0.068912 0.997425
vt 0.136690 0.961832
vt 0.001309 0.847491
vt 0.001309 0.839125
vt 0.041894 0.649915
vt 0.070649 0.583980
vt 0.103642 0.580263
vt 0.049090 0.502723
vt 0.103028 0.449168
vt 0.013527 0.576938
vt 0.001309 0.788851
vt 0.992969 0.987765
vt 0.232379 0.916718
vt 0.282941 0.969753
vt 0.311768 0.908112
vt 0.306313 0.933309
vt 0.220304 0.994415
vt 0.243005 0.989735
vt 0.222758 0.978624
vt 0.468563 0.011307
vt 0.435273 0.011298
s 1
usemtl enemy_tonnel
f 1/1/1 2/2/2 3/3/3
f 1/1/1 3/3/3 4/4/4
f 4/4/4 3/3/3 5/5/5
f 4/4/4 5/5/5 6/6/6
f 3/3/3 2/2/2 7/7/7
f 3/3/3 7/7/7 8/8/8
f 5/5/5 3/3/3 8/8/8
f 5/5/5 8/8/8 9/9/9
f 10/10/10 9/9/9 8/8/8
f 10/10/10 8/8/8 11/11/11
f 11/11/11 8/8/8 7/7/7
f 1/1/1 12/12/12 2/2/2
f 4/4/4 6/6/6 13/13/13
f 14/14/14 4/4/4 13/13/13
f 1/1/1 4/4/4 14/14/14
f 14/14/14 13/13/13 15/15/15
f 14/14/14 15/15/15 16/16/11
f 16/16/11 17/17/16 14/14/14
f 1/1/1 14/14/14 17/17/16
f 18/18/17 12/12/12 1/1/1
f 18/18/17 1/1/1 17/17/16
f 18/18/17 19/19/18 12/12/12
f 18/18/17 20/20/19 19/19/18
f 20/20/19 21/21/20 19/19/18
f 22/22/21 20/20/19 18/18/17
f 16/16/11 22/22/21 17/17/16
f 18/18/17 17/17/16 22/22/21
f 22/22/21 23/23/22 20/20/19
f 24/24/23 21/21/20 20/20/19
f 24/24/23 20/20/19 23/23/22
f 25/25/24 12/12/12 19/19/18
f 26/26/25 25/25/24 19/19/18
f 26/26/25 19/19/18 27/27/26
f 19/19/18 21/21/20 27/27/26
f 21/21/20 28/28/27 27/27/26
f 29/29/28 25/25/24 26/26/25
f 29/29/28 30/30/29 25/25/24
f 30/30/29 29/29/28 31/31/30
f 30/30/29 31/31/30 32/32/31
f 33/33/32 30/30/29 32/32/31
f 33/33/32 32/32/31 34/34/21
f 27/27/26 35/35/33 26/26/25
f 27/27/26 36/36/34 35/35/33
f 35/35/33 37/37/35 26/26/25
f 37/37/35 29/29/28 26/26/25
f 37/37/35 38/38/36 29/29/28
f 31/31/30 29/29/28 38/38/36
f 37/37/35 39/39/37 38/38/36
f 30/30/29 33/33/32 2/2/2
f 30/30/29 2/2/2 25/25/24
f 25/25/24 2/2/2 12/12/12
f 2/2/2 33/33/32 40/40/38
f 40/40/38 33/33/32 34/34/21
f 7/7/7 40/40/38 34/34/21
f 7/7/7 2/2/2 40/40/38
f 11/11/11 7/7/7 34/34/21
f 41/41/39 42/42/40 43/43/41
f 42/42/40 44/44/42 43/43/41
f 42/42/40 45/45/43 44/44/42
f 45/45/43 46/46/44 44/44/42
f 45/45/43 47/47/45 46/46/44
f 48/48/46 44/44/42 46/46/44
f 49/49/47 48/48/46 46/46/44
f 48/48/46 50/50/48 44/44/42
f 43/43/41 44/44/42 50/50/48
f 51/51/49 47/47/45 45/45/43
f 52/52/50 51/51/49 45/45/43
f 52/52/50 45/45/43 42/42/40
f 51/51/49 52/52/50 53/53/51
f 51/51/49 53/53/51 54/54/52
f 54/54/52 53/53/51 55/55/48
f 54/54/52 55/55/48 56/56/53
f 57/57/54 54/54/52 56/56/53
f 57/57/54 56/56/53 58/58/55
f 59/59/56 51/51/49 54/54/52
f 59/59/56 54/54/52 57/57/54
f 51/51/49 59/59/56 47/47/45
f 59/59/56 57/57/54 60/60/57
f 60/60/57 57/57/54 58/58/55
f 59/59/56 60/60/57 61/61/58
f 47/47/45 59/59/56 61/61/58
f 60/60/57 58/58/55 62/62/59
f 47/47/45 61/61/58 63/63/60
f 64/64/61 63/63/60 61/61/58
f 64/64/61 65/65/62 63/63/60
f 53/53/51 66/66/63 55/55/48
f 53/53/51 67/67/64 66/66/63
f 53/53/51 52/52/50 68/68/65
f 53/53/51 68/68/65 67/67/64
f 69/69/66 66/66/63 67/67/64
f 68/68/65 69/69/66 67/67/64
f 52/52/50 42/42/40 68/68/65
f 42/42/40 70/70/67 68/68/65
f 42/42/40 71/41/39 70/70/67
f 68/68/65 70/70/67 72/69/68
f 63/63/60 73/71/69 46/46/44
f 63/63/60 46/46/44 47/47/45
f 74/71/69 49/49/47 46/46/44
f 75/71/70 76/72/71 49/49/55
f 77/73/72 78/74/73 79/75/74
f 77/73/72 80/76/75 78/74/73
f 80/76/75 81/77/76 78/74/73
f 79/75/74 82/78/77 77/73/72
f 79/75/74 83/79/78 82/78/77
f 79/75/74 78/74/73 84/80/59
f 78/74/73 81/77/76 85/81/61
f 78/74/73 85/81/61 86/82/58
f 86/82/58 87/83/57 78/74/73
f 78/74/73 87/83/57 84/80/59
f 82/78/77 83/79/78 88/84/79
f 89/85/80 88/84/79 83/79/78
f 89/85/80 90/86/81 88/84/79
f 91/87/82 88/84/79 90/86/81
f 91/87/82 82/78/77 88/84/79
f 92/88/83 90/86/81 89/85/80
f 92/88/83 89/85/80 93/89/84
f 89/85/80 94/90/85 93/89/84
f 93/89/84 94/90/85 95/91/86
f 94/90/85 89/85/80 96/92/70
f 97/93/62 92/88/83 93/89/84
f 98/93/87 93/89/84 95/91/86
f 89/85/80 83/79/78 99/94/88
f 89/85/80 99/94/88 96/92/70
f 99/94/88 83/79/78 79/75/74
f 99/94/88 79/75/74 84/80/59
f 100/92/70 99/94/88 84/80/59
f 94/90/85 101/92/70 95/91/86
f 91/87/82 102/95/89 103/96/90
f 91/87/82 103/96/90 82/78/77
f 102/95/89 104/97/91 103/96/90
f 102/95/89 105/98/92 104/97/91
f 105/98/92 106/99/93 104/97/91
f 107/100/35 104/97/91 106/99/93
f 106/99/93 108/101/94 107/100/35
f 106/99/93 109/102/95 108/101/94
f 110/103/96 109/102/95 106/99/93
f 106/99/93 111/104/97 110/103/96
f 105/98/92 111/104/97 106/99/93
f 77/73/72 82/78/77 103/96/90
f 77/73/72 103/96/90 112/105/98
f 113/106/99 112/105/98 103/96/90
f 113/106/99 103/96/90 104/97/91
f 113/106/99 114/107/100 112/105/98
f 77/73/72 112/105/98 114/107/100
f 113/106/99 115/108/101 114/107/100
f 115/108/101 116/109/102 114/107/100
f 116/109/102 115/108/101 117/110/103
f 117/110/103 115/108/101 113/106/99
f 116/109/102 117/110/103 118/111/104
f 117/110/103 119/112/105 118/111/104
f 117/110/103 120/113/106 119/112/105
f 120/113/106 117/110/103 121/114/107
f 120/113/106 121/114/107 122/115/108
f 77/73/72 114/107/100 80/76/75
f 117/110/103 113/106/99 123/116/109
f 117/110/103 123/116/109 121/114/107
f 80/76/75 114/107/100 124/117/110
f 114/107/100 116/109/102 124/117/110
f 125/118/111 126/119/112 127/120/113
f 128/121/114 125/118/111 127/120/113
f 127/120/113 129/122/115 128/121/114
f 127/120/113 130/123/116 129/122/115
f 129/122/115 130/123/116 131/124/117
f 130/123/116 132/125/118 131/124/117
f 133/126/119 130/123/116 127/120/113
f 127/120/113 134/127/120 133/126/119
f 130/123/116 133/126/119 135/128/121
f 130/123/116 135/128/121 132/125/118
f 135/128/121 136/129/122 132/125/118
f 137/130/123 129/122/115 131/124/117
f 137/130/123 131/124/117 138/131/124
f 139/132/125 137/130/123 138/131/124
f 139/132/125 138/131/124 140/133/126
f 141/134/127 139/132/125 140/133/126
f 141/134/127 140/133/126 142/135/128
f 135/128/121 133/126/119 143/136/129
f 135/128/121 143/136/129 144/137/130
f 144/137/130 143/136/129 145/138/131
f 144/137/130 145/138/131 146/139/132
f 145/138/131 147/140/133 146/139/132
f 148/141/134 147/140/133 145/138/131
f 149/142/135 148/141/134 145/138/131
f 143/136/129 149/142/135 145/138/131
f 147/140/133 150/143/136 146/139/132
f 143/136/129 151/144/137 149/142/135
f 152/145/138 153/146/134 149/142/139
f 154/147/140 153/146/134 152/145/138
f 154/147/140 155/148/133 153/146/134
f 156/149/141 155/148/133 154/147/140
f 157/150/142 156/149/141 154/147/140
f 154/147/140 152/145/138 157/150/142
f 157/150/142 158/151/143 156/149/141
f 156/149/141 159/152/136 155/148/133
f 158/151/143 157/150/142 160/153/144
f 157/150/142 161/154/145 160/153/144
f 157/150/142 162/155/146 161/154/145
f 152/145/138 162/155/146 157/150/142
f 162/155/146 152/145/138 163/144/147
f 164/127/120 162/155/146 163/144/147
f 161/154/145 162/155/146 164/127/120
f 156/149/141 165/156/148 159/152/136
f 156/149/141 166/157/130 165/156/148
f 167/151/143 166/157/130 156/149/141
f 167/151/143 168/158/121 166/157/130
f 126/119/149 161/154/145 164/127/120
f 161/154/145 169/159/150 160/153/144
f 170/160/13 160/153/144 169/159/150
f 170/160/13 171/161/151 160/153/144
f 172/151/152 160/153/144 171/161/151
f 173/162/153 172/151/152 171/161/151
f 171/161/151 174/163/122 173/162/153
f 171/161/151 175/164/154 174/163/122
f 171/161/151 176/165/155 175/164/154
f 170/160/13 176/165/155 171/161/151
f 177/166/156 175/164/154 176/165/155
f 176/165/155 178/167/157 177/166/156
f 176/165/155 179/168/158 178/167/157
f 180/169/114 179/168/158 176/165/155
f 178/167/157 179/168/158 180/169/114
f 178/167/157 180/169/114 181/170/159
f 177/166/156 182/171/160 175/164/154
f 178/167/157 183/172/161 177/166/156
f 178/167/157 184/173/162 183/172/161
f 181/170/159 184/173/162 178/167/157
f 184/173/162 185/174/163 183/172/161
f 184/173/162 186/175/127 185/174/163
f 181/170/159 187/176/123 184/173/162
f 187/176/123 186/175/127 184/173/162
f 187/176/123 188/177/164 186/175/127
f 189/178/165 183/172/161 185/174/163
f 189/178/165 190/179/166 183/172/161
f 190/179/166 182/171/160 177/166/156
f 190/179/166 177/166/156 183/172/161
f 170/160/13 191/180/167 176/165/155
f 192/181/168 193/182/169 194/183/170
f 192/181/168 194/183/170 195/184/171
f 172/151/152 193/182/169 192/181/168
f 172/151/152 173/162/153 193/182/169
f 193/182/169 196/185/172 194/183/170
f 193/182/169 197/186/173 196/185/172
f 173/162/153 197/186/173 193/182/169
f 173/162/153 174/163/122 197/186/173
f 192/181/168 195/184/171 198/187/174
f 192/181/168 198/187/174 199/188/175
f 200/151/143 192/181/168 199/188/175
f 200/151/143 199/188/175 201/158/176
f 202/144/177 152/145/178 203/142/179
f 133/126/119 134/127/120 151/144/180
f 133/126/119 204/144/137 143/136/129
f 205/189/172 206/190/174 207/191/181
f 205/189/172 207/191/181 208/192/182
f 209/193/173 206/190/174 205/189/172
f 209/193/173 210/194/183 206/190/174
f 135/128/121 210/194/183 209/193/173
f 136/129/122 135/128/121 209/193/173
f 126/119/112 211/127/184 127/120/113
f 161/154/145 212/195/9 169/159/150
f 213/119/112 212/195/9 161/154/145
f 213/119/112 214/196/185 212/195/9
f 215/197/6 214/196/185 213/119/112
f 215/197/6 213/119/112 125/118/186
f 216/198/187 217/41/188 43/43/41
f 216/198/187 43/43/41 218/199/189
f 218/199/189 43/43/41 50/50/48
f 219/200/188 220/201/187 221/202/190
f 219/200/188 221/202/190 222/203/191
f 220/201/187 223/204/192 221/202/190
f 220/201/187 224/205/193 223/204/192
f 221/202/190 225/206/194 222/203/191
f 222/203/191 225/206/194 226/207/195
f 221/202/190 227/208/196 225/206/194
f 221/202/190 223/204/192 228/209/197
f 221/202/190 228/209/197 227/208/196
f 229/210/198 227/208/196 228/209/197
f 223/204/192 229/210/198 228/209/197
f 229/210/198 230/211/199 227/208/196
f 223/204/192 231/212/200 229/210/198
f 232/205/201 231/212/200 223/204/192
f 232/205/201 233/213/67 231/212/200
f 233/213/67 234/214/191 231/212/200
f 233/213/67 235/215/39 234/214/191
f 234/214/191 236/216/202 231/212/200
f 231/212/200 237/217/203 229/210/198
f 237/217/203 231/212/200 238/218/204
f 229/210/198 237/217/203 238/218/204
f 229/210/198 238/218/204 230/211/199
f 231/212/200 236/216/202 238/218/204
f 234/214/191 239/219/205 240/216/202
f 241/220/206 242/221/199 243/218/207
f 244/222/194 241/220/206 243/218/207
f 244/222/194 243/218/207 245/216/202
f 246/223/205 244/222/194 245/216/202
f 247/224/208 248/225/209 249/226/210
f 247/224/208 250/227/211 248/225/209
f 250/227/211 251/228/212 248/225/209
f 252/229/213 248/225/209 251/228/212
f 251/228/212 250/227/211 253/230/214
f 253/230/214 250/227/211 254/231/215
f 249/226/210 255/232/216 247/224/208
f 249/226/210 256/233/217 255/232/216
f 250/227/211 247/224/208 257/234/218
f 258/235/219 250/227/211 257/234/218
f 258/235/219 257/234/218 259/236/220
f 247/224/208 260/237/221 257/234/218
f 247/224/208 255/232/216 260/237/221
f 261/238/222 259/236/220 257/234/218
f 257/234/218 260/237/221 261/238/222
f 260/237/221 255/232/216 261/238/222
f 255/232/216 256/233/217 261/238/222
f 259/236/220 261/238/222 262/239/223
f 262/239/223 261/238/222 263/240/224
f 261/238/222 264/241/225 263/240/224
f 256/233/217 264/241/225 261/238/222
f 263/240/224 264/241/225 265/242/226
f 266/243/227 264/241/225 256/233/217
f 266/243/227 256/233/217 267/244/228
f 256/233/217 268/245/229 267/244/228
f 249/226/210 268/245/229 256/233/217
f 249/226/210 269/246/230 268/245/229
f 270/247/231 269/246/230 249/226/210
f 270/247/231 271/248/232 269/246/230
f 270/247/231 272/249/233 271/248/232
f 268/245/229 273/250/234 267/244/228
f 269/246/230 273/250/234 268/245/229
f 274/251/235 267/244/228 273/250/234
f 274/251/235 273/250/234 275/252/236
f 275/252/236 273/250/234 276/253/237
f 271/248/232 276/253/237 269/246/230
f 269/246/230 276/253/237 273/250/234
f 275/252/236 276/253/237 277/254/238
f 271/248/232 278/254/238 276/253/237
f 279/255/239 278/254/238 271/248/232
f 270/247/231 249/226/210 280/256/240
f 281/257/241 270/247/231 280/256/240
f 270/247/231 281/257/241 282/249/233
f 282/249/233 283/258/242 271/248/243
f 283/258/242 284/259/244 271/248/243
f 285/260/245 281/257/241 280/256/240
f 286/261/246 285/260/245 280/256/240
f 287/259/247 288/255/248 271/248/249
f 289/248/250 290/253/251 278/254/252
f 289/248/250 291/246/253 290/253/251
f 292/247/254 291/246/253 289/248/250
f 292/247/254 289/248/250 293/249/233
f 292/247/254 294/226/255 291/246/253
f 294/226/255 295/245/256 291/246/253
f 294/226/255 296/233/257 295/245/256
f 294/226/255 297/232/258 296/233/257
f 294/226/255 298/224/259 297/232/258
f 298/224/259 294/226/255 299/225/260
f 298/224/259 299/225/260 300/227/261
f 300/227/261 299/225/260 301/228/262
f 302/229/213 301/228/262 299/225/260
f 301/228/262 303/230/214 300/227/261
f 303/230/214 304/231/263 300/227/261
f 300/227/261 305/234/264 298/224/259
f 306/235/265 305/234/264 300/227/261
f 306/235/265 307/236/266 305/234/264
f 298/224/259 305/234/264 308/237/267
f 298/224/259 308/237/267 297/232/258
f 309/238/268 305/234/264 307/236/266
f 305/234/264 309/238/268 308/237/267
f 308/237/267 309/238/268 297/232/258
f 297/232/258 309/238/268 296/233/257
f 307/236/266 310/239/223 309/238/268
f 310/239/223 311/240/224 309/238/268
f 309/238/268 311/240/224 312/241/269
f 296/233/257 309/238/268 312/241/269
f 313/243/270 296/233/257 312/241/269
f 313/243/270 314/244/271 296/233/257
f 296/233/257 314/244/271 295/245/256
f 295/245/256 314/244/271 315/250/272
f 316/251/235 315/250/272 314/244/271
f 316/251/235 317/252/273 315/250/272
f 317/252/273 290/253/251 315/250/272
f 317/252/273 318/254/252 290/253/251
f 291/246/253 295/245/256 315/250/272
f 291/246/253 315/250/272 290/253/251
f 313/243/270 312/241/269 319/262/274
f 319/262/274 320/263/275 313/243/270
f 313/243/270 320/263/275 321/264/276
f 321/264/276 320/263/275 322/265/277
f 322/265/277 323/266/235 321/264/276
f 319/262/274 312/241/269 324/242/226
f 320/263/275 319/262/274 324/242/226
f 311/240/224 324/242/226 312/241/269
f 320/263/275 324/242/226 325/267/278
f 326/265/279 320/263/275 325/267/278
f 327/265/277 328/264/280 323/266/281
f 328/264/280 327/265/277 329/263/282
f 266/243/227 328/264/280 329/263/282
f 330/262/283 266/243/227 329/263/282
f 266/243/227 330/262/283 264/241/225
f 330/262/283 265/242/226 264/241/225
f 329/263/282 265/242/226 330/262/283
f 329/263/282 331/267/284 265/242/226
f 332/265/279 331/267/284 329/263/282
f 333/231/285 250/227/211 334/268/286
f 250/227/211 335/235/265 334/268/286
f 333/231/285 334/268/286 300/227/287
f 300/227/287 334/268/286 335/235/265
f 336/69/66 337/269/288 66/66/189
f 338/270/289 339/271/290 340/272/213
f 339/271/290 341/273/291 340/272/213
f 342/274/292 343/275/293 344/276/294
f 343/275/293 345/271/295 344/276/294
f 346/270/296 344/276/294 345/271/295
f 347/277/297 348/278/37 21/21/20
f 24/24/23 347/277/297 21/21/20
f 348/278/37 28/28/27 21/21/20
f 349/1/298 350/4/299 351/3/300
f 349/1/298 351/3/300 352/2/301
f 350/4/299 353/5/302 351/3/300
f 350/4/299 354/6/303 353/5/302
f 351/3/300 355/7/304 352/2/301
f 351/3/300 356/8/305 355/7/304
f 353/5/302 356/8/305 351/3/300
f 353/5/302 357/9/306 356/8/305
f 358/10/307 356/8/305 357/9/306
f 358/10/307 359/11/308 356/8/305
f 359/11/308 355/7/304 356/8/305
f 349/1/298 352/2/301 360/12/309
f 350/4/299 361/13/310 354/6/303
f 362/14/311 361/13/310 350/4/299
f 349/1/298 362/14/311 350/4/299
f 362/14/311 363/15/312 361/13/310
f 362/14/311 364/16/308 363/15/312
f 364/16/308 362/14/311 365/17/313
f 349/1/298 365/17/313 362/14/311
f 366/18/314 365/17/313 349/1/298
f 366/18/314 349/1/298 360/12/309
f 366/18/314 360/12/309 367/19/315
f 366/18/314 367/19/315 368/20/316
f 368/20/316 367/19/315 369/21/317
f 370/22/318 366/18/314 368/20/316
f 364/16/308 365/17/313 370/22/318
f 366/18/314 370/22/318 365/17/313
f 370/22/318 368/20/316 371/23/319
f 372/24/320 368/20/316 369/21/317
f 372/24/320 371/23/319 368/20/316
f 373/25/321 367/19/315 360/12/309
f 374/26/322 367/19/315 373/25/321
f 374/26/322 375/27/323 367/19/315
f 367/19/315 375/27/323 369/21/317
f 369/21/317 375/27/323 376/28/324
f 377/29/325 374/26/322 373/25/321
f 377/29/325 373/25/321 378/30/326
f 378/30/326 379/31/320 377/29/325
f 378/30/326 380/32/327 379/31/320
f 381/33/328 380/32/327 378/30/326
f 381/33/328 382/34/318 380/32/327
f 375/27/323 374/26/322 383/35/329
f 375/27/323 383/35/329 384/36/330
f 383/35/329 374/26/322 385/37/331
f 385/37/331 374/26/322 377/29/325
f 385/37/331 377/29/325 386/38/332
f 379/31/320 386/38/332 377/29/325
f 385/37/331 386/38/332 387/39/333
f 378/30/326 352/2/301 381/33/328
f 378/30/326 373/25/321 352/2/301
f 373/25/321 360/12/309 352/2/301
f 352/2/301 388/40/334 381/33/328
f 388/40/334 382/34/318 381/33/328
f 355/7/304 382/34/318 388/40/334
f 355/7/304 388/40/334 352/2/301
f 359/11/308 382/34/318 355/7/304
f 389/41/335 390/43/336 391/42/337
f 391/42/337 390/43/336 392/44/338
f 391/42/337 392/44/338 393/45/339
f 393/45/339 392/44/338 394/46/340
f 393/45/339 394/46/340 395/47/341
f 396/48/342 394/46/340 392/44/338
f 397/49/343 394/46/340 396/48/342
f 396/48/342 392/44/338 398/50/344
f 390/43/336 398/50/344 392/44/338
f 399/51/345 393/45/339 395/47/341
f 400/52/346 393/45/339 399/51/345
f 400/52/346 391/42/337 393/45/339
f 399/51/345 401/53/347 400/52/346
f 399/51/345 402/54/348 401/53/347
f 402/54/348 403/55/349 401/53/347
f 402/54/348 404/56/342 403/55/349
f 405/57/350 404/56/342 402/54/348
f 405/57/350 406/58/351 404/56/342
f 407/59/352 405/57/350 402/54/348
f 407/59/352 402/54/348 399/51/345
f 399/51/345 395/47/341 407/59/352
f 407/59/352 408/60/353 405/57/350
f 408/60/353 406/58/351 405/57/350
f 407/59/352 409/61/354 408/60/353
f 395/47/341 409/61/354 407/59/352
f 408/60/353 410/62/355 406/58/351
f 395/47/341 411/63/356 409/61/354
f 401/53/347 403/55/349 412/66/357
f 401/53/347 412/66/357 413/67/358
f 401/53/347 414/68/359 400/52/346
f 401/53/347 413/67/358 414/68/359
f 415/69/360 413/67/358 412/66/357
f 414/68/359 413/67/358 415/69/360
f 400/52/346 414/68/359 391/42/337
f 391/42/337 414/68/359 416/70/361
f 391/42/337 416/70/361 417/41/335
f 414/68/359 418/69/362 416/70/361
f 419/64/363 409/61/354 420/63/356
f 419/64/363 420/63/356 421/65/62
f 411/63/356 394/46/340 422/71/364
f 411/63/356 395/47/341 394/46/340
f 423/71/364 394/46/340 397/49/343
f 424/71/364 397/49/365 425/72/366
f 426/73/367 427/75/368 428/74/369
f 426/73/367 428/74/369 429/76/75
f 429/76/75 428/74/369 430/77/76
f 427/75/368 426/73/367 431/78/370
f 427/75/368 431/78/370 432/79/371
f 428/74/369 427/75/368 433/80/355
f 428/74/369 433/80/355 434/83/372
f 435/82/354 428/74/369 434/83/372
f 428/74/369 436/81/61 430/77/76
f 428/74/369 435/82/354 436/81/61
f 437/94/373 433/80/355 427/75/368
f 437/94/373 427/75/368 432/79/371
f 438/92/364 433/80/355 437/94/373
f 439/85/374 437/94/373 432/79/371
f 437/94/373 439/85/374 440/92/375
f 439/85/374 432/79/371 441/84/376
f 431/78/370 441/84/376 432/79/371
f 439/85/374 441/84/376 442/86/81
f 443/87/82 442/86/81 441/84/376
f 443/87/82 441/84/376 431/78/370
f 444/88/83 439/85/374 442/86/81
f 444/88/83 445/89/377 439/85/374
f 439/85/374 445/89/377 446/90/378
f 439/85/374 446/90/378 440/92/375
f 446/90/378 445/89/377 447/91/379
f 448/92/380 446/90/378 447/91/379
f 449/93/381 445/89/377 444/88/83
f 450/93/62 447/91/379 445/89/377
f 443/87/82 431/78/370 451/96/382
f 443/87/82 451/96/382 452/95/89
f 452/95/89 451/96/382 453/97/329
f 452/95/89 453/97/329 454/98/383
f 454/98/383 453/97/329 455/99/384
f 456/100/385 455/99/384 453/97/329
f 455/99/384 456/100/385 457/101/333
f 455/99/384 457/101/333 458/102/386
f 459/103/387 455/99/384 458/102/386
f 455/99/384 459/103/387 460/104/97
f 454/98/383 455/99/384 460/104/97
f 426/73/367 451/96/382 431/78/370
f 426/73/367 461/105/388 451/96/382
f 462/106/389 453/97/329 451/96/382
f 462/106/389 451/96/382 461/105/388
f 462/106/389 461/105/388 463/107/390
f 426/73/367 463/107/390 461/105/388
f 462/106/389 463/107/390 464/108/391
f 464/108/391 463/107/390 465/109/392
f 465/109/392 466/110/393 464/108/391
f 466/110/393 462/106/389 464/108/391
f 465/109/392 467/111/104 466/110/393
f 466/110/393 467/111/104 468/112/394
f 466/110/393 468/112/394 469/113/395
f 469/113/395 470/114/324 466/110/393
f 469/113/395 471/115/396 470/114/324
f 426/73/367 429/76/75 463/107/390
f 466/110/393 472/116/397 462/106/389
f 466/110/393 470/114/324 472/116/397
f 429/76/75 473/117/110 463/107/390
f 463/107/390 473/117/110 465/109/392
f 474/118/398 475/120/399 476/119/400
f 477/121/401 475/120/399 474/118/398
f 475/120/399 477/121/401 478/122/402
f 475/120/399 478/122/402 479/123/403
f 478/122/402 480/124/404 479/123/403
f 479/123/403 480/124/404 481/125/405
f 482/126/406 475/120/399 479/123/403
f 475/120/399 482/126/406 483/127/407
f 479/123/403 484/128/408 482/126/406
f 479/123/403 481/125/405 484/128/408
f 484/128/408 481/125/405 485/129/409
f 486/130/410 480/124/404 478/122/402
f 486/130/410 487/131/411 480/124/404
f 488/132/412 487/131/411 486/130/410
f 488/132/412 489/133/413 487/131/411
f 490/134/414 489/133/413 488/132/412
f 490/134/414 491/135/415 489/133/413
f 484/128/408 492/136/416 482/126/406
f 484/128/408 493/137/417 492/136/416
f 493/137/417 494/138/418 492/136/416
f 493/137/417 495/139/419 494/138/418
f 494/138/418 495/139/419 496/140/420
f 497/141/421 494/138/418 496/140/420
f 498/142/422 494/138/418 497/141/421
f 492/136/416 494/138/418 498/142/422
f 496/140/420 495/139/419 499/143/423
f 492/136/416 498/142/422 500/144/424
f 501/145/425 498/142/426 502/146/421
f 503/147/427 501/145/425 502/146/421
f 503/147/427 502/146/421 504/148/420
f 505/149/428 503/147/427 504/148/420
f 506/150/429 503/147/427 505/149/428
f 503/147/427 506/150/429 501/145/425
f 506/150/429 505/149/428 507/151/430
f 505/149/428 504/148/420 508/152/423
f 507/151/430 509/153/431 506/150/429
f 506/150/429 509/153/431 510/154/432
f 506/150/429 510/154/432 511/155/433
f 501/145/425 506/150/429 511/155/433
f 511/155/433 512/144/434 501/145/425
f 513/127/407 512/144/434 511/155/433
f 510/154/432 513/127/407 511/155/433
f 505/149/428 508/152/423 514/156/435
f 505/149/428 514/156/435 515/157/417
f 516/151/436 505/149/428 515/157/417
f 516/151/436 515/157/417 517/158/408
f 476/119/437 513/127/407 510/154/432
f 510/154/432 509/153/431 518/159/312
f 519/160/310 518/159/312 509/153/431
f 519/160/310 509/153/431 520/161/438
f 521/151/430 520/161/438 509/153/431
f 522/162/439 520/161/438 521/151/430
f 520/161/438 522/162/439 523/163/409
f 520/161/438 523/163/409 524/164/440
f 520/161/438 524/164/440 525/165/441
f 519/160/310 520/161/438 525/165/441
f 526/166/442 525/165/441 524/164/440
f 525/165/441 526/166/442 527/167/443
f 525/165/441 527/167/443 528/168/444
f 529/169/445 525/165/441 528/168/444
f 527/167/443 529/169/445 528/168/444
f 527/167/443 530/170/446 529/169/445
f 526/166/442 524/164/440 531/171/447
f 527/167/443 526/166/442 532/172/448
f 527/167/443 532/172/448 533/173/449
f 530/170/446 527/167/443 533/173/449
f 533/173/449 532/172/448 534/174/450
f 533/173/449 534/174/450 535/175/414
f 530/170/446 533/173/449 536/176/410
f 536/176/410 533/173/449 535/175/414
f 536/176/410 535/175/414 537/177/451
f 538/178/452 534/174/450 532/172/448
f 538/178/452 532/172/448 539/179/453
f 539/179/453 532/172/448 526/166/442
f 539/179/453 526/166/442 531/171/447
f 519/160/310 525/165/441 540/180/454
f 541/181/455 542/183/456 543/182/457
f 541/181/455 544/184/458 542/183/456
f 521/151/430 541/181/455 543/182/457
f 521/151/430 543/182/457 522/162/439
f 543/182/457 542/183/456 545/185/459
f 543/182/457 545/185/459 546/186/460
f 522/162/439 543/182/457 546/186/460
f 522/162/439 546/186/460 523/163/409
f 541/181/455 547/187/461 544/184/458
f 541/181/455 548/188/462 547/187/461
f 549/151/430 548/188/462 541/181/455
f 549/151/430 550/158/408 548/188/462
f 551/144/463 552/142/464 501/145/465
f 482/126/406 500/144/434 483/127/407
f 482/126/406 492/136/416 553/144/424
f 554/189/466 555/191/458 556/190/461
f 554/189/466 557/192/467 555/191/458
f 558/193/460 554/189/466 556/190/461
f 558/193/460 556/190/461 559/194/468
f 484/128/408 558/193/460 559/194/468
f 485/129/409 558/193/460 484/128/408
f 476/119/400 475/120/399 560/127/469
f 476/119/437 510/154/432 561/195/470
f 510/154/432 518/159/312 561/195/470
f 562/119/471 561/195/470 563/196/472
f 564/197/473 562/119/471 563/196/472
f 564/197/473 474/118/441 562/119/471
f 565/198/474 390/43/336 566/41/475
f 565/198/474 567/199/476 390/43/336
f 567/199/476 398/50/344 390/43/336
f 568/200/335 569/203/477 570/202/478
f 568/200/335 570/202/478 571/201/479
f 571/201/479 570/202/478 572/204/480
f 571/201/479 572/204/480 573/205/360
f 570/202/478 569/203/477 574/206/481
f 569/203/477 575/207/482 574/206/481
f 570/202/478 574/206/481 576/208/483
f 570/202/478 577/209/484 572/204/480
f 570/202/478 576/208/483 577/209/484
f 578/210/485 577/209/484 576/208/483
f 572/204/480 577/209/484 578/210/485
f 578/210/485 576/208/483 579/211/486
f 572/204/480 578/210/485 580/212/487
f 581/205/362 572/204/480 580/212/487
f 581/205/362 580/212/487 582/213/361
f 582/213/361 580/212/487 583/214/488
f 582/213/361 583/214/488 584/215/335
f 583/214/488 580/212/487 585/216/489
f 580/212/487 578/210/485 586/217/490
f 586/217/490 587/218/491 580/212/487
f 578/210/485 587/218/491 586/217/490
f 578/210/485 579/211/486 587/218/491
f 580/212/487 587/218/491 585/216/489
f 583/214/488 588/216/492 589/219/482
f 590/220/493 591/218/494 592/221/486
f 593/222/495 591/218/494 590/220/493
f 593/222/495 594/216/489 591/218/494
f 595/223/482 594/216/489 593/222/495
f 292/247/254 596/249/233 597/257/241
f 597/257/241 598/256/496 292/247/254
f 599/260/245 598/256/496 597/257/241
f 600/261/246 598/256/496 599/260/245
f 292/247/254 598/256/496 294/226/255
f 596/249/497 289/248/498 601/258/104
f 601/258/104 289/248/498 602/259/499
f 603/259/394 289/248/500 604/255/248
f 605/255/248 289/248/250 278/254/252
f 606/69/360 412/66/476 607/269/479
f 608/270/289 609/272/501 610/271/502
f 610/271/502 609/272/501 611/273/503
f 612/274/292 613/276/504 614/275/505
f 614/275/505 613/276/504 615/271/255
f 616/270/289 615/271/255 613/276/504
f 617/277/506 369/21/317 618/278/507
f 372/24/320 369/21/317 617/277/506
f 618/278/507 369/21/317 376/28/324
o Object_33.001
v 0.214149 1.703430 -0.145004
v 0.167102 1.700406 -0.202980
v 0.343380 1.403565 -0.090010
v 0.362202 1.449253 -0.018567
v 0.412032 1.294222 -0.032217
v 0.430500 1.339051 0.037883
v 0.235845 1.677973 -0.277080
v 0.347602 1.509450 -0.179722
v 0.454839 1.309876 -0.050547
v 0.482749 1.338661 -0.023672
v 0.380690 1.547730 -0.139436
v 0.210829 1.714163 -0.147623
v 0.472354 1.352389 0.015932
v 0.331392 1.614661 -0.094638
v 0.482749 1.338661 -0.023672
v 0.380690 1.547730 -0.139436
v 0.285092 1.723339 -0.166561
v 0.284805 1.727645 -0.172575
v 0.212860 2.004816 0.008591
v 0.305266 1.926197 -0.082628
v 0.314915 2.120499 -0.014214
v 0.287797 1.727176 -0.250094
v 0.291219 1.922669 -0.162061
v 0.303801 2.076070 -0.110946
v 0.125859 2.049189 -0.113423
v 0.112461 2.122468 -0.061074
v 0.180170 2.078279 0.054873
v 0.229277 2.135713 0.069838
v 0.260188 2.164285 -0.125478
v 0.223450 1.965637 -0.192396
v 0.303801 2.076070 -0.110946
v 0.291219 1.922669 -0.162061
v 0.213186 1.748525 -0.279552
v 0.287797 1.727176 -0.250094
v 0.151584 2.125275 -0.122653
v 0.140487 2.021841 -0.020915
v 0.225741 2.247895 -0.007853
v 0.300572 2.148762 -0.081357
v 0.236636 2.204415 0.040799
v 0.224007 1.712723 -0.279580
v -0.166017 0.055831 -0.094116
v -0.207300 0.548241 -0.048003
v -0.111854 0.511422 -0.054332
v -0.108150 0.806066 0.036388
v -0.199979 0.791083 0.029346
v -0.109272 0.848025 0.019639
v -0.206051 0.837058 0.029787
v -0.083409 0.863377 0.146427
v -0.082240 0.928446 0.110624
v -0.083341 0.795313 0.143900
v -0.240430 0.846970 0.143481
v -0.239814 0.770230 0.128702
v -0.164600 0.776417 0.177911
v -0.164406 0.862865 0.183496
v -0.083341 0.795313 0.143900
v -0.083409 0.863377 0.146427
v -0.162831 0.945070 0.149110
v -0.082240 0.928446 0.110624
v -0.239570 0.906054 0.120104
v -0.142741 1.326157 -0.112643
v -0.234412 1.305563 -0.193453
v -0.066251 1.328163 -0.202486
v -0.224941 1.234521 -0.343754
v -0.298829 1.294027 -0.185188
v -0.283576 1.308940 -0.373312
v -0.078707 0.464941 0.067205
v -0.164378 0.475825 0.116844
v -0.230071 0.502825 0.061998
v -0.175191 0.036536 0.032196
v -0.216280 0.044004 -0.020298
v -0.166017 0.055831 -0.094116
v -0.175191 0.036536 0.032196
v -0.047618 1.186340 -0.302990
v -0.047618 1.186340 -0.302990
v -0.047618 1.186340 -0.302990
v -0.066251 1.328163 -0.202486
v -0.066288 1.705586 -0.084786
v -0.135509 1.386195 -0.117684
v -0.050245 1.423908 -0.189879
v -0.247740 1.714450 0.008871
v -0.290403 1.382623 -0.110332
v -0.024160 1.737472 -0.232241
v -0.036437 1.454060 -0.338244
v -0.066251 1.328163 -0.202486
v -0.298829 1.294027 -0.185188
v -0.234412 1.305563 -0.193453
v -0.142741 1.326157 -0.112643
v -0.111323 1.535281 -0.368255
v -0.109195 1.446270 -0.406724
v -0.241533 1.589731 -0.358633
v -0.215701 1.779298 -0.311716
v -0.267919 1.396932 -0.404721
v -0.240896 1.348230 -0.420510
v -0.110496 1.349959 -0.421356
v -0.224941 1.234521 -0.343754
v -0.047618 1.186340 -0.302990
v -0.283576 1.308940 -0.373312
v -0.283576 1.308940 -0.373312
v -0.035922 1.411098 -0.347608
v -0.047618 1.186340 -0.302990
v -0.047618 1.186340 -0.302990
v -0.202102 2.003358 -0.223430
v -0.002585 1.904794 -0.236605
v 0.151584 2.125275 -0.122653
v -0.108706 2.252191 -0.096633
v 0.133915 2.316549 0.043562
v 0.225741 2.247895 -0.007853
v 0.236636 2.204415 0.040799
v 0.138461 2.240246 0.096666
v 0.062867 2.292361 0.162910
v -0.023287 2.356618 0.118253
v -0.016160 1.797587 -0.110690
v 0.140487 2.021841 -0.020915
v -0.094499 1.770333 -0.019108
v 0.030158 1.963540 0.075675
v -0.083940 2.000532 0.192118
v 0.131015 2.181160 0.133862
v -0.021479 2.242381 0.216327
v 0.062867 2.292361 0.162910
v 0.138461 2.240246 0.096666
v 0.229277 2.135713 0.069838
v 0.236636 2.204415 0.040799
v 0.180170 2.078279 0.054873
v -0.183242 1.770675 0.029418
v 0.456951 1.275287 0.071025
v 0.413326 1.297913 -0.014861
v 0.435455 1.262986 0.012850
v 0.426077 1.246624 0.051580
v 0.435710 1.203507 0.054460
v 0.448860 1.211758 0.015488
v 0.459908 1.185221 0.048031
v 0.483945 1.203294 0.047238
v 0.478299 1.177100 -0.033857
v 0.430275 1.199087 -0.073600
v 0.499176 1.166910 -0.001535
v 0.515254 1.158999 0.024252
v 0.436515 1.156029 0.049951
v 0.460599 1.154084 0.048742
v 0.439128 1.132221 0.040366
v 0.458610 1.131714 0.041453
v 0.437896 1.111490 0.049560
v 0.457738 1.110976 0.050667
v 0.459597 1.145640 -0.033313
v 0.476088 1.129030 -0.004890
v 0.430866 1.129842 -0.020204
v 0.446613 1.119332 0.006943
v 0.420193 1.104321 -0.024638
v 0.402515 1.128581 -0.056199
v 0.408002 1.148133 -0.055788
v 0.434345 1.094669 0.000753
v 0.430478 1.170260 -0.080977
v 0.442624 1.154445 -0.092119
v 0.402515 1.128581 -0.056199
v 0.469857 1.113416 -0.046888
v 0.420193 1.104321 -0.024638
v 0.485596 1.106226 -0.014977
v 0.510721 1.174674 -0.046403
v 0.525661 1.166535 -0.014339
v 0.434345 1.094669 0.000753
v 0.507422 1.302830 -0.003214
v 0.462255 1.309121 -0.036762
v 0.458518 1.199588 -0.090878
v 0.430478 1.170260 -0.080977
v 0.430275 1.199087 -0.073600
v 0.446613 1.119332 0.006943
v 0.476088 1.129030 -0.004890
v 0.525661 1.166535 -0.014339
v 0.499176 1.166910 -0.001535
v 0.482749 1.338661 -0.023672
v 0.472354 1.352389 0.015932
v 0.503871 1.286034 0.050023
v 0.525661 1.166535 -0.014339
v 0.537735 1.159960 0.011568
v 0.515254 1.158999 0.024252
v 0.483945 1.203294 0.047238
v 0.456951 1.275287 0.071025
v 0.461711 1.197250 0.077656
v 0.434878 1.201380 0.077054
v 0.435052 1.248909 0.076624
v 0.426077 1.246624 0.051580
v 0.435710 1.203507 0.054460
v 0.459908 1.185221 0.048031
v 0.461684 1.149809 0.072338
v 0.434156 1.153410 0.071661
v 0.457738 1.110976 0.050667
v 0.437896 1.111490 0.049560
v 0.436515 1.156029 0.049951
v 0.439128 1.132221 0.040366
v 0.458610 1.131714 0.041453
v 0.460599 1.154084 0.048742
v 0.430500 1.339051 0.037883
v 0.503177 1.101314 -0.025858
v 0.515651 1.095367 0.000013
v 0.468414 1.068224 0.013446
v 0.457905 1.072825 -0.006962
v 0.472412 1.093002 0.020826
v 0.501335 1.112298 0.013263
v 0.461112 1.101612 -0.003117
v 0.486609 1.121810 -0.012788
v 0.525661 1.166535 -0.014339
v 0.499176 1.166910 -0.001535
v 0.430478 1.170260 -0.080977
v 0.408002 1.148133 -0.055788
v 0.430478 1.170260 -0.080977
v 0.472412 1.093002 0.020826
v 0.461112 1.101612 -0.003117
v 0.457905 1.072825 -0.006962
v 0.468414 1.068224 0.013446
v 0.501335 1.112298 0.013263
v 0.486609 1.121810 -0.012788
v 0.430275 1.199087 -0.073600
v 0.454839 1.309876 -0.050547
v 0.413326 1.297913 -0.014861
v 0.412032 1.294222 -0.032217
v 0.430500 1.339051 0.037883
v -0.124127 0.044115 -0.013587
v -0.166017 0.055831 -0.094116
v -0.078707 0.464941 0.067205
v -0.166017 0.055831 -0.094116
v -0.124127 0.044115 -0.013587
v -0.120077 -0.012990 -0.014167
v -0.153448 -0.019806 -0.099115
v -0.177277 -0.019343 0.040441
v -0.175191 0.036536 0.032196
v -0.084669 -0.126122 -0.076152
v -0.130256 -0.133615 -0.115074
v -0.116980 -0.128125 0.289776
v -0.170518 -0.080732 0.243284
v -0.237856 -0.115517 0.286153
v -0.244663 -0.141793 0.318674
v -0.212512 -0.029619 -0.029895
v -0.175191 0.036536 0.032196
v -0.216280 0.044004 -0.020298
v -0.153448 -0.019806 -0.099115
v -0.166017 0.055831 -0.094116
v -0.185544 -0.144233 -0.089646
v -0.263505 -0.115654 0.260021
v -0.284548 -0.158091 0.279164
v -0.130256 -0.133615 -0.115074
v -0.185544 -0.144233 -0.089646
v -0.116980 -0.128125 0.289776
v -0.244663 -0.141793 0.318674
v -0.284548 -0.158091 0.279164
v -0.084669 -0.126122 -0.076152
v -0.185544 -0.144233 -0.089646
v -0.130256 -0.133615 -0.115074
v 0.116576 2.399328 0.419145
v 0.081267 2.363988 0.390974
v 0.152040 2.360311 0.345022
v 0.068238 2.400707 0.429482
v 0.027814 2.371131 0.420660
v 0.026543 2.370486 0.407654
v 0.038564 2.395626 0.430165
v 0.042410 2.399586 0.458943
v 0.169686 2.436799 0.413469
v 0.222569 2.481009 0.403312
v 0.074672 2.446208 0.453406
v 0.056859 2.434675 0.460303
v 0.071596 2.469275 0.467977
v 0.123394 2.439044 0.451405
v 0.140105 2.462361 0.472552
v 0.080578 2.487829 0.486013
v 0.092746 2.515065 0.499383
v 0.155381 2.496718 0.488449
v 0.134740 2.617402 0.501463
v 0.228503 2.548555 0.468801
v 0.257018 2.624818 0.372408
v 0.241488 2.519535 0.318799
v 0.161619 2.404654 0.281808
v 0.043236 2.265828 0.293463
v 0.092640 2.351174 0.227491
v -0.005411 2.310099 0.251193
v 0.220239 2.559274 0.229456
v 0.144114 2.694080 0.217659
v 0.078258 2.544858 0.154922
v 0.172656 2.460173 0.212291
v 0.033458 2.431395 0.175344
v 0.033458 2.431395 0.175344
v -0.023287 2.356618 0.118253
v 0.039995 2.296487 0.355925
v -0.027007 2.254795 0.315617
v -0.005411 2.310099 0.251193
v -0.021479 2.242381 0.216327
v 0.062867 2.292361 0.162910
v -0.014271 2.286934 0.360747
v -0.009609 2.298769 0.365303
v 0.062867 2.292361 0.162910
v -0.023287 2.356618 0.118253
v -0.057287 2.412461 0.239099
v -0.039731 2.546994 0.228734
v -0.062315 2.494432 0.290694
v -0.071017 2.310741 0.293719
v -0.005411 2.310099 0.251193
v -0.081244 2.453838 0.354277
v -0.032820 2.631667 0.340037
v -0.035180 2.586374 0.423265
v -0.027374 2.517353 0.428725
v -0.015302 2.453240 0.429355
v -0.018760 2.404879 0.398717
v 0.021096 2.419978 0.433131
v 0.027814 2.371131 0.420660
v 0.026543 2.370486 0.407654
v 0.038564 2.395626 0.430165
v 0.042410 2.399586 0.458943
v 0.051430 2.455709 0.455206
v 0.056859 2.434675 0.460303
v 0.071596 2.469275 0.467977
v 0.011829 2.484650 0.460042
v 0.019090 2.511828 0.481918
v 0.080578 2.487829 0.486013
v 0.092746 2.515065 0.499383
v 0.034366 2.546187 0.497818
v 0.016354 2.635276 0.485222
v 0.036682 2.714888 0.389468
v -0.001939 2.650095 0.246657
v 0.144114 2.694080 0.217659
v 0.078258 2.544858 0.154922
v 0.033458 2.431395 0.175344
v 0.073877 2.630951 0.495182
v 0.076474 2.717174 0.421745
v 0.036682 2.714888 0.389468
v 0.167149 2.730082 0.325113
v 0.144114 2.694080 0.217659
v 0.134740 2.617402 0.501463
v 0.160007 2.690367 0.442563
v 0.167149 2.730082 0.325113
v 0.167149 2.730082 0.325113
v 0.257018 2.624818 0.372408
v 0.234824 2.652442 0.409485
v 0.186256 2.585010 0.486482
v 0.160007 2.690367 0.442563
v 0.167149 2.730082 0.325113
v 0.042410 2.399586 0.458943
v 0.044773 2.404702 0.462453
v 0.056859 2.434675 0.460303
v -0.175191 0.036536 0.032196
v -0.124127 0.044115 -0.013587
v 0.039922 2.428857 0.248263
v 0.152040 2.360311 0.345022
v 0.026543 2.370486 0.407654
v 0.081267 2.363988 0.390974
v -0.009609 2.298769 0.365303
v 0.039995 2.296487 0.355925
v -0.012255 2.292338 0.312948
v 0.152040 2.360311 0.345022
v 0.039922 2.428857 0.248263
v 0.300572 2.148762 -0.081357
v 0.236636 2.204415 0.040799
v -0.547058 1.896655 -0.096971
v -0.815260 1.724729 -0.065024
v -0.795138 1.681095 -0.137388
v -0.490514 1.877659 -0.140318
v -0.915851 1.609056 -0.121641
v -0.935596 1.651871 -0.050636
v -0.539285 1.890022 -0.232088
v -0.728872 1.784597 -0.201992
v -0.940917 1.643326 -0.146355
v -0.961853 1.679289 -0.121896
v -0.754642 1.830294 -0.164166
v -0.534974 1.912013 -0.093781
v -0.959641 1.683929 -0.079018
v -0.699242 1.864993 -0.096022
v -0.961853 1.679289 -0.121896
v -0.754642 1.830294 -0.164166
v -0.593730 1.947372 -0.130791
v -0.585523 1.959005 -0.132683
v -0.434045 2.171195 0.083768
v -0.528884 2.144865 -0.031787
v -0.460141 2.321206 0.050095
v -0.569675 1.958115 -0.209322
v -0.500339 2.132892 -0.106357
v -0.449607 2.274441 -0.045593
v -0.310955 2.164622 -0.012314
v -0.276702 2.223564 0.048037
v -0.381943 2.220788 0.142365
v -0.344819 2.305882 0.158288
v -0.367180 2.330044 -0.042491
v -0.415371 2.136813 -0.117510
v -0.449607 2.274441 -0.045593
v -0.500339 2.132892 -0.106357
v -0.486719 1.943964 -0.218616
v -0.569675 1.958115 -0.209322
v -0.354830 2.231555 -0.001821
v -0.352266 2.137462 0.106734
v -0.307733 2.384649 0.053153
v -0.419011 2.337206 -0.009609
v -0.324319 2.362021 0.113063
v -0.512439 1.916306 -0.226570
v -0.212977 0.142547 -0.792106
v -0.334202 0.540734 -0.595051
v -0.249514 0.572401 -0.546774
v -0.400073 0.771690 -0.401716
v -0.308569 0.761656 -0.386452
v -0.405654 0.833378 -0.386829
v -0.312847 0.821773 -0.357814
v -0.461108 0.768811 -0.288661
v -0.467273 0.832647 -0.278756
v -0.451130 0.717358 -0.319672
v -0.307366 0.758844 -0.253415
v -0.294413 0.701988 -0.296271
v -0.380193 0.686745 -0.273329
v -0.393097 0.748615 -0.233414
v -0.451130 0.717358 -0.319672
v -0.461108 0.768811 -0.288661
v -0.401634 0.822459 -0.216788
v -0.467273 0.832647 -0.278756
v -0.313999 0.814999 -0.239518
v -0.452249 1.280477 -0.174326
v -0.344062 1.321570 -0.218652
v -0.507814 1.338709 -0.260628
v -0.325890 1.298369 -0.385273
v -0.392353 0.448007 -0.517269
v -0.325234 0.438110 -0.444339
v -0.251324 0.485835 -0.462014
v -0.235507 0.072941 -0.686949
v -0.183197 0.101714 -0.717531
v -0.212977 0.142547 -0.792106
v -0.235507 0.072941 -0.686949
v -0.298829 1.294027 -0.185188
v -0.325890 1.298369 -0.385273
v -0.283576 1.308940 -0.373312
v -0.495784 1.314051 -0.414731
v -0.495784 1.314051 -0.414731
v -0.495784 1.314051 -0.414731
v -0.507814 1.338709 -0.260628
v -0.409306 1.758182 -0.108429
v -0.494385 1.492008 -0.220492
v -0.434733 1.432075 -0.138306
v -0.247740 1.714450 0.008871
v -0.290403 1.382623 -0.110332
v -0.419842 1.798142 -0.259513
v -0.478551 1.521849 -0.368718
v -0.507814 1.338709 -0.260628
v -0.452249 1.280477 -0.174326
v -0.344062 1.321570 -0.218652
v -0.298829 1.294027 -0.185188
v -0.491117 1.482239 -0.378708
v -0.495784 1.314051 -0.414731
v -0.402935 1.491309 -0.426971
v -0.495784 1.314051 -0.414731
v -0.379535 1.576406 -0.386740
v -0.241533 1.589731 -0.358633
v -0.215701 1.779298 -0.311716
v -0.267919 1.396932 -0.404721
v -0.305864 1.358190 -0.424988
v -0.428468 1.398713 -0.443274
v -0.325890 1.298369 -0.385273
v -0.495784 1.314051 -0.414731
v -0.283576 1.308940 -0.373312
v -0.283576 1.308940 -0.373312
v -0.400859 1.996254 -0.122731
v -0.202102 2.003358 -0.223430
v -0.354830 2.231555 -0.001821
v -0.108706 2.252191 -0.096633
v -0.190198 2.394131 0.102664
v -0.307733 2.384649 0.053153
v -0.324319 2.362021 0.113063
v -0.210222 2.343448 0.139144
v -0.092519 2.328045 0.207338
v -0.023287 2.356618 0.118253
v -0.370438 1.878942 -0.009398
v -0.352266 2.137462 0.106734
v -0.275543 1.811908 0.032656
v -0.253950 2.035266 0.167779
v -0.083940 2.000532 0.192118
v -0.212811 2.275709 0.210216
v -0.021479 2.242381 0.216327
v -0.092519 2.328045 0.207338
v -0.210222 2.343448 0.139144
v -0.344819 2.305882 0.158288
v -0.324319 2.362021 0.113063
v -0.381943 2.220788 0.142365
v -0.183242 1.770675 0.029418
v -0.991843 1.616511 -0.033957
v -0.955102 1.599788 -0.082625
v -0.919499 1.629837 -0.100139
v -0.961772 1.582549 -0.043714
v -0.979117 1.541879 -0.046031
v -0.977275 1.551807 -0.086747
v -1.002691 1.528105 -0.060716
v -1.021671 1.550156 -0.068384
v -0.994632 1.522272 -0.144446
v -0.933277 1.534815 -0.165601
v -1.026293 1.516404 -0.121053
v -1.050979 1.511834 -0.102187
v -0.986605 1.495244 -0.052698
v -1.008947 1.497601 -0.061670
v -0.990037 1.472153 -0.063673
v -1.008598 1.475140 -0.068936
v -0.995458 1.451663 -0.055514
v -1.014357 1.454704 -0.060874
v -0.982849 1.487996 -0.139338
v -1.010279 1.474976 -0.118508
v -0.963112 1.467516 -0.118411
v -0.988384 1.460348 -0.098275
v -0.956157 1.440445 -0.120323
v -0.925286 1.460737 -0.143395
v -0.927145 1.480958 -0.143888
v -0.979223 1.433814 -0.101294
v -0.936051 1.506386 -0.173946
v -0.946463 1.492835 -0.189100
v -0.925286 1.460737 -0.143395
v -0.993555 1.457932 -0.156928
v -0.956157 1.440445 -0.120323
v -1.019784 1.454093 -0.132133
v -1.021132 1.525486 -0.166852
v -1.046837 1.520576 -0.141697
v -0.979223 1.433814 -0.101294
v -1.009935 1.651584 -0.119163
v -0.955960 1.649276 -0.136084
v -0.953848 1.540100 -0.191003
v -0.936051 1.506386 -0.173946
v -0.933277 1.534815 -0.165601
v -0.988384 1.460348 -0.098275
v -1.010279 1.474976 -0.118508
v -1.046837 1.520576 -0.141697
v -1.026293 1.516404 -0.121053
v -0.961853 1.679289 -0.121896
v -0.959641 1.683929 -0.079018
v -1.026809 1.635153 -0.068426
v -1.046837 1.520576 -0.141697
v -1.067603 1.516610 -0.121372
v -1.050979 1.511834 -0.102187
v -1.021671 1.550156 -0.068384
v -0.991843 1.616511 -0.033957
v -1.011902 1.540666 -0.032733
v -0.986040 1.539945 -0.024491
v -0.977852 1.586735 -0.022809
v -0.961772 1.582549 -0.043714
v -0.979117 1.541879 -0.046031
v -1.002691 1.528105 -0.060716
v -1.018350 1.493910 -0.039897
v -0.991907 1.492543 -0.031521
v -1.014357 1.454704 -0.060874
v -0.995458 1.451663 -0.055514
v -0.986605 1.495244 -0.052698
v -0.990037 1.472153 -0.063673
v -1.008598 1.475140 -0.068936
v -1.008947 1.497601 -0.061670
v -0.935596 1.651871 -0.050636
v -1.033456 1.452241 -0.148302
v -1.019596 1.414031 -0.101438
v -1.054478 1.448964 -0.128111
v -1.002406 1.416409 -0.117152
v -1.021427 1.439224 -0.094627
v -1.042539 1.463256 -0.110213
v -1.001662 1.445357 -0.113248
v -1.018746 1.469638 -0.129686
v -1.046837 1.520576 -0.141697
v -1.026293 1.516404 -0.121053
v -0.936051 1.506386 -0.173946
v -0.927145 1.480958 -0.143888
v -0.936051 1.506386 -0.173946
v -1.021427 1.439224 -0.094627
v -1.002406 1.416409 -0.117152
v -1.001662 1.445357 -0.113248
v -1.019596 1.414031 -0.101438
v -1.042539 1.463256 -0.110213
v -1.018746 1.469638 -0.129686
v -0.933277 1.534815 -0.165601
v -0.940917 1.643326 -0.146355
v -0.919499 1.629837 -0.100139
v -0.915851 1.609056 -0.121641
v -0.935596 1.651871 -0.050636
v -0.273001 0.098335 -0.739010
v -0.212977 0.142547 -0.792106
v -0.392353 0.448007 -0.517269
v -0.212977 0.142547 -0.792106
v -0.216785 0.074994 -0.830467
v -0.258750 0.032409 -0.761169
v -0.273001 0.098335 -0.739010
v -0.209713 0.020662 -0.699919
v -0.235507 0.072941 -0.686949
v -0.239836 -0.045944 -0.867930
v -0.191234 -0.020610 -0.893332
v -0.247547 -0.200552 -0.534780
v -0.212634 -0.123321 -0.544291
v -0.141874 -0.150504 -0.501444
v -0.128636 -0.184901 -0.480558
v -0.166194 0.054418 -0.757021
v -0.235507 0.072941 -0.686949
v -0.183197 0.101714 -0.717531
v -0.216785 0.074994 -0.830467
v -0.212977 0.142547 -0.792106
v -0.139225 -0.023528 -0.860128
v -0.115704 -0.130941 -0.517973
v -0.081691 -0.168472 -0.511279
v -0.139225 -0.023528 -0.860128
v -0.191234 -0.020610 -0.893332
v -0.247547 -0.200552 -0.534780
v -0.081691 -0.168472 -0.511279
v -0.128636 -0.184901 -0.480558
v -0.239836 -0.045944 -0.867930
v -0.139225 -0.023528 -0.860128
v -0.191234 -0.020610 -0.893332
v -0.005411 2.310099 0.251193
v -0.027007 2.254795 0.315617
v -0.047524 2.330890 0.356122
v -0.014271 2.286934 0.360747
v -0.009609 2.298769 0.365303
v -0.021479 2.242381 0.216327
v -0.092519 2.328045 0.207338
v -0.092519 2.328045 0.207338
v -0.023287 2.356618 0.118253
v -0.023287 2.356618 0.118253
v -0.235507 0.072941 -0.686949
v -0.273001 0.098335 -0.739010
v 0.039922 2.428857 0.248263
v 0.026543 2.370486 0.407654
v -0.081244 2.453838 0.354277
v -0.018760 2.404879 0.398717
v -0.009609 2.298769 0.365303
v -0.012255 2.292338 0.312948
v -0.047524 2.330890 0.356122
v -0.081244 2.453838 0.354277
v 0.039922 2.428857 0.248263
v -0.419011 2.337206 -0.009609
v -0.324319 2.362021 0.113063
vn -0.4480 0.1249 0.8853
vn -0.9472 -0.3016 -0.1086
vn -0.7644 -0.6120 -0.2026
vn -0.4800 0.0986 0.8717
vn -0.8125 -0.4780 -0.3338
vn -0.5061 0.3088 0.8053
vn -0.0887 -0.3339 -0.9384
vn 0.1686 -0.4248 -0.8894
vn 0.2888 -0.2551 -0.9228
vn 0.8790 0.3119 -0.3605
vn 0.9099 0.2745 -0.3110
vn -0.3826 -0.1771 0.9068
vn 0.6215 0.6450 0.4446
vn 0.4639 0.5653 0.6820
vn 0.8790 0.3120 -0.3606
vn 0.9088 0.2728 -0.3158
vn 0.4878 0.7097 0.5083
vn 0.9208 0.0704 0.3835
vn -0.1400 -0.4733 0.8697
vn 0.8757 -0.2468 0.4151
vn 0.9135 0.1099 0.3918
vn 0.8405 0.1665 -0.5157
vn 0.8375 0.1452 -0.5267
vn 0.8677 0.1163 -0.4833
vn -0.9338 0.0241 -0.3570
vn -0.6127 0.7903 -0.0062
vn 0.4082 -0.3236 0.8536
vn 0.5851 -0.3380 0.7371
vn 0.1981 0.5942 -0.7796
vn -0.0479 0.2889 -0.9562
vn 0.8676 0.1163 -0.4834
vn 0.8472 0.1525 -0.5089
vn -0.3161 0.1801 -0.9315
vn 0.9073 0.2025 -0.3685
vn 0.9196 0.0166 0.3925
vn 0.6383 -0.4167 0.6473
vn 0.7598 0.6266 -0.1735
vn 0.9122 0.3672 -0.1819
vn 0.9223 0.1807 0.3415
vn -0.2295 -0.1074 -0.9674
vn 0.0520 0.0479 -0.9975
vn -0.6031 0.1586 -0.7817
vn 0.5995 0.1176 -0.7917
vn 0.7335 -0.0248 -0.6793
vn -0.5896 0.0942 -0.8022
vn 0.6654 -0.4171 -0.6191
vn -0.7088 -0.2812 -0.6469
vn 0.9085 0.0845 0.4093
vn 0.8850 0.1968 0.4220
vn 0.9072 -0.0576 0.4167
vn -0.8967 0.0386 0.4411
vn -0.9420 -0.0782 0.3263
vn -0.0560 -0.1591 0.9857
vn -0.0403 0.1721 0.9842
vn 0.9110 -0.0496 0.4094
vn 0.9281 0.0602 0.3674
vn -0.0393 0.4964 0.8672
vn 0.8885 0.1949 0.4154
vn -0.9121 0.1951 0.3607
vn 0.0302 0.5827 0.8121
vn -0.7485 -0.1848 0.6368
vn 0.9008 0.2372 0.3638
vn -0.4470 -0.8607 -0.2437
vn -0.1925 -0.5645 0.8027
vn -0.3360 -0.9091 -0.2462
vn 0.9250 -0.1094 0.3639
vn -0.1122 -0.1908 0.9752
vn -0.9505 -0.0773 0.3010
vn -0.0966 -0.1393 0.9855
vn -0.9995 -0.0195 0.0255
vn 0.0519 0.0479 -0.9975
vn -0.0966 -0.1392 0.9855
vn 0.7750 -0.5511 -0.3094
vn 0.7726 -0.4950 -0.3976
vn 0.9008 0.2371 0.3637
vn 0.8866 0.2064 0.4140
vn 0.7749 -0.2703 0.5714
vn 0.3567 -0.2559 0.8985
vn 0.8999 -0.1643 0.4040
vn -0.0161 -0.2514 0.9677
vn -0.1348 -0.4930 0.8595
vn 0.9279 0.0280 -0.3717
vn 0.9140 0.1204 -0.3875
vn 0.9236 -0.1171 0.3649
vn -0.1326 -0.8793 0.4574
vn -0.1706 -0.9831 0.0664
vn 0.0519 0.0879 0.9948
vn 0.3650 0.3368 -0.8680
vn 0.3566 0.2030 -0.9119
vn 0.1045 0.2488 -0.9629
vn 0.0071 0.2968 -0.9549
vn 0.0853 0.1119 -0.9901
vn -0.2761 -0.1923 -0.9417
vn 0.4578 -0.1513 -0.8761
vn -0.2843 -0.3896 -0.8760
vn 0.8786 -0.2550 -0.4037
vn -0.1015 -0.8751 -0.4731
vn -0.2776 -0.9429 -0.1841
vn 0.9016 -0.0540 -0.4291
vn 0.7939 -0.4350 -0.4247
vn 0.8158 -0.4452 -0.3692
vn -0.1956 0.4256 -0.8835
vn 0.6144 -0.0225 -0.7887
vn 0.3245 0.1175 -0.9386
vn -0.0996 0.6875 -0.7194
vn 0.4834 0.8722 -0.0744
vn 0.3493 0.9227 -0.1632
vn 0.5278 0.4483 0.7214
vn 0.6565 0.3279 0.6794
vn 0.8712 0.2113 0.4430
vn 0.1458 0.9346 -0.3244
vn 0.8340 -0.5517 -0.0056
vn 0.7682 -0.6401 -0.0148
vn 0.5144 -0.5800 0.6317
vn 0.6059 -0.5614 0.5637
vn 0.2828 -0.4452 0.8496
vn 0.5913 -0.0615 0.8041
vn 0.2735 -0.2903 0.9170
vn 0.8924 0.1690 0.4183
vn 0.6953 0.4759 0.5385
vn 0.5068 -0.0195 0.8618
vn 0.5151 0.4662 0.7193
vn 0.2638 -0.9632 0.0520
vn 0.1231 -0.5523 0.8245
vn -0.2083 0.1449 0.9673
vn -0.9601 0.1384 -0.2432
vn -0.9618 -0.2108 0.1745
vn -0.9771 0.2122 0.0160
vn -0.9051 -0.2569 -0.3387
vn -0.7939 -0.5441 -0.2713
vn 0.4845 -0.5390 -0.6890
vn 0.4375 -0.5837 0.6840
vn -0.8384 -0.1624 0.5203
vn -0.9658 -0.0124 -0.2591
vn -0.7974 -0.2946 0.5266
vn -0.0723 -0.3355 0.9393
vn -0.7340 0.1021 -0.6715
vn 0.7202 0.1117 -0.6848
vn -0.5527 -0.0340 -0.8327
vn 0.6216 -0.0605 -0.7810
vn -0.5530 -0.8309 -0.0621
vn 0.5006 -0.8656 -0.0129
vn -0.4648 0.6351 0.6169
vn 0.0540 0.1770 0.9827
vn -0.5360 0.5829 0.6107
vn -0.1579 0.2992 0.9410
vn -0.7471 -0.6601 0.0781
vn -0.9047 -0.3547 -0.2360
vn -0.8018 0.5904 0.0927
vn -0.4092 -0.7358 0.5395
vn -0.9011 0.2895 -0.3228
vn -0.0764 -0.2939 -0.9528
vn -0.9047 -0.3548 -0.2360
vn -0.8019 0.5903 0.0925
vn 0.3422 -0.7533 -0.5616
vn -0.7471 -0.6601 0.0780
vn 0.5992 -0.7665 0.2312
vn 0.7861 -0.1052 -0.6091
vn 0.8936 -0.0413 -0.4469
vn 0.9078 0.3313 -0.2572
vn 0.5443 -0.2198 -0.8096
vn 0.1465 0.2238 -0.9636
vn -0.9012 0.2895 -0.3227
vn -0.1579 0.2993 0.9410
vn 0.0539 0.1770 0.9827
vn 0.8936 -0.0412 -0.4469
vn -0.7974 -0.2945 0.5267
vn -0.9601 0.1383 -0.2431
vn 0.8831 0.2187 -0.4152
vn 0.6269 0.5472 0.5545
vn 0.7250 0.2664 0.6352
vn 0.8936 -0.0412 -0.4470
vn 0.9632 -0.1018 0.2489
vn -0.0724 -0.3354 0.9393
vn 0.4376 -0.5837 0.6840
vn -0.3291 0.3288 0.8852
vn 0.5343 -0.1215 0.8365
vn -0.6884 -0.0551 0.7232
vn -0.5180 0.2843 0.8067
vn -0.9771 0.2122 0.0161
vn -0.9052 -0.2570 -0.3385
vn 0.6693 -0.2565 0.6973
vn -0.7268 -0.2175 0.6515
vn 0.5007 -0.8655 -0.0129
vn -0.5530 -0.8308 -0.0620
vn -0.7338 0.1022 -0.6716
vn -0.5526 -0.0338 -0.8328
vn 0.6214 -0.0606 -0.7811
vn 0.7201 0.1117 -0.6848
vn -0.4160 0.1690 0.8935
vn 0.2428 -0.3049 -0.9209
vn 0.7766 -0.6086 0.1624
vn -0.2245 -0.8364 0.5000
vn -0.6870 -0.6046 -0.4031
vn -0.3096 0.1616 0.9370
vn -0.0498 0.0292 0.9983
vn -0.8558 0.4973 -0.1426
vn -0.7694 0.4903 -0.4093
vn -0.7975 -0.2945 0.5266
vn -0.9011 0.2897 -0.3226
vn -0.0766 -0.2937 -0.9528
vn -0.8017 0.5904 0.0928
vn -0.9012 0.2895 -0.3226
vn -0.9011 0.2895 -0.3227
vn -0.3096 0.1615 0.9371
vn -0.8558 0.4972 -0.1426
vn -0.2246 -0.8364 0.5000
vn -0.0497 0.0291 0.9983
vn -0.7695 0.4901 -0.4094
vn -0.9658 -0.0123 -0.2591
vn 0.4191 -0.9002 -0.1181
vn -0.9601 -0.2369 0.1487
vn 0.3406 -0.9068 0.2486
vn -0.4023 0.2307 0.8859
vn -0.3570 0.3603 0.8618
vn 0.9847 -0.0708 0.1591
vn 0.9250 -0.1095 0.3639
vn 0.1290 0.0011 -0.9916
vn 0.9899 -0.0200 0.1402
vn 0.9269 0.3645 0.0897
vn 0.0942 0.2846 -0.9540
vn -0.2755 0.8065 0.5231
vn -0.1070 -0.0638 0.9922
vn 0.8529 -0.4093 -0.3241
vn 0.2106 -0.5136 -0.8318
vn 0.6960 -0.1745 0.6965
vn 0.0868 0.9010 0.4251
vn -0.2854 0.8087 0.5143
vn -0.2488 -0.1545 0.9561
vn -0.9623 0.1267 -0.2405
vn -0.1836 -0.0995 0.9780
vn -0.9924 -0.1212 -0.0218
vn 0.0997 0.3037 -0.9475
vn 0.0733 -0.0307 -0.9968
vn -0.5158 -0.6651 -0.5400
vn -0.6494 0.7179 0.2510
vn -0.7854 -0.4957 0.3708
vn 0.1113 0.2494 -0.9620
vn 0.2107 -0.5136 -0.8318
vn -0.5157 -0.6652 -0.5400
vn -0.7853 -0.4957 0.3709
vn 0.8529 -0.4093 -0.3240
vn 0.2106 -0.5136 -0.8317
vn 0.3037 -0.6602 0.6869
vn -0.0916 -0.9950 -0.0401
vn 0.6575 -0.7504 0.0677
vn 0.3088 -0.6247 0.7172
vn -0.2613 -0.7536 0.6032
vn -0.3841 -0.9051 -0.1826
vn -0.2001 -0.6315 0.7491
vn -0.2510 -0.7335 0.6316
vn 0.5553 -0.6184 0.5560
vn 0.8339 -0.4743 0.2823
vn 0.2505 -0.5211 0.8159
vn 0.0040 -0.1762 0.9843
vn -0.1507 -0.5272 0.8363
vn 0.1678 -0.6855 0.7085
vn 0.2702 -0.6139 0.7417
vn -0.1463 -0.5175 0.8431
vn -0.0206 -0.2344 0.9719
vn 0.3391 -0.3772 0.8618
vn 0.1956 0.3016 0.9332
vn 0.7560 -0.1346 0.6406
vn 0.9678 0.2516 -0.0110
vn 0.9434 -0.2918 -0.1576
vn 0.7851 -0.5452 -0.2941
vn 0.3360 -0.9166 -0.2167
vn 0.6881 -0.5904 -0.4218
vn -0.1471 -0.9117 -0.3835
vn 0.7968 0.0158 -0.6041
vn 0.2356 0.7032 -0.6708
vn -0.0322 0.1094 -0.9935
vn 0.6798 -0.3662 -0.6354
vn -0.0386 0.0940 -0.9948
vn -0.0811 0.1268 -0.9886
vn 0.3487 0.7651 -0.5413
vn 0.1175 0.1120 0.9867
vn -0.3655 -0.9301 0.0350
vn -0.3617 -0.9194 -0.1544
vn -0.2705 -0.9603 0.0678
vn 0.0292 -0.0626 0.9976
vn 0.7959 -0.3834 -0.4686
vn 0.8256 0.2994 0.4783
vn -0.2319 -0.5945 0.7700
vn 0.1691 0.4250 0.8893
vn 0.8241 0.3009 0.4799
vn 0.1235 0.9472 -0.2959
vn 0.7211 -0.3890 -0.5733
vn -0.9456 0.1129 -0.3052
vn -0.8143 0.2487 -0.5244
vn -0.0956 0.0984 -0.9906
vn -0.9657 0.1736 -0.1933
vn -0.8735 -0.4328 -0.2229
vn -0.5303 -0.7324 -0.4270
vn -0.9876 -0.0737 0.1384
vn -0.8856 0.4643 -0.0129
vn -0.8788 0.2278 0.4192
vn -0.7565 -0.0875 0.6481
vn -0.5926 -0.2965 0.7489
vn -0.6199 -0.7847 -0.0017
vn -0.5583 -0.2702 0.7844
vn -0.2614 -0.7535 0.6032
vn -0.3842 -0.9050 -0.1826
vn -0.2002 -0.6315 0.7491
vn -0.4320 -0.2421 0.8687
vn 0.0043 -0.1763 0.9843
vn -0.1508 -0.5271 0.8363
vn -0.5025 -0.4115 0.7604
vn -0.5204 -0.2907 0.8029
vn -0.3882 -0.0799 0.9181
vn -0.5422 0.3960 0.7411
vn -0.5083 0.8550 0.1032
vn -0.6282 0.6007 -0.4946
vn 0.2355 0.7032 -0.6708
vn -0.0386 0.0939 -0.9948
vn -0.0696 0.3911 0.9177
vn -0.1078 0.8829 0.4570
vn -0.5082 0.8550 0.1033
vn 0.3666 0.9213 -0.1295
vn 0.1955 0.3016 0.9332
vn 0.3420 0.7230 0.6003
vn 0.3666 0.9213 -0.1296
vn 0.9677 0.2517 -0.0110
vn 0.2355 0.7033 -0.6708
vn 0.7516 0.5317 0.3904
vn 0.4428 0.1817 0.8780
vn 0.3421 0.7230 0.6003
vn -0.2510 -0.7337 0.6314
vn -0.0241 -0.2426 0.9698
vn 0.0042 -0.1762 0.9843
vn -0.5584 -0.2703 0.7843
vn 0.9847 -0.0708 0.1590
vn -0.1051 -0.3831 0.9177
vn 0.5519 -0.8083 0.2051
vn -0.4657 -0.8823 0.0682
vn 0.2148 -0.7599 0.6135
vn 0.1229 0.0246 0.9921
vn 0.2616 0.8098 0.5252
vn 0.7081 -0.7029 -0.0674
vn -0.2567 -0.6787 0.6881
vn 0.8236 0.5004 -0.2670
vn 0.7539 0.5494 0.3603
vn 0.1414 -0.2057 0.9683
vn 0.1844 -0.1905 0.9642
vn 0.4787 -0.8686 -0.1284
vn 0.7061 -0.7027 0.0871
vn 0.6143 -0.7595 -0.2138
vn 0.3112 -0.0089 0.9503
vn 0.2167 -0.2858 -0.9334
vn -0.0430 -0.2347 -0.9711
vn -0.0659 -0.0297 -0.9974
vn -0.5234 0.6940 -0.4944
vn -0.5801 0.6702 -0.4630
vn -0.0676 -0.3788 0.9230
vn -0.4171 0.8163 0.3996
vn -0.3861 0.6573 0.6472
vn -0.5783 0.6690 -0.4668
vn -0.5217 0.6939 0.4964
vn -0.8963 0.3557 0.2648
vn -0.3076 -0.4589 0.8335
vn -0.9562 0.2194 0.1940
vn -0.7722 0.5792 0.2612
vn -0.5185 0.5519 -0.6531
vn -0.5197 0.5192 -0.6785
vn -0.5689 0.5096 -0.6454
vn 0.8860 -0.4406 -0.1448
vn 0.9099 0.0821 0.4067
vn -0.5367 0.0600 0.8416
vn -0.6098 0.3397 0.7161
vn 0.2527 0.5617 -0.7878
vn 0.3987 0.2076 -0.8933
vn -0.5689 0.5096 -0.6455
vn -0.5289 0.5316 -0.6616
vn 0.5869 0.0117 -0.8096
vn -0.5834 0.6038 -0.5432
vn -0.5127 0.6836 0.5194
vn -0.7307 -0.0447 0.6813
vn -0.2552 0.9669 0.0035
vn -0.5488 0.7722 -0.3202
vn -0.6684 0.6576 0.3477
vn 0.4105 -0.1764 -0.8946
vn 0.2110 0.4546 -0.8653
vn -0.3759 0.4291 -0.8213
vn 0.7645 0.4716 -0.4395
vn -0.4845 0.3239 -0.8126
vn 0.7556 0.4476 -0.4783
vn -0.3948 0.0262 -0.9184
vn 0.8494 0.1605 -0.5027
vn -0.9784 -0.1819 0.0980
vn -0.9726 -0.1637 0.1650
vn -0.9661 -0.2507 0.0620
vn 0.7669 -0.1781 0.6165
vn 0.8281 -0.2001 0.5237
vn -0.1803 -0.5883 0.7883
vn -0.2232 -0.3992 0.8893
vn -0.9677 -0.2451 0.0589
vn -0.9827 -0.1755 0.0589
vn -0.2469 -0.1668 0.9546
vn -0.9746 -0.1474 0.1686
vn 0.7662 -0.0399 0.6413
vn -0.3231 -0.0957 0.9415
vn 0.4443 -0.6316 0.6354
vn -0.9849 -0.0910 0.1472
vn 0.5407 -0.4666 -0.6999
vn -0.9664 -0.2569 -0.0008
vn -0.1290 -0.5751 0.8078
vn 0.8371 -0.1873 0.5141
vn -0.1533 -0.5326 0.8323
vn 0.9501 -0.0206 0.3114
vn -0.1534 -0.5327 0.8323
vn -0.4224 -0.6968 0.5797
vn 0.0130 -0.9381 0.3461
vn 0.3505 -0.4632 -0.8140
vn -0.1128 -0.9040 -0.4125
vn -0.6754 -0.1454 -0.7230
vn -0.5963 -0.1666 -0.7853
vn -0.6810 -0.1234 -0.7219
vn -0.9510 -0.1509 0.2698
vn -0.9623 -0.1046 0.2509
vn -0.8834 -0.0050 0.4685
vn -0.9555 0.0850 0.2824
vn -0.5642 -0.2218 0.7953
vn -0.0297 -0.4513 0.8919
vn -0.1349 -0.4930 0.8595
vn -0.7201 0.4489 -0.5292
vn -0.7720 0.3880 -0.5034
vn -0.9718 0.0226 0.2347
vn -0.3975 -0.1507 0.9051
vn 0.0573 -0.9638 0.2604
vn -0.2285 -0.9058 0.3568
vn -0.8391 0.2470 -0.4846
vn -0.6771 0.0045 -0.7359
vn -0.1273 0.3029 -0.9445
vn -0.7671 0.0331 -0.6406
vn -0.1281 0.4124 -0.9020
vn 0.0913 0.4150 -0.9052
vn 0.0854 0.1118 -0.9900
vn 0.3329 -0.2733 -0.9025
vn -0.2490 0.0281 -0.9681
vn 0.4383 -0.5280 -0.7274
vn -0.7011 -0.0587 -0.7106
vn -0.1016 -0.8752 -0.4730
vn -0.1456 -0.9208 -0.3617
vn -0.8827 0.3030 -0.3592
vn -0.0964 0.4039 -0.9097
vn -0.6479 0.3019 -0.6993
vn 0.0298 0.6405 -0.7674
vn -0.0561 0.9981 0.0246
vn 0.3725 0.7539 -0.5411
vn -0.0790 0.7290 0.6799
vn -0.2635 0.5028 0.8233
vn -0.5098 0.6507 0.5628
vn 0.1448 0.9512 -0.2724
vn -0.7972 -0.1930 0.5720
vn -0.8545 -0.2178 0.4716
vn -0.4289 -0.3915 0.8141
vn -0.4436 -0.2810 0.8511
vn 0.0551 -0.3645 0.9296
vn -0.2406 0.2640 0.9340
vn 0.0277 -0.2736 0.9614
vn -0.4492 0.5906 0.6704
vn -0.1240 0.8366 0.5337
vn -0.2313 0.4093 0.8826
vn 0.0344 0.7683 0.6391
vn -0.7396 -0.6073 0.2902
vn 0.0859 -0.5454 0.8338
vn -0.0950 0.1187 0.9884
vn 0.8015 -0.3763 0.4648
vn 0.9957 -0.0382 0.0849
vn 0.9402 0.0351 0.3388
vn 0.9072 -0.4186 -0.0408
vn 0.7324 -0.6804 -0.0258
vn -0.3202 -0.4535 -0.8318
vn -0.7297 -0.4871 0.4799
vn 0.5829 -0.3019 0.7544
vn 0.9801 -0.1876 0.0649
vn 0.5199 -0.4246 0.7413
vn -0.2955 -0.3301 0.8965
vn 0.9180 -0.0392 -0.3946
vn -0.4283 0.2289 -0.8742
vn 0.7784 -0.1431 -0.6112
vn -0.3350 0.0404 -0.9413
vn 0.3908 -0.9168 0.0819
vn -0.6110 -0.7627 -0.2120
vn 0.3419 0.5506 0.7616
vn -0.3385 0.1971 0.9201
vn 0.4010 0.4864 0.7763
vn -0.1068 0.2791 0.9543
vn 0.5555 -0.7814 0.2844
vn 0.8566 -0.5133 0.0518
vn 0.8176 0.4393 0.3722
vn 0.0786 -0.7894 0.6088
vn 0.9928 0.1201 -0.0024
vn 0.3295 -0.3157 -0.8898
vn 0.8176 0.4393 0.3721
vn 0.8567 -0.5133 0.0518
vn -0.2662 -0.6880 -0.6752
vn 0.5554 -0.7814 0.2843
vn -0.7646 -0.6444 -0.0086
vn -0.5516 0.0282 -0.8337
vn -0.6932 0.1124 -0.7120
vn 0.0784 -0.7895 0.6087
vn -0.6454 0.6021 -0.4701
vn -0.2212 0.1837 -0.9578
vn 0.2151 0.2331 -0.9484
vn 0.9928 0.1200 -0.0023
vn 0.9801 -0.1876 0.0650
vn -0.6932 0.1124 -0.7119
vn 0.9987 0.0189 -0.0473
vn -0.5168 0.6789 -0.5216
vn -0.4740 0.7613 0.4424
vn -0.8098 0.4509 0.3754
vn -0.6932 0.1125 -0.7120
vn -0.9941 0.0747 -0.0789
vn -0.2954 -0.3301 0.8965
vn 0.1333 0.2532 0.9582
vn -0.7892 -0.0131 0.6140
vn 0.3961 -0.1670 0.9029
vn 0.2691 0.1984 0.9424
vn 0.9401 0.0351 0.3390
vn 0.9072 -0.4187 -0.0407
vn -0.3201 -0.4535 -0.8318
vn -0.8930 -0.1236 0.4328
vn 0.4270 -0.3345 0.8401
vn 0.3908 -0.9168 0.0817
vn 0.9180 -0.0393 -0.3945
vn 0.7782 -0.1432 -0.6115
vn -0.3351 0.0405 -0.9413
vn -0.4282 0.2289 -0.8742
vn 0.2148 -0.0590 0.9749
vn 0.0203 -0.2693 -0.9628
vn -0.0979 -0.8561 0.5074
vn -0.8801 -0.4584 -0.1236
vn 0.6652 -0.7227 -0.1876
vn 0.0119 0.1167 0.9931
vn -0.2726 0.0334 0.9615
vn 0.9280 0.3351 0.1628
vn 0.9331 0.3397 -0.1176
vn 0.5199 -0.4246 0.7412
vn 0.9927 0.1202 -0.0022
vn 0.8175 0.4395 0.3722
vn 0.3297 -0.3156 -0.8898
vn 0.9928 0.1200 -0.0024
vn 0.0118 0.1166 0.9931
vn 0.6652 -0.7227 -0.1877
vn 0.9281 0.3351 0.1626
vn -0.2727 0.0334 0.9615
vn 0.9331 0.3398 -0.1177
vn -0.4841 -0.8487 -0.2132
vn -0.9843 0.0597 -0.1663
vn -0.9968 0.0539 0.0595
vn -0.9449 -0.2483 0.2134
vn 0.2332 -0.1818 0.9553
vn 0.2924 0.0077 0.9563
vn -0.9737 -0.1377 -0.1816
vn 0.2110 0.4547 -0.8653
vn -0.9664 -0.2570 -0.0007
vn 0.0147 0.3724 -0.9279
vn -0.0199 0.6494 -0.7602
vn -0.9980 0.0629 0.0037
vn -0.9260 -0.2581 -0.2757
vn -0.1383 0.5520 0.8223
vn -0.1443 -0.5555 0.8189
vn -0.5825 -0.4660 -0.6659
vn 0.0974 -0.1261 -0.9872
vn -0.6383 -0.6746 0.3707
vn -0.4800 0.5391 0.6921
vn -0.1131 0.5385 0.8350
vn 0.1889 -0.4777 0.8580
vn 0.8603 0.5039 0.0770
vn 0.0609 -0.4714 0.8798
vn 0.9609 -0.0623 0.2699
vn -0.0010 0.7003 -0.7138
vn 0.1972 0.3752 -0.9057
vn 0.7900 -0.1557 -0.5931
vn 0.2822 0.6936 0.6628
vn 0.8743 -0.3350 0.3512
vn -0.1004 0.6029 -0.7914
vn 0.7900 -0.1557 -0.5929
vn 0.0975 -0.1261 -0.9872
vn -0.6382 -0.6747 0.3707
vn 0.1889 -0.4778 0.8579
vn -0.5826 -0.4660 -0.6659
vn -0.3618 -0.9194 -0.1544
vn -0.3656 -0.9301 0.0350
vn 0.0080 0.1330 0.9911
vn -0.2320 -0.5944 0.7700
vn 0.1691 0.4250 0.8892
vn -0.2398 -0.9690 0.0587
vn -0.9968 -0.0218 0.0772
vn 0.2119 0.0309 0.9768
vn -0.1909 0.7675 0.6120
vn -0.2636 0.7823 0.5645
vn -0.9932 -0.1041 0.0515
vn -0.0173 0.8525 -0.5225
vn 0.3364 0.7829 -0.5233
vn -0.9664 -0.2569 -0.0007
vn -0.0885 -0.3896 0.9167
vn -0.2521 -0.9642 0.0817
vn -0.9380 -0.1978 0.2845
vn -0.5762 -0.3323 0.7467
vn 0.1691 0.4249 0.8893
vn 0.3867 0.7551 0.5295
vn -0.0748 0.0470 0.9961
vn -0.9992 -0.0146 -0.0374
vn -0.2359 -0.6871 0.6872
vn -0.3679 0.8461 -0.3856
vn -0.3580 0.8916 0.2772
vt 0.730382 0.103619
vt 0.705649 0.144477
vt 0.906050 0.162418
vt 0.907543 0.101904
vt 0.999984 0.166941
vt 1.001061 0.095946
vt 0.733494 0.205318
vt 0.838940 0.209383
vt 0.991053 0.210366
vt 0.981648 0.252295
vt 0.840260 0.252371
vt 0.689743 0.104698
vt 0.991405 0.052870
vt 0.810174 0.064464
vt 0.981657 0.011468
vt 0.840250 0.011429
vt 0.734207 0.056759
vt 0.693123 0.056174
vt 0.518060 0.096757
vt 0.575201 0.047645
vt 0.473165 0.043970
vt 0.716055 0.011396
vt 0.597290 0.011359
vt 0.510869 0.011322
vt 0.522475 0.164896
vt 0.485011 0.157654
vt 0.479927 0.107408
vt 0.445175 0.049232
vt 0.473366 0.225391
vt 0.579352 0.211659
vt 0.510849 0.252622
vt 0.597275 0.252464
vt 0.688056 0.203710
vt 0.716059 0.252303
vt 0.459430 0.138427
vt 0.448360 0.105872
vt 0.445220 0.217118
vt 0.468555 0.252667
vt 0.435264 0.252667
vt 0.710772 0.204691
vt 0.809314 0.993189
vt 0.844593 0.748486
vt 0.799681 0.766537
vt 0.795370 0.616810
vt 0.844460 0.624653
vt 0.796731 0.566457
vt 0.846052 0.573862
vt 0.737687 0.589384
vt 0.737679 0.566887
vt 0.737691 0.611583
vt 0.903594 0.595045
vt 0.902086 0.622902
vt 0.947494 0.615460
vt 0.947980 0.591500
vt 0.993009 0.611673
vt 0.993010 0.589483
vt 0.948583 0.568105
vt 0.993012 0.566905
vt 0.904969 0.574145
vt 0.939443 0.344499
vt 0.898532 0.361084
vt 0.993076 0.320695
vt 0.854260 0.365264
vt 0.915162 0.347050
vt 0.854851 0.350073
vt 0.993004 0.780156
vt 0.944441 0.769131
vt 0.900724 0.759988
vt 0.936461 0.995025
vt 0.880074 0.997653
vt 0.789589 0.353336
vt 0.737576 0.320774
vt 0.459999 0.699940
vt 0.421847 0.911548
vt 0.493482 0.874305
vt 0.334346 0.703269
vt 0.334346 0.906337
vt 0.574509 0.696105
vt 0.570429 0.874521
vt 0.490508 0.948126
vt 0.334346 0.965522
vt 0.365140 0.975937
vt 0.420117 0.965795
vt 0.650541 0.838561
vt 0.643075 0.892767
vt 0.726515 0.817051
vt 0.726515 0.703484
vt 0.726515 0.932364
vt 0.709975 0.959389
vt 0.635989 0.948441
vt 0.695226 0.983366
vt 0.579503 0.979625
vt 0.726515 0.978941
vt 0.572418 0.925007
vt 0.726515 0.610225
vt 0.575486 0.609180
vt 0.574131 0.447552
vt 0.726515 0.445670
vt 0.628909 0.318546
vt 0.561909 0.331279
vt 0.561667 0.289065
vt 0.629838 0.284131
vt 0.681244 0.268659
vt 0.726515 0.308737
vt 0.465542 0.609718
vt 0.497836 0.448231
vt 0.389955 0.608312
vt 0.424485 0.456931
vt 0.334346 0.436815
vt 0.434410 0.332167
vt 0.334346 0.318454
vt 0.382074 0.269755
vt 0.433481 0.285227
vt 0.501409 0.332846
vt 0.501652 0.290161
vt 0.532354 0.423067
vt 0.334346 0.607952
vt 0.079805 0.232283
vt 0.164710 0.210607
vt 0.122523 0.194649
vt 0.082536 0.195321
vt 0.065738 0.163787
vt 0.098907 0.148763
vt 0.061632 0.142152
vt 0.067395 0.121429
vt 0.123677 0.114515
vt 0.175785 0.114562
vt 0.094627 0.115280
vt 0.071940 0.113520
vt 0.035702 0.148111
vt 0.041923 0.132093
vt 0.020229 0.138299
vt 0.026355 0.125859
vt 0.005702 0.131286
vt 0.011940 0.118620
vt 0.124248 0.087244
vt 0.097369 0.085301
vt 0.124231 0.055219
vt 0.098622 0.055224
vt 0.124118 0.033753
vt 0.158367 0.040381
vt 0.164154 0.054336
vt 0.099739 0.035139
vt 0.171577 0.088395
vt 0.192231 0.080816
vt 0.172887 0.036601
vt 0.229659 0.051083
vt 0.207206 0.014433
vt 0.253565 0.037615
vt 0.259273 0.099604
vt 0.295568 0.088781
vt 0.225257 0.005464
vt 0.257519 0.214069
vt 0.210893 0.208562
vt 0.203087 0.112287
vt 0.256732 0.004405
vt 0.275505 0.029551
vt 0.296663 0.056271
vt 0.254448 0.243670
vt 0.287294 0.248875
vt 0.299549 0.220380
vt 0.323300 0.104611
vt 0.343328 0.116239
vt 0.349575 0.166371
vt 0.341191 0.234380
vt 0.379236 0.180734
vt 0.393815 0.198439
vt 0.369935 0.227020
vt 0.383913 0.245331
vt 0.408148 0.211617
vt 0.372524 0.153454
vt 0.406401 0.154959
vt 0.418570 0.170953
vt 0.432503 0.130104
vt 0.445823 0.142555
vt 0.433494 0.180403
vt 0.448844 0.163198
vt 0.412154 0.127150
vt 0.395815 0.139939
vt 0.325332 0.261049
vt 0.344700 0.051550
vt 0.359289 0.070966
vt 0.389947 0.045029
vt 0.374202 0.026325
vt 0.391323 0.064504
vt 0.369359 0.086828
vt 0.352694 0.023153
vt 0.330809 0.036634
vt 0.068269 0.054545
vt 0.088448 0.054365
vt 0.085147 0.033440
vt 0.068311 0.035581
vt 0.069129 0.082960
vt 0.091835 0.081384
vt 0.214759 0.239928
vt 0.170727 0.242683
vt 0.094294 0.262400
vt 0.737783 0.987757
vt 0.737708 0.780107
vt 0.274783 0.263290
vt 0.251897 0.284556
vt 0.265085 0.304716
vt 0.290410 0.280108
vt 0.230808 0.322133
vt 0.234686 0.293532
vt 0.317161 0.315098
vt 0.326877 0.296848
vt 0.247112 0.446506
vt 0.230894 0.421947
vt 0.204488 0.436013
vt 0.200804 0.450038
vt 0.202857 0.296193
vt 0.220949 0.280878
vt 0.186739 0.265822
vt 0.206200 0.254811
vt 0.152216 0.291162
vt 0.194174 0.426648
vt 0.177297 0.438725
vt 0.148125 0.271043
vt 0.109679 0.437051
vt 0.158639 0.453515
vt 0.110675 0.292890
vt 0.130164 0.279394
vt 0.048936 0.787641
vt 0.037433 0.823986
vt 0.095670 0.805101
vt 0.018334 0.795488
vt 0.001309 0.823986
vt 0.001309 0.828672
vt 0.001309 0.805245
vt 0.001309 0.793266
vt 0.072476 0.756292
vt 0.104842 0.722758
vt 0.009703 0.762035
vt 0.001309 0.770446
vt 0.001309 0.745864
vt 0.041600 0.754625
vt 0.045013 0.731461
vt 0.001309 0.728107
vt 0.001309 0.706350
vt 0.045012 0.704329
vt 0.000634 0.640415
vt 0.080537 0.664700
vt 0.172489 0.654188
vt 0.168984 0.731210
vt 0.146949 0.810560
vt 0.044855 0.876465
vt 0.134665 0.883862
vt 0.053879 0.921862
vt 0.230813 0.753236
vt 0.327296 0.709405
vt 0.289853 0.844016
vt 0.198004 0.819694
vt 0.222406 0.906637
vt 0.208321 0.985394
vt 0.032665 0.835220
vt 0.001309 0.884699
vt 0.068912 0.997425
vt 0.136690 0.961832
vt 0.001309 0.847491
vt 0.001309 0.839125
vt 0.041894 0.649915
vt 0.070649 0.583980
vt 0.103642 0.580263
vt 0.049090 0.502723
vt 0.103028 0.449168
vt 0.013527 0.576938
vt 0.001309 0.788851
vt 0.992969 0.987765
vt 0.232379 0.916718
vt 0.282941 0.969753
vt 0.311768 0.908112
vt 0.306313 0.933309
vt 0.220304 0.994415
vt 0.243005 0.989735
vt 0.222758 0.978624
vt 0.468563 0.011307
vt 0.435273 0.011298
s 1
usemtl enemy_tonnel.001
f 619/279/508 620/280/509 621/281/510
f 619/279/508 621/281/510 622/282/511
f 622/282/511 621/281/510 623/283/512
f 622/282/511 623/283/512 624/284/513
f 621/281/510 620/280/509 625/285/514
f 621/281/510 625/285/514 626/286/515
f 623/283/512 621/281/510 626/286/515
f 623/283/512 626/286/515 627/287/516
f 628/288/517 627/287/516 626/286/515
f 628/288/517 626/286/515 629/289/518
f 629/289/518 626/286/515 625/285/514
f 619/279/508 630/290/519 620/280/509
f 622/282/511 624/284/513 631/291/520
f 632/292/521 622/282/511 631/291/520
f 619/279/508 622/282/511 632/292/521
f 632/292/521 631/291/520 633/293/522
f 632/292/521 633/293/522 634/294/523
f 634/294/523 635/295/524 632/292/521
f 619/279/508 632/292/521 635/295/524
f 636/296/525 630/290/519 619/279/508
f 636/296/525 619/279/508 635/295/524
f 636/296/525 637/297/526 630/290/519
f 636/296/525 638/298/527 637/297/526
f 638/298/527 639/299/528 637/297/526
f 640/300/529 638/298/527 636/296/525
f 634/294/523 640/300/529 635/295/524
f 636/296/525 635/295/524 640/300/529
f 640/300/529 641/301/530 638/298/527
f 642/302/531 639/299/528 638/298/527
f 642/302/531 638/298/527 641/301/530
f 643/303/532 630/290/519 637/297/526
f 644/304/533 643/303/532 637/297/526
f 644/304/533 637/297/526 645/305/534
f 637/297/526 639/299/528 645/305/534
f 639/299/528 646/306/535 645/305/534
f 647/307/536 643/303/532 644/304/533
f 647/307/536 648/308/537 643/303/532
f 648/308/537 647/307/536 649/309/538
f 648/308/537 649/309/538 650/310/539
f 651/311/540 648/308/537 650/310/539
f 651/311/540 650/310/539 652/312/541
f 645/305/534 653/313/542 644/304/533
f 645/305/534 654/314/543 653/313/542
f 653/313/542 655/315/544 644/304/533
f 655/315/544 647/307/536 644/304/533
f 655/315/544 656/316/545 647/307/536
f 649/309/538 647/307/536 656/316/545
f 655/315/544 657/317/546 656/316/545
f 648/308/537 651/311/540 620/280/509
f 648/308/537 620/280/509 643/303/532
f 643/303/532 620/280/509 630/290/519
f 620/280/509 651/311/540 658/318/547
f 658/318/547 651/311/540 652/312/541
f 625/285/514 658/318/547 652/312/541
f 625/285/514 620/280/509 658/318/547
f 629/289/518 625/285/514 652/312/541
f 659/319/548 660/320/549 661/321/550
f 660/320/549 662/322/551 661/321/550
f 660/320/549 663/323/552 662/322/551
f 663/323/552 664/324/553 662/322/551
f 663/323/552 665/325/554 664/324/553
f 666/326/555 662/322/551 664/324/553
f 667/327/556 666/326/555 664/324/553
f 666/326/555 668/328/557 662/322/551
f 661/321/550 662/322/551 668/328/557
f 669/329/558 665/325/554 663/323/552
f 670/330/559 669/329/558 663/323/552
f 670/330/559 663/323/552 660/320/549
f 669/329/558 670/330/559 671/331/560
f 669/329/558 671/331/560 672/332/561
f 672/332/561 671/331/560 673/333/562
f 672/332/561 673/333/562 674/334/563
f 675/335/564 672/332/561 674/334/563
f 675/335/564 674/334/563 676/336/565
f 677/337/566 669/329/558 672/332/561
f 677/337/566 672/332/561 675/335/564
f 669/329/558 677/337/566 665/325/554
f 677/337/566 675/335/564 678/338/567
f 678/338/567 675/335/564 676/336/565
f 677/337/566 678/338/567 679/339/568
f 665/325/554 677/337/566 679/339/568
f 678/338/567 676/336/565 680/340/569
f 665/325/554 679/339/568 681/341/570
f 682/342/571 681/341/570 679/339/568
f 682/342/571 683/343/572 681/341/570
f 671/331/560 684/344/573 673/333/562
f 671/331/560 685/345/574 684/344/573
f 671/331/560 670/330/559 686/346/575
f 671/331/560 686/346/575 685/345/574
f 687/347/576 684/344/573 685/345/574
f 686/346/575 687/347/576 685/345/574
f 670/330/559 660/320/549 686/346/575
f 660/320/549 688/348/577 686/346/575
f 660/320/549 689/319/578 688/348/577
f 686/346/575 688/348/577 690/347/579
f 681/341/570 691/349/580 664/324/553
f 681/341/570 664/324/553 665/325/554
f 692/349/581 667/327/556 664/324/553
f 693/349/581 694/350/582 667/327/583
f 695/351/584 696/352/585 697/353/586
f 695/351/584 698/354/587 696/352/585
f 698/354/587 699/355/588 696/352/585
f 697/353/586 700/356/589 695/351/584
f 697/353/586 701/357/590 700/356/589
f 697/353/586 696/352/585 702/358/591
f 696/352/585 699/355/588 703/359/592
f 696/352/585 703/359/592 704/360/593
f 704/360/593 705/361/594 696/352/585
f 696/352/585 705/361/594 702/358/591
f 700/356/589 701/357/590 706/362/595
f 707/363/596 706/362/595 701/357/590
f 707/363/596 708/364/597 706/362/595
f 709/365/598 706/362/595 708/364/597
f 709/365/598 700/356/589 706/362/595
f 710/366/599 708/364/597 707/363/596
f 710/366/599 707/363/596 711/367/600
f 707/363/596 712/368/601 711/367/600
f 711/367/600 712/368/601 713/369/602
f 712/368/601 707/363/596 714/370/603
f 715/371/604 710/366/599 711/367/600
f 716/371/605 711/367/600 713/369/602
f 707/363/596 701/357/590 717/372/606
f 707/363/596 717/372/606 714/370/603
f 717/372/606 701/357/590 697/353/586
f 717/372/606 697/353/586 702/358/591
f 718/370/607 717/372/606 702/358/591
f 712/368/601 719/370/608 713/369/602
f 709/365/598 720/373/609 721/374/610
f 709/365/598 721/374/610 700/356/589
f 720/373/609 722/375/611 721/374/610
f 720/373/609 723/376/612 722/375/611
f 723/376/612 724/377/613 722/375/611
f 725/378/614 722/375/611 724/377/613
f 724/377/613 726/379/615 725/378/614
f 724/377/613 727/380/616 726/379/615
f 728/381/617 727/380/616 724/377/613
f 724/377/613 729/382/618 728/381/617
f 723/376/612 729/382/618 724/377/613
f 695/351/584 700/356/589 721/374/610
f 695/351/584 721/374/610 730/383/619
f 731/384/620 730/383/619 721/374/610
f 731/384/620 721/374/610 722/375/611
f 731/384/620 732/385/621 730/383/619
f 695/351/584 730/383/619 732/385/621
f 731/384/620 733/386/622 732/385/621
f 733/386/622 734/387/623 732/385/621
f 734/387/623 733/386/622 735/388/624
f 735/388/624 733/386/622 731/384/620
f 734/387/623 735/388/624 736/389/625
f 735/388/624 737/390/626 736/389/625
f 735/388/624 738/391/627 737/390/626
f 738/391/627 735/388/624 739/392/628
f 738/391/627 739/392/628 740/393/629
f 695/351/584 732/385/621 698/354/587
f 735/388/624 731/384/620 741/394/630
f 735/388/624 741/394/630 739/392/628
f 698/354/587 732/385/621 742/395/631
f 732/385/621 734/387/623 742/395/631
f 743/396/632 744/397/633 745/398/634
f 746/399/635 743/396/632 745/398/634
f 745/398/634 747/400/636 746/399/635
f 745/398/634 748/401/637 747/400/636
f 747/400/636 748/401/637 749/402/638
f 748/401/637 750/403/639 749/402/638
f 751/404/640 748/401/637 745/398/634
f 745/398/634 752/405/641 751/404/640
f 748/401/637 751/404/640 753/406/642
f 748/401/637 753/406/642 750/403/639
f 753/406/642 754/407/643 750/403/639
f 755/408/644 747/400/636 749/402/638
f 755/408/644 749/402/638 756/409/645
f 757/410/646 755/408/644 756/409/645
f 757/410/646 756/409/645 758/411/647
f 759/412/648 757/410/646 758/411/647
f 759/412/648 758/411/647 760/413/649
f 753/406/642 751/404/640 761/414/650
f 753/406/642 761/414/650 762/415/651
f 762/415/651 761/414/650 763/416/652
f 762/415/651 763/416/652 764/417/653
f 763/416/652 765/418/654 764/417/653
f 766/419/655 765/418/654 763/416/652
f 767/420/656 766/419/655 763/416/652
f 761/414/650 767/420/656 763/416/652
f 765/418/654 768/421/657 764/417/653
f 761/414/650 769/422/658 767/420/656
f 770/423/659 771/424/660 767/420/661
f 772/425/662 771/424/660 770/423/659
f 772/425/662 773/426/663 771/424/660
f 774/427/664 773/426/663 772/425/662
f 775/428/665 774/427/664 772/425/662
f 772/425/662 770/423/659 775/428/665
f 775/428/665 776/429/666 774/427/664
f 774/427/664 777/430/657 773/426/663
f 776/429/666 775/428/665 778/431/667
f 775/428/665 779/432/668 778/431/667
f 775/428/665 780/433/669 779/432/668
f 770/423/659 780/433/669 775/428/665
f 780/433/669 770/423/659 781/422/670
f 782/405/641 780/433/669 781/422/670
f 779/432/668 780/433/669 782/405/641
f 774/427/664 783/434/671 777/430/657
f 774/427/664 784/435/672 783/434/671
f 785/429/673 784/435/672 774/427/664
f 785/429/673 786/436/674 784/435/672
f 744/397/675 779/432/668 782/405/641
f 779/432/668 787/437/676 778/431/667
f 788/438/677 778/431/667 787/437/676
f 788/438/677 789/439/678 778/431/667
f 790/429/679 778/431/667 789/439/678
f 791/440/680 790/429/679 789/439/678
f 789/439/678 792/441/681 791/440/680
f 789/439/678 793/442/682 792/441/681
f 789/439/678 794/443/683 793/442/682
f 788/438/677 794/443/683 789/439/678
f 795/444/684 793/442/682 794/443/683
f 794/443/683 796/445/685 795/444/684
f 794/443/683 797/446/686 796/445/685
f 798/447/687 797/446/686 794/443/683
f 796/445/685 797/446/686 798/447/687
f 796/445/685 798/447/687 799/448/688
f 795/444/684 800/449/638 793/442/682
f 796/445/685 801/450/689 795/444/684
f 796/445/685 802/451/690 801/450/689
f 799/448/688 802/451/690 796/445/685
f 802/451/690 803/452/691 801/450/689
f 802/451/690 804/453/692 803/452/691
f 799/448/688 805/454/693 802/451/690
f 805/454/693 804/453/692 802/451/690
f 805/454/693 806/455/694 804/453/692
f 807/456/695 801/450/689 803/452/691
f 807/456/695 808/457/696 801/450/689
f 808/457/696 800/449/638 795/444/684
f 808/457/696 795/444/684 801/450/689
f 788/438/677 809/458/697 794/443/683
f 810/459/698 811/460/699 812/461/700
f 810/459/698 812/461/700 813/462/701
f 790/429/679 811/460/699 810/459/698
f 790/429/679 791/440/680 811/460/699
f 811/460/699 814/463/702 812/461/700
f 811/460/699 815/464/703 814/463/702
f 791/440/680 815/464/703 811/460/699
f 791/440/680 792/441/681 815/464/703
f 810/459/698 813/462/701 816/465/704
f 810/459/698 816/465/704 817/466/705
f 818/429/673 810/459/698 817/466/705
f 818/429/673 817/466/705 819/436/706
f 820/422/707 770/423/708 821/420/709
f 751/404/640 752/405/641 769/422/710
f 751/404/640 822/422/711 761/414/650
f 823/467/712 824/468/713 825/469/701
f 823/467/712 825/469/701 826/470/714
f 827/471/715 824/468/713 823/467/712
f 827/471/715 828/472/716 824/468/713
f 753/406/642 828/472/716 827/471/715
f 754/407/643 753/406/642 827/471/715
f 744/397/633 829/405/717 745/398/634
f 779/432/668 830/473/718 787/437/676
f 831/397/719 830/473/718 779/432/668
f 831/397/719 832/474/720 830/473/718
f 833/475/721 832/474/720 831/397/719
f 833/475/721 831/397/719 743/396/722
f 834/476/723 835/319/548 661/321/550
f 834/476/723 661/321/550 836/477/724
f 836/477/724 661/321/550 668/328/557
f 837/478/725 838/479/726 839/480/727
f 837/478/725 839/480/727 840/481/728
f 838/479/726 841/482/729 839/480/727
f 838/479/726 842/483/730 841/482/729
f 839/480/727 843/484/731 840/481/728
f 840/481/728 843/484/731 844/485/732
f 839/480/727 845/486/733 843/484/731
f 839/480/727 841/482/729 846/487/734
f 839/480/727 846/487/734 845/486/733
f 847/488/735 845/486/733 846/487/734
f 841/482/729 847/488/735 846/487/734
f 847/488/735 848/489/736 845/486/733
f 841/482/729 849/490/737 847/488/735
f 850/483/738 849/490/737 841/482/729
f 850/483/738 851/491/739 849/490/737
f 851/491/739 852/492/740 849/490/737
f 851/491/739 853/493/741 852/492/740
f 852/492/740 854/494/742 849/490/737
f 849/490/737 855/495/743 847/488/735
f 855/495/743 849/490/737 856/496/744
f 847/488/735 855/495/743 856/496/744
f 847/488/735 856/496/744 848/489/736
f 849/490/737 854/494/742 856/496/744
f 852/492/745 857/497/746 858/494/747
f 859/498/733 860/499/736 861/496/748
f 862/500/749 859/498/733 861/496/748
f 862/500/749 861/496/748 863/494/742
f 864/501/750 862/500/749 863/494/742
f 865/502/751 866/503/752 867/504/753
f 865/502/751 868/505/754 866/503/752
f 868/505/754 869/506/755 866/503/752
f 870/507/756 866/503/752 869/506/755
f 869/506/755 868/505/754 871/508/757
f 871/508/757 868/505/754 872/509/758
f 867/504/753 873/510/759 865/502/751
f 867/504/753 874/511/760 873/510/759
f 868/505/754 865/502/751 875/512/761
f 876/513/762 868/505/754 875/512/761
f 876/513/762 875/512/761 877/514/763
f 865/502/751 878/515/764 875/512/761
f 865/502/751 873/510/759 878/515/764
f 879/516/765 877/514/763 875/512/761
f 875/512/761 878/515/764 879/516/765
f 878/515/764 873/510/759 879/516/765
f 873/510/759 874/511/760 879/516/765
f 877/514/763 879/516/765 880/517/766
f 880/517/766 879/516/765 881/518/767
f 879/516/765 882/519/768 881/518/767
f 874/511/760 882/519/768 879/516/765
f 881/518/767 882/519/768 883/520/769
f 884/521/770 882/519/768 874/511/760
f 884/521/770 874/511/760 885/522/771
f 874/511/760 886/523/772 885/522/771
f 867/504/753 886/523/772 874/511/760
f 867/504/753 887/524/773 886/523/772
f 888/525/774 887/524/773 867/504/753
f 888/525/774 889/526/775 887/524/773
f 888/525/774 890/527/776 889/526/775
f 886/523/772 891/528/777 885/522/771
f 887/524/773 891/528/777 886/523/772
f 892/529/778 885/522/771 891/528/777
f 892/529/778 891/528/777 893/530/779
f 893/530/779 891/528/777 894/531/780
f 889/526/775 894/531/780 887/524/773
f 887/524/773 894/531/780 891/528/777
f 893/530/779 894/531/780 895/532/781
f 889/526/775 896/532/782 894/531/780
f 897/533/783 896/532/782 889/526/775
f 888/525/774 867/504/753 898/534/784
f 899/535/785 888/525/774 898/534/784
f 888/525/774 899/535/785 900/527/786
f 900/527/787 901/536/788 889/526/789
f 901/536/788 902/537/790 889/526/789
f 903/538/791 899/535/785 898/534/784
f 904/539/792 903/538/791 898/534/784
f 905/537/793 906/533/794 889/526/795
f 907/526/796 908/531/797 896/532/798
f 907/526/796 909/524/799 908/531/797
f 910/525/800 909/524/799 907/526/796
f 910/525/800 907/526/796 911/527/801
f 910/525/800 912/504/802 909/524/799
f 912/504/802 913/523/803 909/524/799
f 912/504/802 914/511/804 913/523/803
f 912/504/802 915/510/805 914/511/804
f 912/504/802 916/502/806 915/510/805
f 916/502/806 912/504/802 917/503/807
f 916/502/806 917/503/807 918/505/808
f 918/505/808 917/503/807 919/506/809
f 920/507/810 919/506/809 917/503/807
f 919/506/809 921/508/811 918/505/808
f 921/508/811 922/509/758 918/505/808
f 918/505/808 923/512/812 916/502/806
f 924/513/813 923/512/812 918/505/808
f 924/513/813 925/514/814 923/512/812
f 916/502/806 923/512/812 926/515/815
f 916/502/806 926/515/815 915/510/805
f 927/516/816 923/512/812 925/514/814
f 923/512/812 927/516/816 926/515/815
f 926/515/815 927/516/816 915/510/805
f 915/510/805 927/516/816 914/511/804
f 925/514/814 928/517/766 927/516/816
f 928/517/766 929/518/767 927/516/816
f 927/516/816 929/518/767 930/519/817
f 914/511/804 927/516/816 930/519/817
f 931/521/818 914/511/804 930/519/817
f 931/521/818 932/522/819 914/511/804
f 914/511/804 932/522/819 913/523/803
f 913/523/803 932/522/819 933/528/820
f 934/529/821 933/528/820 932/522/819
f 934/529/821 935/530/779 933/528/820
f 935/530/779 908/531/797 933/528/820
f 935/530/779 936/532/822 908/531/797
f 909/524/799 913/523/803 933/528/820
f 909/524/799 933/528/820 908/531/797
f 931/521/818 930/519/817 937/540/823
f 937/540/823 938/541/824 931/521/818
f 931/521/818 938/541/824 939/542/825
f 939/542/825 938/541/824 940/543/826
f 940/543/826 941/544/778 939/542/825
f 937/540/823 930/519/817 942/520/827
f 938/541/824 937/540/823 942/520/827
f 929/518/767 942/520/827 930/519/817
f 938/541/824 942/520/827 943/545/828
f 944/543/829 938/541/824 943/545/828
f 945/543/826 946/542/830 941/544/831
f 946/542/830 945/543/826 947/541/832
f 884/521/770 946/542/830 947/541/832
f 948/540/833 884/521/770 947/541/832
f 884/521/770 948/540/833 882/519/768
f 948/540/833 883/520/769 882/519/768
f 947/541/832 883/520/769 948/540/833
f 947/541/832 949/545/834 883/520/769
f 950/543/829 949/545/834 947/541/832
f 951/509/835 868/505/754 952/546/836
f 868/505/754 953/513/837 952/546/836
f 951/509/835 952/546/836 918/505/838
f 918/505/838 952/546/836 953/513/837
f 954/347/576 955/547/839 684/344/573
f 956/548/840 957/549/841 958/550/842
f 957/549/841 959/551/843 958/550/842
f 960/552/792 961/553/844 962/554/845
f 961/553/844 963/549/846 962/554/845
f 964/548/847 962/554/845 963/549/846
f 965/555/848 966/556/849 639/299/528
f 642/302/531 965/555/848 639/299/528
f 966/556/849 646/306/535 639/299/528
f 967/279/850 968/282/851 969/281/852
f 967/279/850 969/281/852 970/280/853
f 968/282/851 971/283/854 969/281/852
f 968/282/851 972/284/855 971/283/854
f 969/281/852 973/285/856 970/280/853
f 969/281/852 974/286/857 973/285/856
f 971/283/854 974/286/857 969/281/852
f 971/283/854 975/287/858 974/286/857
f 976/288/859 974/286/857 975/287/858
f 976/288/859 977/289/860 974/286/857
f 977/289/860 973/285/856 974/286/857
f 967/279/850 970/280/853 978/290/861
f 968/282/851 979/291/862 972/284/855
f 980/292/863 979/291/862 968/282/851
f 967/279/850 980/292/863 968/282/851
f 980/292/863 981/293/859 979/291/862
f 980/292/863 982/294/864 981/293/859
f 982/294/864 980/292/863 983/295/865
f 967/279/850 983/295/865 980/292/863
f 984/296/866 983/295/865 967/279/850
f 984/296/866 967/279/850 978/290/861
f 984/296/866 978/290/861 985/297/867
f 984/296/866 985/297/867 986/298/868
f 986/298/868 985/297/867 987/299/869
f 988/300/870 984/296/866 986/298/868
f 982/294/864 983/295/865 988/300/870
f 984/296/866 988/300/870 983/295/865
f 988/300/870 986/298/868 989/301/871
f 990/302/872 986/298/868 987/299/869
f 990/302/872 989/301/871 986/298/868
f 991/303/873 985/297/867 978/290/861
f 992/304/874 985/297/867 991/303/873
f 992/304/874 993/305/875 985/297/867
f 985/297/867 993/305/875 987/299/869
f 987/299/869 993/305/875 994/306/876
f 995/307/877 992/304/874 991/303/873
f 995/307/877 991/303/873 996/308/878
f 996/308/878 997/309/879 995/307/877
f 996/308/878 998/310/880 997/309/879
f 999/311/881 998/310/880 996/308/878
f 999/311/881 1000/312/882 998/310/880
f 993/305/875 992/304/874 1001/313/883
f 993/305/875 1001/313/883 1002/314/884
f 1001/313/883 992/304/874 1003/315/885
f 1003/315/885 992/304/874 995/307/877
f 1003/315/885 995/307/877 1004/316/886
f 997/309/879 1004/316/886 995/307/877
f 1003/315/885 1004/316/886 1005/317/887
f 996/308/878 970/280/853 999/311/881
f 996/308/878 991/303/873 970/280/853
f 991/303/873 978/290/861 970/280/853
f 970/280/853 1006/318/888 999/311/881
f 1006/318/888 1000/312/882 999/311/881
f 973/285/856 1000/312/882 1006/318/888
f 973/285/856 1006/318/888 970/280/853
f 977/289/860 1000/312/882 973/285/856
f 1007/319/889 1008/321/890 1009/320/891
f 1009/320/891 1008/321/890 1010/322/892
f 1009/320/891 1010/322/892 1011/323/893
f 1011/323/893 1010/322/892 1012/324/894
f 1011/323/893 1012/324/894 1013/325/895
f 1014/326/896 1012/324/894 1010/322/892
f 1015/327/897 1012/324/894 1014/326/896
f 1014/326/896 1010/322/892 1016/328/898
f 1008/321/890 1016/328/898 1010/322/892
f 1017/329/899 1011/323/893 1013/325/895
f 1018/330/900 1011/323/893 1017/329/899
f 1018/330/900 1009/320/891 1011/323/893
f 1017/329/899 1019/331/901 1018/330/900
f 1017/329/899 1020/332/902 1019/331/901
f 1020/332/902 1021/333/903 1019/331/901
f 1020/332/902 1022/334/904 1021/333/903
f 1023/335/905 1022/334/904 1020/332/902
f 1023/335/905 1024/336/906 1022/334/904
f 1025/337/907 1023/335/905 1020/332/902
f 1025/337/907 1020/332/902 1017/329/899
f 1017/329/899 1013/325/895 1025/337/907
f 1025/337/907 1026/338/908 1023/335/905
f 1026/338/908 1024/336/906 1023/335/905
f 1025/337/907 1027/339/909 1026/338/908
f 1013/325/895 1027/339/909 1025/337/907
f 1026/338/908 1028/340/910 1024/336/906
f 1013/325/895 1029/341/911 1027/339/909
f 1019/331/901 1021/333/903 1030/344/912
f 1019/331/901 1030/344/912 1031/345/913
f 1019/331/901 1032/346/914 1018/330/900
f 1019/331/901 1031/345/913 1032/346/914
f 1033/347/915 1031/345/913 1030/344/912
f 1032/346/914 1031/345/913 1033/347/915
f 1018/330/900 1032/346/914 1009/320/891
f 1009/320/891 1032/346/914 1034/348/916
f 1009/320/891 1034/348/916 1035/319/889
f 1032/346/914 1036/347/917 1034/348/916
f 1037/342/918 1027/339/919 1038/341/920
f 1037/342/918 1038/341/920 1039/343/921
f 1029/341/911 1012/324/894 1040/349/922
f 1029/341/911 1013/325/895 1012/324/894
f 1041/349/923 1012/324/894 1015/327/897
f 1042/349/924 1015/327/925 1043/350/926
f 1044/351/927 1045/353/928 1046/352/929
f 1044/351/927 1046/352/929 1047/354/930
f 1047/354/930 1046/352/929 1048/355/931
f 1045/353/928 1044/351/927 1049/356/932
f 1045/353/928 1049/356/932 1050/357/933
f 1046/352/929 1045/353/928 1051/358/934
f 1046/352/929 1051/358/934 1052/361/935
f 1053/360/936 1046/352/929 1052/361/935
f 1046/352/929 1054/359/937 1048/355/931
f 1046/352/929 1053/360/936 1054/359/937
f 1055/372/938 1051/358/934 1045/353/928
f 1055/372/938 1045/353/928 1050/357/933
f 1056/370/939 1051/358/934 1055/372/938
f 1057/363/940 1055/372/938 1050/357/933
f 1055/372/938 1057/363/940 1058/370/941
f 1057/363/940 1050/357/933 1059/362/942
f 1049/356/932 1059/362/942 1050/357/933
f 1057/363/940 1059/362/942 1060/364/597
f 1061/365/943 1060/364/597 1059/362/942
f 1061/365/943 1059/362/942 1049/356/932
f 1062/366/944 1057/363/940 1060/364/597
f 1062/366/944 1063/367/945 1057/363/940
f 1057/363/940 1063/367/945 1064/368/946
f 1057/363/940 1064/368/946 1058/370/941
f 1064/368/946 1063/367/945 1065/369/947
f 1066/370/948 1064/368/946 1065/369/947
f 1067/371/949 1063/367/945 1062/366/944
f 1068/371/950 1065/369/947 1063/367/945
f 1061/365/943 1049/356/932 1069/374/951
f 1061/365/943 1069/374/951 1070/373/952
f 1070/373/952 1069/374/951 1071/375/953
f 1070/373/952 1071/375/953 1072/376/954
f 1072/376/954 1071/375/953 1073/377/955
f 1074/378/956 1073/377/955 1071/375/953
f 1073/377/955 1074/378/956 1075/379/957
f 1073/377/955 1075/379/957 1076/380/958
f 1077/381/959 1073/377/955 1076/380/958
f 1073/377/955 1077/381/959 1078/382/960
f 1072/376/954 1073/377/955 1078/382/960
f 1044/351/927 1069/374/951 1049/356/932
f 1044/351/927 1079/383/961 1069/374/951
f 1080/384/962 1071/375/953 1069/374/951
f 1080/384/962 1069/374/951 1079/383/961
f 1080/384/962 1079/383/961 1081/385/963
f 1044/351/927 1081/385/963 1079/383/961
f 1080/384/962 1081/385/963 1082/386/964
f 1082/386/964 1081/385/963 1083/387/965
f 1083/387/965 1084/388/966 1082/386/964
f 1084/388/966 1080/384/962 1082/386/964
f 1083/387/965 1085/389/967 1084/388/966
f 1084/388/966 1085/389/967 1086/390/968
f 1084/388/966 1086/390/968 1087/391/969
f 1087/391/969 1088/392/970 1084/388/966
f 1087/391/969 1089/393/971 1088/392/970
f 1044/351/927 1047/354/930 1081/385/963
f 1084/388/966 1090/394/972 1080/384/962
f 1084/388/966 1088/392/970 1090/394/972
f 1047/354/930 1091/395/973 1081/385/963
f 1081/385/963 1091/395/973 1083/387/965
f 1092/396/974 1093/398/975 1094/397/976
f 1095/399/977 1093/398/975 1092/396/974
f 1093/398/975 1095/399/977 1096/400/978
f 1093/398/975 1096/400/978 1097/401/979
f 1096/400/978 1098/402/980 1097/401/979
f 1097/401/979 1098/402/980 1099/403/981
f 1100/404/982 1093/398/975 1097/401/979
f 1093/398/975 1100/404/982 1101/405/983
f 1097/401/979 1102/406/984 1100/404/982
f 1097/401/979 1099/403/981 1102/406/984
f 1102/406/984 1099/403/981 1103/407/985
f 1104/408/986 1098/402/980 1096/400/978
f 1104/408/986 1105/409/987 1098/402/980
f 1106/410/988 1105/409/987 1104/408/986
f 1106/410/988 1107/411/989 1105/409/987
f 1108/412/990 1107/411/989 1106/410/988
f 1108/412/990 1109/413/991 1107/411/989
f 1102/406/984 1110/414/992 1100/404/982
f 1102/406/984 1111/415/993 1110/414/992
f 1111/415/993 1112/416/994 1110/414/992
f 1111/415/993 1113/417/995 1112/416/994
f 1112/416/994 1113/417/995 1114/418/996
f 1115/419/997 1112/416/994 1114/418/996
f 1116/420/998 1112/416/994 1115/419/997
f 1110/414/992 1112/416/994 1116/420/998
f 1114/418/996 1113/417/995 1117/421/999
f 1110/414/992 1116/420/998 1118/422/1000
f 1119/423/1001 1116/420/1002 1120/424/1003
f 1121/425/1004 1119/423/1001 1120/424/1003
f 1121/425/1004 1120/424/1003 1122/426/1005
f 1123/427/1006 1121/425/1004 1122/426/1005
f 1124/428/1007 1121/425/1004 1123/427/1006
f 1121/425/1004 1124/428/1007 1119/423/1001
f 1124/428/1007 1123/427/1006 1125/429/1008
f 1123/427/1006 1122/426/1005 1126/430/1009
f 1125/429/1008 1127/431/1010 1124/428/1007
f 1124/428/1007 1127/431/1010 1128/432/1011
f 1124/428/1007 1128/432/1011 1129/433/1012
f 1119/423/1001 1124/428/1007 1129/433/1012
f 1129/433/1012 1130/422/1013 1119/423/1001
f 1131/405/1014 1130/422/1013 1129/433/1012
f 1128/432/1011 1131/405/1014 1129/433/1012
f 1123/427/1006 1126/430/1009 1132/434/995
f 1123/427/1006 1132/434/995 1133/435/993
f 1134/429/1015 1123/427/1006 1133/435/993
f 1134/429/1015 1133/435/993 1135/436/984
f 1094/397/1016 1131/405/1014 1128/432/1011
f 1128/432/1011 1127/431/1010 1136/437/1017
f 1137/438/1018 1136/437/1017 1127/431/1010
f 1137/438/1018 1127/431/1010 1138/439/1019
f 1139/429/1020 1138/439/1019 1127/431/1010
f 1140/440/1021 1138/439/1019 1139/429/1020
f 1138/439/1019 1140/440/1021 1141/441/1022
f 1138/439/1019 1141/441/1022 1142/442/981
f 1138/439/1019 1142/442/981 1143/443/1023
f 1137/438/1018 1138/439/1019 1143/443/1023
f 1144/444/1024 1143/443/1023 1142/442/981
f 1143/443/1023 1144/444/1024 1145/445/1025
f 1143/443/1023 1145/445/1025 1146/446/1026
f 1147/447/1027 1143/443/1023 1146/446/1026
f 1145/445/1025 1147/447/1027 1146/446/1026
f 1145/445/1025 1148/448/1028 1147/447/1027
f 1144/444/1024 1142/442/981 1149/449/1029
f 1145/445/1025 1144/444/1024 1150/450/1030
f 1145/445/1025 1150/450/1030 1151/451/1031
f 1148/448/1028 1145/445/1025 1151/451/1031
f 1151/451/1031 1150/450/1030 1152/452/991
f 1151/451/1031 1152/452/991 1153/453/1032
f 1148/448/1028 1151/451/1031 1154/454/1033
f 1154/454/1033 1151/451/1031 1153/453/1032
f 1154/454/1033 1153/453/1032 1155/455/1034
f 1156/456/1035 1152/452/991 1150/450/1030
f 1156/456/1035 1150/450/1030 1157/457/1036
f 1157/457/1036 1150/450/1030 1144/444/1024
f 1157/457/1036 1144/444/1024 1149/449/1029
f 1137/438/1018 1143/443/1023 1158/458/1037
f 1159/459/1038 1160/461/1039 1161/460/1040
f 1159/459/1038 1162/462/1041 1160/461/1039
f 1139/429/1020 1159/459/1038 1161/460/1040
f 1139/429/1020 1161/460/1040 1140/440/1021
f 1161/460/1040 1160/461/1039 1163/463/1042
f 1161/460/1040 1163/463/1042 1164/464/1043
f 1140/440/1021 1161/460/1040 1164/464/1043
f 1140/440/1021 1164/464/1043 1141/441/1022
f 1159/459/1038 1165/465/1044 1162/462/1041
f 1159/459/1038 1166/466/1045 1165/465/1044
f 1167/429/1015 1166/466/1045 1159/459/1038
f 1167/429/1015 1168/436/1046 1166/466/1045
f 1169/422/1047 1170/420/1048 1119/423/1049
f 1100/404/982 1118/422/1050 1101/405/983
f 1100/404/982 1110/414/992 1171/422/1013
f 1172/467/1051 1173/469/1052 1174/468/1053
f 1172/467/1051 1175/470/1039 1173/469/1052
f 1176/471/1054 1172/467/1051 1174/468/1053
f 1176/471/1054 1174/468/1053 1177/472/1055
f 1102/406/984 1176/471/1054 1177/472/1055
f 1103/407/985 1176/471/1054 1102/406/984
f 1094/397/976 1093/398/975 1178/405/983
f 1094/397/1016 1128/432/1011 1179/473/1056
f 1128/432/1011 1136/437/1017 1179/473/1056
f 1180/397/1057 1179/473/1058 1181/474/1059
f 1182/475/1060 1180/397/1057 1181/474/1059
f 1182/475/1060 1092/396/1061 1180/397/1057
f 1183/476/1062 1008/321/890 1184/319/1063
f 1183/476/1062 1185/477/1064 1008/321/890
f 1185/477/1064 1016/328/898 1008/321/890
f 1186/478/1065 1187/481/1066 1188/480/1067
f 1186/478/1065 1188/480/1067 1189/479/1068
f 1189/479/1068 1188/480/1067 1190/482/1069
f 1189/479/1068 1190/482/1069 1191/483/1070
f 1188/480/1067 1187/481/1066 1192/484/1071
f 1187/481/1066 1193/485/1072 1192/484/1071
f 1188/480/1067 1192/484/1071 1194/486/1073
f 1188/480/1067 1195/487/1074 1190/482/1069
f 1188/480/1067 1194/486/1073 1195/487/1074
f 1196/488/1075 1195/487/1074 1194/486/1073
f 1190/482/1069 1195/487/1074 1196/488/1075
f 1196/488/1075 1194/486/1073 1197/489/1076
f 1190/482/1069 1196/488/1075 1198/490/1077
f 1199/483/1078 1190/482/1069 1198/490/1077
f 1199/483/1078 1198/490/1077 1200/491/1079
f 1200/491/1079 1198/490/1077 1201/492/1080
f 1200/491/1079 1201/492/1080 1202/493/1081
f 1201/492/1080 1198/490/1077 1203/494/1082
f 1198/490/1077 1196/488/1075 1204/495/1083
f 1204/495/1083 1205/496/1084 1198/490/1077
f 1196/488/1075 1205/496/1084 1204/495/1083
f 1196/488/1075 1197/489/1076 1205/496/1084
f 1198/490/1077 1205/496/1084 1203/494/1082
f 1201/492/1085 1206/494/1086 1207/497/1087
f 1208/498/1088 1209/496/1084 1210/499/1089
f 1211/500/1090 1209/496/1084 1208/498/1088
f 1211/500/1090 1212/494/1082 1209/496/1084
f 1213/501/1087 1212/494/1082 1211/500/1090
f 910/525/800 1214/527/1091 1215/535/1092
f 1215/535/1092 1216/534/1093 910/525/800
f 1217/538/1094 1216/534/1093 1215/535/1092
f 1218/539/1095 1216/534/1093 1217/538/1094
f 910/525/800 1216/534/1093 912/504/802
f 1214/527/1096 907/526/1097 1219/536/1098
f 1219/536/1098 907/526/1097 1220/537/1099
f 1221/537/1100 907/526/1101 1222/533/1102
f 1223/533/1103 907/526/796 896/532/798
f 1224/347/915 1030/344/1104 1225/547/1062
f 1226/548/1105 1227/550/1106 1228/549/1107
f 1228/549/1107 1227/550/1106 1229/551/1108
f 1230/552/1109 1231/554/1110 1232/553/1111
f 1232/553/1111 1231/554/1110 1233/549/1112
f 1234/548/1113 1233/549/1112 1231/554/1110
f 1235/555/1114 987/299/869 1236/556/1115
f 990/302/872 987/299/869 1235/555/1114
f 1236/556/1115 987/299/869 994/306/876
