# Blender 5.1.2
# www.blender.org
mtllib monstro0015.mtl
o Object_33
v 4.565014 -132.905014 81.523972
v 4.338254 -132.559113 81.425369
v 6.325670 -132.440353 81.552483
v 6.325670 -132.918106 81.552483
v 7.102668 -132.467285 81.580780
v 7.102668 -132.936066 81.580780
v 4.604606 -132.289001 81.881615
v 5.673593 -132.345871 81.938492
v 7.098910 -132.480667 81.850616
v 7.098910 -132.718765 81.968033
v 5.673593 -132.678268 82.065178
v 4.188889 -132.890106 81.536995
v 7.098910 -132.925232 81.850616
v 5.354472 -133.015778 81.832832
v 7.098910 -132.718765 81.968033
v 5.673593 -132.678268 82.065178
v 4.604605 -132.949631 81.941986
v 4.228481 -132.949234 81.966881
v 2.392396 -133.100464 81.685524
v 3.052271 -133.067551 82.195854
v 1.939022 -133.067551 82.412827
v 4.416542 -132.597885 82.148407
v 3.241556 -132.678268 82.294983
v 2.372585 -132.678268 82.496277
v 2.392396 -132.244522 81.606728
v 1.900582 -132.319397 81.549591
v 1.900582 -133.096832 81.549591
v 1.605497 -133.076324 82.409904
v 1.939022 -132.346130 82.464088
v 3.052271 -132.289001 82.107231
v 2.372585 -132.678268 82.496277
v 3.241556 -132.678268 82.294983
v 4.151087 -132.272736 81.893082
v 4.416542 -132.597885 82.148407
v 1.633513 -132.371201 81.323006
v 1.526906 -133.167282 81.323006
v 1.605497 -132.325760 82.426895
v 1.942397 -132.678268 82.536102
v 1.607806 -132.678268 82.516968
v 4.379998 -132.272202 81.886894
v 0.619154 -132.449768 68.875793
v 0.414365 -132.308167 71.593933
v 0.935154 -132.266754 71.382149
v 0.993650 -132.513153 73.058838
v 0.487022 -132.523544 72.977684
v 0.994998 -132.511032 73.598366
v 0.464458 -132.539154 73.509979
v 1.172612 -133.127411 73.350433
v 1.172613 -133.171326 73.623421
v 1.172612 -133.095306 73.087509
v 0.308060 -133.138672 73.254631
v 0.308060 -133.095306 72.949013
v 0.740336 -133.327408 73.018265
v 0.740336 -133.369629 73.285431
v 1.172612 -133.095306 73.087509
v 1.172612 -133.127411 73.350433
v 0.740337 -133.412094 73.554169
v 1.172613 -133.171326 73.623421
v 0.308061 -133.171326 73.484924
v 0.830301 -133.629517 76.088402
v 0.306055 -133.237137 76.277496
v 1.230235 -133.237137 76.416039
v 0.334208 -132.405548 76.120567
v 0.012404 -133.560760 76.376801
v 0.012404 -132.527084 76.250900
v 1.165215 -132.951279 71.227577
v 0.715179 -133.245193 71.333466
v 0.333095 -132.951279 71.439354
v 0.619154 -133.154327 68.875793
v 0.372845 -132.879669 68.875793
v 0.619154 -132.449768 68.875793
v 0.619154 -133.154327 68.875793
v 1.294992 -132.310837 76.166573
v 1.294992 -132.310837 76.166573
v 1.294992 -132.310837 76.166573
v 1.230235 -133.237137 76.416039
v 0.968926 -133.528076 78.856369
v 0.846803 -133.735321 77.065964
v 1.250908 -133.261337 77.246635
v 0.012404 -134.118225 78.877609
v 0.012404 -133.861694 76.941177
v 1.115779 -132.679794 78.887535
v 1.245259 -132.425232 77.246635
v 1.230235 -133.237137 76.416039
v 0.012404 -133.560760 76.376801
v 0.306055 -133.237137 76.277496
v 0.830301 -133.629517 76.088402
v 0.760325 -132.216232 77.589539
v 0.831511 -132.105301 77.072639
v 0.012404 -132.278580 77.794662
v 0.012404 -132.310715 78.877609
v 0.012404 -132.254700 76.695053
v 0.193570 -132.208344 76.437347
v 0.899084 -132.132019 76.541748
v 0.334208 -132.405548 76.120567
v 1.294992 -132.310837 76.166573
v 0.012404 -132.527084 76.250900
v 0.012404 -132.527084 76.250900
v 1.280284 -132.421356 77.007362
v 1.294992 -132.310837 76.166573
v 1.294992 -132.310837 76.166573
v 0.012404 -132.197815 79.766899
v 1.178962 -132.571777 79.716705
v 1.633513 -132.371201 81.323006
v 0.012404 -131.796722 81.336067
v 0.966596 -132.178238 82.548309
v 1.605497 -132.325760 82.426895
v 1.607806 -132.678268 82.516968
v 0.957743 -132.678268 82.564018
v 0.467534 -132.733658 82.711540
v 0.012404 -132.288986 82.641838
v 1.050097 -133.475220 79.716705
v 1.526906 -133.167282 81.323006
v 0.542687 -133.922379 79.783081
v 0.871952 -133.728806 81.226639
v 0.012404 -133.906128 81.418457
v 0.966596 -133.067551 82.416367
v 0.012404 -133.111694 82.547127
v 0.467534 -132.733658 82.711540
v 0.957743 -132.678268 82.564018
v 1.605497 -133.076324 82.409904
v 1.607806 -132.678268 82.516968
v 1.900582 -133.096832 81.549591
v 0.012404 -134.090424 79.786514
v 7.304121 -132.976486 81.539520
v 7.304121 -132.432266 81.539520
v 7.452557 -132.662125 81.548004
v 7.471015 -132.844849 81.398323
v 7.696621 -132.936188 81.390800
v 7.722791 -132.771652 81.550415
v 7.814222 -132.987167 81.503250
v 7.732298 -133.018936 81.643456
v 7.998094 -132.651062 81.764587
v 7.924614 -132.317245 81.640755
v 8.008974 -132.868790 81.784622
v 8.016235 -133.040833 81.797997
v 7.952839 -132.976318 81.351234
v 7.976388 -133.031403 81.470039
v 8.094219 -132.966843 81.358345
v 8.104343 -133.019913 81.451134
v 8.187252 -133.033829 81.308746
v 8.197563 -133.087860 81.403229
v 8.153023 -132.647873 81.636078
v 8.201752 -132.844437 81.635910
v 8.200872 -132.660660 81.448280
v 8.219378 -132.841660 81.454140
v 8.336580 -132.645706 81.376869
v 8.252338 -132.421677 81.386719
v 8.151924 -132.412354 81.434792
v 8.352680 -132.813370 81.379700
v 8.087557 -132.318771 81.625534
v 8.194149 -132.314926 81.691910
v 8.252338 -132.421677 81.386719
v 8.348555 -132.648483 81.680092
v 8.336580 -132.645706 81.376869
v 8.341963 -132.848007 81.679138
v 8.046482 -132.672836 81.948761
v 8.044224 -132.872360 81.942497
v 8.352680 -132.813370 81.379700
v 7.304121 -132.709824 81.981804
v 7.304121 -132.432266 81.840729
v 7.963366 -132.302612 81.818100
v 8.087557 -132.318771 81.625534
v 7.924614 -132.317245 81.640755
v 8.219378 -132.841660 81.454140
v 8.201752 -132.844437 81.635910
v 8.044224 -132.872360 81.942497
v 8.008974 -132.868790 81.784622
v 7.098910 -132.718765 81.968033
v 7.098910 -132.925232 81.850616
v 7.304121 -132.976486 81.828369
v 8.044224 -132.872360 81.942497
v 8.042400 -133.033569 81.937431
v 8.016235 -133.040833 81.797997
v 7.732298 -133.018936 81.643456
v 7.304121 -132.976486 81.539520
v 7.704122 -133.117828 81.460487
v 7.670760 -133.044693 81.334610
v 7.422751 -132.983292 81.389915
v 7.471015 -132.844849 81.398323
v 7.696621 -132.936188 81.390800
v 7.814222 -132.987167 81.503250
v 7.961060 -133.152039 81.418671
v 7.930259 -133.077530 81.288940
v 8.197563 -133.087860 81.403229
v 8.187252 -133.033829 81.308746
v 7.952839 -132.976318 81.351234
v 8.094219 -132.966843 81.358345
v 8.104343 -133.019913 81.451134
v 7.976388 -133.031403 81.470039
v 7.102668 -132.936066 81.580780
v 8.393637 -132.844879 81.783943
v 8.388773 -133.006104 81.781639
v 8.486700 -132.989838 81.489441
v 8.490694 -132.861145 81.487854
v 8.346937 -133.003601 81.520737
v 8.271900 -133.013351 81.701218
v 8.335295 -132.851074 81.527557
v 8.257322 -132.841324 81.696854
v 8.044224 -132.872360 81.942497
v 8.008974 -132.868790 81.784622
v 8.087557 -132.318771 81.625534
v 8.151924 -132.412354 81.434792
v 8.087557 -132.318771 81.625534
v 8.346937 -133.003601 81.520737
v 8.335295 -132.851074 81.527557
v 8.490694 -132.861145 81.487854
v 8.486700 -132.989838 81.489441
v 8.271900 -133.013351 81.701218
v 8.257322 -132.841324 81.696854
v 7.924614 -132.317245 81.640755
v 7.098910 -132.480667 81.850616
v 7.304121 -132.432266 81.539520
v 7.102668 -132.467285 81.580780
v 7.102668 -132.936066 81.580780
v 0.881024 -132.879669 68.875793
v 0.619154 -132.449768 68.875793
v 1.165215 -132.951279 71.227577
v 0.619154 -132.449768 68.875793
v 0.881024 -132.879669 68.875793
v 0.881024 -132.879669 68.505905
v 0.619154 -132.449768 68.505905
v 0.619154 -133.228241 68.523651
v 0.619154 -133.154327 68.875793
v 0.905084 -132.523376 67.862648
v 0.619154 -132.354263 67.868217
v 1.063068 -134.537628 67.862648
v 0.780535 -134.328842 68.173485
v 0.426572 -134.625900 68.047722
v 0.394534 -134.811234 67.910217
v 0.357284 -132.879669 68.505905
v 0.619154 -133.154327 68.875793
v 0.372845 -132.879669 68.875793
v 0.619154 -132.449768 68.505905
v 0.619154 -132.449768 68.875793
v 0.336893 -132.543274 67.862648
v 0.265768 -134.507355 68.073181
v 0.130052 -134.634689 67.862648
v 0.619154 -132.354263 67.868217
v 0.336893 -132.543274 67.862648
v 1.063068 -134.537628 67.862648
v 0.394534 -134.811234 67.910217
v 0.130052 -134.634689 67.862648
v 0.905084 -132.523376 67.862648
v 0.336893 -132.543274 67.862648
v 0.619154 -132.354263 67.868217
v 0.405199 -133.561996 83.966873
v 0.310331 -133.536453 83.667122
v 0.704464 -133.208313 83.822868
v 0.152816 -133.639984 83.902161
v 0.012404 -133.697296 83.667122
v 0.012404 -133.636566 83.628479
v 0.012404 -133.675201 83.821686
v 0.012404 -133.802536 83.920486
v 0.599341 -133.406342 84.225418
v 0.780101 -133.212219 84.501984
v 0.081631 -133.638153 84.178062
v 0.012404 -133.712006 84.108688
v 0.012404 -133.653183 84.311424
v 0.344696 -133.614853 84.239166
v 0.372842 -133.648376 84.430214
v 0.012404 -133.688522 84.457870
v 0.012404 -133.677429 84.637306
v 0.372842 -133.629730 84.653969
v 0.012404 -133.404358 85.181091
v 0.644279 -133.357361 84.980812
v 0.668668 -132.680145 85.130341
v 0.829423 -132.693283 84.495117
v 0.676726 -132.778183 83.826881
v 0.350000 -133.358963 83.234306
v 0.458957 -132.767426 83.215637
v 0.012404 -133.099030 83.176239
v 0.674152 -132.173843 84.400513
v 0.012404 -131.828552 84.815338
v 0.012404 -131.939865 83.860649
v 0.644992 -132.369202 83.821320
v 0.012404 -132.351837 83.319336
v 0.012404 -132.351837 83.319336
v 0.012404 -132.288986 82.641838
v 0.271007 -133.516525 83.574463
v 0.012404 -133.580765 83.166397
v 0.012404 -133.099030 83.176239
v 0.012404 -133.111694 82.547127
v 0.467534 -132.733658 82.711540
v 0.012404 -133.640717 83.473259
v 0.012404 -133.613129 83.542259
v 0.467534 -132.733658 82.711540
v 0.012404 -132.288986 82.641838
v -0.434149 -132.767426 83.215637
v -0.620183 -132.369202 83.821320
v -0.651917 -132.778183 83.826881
v -0.325192 -133.358963 83.234306
v 0.012404 -133.099030 83.176239
v -0.679655 -133.208313 83.822868
v -0.804614 -132.693283 84.495117
v -0.755293 -133.212219 84.501984
v -0.574532 -133.406342 84.225418
v -0.380390 -133.561996 83.966873
v -0.285523 -133.536453 83.667122
v -0.128008 -133.639984 83.902161
v 0.012404 -133.697296 83.667122
v 0.012404 -133.636566 83.628479
v 0.012404 -133.675201 83.821686
v 0.012404 -133.802536 83.920486
v -0.056822 -133.638153 84.178062
v 0.012404 -133.712006 84.108688
v 0.012404 -133.653183 84.311424
v -0.319888 -133.614853 84.239166
v -0.348034 -133.648376 84.430214
v 0.012404 -133.688522 84.457870
v 0.012404 -133.677429 84.637306
v -0.348034 -133.629730 84.653969
v -0.619471 -133.357361 84.980812
v -0.643859 -132.680145 85.130341
v -0.649343 -132.173843 84.400513
v 0.012404 -131.828552 84.815338
v 0.012404 -131.939865 83.860649
v 0.012404 -132.351837 83.319336
v -0.322313 -133.379333 85.102745
v -0.459236 -132.805405 85.302948
v -0.643859 -132.680145 85.130341
v 0.012404 -132.245300 85.295799
v 0.012404 -131.828552 84.815338
v 0.012404 -133.404358 85.181091
v 0.012404 -132.919510 85.405190
v 0.012404 -132.245300 85.295799
v 0.012404 -132.245300 85.295799
v 0.668668 -132.680145 85.130341
v 0.484045 -132.805405 85.302948
v 0.347122 -133.379333 85.102745
v 0.012404 -132.919510 85.405190
v 0.012404 -132.245300 85.295799
v 0.012404 -133.802536 83.920486
v 0.012404 -133.805237 83.956894
v 0.012404 -133.712006 84.108688
v 0.619154 -133.154327 68.875793
v 0.881024 -132.879669 68.875793
v 0.012404 -132.676636 83.603111
v 0.704464 -133.208313 83.822868
v 0.012404 -133.636566 83.628479
v 0.310331 -133.536453 83.667122
v 0.012404 -133.613129 83.542259
v 0.271007 -133.516525 83.574463
v 0.012404 -133.422791 83.322845
v 0.704464 -133.208313 83.822868
v 0.012404 -132.676636 83.603111
v 1.942397 -132.678268 82.536102
v 1.607806 -132.678268 82.516968
v -4.540206 -132.904984 81.523941
v -6.300860 -132.918076 81.552452
v -6.300860 -132.440323 81.552452
v -4.313445 -132.559067 81.425354
v -7.077860 -132.467255 81.580750
v -7.077861 -132.936035 81.580750
v -4.579795 -132.288956 81.881599
v -5.648786 -132.345840 81.938461
v -7.074100 -132.480637 81.850586
v -7.074100 -132.718735 81.968002
v -5.648786 -132.678238 82.065147
v -4.164080 -132.890076 81.536972
v -7.074100 -132.925201 81.850586
v -5.329665 -133.015747 81.832802
v -7.074100 -132.718735 81.968002
v -5.648786 -132.678238 82.065147
v -4.579799 -132.949600 81.941956
v -4.203672 -132.949203 81.966858
v -2.367586 -133.100433 81.685501
v -3.027462 -133.067520 82.195831
v -1.914213 -133.067520 82.412804
v -4.391735 -132.597839 82.148392
v -3.216747 -132.678238 82.294952
v -2.347774 -132.678238 82.496254
v -2.367586 -132.244492 81.606705
v -1.875772 -132.319366 81.549568
v -1.875772 -133.096802 81.549568
v -1.580689 -133.076309 82.409889
v -1.914213 -132.346100 82.464066
v -3.027462 -132.288971 82.107208
v -2.347774 -132.678238 82.496254
v -3.216747 -132.678238 82.294952
v -4.126278 -132.272705 81.893059
v -4.391735 -132.597839 82.148392
v -1.608704 -132.371185 81.322998
v -1.502098 -133.167267 81.322998
v -1.580689 -132.325745 82.426880
v -1.917587 -132.678238 82.536079
v -1.582998 -132.678253 82.516953
v -4.355187 -132.272156 81.886879
v -0.594346 -132.449753 68.875793
v -0.910346 -132.266739 71.382149
v -0.389556 -132.308151 71.593925
v -0.968841 -132.513138 73.058838
v -0.462213 -132.523529 72.977684
v -0.970189 -132.511002 73.598358
v -0.439649 -132.539124 73.509972
v -1.147803 -133.127396 73.350426
v -1.147804 -133.171295 73.623413
v -1.147803 -133.095291 73.087509
v -0.283251 -133.138657 73.254623
v -0.283252 -133.095291 72.949013
v -0.715527 -133.327393 73.018265
v -0.715527 -133.369614 73.285423
v -1.147803 -133.095291 73.087509
v -1.147803 -133.127396 73.350426
v -0.715528 -133.412064 73.554161
v -1.147804 -133.171295 73.623413
v -0.283251 -133.171295 73.484917
v -0.805492 -133.629486 76.088394
v -0.281246 -133.237106 76.277489
v -1.205426 -133.237106 76.416031
v -0.309400 -132.405533 76.120560
v -1.140407 -132.951263 71.227577
v -0.690371 -133.245178 71.333466
v -0.308287 -132.951263 71.439354
v -0.594346 -133.154312 68.875793
v -0.348036 -132.879654 68.875793
v -0.594346 -132.449753 68.875793
v -0.594346 -133.154312 68.875793
v 0.012404 -133.560760 76.376801
v -0.309400 -132.405533 76.120560
v 0.012404 -132.527084 76.250900
v -1.270182 -132.393051 76.156235
v -1.270182 -132.393051 76.156235
v -1.270182 -132.393051 76.156235
v -1.205426 -133.237106 76.416031
v -0.944117 -133.528076 78.856369
v -1.226099 -133.261337 77.246635
v -0.821995 -133.735321 77.065964
v 0.012404 -134.118225 78.877609
v 0.012404 -133.861694 76.941177
v -1.090970 -132.679794 78.887535
v -1.220450 -132.425232 77.246635
v -1.205426 -133.237106 76.416031
v -0.805492 -133.629486 76.088394
v -0.281246 -133.237106 76.277489
v 0.012404 -133.560760 76.376801
v -1.259399 -132.421356 77.014854
v -1.270182 -132.393051 76.156235
v -0.806702 -132.105301 77.072639
v -1.270182 -132.393051 76.156235
v -0.735517 -132.216232 77.589539
v 0.012404 -132.278580 77.794662
v 0.012404 -132.310715 78.877609
v 0.012404 -132.254700 76.695053
v -0.168761 -132.208344 76.437347
v -0.874276 -132.132019 76.541748
v -0.309400 -132.405533 76.120560
v -1.270182 -132.393051 76.156235
v 0.012404 -132.527084 76.250900
v 0.012404 -132.527084 76.250900
v -1.154153 -132.571777 79.716705
v 0.012404 -132.197815 79.766899
v -1.608704 -132.371185 81.322998
v 0.012404 -131.796722 81.336067
v -0.941788 -132.178223 82.548302
v -1.580689 -132.325745 82.426880
v -1.582998 -132.678253 82.516953
v -0.932935 -132.678253 82.564003
v -0.442726 -132.733658 82.711540
v 0.012404 -132.288986 82.641838
v -1.025290 -133.475220 79.716705
v -1.502098 -133.167267 81.322998
v -0.517879 -133.922379 79.783081
v -0.847144 -133.728790 81.226631
v 0.012404 -133.906128 81.418457
v -0.941788 -133.067535 82.416359
v 0.012404 -133.111694 82.547127
v -0.442726 -132.733658 82.711540
v -0.932935 -132.678253 82.564003
v -1.580689 -133.076309 82.409889
v -1.582998 -132.678253 82.516953
v -1.875772 -133.096802 81.549568
v 0.012404 -134.090424 79.786514
v -7.279314 -132.976471 81.539482
v -7.427750 -132.662109 81.547966
v -7.279313 -132.432251 81.539482
v -7.446208 -132.844833 81.398285
v -7.671814 -132.936172 81.390762
v -7.697984 -132.771637 81.550377
v -7.789415 -132.987152 81.503204
v -7.707491 -133.018921 81.643417
v -7.973287 -132.651047 81.764542
v -7.899807 -132.317230 81.640717
v -7.984167 -132.868774 81.784584
v -7.991427 -133.040817 81.797958
v -7.928032 -132.976303 81.351196
v -7.951581 -133.031387 81.470001
v -8.069410 -132.966827 81.358307
v -8.079535 -133.019897 81.451096
v -8.162444 -133.033813 81.308708
v -8.172755 -133.087845 81.403191
v -8.128216 -132.647858 81.636040
v -8.176944 -132.844421 81.635872
v -8.176064 -132.660645 81.448242
v -8.194570 -132.841644 81.454102
v -8.311772 -132.645691 81.376831
v -8.227530 -132.421661 81.386681
v -8.127116 -132.412338 81.434753
v -8.327873 -132.813354 81.379662
v -8.062750 -132.318756 81.625496
v -8.169342 -132.314911 81.691872
v -8.227530 -132.421661 81.386681
v -8.323747 -132.648468 81.680054
v -8.311772 -132.645691 81.376831
v -8.317156 -132.847992 81.679100
v -8.021675 -132.672821 81.948723
v -8.019417 -132.872345 81.942459
v -8.327873 -132.813354 81.379662
v -7.279314 -132.709808 81.981766
v -7.279313 -132.432251 81.840691
v -7.938558 -132.302597 81.818062
v -8.062750 -132.318756 81.625496
v -7.899807 -132.317230 81.640717
v -8.194570 -132.841644 81.454102
v -8.176944 -132.844421 81.635872
v -8.019417 -132.872345 81.942459
v -7.984167 -132.868774 81.784584
v -7.074100 -132.718735 81.968002
v -7.074100 -132.925201 81.850586
v -7.279314 -132.976471 81.828331
v -8.019417 -132.872345 81.942459
v -8.017591 -133.033554 81.937393
v -7.991427 -133.040817 81.797958
v -7.707491 -133.018921 81.643417
v -7.279314 -132.976471 81.539482
v -7.679315 -133.117813 81.460449
v -7.645953 -133.044678 81.334572
v -7.397944 -132.983276 81.389877
v -7.446208 -132.844833 81.398285
v -7.671814 -132.936172 81.390762
v -7.789415 -132.987152 81.503204
v -7.936253 -133.152023 81.418633
v -7.905452 -133.077515 81.288902
v -8.172755 -133.087845 81.403191
v -8.162444 -133.033813 81.308708
v -7.928032 -132.976303 81.351196
v -8.069410 -132.966827 81.358307
v -8.079535 -133.019897 81.451096
v -7.951581 -133.031387 81.470001
v -7.077861 -132.936035 81.580750
v -8.368830 -132.844864 81.783905
v -8.461892 -132.989822 81.489403
v -8.363965 -133.006088 81.781601
v -8.465886 -132.861130 81.487816
v -8.322128 -133.003586 81.520699
v -8.247092 -133.013336 81.701180
v -8.310487 -132.851059 81.527512
v -8.232514 -132.841309 81.696815
v -8.019417 -132.872345 81.942459
v -7.984167 -132.868774 81.784584
v -8.062750 -132.318756 81.625496
v -8.127116 -132.412338 81.434753
v -8.062750 -132.318756 81.625496
v -8.322128 -133.003586 81.520699
v -8.465886 -132.861130 81.487816
v -8.310487 -132.851059 81.527512
v -8.461892 -132.989822 81.489403
v -8.247092 -133.013336 81.701180
v -8.232514 -132.841309 81.696815
v -7.899807 -132.317230 81.640717
v -7.074100 -132.480637 81.850586
v -7.279313 -132.432251 81.539482
v -7.077860 -132.467255 81.580750
v -7.077861 -132.936035 81.580750
v -0.856215 -132.879654 68.875793
v -0.594346 -132.449753 68.875793
v -1.140407 -132.951263 71.227577
v -0.594346 -132.449753 68.875793
v -0.594346 -132.449753 68.505898
v -0.856215 -132.879654 68.505898
v -0.856215 -132.879654 68.875793
v -0.594346 -133.228226 68.523643
v -0.594346 -133.154312 68.875793
v -0.880275 -132.523361 67.862640
v -0.594346 -132.354248 67.868210
v -1.038260 -134.537613 67.862640
v -0.755726 -134.328827 68.173477
v -0.401764 -134.625885 68.047714
v -0.369725 -134.811218 67.910210
v -0.332474 -132.879654 68.505898
v -0.594346 -133.154312 68.875793
v -0.348036 -132.879654 68.875793
v -0.594346 -132.449753 68.505898
v -0.594346 -132.449753 68.875793
v -0.312085 -132.543259 67.862640
v -0.240959 -134.507339 68.073174
v -0.105244 -134.634674 67.862640
v -0.312085 -132.543259 67.862640
v -0.594346 -132.354248 67.868210
v -1.038260 -134.537613 67.862640
v -0.105244 -134.634674 67.862640
v -0.369725 -134.811218 67.910210
v -0.880275 -132.523361 67.862640
v -0.312085 -132.543259 67.862640
v -0.594346 -132.354248 67.868210
v 0.012404 -133.099030 83.176239
v 0.012404 -133.580765 83.166397
v -0.246199 -133.516525 83.574463
v 0.012404 -133.640717 83.473259
v 0.012404 -133.613129 83.542259
v 0.012404 -133.111694 82.547127
v -0.442726 -132.733658 82.711540
v -0.442726 -132.733658 82.711540
v 0.012404 -132.288986 82.641838
v 0.012404 -132.288986 82.641838
v -0.594346 -133.154312 68.875793
v -0.856215 -132.879654 68.875793
v 0.012404 -132.676636 83.603111
v 0.012404 -133.636566 83.628479
v -0.679655 -133.208313 83.822868
v -0.285523 -133.536453 83.667122
v 0.012404 -133.613129 83.542259
v 0.012404 -133.422791 83.322845
v -0.246199 -133.516525 83.574463
v -0.679655 -133.208313 83.822868
v 0.012404 -132.676636 83.603111
v -1.917587 -132.678238 82.536079
v -1.582998 -132.678253 82.516953
vn -0.0207 -0.7165 -0.6973
vn -0.0255 0.4064 -0.9133
vn 0.0683 0.6544 -0.7530
vn 0.0512 -0.6648 -0.7453
vn -0.1115 0.7019 -0.7035
vn -0.1555 -0.7151 -0.6815
vn 0.0472 0.9698 0.2394
vn 0.0518 0.9233 0.3806
vn -0.0312 0.8305 0.5561
vn -0.0001 -0.0580 0.9983
vn 0.0606 -0.0828 0.9947
vn -0.0238 -0.7149 -0.6988
vn -0.0640 -0.8396 0.5394
vn 0.0233 -0.9588 0.2831
vn -0.0001 -0.0581 0.9983
vn -0.0115 -0.8846 0.4663
vn 0.1045 -0.8851 0.4535
vn 0.0490 -0.7943 -0.6056
vn 0.1574 -0.8370 0.5241
vn 0.0418 -0.7795 0.6250
vn 0.0899 0.0816 0.9926
vn 0.1888 0.0760 0.9791
vn 0.2012 0.0172 0.9794
vn 0.0137 0.7476 -0.6640
vn 0.1449 0.7695 -0.6219
vn 0.3050 -0.7575 -0.5772
vn 0.0124 -0.7983 0.6022
vn 0.0300 0.7354 0.6770
vn 0.1404 0.8973 0.4186
vn 0.2012 0.0173 0.9794
vn 0.1889 0.0761 0.9791
vn -0.0079 0.9899 0.1419
vn 0.6213 0.6579 -0.4257
vn 0.7451 -0.6489 -0.1545
vn 0.1109 0.7805 0.6153
vn 0.0129 -0.0413 0.9991
vn 0.0187 -0.0621 0.9979
vn 0.0393 0.9860 0.1620
vn -0.0206 0.9945 -0.1031
vn -0.6581 0.7515 0.0467
vn 0.5405 0.8413 -0.0098
vn 0.5989 0.7992 0.0513
vn -0.6142 0.7848 0.0826
vn 0.5776 0.8144 -0.0562
vn -0.6432 0.7654 -0.0186
vn 0.9292 -0.3643 -0.0629
vn 0.9067 -0.4114 -0.0934
vn 0.9319 -0.3599 -0.0451
vn -0.9159 -0.3950 -0.0722
vn -0.9221 -0.3855 -0.0344
vn 0.0129 -0.9934 -0.1143
vn 0.0202 -0.9888 -0.1481
vn 0.9292 -0.3642 -0.0629
vn 0.0090 -0.9930 -0.1175
vn 0.9067 -0.4113 -0.0933
vn -0.9071 -0.4178 -0.0508
vn 0.0748 -0.9950 -0.0661
vn -0.5270 -0.5581 -0.6409
vn 0.9194 -0.3915 -0.0375
vn -0.5005 0.6828 -0.5322
vn -0.0000 -0.6392 -0.7690
vn -0.0000 0.2789 -0.9603
vn 0.9489 -0.3090 -0.0648
vn -0.0413 -0.9983 -0.0408
vn -0.9262 -0.3765 -0.0197
vn -0.0250 -0.9996 0.0114
vn -0.9950 -0.0997 -0.0033
vn -0.0249 -0.9996 0.0115
vn 0.7460 0.6550 -0.1201
vn 0.7460 0.6551 -0.1201
vn 0.9194 -0.3914 -0.0375
vn 0.8248 -0.5653 0.0116
vn 0.4632 -0.8745 -0.1438
vn 0.9380 -0.3454 0.0288
vn -0.0000 -0.9994 -0.0357
vn -0.0000 -0.9489 -0.3156
vn 0.8721 0.4870 0.0470
vn 0.8568 0.4909 0.1581
vn 0.2500 0.9487 0.1934
vn 0.2160 0.9709 0.1033
vn -0.0000 0.9986 0.0535
vn -0.0000 0.9997 0.0243
vn -0.0000 0.9962 -0.0874
vn -0.3488 0.8709 -0.3462
vn 0.1281 0.9719 -0.1977
vn -0.5004 0.6826 -0.5326
vn -0.0000 0.2788 -0.9604
vn 0.9046 0.4169 0.0894
vn -0.0000 0.9822 -0.1880
vn 0.8165 0.5309 -0.2269
vn 0.6213 0.6579 -0.4256
vn 0.0001 0.9997 -0.0245
vn 0.2083 0.7123 0.6703
vn 0.0188 -0.0621 0.9979
vn 0.2018 -0.1235 0.9716
vn 0.5848 -0.1700 0.7931
vn -0.0000 0.8650 0.5019
vn 0.8616 -0.4983 -0.0966
vn 0.7450 -0.6489 -0.1545
vn 0.4752 -0.8799 -0.0013
vn 0.4556 -0.8692 0.1920
vn 0.0001 -0.9450 0.3271
vn 0.1917 -0.6954 0.6926
vn -0.0000 -0.8719 0.4896
vn 0.5848 -0.1699 0.7932
vn 0.2018 -0.1236 0.9716
vn 0.0124 -0.7983 0.6021
vn 0.0187 -0.0622 0.9979
vn 0.3049 -0.7575 -0.5773
vn -0.0000 -0.9975 0.0711
vn -0.4408 -0.7146 -0.5433
vn -0.1428 0.6660 -0.7322
vn 0.0664 0.2244 -0.9722
vn -0.2909 0.4654 -0.8359
vn 0.2663 0.6342 -0.7258
vn 0.5293 0.4611 -0.7122
vn 0.7577 0.2611 0.5981
vn 0.3919 -0.9200 -0.0021
vn -0.0710 -0.1191 -0.9903
vn 0.0048 0.6478 -0.7618
vn 0.0565 -0.1729 -0.9833
vn 0.0364 -0.8601 -0.5089
vn 0.0372 0.9298 -0.3662
vn 0.1574 0.3023 0.9401
vn 0.2300 0.9586 -0.1679
vn 0.3412 0.3901 0.8552
vn 0.7614 0.1076 -0.6393
vn 0.8707 -0.4075 0.2752
vn -0.8262 -0.1853 -0.5320
vn -0.4532 -0.8363 -0.3085
vn -0.7808 -0.1605 -0.6038
vn -0.5755 -0.6788 -0.4561
vn 0.5409 0.1107 -0.8338
vn 0.3291 0.5226 -0.7865
vn -0.6583 0.4081 -0.6326
vn 0.5062 -0.4561 -0.7319
vn -0.2582 0.7436 -0.6168
vn 0.5537 0.7935 0.2526
vn -0.6583 0.4080 -0.6326
vn 0.9119 0.1643 0.3761
vn 0.7131 -0.6401 0.2860
vn 0.3472 0.1581 0.9244
vn 0.2479 -0.0155 0.9687
vn -0.0382 -0.0074 0.9992
vn -0.1313 0.8359 0.5330
vn 0.0834 0.8229 0.5620
vn -0.2582 0.7435 -0.6168
vn -0.5756 -0.6787 -0.4561
vn -0.1428 0.6659 -0.7322
vn -0.0002 -0.0580 0.9983
vn -0.1279 -0.8683 0.4793
vn 0.2478 -0.0155 0.9687
vn 0.1066 -0.6639 0.7402
vn 0.3918 -0.9201 -0.0020
vn -0.4408 -0.7146 -0.5432
vn -0.0846 -0.9894 0.1179
vn -0.2199 -0.3368 -0.9156
vn -0.5528 -0.4068 -0.7272
vn 0.2663 0.6342 -0.7259
vn 0.7577 0.2611 0.5980
vn 0.0964 -0.9590 0.2667
vn -0.0475 -0.2948 -0.9544
vn 0.8707 -0.4075 0.2753
vn 0.2299 0.9586 -0.1678
vn 0.3413 0.3901 0.8552
vn 0.1573 0.3024 0.9401
vn -0.1555 -0.7151 -0.6816
vn 0.5824 0.6226 0.5227
vn 0.5984 -0.6225 0.5044
vn 0.6294 -0.5263 -0.5717
vn 0.6350 0.5145 -0.5763
vn -0.4564 -0.6399 -0.6182
vn -0.3260 -0.8379 -0.4377
vn -0.5050 0.6148 -0.6058
vn -0.4123 0.8067 -0.4234
vn 0.0565 -0.1728 -0.9833
vn -0.2581 0.7436 -0.6168
vn 0.5537 0.7935 0.2525
vn -0.6582 0.4080 -0.6326
vn -0.2581 0.7435 -0.6169
vn 0.6350 0.5144 -0.5763
vn 0.6295 -0.5263 -0.5717
vn -0.4122 0.8067 -0.4235
vn 0.0048 0.6479 -0.7617
vn -0.1115 0.7019 -0.7034
vn -0.4407 -0.7146 -0.5432
vn 0.9936 -0.0970 -0.0580
vn -0.0205 0.9945 -0.1031
vn 0.9488 -0.3090 -0.0648
vn 0.9707 0.0618 0.2320
vn -0.0073 0.9718 0.2357
vn -0.0146 -0.5522 0.8336
vn -0.0250 -0.9996 0.0115
vn 0.7029 0.4519 -0.5492
vn -0.0227 0.8451 -0.5341
vn 0.7602 -0.5759 -0.3009
vn 0.3118 -0.3877 0.8675
vn -0.0509 -0.5387 0.8410
vn -0.1106 -0.9868 -0.1181
vn -0.9677 0.0694 0.2422
vn -0.0249 -0.9996 0.0114
vn -0.7060 0.4350 -0.5589
vn -0.4635 -0.3405 0.8181
vn -0.7877 -0.5043 -0.3540
vn -0.0226 0.8451 -0.5342
vn 0.7602 -0.5758 -0.3009
vn -0.7876 -0.5043 -0.3540
vn 0.5204 -0.8431 -0.1356
vn 0.3902 -0.3321 -0.8588
vn 0.8660 -0.3393 -0.3673
vn 0.4696 -0.8810 -0.0579
vn 0.0001 -0.9060 -0.4233
vn -0.0000 -0.2956 -0.9553
vn -0.0000 -0.9721 -0.2347
vn -0.0001 -0.9207 -0.3902
vn 0.7290 -0.6804 -0.0754
vn 0.9295 -0.3665 0.0422
vn 0.3696 -0.9278 0.0501
vn -0.0001 -0.9486 0.3164
vn -0.0000 -0.9958 -0.0920
vn 0.3630 -0.9175 -0.1626
vn 0.4282 -0.9022 -0.0520
vn -0.0000 -0.9968 -0.0794
vn -0.0000 -0.9670 0.2547
vn 0.3939 -0.8925 0.2199
vn -0.0000 -0.6636 0.7481
vn 0.7030 -0.5379 0.4653
vn 0.7993 0.2380 0.5517
vn 0.9929 0.1153 0.0301
vn 0.9537 0.0578 -0.2953
vn 0.6052 -0.4003 -0.6881
vn 0.9124 0.1030 -0.3960
vn -0.0000 -0.5389 -0.8424
vn 0.7735 0.6333 0.0229
vn -0.0000 0.9397 0.3419
vn -0.0000 0.9230 -0.3848
vn 0.8148 0.4648 -0.3465
vn -0.0000 0.9164 -0.4002
vn -0.0000 0.8650 0.5018
vn 0.0980 -0.6530 0.7510
vn -0.0000 -0.6883 -0.7254
vn -0.0000 -0.8719 0.4897
vn 0.9125 0.1029 -0.3960
vn 0.5849 -0.1700 0.7931
vn -0.0000 -0.9995 0.0322
vn -0.0000 -0.3630 0.9318
vn 0.5849 -0.1699 0.7931
vn -0.0000 0.8649 0.5019
vn 0.9124 0.1029 -0.3961
vn -0.9124 0.1030 -0.3960
vn -0.8148 0.4648 -0.3465
vn -0.0000 0.9164 -0.4003
vn -0.9537 0.0578 -0.2953
vn -0.6052 -0.4003 -0.6881
vn -0.8660 -0.3393 -0.3673
vn -0.9929 0.1153 0.0301
vn -0.9295 -0.3665 0.0422
vn -0.7290 -0.6804 -0.0754
vn -0.5204 -0.8431 -0.1356
vn -0.3901 -0.3321 -0.8588
vn -0.4696 -0.8810 -0.0579
vn -0.0001 -0.9060 -0.4233
vn 0.0001 -0.9208 -0.3901
vn -0.3696 -0.9278 0.0501
vn -0.0000 -0.9486 0.3164
vn -0.0000 -0.9958 -0.0921
vn -0.3630 -0.9175 -0.1626
vn -0.4282 -0.9022 -0.0520
vn -0.3939 -0.8925 0.2199
vn -0.7030 -0.5379 0.4653
vn -0.7994 0.2380 0.5517
vn -0.7735 0.6333 0.0229
vn -0.0000 0.9230 -0.3849
vn -0.2775 -0.6404 0.7162
vn -0.4654 -0.0145 0.8850
vn -0.7993 0.2380 0.5518
vn -0.0000 0.5765 0.8171
vn -0.0000 -0.1608 0.9870
vn -0.0000 0.5766 0.8171
vn 0.7993 0.2380 0.5518
vn -0.0001 0.9397 0.3419
vn 0.4654 -0.0144 0.8850
vn 0.2775 -0.6404 0.7162
vn -0.0000 -0.1609 0.9870
vn -0.0000 -0.9208 -0.3901
vn -0.0000 -0.9693 0.2460
vn -0.4696 -0.8810 -0.0580
vn 0.9936 -0.0970 -0.0581
vn -0.0000 -0.9997 -0.0252
vn 0.8660 -0.3392 -0.3673
vn 0.3902 -0.3322 -0.8587
vn 0.0001 -0.3630 0.9318
vn 0.0980 -0.6529 0.7510
vn -0.0000 0.2087 0.9780
vn 0.8660 -0.3393 -0.3674
vn -0.0001 -0.9997 -0.0253
vn 0.0129 -0.0414 0.9991
vn 0.0206 -0.7165 -0.6973
vn -0.0512 -0.6648 -0.7453
vn -0.0684 0.6545 -0.7530
vn 0.0255 0.4064 -0.9133
vn 0.1115 0.7020 -0.7034
vn 0.1554 -0.7151 -0.6815
vn -0.0472 0.9698 0.2394
vn -0.0518 0.9233 0.3806
vn 0.0312 0.8305 0.5561
vn 0.0001 -0.0580 0.9983
vn -0.0606 -0.0828 0.9947
vn 0.0238 -0.7149 -0.6988
vn 0.0640 -0.8396 0.5394
vn -0.0233 -0.9588 0.2831
vn 0.0002 -0.0581 0.9983
vn 0.0115 -0.8846 0.4663
vn -0.1045 -0.8851 0.4535
vn -0.0490 -0.7943 -0.6056
vn -0.1574 -0.8370 0.5241
vn -0.0418 -0.7795 0.6250
vn -0.0899 0.0816 0.9926
vn -0.1888 0.0761 0.9791
vn -0.2012 0.0172 0.9794
vn -0.0138 0.7477 -0.6639
vn -0.1449 0.7695 -0.6219
vn -0.3050 -0.7575 -0.5772
vn -0.0124 -0.7983 0.6021
vn -0.0300 0.7354 0.6770
vn -0.1404 0.8972 0.4186
vn -0.1889 0.0761 0.9790
vn 0.0079 0.9899 0.1419
vn -0.6213 0.6579 -0.4257
vn -0.7450 -0.6489 -0.1545
vn -0.1108 0.7805 0.6153
vn -0.0129 -0.0413 0.9991
vn -0.0187 -0.0621 0.9979
vn -0.0393 0.9860 0.1620
vn 0.0206 0.9945 -0.1031
vn -0.5405 0.8413 -0.0098
vn 0.6581 0.7515 0.0467
vn -0.5989 0.7992 0.0513
vn 0.6142 0.7848 0.0826
vn -0.5787 0.8139 -0.0515
vn 0.6432 0.7654 -0.0186
vn -0.9292 -0.3642 -0.0629
vn -0.9073 -0.4103 -0.0921
vn -0.9319 -0.3600 -0.0451
vn 0.9158 -0.3950 -0.0722
vn 0.9221 -0.3855 -0.0343
vn -0.0129 -0.9934 -0.1143
vn -0.0202 -0.9888 -0.1481
vn -0.9319 -0.3599 -0.0452
vn -0.0090 -0.9930 -0.1174
vn -0.9073 -0.4103 -0.0920
vn 0.9071 -0.4178 -0.0508
vn -0.0791 -0.9950 -0.0610
vn 0.5270 -0.5581 -0.6409
vn -0.9190 -0.3927 -0.0351
vn 0.4751 0.6905 -0.5455
vn -0.9489 -0.3090 -0.0648
vn 0.0413 -0.9983 -0.0408
vn 0.9262 -0.3765 -0.0197
vn 0.0250 -0.9996 0.0114
vn 0.9950 -0.0997 -0.0033
vn 0.0249 -0.9996 0.0114
vn -0.0000 -0.6392 -0.7691
vn -0.7847 0.6061 -0.1301
vn -0.9073 -0.4102 -0.0921
vn -0.9190 -0.3926 -0.0351
vn -0.8248 -0.5653 0.0116
vn -0.9359 -0.3513 0.0240
vn -0.4613 -0.8752 -0.1456
vn -0.8721 0.4870 0.0470
vn -0.8543 0.4923 0.1670
vn -0.0790 -0.9950 -0.0610
vn -0.8987 0.4321 0.0746
vn -0.2246 0.9701 0.0923
vn -0.7846 0.6061 -0.1301
vn -0.2500 0.9487 0.1934
vn 0.3489 0.8709 -0.3462
vn -0.2186 0.9527 -0.2111
vn 0.4750 0.6905 -0.5455
vn -0.7847 0.6060 -0.1302
vn -0.0000 0.2788 -0.9603
vn -0.8165 0.5309 -0.2268
vn -0.0000 0.9997 -0.0245
vn -0.2083 0.7123 0.6703
vn -0.1109 0.7805 0.6153
vn -0.2018 -0.1235 0.9716
vn -0.5848 -0.1700 0.7931
vn -0.8616 -0.4983 -0.0966
vn -0.7450 -0.6489 -0.1544
vn -0.4749 -0.8800 -0.0010
vn -0.4559 -0.8691 0.1918
vn -0.0001 -0.9450 0.3271
vn -0.1916 -0.6954 0.6926
vn -0.5849 -0.1699 0.7931
vn -0.2018 -0.1236 0.9716
vn -0.0188 -0.0622 0.9979
vn -0.3050 -0.7575 -0.5773
vn 0.4407 -0.7146 -0.5433
vn -0.0664 0.2244 -0.9722
vn 0.1427 0.6660 -0.7322
vn 0.2909 0.4655 -0.8359
vn -0.2663 0.6342 -0.7258
vn -0.5293 0.4611 -0.7122
vn -0.7577 0.2611 0.5981
vn -0.3918 -0.9200 -0.0020
vn 0.0710 -0.1191 -0.9903
vn -0.0048 0.6478 -0.7618
vn -0.0565 -0.1729 -0.9833
vn -0.0364 -0.8601 -0.5089
vn -0.0373 0.9298 -0.3662
vn -0.1574 0.3024 0.9401
vn -0.2299 0.9586 -0.1678
vn -0.3412 0.3901 0.8552
vn -0.7614 0.1076 -0.6393
vn -0.8707 -0.4075 0.2752
vn 0.8262 -0.1853 -0.5320
vn 0.4532 -0.8363 -0.3085
vn 0.7808 -0.1605 -0.6038
vn 0.5755 -0.6788 -0.4562
vn -0.5409 0.1107 -0.8338
vn -0.3291 0.5226 -0.7865
vn 0.6582 0.4081 -0.6327
vn -0.5062 -0.4561 -0.7320
vn 0.2582 0.7436 -0.6168
vn -0.5537 0.7935 0.2525
vn 0.6582 0.4080 -0.6326
vn -0.9119 0.1643 0.3761
vn -0.7131 -0.6401 0.2860
vn -0.3472 0.1581 0.9244
vn -0.2479 -0.0155 0.9687
vn 0.0382 -0.0074 0.9992
vn 0.1312 0.8359 0.5330
vn -0.0834 0.8229 0.5620
vn 0.2581 0.7436 -0.6169
vn 0.5756 -0.6787 -0.4562
vn -0.2478 -0.0155 0.9687
vn 0.1427 0.6659 -0.7322
vn 0.1279 -0.8683 0.4793
vn -0.1066 -0.6639 0.7401
vn -0.3918 -0.9201 -0.0020
vn 0.4408 -0.7146 -0.5432
vn 0.0847 -0.9894 0.1179
vn 0.2199 -0.3368 -0.9156
vn 0.5528 -0.4068 -0.7272
vn 0.2909 0.4654 -0.8359
vn -0.2663 0.6342 -0.7259
vn -0.7577 0.2612 0.5981
vn -0.0963 -0.9590 0.2667
vn 0.0475 -0.2948 -0.9544
vn -0.8707 -0.4076 0.2752
vn -0.2300 0.9586 -0.1678
vn -0.3412 0.3902 0.8552
vn -0.1573 0.3024 0.9401
vn 0.1555 -0.7151 -0.6816
vn -0.5823 0.6226 0.5228
vn -0.6295 -0.5263 -0.5717
vn -0.5983 -0.6225 0.5044
vn -0.6350 0.5145 -0.5763
vn 0.4564 -0.6399 -0.6183
vn 0.3261 -0.8379 -0.4377
vn 0.5051 0.6148 -0.6057
vn 0.4123 0.8067 -0.4235
vn 0.2581 0.7436 -0.6168
vn 0.6582 0.4081 -0.6326
vn -0.5537 0.7935 0.2526
vn 0.4564 -0.6399 -0.6182
vn -0.6294 -0.5263 -0.5717
vn 0.4123 0.8067 -0.4234
vn -0.0048 0.6479 -0.7617
vn 0.0313 0.8305 0.5561
vn 0.1428 0.6659 -0.7322
vn 0.1116 0.7020 -0.7034
vn 0.1555 -0.7151 -0.6815
vn -0.9936 -0.0970 -0.0581
vn 0.0205 0.9945 -0.1031
vn -0.9488 -0.3090 -0.0648
vn 0.0073 0.9718 0.2356
vn -0.9707 0.0618 0.2321
vn -0.9936 -0.0970 -0.0580
vn 0.0146 -0.5522 0.8336
vn -0.7029 0.4519 -0.5493
vn 0.0226 0.8451 -0.5342
vn -0.7602 -0.5759 -0.3009
vn -0.3118 -0.3877 0.8675
vn 0.0509 -0.5386 0.8410
vn 0.1106 -0.9868 -0.1181
vn 0.9677 0.0694 0.2422
vn 0.0073 0.9718 0.2357
vn 0.7060 0.4350 -0.5589
vn 0.4635 -0.3405 0.8181
vn 0.7877 -0.5043 -0.3540
vn 0.7061 0.4349 -0.5589
vn -0.7601 -0.5759 -0.3009
vn 0.7876 -0.5043 -0.3540
vn -0.7029 0.4519 -0.5492
vn -0.0980 -0.6530 0.7510
vn -0.0000 -0.5389 -0.8423
vn -0.9125 0.1029 -0.3960
vn -0.5849 -0.1700 0.7931
vn -0.9124 0.1029 -0.3961
vn -0.0000 -0.2955 -0.9553
vn -0.8660 -0.3394 -0.3674
vn -0.3902 -0.3322 -0.8587
vn -0.0000 0.2088 0.9780
vn -0.0980 -0.6529 0.7510
vn -0.0129 -0.0414 0.9991
vn -0.0187 -0.0622 0.9979
vt 0.730382 0.103619
vt 0.705649 0.144477
vt 0.906050 0.162418
vt 0.907543 0.101904
vt 0.999984 0.166941
vt 1.001061 0.095946
vt 0.733494 0.205318
vt 0.838940 0.209383
vt 0.991053 0.210366
vt 0.981648 0.252295
vt 0.840260 0.252371
vt 0.689743 0.104698
vt 0.991405 0.052870
vt 0.810174 0.064464
vt 0.981657 0.011468
vt 0.840250 0.011429
vt 0.734207 0.056759
vt 0.693123 0.056174
vt 0.518060 0.096757
vt 0.575201 0.047645
vt 0.473165 0.043970
vt 0.716055 0.011396
vt 0.597290 0.011359
vt 0.510869 0.011322
vt 0.522475 0.164896
vt 0.485011 0.157654
vt 0.479927 0.107408
vt 0.445175 0.049232
vt 0.473366 0.225391
vt 0.579352 0.211659
vt 0.510849 0.252622
vt 0.597275 0.252464
vt 0.688056 0.203710
vt 0.716059 0.252303
vt 0.459430 0.138427
vt 0.448360 0.105872
vt 0.445220 0.217118
vt 0.468555 0.252667
vt 0.435264 0.252667
vt 0.710772 0.204691
vt 0.809314 0.993189
vt 0.844593 0.748486
vt 0.799681 0.766537
vt 0.795370 0.616810
vt 0.844460 0.624653
vt 0.796731 0.566457
vt 0.846052 0.573862
vt 0.737687 0.589384
vt 0.737679 0.566887
vt 0.737691 0.611583
vt 0.903594 0.595045
vt 0.902086 0.622902
vt 0.947494 0.615460
vt 0.947980 0.591500
vt 0.993009 0.611673
vt 0.993010 0.589483
vt 0.948583 0.568105
vt 0.993012 0.566905
vt 0.904969 0.574145
vt 0.939443 0.344499
vt 0.898532 0.361084
vt 0.993076 0.320695
vt 0.854260 0.365264
vt 0.915162 0.347050
vt 0.854851 0.350073
vt 0.993004 0.780156
vt 0.944441 0.769131
vt 0.900724 0.759988
vt 0.936461 0.995025
vt 0.880074 0.997653
vt 0.789589 0.353336
vt 0.737576 0.320774
vt 0.459999 0.699940
vt 0.421847 0.911548
vt 0.493482 0.874305
vt 0.334346 0.703269
vt 0.334346 0.906337
vt 0.574509 0.696105
vt 0.570429 0.874521
vt 0.490508 0.948126
vt 0.334346 0.965522
vt 0.365140 0.975937
vt 0.420117 0.965795
vt 0.650541 0.838561
vt 0.643075 0.892767
vt 0.726515 0.817051
vt 0.726515 0.703484
vt 0.726515 0.932364
vt 0.709975 0.959389
vt 0.635989 0.948441
vt 0.695226 0.983366
vt 0.579503 0.979625
vt 0.726515 0.978941
vt 0.572418 0.925007
vt 0.726515 0.610225
vt 0.575486 0.609180
vt 0.574131 0.447552
vt 0.726515 0.445670
vt 0.628909 0.318546
vt 0.561909 0.331279
vt 0.561667 0.289065
vt 0.629838 0.284131
vt 0.681244 0.268659
vt 0.726515 0.308737
vt 0.465542 0.609718
vt 0.497836 0.448231
vt 0.389955 0.608312
vt 0.424485 0.456931
vt 0.334346 0.436815
vt 0.434410 0.332167
vt 0.334346 0.318454
vt 0.382074 0.269755
vt 0.433481 0.285227
vt 0.501409 0.332846
vt 0.501652 0.290161
vt 0.532354 0.423067
vt 0.334346 0.607952
vt 0.079805 0.232283
vt 0.164710 0.210607
vt 0.122523 0.194649
vt 0.082536 0.195321
vt 0.065738 0.163787
vt 0.098907 0.148763
vt 0.061632 0.142152
vt 0.067395 0.121429
vt 0.123677 0.114515
vt 0.175785 0.114562
vt 0.094627 0.115280
vt 0.071940 0.113520
vt 0.035702 0.148111
vt 0.041923 0.132093
vt 0.020229 0.138299
vt 0.026355 0.125859
vt 0.005702 0.131286
vt 0.011940 0.118620
vt 0.124248 0.087244
vt 0.097369 0.085301
vt 0.124231 0.055219
vt 0.098622 0.055224
vt 0.124118 0.033753
vt 0.158367 0.040381
vt 0.164154 0.054336
vt 0.099739 0.035139
vt 0.171577 0.088395
vt 0.192231 0.080816
vt 0.172887 0.036601
vt 0.229659 0.051083
vt 0.207206 0.014433
vt 0.253565 0.037615
vt 0.259273 0.099604
vt 0.295568 0.088781
vt 0.225257 0.005464
vt 0.257519 0.214069
vt 0.210893 0.208562
vt 0.203087 0.112287
vt 0.256732 0.004405
vt 0.275505 0.029551
vt 0.296663 0.056271
vt 0.254448 0.243670
vt 0.287294 0.248875
vt 0.299549 0.220380
vt 0.323300 0.104611
vt 0.343328 0.116239
vt 0.349575 0.166371
vt 0.341191 0.234380
vt 0.379236 0.180734
vt 0.393815 0.198439
vt 0.369935 0.227020
vt 0.383913 0.245331
vt 0.408148 0.211617
vt 0.372524 0.153454
vt 0.406401 0.154959
vt 0.418570 0.170953
vt 0.432503 0.130104
vt 0.445823 0.142555
vt 0.433494 0.180403
vt 0.448844 0.163198
vt 0.412154 0.127150
vt 0.395815 0.139939
vt 0.325332 0.261049
vt 0.344700 0.051550
vt 0.359289 0.070966
vt 0.389947 0.045029
vt 0.374202 0.026325
vt 0.391323 0.064504
vt 0.369359 0.086828
vt 0.352694 0.023153
vt 0.330809 0.036634
vt 0.068269 0.054545
vt 0.088448 0.054365
vt 0.085147 0.033440
vt 0.068311 0.035581
vt 0.069129 0.082960
vt 0.091835 0.081384
vt 0.214759 0.239928
vt 0.170727 0.242683
vt 0.094294 0.262400
vt 0.737783 0.987757
vt 0.737708 0.780107
vt 0.274783 0.263290
vt 0.251897 0.284556
vt 0.265085 0.304716
vt 0.290410 0.280108
vt 0.230808 0.322133
vt 0.234686 0.293532
vt 0.317161 0.315098
vt 0.326877 0.296848
vt 0.247112 0.446506
vt 0.230894 0.421947
vt 0.204488 0.436013
vt 0.200804 0.450038
vt 0.202857 0.296193
vt 0.220949 0.280878
vt 0.186739 0.265822
vt 0.206200 0.254811
vt 0.152216 0.291162
vt 0.194174 0.426648
vt 0.177297 0.438725
vt 0.148125 0.271043
vt 0.109679 0.437051
vt 0.158639 0.453515
vt 0.110675 0.292890
vt 0.130164 0.279394
vt 0.048936 0.787641
vt 0.037433 0.823986
vt 0.095670 0.805101
vt 0.018334 0.795488
vt 0.001309 0.823986
vt 0.001309 0.828672
vt 0.001309 0.805245
vt 0.001309 0.793266
vt 0.072476 0.756292
vt 0.104842 0.722758
vt 0.009703 0.762035
vt 0.001309 0.770446
vt 0.001309 0.745864
vt 0.041600 0.754625
vt 0.045013 0.731461
vt 0.001309 0.728107
vt 0.001309 0.706350
vt 0.045012 0.704329
vt 0.000634 0.640415
vt 0.080537 0.664700
vt 0.172489 0.654188
vt 0.168984 0.731210
vt 0.146949 0.810560
vt 0.044855 0.876465
vt 0.134665 0.883862
vt 0.053879 0.921862
vt 0.230813 0.753236
vt 0.327296 0.709405
vt 0.289853 0.844016
vt 0.198004 0.819694
vt 0.222406 0.906637
vt 0.208321 0.985394
vt 0.032665 0.835220
vt 0.001309 0.884699
vt 0.068912 0.997425
vt 0.136690 0.961832
vt 0.001309 0.847491
vt 0.001309 0.839125
vt 0.041894 0.649915
vt 0.070649 0.583980
vt 0.103642 0.580263
vt 0.049090 0.502723
vt 0.103028 0.449168
vt 0.013527 0.576938
vt 0.001309 0.788851
vt 0.992969 0.987765
vt 0.232379 0.916718
vt 0.282941 0.969753
vt 0.311768 0.908112
vt 0.306313 0.933309
vt 0.220304 0.994415
vt 0.243005 0.989735
vt 0.222758 0.978624
vt 0.468563 0.011307
vt 0.435273 0.011298
s 1
usemtl enemy_tonnel
f 1/1/1 2/2/2 3/3/3
f 1/1/1 3/3/3 4/4/4
f 4/4/4 3/3/3 5/5/5
f 4/4/4 5/5/5 6/6/6
f 3/3/3 2/2/2 7/7/7
f 3/3/3 7/7/7 8/8/8
f 5/5/5 3/3/3 8/8/8
f 5/5/5 8/8/8 9/9/9
f 10/10/10 9/9/9 8/8/8
f 10/10/10 8/8/8 11/11/11
f 11/11/11 8/8/8 7/7/7
f 1/1/1 12/12/12 2/2/2
f 4/4/4 6/6/6 13/13/13
f 14/14/14 4/4/4 13/13/13
f 1/1/1 4/4/4 14/14/14
f 14/14/14 13/13/13 15/15/15
f 14/14/14 15/15/15 16/16/11
f 16/16/11 17/17/16 14/14/14
f 1/1/1 14/14/14 17/17/16
f 18/18/17 12/12/12 1/1/1
f 18/18/17 1/1/1 17/17/16
f 18/18/17 19/19/18 12/12/12
f 18/18/17 20/20/19 19/19/18
f 20/20/19 21/21/20 19/19/18
f 22/22/21 20/20/19 18/18/17
f 16/16/11 22/22/21 17/17/16
f 18/18/17 17/17/16 22/22/21
f 22/22/21 23/23/22 20/20/19
f 24/24/23 21/21/20 20/20/19
f 24/24/23 20/20/19 23/23/22
f 25/25/24 12/12/12 19/19/18
f 26/26/25 25/25/24 19/19/18
f 26/26/25 19/19/18 27/27/26
f 19/19/18 21/21/20 27/27/26
f 21/21/20 28/28/27 27/27/26
f 29/29/28 25/25/24 26/26/25
f 29/29/28 30/30/29 25/25/24
f 30/30/29 29/29/28 31/31/30
f 30/30/29 31/31/30 32/32/31
f 33/33/32 30/30/29 32/32/31
f 33/33/32 32/32/31 34/34/21
f 27/27/26 35/35/33 26/26/25
f 27/27/26 36/36/34 35/35/33
f 35/35/33 37/37/35 26/26/25
f 37/37/35 29/29/28 26/26/25
f 37/37/35 38/38/36 29/29/28
f 31/31/30 29/29/28 38/38/36
f 37/37/35 39/39/37 38/38/36
f 30/30/29 33/33/32 2/2/2
f 30/30/29 2/2/2 25/25/24
f 25/25/24 2/2/2 12/12/12
f 2/2/2 33/33/32 40/40/38
f 40/40/38 33/33/32 34/34/21
f 7/7/7 40/40/38 34/34/21
f 7/7/7 2/2/2 40/40/38
f 11/11/11 7/7/7 34/34/21
f 41/41/39 42/42/40 43/43/41
f 42/42/40 44/44/42 43/43/41
f 42/42/40 45/45/43 44/44/42
f 45/45/43 46/46/44 44/44/42
f 45/45/43 47/47/45 46/46/44
f 48/48/46 44/44/42 46/46/44
f 49/49/47 48/48/46 46/46/44
f 48/48/46 50/50/48 44/44/42
f 43/43/41 44/44/42 50/50/48
f 51/51/49 47/47/45 45/45/43
f 52/52/50 51/51/49 45/45/43
f 52/52/50 45/45/43 42/42/40
f 51/51/49 52/52/50 53/53/51
f 51/51/49 53/53/51 54/54/52
f 54/54/52 53/53/51 55/55/48
f 54/54/52 55/55/48 56/56/53
f 57/57/54 54/54/52 56/56/53
f 57/57/54 56/56/53 58/58/55
f 59/59/56 51/51/49 54/54/52
f 59/59/56 54/54/52 57/57/54
f 51/51/49 59/59/56 47/47/45
f 59/59/56 57/57/54 60/60/57
f 60/60/57 57/57/54 58/58/55
f 59/59/56 60/60/57 61/61/58
f 47/47/45 59/59/56 61/61/58
f 60/60/57 58/58/55 62/62/59
f 47/47/45 61/61/58 63/63/60
f 64/64/61 63/63/60 61/61/58
f 64/64/61 65/65/62 63/63/60
f 53/53/51 66/66/63 55/55/48
f 53/53/51 67/67/64 66/66/63
f 53/53/51 52/52/50 68/68/65
f 53/53/51 68/68/65 67/67/64
f 69/69/66 66/66/63 67/67/64
f 68/68/65 69/69/66 67/67/64
f 52/52/50 42/42/40 68/68/65
f 42/42/40 70/70/67 68/68/65
f 42/42/40 71/41/39 70/70/67
f 68/68/65 70/70/67 72/69/68
f 63/63/60 73/71/69 46/46/44
f 63/63/60 46/46/44 47/47/45
f 74/71/69 49/49/47 46/46/44
f 75/71/70 76/72/71 49/49/55
f 77/73/72 78/74/73 79/75/74
f 77/73/72 80/76/75 78/74/73
f 80/76/75 81/77/76 78/74/73
f 79/75/74 82/78/77 77/73/72
f 79/75/74 83/79/78 82/78/77
f 79/75/74 78/74/73 84/80/59
f 78/74/73 81/77/76 85/81/61
f 78/74/73 85/81/61 86/82/58
f 86/82/58 87/83/57 78/74/73
f 78/74/73 87/83/57 84/80/59
f 82/78/77 83/79/78 88/84/79
f 89/85/80 88/84/79 83/79/78
f 89/85/80 90/86/81 88/84/79
f 91/87/82 88/84/79 90/86/81
f 91/87/82 82/78/77 88/84/79
f 92/88/83 90/86/81 89/85/80
f 92/88/83 89/85/80 93/89/84
f 89/85/80 94/90/85 93/89/84
f 93/89/84 94/90/85 95/91/86
f 94/90/85 89/85/80 96/92/70
f 97/93/62 92/88/83 93/89/84
f 98/93/87 93/89/84 95/91/86
f 89/85/80 83/79/78 99/94/88
f 89/85/80 99/94/88 96/92/70
f 99/94/88 83/79/78 79/75/74
f 99/94/88 79/75/74 84/80/59
f 100/92/70 99/94/88 84/80/59
f 94/90/85 101/92/70 95/91/86
f 91/87/82 102/95/89 103/96/90
f 91/87/82 103/96/90 82/78/77
f 102/95/89 104/97/91 103/96/90
f 102/95/89 105/98/92 104/97/91
f 105/98/92 106/99/93 104/97/91
f 107/100/35 104/97/91 106/99/93
f 106/99/93 108/101/94 107/100/35
f 106/99/93 109/102/95 108/101/94
f 110/103/96 109/102/95 106/99/93
f 106/99/93 111/104/97 110/103/96
f 105/98/92 111/104/97 106/99/93
f 77/73/72 82/78/77 103/96/90
f 77/73/72 103/96/90 112/105/98
f 113/106/99 112/105/98 103/96/90
f 113/106/99 103/96/90 104/97/91
f 113/106/99 114/107/100 112/105/98
f 77/73/72 112/105/98 114/107/100
f 113/106/99 115/108/101 114/107/100
f 115/108/101 116/109/102 114/107/100
f 116/109/102 115/108/101 117/110/103
f 117/110/103 115/108/101 113/106/99
f 116/109/102 117/110/103 118/111/104
f 117/110/103 119/112/105 118/111/104
f 117/110/103 120/113/106 119/112/105
f 120/113/106 117/110/103 121/114/107
f 120/113/106 121/114/107 122/115/108
f 77/73/72 114/107/100 80/76/75
f 117/110/103 113/106/99 123/116/109
f 117/110/103 123/116/109 121/114/107
f 80/76/75 114/107/100 124/117/110
f 114/107/100 116/109/102 124/117/110
f 125/118/111 126/119/112 127/120/113
f 128/121/114 125/118/111 127/120/113
f 127/120/113 129/122/115 128/121/114
f 127/120/113 130/123/116 129/122/115
f 129/122/115 130/123/116 131/124/117
f 130/123/116 132/125/118 131/124/117
f 133/126/119 130/123/116 127/120/113
f 127/120/113 134/127/120 133/126/119
f 130/123/116 133/126/119 135/128/121
f 130/123/116 135/128/121 132/125/118
f 135/128/121 136/129/122 132/125/118
f 137/130/123 129/122/115 131/124/117
f 137/130/123 131/124/117 138/131/124
f 139/132/125 137/130/123 138/131/124
f 139/132/125 138/131/124 140/133/126
f 141/134/127 139/132/125 140/133/126
f 141/134/127 140/133/126 142/135/128
f 135/128/121 133/126/119 143/136/129
f 135/128/121 143/136/129 144/137/130
f 144/137/130 143/136/129 145/138/131
f 144/137/130 145/138/131 146/139/132
f 145/138/131 147/140/133 146/139/132
f 148/141/134 147/140/133 145/138/131
f 149/142/135 148/141/134 145/138/131
f 143/136/129 149/142/135 145/138/131
f 147/140/133 150/143/136 146/139/132
f 143/136/129 151/144/137 149/142/135
f 152/145/138 153/146/134 149/142/139
f 154/147/140 153/146/134 152/145/138
f 154/147/140 155/148/133 153/146/134
f 156/149/141 155/148/133 154/147/140
f 157/150/142 156/149/141 154/147/140
f 154/147/140 152/145/138 157/150/142
f 157/150/142 158/151/143 156/149/141
f 156/149/141 159/152/136 155/148/133
f 158/151/143 157/150/142 160/153/144
f 157/150/142 161/154/145 160/153/144
f 157/150/142 162/155/146 161/154/145
f 152/145/138 162/155/146 157/150/142
f 162/155/146 152/145/138 163/144/147
f 164/127/120 162/155/146 163/144/147
f 161/154/145 162/155/146 164/127/120
f 156/149/141 165/156/148 159/152/136
f 156/149/141 166/157/130 165/156/148
f 167/151/143 166/157/130 156/149/141
f 167/151/143 168/158/121 166/157/130
f 126/119/149 161/154/145 164/127/120
f 161/154/145 169/159/150 160/153/144
f 170/160/13 160/153/144 169/159/150
f 170/160/13 171/161/151 160/153/144
f 172/151/152 160/153/144 171/161/151
f 173/162/153 172/151/152 171/161/151
f 171/161/151 174/163/122 173/162/153
f 171/161/151 175/164/154 174/163/122
f 171/161/151 176/165/155 175/164/154
f 170/160/13 176/165/155 171/161/151
f 177/166/156 175/164/154 176/165/155
f 176/165/155 178/167/157 177/166/156
f 176/165/155 179/168/158 178/167/157
f 180/169/114 179/168/158 176/165/155
f 178/167/157 179/168/158 180/169/114
f 178/167/157 180/169/114 181/170/159
f 177/166/156 182/171/160 175/164/154
f 178/167/157 183/172/161 177/166/156
f 178/167/157 184/173/162 183/172/161
f 181/170/159 184/173/162 178/167/157
f 184/173/162 185/174/163 183/172/161
f 184/173/162 186/175/127 185/174/163
f 181/170/159 187/176/123 184/173/162
f 187/176/123 186/175/127 184/173/162
f 187/176/123 188/177/164 186/175/127
f 189/178/165 183/172/161 185/174/163
f 189/178/165 190/179/166 183/172/161
f 190/179/166 182/171/160 177/166/156
f 190/179/166 177/166/156 183/172/161
f 170/160/13 191/180/167 176/165/155
f 192/181/168 193/182/169 194/183/170
f 192/181/168 194/183/170 195/184/171
f 172/151/152 193/182/169 192/181/168
f 172/151/152 173/162/153 193/182/169
f 193/182/169 196/185/172 194/183/170
f 193/182/169 197/186/173 196/185/172
f 173/162/153 197/186/173 193/182/169
f 173/162/153 174/163/122 197/186/173
f 192/181/168 195/184/171 198/187/174
f 192/181/168 198/187/174 199/188/175
f 200/151/143 192/181/168 199/188/175
f 200/151/143 199/188/175 201/158/176
f 202/144/177 152/145/178 203/142/179
f 133/126/119 134/127/120 151/144/180
f 133/126/119 204/144/137 143/136/129
f 205/189/172 206/190/174 207/191/181
f 205/189/172 207/191/181 208/192/182
f 209/193/173 206/190/174 205/189/172
f 209/193/173 210/194/183 206/190/174
f 135/128/121 210/194/183 209/193/173
f 136/129/122 135/128/121 209/193/173
f 126/119/112 211/127/184 127/120/113
f 161/154/145 212/195/9 169/159/150
f 213/119/112 212/195/9 161/154/145
f 213/119/112 214/196/185 212/195/9
f 215/197/6 214/196/185 213/119/112
f 215/197/6 213/119/112 125/118/186
f 216/198/187 217/41/188 43/43/41
f 216/198/187 43/43/41 218/199/189
f 218/199/189 43/43/41 50/50/48
f 219/200/188 220/201/187 221/202/190
f 219/200/188 221/202/190 222/203/191
f 220/201/187 223/204/192 221/202/190
f 220/201/187 224/205/193 223/204/192
f 221/202/190 225/206/194 222/203/191
f 222/203/191 225/206/194 226/207/195
f 221/202/190 227/208/196 225/206/194
f 221/202/190 223/204/192 228/209/197
f 221/202/190 228/209/197 227/208/196
f 229/210/198 227/208/196 228/209/197
f 223/204/192 229/210/198 228/209/197
f 229/210/198 230/211/199 227/208/196
f 223/204/192 231/212/200 229/210/198
f 232/205/201 231/212/200 223/204/192
f 232/205/201 233/213/67 231/212/200
f 233/213/67 234/214/191 231/212/200
f 233/213/67 235/215/39 234/214/191
f 234/214/191 236/216/202 231/212/200
f 231/212/200 237/217/203 229/210/198
f 237/217/203 231/212/200 238/218/204
f 229/210/198 237/217/203 238/218/204
f 229/210/198 238/218/204 230/211/199
f 231/212/200 236/216/202 238/218/204
f 234/214/191 239/219/205 240/216/202
f 241/220/206 242/221/199 243/218/207
f 244/222/194 241/220/206 243/218/207
f 244/222/194 243/218/207 245/216/202
f 246/223/205 244/222/194 245/216/202
f 247/224/208 248/225/209 249/226/210
f 247/224/208 250/227/211 248/225/209
f 250/227/211 251/228/212 248/225/209
f 252/229/213 248/225/209 251/228/212
f 251/228/212 250/227/211 253/230/214
f 253/230/214 250/227/211 254/231/215
f 249/226/210 255/232/216 247/224/208
f 249/226/210 256/233/217 255/232/216
f 250/227/211 247/224/208 257/234/218
f 258/235/219 250/227/211 257/234/218
f 258/235/219 257/234/218 259/236/220
f 247/224/208 260/237/221 257/234/218
f 247/224/208 255/232/216 260/237/221
f 261/238/222 259/236/220 257/234/218
f 257/234/218 260/237/221 261/238/222
f 260/237/221 255/232/216 261/238/222
f 255/232/216 256/233/217 261/238/222
f 259/236/220 261/238/222 262/239/223
f 262/239/223 261/238/222 263/240/224
f 261/238/222 264/241/225 263/240/224
f 256/233/217 264/241/225 261/238/222
f 263/240/224 264/241/225 265/242/226
f 266/243/227 264/241/225 256/233/217
f 266/243/227 256/233/217 267/244/228
f 256/233/217 268/245/229 267/244/228
f 249/226/210 268/245/229 256/233/217
f 249/226/210 269/246/230 268/245/229
f 270/247/231 269/246/230 249/226/210
f 270/247/231 271/248/232 269/246/230
f 270/247/231 272/249/233 271/248/232
f 268/245/229 273/250/234 267/244/228
f 269/246/230 273/250/234 268/245/229
f 274/251/235 267/244/228 273/250/234
f 274/251/235 273/250/234 275/252/236
f 275/252/236 273/250/234 276/253/237
f 271/248/232 276/253/237 269/246/230
f 269/246/230 276/253/237 273/250/234
f 275/252/236 276/253/237 277/254/238
f 271/248/232 278/254/238 276/253/237
f 279/255/239 278/254/238 271/248/232
f 270/247/231 249/226/210 280/256/240
f 281/257/241 270/247/231 280/256/240
f 270/247/231 281/257/241 282/249/233
f 282/249/233 283/258/242 271/248/243
f 283/258/242 284/259/244 271/248/243
f 285/260/245 281/257/241 280/256/240
f 286/261/246 285/260/245 280/256/240
f 287/259/247 288/255/248 271/248/249
f 289/248/250 290/253/251 278/254/252
f 289/248/250 291/246/253 290/253/251
f 292/247/254 291/246/253 289/248/250
f 292/247/254 289/248/250 293/249/233
f 292/247/254 294/226/255 291/246/253
f 294/226/255 295/245/256 291/246/253
f 294/226/255 296/233/257 295/245/256
f 294/226/255 297/232/258 296/233/257
f 294/226/255 298/224/259 297/232/258
f 298/224/259 294/226/255 299/225/260
f 298/224/259 299/225/260 300/227/261
f 300/227/261 299/225/260 301/228/262
f 302/229/213 301/228/262 299/225/260
f 301/228/262 303/230/214 300/227/261
f 303/230/214 304/231/263 300/227/261
f 300/227/261 305/234/264 298/224/259
f 306/235/265 305/234/264 300/227/261
f 306/235/265 307/236/266 305/234/264
f 298/224/259 305/234/264 308/237/267
f 298/224/259 308/237/267 297/232/258
f 309/238/268 305/234/264 307/236/266
f 305/234/264 309/238/268 308/237/267
f 308/237/267 309/238/268 297/232/258
f 297/232/258 309/238/268 296/233/257
f 307/236/266 310/239/223 309/238/268
f 310/239/223 311/240/224 309/238/268
f 309/238/268 311/240/224 312/241/269
f 296/233/257 309/238/268 312/241/269
f 313/243/270 296/233/257 312/241/269
f 313/243/270 314/244/271 296/233/257
f 296/233/257 314/244/271 295/245/256
f 295/245/256 314/244/271 315/250/272
f 316/251/235 315/250/272 314/244/271
f 316/251/235 317/252/273 315/250/272
f 317/252/273 290/253/251 315/250/272
f 317/252/273 318/254/252 290/253/251
f 291/246/253 295/245/256 315/250/272
f 291/246/253 315/250/272 290/253/251
f 313/243/270 312/241/269 319/262/274
f 319/262/274 320/263/275 313/243/270
f 313/243/270 320/263/275 321/264/276
f 321/264/276 320/263/275 322/265/277
f 322/265/277 323/266/235 321/264/276
f 319/262/274 312/241/269 324/242/226
f 320/263/275 319/262/274 324/242/226
f 311/240/224 324/242/226 312/241/269
f 320/263/275 324/242/226 325/267/278
f 326/265/279 320/263/275 325/267/278
f 327/265/277 328/264/280 323/266/281
f 328/264/280 327/265/277 329/263/282
f 266/243/227 328/264/280 329/263/282
f 330/262/283 266/243/227 329/263/282
f 266/243/227 330/262/283 264/241/225
f 330/262/283 265/242/226 264/241/225
f 329/263/282 265/242/226 330/262/283
f 329/263/282 331/267/284 265/242/226
f 332/265/279 331/267/284 329/263/282
f 333/231/285 250/227/211 334/268/286
f 250/227/211 335/235/265 334/268/286
f 333/231/285 334/268/286 300/227/287
f 300/227/287 334/268/286 335/235/265
f 336/69/66 337/269/288 66/66/189
f 338/270/289 339/271/290 340/272/213
f 339/271/290 341/273/291 340/272/213
f 342/274/292 343/275/293 344/276/294
f 343/275/293 345/271/295 344/276/294
f 346/270/296 344/276/294 345/271/295
f 347/277/297 348/278/37 21/21/20
f 24/24/23 347/277/297 21/21/20
f 348/278/37 28/28/27 21/21/20
f 349/1/298 350/4/299 351/3/300
f 349/1/298 351/3/300 352/2/301
f 350/4/299 353/5/302 351/3/300
f 350/4/299 354/6/303 353/5/302
f 351/3/300 355/7/304 352/2/301
f 351/3/300 356/8/305 355/7/304
f 353/5/302 356/8/305 351/3/300
f 353/5/302 357/9/306 356/8/305
f 358/10/307 356/8/305 357/9/306
f 358/10/307 359/11/308 356/8/305
f 359/11/308 355/7/304 356/8/305
f 349/1/298 352/2/301 360/12/309
f 350/4/299 361/13/310 354/6/303
f 362/14/311 361/13/310 350/4/299
f 349/1/298 362/14/311 350/4/299
f 362/14/311 363/15/312 361/13/310
f 362/14/311 364/16/308 363/15/312
f 364/16/308 362/14/311 365/17/313
f 349/1/298 365/17/313 362/14/311
f 366/18/314 365/17/313 349/1/298
f 366/18/314 349/1/298 360/12/309
f 366/18/314 360/12/309 367/19/315
f 366/18/314 367/19/315 368/20/316
f 368/20/316 367/19/315 369/21/317
f 370/22/318 366/18/314 368/20/316
f 364/16/308 365/17/313 370/22/318
f 366/18/314 370/22/318 365/17/313
f 370/22/318 368/20/316 371/23/319
f 372/24/320 368/20/316 369/21/317
f 372/24/320 371/23/319 368/20/316
f 373/25/321 367/19/315 360/12/309
f 374/26/322 367/19/315 373/25/321
f 374/26/322 375/27/323 367/19/315
f 367/19/315 375/27/323 369/21/317
f 369/21/317 375/27/323 376/28/324
f 377/29/325 374/26/322 373/25/321
f 377/29/325 373/25/321 378/30/326
f 378/30/326 379/31/320 377/29/325
f 378/30/326 380/32/327 379/31/320
f 381/33/328 380/32/327 378/30/326
f 381/33/328 382/34/318 380/32/327
f 375/27/323 374/26/322 383/35/329
f 375/27/323 383/35/329 384/36/330
f 383/35/329 374/26/322 385/37/331
f 385/37/331 374/26/322 377/29/325
f 385/37/331 377/29/325 386/38/332
f 379/31/320 386/38/332 377/29/325
f 385/37/331 386/38/332 387/39/333
f 378/30/326 352/2/301 381/33/328
f 378/30/326 373/25/321 352/2/301
f 373/25/321 360/12/309 352/2/301
f 352/2/301 388/40/334 381/33/328
f 388/40/334 382/34/318 381/33/328
f 355/7/304 382/34/318 388/40/334
f 355/7/304 388/40/334 352/2/301
f 359/11/308 382/34/318 355/7/304
f 389/41/335 390/43/336 391/42/337
f 391/42/337 390/43/336 392/44/338
f 391/42/337 392/44/338 393/45/339
f 393/45/339 392/44/338 394/46/340
f 393/45/339 394/46/340 395/47/341
f 396/48/342 394/46/340 392/44/338
f 397/49/343 394/46/340 396/48/342
f 396/48/342 392/44/338 398/50/344
f 390/43/336 398/50/344 392/44/338
f 399/51/345 393/45/339 395/47/341
f 400/52/346 393/45/339 399/51/345
f 400/52/346 391/42/337 393/45/339
f 399/51/345 401/53/347 400/52/346
f 399/51/345 402/54/348 401/53/347
f 402/54/348 403/55/349 401/53/347
f 402/54/348 404/56/342 403/55/349
f 405/57/350 404/56/342 402/54/348
f 405/57/350 406/58/351 404/56/342
f 407/59/352 405/57/350 402/54/348
f 407/59/352 402/54/348 399/51/345
f 399/51/345 395/47/341 407/59/352
f 407/59/352 408/60/353 405/57/350
f 408/60/353 406/58/351 405/57/350
f 407/59/352 409/61/354 408/60/353
f 395/47/341 409/61/354 407/59/352
f 408/60/353 410/62/355 406/58/351
f 395/47/341 411/63/356 409/61/354
f 401/53/347 403/55/349 412/66/357
f 401/53/347 412/66/357 413/67/358
f 401/53/347 414/68/359 400/52/346
f 401/53/347 413/67/358 414/68/359
f 415/69/360 413/67/358 412/66/357
f 414/68/359 413/67/358 415/69/360
f 400/52/346 414/68/359 391/42/337
f 391/42/337 414/68/359 416/70/361
f 391/42/337 416/70/361 417/41/335
f 414/68/359 418/69/362 416/70/361
f 419/64/363 409/61/354 420/63/356
f 419/64/363 420/63/356 421/65/62
f 411/63/356 394/46/340 422/71/364
f 411/63/356 395/47/341 394/46/340
f 423/71/364 394/46/340 397/49/343
f 424/71/364 397/49/365 425/72/366
f 426/73/367 427/75/368 428/74/369
f 426/73/367 428/74/369 429/76/75
f 429/76/75 428/74/369 430/77/76
f 427/75/368 426/73/367 431/78/370
f 427/75/368 431/78/370 432/79/371
f 428/74/369 427/75/368 433/80/355
f 428/74/369 433/80/355 434/83/372
f 435/82/354 428/74/369 434/83/372
f 428/74/369 436/81/61 430/77/76
f 428/74/369 435/82/354 436/81/61
f 437/94/373 433/80/355 427/75/368
f 437/94/373 427/75/368 432/79/371
f 438/92/364 433/80/355 437/94/373
f 439/85/374 437/94/373 432/79/371
f 437/94/373 439/85/374 440/92/375
f 439/85/374 432/79/371 441/84/376
f 431/78/370 441/84/376 432/79/371
f 439/85/374 441/84/376 442/86/81
f 443/87/82 442/86/81 441/84/376
f 443/87/82 441/84/376 431/78/370
f 444/88/83 439/85/374 442/86/81
f 444/88/83 445/89/377 439/85/374
f 439/85/374 445/89/377 446/90/378
f 439/85/374 446/90/378 440/92/375
f 446/90/378 445/89/377 447/91/379
f 448/92/380 446/90/378 447/91/379
f 449/93/381 445/89/377 444/88/83
f 450/93/62 447/91/379 445/89/377
f 443/87/82 431/78/370 451/96/382
f 443/87/82 451/96/382 452/95/89
f 452/95/89 451/96/382 453/97/329
f 452/95/89 453/97/329 454/98/383
f 454/98/383 453/97/329 455/99/384
f 456/100/385 455/99/384 453/97/329
f 455/99/384 456/100/385 457/101/333
f 455/99/384 457/101/333 458/102/386
f 459/103/387 455/99/384 458/102/386
f 455/99/384 459/103/387 460/104/97
f 454/98/383 455/99/384 460/104/97
f 426/73/367 451/96/382 431/78/370
f 426/73/367 461/105/388 451/96/382
f 462/106/389 453/97/329 451/96/382
f 462/106/389 451/96/382 461/105/388
f 462/106/389 461/105/388 463/107/390
f 426/73/367 463/107/390 461/105/388
f 462/106/389 463/107/390 464/108/391
f 464/108/391 463/107/390 465/109/392
f 465/109/392 466/110/393 464/108/391
f 466/110/393 462/106/389 464/108/391
f 465/109/392 467/111/104 466/110/393
f 466/110/393 467/111/104 468/112/394
f 466/110/393 468/112/394 469/113/395
f 469/113/395 470/114/324 466/110/393
f 469/113/395 471/115/396 470/114/324
f 426/73/367 429/76/75 463/107/390
f 466/110/393 472/116/397 462/106/389
f 466/110/393 470/114/324 472/116/397
f 429/76/75 473/117/110 463/107/390
f 463/107/390 473/117/110 465/109/392
f 474/118/398 475/120/399 476/119/400
f 477/121/401 475/120/399 474/118/398
f 475/120/399 477/121/401 478/122/402
f 475/120/399 478/122/402 479/123/403
f 478/122/402 480/124/404 479/123/403
f 479/123/403 480/124/404 481/125/405
f 482/126/406 475/120/399 479/123/403
f 475/120/399 482/126/406 483/127/407
f 479/123/403 484/128/408 482/126/406
f 479/123/403 481/125/405 484/128/408
f 484/128/408 481/125/405 485/129/409
f 486/130/410 480/124/404 478/122/402
f 486/130/410 487/131/411 480/124/404
f 488/132/412 487/131/411 486/130/410
f 488/132/412 489/133/413 487/131/411
f 490/134/414 489/133/413 488/132/412
f 490/134/414 491/135/415 489/133/413
f 484/128/408 492/136/416 482/126/406
f 484/128/408 493/137/417 492/136/416
f 493/137/417 494/138/418 492/136/416
f 493/137/417 495/139/419 494/138/418
f 494/138/418 495/139/419 496/140/420
f 497/141/421 494/138/418 496/140/420
f 498/142/422 494/138/418 497/141/421
f 492/136/416 494/138/418 498/142/422
f 496/140/420 495/139/419 499/143/423
f 492/136/416 498/142/422 500/144/424
f 501/145/425 498/142/426 502/146/421
f 503/147/427 501/145/425 502/146/421
f 503/147/427 502/146/421 504/148/420
f 505/149/428 503/147/427 504/148/420
f 506/150/429 503/147/427 505/149/428
f 503/147/427 506/150/429 501/145/425
f 506/150/429 505/149/428 507/151/430
f 505/149/428 504/148/420 508/152/423
f 507/151/430 509/153/431 506/150/429
f 506/150/429 509/153/431 510/154/432
f 506/150/429 510/154/432 511/155/433
f 501/145/425 506/150/429 511/155/433
f 511/155/433 512/144/434 501/145/425
f 513/127/407 512/144/434 511/155/433
f 510/154/432 513/127/407 511/155/433
f 505/149/428 508/152/423 514/156/435
f 505/149/428 514/156/435 515/157/417
f 516/151/436 505/149/428 515/157/417
f 516/151/436 515/157/417 517/158/408
f 476/119/437 513/127/407 510/154/432
f 510/154/432 509/153/431 518/159/312
f 519/160/310 518/159/312 509/153/431
f 519/160/310 509/153/431 520/161/438
f 521/151/430 520/161/438 509/153/431
f 522/162/439 520/161/438 521/151/430
f 520/161/438 522/162/439 523/163/409
f 520/161/438 523/163/409 524/164/440
f 520/161/438 524/164/440 525/165/441
f 519/160/310 520/161/438 525/165/441
f 526/166/442 525/165/441 524/164/440
f 525/165/441 526/166/442 527/167/443
f 525/165/441 527/167/443 528/168/444
f 529/169/445 525/165/441 528/168/444
f 527/167/443 529/169/445 528/168/444
f 527/167/443 530/170/446 529/169/445
f 526/166/442 524/164/440 531/171/447
f 527/167/443 526/166/442 532/172/448
f 527/167/443 532/172/448 533/173/449
f 530/170/446 527/167/443 533/173/449
f 533/173/449 532/172/448 534/174/450
f 533/173/449 534/174/450 535/175/414
f 530/170/446 533/173/449 536/176/410
f 536/176/410 533/173/449 535/175/414
f 536/176/410 535/175/414 537/177/451
f 538/178/452 534/174/450 532/172/448
f 538/178/452 532/172/448 539/179/453
f 539/179/453 532/172/448 526/166/442
f 539/179/453 526/166/442 531/171/447
f 519/160/310 525/165/441 540/180/454
f 541/181/455 542/183/456 543/182/457
f 541/181/455 544/184/458 542/183/456
f 521/151/430 541/181/455 543/182/457
f 521/151/430 543/182/457 522/162/439
f 543/182/457 542/183/456 545/185/459
f 543/182/457 545/185/459 546/186/460
f 522/162/439 543/182/457 546/186/460
f 522/162/439 546/186/460 523/163/409
f 541/181/455 547/187/461 544/184/458
f 541/181/455 548/188/462 547/187/461
f 549/151/430 548/188/462 541/181/455
f 549/151/430 550/158/408 548/188/462
f 551/144/463 552/142/464 501/145/465
f 482/126/406 500/144/434 483/127/407
f 482/126/406 492/136/416 553/144/424
f 554/189/466 555/191/458 556/190/461
f 554/189/466 557/192/467 555/191/458
f 558/193/460 554/189/466 556/190/461
f 558/193/460 556/190/461 559/194/468
f 484/128/408 558/193/460 559/194/468
f 485/129/409 558/193/460 484/128/408
f 476/119/400 475/120/399 560/127/469
f 476/119/437 510/154/432 561/195/470
f 510/154/432 518/159/312 561/195/470
f 562/119/471 561/195/470 563/196/472
f 564/197/473 562/119/471 563/196/472
f 564/197/473 474/118/441 562/119/471
f 565/198/474 390/43/336 566/41/475
f 565/198/474 567/199/476 390/43/336
f 567/199/476 398/50/344 390/43/336
f 568/200/335 569/203/477 570/202/478
f 568/200/335 570/202/478 571/201/479
f 571/201/479 570/202/478 572/204/480
f 571/201/479 572/204/480 573/205/360
f 570/202/478 569/203/477 574/206/481
f 569/203/477 575/207/482 574/206/481
f 570/202/478 574/206/481 576/208/483
f 570/202/478 577/209/484 572/204/480
f 570/202/478 576/208/483 577/209/484
f 578/210/485 577/209/484 576/208/483
f 572/204/480 577/209/484 578/210/485
f 578/210/485 576/208/483 579/211/486
f 572/204/480 578/210/485 580/212/487
f 581/205/362 572/204/480 580/212/487
f 581/205/362 580/212/487 582/213/361
f 582/213/361 580/212/487 583/214/488
f 582/213/361 583/214/488 584/215/335
f 583/214/488 580/212/487 585/216/489
f 580/212/487 578/210/485 586/217/490
f 586/217/490 587/218/491 580/212/487
f 578/210/485 587/218/491 586/217/490
f 578/210/485 579/211/486 587/218/491
f 580/212/487 587/218/491 585/216/489
f 583/214/488 588/216/492 589/219/482
f 590/220/493 591/218/494 592/221/486
f 593/222/495 591/218/494 590/220/493
f 593/222/495 594/216/489 591/218/494
f 595/223/482 594/216/489 593/222/495
f 292/247/254 596/249/233 597/257/241
f 597/257/241 598/256/496 292/247/254
f 599/260/245 598/256/496 597/257/241
f 600/261/246 598/256/496 599/260/245
f 292/247/254 598/256/496 294/226/255
f 596/249/497 289/248/498 601/258/104
f 601/258/104 289/248/498 602/259/499
f 603/259/394 289/248/500 604/255/248
f 605/255/248 289/248/250 278/254/252
f 606/69/360 412/66/476 607/269/479
f 608/270/289 609/272/501 610/271/502
f 610/271/502 609/272/501 611/273/503
f 612/274/292 613/276/504 614/275/505
f 614/275/505 613/276/504 615/271/255
f 616/270/289 615/271/255 613/276/504
f 617/277/506 369/21/317 618/278/507
f 372/24/320 369/21/317 617/277/506
f 618/278/507 369/21/317 376/28/324
o Object_33.001
v 0.359588 1.713046 -0.204153
v 0.309527 1.705702 -0.257638
v 0.503933 1.421041 -0.144646
v 0.525545 1.470697 -0.076729
v 0.580492 1.317125 -0.086772
v 0.601699 1.365850 -0.020129
v 0.370148 1.691524 -0.336607
v 0.498088 1.522670 -0.239063
v 0.621358 1.333459 -0.108604
v 0.649798 1.364481 -0.084966
v 0.532187 1.563989 -0.202824
v 0.361697 1.705279 -0.207519
v 0.641470 1.379667 -0.045407
v 0.483299 1.631102 -0.157849
v 0.649798 1.364481 -0.084966
v 0.532187 1.563989 -0.202824
v 0.428129 1.734506 -0.231278
v 0.432482 1.718546 -0.240542
v 0.414571 1.955403 0.001120
v 0.485067 1.891628 -0.117216
v 0.523601 2.065882 -0.013881
v 0.424825 1.734711 -0.315497
v 0.459876 1.905987 -0.192570
v 0.494783 2.043826 -0.114566
v 0.316419 2.030563 -0.094496
v 0.317839 2.091851 -0.027179
v 0.396163 2.019500 0.065621
v 0.436982 2.088962 0.092136
v 0.458675 2.135943 -0.104259
v 0.393227 1.959026 -0.202777
v 0.494783 2.043826 -0.114566
v 0.459876 1.905987 -0.192570
v 0.351108 1.756626 -0.331475
v 0.424825 1.734711 -0.315497
v 0.362238 2.089624 -0.104024
v 0.340423 1.983882 -0.006110
v 0.443153 2.201907 0.015727
v 0.503012 2.108652 -0.070973
v 0.449914 2.157234 0.064048
v 0.360020 1.723696 -0.335173
v -0.174787 -0.015967 -0.165087
v -0.142331 0.479186 -0.156753
v -0.055810 0.428718 -0.178499
v 0.004337 0.724900 -0.117540
v -0.088081 0.722847 -0.104845
v 0.010466 0.792288 -0.132655
v -0.084221 0.791676 -0.107680
v 0.058543 0.777312 -0.012902
v 0.064277 0.838802 -0.030586
v 0.049476 0.717497 -0.016559
v -0.097283 0.781731 0.013319
v -0.108613 0.714232 0.001916
v -0.024619 0.712643 0.034462
v -0.013249 0.783238 0.041484
v 0.049476 0.717497 -0.016559
v 0.058543 0.777312 -0.012902
v -0.005635 0.854076 0.025373
v 0.064277 0.838802 -0.030586
v -0.091480 0.835511 0.002171
v 0.044231 1.288322 -0.126576
v -0.060332 1.304116 -0.191191
v 0.106068 1.306058 -0.225513
v -0.074469 1.252402 -0.358791
v -0.131748 1.302539 -0.188509
v -0.119671 1.315475 -0.377013
v -0.004219 0.385711 -0.062227
v -0.075526 0.411891 0.002207
v -0.147231 0.444535 -0.040754
v -0.159762 -0.025746 -0.038243
v -0.209613 -0.015778 -0.082006
v -0.174787 -0.015967 -0.165087
v -0.159762 -0.025746 -0.038243
v 0.084356 1.198038 -0.361241
v 0.084356 1.198038 -0.361241
v 0.084356 1.198038 -0.361241
v 0.106068 1.306058 -0.225513
v 0.117344 1.706193 -0.096022
v 0.036070 1.389266 -0.124945
v 0.121198 1.423337 -0.199085
v -0.061796 1.722297 0.001056
v -0.118678 1.391336 -0.114561
v 0.157682 1.735428 -0.244520
v 0.133159 1.451854 -0.347932
v 0.106068 1.306058 -0.225513
v -0.131748 1.302539 -0.188509
v -0.060332 1.304116 -0.191191
v 0.044231 1.288322 -0.126576
v 0.060661 1.535492 -0.377155
v 0.058836 1.446178 -0.414922
v -0.067296 1.594672 -0.365458
v -0.033759 1.783535 -0.320613
v -0.101486 1.402609 -0.409437
v -0.076544 1.352845 -0.425351
v 0.053792 1.349866 -0.428733
v -0.074469 1.252402 -0.358791
v 0.084356 1.198038 -0.361241
v -0.119671 1.315475 -0.377013
v -0.119671 1.315475 -0.377013
v 0.131948 1.408832 -0.356949
v 0.084356 1.198038 -0.361241
v 0.084356 1.198038 -0.361241
v 0.002417 2.010722 -0.221807
v 0.192687 1.895464 -0.236206
v 0.362238 2.089624 -0.104024
v 0.113913 2.242468 -0.078344
v 0.356481 2.276521 0.068748
v 0.443153 2.201907 0.015727
v 0.449914 2.157234 0.064048
v 0.353621 2.199624 0.118581
v 0.280966 2.252113 0.187011
v 0.202156 2.326326 0.144274
v 0.166093 1.782910 -0.117224
v 0.340423 1.983882 -0.006110
v 0.083084 1.757659 -0.029251
v 0.223520 1.931664 0.086090
v 0.108063 1.973537 0.195453
v 0.340484 2.138571 0.154259
v 0.191039 2.206983 0.235410
v 0.280966 2.252113 0.187011
v 0.353621 2.199624 0.118581
v 0.436982 2.088962 0.092136
v 0.449914 2.157234 0.064048
v 0.396163 2.019500 0.065621
v -0.006614 1.763243 0.017150
v 0.633302 1.315322 0.014487
v 0.583752 1.325897 -0.070509
v 0.605936 1.294732 -0.038665
v 0.599005 1.286262 0.002998
v 0.606013 1.243693 0.012952
v 0.616140 1.243861 -0.027756
v 0.628286 1.222673 0.008144
v 0.653289 1.238328 0.002240
v 0.638715 1.198794 -0.072052
v 0.588873 1.217226 -0.111364
v 0.661684 1.192813 -0.040102
v 0.679451 1.188300 -0.014603
v 0.603300 1.196254 0.017125
v 0.626999 1.192196 0.014467
v 0.603477 1.170999 0.011873
v 0.622906 1.169125 0.011551
v 0.601719 1.152382 0.024763
v 0.621503 1.150475 0.024427
v 0.618115 1.169532 -0.064358
v 0.635960 1.156917 -0.034720
v 0.589697 1.158655 -0.046439
v 0.607090 1.151862 -0.019108
v 0.577021 1.133697 -0.045318
v 0.558222 1.153357 -0.079334
v 0.564991 1.172170 -0.082913
v 0.592724 1.127564 -0.019744
v 0.586526 1.187629 -0.113354
v 0.596564 1.169172 -0.122318
v 0.558222 1.153357 -0.079334
v 0.624990 1.134699 -0.072568
v 0.577021 1.133697 -0.045318
v 0.643007 1.132003 -0.041178
v 0.669657 1.191592 -0.086376
v 0.686839 1.188056 -0.054601
v 0.592724 1.127564 -0.019744
v 0.678630 1.325197 -0.067158
v 0.631157 1.329093 -0.097748
v 0.615430 1.212400 -0.130544
v 0.586526 1.187629 -0.113354
v 0.588873 1.217226 -0.111364
v 0.607090 1.151862 -0.019108
v 0.635960 1.156917 -0.034720
v 0.686839 1.188056 -0.054601
v 0.661684 1.192813 -0.040102
v 0.649798 1.364481 -0.084966
v 0.641470 1.379667 -0.045407
v 0.678763 1.318388 -0.011637
v 0.686839 1.188056 -0.054601
v 0.700719 1.185200 -0.028924
v 0.679451 1.188300 -0.014603
v 0.653289 1.238328 0.002240
v 0.633302 1.315322 0.014487
v 0.633513 1.239550 0.034853
v 0.607062 1.245656 0.035552
v 0.610314 1.292194 0.026450
v 0.599005 1.286262 0.002998
v 0.606013 1.243693 0.012952
v 0.628286 1.222673 0.008144
v 0.629906 1.192072 0.038288
v 0.602723 1.197701 0.039067
v 0.621503 1.150475 0.024427
v 0.601719 1.152382 0.024763
v 0.603300 1.196254 0.017125
v 0.603477 1.170999 0.011873
v 0.622906 1.169125 0.011551
v 0.626999 1.192196 0.014467
v 0.601699 1.365850 -0.020129
v 0.659192 1.123850 -0.052287
v 0.673511 1.121571 -0.026791
v 0.625989 1.101113 -0.005076
v 0.614020 1.102876 -0.025118
v 0.632242 1.126401 -0.002662
v 0.661578 1.141669 -0.015798
v 0.619436 1.131538 -0.026843
v 0.645237 1.147596 -0.041950
v 0.686839 1.188056 -0.054601
v 0.661684 1.192813 -0.040102
v 0.586526 1.187629 -0.113354
v 0.564991 1.172170 -0.082913
v 0.586526 1.187629 -0.113354
v 0.632242 1.126401 -0.002662
v 0.619436 1.131538 -0.026843
v 0.614020 1.102876 -0.025118
v 0.625989 1.101113 -0.005076
v 0.661578 1.141669 -0.015798
v 0.645237 1.147596 -0.041950
v 0.588873 1.217226 -0.111364
v 0.621358 1.333459 -0.108604
v 0.583752 1.325897 -0.070509
v 0.580492 1.317125 -0.086772
v 0.601699 1.365850 -0.020129
v -0.118847 -0.028479 -0.093736
v -0.174787 -0.015967 -0.165087
v -0.004219 0.385711 -0.062227
v -0.174787 -0.015967 -0.165087
v -0.118847 -0.028479 -0.093736
v -0.122131 -0.085409 -0.091322
v -0.173564 -0.090137 -0.166879
v -0.166587 -0.082760 -0.025664
v -0.159762 -0.025746 -0.038243
v -0.114891 -0.203843 -0.153099
v -0.168347 -0.206391 -0.181120
v -0.067752 -0.191622 0.211018
v -0.123873 -0.138943 0.174279
v -0.184131 -0.163474 0.232153
v -0.186926 -0.187740 0.266763
v -0.217104 -0.090277 -0.086376
v -0.159762 -0.025746 -0.038243
v -0.209613 -0.015778 -0.082006
v -0.173564 -0.090137 -0.166879
v -0.174787 -0.015967 -0.165087
v -0.217743 -0.209017 -0.144121
v -0.214623 -0.160980 0.212030
v -0.236052 -0.199776 0.237446
v -0.168347 -0.206391 -0.181120
v -0.217743 -0.209017 -0.144121
v -0.067752 -0.191622 0.211018
v -0.186926 -0.187740 0.266763
v -0.236052 -0.199776 0.237446
v -0.114891 -0.203843 -0.153099
v -0.217743 -0.209017 -0.144121
v -0.168347 -0.206391 -0.181120
v 0.371664 2.275791 0.436238
v 0.323006 2.262503 0.408938
v 0.382366 2.230595 0.358028
v 0.329754 2.298150 0.449982
v 0.279966 2.290858 0.442602
v 0.278016 2.291831 0.429696
v 0.301091 2.307036 0.452496
v 0.307479 2.306662 0.481094
v 0.435747 2.285432 0.428664
v 0.502527 2.301498 0.416967
v 0.357221 2.333867 0.475556
v 0.336403 2.331182 0.483119
v 0.365612 2.354665 0.491398
v 0.397166 2.305574 0.469813
v 0.423521 2.317135 0.490832
v 0.382798 2.365731 0.509634
v 0.406590 2.383410 0.523411
v 0.453432 2.339545 0.507254
v 0.490738 2.455129 0.527459
v 0.541296 2.353920 0.485047
v 0.597579 2.415936 0.390674
v 0.533525 2.333455 0.333287
v 0.408579 2.270363 0.296501
v 0.240435 2.199825 0.309732
v 0.320660 2.258168 0.244634
v 0.215719 2.264348 0.273147
v 0.529184 2.385053 0.247664
v 0.522633 2.540179 0.247708
v 0.393415 2.442152 0.182638
v 0.440940 2.319865 0.229128
v 0.302602 2.360143 0.200672
v 0.302602 2.360143 0.200672
v 0.202156 2.326326 0.144274
v 0.254080 2.223863 0.373673
v 0.173868 2.220200 0.336191
v 0.215719 2.264348 0.273147
v 0.191039 2.206983 0.235410
v 0.280966 2.252113 0.187011
v 0.201688 2.239609 0.381813
v 0.211421 2.247670 0.386593
v 0.280966 2.252113 0.187011
v 0.202156 2.326326 0.144274
v 0.215886 2.379687 0.269631
v 0.292517 2.492008 0.264540
v 0.250941 2.450930 0.325335
v 0.159427 2.291477 0.320139
v 0.215719 2.264348 0.273147
v 0.218145 2.418703 0.388064
v 0.341829 2.555786 0.379025
v 0.322404 2.510407 0.459942
v 0.298035 2.445153 0.461521
v 0.279504 2.382681 0.458228
v 0.253104 2.343577 0.425615
v 0.296810 2.336360 0.457845
v 0.279966 2.290858 0.442602
v 0.278016 2.291831 0.429696
v 0.301091 2.307036 0.452496
v 0.307479 2.306662 0.481094
v 0.340978 2.352706 0.479432
v 0.336403 2.331182 0.483119
v 0.365612 2.354665 0.491398
v 0.319201 2.395999 0.488413
v 0.338952 2.415219 0.511007
v 0.382798 2.365731 0.509634
v 0.406590 2.383410 0.523411
v 0.368863 2.437630 0.527431
v 0.393040 2.525869 0.520421
v 0.443601 2.594522 0.427413
v 0.373919 2.565130 0.284707
v 0.522633 2.540179 0.247708
v 0.393415 2.442152 0.182638
v 0.302602 2.360143 0.200672
v 0.442583 2.495215 0.526111
v 0.481310 2.576111 0.456899
v 0.443601 2.594522 0.427413
v 0.563885 2.553699 0.354891
v 0.522633 2.540179 0.247708
v 0.490738 2.455129 0.527459
v 0.544140 2.512890 0.470510
v 0.563885 2.553699 0.354891
v 0.563885 2.553699 0.354891
v 0.597579 2.415936 0.390674
v 0.591970 2.447766 0.430498
v 0.521118 2.404130 0.507376
v 0.544140 2.512890 0.470510
v 0.563885 2.553699 0.354891
v 0.307479 2.306662 0.481094
v 0.312058 2.309874 0.484667
v 0.336403 2.331182 0.483119
v -0.159762 -0.025746 -0.038243
v -0.118847 -0.028479 -0.093736
v 0.310132 2.349519 0.272755
v 0.382366 2.230595 0.358028
v 0.278016 2.291831 0.429696
v 0.323006 2.262503 0.408938
v 0.211421 2.247670 0.386593
v 0.254080 2.223863 0.373673
v 0.204018 2.247064 0.334305
v 0.382366 2.230595 0.358028
v 0.310132 2.349519 0.272755
v 0.503012 2.108652 -0.070973
v 0.449914 2.157234 0.064048
v -0.246602 1.885679 -0.098134
v -0.485819 1.683505 -0.031704
v -0.470512 1.641875 -0.106393
v -0.194994 1.873141 -0.148025
v -0.578630 1.556197 -0.075101
v -0.593651 1.597047 -0.001816
v -0.252637 1.882610 -0.233137
v -0.426226 1.751879 -0.178610
v -0.610660 1.587022 -0.096014
v -0.632259 1.620482 -0.068742
v -0.451950 1.794560 -0.137383
v -0.243493 1.894146 -0.096766
v -0.624905 1.625760 -0.026516
v -0.392452 1.836223 -0.077040
v -0.632259 1.620482 -0.068742
v -0.451950 1.794560 -0.137383
v -0.303059 1.930185 -0.125078
v -0.303783 1.933417 -0.129928
v -0.188561 2.151230 0.102675
v -0.280850 2.117008 -0.012880
v -0.244936 2.295434 0.084084
v -0.291029 1.942853 -0.206373
v -0.253467 2.117714 -0.088831
v -0.229194 2.260496 -0.015843
v -0.070461 2.177986 0.003869
v -0.046113 2.236911 0.068867
v -0.144959 2.204748 0.164660
v -0.123819 2.293582 0.187743
v -0.159247 2.330909 -0.009140
v -0.171435 2.139483 -0.101316
v -0.229194 2.260496 -0.015843
v -0.253467 2.117714 -0.088831
v -0.209866 1.941560 -0.221493
v -0.291029 1.942853 -0.206373
v -0.140405 2.234317 0.016115
v -0.144771 2.133925 0.119671
v -0.085059 2.375934 0.086012
v -0.210134 2.324609 0.025348
v -0.101325 2.350938 0.145062
v -0.230712 1.911562 -0.228559
v -0.258528 0.232123 -0.619354
v -0.342724 0.618572 -0.383461
v -0.258950 0.632466 -0.326062
v -0.393763 0.833196 -0.168075
v -0.305948 0.808834 -0.148033
v -0.388184 0.858365 -0.169593
v -0.302723 0.836567 -0.127040
v -0.461312 0.839648 -0.065052
v -0.449431 0.915688 -0.077722
v -0.458141 0.777628 -0.096960
v -0.315090 0.807167 -0.015679
v -0.307277 0.737999 -0.065124
v -0.395925 0.732389 -0.050062
v -0.400879 0.816787 -0.006266
v -0.458141 0.777628 -0.096960
v -0.461312 0.839648 -0.065052
v -0.390241 0.914897 -0.008813
v -0.449431 0.915688 -0.077722
v -0.307719 0.877601 -0.015990
v -0.312840 1.349373 -0.148044
v -0.196768 1.341400 -0.190723
v -0.348641 1.380552 -0.256087
v -0.173481 1.280350 -0.359848
v -0.418770 0.526702 -0.321759
v -0.359836 0.499381 -0.246246
v -0.279112 0.538010 -0.252904
v -0.298647 0.154946 -0.525309
v -0.240661 0.179395 -0.548533
v -0.258528 0.232123 -0.619354
v -0.298647 0.154946 -0.525309
v -0.131748 1.302539 -0.188509
v -0.173481 1.280350 -0.359848
v -0.119671 1.315475 -0.377013
v -0.339380 1.310925 -0.396054
v -0.339380 1.310925 -0.396054
v -0.339380 1.310925 -0.396054
v -0.348641 1.380552 -0.256087
v -0.223964 1.770940 -0.113445
v -0.320728 1.507171 -0.221646
v -0.261662 1.445745 -0.140143
v -0.061796 1.722297 0.001056
v -0.118678 1.391336 -0.114561
v -0.236026 1.810116 -0.264621
v -0.306750 1.535306 -0.370388
v -0.348641 1.380552 -0.256087
v -0.312840 1.349373 -0.148044
v -0.196768 1.341400 -0.190723
v -0.131748 1.302539 -0.188509
v -0.320924 1.496100 -0.379810
v -0.339380 1.310925 -0.396054
v -0.233439 1.501621 -0.429843
v -0.339380 1.310925 -0.396054
v -0.206214 1.586119 -0.390780
v -0.067296 1.594672 -0.365458
v -0.033759 1.783535 -0.320613
v -0.101486 1.402609 -0.409437
v -0.141188 1.365108 -0.428650
v -0.262595 1.409885 -0.444885
v -0.173481 1.280350 -0.359848
v -0.339380 1.310925 -0.396054
v -0.119671 1.315475 -0.377013
v -0.119671 1.315475 -0.377013
v -0.198954 2.015860 -0.126318
v 0.002417 2.010722 -0.221807
v -0.140405 2.234317 0.016115
v 0.113913 2.242468 -0.078344
v 0.035944 2.377828 0.129703
v -0.085059 2.375934 0.086012
v -0.101325 2.350938 0.145062
v 0.012164 2.324563 0.166691
v 0.128169 2.299086 0.229886
v 0.202156 2.326326 0.144274
v -0.182286 1.890008 -0.019475
v -0.144771 2.133925 0.119671
v -0.094944 1.812388 0.020701
v -0.053588 2.021330 0.174767
v 0.108063 1.973537 0.195453
v 0.004611 2.255119 0.230946
v 0.191039 2.206983 0.235410
v 0.128169 2.299086 0.229886
v 0.012164 2.324563 0.166691
v -0.123819 2.293582 0.187743
v -0.101325 2.350938 0.145062
v -0.144959 2.204748 0.164660
v -0.006614 1.763243 0.017150
v -0.641868 1.553706 0.021644
v -0.612074 1.540222 -0.032470
v -0.581450 1.572784 -0.054365
v -0.611655 1.521907 0.006519
v -0.626664 1.480261 0.005753
v -0.631686 1.491004 -0.034487
v -0.651337 1.465276 -0.005553
v -0.672558 1.486204 -0.009648
v -0.655862 1.461450 -0.089663
v -0.599339 1.478248 -0.119535
v -0.683156 1.453163 -0.061903
v -0.704338 1.446696 -0.039641
v -0.632263 1.433369 -0.000964
v -0.655815 1.434456 -0.006377
v -0.635936 1.410306 -0.011917
v -0.655229 1.412195 -0.014217
v -0.638797 1.389370 -0.003591
v -0.658442 1.391294 -0.005933
v -0.641391 1.427910 -0.087336
v -0.664471 1.412801 -0.062946
v -0.617481 1.408361 -0.070212
v -0.638894 1.399243 -0.046677
v -0.609283 1.381827 -0.073897
v -0.583589 1.404450 -0.100822
v -0.586719 1.424517 -0.100481
v -0.628720 1.373404 -0.051774
v -0.601639 1.449854 -0.128133
v -0.613414 1.435936 -0.141896
v -0.583589 1.404450 -0.100822
v -0.652832 1.397541 -0.103910
v -0.609283 1.381827 -0.073897
v -0.674677 1.391599 -0.075536
v -0.685625 1.463364 -0.107688
v -0.706830 1.456382 -0.079068
v -0.628720 1.373404 -0.051774
v -0.674877 1.589057 -0.058843
v -0.624092 1.590492 -0.083815
v -0.623840 1.482661 -0.141369
v -0.601639 1.449854 -0.128133
v -0.599339 1.478248 -0.119535
v -0.638894 1.399243 -0.046677
v -0.664471 1.412801 -0.062946
v -0.706830 1.456382 -0.079068
v -0.683156 1.453163 -0.061903
v -0.632259 1.620482 -0.068742
v -0.624905 1.625760 -0.026516
v -0.682759 1.570688 -0.006599
v -0.706830 1.456382 -0.079068
v -0.723961 1.450741 -0.055944
v -0.704338 1.446696 -0.039641
v -0.672558 1.486204 -0.009648
v -0.641868 1.553706 0.021644
v -0.656894 1.476727 0.023833
v -0.630074 1.477509 0.028037
v -0.624564 1.524689 0.029726
v -0.611655 1.521907 0.006519
v -0.626664 1.480261 0.005753
v -0.651337 1.465276 -0.005553
v -0.661530 1.429790 0.016465
v -0.634083 1.429962 0.020687
v -0.658442 1.391294 -0.005933
v -0.638797 1.389370 -0.003591
v -0.632263 1.433369 -0.000964
v -0.635936 1.410306 -0.011917
v -0.655229 1.412195 -0.014217
v -0.655815 1.434456 -0.006377
v -0.593651 1.597047 -0.001816
v -0.690525 1.389168 -0.089486
v -0.667373 1.351095 -0.046325
v -0.707970 1.384199 -0.066434
v -0.652965 1.354840 -0.064394
v -0.669656 1.375995 -0.038632
v -0.694314 1.398903 -0.050176
v -0.653381 1.383703 -0.059864
v -0.674214 1.407133 -0.072853
v -0.706830 1.456382 -0.079068
v -0.683156 1.453163 -0.061903
v -0.601639 1.449854 -0.128133
v -0.586719 1.424517 -0.100481
v -0.601639 1.449854 -0.128133
v -0.669656 1.375995 -0.038632
v -0.652965 1.354840 -0.064394
v -0.653381 1.383703 -0.059864
v -0.667373 1.351095 -0.046325
v -0.694314 1.398903 -0.050176
v -0.674214 1.407133 -0.072853
v -0.599339 1.478248 -0.119535
v -0.610660 1.587022 -0.096014
v -0.581450 1.572784 -0.054365
v -0.578630 1.556197 -0.075101
v -0.593651 1.597047 -0.001816
v -0.328030 0.191022 -0.576260
v -0.258528 0.232123 -0.619354
v -0.418770 0.526702 -0.321759
v -0.258528 0.232123 -0.619354
v -0.268704 0.197645 -0.657316
v -0.316944 0.130710 -0.617698
v -0.328030 0.191022 -0.576260
v -0.272987 0.089379 -0.566184
v -0.298647 0.154946 -0.525309
v -0.292344 0.108786 -0.747350
v -0.241270 0.139967 -0.755626
v -0.329408 -0.180126 -0.523500
v -0.291680 -0.109319 -0.494566
v -0.225135 -0.157251 -0.465302
v -0.214490 -0.198111 -0.461892
v -0.224365 0.142815 -0.598966
v -0.298647 0.154946 -0.525309
v -0.240661 0.179395 -0.548533
v -0.268704 0.197645 -0.657316
v -0.258528 0.232123 -0.619354
v -0.191998 0.119099 -0.724761
v -0.197251 -0.133901 -0.469566
v -0.164924 -0.172308 -0.479071
v -0.191998 0.119099 -0.724761
v -0.241270 0.139967 -0.755626
v -0.329408 -0.180126 -0.523500
v -0.164924 -0.172308 -0.479071
v -0.214490 -0.198111 -0.461892
v -0.292344 0.108786 -0.747350
v -0.191998 0.119099 -0.724761
v -0.241270 0.139967 -0.755626
v 0.215719 2.264348 0.273147
v 0.173868 2.220200 0.336191
v 0.192027 2.294071 0.381641
v 0.201688 2.239609 0.381813
v 0.211421 2.247670 0.386593
v 0.191039 2.206983 0.235410
v 0.128169 2.299086 0.229886
v 0.128169 2.299086 0.229886
v 0.202156 2.326326 0.144274
v 0.202156 2.326326 0.144274
v -0.298647 0.154946 -0.525309
v -0.328030 0.191022 -0.576260
v 0.310132 2.349519 0.272755
v 0.278016 2.291831 0.429696
v 0.218145 2.418703 0.388064
v 0.253104 2.343577 0.425615
v 0.211421 2.247670 0.386593
v 0.204018 2.247064 0.334305
v 0.192027 2.294071 0.381641
v 0.218145 2.418703 0.388064
v 0.310132 2.349519 0.272755
v -0.210134 2.324609 0.025348
v -0.101325 2.350938 0.145062
vn -0.6813 0.6928 0.2365
vn -0.9591 -0.2753 -0.0661
vn -0.7519 -0.6474 -0.1244
vn -0.4256 0.1218 0.8967
vn -0.8129 -0.5226 -0.2570
vn -0.4643 0.3276 0.8228
vn -0.1757 -0.3176 -0.9318
vn 0.1069 -0.4589 -0.8820
vn 0.2379 -0.2874 -0.9278
vn 0.8406 0.3267 -0.4321
vn 0.8744 0.2939 -0.3860
vn -0.7515 -0.6073 -0.2579
vn 0.6231 0.6875 0.3729
vn 0.4846 0.6134 0.6236
vn 0.8747 0.2904 -0.3880
vn 0.0909 0.9928 -0.0780
vn 0.2576 -0.9566 -0.1360
vn -0.0651 -0.6357 0.7691
vn 0.8954 -0.3896 0.2156
vn 0.9575 -0.0286 0.2870
vn 0.7488 0.1781 -0.6384
vn 0.7668 0.1944 -0.6117
vn 0.7997 0.1552 -0.5801
vn -0.9670 0.1642 -0.1946
vn -0.5484 0.7802 0.3008
vn 0.4427 -0.4146 0.7951
vn 0.6677 -0.3415 0.6615
vn 0.1538 0.7058 -0.6915
vn -0.1505 0.4854 -0.8613
vn 0.7996 0.1552 -0.5801
vn 0.7780 0.1963 -0.5967
vn -0.4114 0.3216 -0.8528
vn 0.8776 0.2105 -0.4307
vn 0.9259 -0.0602 0.3731
vn 0.5826 -0.6120 0.5348
vn 0.8201 0.5656 -0.0865
vn 0.9113 0.3335 -0.2416
vn 0.9498 0.0703 0.3048
vn -0.3369 -0.0242 -0.9412
vn -0.1519 -0.0230 -0.9881
vn -0.7278 0.1940 -0.6578
vn 0.4309 -0.0198 -0.9022
vn 0.5335 -0.0854 -0.8415
vn -0.7138 0.1588 -0.6821
vn 0.4594 -0.3677 -0.8085
vn -0.8069 -0.1039 -0.5815
vn 0.9669 -0.1002 0.2345
vn 0.9591 -0.0372 0.2806
vn 0.9550 -0.1816 0.2344
vn -0.8093 0.1091 0.5772
vn -0.8621 0.0697 0.5018
vn 0.1228 -0.1417 0.9823
vn 0.1617 0.0485 0.9856
vn 0.9572 -0.1795 0.2271
vn 0.9740 -0.1114 0.1975
vn 0.1790 0.2638 0.9478
vn 0.9588 -0.0380 0.2814
vn -0.8112 0.2213 0.5412
vn 0.2507 0.3148 0.9154
vn -0.6692 -0.1774 0.7216
vn 0.9716 0.0018 0.2367
vn -0.5727 -0.7289 -0.3750
vn -0.2609 -0.6298 0.7316
vn -0.3971 -0.8803 -0.2594
vn 0.9589 -0.2180 0.1817
vn 0.0705 -0.1108 0.9913
vn -0.8686 0.0791 0.4892
vn 0.0944 -0.0616 0.9936
vn -0.9662 0.1259 0.2248
vn 0.0944 -0.0615 0.9936
vn 0.6749 -0.4986 -0.5439
vn 0.6061 -0.4565 -0.6513
vn 0.9716 0.0017 0.2366
vn 0.9595 -0.0400 0.2789
vn 0.7728 -0.3082 0.5548
vn 0.3560 -0.2812 0.8912
vn 0.8991 -0.1836 0.3974
vn -0.0157 -0.2561 0.9665
vn -0.1354 -0.4813 0.8660
vn 0.9111 -0.0127 -0.4119
vn 0.9099 0.0845 -0.4061
vn 0.9466 -0.1614 0.2791
vn -0.2028 -0.8097 0.5507
vn -0.4178 -0.8522 0.3150
vn 0.3491 0.0081 0.9371
vn 0.3597 0.3168 -0.8776
vn 0.3383 0.1925 -0.9211
vn 0.0944 0.2376 -0.9668
vn 0.0138 0.3196 -0.9475
vn 0.0698 0.1013 -0.9924
vn -0.3017 -0.1802 -0.9362
vn 0.4511 -0.1291 -0.8831
vn -0.3966 -0.2984 -0.8681
vn 0.8283 -0.3092 -0.4671
vn -0.1422 -0.8744 -0.4639
vn -0.3436 -0.9179 -0.1987
vn 0.9038 -0.0722 -0.4219
vn 0.6325 -0.4300 -0.6443
vn 0.6859 -0.4768 -0.5497
vn -0.1350 0.4844 -0.8644
vn 0.6273 -0.0253 -0.7784
vn 0.3728 0.1175 -0.9205
vn -0.0105 0.7289 -0.6846
vn 0.5564 0.8304 -0.0302
vn 0.4197 0.8964 -0.1427
vn 0.5519 0.3907 0.7367
vn 0.6667 0.2504 0.7020
vn 0.8806 0.1210 0.4582
vn 0.2390 0.9347 -0.2630
vn 0.7831 -0.6213 -0.0273
vn 0.6759 -0.7369 0.0068
vn 0.4399 -0.6621 0.6067
vn 0.5253 -0.6448 0.5553
vn 0.1966 -0.5086 0.8383
vn 0.5553 -0.1374 0.8202
vn 0.2157 -0.3626 0.9067
vn 0.8918 0.0860 0.4441
vn 0.7141 0.4061 0.5701
vn 0.4823 -0.0813 0.8722
vn 0.5345 0.4194 0.7338
vn 0.1389 -0.9902 0.0166
vn 0.0685 -0.5774 0.8136
vn -0.1112 0.3293 0.9376
vn -0.9668 0.1701 -0.1905
vn -0.9541 -0.0987 0.2827
vn -0.9557 0.2897 0.0514
vn -0.9467 -0.2389 -0.2163
vn -0.8489 -0.5177 -0.1063
vn 0.3847 -0.6892 -0.6140
vn 0.4578 -0.4874 0.7436
vn -0.7974 -0.0001 0.6035
vn -0.9838 0.0200 -0.1782
vn -0.7648 -0.1320 0.6307
vn -0.0099 -0.1578 0.9874
vn -0.7826 0.0410 -0.6212
vn 0.6620 -0.0691 -0.7463
vn -0.6258 -0.1357 -0.7681
vn 0.5440 -0.2470 -0.8019
vn -0.6095 -0.7816 0.1327
vn 0.4396 -0.8918 0.1068
vn -0.3652 0.7692 0.5243
vn 0.1531 0.3425 0.9269
vn -0.4399 0.7226 0.5332
vn -0.0532 0.4722 0.8799
vn -0.7788 -0.5736 0.2538
vn -0.9435 -0.3167 -0.0978
vn -0.7499 0.6600 0.0443
vn -0.4067 -0.5938 0.6943
vn -0.9054 0.2997 -0.3005
vn -0.1804 -0.4501 -0.8746
vn -0.9435 -0.3168 -0.0977
vn -0.7500 0.6599 0.0442
vn 0.2406 -0.8656 -0.4392
vn -0.7788 -0.5737 0.2537
vn 0.5659 -0.7595 0.3207
vn 0.7199 -0.2738 -0.6378
vn 0.8454 -0.1912 -0.4987
vn -0.4066 -0.5939 0.6942
vn 0.8843 0.2606 -0.3873
vn 0.3568 -0.1678 -0.9190
vn 0.0741 0.0379 -0.9965
vn -0.9055 0.2998 -0.3004
vn -0.9838 0.0200 -0.1781
vn -0.0531 0.4720 0.8800
vn 0.1531 0.3424 0.9270
vn -0.7647 -0.1319 0.6307
vn 0.8417 0.2947 -0.4525
vn 0.6477 0.6154 0.4491
vn 0.8017 0.3137 0.5088
vn 0.8455 -0.1911 -0.4986
vn 0.9728 -0.1335 0.1892
vn -0.0099 -0.1577 0.9874
vn 0.4578 -0.4873 0.7436
vn -0.2433 0.4712 0.8478
vn 0.5978 -0.0148 0.8015
vn -0.6232 0.1288 0.7714
vn -0.4242 0.4627 0.7784
vn -0.9467 -0.2389 -0.2162
vn 0.3847 -0.6893 -0.6140
vn 0.7108 -0.1826 0.6793
vn -0.6783 -0.0401 0.7337
vn 0.4397 -0.8917 0.1071
vn -0.6096 -0.7815 0.1329
vn -0.7826 0.0410 -0.6211
vn -0.6260 -0.1355 -0.7679
vn 0.5438 -0.2471 -0.8020
vn 0.6618 -0.0690 -0.7465
vn -0.3899 0.2359 0.8901
vn 0.1390 -0.4810 -0.8657
vn 0.7465 -0.6310 0.2110
vn -0.2332 -0.7144 0.6598
vn -0.7584 -0.6089 -0.2325
vn -0.2134 0.3485 0.9127
vn 0.0417 0.2086 0.9771
vn -0.8307 0.5316 -0.1653
vn -0.7692 0.4708 -0.4321
vn 0.8455 -0.1912 -0.4986
vn -0.7648 -0.1319 0.6306
vn -0.9054 0.3000 -0.3004
vn -0.1806 -0.4498 -0.8747
vn -0.7498 0.6602 0.0444
vn -0.9055 0.2997 -0.3004
vn -0.9055 0.2997 -0.3005
vn -0.2133 0.3485 0.9127
vn -0.7583 -0.6090 -0.2326
vn -0.2332 -0.7144 0.6597
vn 0.0417 0.2085 0.9771
vn -0.7693 0.4706 -0.4321
vn 0.3323 -0.8752 -0.3514
vn -0.9873 -0.0688 0.1429
vn 0.5401 -0.7447 0.3919
vn -0.3817 0.2534 0.8889
vn -0.3630 0.4069 0.8382
vn 0.9790 -0.2013 -0.0335
vn -0.0852 -0.0643 -0.9943
vn 0.9882 -0.1449 -0.0495
vn 0.9628 0.2403 -0.1237
vn -0.0725 0.2345 -0.9694
vn -0.0554 0.8507 0.5228
vn 0.0960 -0.0036 0.9954
vn 0.7071 -0.5256 -0.4730
vn -0.0373 -0.5592 -0.8282
vn 0.8030 -0.2446 0.5434
vn 0.2850 0.8933 0.3476
vn -0.0678 0.8527 0.5179
vn -0.0543 -0.0946 0.9940
vn -0.9689 0.2445 -0.0373
vn 0.0220 -0.0309 0.9993
vn -0.9811 0.0179 0.1928
vn -0.0697 0.2496 -0.9658
vn -0.1416 -0.0897 -0.9859
vn -0.6967 -0.6068 -0.3827
vn -0.4881 0.8029 0.3422
vn -0.7415 -0.3788 0.5538
vn -0.0687 0.2064 -0.9761
vn -0.0371 -0.5592 -0.8282
vn 0.8030 -0.2447 0.5434
vn -0.7414 -0.3789 0.5538
vn -0.6967 -0.6067 -0.3827
vn -0.0372 -0.5592 -0.8282
vn -0.0040 -0.7754 0.6315
vn -0.5375 -0.8393 -0.0814
vn 0.2443 -0.9696 -0.0146
vn 0.0180 -0.7484 0.6631
vn -0.5520 -0.5960 0.5832
vn -0.7621 -0.6163 -0.1986
vn -0.4361 -0.5262 0.7300
vn -0.5326 -0.5850 0.6116
vn 0.2335 -0.8425 0.4855
vn 0.5358 -0.8203 0.2001
vn 0.0175 -0.6373 0.7704
vn -0.0372 -0.2318 0.9721
vn -0.3410 -0.4624 0.8185
vn -0.1354 -0.7378 0.6613
vn -0.0103 -0.7231 0.6906
vn -0.3324 -0.4563 0.8254
vn -0.0861 -0.2714 0.9586
vn 0.1639 -0.5531 0.8169
vn 0.3492 0.1097 0.9306
vn 0.6362 -0.5100 0.5789
vn 0.9745 -0.2142 -0.0666
vn 0.6988 -0.6749 -0.2371
vn 0.4368 -0.8181 -0.3741
vn -0.1288 -0.9503 -0.2834
vn 0.3197 -0.8042 -0.5010
vn -0.5627 -0.7146 -0.4156
vn 0.6909 -0.3020 -0.6569
vn 0.5035 0.5680 -0.6511
vn -0.0187 0.1859 -0.9824
vn 0.4112 -0.5860 -0.6982
vn -0.0315 0.1753 -0.9840
vn -0.0830 0.2364 -0.9681
vn 0.6309 0.5327 -0.5641
vn 0.1955 -0.0274 0.9803
vn -0.7483 -0.6632 0.0158
vn -0.7476 -0.6413 -0.1727
vn -0.4974 -0.8675 -0.0083
vn -0.0997 -0.1789 0.9788
vn 0.5930 -0.3618 -0.7193
vn 0.9085 -0.2137 0.3590
vn -0.4465 -0.4804 0.7549
vn 0.3803 0.2347 0.8946
vn 0.8918 -0.1880 0.4114
vn 0.2831 0.9583 -0.0379
vn 0.5221 -0.2781 -0.8063
vn -0.7889 0.5690 -0.2322
vn -0.6312 0.6291 -0.4536
vn -0.1123 0.1984 -0.9737
vn -0.7867 0.6062 -0.1167
vn -0.9829 0.0280 -0.1818
vn -0.8230 -0.3785 -0.4235
vn -0.9057 0.3718 0.2034
vn -0.5754 0.8147 0.0714
vn -0.6600 0.5694 0.4902
vn -0.6861 0.2167 0.6945
vn -0.6318 -0.0507 0.7735
vn -0.9094 -0.4160 0.0039
vn -0.5879 -0.0456 0.8076
vn -0.5521 -0.5959 0.5832
vn -0.7621 -0.6162 -0.1986
vn -0.4361 -0.5262 0.7301
vn -0.4594 -0.0842 0.8842
vn -0.0369 -0.2321 0.9720
vn -0.3411 -0.4623 0.8185
vn -0.6038 -0.1945 0.7730
vn -0.5629 -0.0823 0.8224
vn -0.3323 -0.4563 0.8254
vn -0.3444 0.0364 0.9381
vn -0.2710 0.5421 0.7954
vn -0.0570 0.9821 0.1795
vn -0.3038 0.8551 -0.4200
vn 0.5034 0.5680 -0.6511
vn -0.0188 0.1859 -0.9824
vn -0.0316 0.1752 -0.9840
vn 0.1539 0.3105 0.9381
vn 0.3259 0.7990 0.5053
vn -0.0569 0.9821 0.1795
vn 0.7414 0.6619 -0.1105
vn 0.6584 0.4424 0.6089
vn 0.9265 0.1026 0.3619
vn 0.5119 -0.1048 0.8526
vn -0.5324 -0.5849 0.6119
vn 0.0181 -0.7483 0.6631
vn -0.0929 -0.2768 0.9564
vn -0.0370 -0.2319 0.9720
vn -0.5879 -0.0455 0.8076
vn 0.9789 -0.2013 -0.0335
vn -0.2314 -0.3612 0.9033
vn 0.1295 -0.9834 0.1269
vn -0.8141 -0.5777 0.0581
vn -0.1315 -0.8182 0.5597
vn 0.3803 0.2345 0.8946
vn 0.1606 -0.1079 0.9811
vn 0.6236 0.5616 0.5439
vn 0.3055 -0.9402 -0.1504
vn -0.5103 -0.5379 0.6710
vn 0.8193 0.4953 -0.2889
vn 0.8275 0.4443 0.3433
vn 0.3110 -0.1977 0.9296
vn 0.3329 -0.1582 0.9296
vn 0.5572 -0.8066 -0.1972
vn 0.8117 -0.5836 -0.0234
vn 0.6660 -0.6834 -0.2990
vn 0.4342 0.0371 0.9000
vn 0.1558 -0.2417 -0.9578
vn -0.1370 -0.2488 -0.9588
vn -0.1946 -0.0467 -0.9798
vn -0.6634 0.6224 -0.4154
vn -0.7113 0.5927 -0.3779
vn 0.0507 -0.4246 0.9039
vn -0.4539 0.7649 0.4571
vn -0.3714 0.6131 0.6973
vn -0.7109 0.5910 -0.3811
vn -0.2046 0.8321 0.5155
vn -0.9714 -0.2064 0.1176
vn -0.1784 -0.5840 0.7919
vn -0.9722 0.0060 0.2339
vn -0.8450 0.4112 0.3419
vn -0.6429 0.4767 -0.5995
vn -0.6379 0.4639 -0.6147
vn -0.6830 0.4419 -0.5817
vn 0.9489 -0.2401 -0.2046
vn 0.8919 0.2241 0.3929
vn -0.4864 0.0669 0.8712
vn -0.6193 0.2535 0.7431
vn 0.0866 0.6923 -0.7163
vn 0.3141 0.3628 -0.8773
vn -0.6829 0.4418 -0.5817
vn -0.6490 0.4727 -0.5961
vn 0.5207 0.1694 -0.8367
vn -0.7230 0.5226 -0.4519
vn -0.4670 0.6668 0.5808
vn -0.5914 0.0268 0.8060
vn -0.2853 0.9567 0.0575
vn -0.6632 0.7198 -0.2050
vn -0.6473 0.6505 0.3973
vn 0.3557 -0.0738 -0.9317
vn 0.3401 0.5153 -0.7867
vn -0.2468 0.5671 -0.7858
vn 0.8535 0.4068 -0.3257
vn -0.4549 0.3234 -0.8298
vn 0.8478 0.3746 -0.3755
vn -0.3760 -0.1725 -0.9104
vn 0.9382 -0.1312 -0.3202
vn -0.9983 0.0466 0.0338
vn -0.9860 0.1369 0.0951
vn -0.9954 -0.0923 -0.0241
vn 0.6373 -0.2368 0.7334
vn 0.7335 -0.3634 0.5744
vn -0.3259 -0.5741 0.7511
vn -0.3512 -0.1961 0.9155
vn -0.9967 -0.0799 -0.0173
vn -0.9993 0.0339 -0.0133
vn -0.3105 0.2282 0.9228
vn -0.9842 0.1583 0.0795
vn 0.6811 -0.0091 0.7321
vn -0.3530 0.3674 0.8605
vn 0.2968 -0.4756 0.8281
vn -0.9740 0.2217 0.0469
vn 0.3407 -0.8317 -0.4384
vn -0.9883 -0.1178 -0.0974
vn -0.2699 -0.6388 0.7205
vn 0.7596 -0.3589 0.5423
vn -0.2905 -0.5964 0.7483
vn 0.9099 -0.1879 0.3698
vn 0.3400 0.5153 -0.7867
vn -0.1265 -0.6802 0.7220
vn 0.1180 -0.9759 0.1836
vn 0.1559 -0.4937 -0.8556
vn 0.0724 -0.9786 -0.1924
vn -0.7247 -0.2525 -0.6411
vn -0.6057 -0.3105 -0.7326
vn -0.6788 -0.1934 -0.7084
vn -0.9570 0.2121 0.1980
vn -0.9571 0.2382 0.1651
vn -0.8776 0.0363 0.4780
vn -0.9389 0.1512 0.3092
vn -0.5252 -0.1219 0.8422
vn -0.0224 -0.4637 0.8857
vn -0.1356 -0.4813 0.8660
vn -0.7145 0.4756 -0.5131
vn -0.7674 0.4118 -0.4915
vn -0.9672 0.1945 0.1631
vn -0.5409 0.2044 0.8159
vn -0.0160 -0.9495 0.3133
vn -0.1950 -0.8267 0.5277
vn -0.8245 0.2674 -0.4987
vn -0.6653 -0.0785 -0.7424
vn -0.1467 0.2900 -0.9457
vn -0.8185 0.0308 -0.5737
vn -0.1309 0.4099 -0.9027
vn 0.0945 0.2376 -0.9668
vn 0.1044 0.4106 -0.9058
vn 0.0699 0.1013 -0.9924
vn 0.2875 -0.3164 -0.9040
vn -0.3466 0.0062 -0.9380
vn 0.3030 -0.4760 -0.8256
vn -0.7138 -0.1165 -0.6906
vn -0.1422 -0.8745 -0.4638
vn -0.0088 -0.9893 -0.1458
vn -0.8393 0.3949 -0.3737
vn -0.0401 0.4571 -0.8885
vn -0.6280 0.3934 -0.6715
vn 0.0872 0.6853 -0.7230
vn 0.0148 0.9973 0.0717
vn 0.3594 0.8014 -0.4780
vn -0.0181 0.6920 0.7217
vn -0.2067 0.4871 0.8485
vn -0.4610 0.6456 0.6089
vn 0.2197 0.9512 -0.2169
vn -0.8337 -0.1431 0.5334
vn -0.8874 -0.1679 0.4295
vn -0.4777 -0.4008 0.7818
vn -0.4640 -0.3051 0.8317
vn 0.0201 -0.4304 0.9024
vn -0.2160 0.2219 0.9508
vn -0.0013 -0.3290 0.9443
vn -0.4077 0.5837 0.7022
vn -0.0637 0.8083 0.5853
vn -0.1848 0.3417 0.9214
vn 0.0955 0.7281 0.6788
vn -0.7965 -0.5446 0.2625
vn 0.0232 -0.5734 0.8189
vn 0.0504 0.0949 0.9942
vn 0.8844 -0.3326 0.3274
vn 0.9974 0.0239 -0.0683
vn 0.9771 0.0889 0.1931
vn 0.9138 -0.3592 -0.1894
vn 0.7595 -0.6318 -0.1552
vn -0.4159 -0.4582 -0.7855
vn -0.6169 -0.5411 0.5716
vn 0.7087 -0.2775 0.6487
vn 0.9880 -0.1259 -0.0897
vn 0.6519 -0.4036 0.6419
vn -0.1342 -0.3641 0.9216
vn 0.8475 0.0263 -0.5302
vn -0.5701 0.2166 -0.7925
vn 0.6828 -0.0823 -0.7260
vn -0.4772 0.0356 -0.8781
vn 0.4533 -0.8913 -0.0035
vn -0.5892 -0.7962 -0.1374
vn 0.4206 0.5577 0.7156
vn -0.2049 0.1588 0.9658
vn 0.4851 0.4971 0.7194
vn 0.0240 0.2548 0.9667
vn 0.6385 -0.7493 0.1754
vn 0.8838 -0.4585 -0.0928
vn 0.8370 0.4839 0.2555
vn 0.2183 -0.7935 0.5681
vn 0.9716 0.1831 -0.1498
vn 0.2078 -0.2783 -0.9378
vn 0.8838 -0.4585 -0.0929
vn -0.3245 -0.6915 -0.6454
vn 0.6385 -0.7494 0.1753
vn -0.7167 -0.6916 0.0900
vn -0.6734 0.0077 -0.7392
vn -0.7995 0.0806 -0.5952
vn 0.2182 -0.7936 0.5680
vn -0.7563 0.5463 -0.3598
vn -0.3794 0.1331 -0.9156
vn 0.0528 0.2631 -0.9633
vn 0.9716 0.1831 -0.1496
vn 0.9880 -0.1259 -0.0896
vn 0.0241 0.2548 0.9667
vn -0.2048 0.1589 0.9658
vn -0.7996 0.0807 -0.5951
vn 0.6519 -0.4036 0.6420
vn 0.9775 0.0796 -0.1951
vn -0.6587 0.5994 -0.4548
vn -0.4921 0.7027 0.5139
vn -0.7741 0.3791 0.5070
vn -0.7995 0.0807 -0.5952
vn -0.9971 0.0126 0.0749
vn -0.6169 -0.5410 0.5716
vn 0.2488 0.2477 0.9363
vn -0.6837 -0.0742 0.7260
vn 0.5391 -0.1573 0.8274
vn 0.3978 0.1985 0.8957
vn -0.4158 -0.4582 -0.7856
vn -0.8070 -0.1879 0.5598
vn 0.5701 -0.3214 0.7561
vn 0.4533 -0.8914 -0.0036
vn 0.8474 0.0263 -0.5303
vn 0.6825 -0.0824 -0.7262
vn -0.4772 0.0357 -0.8781
vn -0.5701 0.2165 -0.7925
vn 0.3449 -0.0276 0.9382
vn -0.1112 -0.2504 -0.9617
vn 0.0327 -0.8695 0.4929
vn -0.8594 -0.5113 -0.0010
vn 0.6710 -0.6754 -0.3060
vn 0.1568 0.0996 0.9826
vn -0.1236 -0.0010 0.9923
vn 0.9201 0.3907 0.0291
vn 0.8819 0.4005 -0.2486
vn -0.7996 0.0806 -0.5951
vn 0.6519 -0.4037 0.6420
vn 0.9716 0.1833 -0.1496
vn 0.8369 0.4841 0.2557
vn 0.2079 -0.2781 -0.9378
vn 0.9716 0.1831 -0.1497
vn 0.1567 0.0996 0.9826
vn 0.9201 0.3906 0.0290
vn 0.0328 -0.8695 0.4929
vn -0.1237 -0.0010 0.9923
vn 0.8819 0.4006 -0.2486
vn 0.9880 -0.1258 -0.0897
vn -0.4240 -0.8800 -0.2139
vn -0.9951 0.0408 -0.0899
vn -0.9802 -0.0812 0.1805
vn -0.8590 -0.3981 0.3220
vn 0.3666 -0.0924 0.9258
vn 0.3958 0.0863 0.9143
vn -0.9648 0.0208 -0.2623
vn -0.9883 -0.1178 -0.0973
vn 0.0597 0.5927 -0.8032
vn 0.0688 0.8874 -0.4558
vn -0.9936 0.1124 0.0109
vn -0.9407 -0.1304 -0.3132
vn -0.2026 0.1509 0.9676
vn -0.2491 -0.7385 0.6266
vn -0.5442 -0.0747 -0.8357
vn 0.1674 0.3331 -0.9279
vn -0.6833 -0.7299 -0.0155
vn -0.5148 0.1911 0.8357
vn -0.1598 0.1034 0.9817
vn 0.1104 -0.8271 0.5511
vn 0.8755 0.3298 0.3532
vn -0.1060 -0.7170 0.6889
vn 0.8907 -0.2928 0.3477
vn 0.1897 0.9051 -0.3805
vn 0.3303 0.5225 -0.7861
vn 0.8273 0.0853 -0.5552
vn 0.2516 0.2961 0.9214
vn 0.8356 -0.5101 0.2040
vn -0.0236 0.9026 -0.4298
vn 0.8274 0.0853 -0.5551
vn 0.1675 0.3331 -0.9279
vn -0.6833 -0.7300 -0.0156
vn 0.1104 -0.8272 0.5510
vn -0.5442 -0.0746 -0.8356
vn 0.8274 0.0854 -0.5552
vn -0.7477 -0.6412 -0.1727
vn -0.7483 -0.6632 0.0157
vn 0.1079 0.0406 0.9933
vn -0.4466 -0.4803 0.7549
vn 0.3804 0.2346 0.8946
vn -0.5450 -0.8367 -0.0541
vn -0.9230 0.3460 0.1681
vn 0.1935 0.0004 0.9811
vn 0.1576 0.7299 0.6651
vn 0.1047 0.7389 0.6657
vn -0.9423 0.2473 0.2258
vn 0.2224 0.8671 -0.4458
vn 0.6308 0.5588 -0.5384
vn -0.2904 -0.5964 0.7483
vn -0.9648 0.0209 -0.2623
vn -0.2196 -0.3745 0.9009
vn -0.6612 -0.7484 0.0527
vn -0.9125 0.2281 0.3396
vn -0.6338 -0.0898 0.7683
vn 0.3803 0.2345 0.8947
vn 0.7099 0.4560 0.5368
vn -0.0048 0.0013 1.0000
vn -0.8961 0.4427 0.0319
vn -0.4957 -0.5547 0.6683
vn -0.5184 0.8089 -0.2775
vn -0.4143 0.8567 0.3072
vt 0.730382 0.103619
vt 0.705649 0.144477
vt 0.906050 0.162418
vt 0.907543 0.101904
vt 0.999984 0.166941
vt 1.001061 0.095946
vt 0.733494 0.205318
vt 0.838940 0.209383
vt 0.991053 0.210366
vt 0.981648 0.252295
vt 0.840260 0.252371
vt 0.689743 0.104698
vt 0.991405 0.052870
vt 0.810174 0.064464
vt 0.981657 0.011468
vt 0.840250 0.011429
vt 0.734207 0.056759
vt 0.693123 0.056174
vt 0.518060 0.096757
vt 0.575201 0.047645
vt 0.473165 0.043970
vt 0.716055 0.011396
vt 0.597290 0.011359
vt 0.510869 0.011322
vt 0.522475 0.164896
vt 0.485011 0.157654
vt 0.479927 0.107408
vt 0.445175 0.049232
vt 0.473366 0.225391
vt 0.579352 0.211659
vt 0.510849 0.252622
vt 0.597275 0.252464
vt 0.688056 0.203710
vt 0.716059 0.252303
vt 0.459430 0.138427
vt 0.448360 0.105872
vt 0.445220 0.217118
vt 0.468555 0.252667
vt 0.435264 0.252667
vt 0.710772 0.204691
vt 0.809314 0.993189
vt 0.844593 0.748486
vt 0.799681 0.766537
vt 0.795370 0.616810
vt 0.844460 0.624653
vt 0.796731 0.566457
vt 0.846052 0.573862
vt 0.737687 0.589384
vt 0.737679 0.566887
vt 0.737691 0.611583
vt 0.903594 0.595045
vt 0.902086 0.622902
vt 0.947494 0.615460
vt 0.947980 0.591500
vt 0.993009 0.611673
vt 0.993010 0.589483
vt 0.948583 0.568105
vt 0.993012 0.566905
vt 0.904969 0.574145
vt 0.939443 0.344499
vt 0.898532 0.361084
vt 0.993076 0.320695
vt 0.854260 0.365264
vt 0.915162 0.347050
vt 0.854851 0.350073
vt 0.993004 0.780156
vt 0.944441 0.769131
vt 0.900724 0.759988
vt 0.936461 0.995025
vt 0.880074 0.997653
vt 0.789589 0.353336
vt 0.737576 0.320774
vt 0.459999 0.699940
vt 0.421847 0.911548
vt 0.493482 0.874305
vt 0.334346 0.703269
vt 0.334346 0.906337
vt 0.574509 0.696105
vt 0.570429 0.874521
vt 0.490508 0.948126
vt 0.334346 0.965522
vt 0.365140 0.975937
vt 0.420117 0.965795
vt 0.650541 0.838561
vt 0.643075 0.892767
vt 0.726515 0.817051
vt 0.726515 0.703484
vt 0.726515 0.932364
vt 0.709975 0.959389
vt 0.635989 0.948441
vt 0.695226 0.983366
vt 0.579503 0.979625
vt 0.726515 0.978941
vt 0.572418 0.925007
vt 0.726515 0.610225
vt 0.575486 0.609180
vt 0.574131 0.447552
vt 0.726515 0.445670
vt 0.628909 0.318546
vt 0.561909 0.331279
vt 0.561667 0.289065
vt 0.629838 0.284131
vt 0.681244 0.268659
vt 0.726515 0.308737
vt 0.465542 0.609718
vt 0.497836 0.448231
vt 0.389955 0.608312
vt 0.424485 0.456931
vt 0.334346 0.436815
vt 0.434410 0.332167
vt 0.334346 0.318454
vt 0.382074 0.269755
vt 0.433481 0.285227
vt 0.501409 0.332846
vt 0.501652 0.290161
vt 0.532354 0.423067
vt 0.334346 0.607952
vt 0.079805 0.232283
vt 0.164710 0.210607
vt 0.122523 0.194649
vt 0.082536 0.195321
vt 0.065738 0.163787
vt 0.098907 0.148763
vt 0.061632 0.142152
vt 0.067395 0.121429
vt 0.123677 0.114515
vt 0.175785 0.114562
vt 0.094627 0.115280
vt 0.071940 0.113520
vt 0.035702 0.148111
vt 0.041923 0.132093
vt 0.020229 0.138299
vt 0.026355 0.125859
vt 0.005702 0.131286
vt 0.011940 0.118620
vt 0.124248 0.087244
vt 0.097369 0.085301
vt 0.124231 0.055219
vt 0.098622 0.055224
vt 0.124118 0.033753
vt 0.158367 0.040381
vt 0.164154 0.054336
vt 0.099739 0.035139
vt 0.171577 0.088395
vt 0.192231 0.080816
vt 0.172887 0.036601
vt 0.229659 0.051083
vt 0.207206 0.014433
vt 0.253565 0.037615
vt 0.259273 0.099604
vt 0.295568 0.088781
vt 0.225257 0.005464
vt 0.257519 0.214069
vt 0.210893 0.208562
vt 0.203087 0.112287
vt 0.256732 0.004405
vt 0.275505 0.029551
vt 0.296663 0.056271
vt 0.254448 0.243670
vt 0.287294 0.248875
vt 0.299549 0.220380
vt 0.323300 0.104611
vt 0.343328 0.116239
vt 0.349575 0.166371
vt 0.341191 0.234380
vt 0.379236 0.180734
vt 0.393815 0.198439
vt 0.369935 0.227020
vt 0.383913 0.245331
vt 0.408148 0.211617
vt 0.372524 0.153454
vt 0.406401 0.154959
vt 0.418570 0.170953
vt 0.432503 0.130104
vt 0.445823 0.142555
vt 0.433494 0.180403
vt 0.448844 0.163198
vt 0.412154 0.127150
vt 0.395815 0.139939
vt 0.325332 0.261049
vt 0.344700 0.051550
vt 0.359289 0.070966
vt 0.389947 0.045029
vt 0.374202 0.026325
vt 0.391323 0.064504
vt 0.369359 0.086828
vt 0.352694 0.023153
vt 0.330809 0.036634
vt 0.068269 0.054545
vt 0.088448 0.054365
vt 0.085147 0.033440
vt 0.068311 0.035581
vt 0.069129 0.082960
vt 0.091835 0.081384
vt 0.214759 0.239928
vt 0.170727 0.242683
vt 0.094294 0.262400
vt 0.737783 0.987757
vt 0.737708 0.780107
vt 0.274783 0.263290
vt 0.251897 0.284556
vt 0.265085 0.304716
vt 0.290410 0.280108
vt 0.230808 0.322133
vt 0.234686 0.293532
vt 0.317161 0.315098
vt 0.326877 0.296848
vt 0.247112 0.446506
vt 0.230894 0.421947
vt 0.204488 0.436013
vt 0.200804 0.450038
vt 0.202857 0.296193
vt 0.220949 0.280878
vt 0.186739 0.265822
vt 0.206200 0.254811
vt 0.152216 0.291162
vt 0.194174 0.426648
vt 0.177297 0.438725
vt 0.148125 0.271043
vt 0.109679 0.437051
vt 0.158639 0.453515
vt 0.110675 0.292890
vt 0.130164 0.279394
vt 0.048936 0.787641
vt 0.037433 0.823986
vt 0.095670 0.805101
vt 0.018334 0.795488
vt 0.001309 0.823986
vt 0.001309 0.828672
vt 0.001309 0.805245
vt 0.001309 0.793266
vt 0.072476 0.756292
vt 0.104842 0.722758
vt 0.009703 0.762035
vt 0.001309 0.770446
vt 0.001309 0.745864
vt 0.041600 0.754625
vt 0.045013 0.731461
vt 0.001309 0.728107
vt 0.001309 0.706350
vt 0.045012 0.704329
vt 0.000634 0.640415
vt 0.080537 0.664700
vt 0.172489 0.654188
vt 0.168984 0.731210
vt 0.146949 0.810560
vt 0.044855 0.876465
vt 0.134665 0.883862
vt 0.053879 0.921862
vt 0.230813 0.753236
vt 0.327296 0.709405
vt 0.289853 0.844016
vt 0.198004 0.819694
vt 0.222406 0.906637
vt 0.208321 0.985394
vt 0.032665 0.835220
vt 0.001309 0.884699
vt 0.068912 0.997425
vt 0.136690 0.961832
vt 0.001309 0.847491
vt 0.001309 0.839125
vt 0.041894 0.649915
vt 0.070649 0.583980
vt 0.103642 0.580263
vt 0.049090 0.502723
vt 0.103028 0.449168
vt 0.013527 0.576938
vt 0.001309 0.788851
vt 0.992969 0.987765
vt 0.232379 0.916718
vt 0.282941 0.969753
vt 0.311768 0.908112
vt 0.306313 0.933309
vt 0.220304 0.994415
vt 0.243005 0.989735
vt 0.222758 0.978624
vt 0.468563 0.011307
vt 0.435273 0.011298
s 1
usemtl enemy_tonnel.001
f 619/279/508 620/280/509 621/281/510
f 619/279/508 621/281/510 622/282/511
f 622/282/511 621/281/510 623/283/512
f 622/282/511 623/283/512 624/284/513
f 621/281/510 620/280/509 625/285/514
f 621/281/510 625/285/514 626/286/515
f 623/283/512 621/281/510 626/286/515
f 623/283/512 626/286/515 627/287/516
f 628/288/517 627/287/516 626/286/515
f 628/288/517 626/286/515 629/289/518
f 629/289/518 626/286/515 625/285/514
f 619/279/508 630/290/519 620/280/509
f 622/282/511 624/284/513 631/291/520
f 632/292/521 622/282/511 631/291/520
f 619/279/508 622/282/511 632/292/521
f 632/292/521 631/291/520 633/293/517
f 632/292/521 633/293/517 634/294/522
f 634/294/522 635/295/523 632/292/521
f 619/279/508 632/292/521 635/295/523
f 636/296/524 630/290/519 619/279/508
f 636/296/524 619/279/508 635/295/523
f 636/296/524 637/297/525 630/290/519
f 636/296/524 638/298/526 637/297/525
f 638/298/526 639/299/527 637/297/525
f 640/300/528 638/298/526 636/296/524
f 634/294/522 640/300/528 635/295/523
f 636/296/524 635/295/523 640/300/528
f 640/300/528 641/301/529 638/298/526
f 642/302/530 639/299/527 638/298/526
f 642/302/530 638/298/526 641/301/529
f 643/303/531 630/290/519 637/297/525
f 644/304/532 643/303/531 637/297/525
f 644/304/532 637/297/525 645/305/533
f 637/297/525 639/299/527 645/305/533
f 639/299/527 646/306/534 645/305/533
f 647/307/535 643/303/531 644/304/532
f 647/307/535 648/308/536 643/303/531
f 648/308/536 647/307/535 649/309/537
f 648/308/536 649/309/537 650/310/538
f 651/311/539 648/308/536 650/310/538
f 651/311/539 650/310/538 652/312/540
f 645/305/533 653/313/541 644/304/532
f 645/305/533 654/314/542 653/313/541
f 653/313/541 655/315/543 644/304/532
f 655/315/543 647/307/535 644/304/532
f 655/315/543 656/316/544 647/307/535
f 649/309/537 647/307/535 656/316/544
f 655/315/543 657/317/545 656/316/544
f 648/308/536 651/311/539 620/280/509
f 648/308/536 620/280/509 643/303/531
f 643/303/531 620/280/509 630/290/519
f 620/280/509 651/311/539 658/318/546
f 658/318/546 651/311/539 652/312/540
f 625/285/514 658/318/546 652/312/540
f 625/285/514 620/280/509 658/318/546
f 629/289/518 625/285/514 652/312/540
f 659/319/547 660/320/548 661/321/549
f 660/320/548 662/322/550 661/321/549
f 660/320/548 663/323/551 662/322/550
f 663/323/551 664/324/552 662/322/550
f 663/323/551 665/325/553 664/324/552
f 666/326/554 662/322/550 664/324/552
f 667/327/555 666/326/554 664/324/552
f 666/326/554 668/328/556 662/322/550
f 661/321/549 662/322/550 668/328/556
f 669/329/557 665/325/553 663/323/551
f 670/330/558 669/329/557 663/323/551
f 670/330/558 663/323/551 660/320/548
f 669/329/557 670/330/558 671/331/559
f 669/329/557 671/331/559 672/332/560
f 672/332/560 671/331/559 673/333/561
f 672/332/560 673/333/561 674/334/562
f 675/335/563 672/332/560 674/334/562
f 675/335/563 674/334/562 676/336/564
f 677/337/565 669/329/557 672/332/560
f 677/337/565 672/332/560 675/335/563
f 669/329/557 677/337/565 665/325/553
f 677/337/565 675/335/563 678/338/566
f 678/338/566 675/335/563 676/336/564
f 677/337/565 678/338/566 679/339/567
f 665/325/553 677/337/565 679/339/567
f 678/338/566 676/336/564 680/340/568
f 665/325/553 679/339/567 681/341/569
f 682/342/570 681/341/569 679/339/567
f 682/342/570 683/343/571 681/341/569
f 671/331/559 684/344/572 673/333/561
f 671/331/559 685/345/573 684/344/572
f 671/331/559 670/330/558 686/346/574
f 671/331/559 686/346/574 685/345/573
f 687/347/575 684/344/572 685/345/573
f 686/346/574 687/347/575 685/345/573
f 670/330/558 660/320/548 686/346/574
f 660/320/548 688/348/576 686/346/574
f 660/320/548 689/319/547 688/348/576
f 686/346/574 688/348/576 690/347/577
f 681/341/569 691/349/578 664/324/552
f 681/341/569 664/324/552 665/325/553
f 692/349/579 667/327/555 664/324/552
f 693/349/579 694/350/580 667/327/581
f 695/351/582 696/352/583 697/353/584
f 695/351/582 698/354/585 696/352/583
f 698/354/585 699/355/586 696/352/583
f 697/353/584 700/356/587 695/351/582
f 697/353/584 701/357/588 700/356/587
f 697/353/584 696/352/583 702/358/589
f 696/352/583 699/355/586 703/359/590
f 696/352/583 703/359/590 704/360/591
f 704/360/591 705/361/592 696/352/583
f 696/352/583 705/361/592 702/358/589
f 700/356/587 701/357/588 706/362/593
f 707/363/594 706/362/593 701/357/588
f 707/363/594 708/364/595 706/362/593
f 709/365/596 706/362/593 708/364/595
f 709/365/596 700/356/587 706/362/593
f 710/366/597 708/364/595 707/363/594
f 710/366/597 707/363/594 711/367/598
f 707/363/594 712/368/599 711/367/598
f 711/367/598 712/368/599 713/369/600
f 712/368/599 707/363/594 714/370/601
f 715/371/602 710/366/597 711/367/598
f 716/371/603 711/367/598 713/369/600
f 707/363/594 701/357/588 717/372/604
f 707/363/594 717/372/604 714/370/601
f 717/372/604 701/357/588 697/353/584
f 717/372/604 697/353/584 702/358/589
f 718/370/605 717/372/604 702/358/589
f 712/368/599 719/370/606 713/369/600
f 709/365/596 720/373/607 721/374/608
f 709/365/596 721/374/608 700/356/587
f 720/373/607 722/375/609 721/374/608
f 720/373/607 723/376/610 722/375/609
f 723/376/610 724/377/611 722/375/609
f 725/378/612 722/375/609 724/377/611
f 724/377/611 726/379/613 725/378/612
f 724/377/611 727/380/614 726/379/613
f 728/381/615 727/380/614 724/377/611
f 724/377/611 729/382/616 728/381/615
f 723/376/610 729/382/616 724/377/611
f 695/351/582 700/356/587 721/374/608
f 695/351/582 721/374/608 730/383/617
f 731/384/618 730/383/617 721/374/608
f 731/384/618 721/374/608 722/375/609
f 731/384/618 732/385/619 730/383/617
f 695/351/582 730/383/617 732/385/619
f 731/384/618 733/386/620 732/385/619
f 733/386/620 734/387/621 732/385/619
f 734/387/621 733/386/620 735/388/622
f 735/388/622 733/386/620 731/384/618
f 734/387/621 735/388/622 736/389/623
f 735/388/622 737/390/624 736/389/623
f 735/388/622 738/391/625 737/390/624
f 738/391/625 735/388/622 739/392/626
f 738/391/625 739/392/626 740/393/627
f 695/351/582 732/385/619 698/354/585
f 735/388/622 731/384/618 741/394/628
f 735/388/622 741/394/628 739/392/626
f 698/354/585 732/385/619 742/395/629
f 732/385/619 734/387/621 742/395/629
f 743/396/630 744/397/631 745/398/632
f 746/399/633 743/396/630 745/398/632
f 745/398/632 747/400/634 746/399/633
f 745/398/632 748/401/635 747/400/634
f 747/400/634 748/401/635 749/402/636
f 748/401/635 750/403/637 749/402/636
f 751/404/638 748/401/635 745/398/632
f 745/398/632 752/405/639 751/404/638
f 748/401/635 751/404/638 753/406/640
f 748/401/635 753/406/640 750/403/637
f 753/406/640 754/407/641 750/403/637
f 755/408/642 747/400/634 749/402/636
f 755/408/642 749/402/636 756/409/643
f 757/410/644 755/408/642 756/409/643
f 757/410/644 756/409/643 758/411/645
f 759/412/646 757/410/644 758/411/645
f 759/412/646 758/411/645 760/413/647
f 753/406/640 751/404/638 761/414/648
f 753/406/640 761/414/648 762/415/649
f 762/415/649 761/414/648 763/416/650
f 762/415/649 763/416/650 764/417/651
f 763/416/650 765/418/652 764/417/651
f 766/419/653 765/418/652 763/416/650
f 767/420/654 766/419/653 763/416/650
f 761/414/648 767/420/654 763/416/650
f 765/418/652 768/421/655 764/417/651
f 761/414/648 769/422/656 767/420/654
f 770/423/657 771/424/658 767/420/659
f 772/425/660 771/424/658 770/423/657
f 772/425/660 773/426/661 771/424/658
f 774/427/662 773/426/661 772/425/660
f 775/428/663 774/427/662 772/425/660
f 772/425/660 770/423/657 775/428/663
f 775/428/663 776/429/664 774/427/662
f 774/427/662 777/430/665 773/426/661
f 776/429/664 775/428/663 778/431/666
f 775/428/663 779/432/667 778/431/666
f 775/428/663 780/433/668 779/432/667
f 770/423/657 780/433/668 775/428/663
f 780/433/668 770/423/657 781/422/669
f 782/405/670 780/433/668 781/422/669
f 779/432/667 780/433/668 782/405/670
f 774/427/662 783/434/671 777/430/665
f 774/427/662 784/435/672 783/434/671
f 785/429/664 784/435/672 774/427/662
f 785/429/664 786/436/673 784/435/672
f 744/397/631 779/432/667 782/405/670
f 779/432/667 787/437/674 778/431/666
f 788/438/675 778/431/666 787/437/674
f 788/438/675 789/439/676 778/431/666
f 790/429/677 778/431/666 789/439/676
f 791/440/678 790/429/677 789/439/676
f 789/439/676 792/441/679 791/440/678
f 789/439/676 793/442/680 792/441/679
f 789/439/676 794/443/681 793/442/680
f 788/438/675 794/443/681 789/439/676
f 795/444/682 793/442/680 794/443/681
f 794/443/681 796/445/683 795/444/682
f 794/443/681 797/446/684 796/445/683
f 798/447/633 797/446/684 794/443/681
f 796/445/683 797/446/684 798/447/633
f 796/445/683 798/447/633 799/448/685
f 795/444/682 800/449/686 793/442/680
f 796/445/683 801/450/687 795/444/682
f 796/445/683 802/451/688 801/450/687
f 799/448/685 802/451/688 796/445/683
f 802/451/688 803/452/689 801/450/687
f 802/451/688 804/453/690 803/452/689
f 799/448/685 805/454/691 802/451/688
f 805/454/691 804/453/690 802/451/688
f 805/454/691 806/455/692 804/453/690
f 807/456/693 801/450/687 803/452/689
f 807/456/693 808/457/694 801/450/687
f 808/457/694 800/449/686 795/444/682
f 808/457/694 795/444/682 801/450/687
f 788/438/675 809/458/695 794/443/681
f 810/459/696 811/460/697 812/461/698
f 810/459/696 812/461/698 813/462/699
f 790/429/677 811/460/697 810/459/696
f 790/429/677 791/440/678 811/460/697
f 811/460/697 814/463/700 812/461/698
f 811/460/697 815/464/701 814/463/700
f 791/440/678 815/464/701 811/460/697
f 791/440/678 792/441/679 815/464/701
f 810/459/696 813/462/699 816/465/702
f 810/459/696 816/465/702 817/466/703
f 818/429/704 810/459/696 817/466/703
f 818/429/704 817/466/703 819/436/705
f 820/422/706 770/423/707 821/420/708
f 751/404/638 752/405/639 769/422/709
f 751/404/638 822/422/710 761/414/648
f 823/467/711 824/468/702 825/469/712
f 823/467/711 825/469/712 826/470/713
f 827/471/714 824/468/702 823/467/711
f 827/471/714 828/472/715 824/468/702
f 753/406/640 828/472/715 827/471/714
f 754/407/641 753/406/640 827/471/714
f 744/397/631 829/405/639 745/398/632
f 779/432/667 830/473/716 787/437/674
f 831/397/717 830/473/716 779/432/667
f 831/397/717 832/474/718 830/473/716
f 833/475/719 832/474/718 831/397/717
f 833/475/719 831/397/717 743/396/720
f 834/476/721 835/319/547 661/321/549
f 834/476/721 661/321/549 836/477/572
f 836/477/572 661/321/549 668/328/556
f 837/478/722 838/479/723 839/480/724
f 837/478/722 839/480/724 840/481/725
f 838/479/723 841/482/726 839/480/724
f 838/479/723 842/483/727 841/482/726
f 839/480/724 843/484/728 840/481/725
f 840/481/725 843/484/728 844/485/729
f 839/480/724 845/486/730 843/484/728
f 839/480/724 841/482/726 846/487/731
f 839/480/724 846/487/731 845/486/730
f 847/488/732 845/486/730 846/487/731
f 841/482/726 847/488/732 846/487/731
f 847/488/732 848/489/733 845/486/730
f 841/482/726 849/490/734 847/488/732
f 850/483/735 849/490/734 841/482/726
f 850/483/735 851/491/736 849/490/734
f 851/491/736 852/492/737 849/490/734
f 851/491/736 853/493/738 852/492/737
f 852/492/737 854/494/739 849/490/734
f 849/490/734 855/495/740 847/488/732
f 855/495/740 849/490/734 856/496/741
f 847/488/732 855/495/740 856/496/741
f 847/488/732 856/496/741 848/489/733
f 849/490/734 854/494/739 856/496/741
f 852/492/742 857/497/743 858/494/739
f 859/498/744 860/499/733 861/496/745
f 862/500/728 859/498/744 861/496/745
f 862/500/728 861/496/745 863/494/746
f 864/501/747 862/500/728 863/494/746
f 865/502/748 866/503/749 867/504/750
f 865/502/748 868/505/751 866/503/749
f 868/505/751 869/506/752 866/503/749
f 870/507/753 866/503/749 869/506/752
f 869/506/752 868/505/751 871/508/754
f 871/508/754 868/505/751 872/509/755
f 867/504/750 873/510/756 865/502/748
f 867/504/750 874/511/757 873/510/756
f 868/505/751 865/502/748 875/512/758
f 876/513/759 868/505/751 875/512/758
f 876/513/759 875/512/758 877/514/760
f 865/502/748 878/515/761 875/512/758
f 865/502/748 873/510/756 878/515/761
f 879/516/762 877/514/760 875/512/758
f 875/512/758 878/515/761 879/516/762
f 878/515/761 873/510/756 879/516/762
f 873/510/756 874/511/757 879/516/762
f 877/514/760 879/516/762 880/517/763
f 880/517/763 879/516/762 881/518/764
f 879/516/762 882/519/765 881/518/764
f 874/511/757 882/519/765 879/516/762
f 881/518/764 882/519/765 883/520/766
f 884/521/767 882/519/765 874/511/757
f 884/521/767 874/511/757 885/522/768
f 874/511/757 886/523/769 885/522/768
f 867/504/750 886/523/769 874/511/757
f 867/504/750 887/524/770 886/523/769
f 888/525/771 887/524/770 867/504/750
f 888/525/771 889/526/772 887/524/770
f 888/525/771 890/527/773 889/526/772
f 886/523/769 891/528/774 885/522/768
f 887/524/770 891/528/774 886/523/769
f 892/529/775 885/522/768 891/528/774
f 892/529/775 891/528/774 893/530/776
f 893/530/776 891/528/774 894/531/777
f 889/526/772 894/531/777 887/524/770
f 887/524/770 894/531/777 891/528/774
f 893/530/776 894/531/777 895/532/778
f 889/526/772 896/532/779 894/531/777
f 897/533/780 896/532/779 889/526/772
f 888/525/771 867/504/750 898/534/781
f 899/535/782 888/525/771 898/534/781
f 888/525/771 899/535/782 900/527/783
f 900/527/784 901/536/785 889/526/786
f 901/536/785 902/537/787 889/526/786
f 903/538/788 899/535/782 898/534/781
f 904/539/789 903/538/788 898/534/781
f 905/537/790 906/533/791 889/526/792
f 907/526/793 908/531/794 896/532/795
f 907/526/793 909/524/796 908/531/794
f 910/525/797 909/524/796 907/526/793
f 910/525/797 907/526/793 911/527/798
f 910/525/797 912/504/799 909/524/796
f 912/504/799 913/523/800 909/524/796
f 912/504/799 914/511/801 913/523/800
f 912/504/799 915/510/802 914/511/801
f 912/504/799 916/502/803 915/510/802
f 916/502/803 912/504/799 917/503/804
f 916/502/803 917/503/804 918/505/805
f 918/505/805 917/503/804 919/506/806
f 920/507/807 919/506/806 917/503/804
f 919/506/806 921/508/808 918/505/805
f 921/508/808 922/509/755 918/505/805
f 918/505/805 923/512/809 916/502/803
f 924/513/810 923/512/809 918/505/805
f 924/513/810 925/514/811 923/512/809
f 916/502/803 923/512/809 926/515/812
f 916/502/803 926/515/812 915/510/802
f 927/516/813 923/512/809 925/514/811
f 923/512/809 927/516/813 926/515/812
f 926/515/812 927/516/813 915/510/802
f 915/510/802 927/516/813 914/511/801
f 925/514/811 928/517/814 927/516/813
f 928/517/814 929/518/764 927/516/813
f 927/516/813 929/518/764 930/519/815
f 914/511/801 927/516/813 930/519/815
f 931/521/816 914/511/801 930/519/815
f 931/521/816 932/522/817 914/511/801
f 914/511/801 932/522/817 913/523/800
f 913/523/800 932/522/817 933/528/818
f 934/529/819 933/528/818 932/522/817
f 934/529/819 935/530/820 933/528/818
f 935/530/820 908/531/794 933/528/818
f 935/530/820 936/532/821 908/531/794
f 909/524/796 913/523/800 933/528/818
f 909/524/796 933/528/818 908/531/794
f 931/521/816 930/519/815 937/540/822
f 937/540/822 938/541/823 931/521/816
f 931/521/816 938/541/823 939/542/824
f 939/542/824 938/541/823 940/543/825
f 940/543/825 941/544/775 939/542/824
f 937/540/822 930/519/815 942/520/766
f 938/541/823 937/540/822 942/520/766
f 929/518/764 942/520/766 930/519/815
f 938/541/823 942/520/766 943/545/826
f 944/543/825 938/541/823 943/545/826
f 945/543/825 946/542/768 941/544/819
f 946/542/768 945/543/825 947/541/827
f 884/521/767 946/542/768 947/541/827
f 948/540/828 884/521/767 947/541/827
f 884/521/767 948/540/828 882/519/765
f 948/540/828 883/520/766 882/519/765
f 947/541/827 883/520/766 948/540/828
f 947/541/827 949/545/826 883/520/766
f 950/543/825 949/545/826 947/541/827
f 951/509/829 868/505/830 952/546/831
f 868/505/830 953/513/832 952/546/831
f 951/509/829 952/546/831 918/505/833
f 918/505/833 952/546/831 953/513/832
f 954/347/575 955/547/834 684/344/572
f 956/548/835 957/549/836 958/550/837
f 957/549/836 959/551/838 958/550/837
f 960/552/839 961/553/840 962/554/841
f 961/553/840 963/549/842 962/554/841
f 964/548/843 962/554/841 963/549/842
f 965/555/844 966/556/845 639/299/527
f 642/302/530 965/555/844 639/299/527
f 966/556/845 646/306/534 639/299/527
f 967/279/846 968/282/847 969/281/848
f 967/279/846 969/281/848 970/280/849
f 968/282/847 971/283/850 969/281/848
f 968/282/847 972/284/851 971/283/850
f 969/281/848 973/285/852 970/280/849
f 969/281/848 974/286/853 973/285/852
f 971/283/850 974/286/853 969/281/848
f 971/283/850 975/287/854 974/286/853
f 976/288/855 974/286/853 975/287/854
f 976/288/855 977/289/856 974/286/853
f 977/289/856 973/285/852 974/286/853
f 967/279/846 970/280/849 978/290/857
f 968/282/847 979/291/858 972/284/851
f 980/292/859 979/291/858 968/282/847
f 967/279/846 980/292/859 968/282/847
f 980/292/859 981/293/855 979/291/858
f 980/292/859 982/294/860 981/293/855
f 982/294/860 980/292/859 983/295/861
f 967/279/846 983/295/861 980/292/859
f 984/296/862 983/295/861 967/279/846
f 984/296/862 967/279/846 978/290/857
f 984/296/862 978/290/857 985/297/863
f 984/296/862 985/297/863 986/298/864
f 986/298/864 985/297/863 987/299/865
f 988/300/866 984/296/862 986/298/864
f 982/294/860 983/295/861 988/300/866
f 984/296/862 988/300/866 983/295/861
f 988/300/866 986/298/864 989/301/867
f 990/302/868 986/298/864 987/299/865
f 990/302/868 989/301/867 986/298/864
f 991/303/869 985/297/863 978/290/857
f 992/304/870 985/297/863 991/303/869
f 992/304/870 993/305/871 985/297/863
f 985/297/863 993/305/871 987/299/865
f 987/299/865 993/305/871 994/306/872
f 995/307/873 992/304/870 991/303/869
f 995/307/873 991/303/869 996/308/874
f 996/308/874 997/309/875 995/307/873
f 996/308/874 998/310/876 997/309/875
f 999/311/877 998/310/876 996/308/874
f 999/311/877 1000/312/878 998/310/876
f 993/305/871 992/304/870 1001/313/879
f 993/305/871 1001/313/879 1002/314/880
f 1001/313/879 992/304/870 1003/315/881
f 1003/315/881 992/304/870 995/307/873
f 1003/315/881 995/307/873 1004/316/882
f 997/309/875 1004/316/882 995/307/873
f 1003/315/881 1004/316/882 1005/317/883
f 996/308/874 970/280/849 999/311/877
f 996/308/874 991/303/869 970/280/849
f 991/303/869 978/290/857 970/280/849
f 970/280/849 1006/318/884 999/311/877
f 1006/318/884 1000/312/878 999/311/877
f 973/285/852 1000/312/878 1006/318/884
f 973/285/852 1006/318/884 970/280/849
f 977/289/856 1000/312/878 973/285/852
f 1007/319/885 1008/321/886 1009/320/887
f 1009/320/887 1008/321/886 1010/322/888
f 1009/320/887 1010/322/888 1011/323/889
f 1011/323/889 1010/322/888 1012/324/890
f 1011/323/889 1012/324/890 1013/325/891
f 1014/326/892 1012/324/890 1010/322/888
f 1015/327/893 1012/324/890 1014/326/892
f 1014/326/892 1010/322/888 1016/328/894
f 1008/321/886 1016/328/894 1010/322/888
f 1017/329/895 1011/323/889 1013/325/891
f 1018/330/896 1011/323/889 1017/329/895
f 1018/330/896 1009/320/887 1011/323/889
f 1017/329/895 1019/331/897 1018/330/896
f 1017/329/895 1020/332/898 1019/331/897
f 1020/332/898 1021/333/899 1019/331/897
f 1020/332/898 1022/334/900 1021/333/899
f 1023/335/901 1022/334/900 1020/332/898
f 1023/335/901 1024/336/902 1022/334/900
f 1025/337/903 1023/335/901 1020/332/898
f 1025/337/903 1020/332/898 1017/329/895
f 1017/329/895 1013/325/891 1025/337/903
f 1025/337/903 1026/338/904 1023/335/901
f 1026/338/904 1024/336/902 1023/335/901
f 1025/337/903 1027/339/905 1026/338/904
f 1013/325/891 1027/339/905 1025/337/903
f 1026/338/904 1028/340/906 1024/336/902
f 1013/325/891 1029/341/907 1027/339/905
f 1019/331/897 1021/333/899 1030/344/908
f 1019/331/897 1030/344/908 1031/345/909
f 1019/331/897 1032/346/910 1018/330/896
f 1019/331/897 1031/345/909 1032/346/910
f 1033/347/911 1031/345/909 1030/344/908
f 1032/346/910 1031/345/909 1033/347/911
f 1018/330/896 1032/346/910 1009/320/887
f 1009/320/887 1032/346/910 1034/348/912
f 1009/320/887 1034/348/912 1035/319/913
f 1032/346/910 1036/347/911 1034/348/912
f 1037/342/914 1027/339/915 1038/341/916
f 1037/342/914 1038/341/916 1039/343/917
f 1029/341/907 1012/324/890 1040/349/918
f 1029/341/907 1013/325/891 1012/324/890
f 1041/349/919 1012/324/890 1015/327/893
f 1042/349/920 1015/327/921 1043/350/922
f 1044/351/923 1045/353/924 1046/352/925
f 1044/351/923 1046/352/925 1047/354/926
f 1047/354/926 1046/352/925 1048/355/927
f 1045/353/924 1044/351/923 1049/356/928
f 1045/353/924 1049/356/928 1050/357/929
f 1046/352/925 1045/353/924 1051/358/930
f 1046/352/925 1051/358/930 1052/361/931
f 1053/360/932 1046/352/925 1052/361/931
f 1046/352/925 1054/359/933 1048/355/927
f 1046/352/925 1053/360/932 1054/359/933
f 1055/372/934 1051/358/930 1045/353/924
f 1055/372/934 1045/353/924 1050/357/929
f 1056/370/935 1051/358/930 1055/372/934
f 1057/363/936 1055/372/934 1050/357/929
f 1055/372/934 1057/363/936 1058/370/937
f 1057/363/936 1050/357/929 1059/362/938
f 1049/356/928 1059/362/938 1050/357/929
f 1057/363/936 1059/362/938 1060/364/939
f 1061/365/940 1060/364/939 1059/362/938
f 1061/365/940 1059/362/938 1049/356/928
f 1062/366/941 1057/363/936 1060/364/939
f 1062/366/941 1063/367/942 1057/363/936
f 1057/363/936 1063/367/942 1064/368/943
f 1057/363/936 1064/368/943 1058/370/937
f 1064/368/943 1063/367/942 1065/369/944
f 1066/370/945 1064/368/943 1065/369/944
f 1067/371/946 1063/367/942 1062/366/941
f 1068/371/947 1065/369/944 1063/367/942
f 1061/365/940 1049/356/928 1069/374/948
f 1061/365/940 1069/374/948 1070/373/949
f 1070/373/949 1069/374/948 1071/375/950
f 1070/373/949 1071/375/950 1072/376/951
f 1072/376/951 1071/375/950 1073/377/952
f 1074/378/953 1073/377/952 1071/375/950
f 1073/377/952 1074/378/953 1075/379/954
f 1073/377/952 1075/379/954 1076/380/955
f 1077/381/956 1073/377/952 1076/380/955
f 1073/377/952 1077/381/956 1078/382/957
f 1072/376/951 1073/377/952 1078/382/957
f 1044/351/923 1069/374/948 1049/356/928
f 1044/351/923 1079/383/958 1069/374/948
f 1080/384/959 1071/375/950 1069/374/948
f 1080/384/959 1069/374/948 1079/383/958
f 1080/384/959 1079/383/958 1081/385/960
f 1044/351/923 1081/385/960 1079/383/958
f 1080/384/959 1081/385/960 1082/386/961
f 1082/386/961 1081/385/960 1083/387/962
f 1083/387/962 1084/388/963 1082/386/961
f 1084/388/963 1080/384/959 1082/386/961
f 1083/387/962 1085/389/964 1084/388/963
f 1084/388/963 1085/389/964 1086/390/965
f 1084/388/963 1086/390/965 1087/391/966
f 1087/391/966 1088/392/967 1084/388/963
f 1087/391/966 1089/393/968 1088/392/967
f 1044/351/923 1047/354/926 1081/385/960
f 1084/388/963 1090/394/969 1080/384/959
f 1084/388/963 1088/392/967 1090/394/969
f 1047/354/926 1091/395/970 1081/385/960
f 1081/385/960 1091/395/970 1083/387/962
f 1092/396/971 1093/398/972 1094/397/973
f 1095/399/974 1093/398/972 1092/396/971
f 1093/398/972 1095/399/974 1096/400/975
f 1093/398/972 1096/400/975 1097/401/976
f 1096/400/975 1098/402/977 1097/401/976
f 1097/401/976 1098/402/977 1099/403/978
f 1100/404/979 1093/398/972 1097/401/976
f 1093/398/972 1100/404/979 1101/405/980
f 1097/401/976 1102/406/981 1100/404/979
f 1097/401/976 1099/403/978 1102/406/981
f 1102/406/981 1099/403/978 1103/407/982
f 1104/408/983 1098/402/977 1096/400/975
f 1104/408/983 1105/409/984 1098/402/977
f 1106/410/985 1105/409/984 1104/408/983
f 1106/410/985 1107/411/986 1105/409/984
f 1108/412/987 1107/411/986 1106/410/985
f 1108/412/987 1109/413/988 1107/411/986
f 1102/406/981 1110/414/989 1100/404/979
f 1102/406/981 1111/415/990 1110/414/989
f 1111/415/990 1112/416/991 1110/414/989
f 1111/415/990 1113/417/992 1112/416/991
f 1112/416/991 1113/417/992 1114/418/993
f 1115/419/994 1112/416/991 1114/418/993
f 1116/420/995 1112/416/991 1115/419/994
f 1110/414/989 1112/416/991 1116/420/995
f 1114/418/993 1113/417/992 1117/421/996
f 1110/414/989 1116/420/995 1118/422/997
f 1119/423/998 1116/420/995 1120/424/999
f 1121/425/1000 1119/423/998 1120/424/999
f 1121/425/1000 1120/424/999 1122/426/1001
f 1123/427/1002 1121/425/1000 1122/426/1001
f 1124/428/1003 1121/425/1000 1123/427/1002
f 1121/425/1000 1124/428/1003 1119/423/998
f 1124/428/1003 1123/427/1002 1125/429/1004
f 1123/427/1002 1122/426/1001 1126/430/1005
f 1125/429/1004 1127/431/1006 1124/428/1003
f 1124/428/1003 1127/431/1006 1128/432/1007
f 1124/428/1003 1128/432/1007 1129/433/1008
f 1119/423/998 1124/428/1003 1129/433/1008
f 1129/433/1008 1130/422/1009 1119/423/998
f 1131/405/1010 1130/422/1009 1129/433/1008
f 1128/432/1007 1131/405/1010 1129/433/1008
f 1123/427/1002 1126/430/1005 1132/434/1011
f 1123/427/1002 1132/434/1011 1133/435/1012
f 1134/429/1013 1123/427/1002 1133/435/1012
f 1134/429/1013 1133/435/1012 1135/436/1014
f 1094/397/1015 1131/405/1010 1128/432/1007
f 1128/432/1007 1127/431/1006 1136/437/1016
f 1137/438/1017 1136/437/1016 1127/431/1006
f 1137/438/1017 1127/431/1006 1138/439/1018
f 1139/429/1019 1138/439/1018 1127/431/1006
f 1140/440/1020 1138/439/1018 1139/429/1019
f 1138/439/1018 1140/440/1020 1141/441/982
f 1138/439/1018 1141/441/982 1142/442/1021
f 1138/439/1018 1142/442/1021 1143/443/1022
f 1137/438/1017 1138/439/1018 1143/443/1022
f 1144/444/1023 1143/443/1022 1142/442/1021
f 1143/443/1022 1144/444/1023 1145/445/1024
f 1143/443/1022 1145/445/1024 1146/446/1025
f 1147/447/974 1143/443/1022 1146/446/1025
f 1145/445/1024 1147/447/974 1146/446/1025
f 1145/445/1024 1148/448/975 1147/447/974
f 1144/444/1023 1142/442/1021 1149/449/1026
f 1145/445/1024 1144/444/1023 1150/450/1027
f 1145/445/1024 1150/450/1027 1151/451/1028
f 1148/448/975 1145/445/1024 1151/451/1028
f 1151/451/1028 1150/450/1027 1152/452/988
f 1151/451/1028 1152/452/988 1153/453/1029
f 1148/448/975 1151/451/1028 1154/454/1030
f 1154/454/1030 1151/451/1028 1153/453/1029
f 1154/454/1030 1153/453/1029 1155/455/1031
f 1156/456/1032 1152/452/988 1150/450/1027
f 1156/456/1032 1150/450/1027 1157/457/1033
f 1157/457/1033 1150/450/1027 1144/444/1023
f 1157/457/1033 1144/444/1023 1149/449/1026
f 1137/438/1017 1143/443/1022 1158/458/1034
f 1159/459/1035 1160/461/1036 1161/460/1037
f 1159/459/1035 1162/462/1038 1160/461/1036
f 1139/429/1019 1159/459/1035 1161/460/1037
f 1139/429/1019 1161/460/1037 1140/440/1020
f 1161/460/1037 1160/461/1036 1163/463/1039
f 1161/460/1037 1163/463/1039 1164/464/1040
f 1140/440/1020 1161/460/1037 1164/464/1040
f 1140/440/1020 1164/464/1040 1141/441/982
f 1159/459/1035 1165/465/1041 1162/462/1038
f 1159/459/1035 1166/466/1042 1165/465/1041
f 1167/429/1043 1166/466/1042 1159/459/1035
f 1167/429/1043 1168/436/1044 1166/466/1042
f 1169/422/1045 1170/420/1046 1119/423/1047
f 1100/404/979 1118/422/1048 1101/405/980
f 1100/404/979 1110/414/989 1171/422/1048
f 1172/467/1049 1173/469/1038 1174/468/1050
f 1172/467/1049 1175/470/1051 1173/469/1038
f 1176/471/1052 1172/467/1049 1174/468/1050
f 1176/471/1052 1174/468/1050 1177/472/1053
f 1102/406/981 1176/471/1052 1177/472/1053
f 1103/407/982 1176/471/1052 1102/406/981
f 1094/397/973 1093/398/972 1178/405/1054
f 1094/397/1015 1128/432/1007 1179/473/1055
f 1128/432/1007 1136/437/1016 1179/473/1055
f 1180/397/1056 1179/473/1057 1181/474/1058
f 1182/475/1059 1180/397/1056 1181/474/1058
f 1182/475/1059 1092/396/1060 1180/397/1056
f 1183/476/1061 1008/321/886 1184/319/913
f 1183/476/1061 1185/477/1062 1008/321/886
f 1185/477/1062 1016/328/894 1008/321/886
f 1186/478/1063 1187/481/1064 1188/480/1065
f 1186/478/1063 1188/480/1065 1189/479/1066
f 1189/479/1066 1188/480/1065 1190/482/1067
f 1189/479/1066 1190/482/1067 1191/483/1068
f 1188/480/1065 1187/481/1064 1192/484/1069
f 1187/481/1064 1193/485/1070 1192/484/1069
f 1188/480/1065 1192/484/1069 1194/486/1071
f 1188/480/1065 1195/487/1072 1190/482/1067
f 1188/480/1065 1194/486/1071 1195/487/1072
f 1196/488/1073 1195/487/1072 1194/486/1071
f 1190/482/1067 1195/487/1072 1196/488/1073
f 1196/488/1073 1194/486/1071 1197/489/1074
f 1190/482/1067 1196/488/1073 1198/490/1075
f 1199/483/1076 1190/482/1067 1198/490/1075
f 1199/483/1076 1198/490/1075 1200/491/1077
f 1200/491/1077 1198/490/1075 1201/492/1078
f 1200/491/1077 1201/492/1078 1202/493/1079
f 1201/492/1078 1198/490/1075 1203/494/1080
f 1198/490/1075 1196/488/1073 1204/495/1081
f 1204/495/1081 1205/496/1082 1198/490/1075
f 1196/488/1073 1205/496/1082 1204/495/1081
f 1196/488/1073 1197/489/1074 1205/496/1082
f 1198/490/1075 1205/496/1082 1203/494/1080
f 1201/492/1083 1206/494/1084 1207/497/1085
f 1208/498/1086 1209/496/1082 1210/499/1087
f 1211/500/1088 1209/496/1082 1208/498/1086
f 1211/500/1088 1212/494/1089 1209/496/1082
f 1213/501/1085 1212/494/1089 1211/500/1088
f 910/525/797 1214/527/1090 1215/535/1091
f 1215/535/1091 1216/534/1092 910/525/797
f 1217/538/1093 1216/534/1092 1215/535/1091
f 1218/539/1094 1216/534/1092 1217/538/1093
f 910/525/797 1216/534/1092 912/504/799
f 1214/527/1095 907/526/1096 1219/536/1097
f 1219/536/1097 907/526/1096 1220/537/1098
f 1221/537/1099 907/526/1100 1222/533/1101
f 1223/533/1102 907/526/793 896/532/795
f 1224/347/1103 1030/344/1062 1225/547/1104
f 1226/548/1105 1227/550/1106 1228/549/1107
f 1228/549/1107 1227/550/1106 1229/551/1108
f 1230/552/1109 1231/554/1110 1232/553/1111
f 1232/553/1111 1231/554/1110 1233/549/1112
f 1234/548/1113 1233/549/1112 1231/554/1110
f 1235/555/1114 987/299/865 1236/556/1115
f 990/302/868 987/299/865 1235/555/1114
f 1236/556/1115 987/299/865 994/306/872
