# Blender 5.1.2
# www.blender.org
mtllib monstro0002.mtl
o Object_33
v 4.565014 -132.905014 81.523972
v 4.338254 -132.559113 81.425369
v 6.325670 -132.440353 81.552483
v 6.325670 -132.918106 81.552483
v 7.102668 -132.467285 81.580780
v 7.102668 -132.936066 81.580780
v 4.604606 -132.289001 81.881615
v 5.673593 -132.345871 81.938492
v 7.098910 -132.480667 81.850616
v 7.098910 -132.718765 81.968033
v 5.673593 -132.678268 82.065178
v 4.188889 -132.890106 81.536995
v 7.098910 -132.925232 81.850616
v 5.354472 -133.015778 81.832832
v 7.098910 -132.718765 81.968033
v 5.673593 -132.678268 82.065178
v 4.604605 -132.949631 81.941986
v 4.228481 -132.949234 81.966881
v 2.392396 -133.100464 81.685524
v 3.052271 -133.067551 82.195854
v 1.939022 -133.067551 82.412827
v 4.416542 -132.597885 82.148407
v 3.241556 -132.678268 82.294983
v 2.372585 -132.678268 82.496277
v 2.392396 -132.244522 81.606728
v 1.900582 -132.319397 81.549591
v 1.900582 -133.096832 81.549591
v 1.605497 -133.076324 82.409904
v 1.939022 -132.346130 82.464088
v 3.052271 -132.289001 82.107231
v 2.372585 -132.678268 82.496277
v 3.241556 -132.678268 82.294983
v 4.151087 -132.272736 81.893082
v 4.416542 -132.597885 82.148407
v 1.633513 -132.371201 81.323006
v 1.526906 -133.167282 81.323006
v 1.605497 -132.325760 82.426895
v 1.942397 -132.678268 82.536102
v 1.607806 -132.678268 82.516968
v 4.379998 -132.272202 81.886894
v 0.619154 -132.449768 68.875793
v 0.414365 -132.308167 71.593933
v 0.935154 -132.266754 71.382149
v 0.993650 -132.513153 73.058838
v 0.487022 -132.523544 72.977684
v 0.994998 -132.511032 73.598366
v 0.464458 -132.539154 73.509979
v 1.172612 -133.127411 73.350433
v 1.172613 -133.171326 73.623421
v 1.172612 -133.095306 73.087509
v 0.308060 -133.138672 73.254631
v 0.308060 -133.095306 72.949013
v 0.740336 -133.327408 73.018265
v 0.740336 -133.369629 73.285431
v 1.172612 -133.095306 73.087509
v 1.172612 -133.127411 73.350433
v 0.740337 -133.412094 73.554169
v 1.172613 -133.171326 73.623421
v 0.308061 -133.171326 73.484924
v 0.830301 -133.629517 76.088402
v 0.306055 -133.237137 76.277496
v 1.230235 -133.237137 76.416039
v 0.334208 -132.405548 76.120567
v 0.012404 -133.560760 76.376801
v 0.012404 -132.527084 76.250900
v 1.165215 -132.951279 71.227577
v 0.715179 -133.245193 71.333466
v 0.333095 -132.951279 71.439354
v 0.619154 -133.154327 68.875793
v 0.372845 -132.879669 68.875793
v 0.619154 -132.449768 68.875793
v 0.619154 -133.154327 68.875793
v 1.294992 -132.310837 76.166573
v 1.294992 -132.310837 76.166573
v 1.294992 -132.310837 76.166573
v 1.230235 -133.237137 76.416039
v 0.968926 -133.528076 78.856369
v 0.846803 -133.735321 77.065964
v 1.250908 -133.261337 77.246635
v 0.012404 -134.118225 78.877609
v 0.012404 -133.861694 76.941177
v 1.115779 -132.679794 78.887535
v 1.245259 -132.425232 77.246635
v 1.230235 -133.237137 76.416039
v 0.012404 -133.560760 76.376801
v 0.306055 -133.237137 76.277496
v 0.830301 -133.629517 76.088402
v 0.760325 -132.216232 77.589539
v 0.831511 -132.105301 77.072639
v 0.012404 -132.278580 77.794662
v 0.012404 -132.310715 78.877609
v 0.012404 -132.254700 76.695053
v 0.193570 -132.208344 76.437347
v 0.899084 -132.132019 76.541748
v 0.334208 -132.405548 76.120567
v 1.294992 -132.310837 76.166573
v 0.012404 -132.527084 76.250900
v 0.012404 -132.527084 76.250900
v 1.280284 -132.421356 77.007362
v 1.294992 -132.310837 76.166573
v 1.294992 -132.310837 76.166573
v 0.012404 -132.197815 79.766899
v 1.178962 -132.571777 79.716705
v 1.633513 -132.371201 81.323006
v 0.012404 -131.796722 81.336067
v 0.966596 -132.178238 82.548309
v 1.605497 -132.325760 82.426895
v 1.607806 -132.678268 82.516968
v 0.957743 -132.678268 82.564018
v 0.467534 -132.733658 82.711540
v 0.012404 -132.288986 82.641838
v 1.050097 -133.475220 79.716705
v 1.526906 -133.167282 81.323006
v 0.542687 -133.922379 79.783081
v 0.871952 -133.728806 81.226639
v 0.012404 -133.906128 81.418457
v 0.966596 -133.067551 82.416367
v 0.012404 -133.111694 82.547127
v 0.467534 -132.733658 82.711540
v 0.957743 -132.678268 82.564018
v 1.605497 -133.076324 82.409904
v 1.607806 -132.678268 82.516968
v 1.900582 -133.096832 81.549591
v 0.012404 -134.090424 79.786514
v 7.304121 -132.976486 81.539520
v 7.304121 -132.432266 81.539520
v 7.452557 -132.662125 81.548004
v 7.471015 -132.844849 81.398323
v 7.696621 -132.936188 81.390800
v 7.722791 -132.771652 81.550415
v 7.814222 -132.987167 81.503250
v 7.732298 -133.018936 81.643456
v 7.998094 -132.651062 81.764587
v 7.924614 -132.317245 81.640755
v 8.008974 -132.868790 81.784622
v 8.016235 -133.040833 81.797997
v 7.952839 -132.976318 81.351234
v 7.976388 -133.031403 81.470039
v 8.094219 -132.966843 81.358345
v 8.104343 -133.019913 81.451134
v 8.187252 -133.033829 81.308746
v 8.197563 -133.087860 81.403229
v 8.153023 -132.647873 81.636078
v 8.201752 -132.844437 81.635910
v 8.200872 -132.660660 81.448280
v 8.219378 -132.841660 81.454140
v 8.336580 -132.645706 81.376869
v 8.252338 -132.421677 81.386719
v 8.151924 -132.412354 81.434792
v 8.352680 -132.813370 81.379700
v 8.087557 -132.318771 81.625534
v 8.194149 -132.314926 81.691910
v 8.252338 -132.421677 81.386719
v 8.348555 -132.648483 81.680092
v 8.336580 -132.645706 81.376869
v 8.341963 -132.848007 81.679138
v 8.046482 -132.672836 81.948761
v 8.044224 -132.872360 81.942497
v 8.352680 -132.813370 81.379700
v 7.304121 -132.709824 81.981804
v 7.304121 -132.432266 81.840729
v 7.963366 -132.302612 81.818100
v 8.087557 -132.318771 81.625534
v 7.924614 -132.317245 81.640755
v 8.219378 -132.841660 81.454140
v 8.201752 -132.844437 81.635910
v 8.044224 -132.872360 81.942497
v 8.008974 -132.868790 81.784622
v 7.098910 -132.718765 81.968033
v 7.098910 -132.925232 81.850616
v 7.304121 -132.976486 81.828369
v 8.044224 -132.872360 81.942497
v 8.042400 -133.033569 81.937431
v 8.016235 -133.040833 81.797997
v 7.732298 -133.018936 81.643456
v 7.304121 -132.976486 81.539520
v 7.704122 -133.117828 81.460487
v 7.670760 -133.044693 81.334610
v 7.422751 -132.983292 81.389915
v 7.471015 -132.844849 81.398323
v 7.696621 -132.936188 81.390800
v 7.814222 -132.987167 81.503250
v 7.961060 -133.152039 81.418671
v 7.930259 -133.077530 81.288940
v 8.197563 -133.087860 81.403229
v 8.187252 -133.033829 81.308746
v 7.952839 -132.976318 81.351234
v 8.094219 -132.966843 81.358345
v 8.104343 -133.019913 81.451134
v 7.976388 -133.031403 81.470039
v 7.102668 -132.936066 81.580780
v 8.393637 -132.844879 81.783943
v 8.388773 -133.006104 81.781639
v 8.486700 -132.989838 81.489441
v 8.490694 -132.861145 81.487854
v 8.346937 -133.003601 81.520737
v 8.271900 -133.013351 81.701218
v 8.335295 -132.851074 81.527557
v 8.257322 -132.841324 81.696854
v 8.044224 -132.872360 81.942497
v 8.008974 -132.868790 81.784622
v 8.087557 -132.318771 81.625534
v 8.151924 -132.412354 81.434792
v 8.087557 -132.318771 81.625534
v 8.346937 -133.003601 81.520737
v 8.335295 -132.851074 81.527557
v 8.490694 -132.861145 81.487854
v 8.486700 -132.989838 81.489441
v 8.271900 -133.013351 81.701218
v 8.257322 -132.841324 81.696854
v 7.924614 -132.317245 81.640755
v 7.098910 -132.480667 81.850616
v 7.304121 -132.432266 81.539520
v 7.102668 -132.467285 81.580780
v 7.102668 -132.936066 81.580780
v 0.881024 -132.879669 68.875793
v 0.619154 -132.449768 68.875793
v 1.165215 -132.951279 71.227577
v 0.619154 -132.449768 68.875793
v 0.881024 -132.879669 68.875793
v 0.881024 -132.879669 68.505905
v 0.619154 -132.449768 68.505905
v 0.619154 -133.228241 68.523651
v 0.619154 -133.154327 68.875793
v 0.905084 -132.523376 67.862648
v 0.619154 -132.354263 67.868217
v 1.063068 -134.537628 67.862648
v 0.780535 -134.328842 68.173485
v 0.426572 -134.625900 68.047722
v 0.394534 -134.811234 67.910217
v 0.357284 -132.879669 68.505905
v 0.619154 -133.154327 68.875793
v 0.372845 -132.879669 68.875793
v 0.619154 -132.449768 68.505905
v 0.619154 -132.449768 68.875793
v 0.336893 -132.543274 67.862648
v 0.265768 -134.507355 68.073181
v 0.130052 -134.634689 67.862648
v 0.619154 -132.354263 67.868217
v 0.336893 -132.543274 67.862648
v 1.063068 -134.537628 67.862648
v 0.394534 -134.811234 67.910217
v 0.130052 -134.634689 67.862648
v 0.905084 -132.523376 67.862648
v 0.336893 -132.543274 67.862648
v 0.619154 -132.354263 67.868217
v 0.405199 -133.561996 83.966873
v 0.310331 -133.536453 83.667122
v 0.704464 -133.208313 83.822868
v 0.152816 -133.639984 83.902161
v 0.012404 -133.697296 83.667122
v 0.012404 -133.636566 83.628479
v 0.012404 -133.675201 83.821686
v 0.012404 -133.802536 83.920486
v 0.599341 -133.406342 84.225418
v 0.780101 -133.212219 84.501984
v 0.081631 -133.638153 84.178062
v 0.012404 -133.712006 84.108688
v 0.012404 -133.653183 84.311424
v 0.344696 -133.614853 84.239166
v 0.372842 -133.648376 84.430214
v 0.012404 -133.688522 84.457870
v 0.012404 -133.677429 84.637306
v 0.372842 -133.629730 84.653969
v 0.012404 -133.404358 85.181091
v 0.644279 -133.357361 84.980812
v 0.668668 -132.680145 85.130341
v 0.829423 -132.693283 84.495117
v 0.676726 -132.778183 83.826881
v 0.350000 -133.358963 83.234306
v 0.458957 -132.767426 83.215637
v 0.012404 -133.099030 83.176239
v 0.674152 -132.173843 84.400513
v 0.012404 -131.828552 84.815338
v 0.012404 -131.939865 83.860649
v 0.644992 -132.369202 83.821320
v 0.012404 -132.351837 83.319336
v 0.012404 -132.351837 83.319336
v 0.012404 -132.288986 82.641838
v 0.271007 -133.516525 83.574463
v 0.012404 -133.580765 83.166397
v 0.012404 -133.099030 83.176239
v 0.012404 -133.111694 82.547127
v 0.467534 -132.733658 82.711540
v 0.012404 -133.640717 83.473259
v 0.012404 -133.613129 83.542259
v 0.467534 -132.733658 82.711540
v 0.012404 -132.288986 82.641838
v -0.434149 -132.767426 83.215637
v -0.620183 -132.369202 83.821320
v -0.651917 -132.778183 83.826881
v -0.325192 -133.358963 83.234306
v 0.012404 -133.099030 83.176239
v -0.679655 -133.208313 83.822868
v -0.804614 -132.693283 84.495117
v -0.755293 -133.212219 84.501984
v -0.574532 -133.406342 84.225418
v -0.380390 -133.561996 83.966873
v -0.285523 -133.536453 83.667122
v -0.128008 -133.639984 83.902161
v 0.012404 -133.697296 83.667122
v 0.012404 -133.636566 83.628479
v 0.012404 -133.675201 83.821686
v 0.012404 -133.802536 83.920486
v -0.056822 -133.638153 84.178062
v 0.012404 -133.712006 84.108688
v 0.012404 -133.653183 84.311424
v -0.319888 -133.614853 84.239166
v -0.348034 -133.648376 84.430214
v 0.012404 -133.688522 84.457870
v 0.012404 -133.677429 84.637306
v -0.348034 -133.629730 84.653969
v -0.619471 -133.357361 84.980812
v -0.643859 -132.680145 85.130341
v -0.649343 -132.173843 84.400513
v 0.012404 -131.828552 84.815338
v 0.012404 -131.939865 83.860649
v 0.012404 -132.351837 83.319336
v -0.322313 -133.379333 85.102745
v -0.459236 -132.805405 85.302948
v -0.643859 -132.680145 85.130341
v 0.012404 -132.245300 85.295799
v 0.012404 -131.828552 84.815338
v 0.012404 -133.404358 85.181091
v 0.012404 -132.919510 85.405190
v 0.012404 -132.245300 85.295799
v 0.012404 -132.245300 85.295799
v 0.668668 -132.680145 85.130341
v 0.484045 -132.805405 85.302948
v 0.347122 -133.379333 85.102745
v 0.012404 -132.919510 85.405190
v 0.012404 -132.245300 85.295799
v 0.012404 -133.802536 83.920486
v 0.012404 -133.805237 83.956894
v 0.012404 -133.712006 84.108688
v 0.619154 -133.154327 68.875793
v 0.881024 -132.879669 68.875793
v 0.012404 -132.676636 83.603111
v 0.704464 -133.208313 83.822868
v 0.012404 -133.636566 83.628479
v 0.310331 -133.536453 83.667122
v 0.012404 -133.613129 83.542259
v 0.271007 -133.516525 83.574463
v 0.012404 -133.422791 83.322845
v 0.704464 -133.208313 83.822868
v 0.012404 -132.676636 83.603111
v 1.942397 -132.678268 82.536102
v 1.607806 -132.678268 82.516968
v -4.540206 -132.904984 81.523941
v -6.300860 -132.918076 81.552452
v -6.300860 -132.440323 81.552452
v -4.313445 -132.559067 81.425354
v -7.077860 -132.467255 81.580750
v -7.077861 -132.936035 81.580750
v -4.579795 -132.288956 81.881599
v -5.648786 -132.345840 81.938461
v -7.074100 -132.480637 81.850586
v -7.074100 -132.718735 81.968002
v -5.648786 -132.678238 82.065147
v -4.164080 -132.890076 81.536972
v -7.074100 -132.925201 81.850586
v -5.329665 -133.015747 81.832802
v -7.074100 -132.718735 81.968002
v -5.648786 -132.678238 82.065147
v -4.579799 -132.949600 81.941956
v -4.203672 -132.949203 81.966858
v -2.367586 -133.100433 81.685501
v -3.027462 -133.067520 82.195831
v -1.914213 -133.067520 82.412804
v -4.391735 -132.597839 82.148392
v -3.216747 -132.678238 82.294952
v -2.347774 -132.678238 82.496254
v -2.367586 -132.244492 81.606705
v -1.875772 -132.319366 81.549568
v -1.875772 -133.096802 81.549568
v -1.580689 -133.076309 82.409889
v -1.914213 -132.346100 82.464066
v -3.027462 -132.288971 82.107208
v -2.347774 -132.678238 82.496254
v -3.216747 -132.678238 82.294952
v -4.126278 -132.272705 81.893059
v -4.391735 -132.597839 82.148392
v -1.608704 -132.371185 81.322998
v -1.502098 -133.167267 81.322998
v -1.580689 -132.325745 82.426880
v -1.917587 -132.678238 82.536079
v -1.582998 -132.678253 82.516953
v -4.355187 -132.272156 81.886879
v -0.594346 -132.449753 68.875793
v -0.910346 -132.266739 71.382149
v -0.389556 -132.308151 71.593925
v -0.968841 -132.513138 73.058838
v -0.462213 -132.523529 72.977684
v -0.970189 -132.511002 73.598358
v -0.439649 -132.539124 73.509972
v -1.147803 -133.127396 73.350426
v -1.147804 -133.171295 73.623413
v -1.147803 -133.095291 73.087509
v -0.283251 -133.138657 73.254623
v -0.283252 -133.095291 72.949013
v -0.715527 -133.327393 73.018265
v -0.715527 -133.369614 73.285423
v -1.147803 -133.095291 73.087509
v -1.147803 -133.127396 73.350426
v -0.715528 -133.412064 73.554161
v -1.147804 -133.171295 73.623413
v -0.283251 -133.171295 73.484917
v -0.805492 -133.629486 76.088394
v -0.281246 -133.237106 76.277489
v -1.205426 -133.237106 76.416031
v -0.309400 -132.405533 76.120560
v -1.140407 -132.951263 71.227577
v -0.690371 -133.245178 71.333466
v -0.308287 -132.951263 71.439354
v -0.594346 -133.154312 68.875793
v -0.348036 -132.879654 68.875793
v -0.594346 -132.449753 68.875793
v -0.594346 -133.154312 68.875793
v 0.012404 -133.560760 76.376801
v -0.309400 -132.405533 76.120560
v 0.012404 -132.527084 76.250900
v -1.270182 -132.393051 76.156235
v -1.270182 -132.393051 76.156235
v -1.270182 -132.393051 76.156235
v -1.205426 -133.237106 76.416031
v -0.944117 -133.528076 78.856369
v -1.226099 -133.261337 77.246635
v -0.821995 -133.735321 77.065964
v 0.012404 -134.118225 78.877609
v 0.012404 -133.861694 76.941177
v -1.090970 -132.679794 78.887535
v -1.220450 -132.425232 77.246635
v -1.205426 -133.237106 76.416031
v -0.805492 -133.629486 76.088394
v -0.281246 -133.237106 76.277489
v 0.012404 -133.560760 76.376801
v -1.259399 -132.421356 77.014854
v -1.270182 -132.393051 76.156235
v -0.806702 -132.105301 77.072639
v -1.270182 -132.393051 76.156235
v -0.735517 -132.216232 77.589539
v 0.012404 -132.278580 77.794662
v 0.012404 -132.310715 78.877609
v 0.012404 -132.254700 76.695053
v -0.168761 -132.208344 76.437347
v -0.874276 -132.132019 76.541748
v -0.309400 -132.405533 76.120560
v -1.270182 -132.393051 76.156235
v 0.012404 -132.527084 76.250900
v 0.012404 -132.527084 76.250900
v -1.154153 -132.571777 79.716705
v 0.012404 -132.197815 79.766899
v -1.608704 -132.371185 81.322998
v 0.012404 -131.796722 81.336067
v -0.941788 -132.178223 82.548302
v -1.580689 -132.325745 82.426880
v -1.582998 -132.678253 82.516953
v -0.932935 -132.678253 82.564003
v -0.442726 -132.733658 82.711540
v 0.012404 -132.288986 82.641838
v -1.025290 -133.475220 79.716705
v -1.502098 -133.167267 81.322998
v -0.517879 -133.922379 79.783081
v -0.847144 -133.728790 81.226631
v 0.012404 -133.906128 81.418457
v -0.941788 -133.067535 82.416359
v 0.012404 -133.111694 82.547127
v -0.442726 -132.733658 82.711540
v -0.932935 -132.678253 82.564003
v -1.580689 -133.076309 82.409889
v -1.582998 -132.678253 82.516953
v -1.875772 -133.096802 81.549568
v 0.012404 -134.090424 79.786514
v -7.279314 -132.976471 81.539482
v -7.427750 -132.662109 81.547966
v -7.279313 -132.432251 81.539482
v -7.446208 -132.844833 81.398285
v -7.671814 -132.936172 81.390762
v -7.697984 -132.771637 81.550377
v -7.789415 -132.987152 81.503204
v -7.707491 -133.018921 81.643417
v -7.973287 -132.651047 81.764542
v -7.899807 -132.317230 81.640717
v -7.984167 -132.868774 81.784584
v -7.991427 -133.040817 81.797958
v -7.928032 -132.976303 81.351196
v -7.951581 -133.031387 81.470001
v -8.069410 -132.966827 81.358307
v -8.079535 -133.019897 81.451096
v -8.162444 -133.033813 81.308708
v -8.172755 -133.087845 81.403191
v -8.128216 -132.647858 81.636040
v -8.176944 -132.844421 81.635872
v -8.176064 -132.660645 81.448242
v -8.194570 -132.841644 81.454102
v -8.311772 -132.645691 81.376831
v -8.227530 -132.421661 81.386681
v -8.127116 -132.412338 81.434753
v -8.327873 -132.813354 81.379662
v -8.062750 -132.318756 81.625496
v -8.169342 -132.314911 81.691872
v -8.227530 -132.421661 81.386681
v -8.323747 -132.648468 81.680054
v -8.311772 -132.645691 81.376831
v -8.317156 -132.847992 81.679100
v -8.021675 -132.672821 81.948723
v -8.019417 -132.872345 81.942459
v -8.327873 -132.813354 81.379662
v -7.279314 -132.709808 81.981766
v -7.279313 -132.432251 81.840691
v -7.938558 -132.302597 81.818062
v -8.062750 -132.318756 81.625496
v -7.899807 -132.317230 81.640717
v -8.194570 -132.841644 81.454102
v -8.176944 -132.844421 81.635872
v -8.019417 -132.872345 81.942459
v -7.984167 -132.868774 81.784584
v -7.074100 -132.718735 81.968002
v -7.074100 -132.925201 81.850586
v -7.279314 -132.976471 81.828331
v -8.019417 -132.872345 81.942459
v -8.017591 -133.033554 81.937393
v -7.991427 -133.040817 81.797958
v -7.707491 -133.018921 81.643417
v -7.279314 -132.976471 81.539482
v -7.679315 -133.117813 81.460449
v -7.645953 -133.044678 81.334572
v -7.397944 -132.983276 81.389877
v -7.446208 -132.844833 81.398285
v -7.671814 -132.936172 81.390762
v -7.789415 -132.987152 81.503204
v -7.936253 -133.152023 81.418633
v -7.905452 -133.077515 81.288902
v -8.172755 -133.087845 81.403191
v -8.162444 -133.033813 81.308708
v -7.928032 -132.976303 81.351196
v -8.069410 -132.966827 81.358307
v -8.079535 -133.019897 81.451096
v -7.951581 -133.031387 81.470001
v -7.077861 -132.936035 81.580750
v -8.368830 -132.844864 81.783905
v -8.461892 -132.989822 81.489403
v -8.363965 -133.006088 81.781601
v -8.465886 -132.861130 81.487816
v -8.322128 -133.003586 81.520699
v -8.247092 -133.013336 81.701180
v -8.310487 -132.851059 81.527512
v -8.232514 -132.841309 81.696815
v -8.019417 -132.872345 81.942459
v -7.984167 -132.868774 81.784584
v -8.062750 -132.318756 81.625496
v -8.127116 -132.412338 81.434753
v -8.062750 -132.318756 81.625496
v -8.322128 -133.003586 81.520699
v -8.465886 -132.861130 81.487816
v -8.310487 -132.851059 81.527512
v -8.461892 -132.989822 81.489403
v -8.247092 -133.013336 81.701180
v -8.232514 -132.841309 81.696815
v -7.899807 -132.317230 81.640717
v -7.074100 -132.480637 81.850586
v -7.279313 -132.432251 81.539482
v -7.077860 -132.467255 81.580750
v -7.077861 -132.936035 81.580750
v -0.856215 -132.879654 68.875793
v -0.594346 -132.449753 68.875793
v -1.140407 -132.951263 71.227577
v -0.594346 -132.449753 68.875793
v -0.594346 -132.449753 68.505898
v -0.856215 -132.879654 68.505898
v -0.856215 -132.879654 68.875793
v -0.594346 -133.228226 68.523643
v -0.594346 -133.154312 68.875793
v -0.880275 -132.523361 67.862640
v -0.594346 -132.354248 67.868210
v -1.038260 -134.537613 67.862640
v -0.755726 -134.328827 68.173477
v -0.401764 -134.625885 68.047714
v -0.369725 -134.811218 67.910210
v -0.332474 -132.879654 68.505898
v -0.594346 -133.154312 68.875793
v -0.348036 -132.879654 68.875793
v -0.594346 -132.449753 68.505898
v -0.594346 -132.449753 68.875793
v -0.312085 -132.543259 67.862640
v -0.240959 -134.507339 68.073174
v -0.105244 -134.634674 67.862640
v -0.312085 -132.543259 67.862640
v -0.594346 -132.354248 67.868210
v -1.038260 -134.537613 67.862640
v -0.105244 -134.634674 67.862640
v -0.369725 -134.811218 67.910210
v -0.880275 -132.523361 67.862640
v -0.312085 -132.543259 67.862640
v -0.594346 -132.354248 67.868210
v 0.012404 -133.099030 83.176239
v 0.012404 -133.580765 83.166397
v -0.246199 -133.516525 83.574463
v 0.012404 -133.640717 83.473259
v 0.012404 -133.613129 83.542259
v 0.012404 -133.111694 82.547127
v -0.442726 -132.733658 82.711540
v -0.442726 -132.733658 82.711540
v 0.012404 -132.288986 82.641838
v 0.012404 -132.288986 82.641838
v -0.594346 -133.154312 68.875793
v -0.856215 -132.879654 68.875793
v 0.012404 -132.676636 83.603111
v 0.012404 -133.636566 83.628479
v -0.679655 -133.208313 83.822868
v -0.285523 -133.536453 83.667122
v 0.012404 -133.613129 83.542259
v 0.012404 -133.422791 83.322845
v -0.246199 -133.516525 83.574463
v -0.679655 -133.208313 83.822868
v 0.012404 -132.676636 83.603111
v -1.917587 -132.678238 82.536079
v -1.582998 -132.678253 82.516953
vn -0.0207 -0.7165 -0.6973
vn -0.0255 0.4064 -0.9133
vn 0.0683 0.6544 -0.7530
vn 0.0512 -0.6648 -0.7453
vn -0.1115 0.7019 -0.7035
vn -0.1555 -0.7151 -0.6815
vn 0.0472 0.9698 0.2394
vn 0.0518 0.9233 0.3806
vn -0.0312 0.8305 0.5561
vn -0.0001 -0.0580 0.9983
vn 0.0606 -0.0828 0.9947
vn -0.0238 -0.7149 -0.6988
vn -0.0640 -0.8396 0.5394
vn 0.0233 -0.9588 0.2831
vn -0.0001 -0.0581 0.9983
vn -0.0115 -0.8846 0.4663
vn 0.1045 -0.8851 0.4535
vn 0.0490 -0.7943 -0.6056
vn 0.1574 -0.8370 0.5241
vn 0.0418 -0.7795 0.6250
vn 0.0899 0.0816 0.9926
vn 0.1888 0.0760 0.9791
vn 0.2012 0.0172 0.9794
vn 0.0137 0.7476 -0.6640
vn 0.1449 0.7695 -0.6219
vn 0.3050 -0.7575 -0.5772
vn 0.0124 -0.7983 0.6022
vn 0.0300 0.7354 0.6770
vn 0.1404 0.8973 0.4186
vn 0.2012 0.0173 0.9794
vn 0.1889 0.0761 0.9791
vn -0.0079 0.9899 0.1419
vn 0.6213 0.6579 -0.4257
vn 0.7451 -0.6489 -0.1545
vn 0.1109 0.7805 0.6153
vn 0.0129 -0.0413 0.9991
vn 0.0187 -0.0621 0.9979
vn 0.0393 0.9860 0.1620
vn -0.0206 0.9945 -0.1031
vn -0.6581 0.7515 0.0467
vn 0.5405 0.8413 -0.0098
vn 0.5989 0.7992 0.0513
vn -0.6142 0.7848 0.0826
vn 0.5776 0.8144 -0.0562
vn -0.6432 0.7654 -0.0186
vn 0.9292 -0.3643 -0.0629
vn 0.9067 -0.4114 -0.0934
vn 0.9319 -0.3599 -0.0451
vn -0.9159 -0.3950 -0.0722
vn -0.9221 -0.3855 -0.0344
vn 0.0129 -0.9934 -0.1143
vn 0.0202 -0.9888 -0.1481
vn 0.9292 -0.3642 -0.0629
vn 0.0090 -0.9930 -0.1175
vn 0.9067 -0.4113 -0.0933
vn -0.9071 -0.4178 -0.0508
vn 0.0748 -0.9950 -0.0661
vn -0.5270 -0.5581 -0.6409
vn 0.9194 -0.3915 -0.0375
vn -0.5005 0.6828 -0.5322
vn -0.0000 -0.6392 -0.7690
vn -0.0000 0.2789 -0.9603
vn 0.9489 -0.3090 -0.0648
vn -0.0413 -0.9983 -0.0408
vn -0.9262 -0.3765 -0.0197
vn -0.0250 -0.9996 0.0114
vn -0.9950 -0.0997 -0.0033
vn -0.0249 -0.9996 0.0115
vn 0.7460 0.6550 -0.1201
vn 0.7460 0.6551 -0.1201
vn 0.9194 -0.3914 -0.0375
vn 0.8248 -0.5653 0.0116
vn 0.4632 -0.8745 -0.1438
vn 0.9380 -0.3454 0.0288
vn -0.0000 -0.9994 -0.0357
vn -0.0000 -0.9489 -0.3156
vn 0.8721 0.4870 0.0470
vn 0.8568 0.4909 0.1581
vn 0.2500 0.9487 0.1934
vn 0.2160 0.9709 0.1033
vn -0.0000 0.9986 0.0535
vn -0.0000 0.9997 0.0243
vn -0.0000 0.9962 -0.0874
vn -0.3488 0.8709 -0.3462
vn 0.1281 0.9719 -0.1977
vn -0.5004 0.6826 -0.5326
vn -0.0000 0.2788 -0.9604
vn 0.9046 0.4169 0.0894
vn -0.0000 0.9822 -0.1880
vn 0.8165 0.5309 -0.2269
vn 0.6213 0.6579 -0.4256
vn 0.0001 0.9997 -0.0245
vn 0.2083 0.7123 0.6703
vn 0.0188 -0.0621 0.9979
vn 0.2018 -0.1235 0.9716
vn 0.5848 -0.1700 0.7931
vn -0.0000 0.8650 0.5019
vn 0.8616 -0.4983 -0.0966
vn 0.7450 -0.6489 -0.1545
vn 0.4752 -0.8799 -0.0013
vn 0.4556 -0.8692 0.1920
vn 0.0001 -0.9450 0.3271
vn 0.1917 -0.6954 0.6926
vn -0.0000 -0.8719 0.4896
vn 0.5848 -0.1699 0.7932
vn 0.2018 -0.1236 0.9716
vn 0.0124 -0.7983 0.6021
vn 0.0187 -0.0622 0.9979
vn 0.3049 -0.7575 -0.5773
vn -0.0000 -0.9975 0.0711
vn -0.4408 -0.7146 -0.5433
vn -0.1428 0.6660 -0.7322
vn 0.0664 0.2244 -0.9722
vn -0.2909 0.4654 -0.8359
vn 0.2663 0.6342 -0.7258
vn 0.5293 0.4611 -0.7122
vn 0.7577 0.2611 0.5981
vn 0.3919 -0.9200 -0.0021
vn -0.0710 -0.1191 -0.9903
vn 0.0048 0.6478 -0.7618
vn 0.0565 -0.1729 -0.9833
vn 0.0364 -0.8601 -0.5089
vn 0.0372 0.9298 -0.3662
vn 0.1574 0.3023 0.9401
vn 0.2300 0.9586 -0.1679
vn 0.3412 0.3901 0.8552
vn 0.7614 0.1076 -0.6393
vn 0.8707 -0.4075 0.2752
vn -0.8262 -0.1853 -0.5320
vn -0.4532 -0.8363 -0.3085
vn -0.7808 -0.1605 -0.6038
vn -0.5755 -0.6788 -0.4561
vn 0.5409 0.1107 -0.8338
vn 0.3291 0.5226 -0.7865
vn -0.6583 0.4081 -0.6326
vn 0.5062 -0.4561 -0.7319
vn -0.2582 0.7436 -0.6168
vn 0.5537 0.7935 0.2526
vn -0.6583 0.4080 -0.6326
vn 0.9119 0.1643 0.3761
vn 0.7131 -0.6401 0.2860
vn 0.3472 0.1581 0.9244
vn 0.2479 -0.0155 0.9687
vn -0.0382 -0.0074 0.9992
vn -0.1313 0.8359 0.5330
vn 0.0834 0.8229 0.5620
vn -0.2582 0.7435 -0.6168
vn -0.5756 -0.6787 -0.4561
vn -0.1428 0.6659 -0.7322
vn -0.0002 -0.0580 0.9983
vn -0.1279 -0.8683 0.4793
vn 0.2478 -0.0155 0.9687
vn 0.1066 -0.6639 0.7402
vn 0.3918 -0.9201 -0.0020
vn -0.4408 -0.7146 -0.5432
vn -0.0846 -0.9894 0.1179
vn -0.2199 -0.3368 -0.9156
vn -0.5528 -0.4068 -0.7272
vn 0.2663 0.6342 -0.7259
vn 0.7577 0.2611 0.5980
vn 0.0964 -0.9590 0.2667
vn -0.0475 -0.2948 -0.9544
vn 0.8707 -0.4075 0.2753
vn 0.2299 0.9586 -0.1678
vn 0.3413 0.3901 0.8552
vn 0.1573 0.3024 0.9401
vn -0.1555 -0.7151 -0.6816
vn 0.5824 0.6226 0.5227
vn 0.5984 -0.6225 0.5044
vn 0.6294 -0.5263 -0.5717
vn 0.6350 0.5145 -0.5763
vn -0.4564 -0.6399 -0.6182
vn -0.3260 -0.8379 -0.4377
vn -0.5050 0.6148 -0.6058
vn -0.4123 0.8067 -0.4234
vn 0.0565 -0.1728 -0.9833
vn -0.2581 0.7436 -0.6168
vn 0.5537 0.7935 0.2525
vn -0.6582 0.4080 -0.6326
vn -0.2581 0.7435 -0.6169
vn 0.6350 0.5144 -0.5763
vn 0.6295 -0.5263 -0.5717
vn -0.4122 0.8067 -0.4235
vn 0.0048 0.6479 -0.7617
vn -0.1115 0.7019 -0.7034
vn -0.4407 -0.7146 -0.5432
vn 0.9936 -0.0970 -0.0580
vn -0.0205 0.9945 -0.1031
vn 0.9488 -0.3090 -0.0648
vn 0.9707 0.0618 0.2320
vn -0.0073 0.9718 0.2357
vn -0.0146 -0.5522 0.8336
vn -0.0250 -0.9996 0.0115
vn 0.7029 0.4519 -0.5492
vn -0.0227 0.8451 -0.5341
vn 0.7602 -0.5759 -0.3009
vn 0.3118 -0.3877 0.8675
vn -0.0509 -0.5387 0.8410
vn -0.1106 -0.9868 -0.1181
vn -0.9677 0.0694 0.2422
vn -0.0249 -0.9996 0.0114
vn -0.7060 0.4350 -0.5589
vn -0.4635 -0.3405 0.8181
vn -0.7877 -0.5043 -0.3540
vn -0.0226 0.8451 -0.5342
vn 0.7602 -0.5758 -0.3009
vn -0.7876 -0.5043 -0.3540
vn 0.5204 -0.8431 -0.1356
vn 0.3902 -0.3321 -0.8588
vn 0.8660 -0.3393 -0.3673
vn 0.4696 -0.8810 -0.0579
vn 0.0001 -0.9060 -0.4233
vn -0.0000 -0.2956 -0.9553
vn -0.0000 -0.9721 -0.2347
vn -0.0001 -0.9207 -0.3902
vn 0.7290 -0.6804 -0.0754
vn 0.9295 -0.3665 0.0422
vn 0.3696 -0.9278 0.0501
vn -0.0001 -0.9486 0.3164
vn -0.0000 -0.9958 -0.0920
vn 0.3630 -0.9175 -0.1626
vn 0.4282 -0.9022 -0.0520
vn -0.0000 -0.9968 -0.0794
vn -0.0000 -0.9670 0.2547
vn 0.3939 -0.8925 0.2199
vn -0.0000 -0.6636 0.7481
vn 0.7030 -0.5379 0.4653
vn 0.7993 0.2380 0.5517
vn 0.9929 0.1153 0.0301
vn 0.9537 0.0578 -0.2953
vn 0.6052 -0.4003 -0.6881
vn 0.9124 0.1030 -0.3960
vn -0.0000 -0.5389 -0.8424
vn 0.7735 0.6333 0.0229
vn -0.0000 0.9397 0.3419
vn -0.0000 0.9230 -0.3848
vn 0.8148 0.4648 -0.3465
vn -0.0000 0.9164 -0.4002
vn -0.0000 0.8650 0.5018
vn 0.0980 -0.6530 0.7510
vn -0.0000 -0.6883 -0.7254
vn -0.0000 -0.8719 0.4897
vn 0.9125 0.1029 -0.3960
vn 0.5849 -0.1700 0.7931
vn -0.0000 -0.9995 0.0322
vn -0.0000 -0.3630 0.9318
vn 0.5849 -0.1699 0.7931
vn -0.0000 0.8649 0.5019
vn 0.9124 0.1029 -0.3961
vn -0.9124 0.1030 -0.3960
vn -0.8148 0.4648 -0.3465
vn -0.0000 0.9164 -0.4003
vn -0.9537 0.0578 -0.2953
vn -0.6052 -0.4003 -0.6881
vn -0.8660 -0.3393 -0.3673
vn -0.9929 0.1153 0.0301
vn -0.9295 -0.3665 0.0422
vn -0.7290 -0.6804 -0.0754
vn -0.5204 -0.8431 -0.1356
vn -0.3901 -0.3321 -0.8588
vn -0.4696 -0.8810 -0.0579
vn -0.0001 -0.9060 -0.4233
vn 0.0001 -0.9208 -0.3901
vn -0.3696 -0.9278 0.0501
vn -0.0000 -0.9486 0.3164
vn -0.0000 -0.9958 -0.0921
vn -0.3630 -0.9175 -0.1626
vn -0.4282 -0.9022 -0.0520
vn -0.3939 -0.8925 0.2199
vn -0.7030 -0.5379 0.4653
vn -0.7994 0.2380 0.5517
vn -0.7735 0.6333 0.0229
vn -0.0000 0.9230 -0.3849
vn -0.2775 -0.6404 0.7162
vn -0.4654 -0.0145 0.8850
vn -0.7993 0.2380 0.5518
vn -0.0000 0.5765 0.8171
vn -0.0000 -0.1608 0.9870
vn -0.0000 0.5766 0.8171
vn 0.7993 0.2380 0.5518
vn -0.0001 0.9397 0.3419
vn 0.4654 -0.0144 0.8850
vn 0.2775 -0.6404 0.7162
vn -0.0000 -0.1609 0.9870
vn -0.0000 -0.9208 -0.3901
vn -0.0000 -0.9693 0.2460
vn -0.4696 -0.8810 -0.0580
vn 0.9936 -0.0970 -0.0581
vn -0.0000 -0.9997 -0.0252
vn 0.8660 -0.3392 -0.3673
vn 0.3902 -0.3322 -0.8587
vn 0.0001 -0.3630 0.9318
vn 0.0980 -0.6529 0.7510
vn -0.0000 0.2087 0.9780
vn 0.8660 -0.3393 -0.3674
vn -0.0001 -0.9997 -0.0253
vn 0.0129 -0.0414 0.9991
vn 0.0206 -0.7165 -0.6973
vn -0.0512 -0.6648 -0.7453
vn -0.0684 0.6545 -0.7530
vn 0.0255 0.4064 -0.9133
vn 0.1115 0.7020 -0.7034
vn 0.1554 -0.7151 -0.6815
vn -0.0472 0.9698 0.2394
vn -0.0518 0.9233 0.3806
vn 0.0312 0.8305 0.5561
vn 0.0001 -0.0580 0.9983
vn -0.0606 -0.0828 0.9947
vn 0.0238 -0.7149 -0.6988
vn 0.0640 -0.8396 0.5394
vn -0.0233 -0.9588 0.2831
vn 0.0002 -0.0581 0.9983
vn 0.0115 -0.8846 0.4663
vn -0.1045 -0.8851 0.4535
vn -0.0490 -0.7943 -0.6056
vn -0.1574 -0.8370 0.5241
vn -0.0418 -0.7795 0.6250
vn -0.0899 0.0816 0.9926
vn -0.1888 0.0761 0.9791
vn -0.2012 0.0172 0.9794
vn -0.0138 0.7477 -0.6639
vn -0.1449 0.7695 -0.6219
vn -0.3050 -0.7575 -0.5772
vn -0.0124 -0.7983 0.6021
vn -0.0300 0.7354 0.6770
vn -0.1404 0.8972 0.4186
vn -0.1889 0.0761 0.9790
vn 0.0079 0.9899 0.1419
vn -0.6213 0.6579 -0.4257
vn -0.7450 -0.6489 -0.1545
vn -0.1108 0.7805 0.6153
vn -0.0129 -0.0413 0.9991
vn -0.0187 -0.0621 0.9979
vn -0.0393 0.9860 0.1620
vn 0.0206 0.9945 -0.1031
vn -0.5405 0.8413 -0.0098
vn 0.6581 0.7515 0.0467
vn -0.5989 0.7992 0.0513
vn 0.6142 0.7848 0.0826
vn -0.5787 0.8139 -0.0515
vn 0.6432 0.7654 -0.0186
vn -0.9292 -0.3642 -0.0629
vn -0.9073 -0.4103 -0.0921
vn -0.9319 -0.3600 -0.0451
vn 0.9158 -0.3950 -0.0722
vn 0.9221 -0.3855 -0.0343
vn -0.0129 -0.9934 -0.1143
vn -0.0202 -0.9888 -0.1481
vn -0.9319 -0.3599 -0.0452
vn -0.0090 -0.9930 -0.1174
vn -0.9073 -0.4103 -0.0920
vn 0.9071 -0.4178 -0.0508
vn -0.0791 -0.9950 -0.0610
vn 0.5270 -0.5581 -0.6409
vn -0.9190 -0.3927 -0.0351
vn 0.4751 0.6905 -0.5455
vn -0.9489 -0.3090 -0.0648
vn 0.0413 -0.9983 -0.0408
vn 0.9262 -0.3765 -0.0197
vn 0.0250 -0.9996 0.0114
vn 0.9950 -0.0997 -0.0033
vn 0.0249 -0.9996 0.0114
vn -0.0000 -0.6392 -0.7691
vn -0.7847 0.6061 -0.1301
vn -0.9073 -0.4102 -0.0921
vn -0.9190 -0.3926 -0.0351
vn -0.8248 -0.5653 0.0116
vn -0.9359 -0.3513 0.0240
vn -0.4613 -0.8752 -0.1456
vn -0.8721 0.4870 0.0470
vn -0.8543 0.4923 0.1670
vn -0.0790 -0.9950 -0.0610
vn -0.8987 0.4321 0.0746
vn -0.2246 0.9701 0.0923
vn -0.7846 0.6061 -0.1301
vn -0.2500 0.9487 0.1934
vn 0.3489 0.8709 -0.3462
vn -0.2186 0.9527 -0.2111
vn 0.4750 0.6905 -0.5455
vn -0.7847 0.6060 -0.1302
vn -0.0000 0.2788 -0.9603
vn -0.8165 0.5309 -0.2268
vn -0.0000 0.9997 -0.0245
vn -0.2083 0.7123 0.6703
vn -0.1109 0.7805 0.6153
vn -0.2018 -0.1235 0.9716
vn -0.5848 -0.1700 0.7931
vn -0.8616 -0.4983 -0.0966
vn -0.7450 -0.6489 -0.1544
vn -0.4749 -0.8800 -0.0010
vn -0.4559 -0.8691 0.1918
vn -0.0001 -0.9450 0.3271
vn -0.1916 -0.6954 0.6926
vn -0.5849 -0.1699 0.7931
vn -0.2018 -0.1236 0.9716
vn -0.0188 -0.0622 0.9979
vn -0.3050 -0.7575 -0.5773
vn 0.4407 -0.7146 -0.5433
vn -0.0664 0.2244 -0.9722
vn 0.1427 0.6660 -0.7322
vn 0.2909 0.4655 -0.8359
vn -0.2663 0.6342 -0.7258
vn -0.5293 0.4611 -0.7122
vn -0.7577 0.2611 0.5981
vn -0.3918 -0.9200 -0.0020
vn 0.0710 -0.1191 -0.9903
vn -0.0048 0.6478 -0.7618
vn -0.0565 -0.1729 -0.9833
vn -0.0364 -0.8601 -0.5089
vn -0.0373 0.9298 -0.3662
vn -0.1574 0.3024 0.9401
vn -0.2299 0.9586 -0.1678
vn -0.3412 0.3901 0.8552
vn -0.7614 0.1076 -0.6393
vn -0.8707 -0.4075 0.2752
vn 0.8262 -0.1853 -0.5320
vn 0.4532 -0.8363 -0.3085
vn 0.7808 -0.1605 -0.6038
vn 0.5755 -0.6788 -0.4562
vn -0.5409 0.1107 -0.8338
vn -0.3291 0.5226 -0.7865
vn 0.6582 0.4081 -0.6327
vn -0.5062 -0.4561 -0.7320
vn 0.2582 0.7436 -0.6168
vn -0.5537 0.7935 0.2525
vn 0.6582 0.4080 -0.6326
vn -0.9119 0.1643 0.3761
vn -0.7131 -0.6401 0.2860
vn -0.3472 0.1581 0.9244
vn -0.2479 -0.0155 0.9687
vn 0.0382 -0.0074 0.9992
vn 0.1312 0.8359 0.5330
vn -0.0834 0.8229 0.5620
vn 0.2581 0.7436 -0.6169
vn 0.5756 -0.6787 -0.4562
vn -0.2478 -0.0155 0.9687
vn 0.1427 0.6659 -0.7322
vn 0.1279 -0.8683 0.4793
vn -0.1066 -0.6639 0.7401
vn -0.3918 -0.9201 -0.0020
vn 0.4408 -0.7146 -0.5432
vn 0.0847 -0.9894 0.1179
vn 0.2199 -0.3368 -0.9156
vn 0.5528 -0.4068 -0.7272
vn 0.2909 0.4654 -0.8359
vn -0.2663 0.6342 -0.7259
vn -0.7577 0.2612 0.5981
vn -0.0963 -0.9590 0.2667
vn 0.0475 -0.2948 -0.9544
vn -0.8707 -0.4076 0.2752
vn -0.2300 0.9586 -0.1678
vn -0.3412 0.3902 0.8552
vn -0.1573 0.3024 0.9401
vn 0.1555 -0.7151 -0.6816
vn -0.5823 0.6226 0.5228
vn -0.6295 -0.5263 -0.5717
vn -0.5983 -0.6225 0.5044
vn -0.6350 0.5145 -0.5763
vn 0.4564 -0.6399 -0.6183
vn 0.3261 -0.8379 -0.4377
vn 0.5051 0.6148 -0.6057
vn 0.4123 0.8067 -0.4235
vn 0.2581 0.7436 -0.6168
vn 0.6582 0.4081 -0.6326
vn -0.5537 0.7935 0.2526
vn 0.4564 -0.6399 -0.6182
vn -0.6294 -0.5263 -0.5717
vn 0.4123 0.8067 -0.4234
vn -0.0048 0.6479 -0.7617
vn 0.0313 0.8305 0.5561
vn 0.1428 0.6659 -0.7322
vn 0.1116 0.7020 -0.7034
vn 0.1555 -0.7151 -0.6815
vn -0.9936 -0.0970 -0.0581
vn 0.0205 0.9945 -0.1031
vn -0.9488 -0.3090 -0.0648
vn 0.0073 0.9718 0.2356
vn -0.9707 0.0618 0.2321
vn -0.9936 -0.0970 -0.0580
vn 0.0146 -0.5522 0.8336
vn -0.7029 0.4519 -0.5493
vn 0.0226 0.8451 -0.5342
vn -0.7602 -0.5759 -0.3009
vn -0.3118 -0.3877 0.8675
vn 0.0509 -0.5386 0.8410
vn 0.1106 -0.9868 -0.1181
vn 0.9677 0.0694 0.2422
vn 0.0073 0.9718 0.2357
vn 0.7060 0.4350 -0.5589
vn 0.4635 -0.3405 0.8181
vn 0.7877 -0.5043 -0.3540
vn 0.7061 0.4349 -0.5589
vn -0.7601 -0.5759 -0.3009
vn 0.7876 -0.5043 -0.3540
vn -0.7029 0.4519 -0.5492
vn -0.0980 -0.6530 0.7510
vn -0.0000 -0.5389 -0.8423
vn -0.9125 0.1029 -0.3960
vn -0.5849 -0.1700 0.7931
vn -0.9124 0.1029 -0.3961
vn -0.0000 -0.2955 -0.9553
vn -0.8660 -0.3394 -0.3674
vn -0.3902 -0.3322 -0.8587
vn -0.0000 0.2088 0.9780
vn -0.0980 -0.6529 0.7510
vn -0.0129 -0.0414 0.9991
vn -0.0187 -0.0622 0.9979
vt 0.730382 0.103619
vt 0.705649 0.144477
vt 0.906050 0.162418
vt 0.907543 0.101904
vt 0.999984 0.166941
vt 1.001061 0.095946
vt 0.733494 0.205318
vt 0.838940 0.209383
vt 0.991053 0.210366
vt 0.981648 0.252295
vt 0.840260 0.252371
vt 0.689743 0.104698
vt 0.991405 0.052870
vt 0.810174 0.064464
vt 0.981657 0.011468
vt 0.840250 0.011429
vt 0.734207 0.056759
vt 0.693123 0.056174
vt 0.518060 0.096757
vt 0.575201 0.047645
vt 0.473165 0.043970
vt 0.716055 0.011396
vt 0.597290 0.011359
vt 0.510869 0.011322
vt 0.522475 0.164896
vt 0.485011 0.157654
vt 0.479927 0.107408
vt 0.445175 0.049232
vt 0.473366 0.225391
vt 0.579352 0.211659
vt 0.510849 0.252622
vt 0.597275 0.252464
vt 0.688056 0.203710
vt 0.716059 0.252303
vt 0.459430 0.138427
vt 0.448360 0.105872
vt 0.445220 0.217118
vt 0.468555 0.252667
vt 0.435264 0.252667
vt 0.710772 0.204691
vt 0.809314 0.993189
vt 0.844593 0.748486
vt 0.799681 0.766537
vt 0.795370 0.616810
vt 0.844460 0.624653
vt 0.796731 0.566457
vt 0.846052 0.573862
vt 0.737687 0.589384
vt 0.737679 0.566887
vt 0.737691 0.611583
vt 0.903594 0.595045
vt 0.902086 0.622902
vt 0.947494 0.615460
vt 0.947980 0.591500
vt 0.993009 0.611673
vt 0.993010 0.589483
vt 0.948583 0.568105
vt 0.993012 0.566905
vt 0.904969 0.574145
vt 0.939443 0.344499
vt 0.898532 0.361084
vt 0.993076 0.320695
vt 0.854260 0.365264
vt 0.915162 0.347050
vt 0.854851 0.350073
vt 0.993004 0.780156
vt 0.944441 0.769131
vt 0.900724 0.759988
vt 0.936461 0.995025
vt 0.880074 0.997653
vt 0.789589 0.353336
vt 0.737576 0.320774
vt 0.459999 0.699940
vt 0.421847 0.911548
vt 0.493482 0.874305
vt 0.334346 0.703269
vt 0.334346 0.906337
vt 0.574509 0.696105
vt 0.570429 0.874521
vt 0.490508 0.948126
vt 0.334346 0.965522
vt 0.365140 0.975937
vt 0.420117 0.965795
vt 0.650541 0.838561
vt 0.643075 0.892767
vt 0.726515 0.817051
vt 0.726515 0.703484
vt 0.726515 0.932364
vt 0.709975 0.959389
vt 0.635989 0.948441
vt 0.695226 0.983366
vt 0.579503 0.979625
vt 0.726515 0.978941
vt 0.572418 0.925007
vt 0.726515 0.610225
vt 0.575486 0.609180
vt 0.574131 0.447552
vt 0.726515 0.445670
vt 0.628909 0.318546
vt 0.561909 0.331279
vt 0.561667 0.289065
vt 0.629838 0.284131
vt 0.681244 0.268659
vt 0.726515 0.308737
vt 0.465542 0.609718
vt 0.497836 0.448231
vt 0.389955 0.608312
vt 0.424485 0.456931
vt 0.334346 0.436815
vt 0.434410 0.332167
vt 0.334346 0.318454
vt 0.382074 0.269755
vt 0.433481 0.285227
vt 0.501409 0.332846
vt 0.501652 0.290161
vt 0.532354 0.423067
vt 0.334346 0.607952
vt 0.079805 0.232283
vt 0.164710 0.210607
vt 0.122523 0.194649
vt 0.082536 0.195321
vt 0.065738 0.163787
vt 0.098907 0.148763
vt 0.061632 0.142152
vt 0.067395 0.121429
vt 0.123677 0.114515
vt 0.175785 0.114562
vt 0.094627 0.115280
vt 0.071940 0.113520
vt 0.035702 0.148111
vt 0.041923 0.132093
vt 0.020229 0.138299
vt 0.026355 0.125859
vt 0.005702 0.131286
vt 0.011940 0.118620
vt 0.124248 0.087244
vt 0.097369 0.085301
vt 0.124231 0.055219
vt 0.098622 0.055224
vt 0.124118 0.033753
vt 0.158367 0.040381
vt 0.164154 0.054336
vt 0.099739 0.035139
vt 0.171577 0.088395
vt 0.192231 0.080816
vt 0.172887 0.036601
vt 0.229659 0.051083
vt 0.207206 0.014433
vt 0.253565 0.037615
vt 0.259273 0.099604
vt 0.295568 0.088781
vt 0.225257 0.005464
vt 0.257519 0.214069
vt 0.210893 0.208562
vt 0.203087 0.112287
vt 0.256732 0.004405
vt 0.275505 0.029551
vt 0.296663 0.056271
vt 0.254448 0.243670
vt 0.287294 0.248875
vt 0.299549 0.220380
vt 0.323300 0.104611
vt 0.343328 0.116239
vt 0.349575 0.166371
vt 0.341191 0.234380
vt 0.379236 0.180734
vt 0.393815 0.198439
vt 0.369935 0.227020
vt 0.383913 0.245331
vt 0.408148 0.211617
vt 0.372524 0.153454
vt 0.406401 0.154959
vt 0.418570 0.170953
vt 0.432503 0.130104
vt 0.445823 0.142555
vt 0.433494 0.180403
vt 0.448844 0.163198
vt 0.412154 0.127150
vt 0.395815 0.139939
vt 0.325332 0.261049
vt 0.344700 0.051550
vt 0.359289 0.070966
vt 0.389947 0.045029
vt 0.374202 0.026325
vt 0.391323 0.064504
vt 0.369359 0.086828
vt 0.352694 0.023153
vt 0.330809 0.036634
vt 0.068269 0.054545
vt 0.088448 0.054365
vt 0.085147 0.033440
vt 0.068311 0.035581
vt 0.069129 0.082960
vt 0.091835 0.081384
vt 0.214759 0.239928
vt 0.170727 0.242683
vt 0.094294 0.262400
vt 0.737783 0.987757
vt 0.737708 0.780107
vt 0.274783 0.263290
vt 0.251897 0.284556
vt 0.265085 0.304716
vt 0.290410 0.280108
vt 0.230808 0.322133
vt 0.234686 0.293532
vt 0.317161 0.315098
vt 0.326877 0.296848
vt 0.247112 0.446506
vt 0.230894 0.421947
vt 0.204488 0.436013
vt 0.200804 0.450038
vt 0.202857 0.296193
vt 0.220949 0.280878
vt 0.186739 0.265822
vt 0.206200 0.254811
vt 0.152216 0.291162
vt 0.194174 0.426648
vt 0.177297 0.438725
vt 0.148125 0.271043
vt 0.109679 0.437051
vt 0.158639 0.453515
vt 0.110675 0.292890
vt 0.130164 0.279394
vt 0.048936 0.787641
vt 0.037433 0.823986
vt 0.095670 0.805101
vt 0.018334 0.795488
vt 0.001309 0.823986
vt 0.001309 0.828672
vt 0.001309 0.805245
vt 0.001309 0.793266
vt 0.072476 0.756292
vt 0.104842 0.722758
vt 0.009703 0.762035
vt 0.001309 0.770446
vt 0.001309 0.745864
vt 0.041600 0.754625
vt 0.045013 0.731461
vt 0.001309 0.728107
vt 0.001309 0.706350
vt 0.045012 0.704329
vt 0.000634 0.640415
vt 0.080537 0.664700
vt 0.172489 0.654188
vt 0.168984 0.731210
vt 0.146949 0.810560
vt 0.044855 0.876465
vt 0.134665 0.883862
vt 0.053879 0.921862
vt 0.230813 0.753236
vt 0.327296 0.709405
vt 0.289853 0.844016
vt 0.198004 0.819694
vt 0.222406 0.906637
vt 0.208321 0.985394
vt 0.032665 0.835220
vt 0.001309 0.884699
vt 0.068912 0.997425
vt 0.136690 0.961832
vt 0.001309 0.847491
vt 0.001309 0.839125
vt 0.041894 0.649915
vt 0.070649 0.583980
vt 0.103642 0.580263
vt 0.049090 0.502723
vt 0.103028 0.449168
vt 0.013527 0.576938
vt 0.001309 0.788851
vt 0.992969 0.987765
vt 0.232379 0.916718
vt 0.282941 0.969753
vt 0.311768 0.908112
vt 0.306313 0.933309
vt 0.220304 0.994415
vt 0.243005 0.989735
vt 0.222758 0.978624
vt 0.468563 0.011307
vt 0.435273 0.011298
s 1
usemtl enemy_tonnel
f 1/1/1 2/2/2 3/3/3
f 1/1/1 3/3/3 4/4/4
f 4/4/4 3/3/3 5/5/5
f 4/4/4 5/5/5 6/6/6
f 3/3/3 2/2/2 7/7/7
f 3/3/3 7/7/7 8/8/8
f 5/5/5 3/3/3 8/8/8
f 5/5/5 8/8/8 9/9/9
f 10/10/10 9/9/9 8/8/8
f 10/10/10 8/8/8 11/11/11
f 11/11/11 8/8/8 7/7/7
f 1/1/1 12/12/12 2/2/2
f 4/4/4 6/6/6 13/13/13
f 14/14/14 4/4/4 13/13/13
f 1/1/1 4/4/4 14/14/14
f 14/14/14 13/13/13 15/15/15
f 14/14/14 15/15/15 16/16/11
f 16/16/11 17/17/16 14/14/14
f 1/1/1 14/14/14 17/17/16
f 18/18/17 12/12/12 1/1/1
f 18/18/17 1/1/1 17/17/16
f 18/18/17 19/19/18 12/12/12
f 18/18/17 20/20/19 19/19/18
f 20/20/19 21/21/20 19/19/18
f 22/22/21 20/20/19 18/18/17
f 16/16/11 22/22/21 17/17/16
f 18/18/17 17/17/16 22/22/21
f 22/22/21 23/23/22 20/20/19
f 24/24/23 21/21/20 20/20/19
f 24/24/23 20/20/19 23/23/22
f 25/25/24 12/12/12 19/19/18
f 26/26/25 25/25/24 19/19/18
f 26/26/25 19/19/18 27/27/26
f 19/19/18 21/21/20 27/27/26
f 21/21/20 28/28/27 27/27/26
f 29/29/28 25/25/24 26/26/25
f 29/29/28 30/30/29 25/25/24
f 30/30/29 29/29/28 31/31/30
f 30/30/29 31/31/30 32/32/31
f 33/33/32 30/30/29 32/32/31
f 33/33/32 32/32/31 34/34/21
f 27/27/26 35/35/33 26/26/25
f 27/27/26 36/36/34 35/35/33
f 35/35/33 37/37/35 26/26/25
f 37/37/35 29/29/28 26/26/25
f 37/37/35 38/38/36 29/29/28
f 31/31/30 29/29/28 38/38/36
f 37/37/35 39/39/37 38/38/36
f 30/30/29 33/33/32 2/2/2
f 30/30/29 2/2/2 25/25/24
f 25/25/24 2/2/2 12/12/12
f 2/2/2 33/33/32 40/40/38
f 40/40/38 33/33/32 34/34/21
f 7/7/7 40/40/38 34/34/21
f 7/7/7 2/2/2 40/40/38
f 11/11/11 7/7/7 34/34/21
f 41/41/39 42/42/40 43/43/41
f 42/42/40 44/44/42 43/43/41
f 42/42/40 45/45/43 44/44/42
f 45/45/43 46/46/44 44/44/42
f 45/45/43 47/47/45 46/46/44
f 48/48/46 44/44/42 46/46/44
f 49/49/47 48/48/46 46/46/44
f 48/48/46 50/50/48 44/44/42
f 43/43/41 44/44/42 50/50/48
f 51/51/49 47/47/45 45/45/43
f 52/52/50 51/51/49 45/45/43
f 52/52/50 45/45/43 42/42/40
f 51/51/49 52/52/50 53/53/51
f 51/51/49 53/53/51 54/54/52
f 54/54/52 53/53/51 55/55/48
f 54/54/52 55/55/48 56/56/53
f 57/57/54 54/54/52 56/56/53
f 57/57/54 56/56/53 58/58/55
f 59/59/56 51/51/49 54/54/52
f 59/59/56 54/54/52 57/57/54
f 51/51/49 59/59/56 47/47/45
f 59/59/56 57/57/54 60/60/57
f 60/60/57 57/57/54 58/58/55
f 59/59/56 60/60/57 61/61/58
f 47/47/45 59/59/56 61/61/58
f 60/60/57 58/58/55 62/62/59
f 47/47/45 61/61/58 63/63/60
f 64/64/61 63/63/60 61/61/58
f 64/64/61 65/65/62 63/63/60
f 53/53/51 66/66/63 55/55/48
f 53/53/51 67/67/64 66/66/63
f 53/53/51 52/52/50 68/68/65
f 53/53/51 68/68/65 67/67/64
f 69/69/66 66/66/63 67/67/64
f 68/68/65 69/69/66 67/67/64
f 52/52/50 42/42/40 68/68/65
f 42/42/40 70/70/67 68/68/65
f 42/42/40 71/41/39 70/70/67
f 68/68/65 70/70/67 72/69/68
f 63/63/60 73/71/69 46/46/44
f 63/63/60 46/46/44 47/47/45
f 74/71/69 49/49/47 46/46/44
f 75/71/70 76/72/71 49/49/55
f 77/73/72 78/74/73 79/75/74
f 77/73/72 80/76/75 78/74/73
f 80/76/75 81/77/76 78/74/73
f 79/75/74 82/78/77 77/73/72
f 79/75/74 83/79/78 82/78/77
f 79/75/74 78/74/73 84/80/59
f 78/74/73 81/77/76 85/81/61
f 78/74/73 85/81/61 86/82/58
f 86/82/58 87/83/57 78/74/73
f 78/74/73 87/83/57 84/80/59
f 82/78/77 83/79/78 88/84/79
f 89/85/80 88/84/79 83/79/78
f 89/85/80 90/86/81 88/84/79
f 91/87/82 88/84/79 90/86/81
f 91/87/82 82/78/77 88/84/79
f 92/88/83 90/86/81 89/85/80
f 92/88/83 89/85/80 93/89/84
f 89/85/80 94/90/85 93/89/84
f 93/89/84 94/90/85 95/91/86
f 94/90/85 89/85/80 96/92/70
f 97/93/62 92/88/83 93/89/84
f 98/93/87 93/89/84 95/91/86
f 89/85/80 83/79/78 99/94/88
f 89/85/80 99/94/88 96/92/70
f 99/94/88 83/79/78 79/75/74
f 99/94/88 79/75/74 84/80/59
f 100/92/70 99/94/88 84/80/59
f 94/90/85 101/92/70 95/91/86
f 91/87/82 102/95/89 103/96/90
f 91/87/82 103/96/90 82/78/77
f 102/95/89 104/97/91 103/96/90
f 102/95/89 105/98/92 104/97/91
f 105/98/92 106/99/93 104/97/91
f 107/100/35 104/97/91 106/99/93
f 106/99/93 108/101/94 107/100/35
f 106/99/93 109/102/95 108/101/94
f 110/103/96 109/102/95 106/99/93
f 106/99/93 111/104/97 110/103/96
f 105/98/92 111/104/97 106/99/93
f 77/73/72 82/78/77 103/96/90
f 77/73/72 103/96/90 112/105/98
f 113/106/99 112/105/98 103/96/90
f 113/106/99 103/96/90 104/97/91
f 113/106/99 114/107/100 112/105/98
f 77/73/72 112/105/98 114/107/100
f 113/106/99 115/108/101 114/107/100
f 115/108/101 116/109/102 114/107/100
f 116/109/102 115/108/101 117/110/103
f 117/110/103 115/108/101 113/106/99
f 116/109/102 117/110/103 118/111/104
f 117/110/103 119/112/105 118/111/104
f 117/110/103 120/113/106 119/112/105
f 120/113/106 117/110/103 121/114/107
f 120/113/106 121/114/107 122/115/108
f 77/73/72 114/107/100 80/76/75
f 117/110/103 113/106/99 123/116/109
f 117/110/103 123/116/109 121/114/107
f 80/76/75 114/107/100 124/117/110
f 114/107/100 116/109/102 124/117/110
f 125/118/111 126/119/112 127/120/113
f 128/121/114 125/118/111 127/120/113
f 127/120/113 129/122/115 128/121/114
f 127/120/113 130/123/116 129/122/115
f 129/122/115 130/123/116 131/124/117
f 130/123/116 132/125/118 131/124/117
f 133/126/119 130/123/116 127/120/113
f 127/120/113 134/127/120 133/126/119
f 130/123/116 133/126/119 135/128/121
f 130/123/116 135/128/121 132/125/118
f 135/128/121 136/129/122 132/125/118
f 137/130/123 129/122/115 131/124/117
f 137/130/123 131/124/117 138/131/124
f 139/132/125 137/130/123 138/131/124
f 139/132/125 138/131/124 140/133/126
f 141/134/127 139/132/125 140/133/126
f 141/134/127 140/133/126 142/135/128
f 135/128/121 133/126/119 143/136/129
f 135/128/121 143/136/129 144/137/130
f 144/137/130 143/136/129 145/138/131
f 144/137/130 145/138/131 146/139/132
f 145/138/131 147/140/133 146/139/132
f 148/141/134 147/140/133 145/138/131
f 149/142/135 148/141/134 145/138/131
f 143/136/129 149/142/135 145/138/131
f 147/140/133 150/143/136 146/139/132
f 143/136/129 151/144/137 149/142/135
f 152/145/138 153/146/134 149/142/139
f 154/147/140 153/146/134 152/145/138
f 154/147/140 155/148/133 153/146/134
f 156/149/141 155/148/133 154/147/140
f 157/150/142 156/149/141 154/147/140
f 154/147/140 152/145/138 157/150/142
f 157/150/142 158/151/143 156/149/141
f 156/149/141 159/152/136 155/148/133
f 158/151/143 157/150/142 160/153/144
f 157/150/142 161/154/145 160/153/144
f 157/150/142 162/155/146 161/154/145
f 152/145/138 162/155/146 157/150/142
f 162/155/146 152/145/138 163/144/147
f 164/127/120 162/155/146 163/144/147
f 161/154/145 162/155/146 164/127/120
f 156/149/141 165/156/148 159/152/136
f 156/149/141 166/157/130 165/156/148
f 167/151/143 166/157/130 156/149/141
f 167/151/143 168/158/121 166/157/130
f 126/119/149 161/154/145 164/127/120
f 161/154/145 169/159/150 160/153/144
f 170/160/13 160/153/144 169/159/150
f 170/160/13 171/161/151 160/153/144
f 172/151/152 160/153/144 171/161/151
f 173/162/153 172/151/152 171/161/151
f 171/161/151 174/163/122 173/162/153
f 171/161/151 175/164/154 174/163/122
f 171/161/151 176/165/155 175/164/154
f 170/160/13 176/165/155 171/161/151
f 177/166/156 175/164/154 176/165/155
f 176/165/155 178/167/157 177/166/156
f 176/165/155 179/168/158 178/167/157
f 180/169/114 179/168/158 176/165/155
f 178/167/157 179/168/158 180/169/114
f 178/167/157 180/169/114 181/170/159
f 177/166/156 182/171/160 175/164/154
f 178/167/157 183/172/161 177/166/156
f 178/167/157 184/173/162 183/172/161
f 181/170/159 184/173/162 178/167/157
f 184/173/162 185/174/163 183/172/161
f 184/173/162 186/175/127 185/174/163
f 181/170/159 187/176/123 184/173/162
f 187/176/123 186/175/127 184/173/162
f 187/176/123 188/177/164 186/175/127
f 189/178/165 183/172/161 185/174/163
f 189/178/165 190/179/166 183/172/161
f 190/179/166 182/171/160 177/166/156
f 190/179/166 177/166/156 183/172/161
f 170/160/13 191/180/167 176/165/155
f 192/181/168 193/182/169 194/183/170
f 192/181/168 194/183/170 195/184/171
f 172/151/152 193/182/169 192/181/168
f 172/151/152 173/162/153 193/182/169
f 193/182/169 196/185/172 194/183/170
f 193/182/169 197/186/173 196/185/172
f 173/162/153 197/186/173 193/182/169
f 173/162/153 174/163/122 197/186/173
f 192/181/168 195/184/171 198/187/174
f 192/181/168 198/187/174 199/188/175
f 200/151/143 192/181/168 199/188/175
f 200/151/143 199/188/175 201/158/176
f 202/144/177 152/145/178 203/142/179
f 133/126/119 134/127/120 151/144/180
f 133/126/119 204/144/137 143/136/129
f 205/189/172 206/190/174 207/191/181
f 205/189/172 207/191/181 208/192/182
f 209/193/173 206/190/174 205/189/172
f 209/193/173 210/194/183 206/190/174
f 135/128/121 210/194/183 209/193/173
f 136/129/122 135/128/121 209/193/173
f 126/119/112 211/127/184 127/120/113
f 161/154/145 212/195/9 169/159/150
f 213/119/112 212/195/9 161/154/145
f 213/119/112 214/196/185 212/195/9
f 215/197/6 214/196/185 213/119/112
f 215/197/6 213/119/112 125/118/186
f 216/198/187 217/41/188 43/43/41
f 216/198/187 43/43/41 218/199/189
f 218/199/189 43/43/41 50/50/48
f 219/200/188 220/201/187 221/202/190
f 219/200/188 221/202/190 222/203/191
f 220/201/187 223/204/192 221/202/190
f 220/201/187 224/205/193 223/204/192
f 221/202/190 225/206/194 222/203/191
f 222/203/191 225/206/194 226/207/195
f 221/202/190 227/208/196 225/206/194
f 221/202/190 223/204/192 228/209/197
f 221/202/190 228/209/197 227/208/196
f 229/210/198 227/208/196 228/209/197
f 223/204/192 229/210/198 228/209/197
f 229/210/198 230/211/199 227/208/196
f 223/204/192 231/212/200 229/210/198
f 232/205/201 231/212/200 223/204/192
f 232/205/201 233/213/67 231/212/200
f 233/213/67 234/214/191 231/212/200
f 233/213/67 235/215/39 234/214/191
f 234/214/191 236/216/202 231/212/200
f 231/212/200 237/217/203 229/210/198
f 237/217/203 231/212/200 238/218/204
f 229/210/198 237/217/203 238/218/204
f 229/210/198 238/218/204 230/211/199
f 231/212/200 236/216/202 238/218/204
f 234/214/191 239/219/205 240/216/202
f 241/220/206 242/221/199 243/218/207
f 244/222/194 241/220/206 243/218/207
f 244/222/194 243/218/207 245/216/202
f 246/223/205 244/222/194 245/216/202
f 247/224/208 248/225/209 249/226/210
f 247/224/208 250/227/211 248/225/209
f 250/227/211 251/228/212 248/225/209
f 252/229/213 248/225/209 251/228/212
f 251/228/212 250/227/211 253/230/214
f 253/230/214 250/227/211 254/231/215
f 249/226/210 255/232/216 247/224/208
f 249/226/210 256/233/217 255/232/216
f 250/227/211 247/224/208 257/234/218
f 258/235/219 250/227/211 257/234/218
f 258/235/219 257/234/218 259/236/220
f 247/224/208 260/237/221 257/234/218
f 247/224/208 255/232/216 260/237/221
f 261/238/222 259/236/220 257/234/218
f 257/234/218 260/237/221 261/238/222
f 260/237/221 255/232/216 261/238/222
f 255/232/216 256/233/217 261/238/222
f 259/236/220 261/238/222 262/239/223
f 262/239/223 261/238/222 263/240/224
f 261/238/222 264/241/225 263/240/224
f 256/233/217 264/241/225 261/238/222
f 263/240/224 264/241/225 265/242/226
f 266/243/227 264/241/225 256/233/217
f 266/243/227 256/233/217 267/244/228
f 256/233/217 268/245/229 267/244/228
f 249/226/210 268/245/229 256/233/217
f 249/226/210 269/246/230 268/245/229
f 270/247/231 269/246/230 249/226/210
f 270/247/231 271/248/232 269/246/230
f 270/247/231 272/249/233 271/248/232
f 268/245/229 273/250/234 267/244/228
f 269/246/230 273/250/234 268/245/229
f 274/251/235 267/244/228 273/250/234
f 274/251/235 273/250/234 275/252/236
f 275/252/236 273/250/234 276/253/237
f 271/248/232 276/253/237 269/246/230
f 269/246/230 276/253/237 273/250/234
f 275/252/236 276/253/237 277/254/238
f 271/248/232 278/254/238 276/253/237
f 279/255/239 278/254/238 271/248/232
f 270/247/231 249/226/210 280/256/240
f 281/257/241 270/247/231 280/256/240
f 270/247/231 281/257/241 282/249/233
f 282/249/233 283/258/242 271/248/243
f 283/258/242 284/259/244 271/248/243
f 285/260/245 281/257/241 280/256/240
f 286/261/246 285/260/245 280/256/240
f 287/259/247 288/255/248 271/248/249
f 289/248/250 290/253/251 278/254/252
f 289/248/250 291/246/253 290/253/251
f 292/247/254 291/246/253 289/248/250
f 292/247/254 289/248/250 293/249/233
f 292/247/254 294/226/255 291/246/253
f 294/226/255 295/245/256 291/246/253
f 294/226/255 296/233/257 295/245/256
f 294/226/255 297/232/258 296/233/257
f 294/226/255 298/224/259 297/232/258
f 298/224/259 294/226/255 299/225/260
f 298/224/259 299/225/260 300/227/261
f 300/227/261 299/225/260 301/228/262
f 302/229/213 301/228/262 299/225/260
f 301/228/262 303/230/214 300/227/261
f 303/230/214 304/231/263 300/227/261
f 300/227/261 305/234/264 298/224/259
f 306/235/265 305/234/264 300/227/261
f 306/235/265 307/236/266 305/234/264
f 298/224/259 305/234/264 308/237/267
f 298/224/259 308/237/267 297/232/258
f 309/238/268 305/234/264 307/236/266
f 305/234/264 309/238/268 308/237/267
f 308/237/267 309/238/268 297/232/258
f 297/232/258 309/238/268 296/233/257
f 307/236/266 310/239/223 309/238/268
f 310/239/223 311/240/224 309/238/268
f 309/238/268 311/240/224 312/241/269
f 296/233/257 309/238/268 312/241/269
f 313/243/270 296/233/257 312/241/269
f 313/243/270 314/244/271 296/233/257
f 296/233/257 314/244/271 295/245/256
f 295/245/256 314/244/271 315/250/272
f 316/251/235 315/250/272 314/244/271
f 316/251/235 317/252/273 315/250/272
f 317/252/273 290/253/251 315/250/272
f 317/252/273 318/254/252 290/253/251
f 291/246/253 295/245/256 315/250/272
f 291/246/253 315/250/272 290/253/251
f 313/243/270 312/241/269 319/262/274
f 319/262/274 320/263/275 313/243/270
f 313/243/270 320/263/275 321/264/276
f 321/264/276 320/263/275 322/265/277
f 322/265/277 323/266/235 321/264/276
f 319/262/274 312/241/269 324/242/226
f 320/263/275 319/262/274 324/242/226
f 311/240/224 324/242/226 312/241/269
f 320/263/275 324/242/226 325/267/278
f 326/265/279 320/263/275 325/267/278
f 327/265/277 328/264/280 323/266/281
f 328/264/280 327/265/277 329/263/282
f 266/243/227 328/264/280 329/263/282
f 330/262/283 266/243/227 329/263/282
f 266/243/227 330/262/283 264/241/225
f 330/262/283 265/242/226 264/241/225
f 329/263/282 265/242/226 330/262/283
f 329/263/282 331/267/284 265/242/226
f 332/265/279 331/267/284 329/263/282
f 333/231/285 250/227/211 334/268/286
f 250/227/211 335/235/265 334/268/286
f 333/231/285 334/268/286 300/227/287
f 300/227/287 334/268/286 335/235/265
f 336/69/66 337/269/288 66/66/189
f 338/270/289 339/271/290 340/272/213
f 339/271/290 341/273/291 340/272/213
f 342/274/292 343/275/293 344/276/294
f 343/275/293 345/271/295 344/276/294
f 346/270/296 344/276/294 345/271/295
f 347/277/297 348/278/37 21/21/20
f 24/24/23 347/277/297 21/21/20
f 348/278/37 28/28/27 21/21/20
f 349/1/298 350/4/299 351/3/300
f 349/1/298 351/3/300 352/2/301
f 350/4/299 353/5/302 351/3/300
f 350/4/299 354/6/303 353/5/302
f 351/3/300 355/7/304 352/2/301
f 351/3/300 356/8/305 355/7/304
f 353/5/302 356/8/305 351/3/300
f 353/5/302 357/9/306 356/8/305
f 358/10/307 356/8/305 357/9/306
f 358/10/307 359/11/308 356/8/305
f 359/11/308 355/7/304 356/8/305
f 349/1/298 352/2/301 360/12/309
f 350/4/299 361/13/310 354/6/303
f 362/14/311 361/13/310 350/4/299
f 349/1/298 362/14/311 350/4/299
f 362/14/311 363/15/312 361/13/310
f 362/14/311 364/16/308 363/15/312
f 364/16/308 362/14/311 365/17/313
f 349/1/298 365/17/313 362/14/311
f 366/18/314 365/17/313 349/1/298
f 366/18/314 349/1/298 360/12/309
f 366/18/314 360/12/309 367/19/315
f 366/18/314 367/19/315 368/20/316
f 368/20/316 367/19/315 369/21/317
f 370/22/318 366/18/314 368/20/316
f 364/16/308 365/17/313 370/22/318
f 366/18/314 370/22/318 365/17/313
f 370/22/318 368/20/316 371/23/319
f 372/24/320 368/20/316 369/21/317
f 372/24/320 371/23/319 368/20/316
f 373/25/321 367/19/315 360/12/309
f 374/26/322 367/19/315 373/25/321
f 374/26/322 375/27/323 367/19/315
f 367/19/315 375/27/323 369/21/317
f 369/21/317 375/27/323 376/28/324
f 377/29/325 374/26/322 373/25/321
f 377/29/325 373/25/321 378/30/326
f 378/30/326 379/31/320 377/29/325
f 378/30/326 380/32/327 379/31/320
f 381/33/328 380/32/327 378/30/326
f 381/33/328 382/34/318 380/32/327
f 375/27/323 374/26/322 383/35/329
f 375/27/323 383/35/329 384/36/330
f 383/35/329 374/26/322 385/37/331
f 385/37/331 374/26/322 377/29/325
f 385/37/331 377/29/325 386/38/332
f 379/31/320 386/38/332 377/29/325
f 385/37/331 386/38/332 387/39/333
f 378/30/326 352/2/301 381/33/328
f 378/30/326 373/25/321 352/2/301
f 373/25/321 360/12/309 352/2/301
f 352/2/301 388/40/334 381/33/328
f 388/40/334 382/34/318 381/33/328
f 355/7/304 382/34/318 388/40/334
f 355/7/304 388/40/334 352/2/301
f 359/11/308 382/34/318 355/7/304
f 389/41/335 390/43/336 391/42/337
f 391/42/337 390/43/336 392/44/338
f 391/42/337 392/44/338 393/45/339
f 393/45/339 392/44/338 394/46/340
f 393/45/339 394/46/340 395/47/341
f 396/48/342 394/46/340 392/44/338
f 397/49/343 394/46/340 396/48/342
f 396/48/342 392/44/338 398/50/344
f 390/43/336 398/50/344 392/44/338
f 399/51/345 393/45/339 395/47/341
f 400/52/346 393/45/339 399/51/345
f 400/52/346 391/42/337 393/45/339
f 399/51/345 401/53/347 400/52/346
f 399/51/345 402/54/348 401/53/347
f 402/54/348 403/55/349 401/53/347
f 402/54/348 404/56/342 403/55/349
f 405/57/350 404/56/342 402/54/348
f 405/57/350 406/58/351 404/56/342
f 407/59/352 405/57/350 402/54/348
f 407/59/352 402/54/348 399/51/345
f 399/51/345 395/47/341 407/59/352
f 407/59/352 408/60/353 405/57/350
f 408/60/353 406/58/351 405/57/350
f 407/59/352 409/61/354 408/60/353
f 395/47/341 409/61/354 407/59/352
f 408/60/353 410/62/355 406/58/351
f 395/47/341 411/63/356 409/61/354
f 401/53/347 403/55/349 412/66/357
f 401/53/347 412/66/357 413/67/358
f 401/53/347 414/68/359 400/52/346
f 401/53/347 413/67/358 414/68/359
f 415/69/360 413/67/358 412/66/357
f 414/68/359 413/67/358 415/69/360
f 400/52/346 414/68/359 391/42/337
f 391/42/337 414/68/359 416/70/361
f 391/42/337 416/70/361 417/41/335
f 414/68/359 418/69/362 416/70/361
f 419/64/363 409/61/354 420/63/356
f 419/64/363 420/63/356 421/65/62
f 411/63/356 394/46/340 422/71/364
f 411/63/356 395/47/341 394/46/340
f 423/71/364 394/46/340 397/49/343
f 424/71/364 397/49/365 425/72/366
f 426/73/367 427/75/368 428/74/369
f 426/73/367 428/74/369 429/76/75
f 429/76/75 428/74/369 430/77/76
f 427/75/368 426/73/367 431/78/370
f 427/75/368 431/78/370 432/79/371
f 428/74/369 427/75/368 433/80/355
f 428/74/369 433/80/355 434/83/372
f 435/82/354 428/74/369 434/83/372
f 428/74/369 436/81/61 430/77/76
f 428/74/369 435/82/354 436/81/61
f 437/94/373 433/80/355 427/75/368
f 437/94/373 427/75/368 432/79/371
f 438/92/364 433/80/355 437/94/373
f 439/85/374 437/94/373 432/79/371
f 437/94/373 439/85/374 440/92/375
f 439/85/374 432/79/371 441/84/376
f 431/78/370 441/84/376 432/79/371
f 439/85/374 441/84/376 442/86/81
f 443/87/82 442/86/81 441/84/376
f 443/87/82 441/84/376 431/78/370
f 444/88/83 439/85/374 442/86/81
f 444/88/83 445/89/377 439/85/374
f 439/85/374 445/89/377 446/90/378
f 439/85/374 446/90/378 440/92/375
f 446/90/378 445/89/377 447/91/379
f 448/92/380 446/90/378 447/91/379
f 449/93/381 445/89/377 444/88/83
f 450/93/62 447/91/379 445/89/377
f 443/87/82 431/78/370 451/96/382
f 443/87/82 451/96/382 452/95/89
f 452/95/89 451/96/382 453/97/329
f 452/95/89 453/97/329 454/98/383
f 454/98/383 453/97/329 455/99/384
f 456/100/385 455/99/384 453/97/329
f 455/99/384 456/100/385 457/101/333
f 455/99/384 457/101/333 458/102/386
f 459/103/387 455/99/384 458/102/386
f 455/99/384 459/103/387 460/104/97
f 454/98/383 455/99/384 460/104/97
f 426/73/367 451/96/382 431/78/370
f 426/73/367 461/105/388 451/96/382
f 462/106/389 453/97/329 451/96/382
f 462/106/389 451/96/382 461/105/388
f 462/106/389 461/105/388 463/107/390
f 426/73/367 463/107/390 461/105/388
f 462/106/389 463/107/390 464/108/391
f 464/108/391 463/107/390 465/109/392
f 465/109/392 466/110/393 464/108/391
f 466/110/393 462/106/389 464/108/391
f 465/109/392 467/111/104 466/110/393
f 466/110/393 467/111/104 468/112/394
f 466/110/393 468/112/394 469/113/395
f 469/113/395 470/114/324 466/110/393
f 469/113/395 471/115/396 470/114/324
f 426/73/367 429/76/75 463/107/390
f 466/110/393 472/116/397 462/106/389
f 466/110/393 470/114/324 472/116/397
f 429/76/75 473/117/110 463/107/390
f 463/107/390 473/117/110 465/109/392
f 474/118/398 475/120/399 476/119/400
f 477/121/401 475/120/399 474/118/398
f 475/120/399 477/121/401 478/122/402
f 475/120/399 478/122/402 479/123/403
f 478/122/402 480/124/404 479/123/403
f 479/123/403 480/124/404 481/125/405
f 482/126/406 475/120/399 479/123/403
f 475/120/399 482/126/406 483/127/407
f 479/123/403 484/128/408 482/126/406
f 479/123/403 481/125/405 484/128/408
f 484/128/408 481/125/405 485/129/409
f 486/130/410 480/124/404 478/122/402
f 486/130/410 487/131/411 480/124/404
f 488/132/412 487/131/411 486/130/410
f 488/132/412 489/133/413 487/131/411
f 490/134/414 489/133/413 488/132/412
f 490/134/414 491/135/415 489/133/413
f 484/128/408 492/136/416 482/126/406
f 484/128/408 493/137/417 492/136/416
f 493/137/417 494/138/418 492/136/416
f 493/137/417 495/139/419 494/138/418
f 494/138/418 495/139/419 496/140/420
f 497/141/421 494/138/418 496/140/420
f 498/142/422 494/138/418 497/141/421
f 492/136/416 494/138/418 498/142/422
f 496/140/420 495/139/419 499/143/423
f 492/136/416 498/142/422 500/144/424
f 501/145/425 498/142/426 502/146/421
f 503/147/427 501/145/425 502/146/421
f 503/147/427 502/146/421 504/148/420
f 505/149/428 503/147/427 504/148/420
f 506/150/429 503/147/427 505/149/428
f 503/147/427 506/150/429 501/145/425
f 506/150/429 505/149/428 507/151/430
f 505/149/428 504/148/420 508/152/423
f 507/151/430 509/153/431 506/150/429
f 506/150/429 509/153/431 510/154/432
f 506/150/429 510/154/432 511/155/433
f 501/145/425 506/150/429 511/155/433
f 511/155/433 512/144/434 501/145/425
f 513/127/407 512/144/434 511/155/433
f 510/154/432 513/127/407 511/155/433
f 505/149/428 508/152/423 514/156/435
f 505/149/428 514/156/435 515/157/417
f 516/151/436 505/149/428 515/157/417
f 516/151/436 515/157/417 517/158/408
f 476/119/437 513/127/407 510/154/432
f 510/154/432 509/153/431 518/159/312
f 519/160/310 518/159/312 509/153/431
f 519/160/310 509/153/431 520/161/438
f 521/151/430 520/161/438 509/153/431
f 522/162/439 520/161/438 521/151/430
f 520/161/438 522/162/439 523/163/409
f 520/161/438 523/163/409 524/164/440
f 520/161/438 524/164/440 525/165/441
f 519/160/310 520/161/438 525/165/441
f 526/166/442 525/165/441 524/164/440
f 525/165/441 526/166/442 527/167/443
f 525/165/441 527/167/443 528/168/444
f 529/169/445 525/165/441 528/168/444
f 527/167/443 529/169/445 528/168/444
f 527/167/443 530/170/446 529/169/445
f 526/166/442 524/164/440 531/171/447
f 527/167/443 526/166/442 532/172/448
f 527/167/443 532/172/448 533/173/449
f 530/170/446 527/167/443 533/173/449
f 533/173/449 532/172/448 534/174/450
f 533/173/449 534/174/450 535/175/414
f 530/170/446 533/173/449 536/176/410
f 536/176/410 533/173/449 535/175/414
f 536/176/410 535/175/414 537/177/451
f 538/178/452 534/174/450 532/172/448
f 538/178/452 532/172/448 539/179/453
f 539/179/453 532/172/448 526/166/442
f 539/179/453 526/166/442 531/171/447
f 519/160/310 525/165/441 540/180/454
f 541/181/455 542/183/456 543/182/457
f 541/181/455 544/184/458 542/183/456
f 521/151/430 541/181/455 543/182/457
f 521/151/430 543/182/457 522/162/439
f 543/182/457 542/183/456 545/185/459
f 543/182/457 545/185/459 546/186/460
f 522/162/439 543/182/457 546/186/460
f 522/162/439 546/186/460 523/163/409
f 541/181/455 547/187/461 544/184/458
f 541/181/455 548/188/462 547/187/461
f 549/151/430 548/188/462 541/181/455
f 549/151/430 550/158/408 548/188/462
f 551/144/463 552/142/464 501/145/465
f 482/126/406 500/144/434 483/127/407
f 482/126/406 492/136/416 553/144/424
f 554/189/466 555/191/458 556/190/461
f 554/189/466 557/192/467 555/191/458
f 558/193/460 554/189/466 556/190/461
f 558/193/460 556/190/461 559/194/468
f 484/128/408 558/193/460 559/194/468
f 485/129/409 558/193/460 484/128/408
f 476/119/400 475/120/399 560/127/469
f 476/119/437 510/154/432 561/195/470
f 510/154/432 518/159/312 561/195/470
f 562/119/471 561/195/470 563/196/472
f 564/197/473 562/119/471 563/196/472
f 564/197/473 474/118/441 562/119/471
f 565/198/474 390/43/336 566/41/475
f 565/198/474 567/199/476 390/43/336
f 567/199/476 398/50/344 390/43/336
f 568/200/335 569/203/477 570/202/478
f 568/200/335 570/202/478 571/201/479
f 571/201/479 570/202/478 572/204/480
f 571/201/479 572/204/480 573/205/360
f 570/202/478 569/203/477 574/206/481
f 569/203/477 575/207/482 574/206/481
f 570/202/478 574/206/481 576/208/483
f 570/202/478 577/209/484 572/204/480
f 570/202/478 576/208/483 577/209/484
f 578/210/485 577/209/484 576/208/483
f 572/204/480 577/209/484 578/210/485
f 578/210/485 576/208/483 579/211/486
f 572/204/480 578/210/485 580/212/487
f 581/205/362 572/204/480 580/212/487
f 581/205/362 580/212/487 582/213/361
f 582/213/361 580/212/487 583/214/488
f 582/213/361 583/214/488 584/215/335
f 583/214/488 580/212/487 585/216/489
f 580/212/487 578/210/485 586/217/490
f 586/217/490 587/218/491 580/212/487
f 578/210/485 587/218/491 586/217/490
f 578/210/485 579/211/486 587/218/491
f 580/212/487 587/218/491 585/216/489
f 583/214/488 588/216/492 589/219/482
f 590/220/493 591/218/494 592/221/486
f 593/222/495 591/218/494 590/220/493
f 593/222/495 594/216/489 591/218/494
f 595/223/482 594/216/489 593/222/495
f 292/247/254 596/249/233 597/257/241
f 597/257/241 598/256/496 292/247/254
f 599/260/245 598/256/496 597/257/241
f 600/261/246 598/256/496 599/260/245
f 292/247/254 598/256/496 294/226/255
f 596/249/497 289/248/498 601/258/104
f 601/258/104 289/248/498 602/259/499
f 603/259/394 289/248/500 604/255/248
f 605/255/248 289/248/250 278/254/252
f 606/69/360 412/66/476 607/269/479
f 608/270/289 609/272/501 610/271/502
f 610/271/502 609/272/501 611/273/503
f 612/274/292 613/276/504 614/275/505
f 614/275/505 613/276/504 615/271/255
f 616/270/289 615/271/255 613/276/504
f 617/277/506 369/21/317 618/278/507
f 372/24/320 369/21/317 617/277/506
f 618/278/507 369/21/317 376/28/324
o Object_33.001
v 0.040523 1.980235 -0.273993
v -0.020782 1.996019 -0.315389
v 0.244801 1.786677 -0.448489
v 0.274115 1.781937 -0.366856
v 0.350929 1.701166 -0.486357
v 0.379693 1.696514 -0.406255
v 0.030820 2.045858 -0.392894
v 0.196741 1.916774 -0.441959
v 0.381167 1.739408 -0.492402
v 0.408790 1.753557 -0.455436
v 0.231178 1.931291 -0.389168
v 0.023815 1.998458 -0.259879
v 0.408445 1.734997 -0.416443
v 0.184514 1.931915 -0.307077
v 0.408790 1.753557 -0.455436
v 0.231178 1.931291 -0.389168
v 0.094754 2.034027 -0.281711
v 0.081663 2.051245 -0.271884
v -0.055782 2.152733 0.020743
v 0.041681 2.172382 -0.093953
v -0.010343 2.295856 0.062810
v 0.070778 2.088453 -0.339712
v 0.016191 2.201136 -0.164963
v -0.020881 2.302027 -0.043515
v -0.173155 2.208740 -0.065929
v -0.203589 2.235806 0.015502
v -0.104911 2.174825 0.096280
v -0.138001 2.286160 0.159888
v -0.096230 2.359683 -0.013621
v -0.066957 2.220932 -0.172301
v -0.020881 2.302027 -0.043515
v 0.016191 2.201136 -0.164963
v -0.014509 2.093140 -0.350141
v 0.070778 2.088453 -0.339712
v -0.117139 2.234325 -0.047698
v -0.107786 2.138192 0.061762
v -0.167678 2.372045 0.058022
v -0.045864 2.343522 0.018326
v -0.156548 2.345034 0.117377
v 0.007504 2.069605 -0.372910
v -0.182234 0.244616 -0.847618
v -0.180292 0.595236 -0.496392
v -0.089257 0.571979 -0.537350
v -0.052866 0.742054 -0.282773
v -0.145780 0.733822 -0.285179
v -0.054381 0.771475 -0.279630
v -0.149421 0.756325 -0.261533
v -0.011659 0.723106 -0.167792
v -0.010942 0.802967 -0.167387
v -0.017042 0.665799 -0.210723
v -0.168503 0.710341 -0.156645
v -0.175689 0.654148 -0.216985
v -0.095175 0.628608 -0.185643
v -0.087507 0.702994 -0.127780
v -0.017042 0.665799 -0.210723
v -0.011659 0.723106 -0.167792
v -0.084621 0.799972 -0.114330
v -0.010942 0.802967 -0.167387
v -0.166639 0.777401 -0.146205
v -0.077709 1.258019 -0.179841
v -0.180331 1.274956 -0.247214
v -0.013845 1.300601 -0.269473
v -0.186382 1.236938 -0.411488
v -0.235516 1.262574 -0.218011
v -0.241905 1.278147 -0.406596
v -0.046332 0.459321 -0.478228
v -0.124804 0.435164 -0.421830
v -0.193979 0.490034 -0.437849
v -0.178622 0.149408 -0.761985
v -0.224652 0.187997 -0.791845
v -0.182234 0.244616 -0.847618
v -0.178622 0.149408 -0.761985
v -0.016879 1.218810 -0.423950
v -0.016879 1.218810 -0.423950
v -0.016879 1.218810 -0.423950
v -0.013845 1.300601 -0.269473
v -0.067255 1.708488 -0.138093
v -0.084265 1.381699 -0.166461
v -0.014283 1.432660 -0.246523
v -0.237293 1.687324 -0.026671
v -0.234789 1.351995 -0.143666
v -0.046104 1.745710 -0.288761
v -0.020696 1.463367 -0.395277
v -0.013845 1.300601 -0.269473
v -0.235516 1.262574 -0.218011
v -0.180331 1.274956 -0.247214
v -0.077709 1.258019 -0.179841
v -0.110889 1.530443 -0.416986
v -0.097560 1.442736 -0.456191
v -0.246820 1.562124 -0.393940
v -0.248938 1.753746 -0.348321
v -0.244614 1.367232 -0.438704
v -0.211442 1.323672 -0.457512
v -0.083970 1.347467 -0.471392
v -0.186382 1.236938 -0.411488
v -0.016879 1.218810 -0.423950
v -0.241905 1.278147 -0.406596
v -0.241905 1.278147 -0.406596
v -0.013844 1.421028 -0.404987
v -0.016879 1.218810 -0.423950
v -0.016879 1.218810 -0.423950
v -0.298920 1.969782 -0.262107
v -0.086778 1.995161 -0.198494
v -0.117139 2.234325 -0.047698
v -0.402591 2.212906 -0.132250
v -0.294303 2.377615 0.067702
v -0.167678 2.372045 0.058022
v -0.156548 2.345034 0.117377
v -0.271583 2.318856 0.128560
v -0.376672 2.307118 0.165853
v -0.463438 2.320327 0.089417
v -0.080814 1.883132 -0.076238
v -0.107786 2.138192 0.061762
v -0.156912 1.807633 -0.014786
v -0.196546 2.024792 0.125644
v -0.342466 1.980931 0.167579
v -0.257367 2.259839 0.174851
v -0.432606 2.213924 0.191400
v -0.376672 2.307118 0.165853
v -0.271583 2.318856 0.128560
v -0.138001 2.286160 0.159888
v -0.156548 2.345034 0.117377
v -0.104911 2.174825 0.096280
v -0.241815 1.754831 0.000501
v 0.418624 1.685649 -0.401530
v 0.357172 1.698603 -0.477992
v 0.388927 1.668265 -0.454571
v 0.389321 1.652146 -0.414625
v 0.405612 1.611001 -0.413199
v 0.410046 1.619636 -0.454010
v 0.430668 1.596173 -0.423853
v 0.451203 1.617483 -0.429274
v 0.434779 1.587808 -0.507658
v 0.377574 1.601177 -0.537960
v 0.462492 1.581922 -0.479698
v 0.484005 1.577356 -0.457281
v 0.412620 1.564003 -0.417347
v 0.436094 1.565508 -0.423001
v 0.416940 1.540487 -0.427035
v 0.436150 1.542837 -0.429590
v 0.420502 1.520147 -0.417583
v 0.440064 1.522538 -0.420185
v 0.421371 1.554022 -0.503355
v 0.445064 1.541010 -0.478350
v 0.398191 1.534733 -0.484983
v 0.420022 1.527603 -0.461149
v 0.390797 1.507797 -0.487120
v 0.364246 1.528087 -0.515058
v 0.366752 1.548228 -0.515854
v 0.410623 1.501220 -0.464719
v 0.380704 1.572431 -0.544988
v 0.392817 1.558136 -0.558049
v 0.364246 1.528087 -0.515058
v 0.433650 1.523142 -0.518309
v 0.390797 1.507797 -0.487120
v 0.455842 1.519464 -0.489822
v 0.464357 1.589628 -0.525997
v 0.485947 1.584905 -0.497205
v 0.410623 1.501220 -0.464719
v 0.450019 1.717457 -0.484118
v 0.399056 1.715943 -0.508721
v 0.401792 1.605115 -0.560199
v 0.380704 1.572431 -0.544988
v 0.377574 1.601177 -0.537960
v 0.420022 1.527603 -0.461149
v 0.445064 1.541010 -0.478350
v 0.485947 1.584905 -0.497205
v 0.462492 1.581922 -0.479698
v 0.408790 1.753557 -0.455436
v 0.408445 1.734997 -0.416443
v 0.458791 1.702277 -0.430997
v 0.485947 1.584905 -0.497205
v 0.503389 1.581087 -0.473939
v 0.484005 1.577356 -0.457281
v 0.451203 1.617483 -0.429274
v 0.418624 1.685649 -0.401530
v 0.436050 1.609408 -0.395191
v 0.409247 1.609602 -0.390827
v 0.402283 1.656611 -0.391715
v 0.389321 1.652146 -0.414625
v 0.405612 1.611001 -0.413199
v 0.430668 1.596173 -0.423853
v 0.442095 1.562298 -0.399985
v 0.414684 1.561865 -0.395554
v 0.440064 1.522538 -0.420185
v 0.420502 1.520147 -0.417583
v 0.412620 1.564003 -0.417347
v 0.416940 1.540487 -0.427035
v 0.436150 1.542837 -0.429590
v 0.436094 1.565508 -0.423001
v 0.379693 1.696514 -0.406255
v 0.471670 1.516746 -0.503744
v 0.489404 1.513606 -0.480592
v 0.449986 1.480444 -0.458355
v 0.435356 1.482735 -0.476491
v 0.451539 1.505792 -0.452071
v 0.475401 1.528767 -0.465063
v 0.434901 1.511804 -0.473570
v 0.454916 1.535101 -0.488002
v 0.485947 1.584905 -0.497205
v 0.462492 1.581922 -0.479698
v 0.380704 1.572431 -0.544988
v 0.366752 1.548228 -0.515854
v 0.380704 1.572431 -0.544988
v 0.451539 1.505792 -0.452071
v 0.434901 1.511804 -0.473570
v 0.435356 1.482735 -0.476491
v 0.449986 1.480444 -0.458355
v 0.475401 1.528767 -0.465063
v 0.454916 1.535101 -0.488002
v 0.377574 1.601177 -0.537960
v 0.381167 1.739408 -0.492402
v 0.357172 1.698603 -0.477992
v 0.350929 1.701166 -0.486357
v 0.379693 1.696514 -0.406255
v -0.132590 0.184953 -0.799111
v -0.182234 0.244616 -0.847618
v -0.046332 0.459321 -0.478228
v -0.182234 0.244616 -0.847618
v -0.132590 0.184953 -0.799111
v -0.132729 0.142558 -0.837808
v -0.175715 0.195758 -0.898625
v -0.183793 0.098240 -0.796306
v -0.178622 0.149408 -0.761985
v -0.111906 0.105610 -0.964680
v -0.161932 0.125919 -0.991778
v -0.103377 -0.151467 -0.702402
v -0.158542 -0.086755 -0.695813
v -0.222822 -0.143617 -0.681087
v -0.227673 -0.185312 -0.675380
v -0.227228 0.138728 -0.848920
v -0.178622 0.149408 -0.761985
v -0.224652 0.187997 -0.791845
v -0.175715 0.195758 -0.898625
v -0.182234 0.244616 -0.847618
v -0.214623 0.098905 -0.974177
v -0.251173 -0.126317 -0.696507
v -0.272685 -0.170735 -0.709718
v -0.161932 0.125919 -0.991778
v -0.214623 0.098905 -0.974177
v -0.103377 -0.151467 -0.702402
v -0.227673 -0.185312 -0.675380
v -0.272685 -0.170735 -0.709718
v -0.111906 0.105610 -0.964680
v -0.214623 0.098905 -0.974177
v -0.161932 0.125919 -0.991778
v -0.499059 2.416812 0.401173
v -0.483245 2.370673 0.370996
v -0.435864 2.432078 0.337551
v -0.527055 2.376114 0.403428
v -0.521876 2.327088 0.390930
v -0.519886 2.326818 0.377998
v -0.538356 2.348439 0.399785
v -0.544342 2.351267 0.428331
v -0.501899 2.481994 0.400751
v -0.509782 2.551005 0.395280
v -0.565729 2.403876 0.423867
v -0.566455 2.382133 0.428822
v -0.589030 2.412422 0.435611
v -0.534036 2.441053 0.430387
v -0.548312 2.465748 0.451749
v -0.602836 2.428348 0.453106
v -0.621499 2.452021 0.465741
v -0.571740 2.495636 0.466728
v -0.685759 2.542084 0.465297
v -0.573937 2.586550 0.454496
v -0.607381 2.659936 0.357457
v -0.518515 2.595006 0.311780
v -0.457791 2.469505 0.272958
v -0.404941 2.294561 0.277910
v -0.440057 2.387676 0.213306
v -0.460517 2.281287 0.224545
v -0.548393 2.606402 0.216963
v -0.699110 2.616098 0.180946
v -0.598128 2.486140 0.122174
v -0.487305 2.514720 0.201393
v -0.529653 2.385769 0.145287
v -0.529653 2.385769 0.145287
v -0.463438 2.320327 0.089417
v -0.442461 2.302844 0.336011
v -0.435853 2.227782 0.289385
v -0.460517 2.281287 0.224545
v -0.432606 2.213924 0.191400
v -0.376672 2.307118 0.165853
v -0.463486 2.251781 0.332884
v -0.471719 2.261656 0.337043
v -0.376672 2.307118 0.165853
v -0.463438 2.320327 0.089417
v -0.571364 2.293897 0.195059
v -0.673315 2.381872 0.175547
v -0.651066 2.329228 0.237557
v -0.502109 2.222888 0.255726
v -0.460517 2.281287 0.224545
v -0.637209 2.285944 0.300674
v -0.758755 2.423427 0.278398
v -0.735520 2.389782 0.363913
v -0.674485 2.358734 0.376769
v -0.614558 2.334322 0.385123
v -0.570849 2.308107 0.358822
v -0.568342 2.346627 0.397694
v -0.521876 2.327088 0.390930
v -0.519886 2.326818 0.377998
v -0.538356 2.348439 0.399785
v -0.544342 2.351267 0.428331
v -0.586085 2.389338 0.421040
v -0.566455 2.382133 0.428822
v -0.589030 2.412422 0.435611
v -0.631745 2.371270 0.416812
v -0.654297 2.390052 0.437023
v -0.602836 2.428348 0.453106
v -0.621499 2.452021 0.465741
v -0.677726 2.419943 0.452002
v -0.759737 2.453852 0.428678
v -0.800353 2.522116 0.330645
v -0.742977 2.467431 0.189927
v -0.699110 2.616098 0.180946
v -0.598128 2.486140 0.122174
v -0.529653 2.385769 0.145287
v -0.727782 2.498885 0.448109
v -0.786792 2.553877 0.368560
v -0.800353 2.522116 0.330645
v -0.734730 2.645336 0.287004
v -0.699110 2.616098 0.180946
v -0.685759 2.542084 0.465297
v -0.724213 2.607679 0.404879
v -0.734730 2.645336 0.287004
v -0.734730 2.645336 0.287004
v -0.607381 2.659936 0.357457
v -0.648108 2.652925 0.387831
v -0.629360 2.569178 0.461784
v -0.724213 2.607679 0.404879
v -0.734730 2.645336 0.287004
v -0.544342 2.351267 0.428331
v -0.547970 2.355690 0.431696
v -0.566455 2.382133 0.428822
v -0.178622 0.149408 -0.761985
v -0.132590 0.184953 -0.799111
v -0.535992 2.383421 0.218225
v -0.435864 2.432078 0.337551
v -0.519886 2.326818 0.377998
v -0.483245 2.370673 0.370996
v -0.471719 2.261656 0.337043
v -0.442461 2.302844 0.336011
v -0.459210 2.260574 0.285742
v -0.435864 2.432078 0.337551
v -0.535992 2.383421 0.218225
v -0.045864 2.343522 0.018326
v -0.156548 2.345034 0.117377
v -0.556470 1.664381 -0.181073
v -0.729799 1.426752 -0.054576
v -0.699072 1.372849 -0.115371
v -0.501970 1.654310 -0.225707
v -0.779135 1.271014 -0.058543
v -0.809287 1.323906 0.001109
v -0.550807 1.633255 -0.310120
v -0.684868 1.467111 -0.216316
v -0.817573 1.284176 -0.086165
v -0.849393 1.315885 -0.068506
v -0.724057 1.509843 -0.187657
v -0.562551 1.652204 -0.182080
v -0.846165 1.334333 -0.029595
v -0.682561 1.581886 -0.142879
v -0.849393 1.315885 -0.068506
v -0.724057 1.509843 -0.187657
v -0.621898 1.681266 -0.217520
v -0.628090 1.659552 -0.225982
v -0.661169 1.906378 0.003811
v -0.708897 1.833577 -0.120537
v -0.772840 2.008894 -0.032775
v -0.609322 1.674256 -0.300074
v -0.673335 1.846567 -0.191855
v -0.727712 1.984814 -0.126787
v -0.554059 1.983922 -0.079495
v -0.569329 2.047584 -0.016220
v -0.656605 1.974016 0.067152
v -0.691639 2.072329 0.084564
v -0.699014 2.079410 -0.115662
v -0.609102 1.903368 -0.194487
v -0.727712 1.984814 -0.126787
v -0.673335 1.846567 -0.191855
v -0.536125 1.698314 -0.307096
v -0.609322 1.674256 -0.300074
v -0.624019 2.025994 -0.099149
v -0.593044 1.946620 0.018587
v -0.696427 2.152784 -0.025603
v -0.746267 2.050633 -0.088135
v -0.704418 2.126816 0.034714
v -0.542708 1.665381 -0.309607
v -0.379442 -0.002332 -0.127284
v -0.432489 0.455087 -0.132985
v -0.340273 0.492017 -0.107722
v -0.451017 0.755562 -0.066428
v -0.360284 0.739865 -0.051338
v -0.447290 0.808990 -0.083598
v -0.354306 0.799737 -0.054304
v -0.500235 0.815727 0.035161
v -0.496890 0.877533 0.007609
v -0.499743 0.752732 0.033108
v -0.346152 0.800686 0.066684
v -0.344405 0.726197 0.055689
v -0.428682 0.736146 0.085946
v -0.429931 0.815343 0.090576
v -0.499743 0.752732 0.033108
v -0.500235 0.815727 0.035161
v -0.427075 0.891932 0.063920
v -0.496890 0.877533 0.007609
v -0.344026 0.858776 0.047921
v -0.412304 1.299976 -0.153859
v -0.304856 1.291530 -0.215023
v -0.468400 1.310133 -0.257185
v -0.295103 1.221844 -0.378287
v -0.493195 0.417666 -0.019211
v -0.420809 0.431908 0.047718
v -0.343892 0.454671 0.007487
v -0.399498 -0.012404 -0.001161
v -0.347448 -0.008886 -0.043328
v -0.379442 -0.002332 -0.127284
v -0.399498 -0.012404 -0.001161
v -0.235516 1.262574 -0.218011
v -0.295103 1.221844 -0.378287
v -0.241905 1.278147 -0.406596
v -0.468094 1.224396 -0.393476
v -0.468094 1.224396 -0.393476
v -0.468094 1.224396 -0.393476
v -0.468400 1.310133 -0.257185
v -0.414843 1.701972 -0.126854
v -0.464341 1.424222 -0.231972
v -0.387476 1.376016 -0.156656
v -0.237293 1.687324 -0.026671
v -0.234789 1.351995 -0.143666
v -0.447058 1.738193 -0.275796
v -0.468702 1.454967 -0.380792
v -0.468400 1.310133 -0.257185
v -0.412304 1.299976 -0.153859
v -0.304856 1.291530 -0.215023
v -0.235516 1.262574 -0.218011
v -0.475306 1.413710 -0.389792
v -0.468094 1.224396 -0.393476
v -0.395214 1.437156 -0.446567
v -0.468094 1.224396 -0.393476
v -0.382675 1.525349 -0.408197
v -0.246820 1.562124 -0.393940
v -0.248938 1.753746 -0.348321
v -0.244614 1.367232 -0.438704
v -0.277276 1.322437 -0.455381
v -0.406180 1.341425 -0.460974
v -0.295103 1.221844 -0.378287
v -0.468094 1.224396 -0.393476
v -0.241905 1.278147 -0.406596
v -0.241905 1.278147 -0.406596
v -0.482201 1.845882 -0.234694
v -0.298920 1.969782 -0.262107
v -0.624019 2.025994 -0.099149
v -0.402591 2.212906 -0.132250
v -0.617891 2.248665 0.023412
v -0.696427 2.152784 -0.025603
v -0.704418 2.126816 0.034714
v -0.610858 2.187534 0.074751
v -0.530946 2.248878 0.151732
v -0.463438 2.320327 0.089417
v -0.432556 1.750342 -0.108440
v -0.593044 1.946620 0.018587
v -0.336660 1.739776 -0.031241
v -0.470565 1.921734 0.112164
v -0.342466 1.980931 0.167579
v -0.591892 2.134787 0.137091
v -0.432606 2.213924 0.191400
v -0.530946 2.248878 0.151732
v -0.610858 2.187534 0.074751
v -0.691639 2.072329 0.084564
v -0.704418 2.126816 0.034714
v -0.656605 1.974016 0.067152
v -0.241815 1.754831 0.000501
v -0.840779 1.273345 0.036940
v -0.810955 1.249434 -0.013421
v -0.784487 1.278134 -0.044294
v -0.807697 1.241833 0.028855
v -0.818190 1.200120 0.039350
v -0.825243 1.199671 -0.001999
v -0.841373 1.180411 0.033416
v -0.864797 1.197427 0.025223
v -0.847371 1.154775 -0.046688
v -0.793659 1.168795 -0.082572
v -0.872989 1.151247 -0.016428
v -0.892854 1.148659 0.007756
v -0.818903 1.152756 0.044955
v -0.842555 1.150124 0.040610
v -0.820343 1.127413 0.040366
v -0.839775 1.126762 0.038612
v -0.820765 1.109128 0.053830
v -0.840551 1.108466 0.052046
v -0.829357 1.124520 -0.036695
v -0.850134 1.113981 -0.008180
v -0.803117 1.112427 -0.016392
v -0.822890 1.107594 0.009706
v -0.792219 1.086764 -0.013665
v -0.769705 1.104136 -0.046655
v -0.774949 1.123219 -0.051227
v -0.810139 1.082429 0.010794
v -0.793110 1.139062 -0.083607
v -0.803644 1.121008 -0.092821
v -0.769705 1.104136 -0.046655
v -0.837869 1.089956 -0.044497
v -0.792219 1.086764 -0.013665
v -0.858302 1.089375 -0.014503
v -0.877573 1.149105 -0.063129
v -0.897254 1.147646 -0.032667
v -0.810139 1.082429 0.010794
v -0.879193 1.283540 -0.048134
v -0.829432 1.283479 -0.075126
v -0.818978 1.165068 -0.103580
v -0.793110 1.139062 -0.083607
v -0.793659 1.168795 -0.082572
v -0.822890 1.107594 0.009706
v -0.850134 1.113981 -0.008180
v -0.897254 1.147646 -0.032667
v -0.872989 1.151247 -0.016428
v -0.849393 1.315885 -0.068506
v -0.846165 1.334333 -0.029595
v -0.883882 1.278470 0.007376
v -0.897254 1.147646 -0.032667
v -0.913157 1.146468 -0.008052
v -0.892854 1.148659 0.007756
v -0.864797 1.197427 0.025223
v -0.840779 1.273345 0.036940
v -0.847451 1.198402 0.059204
v -0.820781 1.202842 0.061748
v -0.820299 1.249188 0.051216
v -0.807697 1.241833 0.028855
v -0.818190 1.200120 0.039350
v -0.841373 1.180411 0.033416
v -0.847221 1.150921 0.064139
v -0.819860 1.154841 0.066831
v -0.840551 1.108466 0.052046
v -0.820765 1.109128 0.053830
v -0.818903 1.152756 0.044955
v -0.820343 1.127413 0.040366
v -0.839775 1.126762 0.038612
v -0.842555 1.150124 0.040610
v -0.809287 1.323906 0.001109
v -0.874113 1.081923 -0.026591
v -0.846056 1.058600 0.023581
v -0.890401 1.081341 -0.002204
v -0.832547 1.058983 0.004466
v -0.850806 1.084295 0.024852
v -0.878028 1.100974 0.009132
v -0.835935 1.087862 0.001589
v -0.859439 1.105046 -0.015846
v -0.897254 1.147646 -0.032667
v -0.872989 1.151247 -0.016428
v -0.793110 1.139062 -0.083607
v -0.774949 1.123219 -0.051227
v -0.793110 1.139062 -0.083607
v -0.850806 1.084295 0.024852
v -0.832547 1.058983 0.004466
v -0.835935 1.087862 0.001589
v -0.846056 1.058600 0.023581
v -0.878028 1.100974 0.009132
v -0.859439 1.105046 -0.015846
v -0.793659 1.168795 -0.082572
v -0.817573 1.284176 -0.086165
v -0.784487 1.278134 -0.044294
v -0.779135 1.271014 -0.058543
v -0.809287 1.323906 0.001109
v -0.438706 -0.008043 -0.057772
v -0.379442 -0.002332 -0.127284
v -0.493195 0.417666 -0.019211
v -0.379442 -0.002332 -0.127284
v -0.394950 -0.073478 -0.132139
v -0.434542 -0.079042 -0.049809
v -0.438706 -0.008043 -0.057772
v -0.381407 -0.072959 0.008788
v -0.399498 -0.012404 -0.001161
v -0.435452 -0.194690 -0.117038
v -0.386979 -0.188646 -0.152575
v -0.428201 -0.204123 0.250128
v -0.385671 -0.142704 0.208984
v -0.314669 -0.161001 0.255949
v -0.303520 -0.186049 0.288242
v -0.340102 -0.070891 -0.058915
v -0.399498 -0.012404 -0.001161
v -0.347448 -0.008886 -0.043328
v -0.394950 -0.073478 -0.132139
v -0.379442 -0.002332 -0.127284
v -0.332644 -0.185916 -0.123313
v -0.288162 -0.153477 0.231834
v -0.258240 -0.189936 0.251471
v -0.332644 -0.185916 -0.123313
v -0.386979 -0.188646 -0.152575
v -0.428201 -0.204123 0.250128
v -0.258240 -0.189936 0.251471
v -0.303520 -0.186049 0.288242
v -0.435452 -0.194690 -0.117038
v -0.332644 -0.185916 -0.123313
v -0.386979 -0.188646 -0.152575
v -0.460517 2.281287 0.224545
v -0.435853 2.227782 0.289385
v -0.516894 2.247942 0.319018
v -0.463486 2.251781 0.332884
v -0.471719 2.261656 0.337043
v -0.432606 2.213924 0.191400
v -0.530946 2.248878 0.151732
v -0.530946 2.248878 0.151732
v -0.463438 2.320327 0.089417
v -0.463438 2.320327 0.089417
v -0.399498 -0.012404 -0.001161
v -0.438706 -0.008043 -0.057772
v -0.535992 2.383421 0.218225
v -0.519886 2.326818 0.377998
v -0.637209 2.285944 0.300674
v -0.570849 2.308107 0.358822
v -0.471719 2.261656 0.337043
v -0.459210 2.260574 0.285742
v -0.516894 2.247942 0.319018
v -0.637209 2.285944 0.300674
v -0.535992 2.383421 0.218225
v -0.746267 2.050633 -0.088135
v -0.704418 2.126816 0.034714
vn -0.1592 -0.6363 0.7549
vn -0.8033 -0.5525 -0.2223
vn -0.6295 -0.5911 -0.5042
vn -0.1932 -0.6450 0.7394
vn -0.7456 -0.4353 -0.5045
vn -0.2856 -0.4679 0.8363
vn -0.2531 0.2734 -0.9280
vn -0.0171 0.3133 -0.9495
vn 0.0363 0.4951 -0.8681
vn 0.6280 0.7690 -0.1192
vn 0.6814 0.7235 -0.1106
vn -0.0394 -0.7798 0.6247
vn 0.5662 0.4118 0.7140
vn 0.5129 0.1519 0.8449
vn 0.6280 0.7690 -0.1191
vn 0.6782 0.7259 -0.1150
vn 0.6362 0.2767 0.7201
vn 0.8953 0.0635 0.4408
vn 0.2038 -0.8356 0.5101
vn 0.9628 -0.0260 0.2691
vn 0.8224 0.2720 0.4997
vn 0.6077 0.7336 -0.3044
vn 0.6146 0.7067 -0.3506
vn 0.6605 0.6760 -0.3266
vn -0.9218 -0.1992 -0.3327
vn -0.8458 0.0759 0.5281
vn 0.5672 -0.2473 0.7856
vn 0.5925 0.1563 0.7903
vn -0.0845 0.8913 -0.4455
vn -0.3212 0.6545 -0.6845
vn 0.6605 0.6761 -0.3267
vn 0.6232 0.7079 -0.3324
vn -0.5535 0.4802 -0.6805
vn 0.6667 0.7152 -0.2098
vn 0.4963 0.5554 0.6672
vn 0.6360 -0.0985 0.7654
vn 0.1827 0.9791 0.0891
vn 0.6024 0.7951 0.0707
vn 0.5092 0.6919 0.5119
vn -0.4176 0.3558 -0.8361
vn -0.0568 0.6709 -0.7394
vn -0.6731 0.6114 -0.4160
vn 0.5141 0.6009 -0.6121
vn 0.6794 0.3522 -0.6437
vn -0.6602 0.5869 -0.4688
vn 0.5641 -0.0726 -0.8225
vn -0.8430 0.0888 -0.5306
vn 0.9563 -0.1362 0.2588
vn 0.9429 -0.0185 0.3327
vn 0.9435 -0.2855 0.1681
vn -0.8176 -0.2231 0.5307
vn -0.8983 -0.2794 0.3390
vn 0.0455 -0.7239 0.6884
vn 0.0936 -0.3862 0.9176
vn 0.9471 -0.2720 0.1706
vn 0.9681 -0.1402 0.2075
vn 0.1057 0.0263 0.9940
vn 0.9476 -0.0148 0.3190
vn -0.8342 -0.0147 0.5512
vn 0.1711 0.1585 0.9724
vn -0.4712 -0.5258 0.7082
vn 0.9532 0.0570 0.2969
vn -0.4685 -0.7194 -0.5128
vn 0.1085 -0.7187 0.6868
vn -0.1893 -0.9216 -0.3388
vn 0.9489 -0.3042 0.0840
vn -0.0163 -0.7679 0.6404
vn -0.9138 -0.2625 0.3099
vn 0.0042 -0.7345 0.6786
vn -0.9888 -0.0436 0.1425
vn -0.0569 0.6709 -0.7394
vn 0.0043 -0.7344 0.6787
vn 0.7398 -0.2867 -0.6087
vn 0.6833 -0.2587 -0.6828
vn 0.9532 0.0570 0.2968
vn 0.9440 0.0069 0.3297
vn 0.8665 -0.0525 0.4963
vn 0.4884 -0.2455 0.8374
vn 0.9496 -0.0089 0.3134
vn 0.0482 -0.3411 0.9388
vn 0.0374 -0.5009 0.8647
vn 0.8236 0.3174 -0.4701
vn 0.8369 0.2701 -0.4761
vn 0.9631 -0.0280 0.2676
vn 0.0496 -0.8894 0.4544
vn -0.2130 -0.9355 0.2818
vn 0.2350 -0.0742 0.9692
vn 0.2139 0.3859 -0.8974
vn 0.2075 0.2690 -0.9405
vn -0.0360 0.2542 -0.9665
vn -0.0652 0.3585 -0.9313
vn -0.0343 0.1157 -0.9927
vn -0.3508 -0.2053 -0.9137
vn 0.3413 -0.0050 -0.9399
vn -0.4549 -0.3475 -0.8199
vn 0.8118 -0.1014 -0.5750
vn 0.0015 -0.8839 -0.4676
vn -0.1430 -0.9493 -0.2800
vn 0.8712 0.1274 -0.4740
vn 0.6877 -0.2099 -0.6950
vn 0.7437 -0.2532 -0.6187
vn -0.1026 0.3909 -0.9147
vn 0.7559 0.3674 -0.5418
vn 0.5783 0.3425 -0.7404
vn -0.1741 0.6123 -0.7712
vn -0.0642 0.9967 -0.0498
vn -0.1612 0.9482 -0.2737
vn -0.0961 0.6866 0.7207
vn 0.0813 0.6176 0.7823
vn 0.4223 0.6505 0.6313
vn -0.2794 0.9036 -0.3247
vn 0.9365 -0.0683 0.3441
vn 0.9060 -0.1957 0.3752
vn 0.5793 -0.3391 0.7412
vn 0.5330 -0.2393 0.8115
vn 0.0902 -0.3499 0.9324
vn 0.1820 0.2166 0.9592
vn 0.0462 -0.2090 0.9768
vn 0.4185 0.6332 0.6511
vn 0.0465 0.7711 0.6350
vn 0.0788 0.1335 0.9879
vn -0.1485 0.7065 0.6919
vn 0.6604 -0.7105 0.2430
vn 0.1041 -0.4550 0.8844
vn -0.0472 0.1485 0.9878
vn -0.9981 -0.0105 -0.0615
vn -0.8716 -0.3408 0.3524
vn -0.9782 0.0696 0.1957
vn -0.9034 -0.3970 -0.1619
vn -0.7404 -0.6624 -0.1138
vn 0.4249 -0.4883 -0.7623
vn 0.6369 -0.4892 0.5958
vn -0.6956 -0.2625 0.6687
vn -0.9841 -0.1610 -0.0746
vn -0.6350 -0.3871 0.6685
vn 0.1511 -0.3079 0.9393
vn -0.8512 -0.0293 -0.5240
vn 0.5581 0.1894 -0.8079
vn -0.6844 -0.1437 -0.7148
vn 0.4703 0.0014 -0.8825
vn -0.4254 -0.9036 0.0496
vn 0.6126 -0.7843 -0.0980
vn -0.4333 0.5835 0.6869
vn 0.2059 0.2186 0.9538
vn -0.4958 0.5213 0.6945
vn -0.0258 0.3075 0.9512
vn -0.6139 -0.7576 0.2218
vn -0.8698 -0.4898 -0.0602
vn -0.8500 0.4715 0.2349
vn -0.1900 -0.7669 0.6131
vn -0.9778 0.1446 -0.1520
vn -0.2048 -0.3364 -0.9192
vn -0.8697 -0.4899 -0.0602
vn -0.8500 0.4714 0.2349
vn 0.3418 -0.7161 -0.6086
vn -0.6139 -0.7576 0.2217
vn 0.7384 -0.6632 0.1226
vn 0.6682 -0.0129 -0.7439
vn 0.7929 0.0717 -0.6051
vn -0.1898 -0.7670 0.6129
vn 0.6943 0.5933 -0.4074
vn -0.0538 0.4799 -0.8757
vn -0.0670 0.2073 -0.9760
vn -0.9778 0.1446 -0.1519
vn -0.9841 -0.1609 -0.0746
vn 0.2058 0.2187 0.9538
vn 0.7929 0.0718 -0.6051
vn -0.6350 -0.3870 0.6686
vn -0.9981 -0.0105 -0.0614
vn 0.6764 0.7273 -0.1160
vn 0.5407 0.5119 0.6676
vn 0.8038 0.4042 0.4365
vn 0.9967 0.0473 0.0661
vn 0.1512 -0.3079 0.9393
vn 0.6370 -0.4891 0.5959
vn -0.2001 0.0473 0.9786
vn 0.6902 -0.0127 0.7235
vn -0.5287 -0.1274 0.8392
vn -0.3982 0.2358 0.8865
vn -0.9782 0.0695 0.1958
vn -0.9034 -0.3970 -0.1618
vn 0.4250 -0.4883 -0.7622
vn 0.8161 -0.1316 0.5628
vn -0.5550 -0.2961 0.7774
vn 0.6127 -0.7842 -0.0980
vn -0.4255 -0.9036 0.0496
vn -0.8511 -0.0292 -0.5241
vn -0.6844 -0.1435 -0.7148
vn 0.4702 0.0012 -0.8826
vn -0.2294 -0.4540 0.8610
vn 0.1129 -0.3000 -0.9472
vn 0.8749 -0.4840 0.0205
vn -0.0026 -0.8413 0.5406
vn -0.6516 -0.7117 -0.2626
vn -0.1536 0.1493 0.9768
vn 0.1298 0.0581 0.9898
vn -0.9316 0.3631 0.0148
vn -0.8954 0.3590 -0.2633
vn -0.6351 -0.3870 0.6685
vn -0.9778 0.1448 -0.1517
vn -0.2051 -0.3362 -0.9192
vn -0.8499 0.4716 0.2351
vn -0.9778 0.1445 -0.1518
vn -0.1535 0.1492 0.9768
vn -0.9316 0.3631 0.0147
vn -0.6515 -0.7117 -0.2627
vn -0.0026 -0.8413 0.5405
vn 0.1299 0.0580 0.9898
vn -0.8955 0.3588 -0.2634
vn -0.9842 -0.1608 -0.0747
vn 0.0706 0.3961 -0.9155
vn -0.1842 -0.9549 -0.2328
vn 0.5444 -0.6899 -0.4771
vn -0.0887 -0.6536 0.7516
vn -0.2936 -0.5135 0.8063
vn 0.9880 -0.1436 -0.0562
vn 0.0239 0.6560 -0.7544
vn 0.9946 -0.1008 -0.0247
vn 0.9532 0.2225 0.2049
vn 0.0171 0.8597 -0.5106
vn -0.1601 0.2154 0.9633
vn 0.0029 -0.7136 0.7006
vn 0.7830 -0.0419 -0.6206
vn 0.0827 0.2168 -0.9727
vn 0.7563 -0.5885 0.2860
vn 0.1922 0.3533 0.9155
vn -0.1730 0.2135 0.9615
vn -0.1505 -0.7838 0.6024
vn -0.9732 0.2259 0.0429
vn -0.0748 -0.7323 0.6769
vn -0.9931 -0.1085 0.0440
vn 0.0046 0.8676 -0.4972
vn -0.0430 0.6316 -0.7741
vn -0.6150 -0.1173 -0.7798
vn -0.5691 0.3204 0.7573
vn -0.7700 -0.6378 0.0177
vn 0.0197 0.8518 -0.5235
vn 0.0829 0.2168 -0.9727
vn -0.6149 -0.1173 -0.7798
vn 0.7563 -0.5885 0.2859
vn -0.1505 -0.7839 0.6024
vn -0.7699 -0.6379 0.0177
vn -0.6150 -0.1173 -0.7797
vn 0.0828 0.2168 -0.9727
vn 0.6000 -0.1608 0.7836
vn 0.7929 -0.6083 0.0357
vn 0.9603 0.1419 0.2401
vn 0.5680 -0.1400 0.8110
vn 0.3978 -0.6773 0.6189
vn 0.5883 -0.7927 -0.1595
vn 0.3036 -0.5732 0.7611
vn 0.3817 -0.6604 0.6467
vn 0.7173 0.0843 0.6917
vn 0.7859 0.4194 0.4544
vn 0.4349 -0.1419 0.8893
vn -0.0099 -0.1778 0.9840
vn 0.2278 -0.4833 0.8453
vn 0.5470 -0.2901 0.7852
vn 0.5349 -0.1687 0.8279
vn 0.2208 -0.4750 0.8518
vn 0.0280 -0.2286 0.9731
vn 0.3529 0.0058 0.9356
vn -0.3024 0.2442 0.9214
vn 0.4025 0.5052 0.7634
vn 0.2947 0.9478 0.1221
vn 0.7613 0.6480 0.0232
vn 0.9134 0.3910 -0.1135
vn 0.9784 -0.1921 -0.0761
vn 0.9121 0.3291 -0.2444
vn 0.7499 -0.5800 -0.3182
vn 0.4996 0.7296 -0.4670
vn -0.3580 0.6346 -0.6849
vn 0.0527 0.1191 -0.9915
vn 0.7640 0.4289 -0.4820
vn 0.0625 0.1056 -0.9924
vn 0.0868 0.1176 -0.9893
vn -0.4607 0.7072 -0.5363
vn -0.1928 0.0722 0.9786
vn 0.5837 -0.8098 0.0596
vn 0.6074 -0.7842 -0.1269
vn 0.4318 -0.8976 0.0891
vn -0.1404 0.0518 0.9887
vn 0.9600 0.2787 -0.0274
vn 0.0487 0.7902 0.6110
vn 0.2527 -0.5817 0.7731
vn -0.4125 0.2923 0.8628
vn 0.0929 0.8049 0.5861
vn -0.2963 0.8222 -0.4860
vn 0.9785 0.1998 -0.0513
vn -0.5070 -0.7254 -0.4656
vn -0.5473 -0.5030 -0.6689
vn 0.0753 0.1278 -0.9889
vn -0.6168 -0.6994 -0.3610
vn -0.0557 -0.9456 -0.3205
vn 0.4072 -0.8010 -0.4388
vn -0.4749 -0.8799 -0.0162
vn -0.8481 -0.4918 -0.1971
vn -0.7165 -0.6512 0.2501
vn -0.4256 -0.7383 0.5232
vn -0.1815 -0.7221 0.6675
vn 0.3354 -0.9416 -0.0305
vn -0.1914 -0.6824 0.7055
vn 0.3977 -0.6773 0.6189
vn 0.3818 -0.6604 0.6467
vn -0.1629 -0.5688 0.8062
vn -0.0097 -0.1776 0.9841
vn 0.2277 -0.4834 0.8453
vn -0.0400 -0.7094 0.7037
vn -0.1575 -0.6632 0.7317
vn 0.2209 -0.4749 0.8518
vn 0.0281 -0.2286 0.9731
vn -0.2840 -0.4491 0.8471
vn -0.7344 -0.3068 0.6054
vn -0.9980 0.0245 -0.0576
vn -0.7503 -0.1603 -0.6414
vn -0.3581 0.6346 -0.6849
vn 0.0527 0.1190 -0.9915
vn 0.0625 0.1055 -0.9924
vn -0.5130 0.0714 0.8554
vn -0.8704 0.3443 0.3520
vn -0.9980 0.0246 -0.0575
vn -0.5604 0.8142 -0.1516
vn -0.3025 0.2442 0.9213
vn -0.5254 0.6228 0.5797
vn 0.2946 0.9478 0.1221
vn -0.1178 0.8819 0.4565
vn -0.0643 0.3919 0.9178
vn -0.5254 0.6229 0.5797
vn -0.5604 0.8142 -0.1517
vn 0.3818 -0.6604 0.6466
vn 0.0334 -0.2358 0.9712
vn -0.0097 -0.1777 0.9840
vn 0.9880 -0.1436 -0.0563
vn 0.9489 -0.3042 0.0841
vn 0.1175 -0.3748 0.9196
vn 0.9316 0.0101 0.3633
vn 0.4861 -0.8710 0.0718
vn 0.6493 -0.2825 0.7061
vn -0.1176 0.0292 0.9926
vn -0.6278 0.6087 0.4851
vn 0.9688 0.2217 0.1112
vn 0.3237 -0.6406 0.6963
vn 0.4964 0.8669 0.0466
vn 0.3878 0.8121 0.4359
vn 0.6472 0.7371 0.1945
vn 0.3142 0.2050 0.9270
vn 0.7783 -0.6277 0.0146
vn 0.9689 -0.2338 0.0806
vn 0.8509 -0.5116 -0.1193
vn 0.3558 0.4057 0.8419
vn 0.3194 -0.3623 -0.8756
vn 0.0167 -0.5258 -0.8504
vn -0.1198 -0.3657 -0.9230
vn -0.7924 0.2627 -0.5505
vn -0.8290 0.2328 -0.5085
vn 0.5159 -0.8522 0.0868
vn -0.6804 0.6915 0.2426
vn -0.5703 0.6417 0.5127
vn -0.7924 0.2627 -0.5506
vn -0.8305 0.2286 -0.5079
vn -0.0830 0.9680 -0.2369
vn -0.1840 -0.9662 -0.1807
vn -0.0167 -0.5995 0.8002
vn -0.8936 -0.4383 0.0969
vn -0.9829 -0.0653 0.1724
vn -0.6475 0.0860 -0.7572
vn -0.6742 0.1200 -0.7287
vn -0.7090 0.0802 -0.7006
vn 0.9741 0.2195 -0.0540
vn 0.5266 0.7423 0.4144
vn -0.4910 -0.2998 0.8179
vn -0.7701 -0.1389 0.6226
vn -0.0897 0.6251 -0.7753
vn 0.2485 0.4627 -0.8509
vn -0.7090 0.0802 -0.7007
vn -0.6887 0.1222 -0.7147
vn 0.5074 0.3034 -0.8065
vn -0.8222 0.1324 -0.5535
vn -0.9091 0.0252 0.4159
vn -0.5034 -0.6441 0.5759
vn -0.8196 0.5396 -0.1926
vn -0.8781 0.2712 -0.3942
vn -0.9676 0.1374 0.2118
vn 0.4618 -0.0629 -0.8848
vn 0.1764 -0.0247 -0.9840
vn -0.4021 0.0613 -0.9135
vn 0.7675 0.0997 -0.6333
vn -0.5340 -0.0375 -0.8446
vn 0.7553 0.0506 -0.6534
vn -0.4908 -0.3927 -0.7778
vn 0.8191 -0.2560 -0.5134
vn -0.9785 0.0533 0.1992
vn -0.9631 0.1202 0.2409
vn -0.9784 -0.0413 0.2026
vn 0.7909 0.0359 0.6109
vn 0.8447 -0.0598 0.5319
vn -0.1693 -0.1157 0.9787
vn -0.1794 0.1444 0.9731
vn -0.9796 -0.0359 0.1976
vn -0.9866 0.0365 0.1590
vn -0.1663 0.4139 0.8950
vn -0.9632 0.1305 0.2349
vn 0.8129 0.1834 0.5528
vn -0.2332 0.4880 0.8411
vn 0.4806 -0.3273 0.8136
vn -0.9676 0.1699 0.1867
vn 0.3539 -0.8681 -0.3482
vn -0.9853 -0.0802 0.1507
vn -0.1153 -0.1195 0.9861
vn 0.8559 -0.0577 0.5139
vn -0.1319 -0.0674 0.9890
vn 0.9671 -0.0202 0.2534
vn 0.1763 -0.0247 -0.9840
vn -0.1319 -0.0675 0.9890
vn 0.0995 -0.6255 0.7738
vn 0.2801 -0.9302 0.2372
vn 0.1499 -0.4887 -0.8595
vn 0.2602 -0.9442 -0.2021
vn -0.7577 -0.4316 -0.4895
vn -0.6916 -0.4597 -0.5571
vn -0.7339 -0.3598 -0.5762
vn -0.9432 0.1629 0.2894
vn -0.9505 0.1763 0.2559
vn -0.8058 -0.2734 0.5254
vn -0.9219 -0.0363 0.3856
vn -0.4060 -0.2010 0.8915
vn 0.0738 -0.3608 0.9297
vn 0.0373 -0.5008 0.8647
vn -0.8500 0.1341 -0.5094
vn -0.8731 0.2470 -0.4204
vn -0.9641 0.0137 0.2650
vn -0.4287 0.1504 0.8908
vn 0.0607 -0.9825 0.1763
vn -0.0037 -0.8700 0.4930
vn -0.8961 0.0951 -0.4336
vn -0.7422 -0.2341 -0.6279
vn -0.2827 0.2536 -0.9251
vn -0.8634 -0.1238 -0.4892
vn -0.2857 0.3765 -0.8813
vn -0.0134 0.3634 -0.9315
vn -0.0342 0.1157 -0.9927
vn 0.2724 -0.2476 -0.9298
vn -0.4105 -0.0832 -0.9081
vn 0.2927 -0.4168 -0.8606
vn -0.7649 -0.2532 -0.5923
vn 0.0014 -0.8840 -0.4675
vn 0.1813 -0.9715 -0.1527
vn -0.7655 -0.0777 -0.6387
vn -0.0555 0.4098 -0.9105
vn -0.5420 -0.1098 -0.8332
vn -0.1610 0.6104 -0.7756
vn -0.6382 0.7577 -0.1364
vn -0.3606 0.7965 -0.4854
vn -0.6309 0.5268 0.5695
vn -0.6717 0.2960 0.6791
vn -0.9002 0.1690 0.4013
vn -0.3620 0.8731 -0.3267
vn -0.7587 -0.5712 0.3131
vn -0.5760 -0.7686 0.2784
vn -0.3458 -0.6522 0.6745
vn -0.3580 -0.5596 0.7475
vn 0.0391 -0.3563 0.9335
vn -0.5217 0.0406 0.8521
vn -0.0790 -0.2693 0.9598
vn -0.8631 0.1643 0.4775
vn -0.7157 0.5568 0.4216
vn -0.5173 0.1486 0.8428
vn -0.5678 0.6279 0.5323
vn -0.0379 -0.9752 0.2182
vn 0.0783 -0.4752 0.8764
vn 0.0626 0.3506 0.9344
vn 0.9221 -0.1500 0.3568
vn 0.9873 0.1027 -0.1210
vn 0.9662 0.2301 0.1161
vn 0.9424 -0.3049 -0.1375
vn 0.8188 -0.5734 -0.0281
vn -0.3824 -0.6822 -0.6233
vn -0.5425 -0.4342 0.7192
vn 0.7488 -0.0319 0.6621
vn 0.9935 -0.0477 -0.1035
vn 0.7056 -0.1605 0.6902
vn -0.0738 -0.1274 0.9891
vn 0.8275 -0.0278 -0.5607
vn -0.6079 -0.0500 -0.7925
vn 0.6710 -0.1984 -0.7144
vn -0.4980 -0.2369 -0.8342
vn 0.5456 -0.8140 0.1991
vn -0.5038 -0.8583 0.0969
vn 0.3749 0.7604 0.5303
vn -0.1986 0.3799 0.9034
vn 0.4455 0.7095 0.5461
vn 0.0187 0.4947 0.8689
vn 0.7187 -0.6136 0.3270
vn 0.9254 -0.3786 -0.0176
vn 0.7862 0.6123 0.0839
vn 0.3145 -0.5967 0.7383
vn 0.9429 0.2324 -0.2386
vn 0.2149 -0.4873 -0.8464
vn -0.2635 -0.8618 -0.4335
vn 0.7186 -0.6137 0.3270
vn -0.6366 -0.7119 0.2965
vn -0.6870 -0.2473 -0.6832
vn -0.8169 -0.1527 -0.5562
vn -0.8446 0.2748 -0.4595
vn -0.3325 -0.2599 -0.9066
vn 0.0026 0.0117 -0.9999
vn 0.9935 -0.0477 -0.1034
vn 0.0186 0.4946 0.8689
vn -0.1987 0.3799 0.9034
vn -0.8169 -0.1526 -0.5563
vn 0.9641 0.1126 -0.2404
vn -0.7769 0.2015 -0.5965
vn -0.6875 0.6478 0.3280
vn -0.8113 0.3768 0.4470
vn -0.9908 -0.0658 0.1182
vn -0.0736 -0.1275 0.9891
vn 0.1971 0.5029 0.8416
vn -0.6552 0.0478 0.7540
vn 0.5715 0.1129 0.8128
vn 0.3946 0.4588 0.7961
vn 0.9662 0.2301 0.1162
vn 0.9424 -0.3049 -0.1373
vn -0.3823 -0.6822 -0.6233
vn -0.7695 -0.1161 0.6280
vn 0.6180 -0.0601 0.7838
vn -0.5038 -0.8584 0.0968
vn 0.5456 -0.8141 0.1990
vn 0.8276 -0.0278 -0.5607
vn 0.6708 -0.1986 -0.7146
vn -0.4980 -0.2368 -0.8342
vn -0.6078 -0.0500 -0.7925
vn 0.2811 0.3216 0.9042
vn -0.1056 -0.4977 -0.8609
vn 0.1365 -0.7070 0.6939
vn -0.7998 -0.5757 0.1701
vn 0.7321 -0.6626 -0.1584
vn 0.1676 0.3624 0.9168
vn -0.1003 0.2408 0.9654
vn 0.8736 0.4728 -0.1155
vn 0.8283 0.4076 -0.3846
vn -0.8169 -0.1526 -0.5562
vn 0.7056 -0.1606 0.6902
vn 0.9429 0.2325 -0.2385
vn 0.7861 0.6124 0.0839
vn 0.2150 -0.4872 -0.8464
vn 0.9429 0.2324 -0.2385
vn 0.1675 0.3624 0.9169
vn 0.7321 -0.6625 -0.1585
vn 0.8736 0.4727 -0.1157
vn 0.1366 -0.7070 0.6939
vn 0.8282 0.4076 -0.3846
vn -0.1800 -0.9529 -0.2440
vn 0.9192 -0.2578 0.2976
vn -0.8609 -0.5017 0.0846
vn -0.4658 -0.8182 0.3369
vn 0.2811 0.3459 0.8952
vn 0.2578 0.4968 0.8287
vn -0.9963 -0.0564 -0.0644
vn -0.9853 -0.0802 0.1508
vn -0.0426 -0.0677 -0.9968
vn -0.0224 0.2797 -0.9598
vn -0.9781 0.2064 0.0268
vn -0.9750 -0.2071 -0.0806
vn 0.0042 0.8447 0.5351
vn -0.1238 -0.1249 0.9844
vn -0.6954 -0.5987 -0.3974
vn -0.0156 -0.5141 -0.8576
vn -0.6726 -0.3757 0.6375
vn -0.3437 0.8300 0.4392
vn 0.0329 0.8319 0.5540
vn 0.2158 -0.1270 0.9682
vn 0.9188 0.3591 -0.1640
vn 0.0794 -0.0639 0.9948
vn 0.9653 -0.0839 0.2472
vn 0.0251 0.3395 -0.9403
vn 0.1527 -0.0897 -0.9842
vn 0.7043 -0.4880 -0.5156
vn 0.4247 0.8481 0.3168
vn 0.8599 -0.2948 0.4169
vn -0.1073 0.2539 -0.9613
vn 0.7044 -0.4880 -0.5155
vn -0.0155 -0.5141 -0.8576
vn -0.6726 -0.3758 0.6375
vn 0.8598 -0.2949 0.4168
vn 0.2158 -0.1271 0.9681
vn -0.2682 -0.0088 0.9633
vn 0.2526 -0.5818 0.7731
vn -0.4126 0.2923 0.8628
vn 0.4483 -0.8875 0.1065
vn -0.6249 -0.6567 -0.4222
vn 0.0680 0.0186 0.9975
vn -0.9046 0.1206 0.4089
vn -0.8961 0.1021 0.4320
vn -0.5272 -0.6964 -0.4869
vn -0.4027 0.7881 -0.4655
vn -0.4661 0.6971 -0.5448
vn -0.9963 -0.0564 -0.0645
vn 0.1318 -0.3642 0.9219
vn 0.6638 -0.7371 0.1268
vn -0.3686 -0.9179 0.1466
vn -0.1425 -0.7275 0.6711
vn -0.5175 0.6838 0.5144
vn -0.2400 -0.1249 0.9627
vn -0.5019 -0.8424 -0.1962
vn 0.3416 -0.6276 0.6996
vn -0.7885 0.4320 -0.4378
vn -0.8709 0.4671 0.1527
vt 0.730382 0.103619
vt 0.705649 0.144477
vt 0.906050 0.162418
vt 0.907543 0.101904
vt 0.999984 0.166941
vt 1.001061 0.095946
vt 0.733494 0.205318
vt 0.838940 0.209383
vt 0.991053 0.210366
vt 0.981648 0.252295
vt 0.840260 0.252371
vt 0.689743 0.104698
vt 0.991405 0.052870
vt 0.810174 0.064464
vt 0.981657 0.011468
vt 0.840250 0.011429
vt 0.734207 0.056759
vt 0.693123 0.056174
vt 0.518060 0.096757
vt 0.575201 0.047645
vt 0.473165 0.043970
vt 0.716055 0.011396
vt 0.597290 0.011359
vt 0.510869 0.011322
vt 0.522475 0.164896
vt 0.485011 0.157654
vt 0.479927 0.107408
vt 0.445175 0.049232
vt 0.473366 0.225391
vt 0.579352 0.211659
vt 0.510849 0.252622
vt 0.597275 0.252464
vt 0.688056 0.203710
vt 0.716059 0.252303
vt 0.459430 0.138427
vt 0.448360 0.105872
vt 0.445220 0.217118
vt 0.468555 0.252667
vt 0.435264 0.252667
vt 0.710772 0.204691
vt 0.809314 0.993189
vt 0.844593 0.748486
vt 0.799681 0.766537
vt 0.795370 0.616810
vt 0.844460 0.624653
vt 0.796731 0.566457
vt 0.846052 0.573862
vt 0.737687 0.589384
vt 0.737679 0.566887
vt 0.737691 0.611583
vt 0.903594 0.595045
vt 0.902086 0.622902
vt 0.947494 0.615460
vt 0.947980 0.591500
vt 0.993009 0.611673
vt 0.993010 0.589483
vt 0.948583 0.568105
vt 0.993012 0.566905
vt 0.904969 0.574145
vt 0.939443 0.344499
vt 0.898532 0.361084
vt 0.993076 0.320695
vt 0.854260 0.365264
vt 0.915162 0.347050
vt 0.854851 0.350073
vt 0.993004 0.780156
vt 0.944441 0.769131
vt 0.900724 0.759988
vt 0.936461 0.995025
vt 0.880074 0.997653
vt 0.789589 0.353336
vt 0.737576 0.320774
vt 0.459999 0.699940
vt 0.421847 0.911548
vt 0.493482 0.874305
vt 0.334346 0.703269
vt 0.334346 0.906337
vt 0.574509 0.696105
vt 0.570429 0.874521
vt 0.490508 0.948126
vt 0.334346 0.965522
vt 0.365140 0.975937
vt 0.420117 0.965795
vt 0.650541 0.838561
vt 0.643075 0.892767
vt 0.726515 0.817051
vt 0.726515 0.703484
vt 0.726515 0.932364
vt 0.709975 0.959389
vt 0.635989 0.948441
vt 0.695226 0.983366
vt 0.579503 0.979625
vt 0.726515 0.978941
vt 0.572418 0.925007
vt 0.726515 0.610225
vt 0.575486 0.609180
vt 0.574131 0.447552
vt 0.726515 0.445670
vt 0.628909 0.318546
vt 0.561909 0.331279
vt 0.561667 0.289065
vt 0.629838 0.284131
vt 0.681244 0.268659
vt 0.726515 0.308737
vt 0.465542 0.609718
vt 0.497836 0.448231
vt 0.389955 0.608312
vt 0.424485 0.456931
vt 0.334346 0.436815
vt 0.434410 0.332167
vt 0.334346 0.318454
vt 0.382074 0.269755
vt 0.433481 0.285227
vt 0.501409 0.332846
vt 0.501652 0.290161
vt 0.532354 0.423067
vt 0.334346 0.607952
vt 0.079805 0.232283
vt 0.164710 0.210607
vt 0.122523 0.194649
vt 0.082536 0.195321
vt 0.065738 0.163787
vt 0.098907 0.148763
vt 0.061632 0.142152
vt 0.067395 0.121429
vt 0.123677 0.114515
vt 0.175785 0.114562
vt 0.094627 0.115280
vt 0.071940 0.113520
vt 0.035702 0.148111
vt 0.041923 0.132093
vt 0.020229 0.138299
vt 0.026355 0.125859
vt 0.005702 0.131286
vt 0.011940 0.118620
vt 0.124248 0.087244
vt 0.097369 0.085301
vt 0.124231 0.055219
vt 0.098622 0.055224
vt 0.124118 0.033753
vt 0.158367 0.040381
vt 0.164154 0.054336
vt 0.099739 0.035139
vt 0.171577 0.088395
vt 0.192231 0.080816
vt 0.172887 0.036601
vt 0.229659 0.051083
vt 0.207206 0.014433
vt 0.253565 0.037615
vt 0.259273 0.099604
vt 0.295568 0.088781
vt 0.225257 0.005464
vt 0.257519 0.214069
vt 0.210893 0.208562
vt 0.203087 0.112287
vt 0.256732 0.004405
vt 0.275505 0.029551
vt 0.296663 0.056271
vt 0.254448 0.243670
vt 0.287294 0.248875
vt 0.299549 0.220380
vt 0.323300 0.104611
vt 0.343328 0.116239
vt 0.349575 0.166371
vt 0.341191 0.234380
vt 0.379236 0.180734
vt 0.393815 0.198439
vt 0.369935 0.227020
vt 0.383913 0.245331
vt 0.408148 0.211617
vt 0.372524 0.153454
vt 0.406401 0.154959
vt 0.418570 0.170953
vt 0.432503 0.130104
vt 0.445823 0.142555
vt 0.433494 0.180403
vt 0.448844 0.163198
vt 0.412154 0.127150
vt 0.395815 0.139939
vt 0.325332 0.261049
vt 0.344700 0.051550
vt 0.359289 0.070966
vt 0.389947 0.045029
vt 0.374202 0.026325
vt 0.391323 0.064504
vt 0.369359 0.086828
vt 0.352694 0.023153
vt 0.330809 0.036634
vt 0.068269 0.054545
vt 0.088448 0.054365
vt 0.085147 0.033440
vt 0.068311 0.035581
vt 0.069129 0.082960
vt 0.091835 0.081384
vt 0.214759 0.239928
vt 0.170727 0.242683
vt 0.094294 0.262400
vt 0.737783 0.987757
vt 0.737708 0.780107
vt 0.274783 0.263290
vt 0.251897 0.284556
vt 0.265085 0.304716
vt 0.290410 0.280108
vt 0.230808 0.322133
vt 0.234686 0.293532
vt 0.317161 0.315098
vt 0.326877 0.296848
vt 0.247112 0.446506
vt 0.230894 0.421947
vt 0.204488 0.436013
vt 0.200804 0.450038
vt 0.202857 0.296193
vt 0.220949 0.280878
vt 0.186739 0.265822
vt 0.206200 0.254811
vt 0.152216 0.291162
vt 0.194174 0.426648
vt 0.177297 0.438725
vt 0.148125 0.271043
vt 0.109679 0.437051
vt 0.158639 0.453515
vt 0.110675 0.292890
vt 0.130164 0.279394
vt 0.048936 0.787641
vt 0.037433 0.823986
vt 0.095670 0.805101
vt 0.018334 0.795488
vt 0.001309 0.823986
vt 0.001309 0.828672
vt 0.001309 0.805245
vt 0.001309 0.793266
vt 0.072476 0.756292
vt 0.104842 0.722758
vt 0.009703 0.762035
vt 0.001309 0.770446
vt 0.001309 0.745864
vt 0.041600 0.754625
vt 0.045013 0.731461
vt 0.001309 0.728107
vt 0.001309 0.706350
vt 0.045012 0.704329
vt 0.000634 0.640415
vt 0.080537 0.664700
vt 0.172489 0.654188
vt 0.168984 0.731210
vt 0.146949 0.810560
vt 0.044855 0.876465
vt 0.134665 0.883862
vt 0.053879 0.921862
vt 0.230813 0.753236
vt 0.327296 0.709405
vt 0.289853 0.844016
vt 0.198004 0.819694
vt 0.222406 0.906637
vt 0.208321 0.985394
vt 0.032665 0.835220
vt 0.001309 0.884699
vt 0.068912 0.997425
vt 0.136690 0.961832
vt 0.001309 0.847491
vt 0.001309 0.839125
vt 0.041894 0.649915
vt 0.070649 0.583980
vt 0.103642 0.580263
vt 0.049090 0.502723
vt 0.103028 0.449168
vt 0.013527 0.576938
vt 0.001309 0.788851
vt 0.992969 0.987765
vt 0.232379 0.916718
vt 0.282941 0.969753
vt 0.311768 0.908112
vt 0.306313 0.933309
vt 0.220304 0.994415
vt 0.243005 0.989735
vt 0.222758 0.978624
vt 0.468563 0.011307
vt 0.435273 0.011298
s 1
usemtl enemy_tonnel.001
f 619/279/508 620/280/509 621/281/510
f 619/279/508 621/281/510 622/282/511
f 622/282/511 621/281/510 623/283/512
f 622/282/511 623/283/512 624/284/513
f 621/281/510 620/280/509 625/285/514
f 621/281/510 625/285/514 626/286/515
f 623/283/512 621/281/510 626/286/515
f 623/283/512 626/286/515 627/287/516
f 628/288/517 627/287/516 626/286/515
f 628/288/517 626/286/515 629/289/518
f 629/289/518 626/286/515 625/285/514
f 619/279/508 630/290/519 620/280/509
f 622/282/511 624/284/513 631/291/520
f 632/292/521 622/282/511 631/291/520
f 619/279/508 622/282/511 632/292/521
f 632/292/521 631/291/520 633/293/522
f 632/292/521 633/293/522 634/294/523
f 634/294/523 635/295/524 632/292/521
f 619/279/508 632/292/521 635/295/524
f 636/296/525 630/290/519 619/279/508
f 636/296/525 619/279/508 635/295/524
f 636/296/525 637/297/526 630/290/519
f 636/296/525 638/298/527 637/297/526
f 638/298/527 639/299/528 637/297/526
f 640/300/529 638/298/527 636/296/525
f 634/294/523 640/300/529 635/295/524
f 636/296/525 635/295/524 640/300/529
f 640/300/529 641/301/530 638/298/527
f 642/302/531 639/299/528 638/298/527
f 642/302/531 638/298/527 641/301/530
f 643/303/532 630/290/519 637/297/526
f 644/304/533 643/303/532 637/297/526
f 644/304/533 637/297/526 645/305/534
f 637/297/526 639/299/528 645/305/534
f 639/299/528 646/306/535 645/305/534
f 647/307/536 643/303/532 644/304/533
f 647/307/536 648/308/537 643/303/532
f 648/308/537 647/307/536 649/309/538
f 648/308/537 649/309/538 650/310/539
f 651/311/540 648/308/537 650/310/539
f 651/311/540 650/310/539 652/312/541
f 645/305/534 653/313/542 644/304/533
f 645/305/534 654/314/543 653/313/542
f 653/313/542 655/315/544 644/304/533
f 655/315/544 647/307/536 644/304/533
f 655/315/544 656/316/545 647/307/536
f 649/309/538 647/307/536 656/316/545
f 655/315/544 657/317/546 656/316/545
f 648/308/537 651/311/540 620/280/509
f 648/308/537 620/280/509 643/303/532
f 643/303/532 620/280/509 630/290/519
f 620/280/509 651/311/540 658/318/547
f 658/318/547 651/311/540 652/312/541
f 625/285/514 658/318/547 652/312/541
f 625/285/514 620/280/509 658/318/547
f 629/289/518 625/285/514 652/312/541
f 659/319/548 660/320/549 661/321/550
f 660/320/549 662/322/551 661/321/550
f 660/320/549 663/323/552 662/322/551
f 663/323/552 664/324/553 662/322/551
f 663/323/552 665/325/554 664/324/553
f 666/326/555 662/322/551 664/324/553
f 667/327/556 666/326/555 664/324/553
f 666/326/555 668/328/557 662/322/551
f 661/321/550 662/322/551 668/328/557
f 669/329/558 665/325/554 663/323/552
f 670/330/559 669/329/558 663/323/552
f 670/330/559 663/323/552 660/320/549
f 669/329/558 670/330/559 671/331/560
f 669/329/558 671/331/560 672/332/561
f 672/332/561 671/331/560 673/333/562
f 672/332/561 673/333/562 674/334/563
f 675/335/564 672/332/561 674/334/563
f 675/335/564 674/334/563 676/336/565
f 677/337/566 669/329/558 672/332/561
f 677/337/566 672/332/561 675/335/564
f 669/329/558 677/337/566 665/325/554
f 677/337/566 675/335/564 678/338/567
f 678/338/567 675/335/564 676/336/565
f 677/337/566 678/338/567 679/339/568
f 665/325/554 677/337/566 679/339/568
f 678/338/567 676/336/565 680/340/569
f 665/325/554 679/339/568 681/341/570
f 682/342/571 681/341/570 679/339/568
f 682/342/571 683/343/572 681/341/570
f 671/331/560 684/344/573 673/333/562
f 671/331/560 685/345/574 684/344/573
f 671/331/560 670/330/559 686/346/575
f 671/331/560 686/346/575 685/345/574
f 687/347/576 684/344/573 685/345/574
f 686/346/575 687/347/576 685/345/574
f 670/330/559 660/320/549 686/346/575
f 660/320/549 688/348/577 686/346/575
f 660/320/549 689/319/578 688/348/577
f 686/346/575 688/348/577 690/347/579
f 681/341/570 691/349/580 664/324/553
f 681/341/570 664/324/553 665/325/554
f 692/349/581 667/327/556 664/324/553
f 693/349/581 694/350/582 667/327/583
f 695/351/584 696/352/585 697/353/586
f 695/351/584 698/354/587 696/352/585
f 698/354/587 699/355/588 696/352/585
f 697/353/586 700/356/589 695/351/584
f 697/353/586 701/357/590 700/356/589
f 697/353/586 696/352/585 702/358/591
f 696/352/585 699/355/588 703/359/592
f 696/352/585 703/359/592 704/360/593
f 704/360/593 705/361/594 696/352/585
f 696/352/585 705/361/594 702/358/591
f 700/356/589 701/357/590 706/362/595
f 707/363/596 706/362/595 701/357/590
f 707/363/596 708/364/597 706/362/595
f 709/365/598 706/362/595 708/364/597
f 709/365/598 700/356/589 706/362/595
f 710/366/599 708/364/597 707/363/596
f 710/366/599 707/363/596 711/367/600
f 707/363/596 712/368/601 711/367/600
f 711/367/600 712/368/601 713/369/602
f 712/368/601 707/363/596 714/370/603
f 715/371/604 710/366/599 711/367/600
f 716/371/605 711/367/600 713/369/602
f 707/363/596 701/357/590 717/372/606
f 707/363/596 717/372/606 714/370/603
f 717/372/606 701/357/590 697/353/586
f 717/372/606 697/353/586 702/358/591
f 718/370/607 717/372/606 702/358/591
f 712/368/601 719/370/608 713/369/602
f 709/365/598 720/373/609 721/374/610
f 709/365/598 721/374/610 700/356/589
f 720/373/609 722/375/611 721/374/610
f 720/373/609 723/376/612 722/375/611
f 723/376/612 724/377/613 722/375/611
f 725/378/614 722/375/611 724/377/613
f 724/377/613 726/379/615 725/378/614
f 724/377/613 727/380/616 726/379/615
f 728/381/617 727/380/616 724/377/613
f 724/377/613 729/382/618 728/381/617
f 723/376/612 729/382/618 724/377/613
f 695/351/584 700/356/589 721/374/610
f 695/351/584 721/374/610 730/383/619
f 731/384/620 730/383/619 721/374/610
f 731/384/620 721/374/610 722/375/611
f 731/384/620 732/385/621 730/383/619
f 695/351/584 730/383/619 732/385/621
f 731/384/620 733/386/622 732/385/621
f 733/386/622 734/387/623 732/385/621
f 734/387/623 733/386/622 735/388/624
f 735/388/624 733/386/622 731/384/620
f 734/387/623 735/388/624 736/389/625
f 735/388/624 737/390/626 736/389/625
f 735/388/624 738/391/627 737/390/626
f 738/391/627 735/388/624 739/392/628
f 738/391/627 739/392/628 740/393/629
f 695/351/584 732/385/621 698/354/587
f 735/388/624 731/384/620 741/394/630
f 735/388/624 741/394/630 739/392/628
f 698/354/587 732/385/621 742/395/631
f 732/385/621 734/387/623 742/395/631
f 743/396/632 744/397/633 745/398/634
f 746/399/635 743/396/632 745/398/634
f 745/398/634 747/400/636 746/399/635
f 745/398/634 748/401/637 747/400/636
f 747/400/636 748/401/637 749/402/638
f 748/401/637 750/403/639 749/402/638
f 751/404/640 748/401/637 745/398/634
f 745/398/634 752/405/641 751/404/640
f 748/401/637 751/404/640 753/406/642
f 748/401/637 753/406/642 750/403/639
f 753/406/642 754/407/643 750/403/639
f 755/408/644 747/400/636 749/402/638
f 755/408/644 749/402/638 756/409/645
f 757/410/646 755/408/644 756/409/645
f 757/410/646 756/409/645 758/411/647
f 759/412/648 757/410/646 758/411/647
f 759/412/648 758/411/647 760/413/649
f 753/406/642 751/404/640 761/414/650
f 753/406/642 761/414/650 762/415/651
f 762/415/651 761/414/650 763/416/652
f 762/415/651 763/416/652 764/417/653
f 763/416/652 765/418/654 764/417/653
f 766/419/655 765/418/654 763/416/652
f 767/420/656 766/419/655 763/416/652
f 761/414/650 767/420/656 763/416/652
f 765/418/654 768/421/657 764/417/653
f 761/414/650 769/422/658 767/420/656
f 770/423/659 771/424/660 767/420/661
f 772/425/662 771/424/660 770/423/659
f 772/425/662 773/426/663 771/424/660
f 774/427/664 773/426/663 772/425/662
f 775/428/665 774/427/664 772/425/662
f 772/425/662 770/423/659 775/428/665
f 775/428/665 776/429/666 774/427/664
f 774/427/664 777/430/667 773/426/663
f 776/429/666 775/428/665 778/431/668
f 775/428/665 779/432/669 778/431/668
f 775/428/665 780/433/670 779/432/669
f 770/423/659 780/433/670 775/428/665
f 780/433/670 770/423/659 781/422/671
f 782/405/672 780/433/670 781/422/671
f 779/432/669 780/433/670 782/405/672
f 774/427/664 783/434/653 777/430/667
f 774/427/664 784/435/673 783/434/653
f 785/429/674 784/435/673 774/427/664
f 785/429/674 786/436/675 784/435/673
f 744/397/676 779/432/669 782/405/672
f 779/432/669 787/437/677 778/431/668
f 788/438/678 778/431/668 787/437/677
f 788/438/678 789/439/679 778/431/668
f 790/429/674 778/431/668 789/439/679
f 791/440/680 790/429/674 789/439/679
f 789/439/679 792/441/681 791/440/680
f 789/439/679 793/442/682 792/441/681
f 789/439/679 794/443/683 793/442/682
f 788/438/678 794/443/683 789/439/679
f 795/444/684 793/442/682 794/443/683
f 794/443/683 796/445/685 795/444/684
f 794/443/683 797/446/686 796/445/685
f 798/447/687 797/446/686 794/443/683
f 796/445/685 797/446/686 798/447/687
f 796/445/685 798/447/687 799/448/688
f 795/444/684 800/449/689 793/442/682
f 796/445/685 801/450/690 795/444/684
f 796/445/685 802/451/691 801/450/690
f 799/448/688 802/451/691 796/445/685
f 802/451/691 803/452/692 801/450/690
f 802/451/691 804/453/693 803/452/692
f 799/448/688 805/454/694 802/451/691
f 805/454/694 804/453/693 802/451/691
f 805/454/694 806/455/695 804/453/693
f 807/456/696 801/450/690 803/452/692
f 807/456/696 808/457/645 801/450/690
f 808/457/645 800/449/689 795/444/684
f 808/457/645 795/444/684 801/450/690
f 788/438/678 809/458/697 794/443/683
f 810/459/698 811/460/699 812/461/700
f 810/459/698 812/461/700 813/462/701
f 790/429/674 811/460/699 810/459/698
f 790/429/674 791/440/680 811/460/699
f 811/460/699 814/463/702 812/461/700
f 811/460/699 815/464/703 814/463/702
f 791/440/680 815/464/703 811/460/699
f 791/440/680 792/441/681 815/464/703
f 810/459/698 813/462/701 816/465/704
f 810/459/698 816/465/704 817/466/705
f 818/429/674 810/459/698 817/466/705
f 818/429/674 817/466/705 819/436/706
f 820/422/707 770/423/708 821/420/709
f 751/404/640 752/405/641 769/422/710
f 751/404/640 822/422/671 761/414/650
f 823/467/711 824/468/712 825/469/713
f 823/467/711 825/469/713 826/470/714
f 827/471/715 824/468/712 823/467/711
f 827/471/715 828/472/716 824/468/712
f 753/406/642 828/472/716 827/471/715
f 754/407/643 753/406/642 827/471/715
f 744/397/633 829/405/717 745/398/634
f 779/432/669 830/473/718 787/437/677
f 831/397/719 830/473/718 779/432/669
f 831/397/719 832/474/720 830/473/718
f 833/475/721 832/474/720 831/397/719
f 833/475/721 831/397/719 743/396/722
f 834/476/723 835/319/548 661/321/550
f 834/476/723 661/321/550 836/477/573
f 836/477/573 661/321/550 668/328/557
f 837/478/724 838/479/725 839/480/726
f 837/478/724 839/480/726 840/481/727
f 838/479/725 841/482/728 839/480/726
f 838/479/725 842/483/729 841/482/728
f 839/480/726 843/484/730 840/481/727
f 840/481/727 843/484/730 844/485/731
f 839/480/726 845/486/732 843/484/730
f 839/480/726 841/482/728 846/487/733
f 839/480/726 846/487/733 845/486/732
f 847/488/734 845/486/732 846/487/733
f 841/482/728 847/488/734 846/487/733
f 847/488/734 848/489/735 845/486/732
f 841/482/728 849/490/736 847/488/734
f 850/483/737 849/490/736 841/482/728
f 850/483/737 851/491/738 849/490/736
f 851/491/738 852/492/739 849/490/736
f 851/491/738 853/493/740 852/492/739
f 852/492/739 854/494/741 849/490/736
f 849/490/736 855/495/742 847/488/734
f 855/495/742 849/490/736 856/496/743
f 847/488/734 855/495/742 856/496/743
f 847/488/734 856/496/743 848/489/735
f 849/490/736 854/494/741 856/496/743
f 852/492/744 857/497/745 858/494/746
f 859/498/747 860/499/748 861/496/749
f 862/500/730 859/498/747 861/496/749
f 862/500/730 861/496/749 863/494/750
f 864/501/751 862/500/730 863/494/750
f 865/502/752 866/503/753 867/504/754
f 865/502/752 868/505/755 866/503/753
f 868/505/755 869/506/756 866/503/753
f 870/507/757 866/503/753 869/506/756
f 869/506/756 868/505/755 871/508/758
f 871/508/758 868/505/755 872/509/759
f 867/504/754 873/510/760 865/502/752
f 867/504/754 874/511/761 873/510/760
f 868/505/755 865/502/752 875/512/762
f 876/513/763 868/505/755 875/512/762
f 876/513/763 875/512/762 877/514/764
f 865/502/752 878/515/765 875/512/762
f 865/502/752 873/510/760 878/515/765
f 879/516/766 877/514/764 875/512/762
f 875/512/762 878/515/765 879/516/766
f 878/515/765 873/510/760 879/516/766
f 873/510/760 874/511/761 879/516/766
f 877/514/764 879/516/766 880/517/767
f 880/517/767 879/516/766 881/518/768
f 879/516/766 882/519/769 881/518/768
f 874/511/761 882/519/769 879/516/766
f 881/518/768 882/519/769 883/520/770
f 884/521/771 882/519/769 874/511/761
f 884/521/771 874/511/761 885/522/772
f 874/511/761 886/523/773 885/522/772
f 867/504/754 886/523/773 874/511/761
f 867/504/754 887/524/774 886/523/773
f 888/525/775 887/524/774 867/504/754
f 888/525/775 889/526/776 887/524/774
f 888/525/775 890/527/777 889/526/776
f 886/523/773 891/528/778 885/522/772
f 887/524/774 891/528/778 886/523/773
f 892/529/779 885/522/772 891/528/778
f 892/529/779 891/528/778 893/530/780
f 893/530/780 891/528/778 894/531/781
f 889/526/776 894/531/781 887/524/774
f 887/524/774 894/531/781 891/528/778
f 893/530/780 894/531/781 895/532/782
f 889/526/776 896/532/783 894/531/781
f 897/533/784 896/532/783 889/526/776
f 888/525/775 867/504/754 898/534/785
f 899/535/786 888/525/775 898/534/785
f 888/525/775 899/535/786 900/527/787
f 900/527/788 901/536/789 889/526/790
f 901/536/789 902/537/791 889/526/790
f 903/538/792 899/535/786 898/534/785
f 904/539/793 903/538/792 898/534/785
f 905/537/794 906/533/795 889/526/796
f 907/526/797 908/531/798 896/532/799
f 907/526/797 909/524/800 908/531/798
f 910/525/801 909/524/800 907/526/797
f 910/525/801 907/526/797 911/527/802
f 910/525/801 912/504/803 909/524/800
f 912/504/803 913/523/804 909/524/800
f 912/504/803 914/511/805 913/523/804
f 912/504/803 915/510/806 914/511/805
f 912/504/803 916/502/807 915/510/806
f 916/502/807 912/504/803 917/503/808
f 916/502/807 917/503/808 918/505/809
f 918/505/809 917/503/808 919/506/810
f 920/507/757 919/506/810 917/503/808
f 919/506/810 921/508/758 918/505/809
f 921/508/758 922/509/811 918/505/809
f 918/505/809 923/512/812 916/502/807
f 924/513/813 923/512/812 918/505/809
f 924/513/813 925/514/814 923/512/812
f 916/502/807 923/512/812 926/515/815
f 916/502/807 926/515/815 915/510/806
f 927/516/816 923/512/812 925/514/814
f 923/512/812 927/516/816 926/515/815
f 926/515/815 927/516/816 915/510/806
f 915/510/806 927/516/816 914/511/805
f 925/514/814 928/517/817 927/516/816
f 928/517/817 929/518/818 927/516/816
f 927/516/816 929/518/818 930/519/819
f 914/511/805 927/516/816 930/519/819
f 931/521/820 914/511/805 930/519/819
f 931/521/820 932/522/821 914/511/805
f 914/511/805 932/522/821 913/523/804
f 913/523/804 932/522/821 933/528/822
f 934/529/823 933/528/822 932/522/821
f 934/529/823 935/530/824 933/528/822
f 935/530/824 908/531/798 933/528/822
f 935/530/824 936/532/825 908/531/798
f 909/524/800 913/523/804 933/528/822
f 909/524/800 933/528/822 908/531/798
f 931/521/820 930/519/819 937/540/826
f 937/540/826 938/541/827 931/521/820
f 931/521/820 938/541/827 939/542/828
f 939/542/828 938/541/827 940/543/829
f 940/543/829 941/544/779 939/542/828
f 937/540/826 930/519/819 942/520/830
f 938/541/827 937/540/826 942/520/830
f 929/518/818 942/520/830 930/519/819
f 938/541/827 942/520/830 943/545/831
f 944/543/829 938/541/827 943/545/831
f 945/543/829 946/542/832 941/544/823
f 946/542/832 945/543/829 947/541/833
f 884/521/771 946/542/832 947/541/833
f 948/540/834 884/521/771 947/541/833
f 884/521/771 948/540/834 882/519/769
f 948/540/834 883/520/770 882/519/769
f 947/541/833 883/520/770 948/540/834
f 947/541/833 949/545/835 883/520/770
f 950/543/836 949/545/835 947/541/833
f 951/509/837 868/505/755 952/546/838
f 868/505/755 953/513/839 952/546/838
f 951/509/837 952/546/838 918/505/809
f 918/505/809 952/546/838 953/513/839
f 954/347/576 955/547/840 684/344/841
f 956/548/842 957/549/843 958/550/844
f 957/549/843 959/551/845 958/550/844
f 960/552/793 961/553/846 962/554/847
f 961/553/846 963/549/848 962/554/847
f 964/548/849 962/554/847 963/549/848
f 965/555/850 966/556/851 639/299/528
f 642/302/531 965/555/850 639/299/528
f 966/556/851 646/306/535 639/299/528
f 967/279/852 968/282/853 969/281/854
f 967/279/852 969/281/854 970/280/855
f 968/282/853 971/283/856 969/281/854
f 968/282/853 972/284/857 971/283/856
f 969/281/854 973/285/858 970/280/855
f 969/281/854 974/286/859 973/285/858
f 971/283/856 974/286/859 969/281/854
f 971/283/856 975/287/860 974/286/859
f 976/288/861 974/286/859 975/287/860
f 976/288/861 977/289/862 974/286/859
f 977/289/862 973/285/858 974/286/859
f 967/279/852 970/280/855 978/290/863
f 968/282/853 979/291/864 972/284/857
f 980/292/865 979/291/864 968/282/853
f 967/279/852 980/292/865 968/282/853
f 980/292/865 981/293/866 979/291/864
f 980/292/865 982/294/867 981/293/866
f 982/294/867 980/292/865 983/295/868
f 967/279/852 983/295/868 980/292/865
f 984/296/869 983/295/868 967/279/852
f 984/296/869 967/279/852 978/290/863
f 984/296/869 978/290/863 985/297/870
f 984/296/869 985/297/870 986/298/871
f 986/298/871 985/297/870 987/299/872
f 988/300/873 984/296/869 986/298/871
f 982/294/867 983/295/868 988/300/873
f 984/296/869 988/300/873 983/295/868
f 988/300/873 986/298/871 989/301/874
f 990/302/875 986/298/871 987/299/872
f 990/302/875 989/301/874 986/298/871
f 991/303/876 985/297/870 978/290/863
f 992/304/877 985/297/870 991/303/876
f 992/304/877 993/305/878 985/297/870
f 985/297/870 993/305/878 987/299/872
f 987/299/872 993/305/878 994/306/879
f 995/307/880 992/304/877 991/303/876
f 995/307/880 991/303/876 996/308/881
f 996/308/881 997/309/882 995/307/880
f 996/308/881 998/310/883 997/309/882
f 999/311/884 998/310/883 996/308/881
f 999/311/884 1000/312/885 998/310/883
f 993/305/878 992/304/877 1001/313/886
f 993/305/878 1001/313/886 1002/314/887
f 1001/313/886 992/304/877 1003/315/888
f 1003/315/888 992/304/877 995/307/880
f 1003/315/888 995/307/880 1004/316/889
f 997/309/882 1004/316/889 995/307/880
f 1003/315/888 1004/316/889 1005/317/890
f 996/308/881 970/280/855 999/311/884
f 996/308/881 991/303/876 970/280/855
f 991/303/876 978/290/863 970/280/855
f 970/280/855 1006/318/891 999/311/884
f 1006/318/891 1000/312/885 999/311/884
f 973/285/858 1000/312/885 1006/318/891
f 973/285/858 1006/318/891 970/280/855
f 977/289/862 1000/312/885 973/285/858
f 1007/319/892 1008/321/893 1009/320/894
f 1009/320/894 1008/321/893 1010/322/895
f 1009/320/894 1010/322/895 1011/323/896
f 1011/323/896 1010/322/895 1012/324/897
f 1011/323/896 1012/324/897 1013/325/898
f 1014/326/899 1012/324/897 1010/322/895
f 1015/327/900 1012/324/897 1014/326/899
f 1014/326/899 1010/322/895 1016/328/901
f 1008/321/893 1016/328/901 1010/322/895
f 1017/329/902 1011/323/896 1013/325/898
f 1018/330/903 1011/323/896 1017/329/902
f 1018/330/903 1009/320/894 1011/323/896
f 1017/329/902 1019/331/904 1018/330/903
f 1017/329/902 1020/332/905 1019/331/904
f 1020/332/905 1021/333/906 1019/331/904
f 1020/332/905 1022/334/907 1021/333/906
f 1023/335/908 1022/334/907 1020/332/905
f 1023/335/908 1024/336/909 1022/334/907
f 1025/337/910 1023/335/908 1020/332/905
f 1025/337/910 1020/332/905 1017/329/902
f 1017/329/902 1013/325/898 1025/337/910
f 1025/337/910 1026/338/911 1023/335/908
f 1026/338/911 1024/336/909 1023/335/908
f 1025/337/910 1027/339/912 1026/338/911
f 1013/325/898 1027/339/912 1025/337/910
f 1026/338/911 1028/340/913 1024/336/909
f 1013/325/898 1029/341/914 1027/339/912
f 1019/331/904 1021/333/906 1030/344/915
f 1019/331/904 1030/344/915 1031/345/916
f 1019/331/904 1032/346/917 1018/330/903
f 1019/331/904 1031/345/916 1032/346/917
f 1033/347/918 1031/345/916 1030/344/915
f 1032/346/917 1031/345/916 1033/347/918
f 1018/330/903 1032/346/917 1009/320/894
f 1009/320/894 1032/346/917 1034/348/919
f 1009/320/894 1034/348/919 1035/319/920
f 1032/346/917 1036/347/921 1034/348/919
f 1037/342/922 1027/339/923 1038/341/924
f 1037/342/922 1038/341/924 1039/343/925
f 1029/341/914 1012/324/897 1040/349/926
f 1029/341/914 1013/325/898 1012/324/897
f 1041/349/927 1012/324/897 1015/327/900
f 1042/349/928 1015/327/929 1043/350/930
f 1044/351/931 1045/353/932 1046/352/933
f 1044/351/931 1046/352/933 1047/354/934
f 1047/354/934 1046/352/933 1048/355/935
f 1045/353/932 1044/351/931 1049/356/936
f 1045/353/932 1049/356/936 1050/357/937
f 1046/352/933 1045/353/932 1051/358/938
f 1046/352/933 1051/358/938 1052/361/939
f 1053/360/940 1046/352/933 1052/361/939
f 1046/352/933 1054/359/941 1048/355/935
f 1046/352/933 1053/360/940 1054/359/941
f 1055/372/942 1051/358/938 1045/353/932
f 1055/372/942 1045/353/932 1050/357/937
f 1056/370/943 1051/358/938 1055/372/942
f 1057/363/944 1055/372/942 1050/357/937
f 1055/372/942 1057/363/944 1058/370/945
f 1057/363/944 1050/357/937 1059/362/946
f 1049/356/936 1059/362/946 1050/357/937
f 1057/363/944 1059/362/946 1060/364/597
f 1061/365/947 1060/364/597 1059/362/946
f 1061/365/947 1059/362/946 1049/356/936
f 1062/366/948 1057/363/944 1060/364/597
f 1062/366/948 1063/367/949 1057/363/944
f 1057/363/944 1063/367/949 1064/368/950
f 1057/363/944 1064/368/950 1058/370/945
f 1064/368/950 1063/367/949 1065/369/951
f 1066/370/952 1064/368/950 1065/369/951
f 1067/371/953 1063/367/949 1062/366/948
f 1068/371/954 1065/369/951 1063/367/949
f 1061/365/947 1049/356/936 1069/374/955
f 1061/365/947 1069/374/955 1070/373/956
f 1070/373/956 1069/374/955 1071/375/957
f 1070/373/956 1071/375/957 1072/376/958
f 1072/376/958 1071/375/957 1073/377/959
f 1074/378/960 1073/377/959 1071/375/957
f 1073/377/959 1074/378/960 1075/379/961
f 1073/377/959 1075/379/961 1076/380/962
f 1077/381/963 1073/377/959 1076/380/962
f 1073/377/959 1077/381/963 1078/382/964
f 1072/376/958 1073/377/959 1078/382/964
f 1044/351/931 1069/374/955 1049/356/936
f 1044/351/931 1079/383/965 1069/374/955
f 1080/384/966 1071/375/957 1069/374/955
f 1080/384/966 1069/374/955 1079/383/965
f 1080/384/966 1079/383/965 1081/385/967
f 1044/351/931 1081/385/967 1079/383/965
f 1080/384/966 1081/385/967 1082/386/968
f 1082/386/968 1081/385/967 1083/387/969
f 1083/387/969 1084/388/970 1082/386/968
f 1084/388/970 1080/384/966 1082/386/968
f 1083/387/969 1085/389/971 1084/388/970
f 1084/388/970 1085/389/971 1086/390/972
f 1084/388/970 1086/390/972 1087/391/973
f 1087/391/973 1088/392/974 1084/388/970
f 1087/391/973 1089/393/975 1088/392/974
f 1044/351/931 1047/354/934 1081/385/967
f 1084/388/970 1090/394/976 1080/384/966
f 1084/388/970 1088/392/974 1090/394/976
f 1047/354/934 1091/395/977 1081/385/967
f 1081/385/967 1091/395/977 1083/387/969
f 1092/396/978 1093/398/979 1094/397/980
f 1095/399/981 1093/398/979 1092/396/978
f 1093/398/979 1095/399/981 1096/400/982
f 1093/398/979 1096/400/982 1097/401/983
f 1096/400/982 1098/402/984 1097/401/983
f 1097/401/983 1098/402/984 1099/403/985
f 1100/404/986 1093/398/979 1097/401/983
f 1093/398/979 1100/404/986 1101/405/987
f 1097/401/983 1102/406/988 1100/404/986
f 1097/401/983 1099/403/985 1102/406/988
f 1102/406/988 1099/403/985 1103/407/989
f 1104/408/990 1098/402/984 1096/400/982
f 1104/408/990 1105/409/991 1098/402/984
f 1106/410/992 1105/409/991 1104/408/990
f 1106/410/992 1107/411/993 1105/409/991
f 1108/412/994 1107/411/993 1106/410/992
f 1108/412/994 1109/413/995 1107/411/993
f 1102/406/988 1110/414/996 1100/404/986
f 1102/406/988 1111/415/997 1110/414/996
f 1111/415/997 1112/416/998 1110/414/996
f 1111/415/997 1113/417/999 1112/416/998
f 1112/416/998 1113/417/999 1114/418/1000
f 1115/419/1001 1112/416/998 1114/418/1000
f 1116/420/1002 1112/416/998 1115/419/1001
f 1110/414/996 1112/416/998 1116/420/1002
f 1114/418/1000 1113/417/999 1117/421/1003
f 1110/414/996 1116/420/1002 1118/422/1004
f 1119/423/1005 1116/420/1002 1120/424/1001
f 1121/425/1006 1119/423/1005 1120/424/1001
f 1121/425/1006 1120/424/1001 1122/426/1007
f 1123/427/1008 1121/425/1006 1122/426/1007
f 1124/428/1009 1121/425/1006 1123/427/1008
f 1121/425/1006 1124/428/1009 1119/423/1005
f 1124/428/1009 1123/427/1008 1125/429/1010
f 1123/427/1008 1122/426/1007 1126/430/1003
f 1125/429/1010 1127/431/1011 1124/428/1009
f 1124/428/1009 1127/431/1011 1128/432/1012
f 1124/428/1009 1128/432/1012 1129/433/1013
f 1119/423/1005 1124/428/1009 1129/433/1013
f 1129/433/1013 1130/422/1004 1119/423/1005
f 1131/405/1014 1130/422/1004 1129/433/1013
f 1128/432/1012 1131/405/1014 1129/433/1013
f 1123/427/1008 1126/430/1003 1132/434/1015
f 1123/427/1008 1132/434/1015 1133/435/1016
f 1134/429/1017 1123/427/1008 1133/435/1016
f 1134/429/1017 1133/435/1016 1135/436/988
f 1094/397/1018 1131/405/1014 1128/432/1012
f 1128/432/1012 1127/431/1011 1136/437/1019
f 1137/438/1020 1136/437/1019 1127/431/1011
f 1137/438/1020 1127/431/1011 1138/439/1021
f 1139/429/1017 1138/439/1021 1127/431/1011
f 1140/440/1022 1138/439/1021 1139/429/1017
f 1138/439/1021 1140/440/1022 1141/441/1023
f 1138/439/1021 1141/441/1023 1142/442/985
f 1138/439/1021 1142/442/985 1143/443/1024
f 1137/438/1020 1138/439/1021 1143/443/1024
f 1144/444/1025 1143/443/1024 1142/442/985
f 1143/443/1024 1144/444/1025 1145/445/1026
f 1143/443/1024 1145/445/1026 1146/446/1027
f 1147/447/1028 1143/443/1024 1146/446/1027
f 1145/445/1026 1147/447/1028 1146/446/1027
f 1145/445/1026 1148/448/1029 1147/447/1028
f 1144/444/1025 1142/442/985 1149/449/1030
f 1145/445/1026 1144/444/1025 1150/450/1031
f 1145/445/1026 1150/450/1031 1151/451/1032
f 1148/448/1029 1145/445/1026 1151/451/1032
f 1151/451/1032 1150/450/1031 1152/452/1033
f 1151/451/1032 1152/452/1033 1153/453/1034
f 1148/448/1029 1151/451/1032 1154/454/1035
f 1154/454/1035 1151/451/1032 1153/453/1034
f 1154/454/1035 1153/453/1034 1155/455/1036
f 1156/456/1037 1152/452/1033 1150/450/1031
f 1156/456/1037 1150/450/1031 1157/457/1038
f 1157/457/1038 1150/450/1031 1144/444/1025
f 1157/457/1038 1144/444/1025 1149/449/1030
f 1137/438/1020 1143/443/1024 1158/458/1039
f 1159/459/1040 1160/461/1041 1161/460/1042
f 1159/459/1040 1162/462/1043 1160/461/1041
f 1139/429/1017 1159/459/1040 1161/460/1042
f 1139/429/1017 1161/460/1042 1140/440/1022
f 1161/460/1042 1160/461/1041 1163/463/1044
f 1161/460/1042 1163/463/1044 1164/464/1045
f 1140/440/1022 1161/460/1042 1164/464/1045
f 1140/440/1022 1164/464/1045 1141/441/1023
f 1159/459/1040 1165/465/1046 1162/462/1043
f 1159/459/1040 1166/466/1047 1165/465/1046
f 1167/429/1048 1166/466/1047 1159/459/1040
f 1167/429/1048 1168/436/1049 1166/466/1047
f 1169/422/1050 1170/420/1051 1119/423/1052
f 1100/404/986 1118/422/1004 1101/405/987
f 1100/404/986 1110/414/996 1171/422/1053
f 1172/467/1054 1173/469/1055 1174/468/1056
f 1172/467/1054 1175/470/1057 1173/469/1055
f 1176/471/1045 1172/467/1054 1174/468/1056
f 1176/471/1045 1174/468/1056 1177/472/1058
f 1102/406/988 1176/471/1045 1177/472/1058
f 1103/407/989 1176/471/1045 1102/406/988
f 1094/397/980 1093/398/979 1178/405/987
f 1094/397/1018 1128/432/1012 1179/473/1059
f 1128/432/1012 1136/437/1019 1179/473/1059
f 1180/397/1060 1179/473/1061 1181/474/1062
f 1182/475/1063 1180/397/1060 1181/474/1062
f 1182/475/1063 1092/396/1064 1180/397/1060
f 1183/476/1065 1008/321/893 1184/319/920
f 1183/476/1065 1185/477/1066 1008/321/893
f 1185/477/1066 1016/328/901 1008/321/893
f 1186/478/1067 1187/481/1068 1188/480/1069
f 1186/478/1067 1188/480/1069 1189/479/1070
f 1189/479/1070 1188/480/1069 1190/482/1071
f 1189/479/1070 1190/482/1071 1191/483/1072
f 1188/480/1069 1187/481/1068 1192/484/1073
f 1187/481/1068 1193/485/1074 1192/484/1073
f 1188/480/1069 1192/484/1073 1194/486/1075
f 1188/480/1069 1195/487/1076 1190/482/1071
f 1188/480/1069 1194/486/1075 1195/487/1076
f 1196/488/1077 1195/487/1076 1194/486/1075
f 1190/482/1071 1195/487/1076 1196/488/1077
f 1196/488/1077 1194/486/1075 1197/489/1078
f 1190/482/1071 1196/488/1077 1198/490/1079
f 1199/483/1080 1190/482/1071 1198/490/1079
f 1199/483/1080 1198/490/1079 1200/491/1081
f 1200/491/1081 1198/490/1079 1201/492/1082
f 1200/491/1081 1201/492/1082 1202/493/1083
f 1201/492/1082 1198/490/1079 1203/494/1084
f 1198/490/1079 1196/488/1077 1204/495/1085
f 1204/495/1085 1205/496/1086 1198/490/1079
f 1196/488/1077 1205/496/1086 1204/495/1085
f 1196/488/1077 1197/489/1078 1205/496/1086
f 1198/490/1079 1205/496/1086 1203/494/1084
f 1201/492/1087 1206/494/1088 1207/497/1089
f 1208/498/1090 1209/496/1091 1210/499/1092
f 1211/500/1073 1209/496/1091 1208/498/1090
f 1211/500/1073 1212/494/1084 1209/496/1091
f 1213/501/1089 1212/494/1084 1211/500/1073
f 910/525/801 1214/527/787 1215/535/786
f 1215/535/786 1216/534/1093 910/525/801
f 1217/538/1094 1216/534/1093 1215/535/786
f 1218/539/1095 1216/534/1093 1217/538/1094
f 910/525/801 1216/534/1093 912/504/803
f 1214/527/1096 907/526/1097 1219/536/1098
f 1219/536/1098 907/526/1097 1220/537/1099
f 1221/537/1100 907/526/1101 1222/533/1102
f 1223/533/1103 907/526/797 896/532/799
f 1224/347/918 1030/344/1066 1225/547/1104
f 1226/548/1105 1227/550/1106 1228/549/1107
f 1228/549/1107 1227/550/1106 1229/551/1108
f 1230/552/793 1231/554/1109 1232/553/1110
f 1232/553/1110 1231/554/1109 1233/549/1111
f 1234/548/1112 1233/549/1111 1231/554/1109
f 1235/555/1113 987/299/872 1236/556/1114
f 990/302/875 987/299/872 1235/555/1113
f 1236/556/1114 987/299/872 994/306/879
