# Blender 5.1.2
# www.blender.org
mtllib monstro0007.mtl
o Object_33
v 4.565014 -132.905014 81.523972
v 4.338254 -132.559113 81.425369
v 6.325670 -132.440353 81.552483
v 6.325670 -132.918106 81.552483
v 7.102668 -132.467285 81.580780
v 7.102668 -132.936066 81.580780
v 4.604606 -132.289001 81.881615
v 5.673593 -132.345871 81.938492
v 7.098910 -132.480667 81.850616
v 7.098910 -132.718765 81.968033
v 5.673593 -132.678268 82.065178
v 4.188889 -132.890106 81.536995
v 7.098910 -132.925232 81.850616
v 5.354472 -133.015778 81.832832
v 7.098910 -132.718765 81.968033
v 5.673593 -132.678268 82.065178
v 4.604605 -132.949631 81.941986
v 4.228481 -132.949234 81.966881
v 2.392396 -133.100464 81.685524
v 3.052271 -133.067551 82.195854
v 1.939022 -133.067551 82.412827
v 4.416542 -132.597885 82.148407
v 3.241556 -132.678268 82.294983
v 2.372585 -132.678268 82.496277
v 2.392396 -132.244522 81.606728
v 1.900582 -132.319397 81.549591
v 1.900582 -133.096832 81.549591
v 1.605497 -133.076324 82.409904
v 1.939022 -132.346130 82.464088
v 3.052271 -132.289001 82.107231
v 2.372585 -132.678268 82.496277
v 3.241556 -132.678268 82.294983
v 4.151087 -132.272736 81.893082
v 4.416542 -132.597885 82.148407
v 1.633513 -132.371201 81.323006
v 1.526906 -133.167282 81.323006
v 1.605497 -132.325760 82.426895
v 1.942397 -132.678268 82.536102
v 1.607806 -132.678268 82.516968
v 4.379998 -132.272202 81.886894
v 0.619154 -132.449768 68.875793
v 0.414365 -132.308167 71.593933
v 0.935154 -132.266754 71.382149
v 0.993650 -132.513153 73.058838
v 0.487022 -132.523544 72.977684
v 0.994998 -132.511032 73.598366
v 0.464458 -132.539154 73.509979
v 1.172612 -133.127411 73.350433
v 1.172613 -133.171326 73.623421
v 1.172612 -133.095306 73.087509
v 0.308060 -133.138672 73.254631
v 0.308060 -133.095306 72.949013
v 0.740336 -133.327408 73.018265
v 0.740336 -133.369629 73.285431
v 1.172612 -133.095306 73.087509
v 1.172612 -133.127411 73.350433
v 0.740337 -133.412094 73.554169
v 1.172613 -133.171326 73.623421
v 0.308061 -133.171326 73.484924
v 0.830301 -133.629517 76.088402
v 0.306055 -133.237137 76.277496
v 1.230235 -133.237137 76.416039
v 0.334208 -132.405548 76.120567
v 0.012404 -133.560760 76.376801
v 0.012404 -132.527084 76.250900
v 1.165215 -132.951279 71.227577
v 0.715179 -133.245193 71.333466
v 0.333095 -132.951279 71.439354
v 0.619154 -133.154327 68.875793
v 0.372845 -132.879669 68.875793
v 0.619154 -132.449768 68.875793
v 0.619154 -133.154327 68.875793
v 1.294992 -132.310837 76.166573
v 1.294992 -132.310837 76.166573
v 1.294992 -132.310837 76.166573
v 1.230235 -133.237137 76.416039
v 0.968926 -133.528076 78.856369
v 0.846803 -133.735321 77.065964
v 1.250908 -133.261337 77.246635
v 0.012404 -134.118225 78.877609
v 0.012404 -133.861694 76.941177
v 1.115779 -132.679794 78.887535
v 1.245259 -132.425232 77.246635
v 1.230235 -133.237137 76.416039
v 0.012404 -133.560760 76.376801
v 0.306055 -133.237137 76.277496
v 0.830301 -133.629517 76.088402
v 0.760325 -132.216232 77.589539
v 0.831511 -132.105301 77.072639
v 0.012404 -132.278580 77.794662
v 0.012404 -132.310715 78.877609
v 0.012404 -132.254700 76.695053
v 0.193570 -132.208344 76.437347
v 0.899084 -132.132019 76.541748
v 0.334208 -132.405548 76.120567
v 1.294992 -132.310837 76.166573
v 0.012404 -132.527084 76.250900
v 0.012404 -132.527084 76.250900
v 1.280284 -132.421356 77.007362
v 1.294992 -132.310837 76.166573
v 1.294992 -132.310837 76.166573
v 0.012404 -132.197815 79.766899
v 1.178962 -132.571777 79.716705
v 1.633513 -132.371201 81.323006
v 0.012404 -131.796722 81.336067
v 0.966596 -132.178238 82.548309
v 1.605497 -132.325760 82.426895
v 1.607806 -132.678268 82.516968
v 0.957743 -132.678268 82.564018
v 0.467534 -132.733658 82.711540
v 0.012404 -132.288986 82.641838
v 1.050097 -133.475220 79.716705
v 1.526906 -133.167282 81.323006
v 0.542687 -133.922379 79.783081
v 0.871952 -133.728806 81.226639
v 0.012404 -133.906128 81.418457
v 0.966596 -133.067551 82.416367
v 0.012404 -133.111694 82.547127
v 0.467534 -132.733658 82.711540
v 0.957743 -132.678268 82.564018
v 1.605497 -133.076324 82.409904
v 1.607806 -132.678268 82.516968
v 1.900582 -133.096832 81.549591
v 0.012404 -134.090424 79.786514
v 7.304121 -132.976486 81.539520
v 7.304121 -132.432266 81.539520
v 7.452557 -132.662125 81.548004
v 7.471015 -132.844849 81.398323
v 7.696621 -132.936188 81.390800
v 7.722791 -132.771652 81.550415
v 7.814222 -132.987167 81.503250
v 7.732298 -133.018936 81.643456
v 7.998094 -132.651062 81.764587
v 7.924614 -132.317245 81.640755
v 8.008974 -132.868790 81.784622
v 8.016235 -133.040833 81.797997
v 7.952839 -132.976318 81.351234
v 7.976388 -133.031403 81.470039
v 8.094219 -132.966843 81.358345
v 8.104343 -133.019913 81.451134
v 8.187252 -133.033829 81.308746
v 8.197563 -133.087860 81.403229
v 8.153023 -132.647873 81.636078
v 8.201752 -132.844437 81.635910
v 8.200872 -132.660660 81.448280
v 8.219378 -132.841660 81.454140
v 8.336580 -132.645706 81.376869
v 8.252338 -132.421677 81.386719
v 8.151924 -132.412354 81.434792
v 8.352680 -132.813370 81.379700
v 8.087557 -132.318771 81.625534
v 8.194149 -132.314926 81.691910
v 8.252338 -132.421677 81.386719
v 8.348555 -132.648483 81.680092
v 8.336580 -132.645706 81.376869
v 8.341963 -132.848007 81.679138
v 8.046482 -132.672836 81.948761
v 8.044224 -132.872360 81.942497
v 8.352680 -132.813370 81.379700
v 7.304121 -132.709824 81.981804
v 7.304121 -132.432266 81.840729
v 7.963366 -132.302612 81.818100
v 8.087557 -132.318771 81.625534
v 7.924614 -132.317245 81.640755
v 8.219378 -132.841660 81.454140
v 8.201752 -132.844437 81.635910
v 8.044224 -132.872360 81.942497
v 8.008974 -132.868790 81.784622
v 7.098910 -132.718765 81.968033
v 7.098910 -132.925232 81.850616
v 7.304121 -132.976486 81.828369
v 8.044224 -132.872360 81.942497
v 8.042400 -133.033569 81.937431
v 8.016235 -133.040833 81.797997
v 7.732298 -133.018936 81.643456
v 7.304121 -132.976486 81.539520
v 7.704122 -133.117828 81.460487
v 7.670760 -133.044693 81.334610
v 7.422751 -132.983292 81.389915
v 7.471015 -132.844849 81.398323
v 7.696621 -132.936188 81.390800
v 7.814222 -132.987167 81.503250
v 7.961060 -133.152039 81.418671
v 7.930259 -133.077530 81.288940
v 8.197563 -133.087860 81.403229
v 8.187252 -133.033829 81.308746
v 7.952839 -132.976318 81.351234
v 8.094219 -132.966843 81.358345
v 8.104343 -133.019913 81.451134
v 7.976388 -133.031403 81.470039
v 7.102668 -132.936066 81.580780
v 8.393637 -132.844879 81.783943
v 8.388773 -133.006104 81.781639
v 8.486700 -132.989838 81.489441
v 8.490694 -132.861145 81.487854
v 8.346937 -133.003601 81.520737
v 8.271900 -133.013351 81.701218
v 8.335295 -132.851074 81.527557
v 8.257322 -132.841324 81.696854
v 8.044224 -132.872360 81.942497
v 8.008974 -132.868790 81.784622
v 8.087557 -132.318771 81.625534
v 8.151924 -132.412354 81.434792
v 8.087557 -132.318771 81.625534
v 8.346937 -133.003601 81.520737
v 8.335295 -132.851074 81.527557
v 8.490694 -132.861145 81.487854
v 8.486700 -132.989838 81.489441
v 8.271900 -133.013351 81.701218
v 8.257322 -132.841324 81.696854
v 7.924614 -132.317245 81.640755
v 7.098910 -132.480667 81.850616
v 7.304121 -132.432266 81.539520
v 7.102668 -132.467285 81.580780
v 7.102668 -132.936066 81.580780
v 0.881024 -132.879669 68.875793
v 0.619154 -132.449768 68.875793
v 1.165215 -132.951279 71.227577
v 0.619154 -132.449768 68.875793
v 0.881024 -132.879669 68.875793
v 0.881024 -132.879669 68.505905
v 0.619154 -132.449768 68.505905
v 0.619154 -133.228241 68.523651
v 0.619154 -133.154327 68.875793
v 0.905084 -132.523376 67.862648
v 0.619154 -132.354263 67.868217
v 1.063068 -134.537628 67.862648
v 0.780535 -134.328842 68.173485
v 0.426572 -134.625900 68.047722
v 0.394534 -134.811234 67.910217
v 0.357284 -132.879669 68.505905
v 0.619154 -133.154327 68.875793
v 0.372845 -132.879669 68.875793
v 0.619154 -132.449768 68.505905
v 0.619154 -132.449768 68.875793
v 0.336893 -132.543274 67.862648
v 0.265768 -134.507355 68.073181
v 0.130052 -134.634689 67.862648
v 0.619154 -132.354263 67.868217
v 0.336893 -132.543274 67.862648
v 1.063068 -134.537628 67.862648
v 0.394534 -134.811234 67.910217
v 0.130052 -134.634689 67.862648
v 0.905084 -132.523376 67.862648
v 0.336893 -132.543274 67.862648
v 0.619154 -132.354263 67.868217
v 0.405199 -133.561996 83.966873
v 0.310331 -133.536453 83.667122
v 0.704464 -133.208313 83.822868
v 0.152816 -133.639984 83.902161
v 0.012404 -133.697296 83.667122
v 0.012404 -133.636566 83.628479
v 0.012404 -133.675201 83.821686
v 0.012404 -133.802536 83.920486
v 0.599341 -133.406342 84.225418
v 0.780101 -133.212219 84.501984
v 0.081631 -133.638153 84.178062
v 0.012404 -133.712006 84.108688
v 0.012404 -133.653183 84.311424
v 0.344696 -133.614853 84.239166
v 0.372842 -133.648376 84.430214
v 0.012404 -133.688522 84.457870
v 0.012404 -133.677429 84.637306
v 0.372842 -133.629730 84.653969
v 0.012404 -133.404358 85.181091
v 0.644279 -133.357361 84.980812
v 0.668668 -132.680145 85.130341
v 0.829423 -132.693283 84.495117
v 0.676726 -132.778183 83.826881
v 0.350000 -133.358963 83.234306
v 0.458957 -132.767426 83.215637
v 0.012404 -133.099030 83.176239
v 0.674152 -132.173843 84.400513
v 0.012404 -131.828552 84.815338
v 0.012404 -131.939865 83.860649
v 0.644992 -132.369202 83.821320
v 0.012404 -132.351837 83.319336
v 0.012404 -132.351837 83.319336
v 0.012404 -132.288986 82.641838
v 0.271007 -133.516525 83.574463
v 0.012404 -133.580765 83.166397
v 0.012404 -133.099030 83.176239
v 0.012404 -133.111694 82.547127
v 0.467534 -132.733658 82.711540
v 0.012404 -133.640717 83.473259
v 0.012404 -133.613129 83.542259
v 0.467534 -132.733658 82.711540
v 0.012404 -132.288986 82.641838
v -0.434149 -132.767426 83.215637
v -0.620183 -132.369202 83.821320
v -0.651917 -132.778183 83.826881
v -0.325192 -133.358963 83.234306
v 0.012404 -133.099030 83.176239
v -0.679655 -133.208313 83.822868
v -0.804614 -132.693283 84.495117
v -0.755293 -133.212219 84.501984
v -0.574532 -133.406342 84.225418
v -0.380390 -133.561996 83.966873
v -0.285523 -133.536453 83.667122
v -0.128008 -133.639984 83.902161
v 0.012404 -133.697296 83.667122
v 0.012404 -133.636566 83.628479
v 0.012404 -133.675201 83.821686
v 0.012404 -133.802536 83.920486
v -0.056822 -133.638153 84.178062
v 0.012404 -133.712006 84.108688
v 0.012404 -133.653183 84.311424
v -0.319888 -133.614853 84.239166
v -0.348034 -133.648376 84.430214
v 0.012404 -133.688522 84.457870
v 0.012404 -133.677429 84.637306
v -0.348034 -133.629730 84.653969
v -0.619471 -133.357361 84.980812
v -0.643859 -132.680145 85.130341
v -0.649343 -132.173843 84.400513
v 0.012404 -131.828552 84.815338
v 0.012404 -131.939865 83.860649
v 0.012404 -132.351837 83.319336
v -0.322313 -133.379333 85.102745
v -0.459236 -132.805405 85.302948
v -0.643859 -132.680145 85.130341
v 0.012404 -132.245300 85.295799
v 0.012404 -131.828552 84.815338
v 0.012404 -133.404358 85.181091
v 0.012404 -132.919510 85.405190
v 0.012404 -132.245300 85.295799
v 0.012404 -132.245300 85.295799
v 0.668668 -132.680145 85.130341
v 0.484045 -132.805405 85.302948
v 0.347122 -133.379333 85.102745
v 0.012404 -132.919510 85.405190
v 0.012404 -132.245300 85.295799
v 0.012404 -133.802536 83.920486
v 0.012404 -133.805237 83.956894
v 0.012404 -133.712006 84.108688
v 0.619154 -133.154327 68.875793
v 0.881024 -132.879669 68.875793
v 0.012404 -132.676636 83.603111
v 0.704464 -133.208313 83.822868
v 0.012404 -133.636566 83.628479
v 0.310331 -133.536453 83.667122
v 0.012404 -133.613129 83.542259
v 0.271007 -133.516525 83.574463
v 0.012404 -133.422791 83.322845
v 0.704464 -133.208313 83.822868
v 0.012404 -132.676636 83.603111
v 1.942397 -132.678268 82.536102
v 1.607806 -132.678268 82.516968
v -4.540206 -132.904984 81.523941
v -6.300860 -132.918076 81.552452
v -6.300860 -132.440323 81.552452
v -4.313445 -132.559067 81.425354
v -7.077860 -132.467255 81.580750
v -7.077861 -132.936035 81.580750
v -4.579795 -132.288956 81.881599
v -5.648786 -132.345840 81.938461
v -7.074100 -132.480637 81.850586
v -7.074100 -132.718735 81.968002
v -5.648786 -132.678238 82.065147
v -4.164080 -132.890076 81.536972
v -7.074100 -132.925201 81.850586
v -5.329665 -133.015747 81.832802
v -7.074100 -132.718735 81.968002
v -5.648786 -132.678238 82.065147
v -4.579799 -132.949600 81.941956
v -4.203672 -132.949203 81.966858
v -2.367586 -133.100433 81.685501
v -3.027462 -133.067520 82.195831
v -1.914213 -133.067520 82.412804
v -4.391735 -132.597839 82.148392
v -3.216747 -132.678238 82.294952
v -2.347774 -132.678238 82.496254
v -2.367586 -132.244492 81.606705
v -1.875772 -132.319366 81.549568
v -1.875772 -133.096802 81.549568
v -1.580689 -133.076309 82.409889
v -1.914213 -132.346100 82.464066
v -3.027462 -132.288971 82.107208
v -2.347774 -132.678238 82.496254
v -3.216747 -132.678238 82.294952
v -4.126278 -132.272705 81.893059
v -4.391735 -132.597839 82.148392
v -1.608704 -132.371185 81.322998
v -1.502098 -133.167267 81.322998
v -1.580689 -132.325745 82.426880
v -1.917587 -132.678238 82.536079
v -1.582998 -132.678253 82.516953
v -4.355187 -132.272156 81.886879
v -0.594346 -132.449753 68.875793
v -0.910346 -132.266739 71.382149
v -0.389556 -132.308151 71.593925
v -0.968841 -132.513138 73.058838
v -0.462213 -132.523529 72.977684
v -0.970189 -132.511002 73.598358
v -0.439649 -132.539124 73.509972
v -1.147803 -133.127396 73.350426
v -1.147804 -133.171295 73.623413
v -1.147803 -133.095291 73.087509
v -0.283251 -133.138657 73.254623
v -0.283252 -133.095291 72.949013
v -0.715527 -133.327393 73.018265
v -0.715527 -133.369614 73.285423
v -1.147803 -133.095291 73.087509
v -1.147803 -133.127396 73.350426
v -0.715528 -133.412064 73.554161
v -1.147804 -133.171295 73.623413
v -0.283251 -133.171295 73.484917
v -0.805492 -133.629486 76.088394
v -0.281246 -133.237106 76.277489
v -1.205426 -133.237106 76.416031
v -0.309400 -132.405533 76.120560
v -1.140407 -132.951263 71.227577
v -0.690371 -133.245178 71.333466
v -0.308287 -132.951263 71.439354
v -0.594346 -133.154312 68.875793
v -0.348036 -132.879654 68.875793
v -0.594346 -132.449753 68.875793
v -0.594346 -133.154312 68.875793
v 0.012404 -133.560760 76.376801
v -0.309400 -132.405533 76.120560
v 0.012404 -132.527084 76.250900
v -1.270182 -132.393051 76.156235
v -1.270182 -132.393051 76.156235
v -1.270182 -132.393051 76.156235
v -1.205426 -133.237106 76.416031
v -0.944117 -133.528076 78.856369
v -1.226099 -133.261337 77.246635
v -0.821995 -133.735321 77.065964
v 0.012404 -134.118225 78.877609
v 0.012404 -133.861694 76.941177
v -1.090970 -132.679794 78.887535
v -1.220450 -132.425232 77.246635
v -1.205426 -133.237106 76.416031
v -0.805492 -133.629486 76.088394
v -0.281246 -133.237106 76.277489
v 0.012404 -133.560760 76.376801
v -1.259399 -132.421356 77.014854
v -1.270182 -132.393051 76.156235
v -0.806702 -132.105301 77.072639
v -1.270182 -132.393051 76.156235
v -0.735517 -132.216232 77.589539
v 0.012404 -132.278580 77.794662
v 0.012404 -132.310715 78.877609
v 0.012404 -132.254700 76.695053
v -0.168761 -132.208344 76.437347
v -0.874276 -132.132019 76.541748
v -0.309400 -132.405533 76.120560
v -1.270182 -132.393051 76.156235
v 0.012404 -132.527084 76.250900
v 0.012404 -132.527084 76.250900
v -1.154153 -132.571777 79.716705
v 0.012404 -132.197815 79.766899
v -1.608704 -132.371185 81.322998
v 0.012404 -131.796722 81.336067
v -0.941788 -132.178223 82.548302
v -1.580689 -132.325745 82.426880
v -1.582998 -132.678253 82.516953
v -0.932935 -132.678253 82.564003
v -0.442726 -132.733658 82.711540
v 0.012404 -132.288986 82.641838
v -1.025290 -133.475220 79.716705
v -1.502098 -133.167267 81.322998
v -0.517879 -133.922379 79.783081
v -0.847144 -133.728790 81.226631
v 0.012404 -133.906128 81.418457
v -0.941788 -133.067535 82.416359
v 0.012404 -133.111694 82.547127
v -0.442726 -132.733658 82.711540
v -0.932935 -132.678253 82.564003
v -1.580689 -133.076309 82.409889
v -1.582998 -132.678253 82.516953
v -1.875772 -133.096802 81.549568
v 0.012404 -134.090424 79.786514
v -7.279314 -132.976471 81.539482
v -7.427750 -132.662109 81.547966
v -7.279313 -132.432251 81.539482
v -7.446208 -132.844833 81.398285
v -7.671814 -132.936172 81.390762
v -7.697984 -132.771637 81.550377
v -7.789415 -132.987152 81.503204
v -7.707491 -133.018921 81.643417
v -7.973287 -132.651047 81.764542
v -7.899807 -132.317230 81.640717
v -7.984167 -132.868774 81.784584
v -7.991427 -133.040817 81.797958
v -7.928032 -132.976303 81.351196
v -7.951581 -133.031387 81.470001
v -8.069410 -132.966827 81.358307
v -8.079535 -133.019897 81.451096
v -8.162444 -133.033813 81.308708
v -8.172755 -133.087845 81.403191
v -8.128216 -132.647858 81.636040
v -8.176944 -132.844421 81.635872
v -8.176064 -132.660645 81.448242
v -8.194570 -132.841644 81.454102
v -8.311772 -132.645691 81.376831
v -8.227530 -132.421661 81.386681
v -8.127116 -132.412338 81.434753
v -8.327873 -132.813354 81.379662
v -8.062750 -132.318756 81.625496
v -8.169342 -132.314911 81.691872
v -8.227530 -132.421661 81.386681
v -8.323747 -132.648468 81.680054
v -8.311772 -132.645691 81.376831
v -8.317156 -132.847992 81.679100
v -8.021675 -132.672821 81.948723
v -8.019417 -132.872345 81.942459
v -8.327873 -132.813354 81.379662
v -7.279314 -132.709808 81.981766
v -7.279313 -132.432251 81.840691
v -7.938558 -132.302597 81.818062
v -8.062750 -132.318756 81.625496
v -7.899807 -132.317230 81.640717
v -8.194570 -132.841644 81.454102
v -8.176944 -132.844421 81.635872
v -8.019417 -132.872345 81.942459
v -7.984167 -132.868774 81.784584
v -7.074100 -132.718735 81.968002
v -7.074100 -132.925201 81.850586
v -7.279314 -132.976471 81.828331
v -8.019417 -132.872345 81.942459
v -8.017591 -133.033554 81.937393
v -7.991427 -133.040817 81.797958
v -7.707491 -133.018921 81.643417
v -7.279314 -132.976471 81.539482
v -7.679315 -133.117813 81.460449
v -7.645953 -133.044678 81.334572
v -7.397944 -132.983276 81.389877
v -7.446208 -132.844833 81.398285
v -7.671814 -132.936172 81.390762
v -7.789415 -132.987152 81.503204
v -7.936253 -133.152023 81.418633
v -7.905452 -133.077515 81.288902
v -8.172755 -133.087845 81.403191
v -8.162444 -133.033813 81.308708
v -7.928032 -132.976303 81.351196
v -8.069410 -132.966827 81.358307
v -8.079535 -133.019897 81.451096
v -7.951581 -133.031387 81.470001
v -7.077861 -132.936035 81.580750
v -8.368830 -132.844864 81.783905
v -8.461892 -132.989822 81.489403
v -8.363965 -133.006088 81.781601
v -8.465886 -132.861130 81.487816
v -8.322128 -133.003586 81.520699
v -8.247092 -133.013336 81.701180
v -8.310487 -132.851059 81.527512
v -8.232514 -132.841309 81.696815
v -8.019417 -132.872345 81.942459
v -7.984167 -132.868774 81.784584
v -8.062750 -132.318756 81.625496
v -8.127116 -132.412338 81.434753
v -8.062750 -132.318756 81.625496
v -8.322128 -133.003586 81.520699
v -8.465886 -132.861130 81.487816
v -8.310487 -132.851059 81.527512
v -8.461892 -132.989822 81.489403
v -8.247092 -133.013336 81.701180
v -8.232514 -132.841309 81.696815
v -7.899807 -132.317230 81.640717
v -7.074100 -132.480637 81.850586
v -7.279313 -132.432251 81.539482
v -7.077860 -132.467255 81.580750
v -7.077861 -132.936035 81.580750
v -0.856215 -132.879654 68.875793
v -0.594346 -132.449753 68.875793
v -1.140407 -132.951263 71.227577
v -0.594346 -132.449753 68.875793
v -0.594346 -132.449753 68.505898
v -0.856215 -132.879654 68.505898
v -0.856215 -132.879654 68.875793
v -0.594346 -133.228226 68.523643
v -0.594346 -133.154312 68.875793
v -0.880275 -132.523361 67.862640
v -0.594346 -132.354248 67.868210
v -1.038260 -134.537613 67.862640
v -0.755726 -134.328827 68.173477
v -0.401764 -134.625885 68.047714
v -0.369725 -134.811218 67.910210
v -0.332474 -132.879654 68.505898
v -0.594346 -133.154312 68.875793
v -0.348036 -132.879654 68.875793
v -0.594346 -132.449753 68.505898
v -0.594346 -132.449753 68.875793
v -0.312085 -132.543259 67.862640
v -0.240959 -134.507339 68.073174
v -0.105244 -134.634674 67.862640
v -0.312085 -132.543259 67.862640
v -0.594346 -132.354248 67.868210
v -1.038260 -134.537613 67.862640
v -0.105244 -134.634674 67.862640
v -0.369725 -134.811218 67.910210
v -0.880275 -132.523361 67.862640
v -0.312085 -132.543259 67.862640
v -0.594346 -132.354248 67.868210
v 0.012404 -133.099030 83.176239
v 0.012404 -133.580765 83.166397
v -0.246199 -133.516525 83.574463
v 0.012404 -133.640717 83.473259
v 0.012404 -133.613129 83.542259
v 0.012404 -133.111694 82.547127
v -0.442726 -132.733658 82.711540
v -0.442726 -132.733658 82.711540
v 0.012404 -132.288986 82.641838
v 0.012404 -132.288986 82.641838
v -0.594346 -133.154312 68.875793
v -0.856215 -132.879654 68.875793
v 0.012404 -132.676636 83.603111
v 0.012404 -133.636566 83.628479
v -0.679655 -133.208313 83.822868
v -0.285523 -133.536453 83.667122
v 0.012404 -133.613129 83.542259
v 0.012404 -133.422791 83.322845
v -0.246199 -133.516525 83.574463
v -0.679655 -133.208313 83.822868
v 0.012404 -132.676636 83.603111
v -1.917587 -132.678238 82.536079
v -1.582998 -132.678253 82.516953
vn -0.0207 -0.7165 -0.6973
vn -0.0255 0.4064 -0.9133
vn 0.0683 0.6544 -0.7530
vn 0.0512 -0.6648 -0.7453
vn -0.1115 0.7019 -0.7035
vn -0.1555 -0.7151 -0.6815
vn 0.0472 0.9698 0.2394
vn 0.0518 0.9233 0.3806
vn -0.0312 0.8305 0.5561
vn -0.0001 -0.0580 0.9983
vn 0.0606 -0.0828 0.9947
vn -0.0238 -0.7149 -0.6988
vn -0.0640 -0.8396 0.5394
vn 0.0233 -0.9588 0.2831
vn -0.0001 -0.0581 0.9983
vn -0.0115 -0.8846 0.4663
vn 0.1045 -0.8851 0.4535
vn 0.0490 -0.7943 -0.6056
vn 0.1574 -0.8370 0.5241
vn 0.0418 -0.7795 0.6250
vn 0.0899 0.0816 0.9926
vn 0.1888 0.0760 0.9791
vn 0.2012 0.0172 0.9794
vn 0.0137 0.7476 -0.6640
vn 0.1449 0.7695 -0.6219
vn 0.3050 -0.7575 -0.5772
vn 0.0124 -0.7983 0.6022
vn 0.0300 0.7354 0.6770
vn 0.1404 0.8973 0.4186
vn 0.2012 0.0173 0.9794
vn 0.1889 0.0761 0.9791
vn -0.0079 0.9899 0.1419
vn 0.6213 0.6579 -0.4257
vn 0.7451 -0.6489 -0.1545
vn 0.1109 0.7805 0.6153
vn 0.0129 -0.0413 0.9991
vn 0.0187 -0.0621 0.9979
vn 0.0393 0.9860 0.1620
vn -0.0206 0.9945 -0.1031
vn -0.6581 0.7515 0.0467
vn 0.5405 0.8413 -0.0098
vn 0.5989 0.7992 0.0513
vn -0.6142 0.7848 0.0826
vn 0.5776 0.8144 -0.0562
vn -0.6432 0.7654 -0.0186
vn 0.9292 -0.3643 -0.0629
vn 0.9067 -0.4114 -0.0934
vn 0.9319 -0.3599 -0.0451
vn -0.9159 -0.3950 -0.0722
vn -0.9221 -0.3855 -0.0344
vn 0.0129 -0.9934 -0.1143
vn 0.0202 -0.9888 -0.1481
vn 0.9292 -0.3642 -0.0629
vn 0.0090 -0.9930 -0.1175
vn 0.9067 -0.4113 -0.0933
vn -0.9071 -0.4178 -0.0508
vn 0.0748 -0.9950 -0.0661
vn -0.5270 -0.5581 -0.6409
vn 0.9194 -0.3915 -0.0375
vn -0.5005 0.6828 -0.5322
vn -0.0000 -0.6392 -0.7690
vn -0.0000 0.2789 -0.9603
vn 0.9489 -0.3090 -0.0648
vn -0.0413 -0.9983 -0.0408
vn -0.9262 -0.3765 -0.0197
vn -0.0250 -0.9996 0.0114
vn -0.9950 -0.0997 -0.0033
vn -0.0249 -0.9996 0.0115
vn 0.7460 0.6550 -0.1201
vn 0.7460 0.6551 -0.1201
vn 0.9194 -0.3914 -0.0375
vn 0.8248 -0.5653 0.0116
vn 0.4632 -0.8745 -0.1438
vn 0.9380 -0.3454 0.0288
vn -0.0000 -0.9994 -0.0357
vn -0.0000 -0.9489 -0.3156
vn 0.8721 0.4870 0.0470
vn 0.8568 0.4909 0.1581
vn 0.2500 0.9487 0.1934
vn 0.2160 0.9709 0.1033
vn -0.0000 0.9986 0.0535
vn -0.0000 0.9997 0.0243
vn -0.0000 0.9962 -0.0874
vn -0.3488 0.8709 -0.3462
vn 0.1281 0.9719 -0.1977
vn -0.5004 0.6826 -0.5326
vn -0.0000 0.2788 -0.9604
vn 0.9046 0.4169 0.0894
vn -0.0000 0.9822 -0.1880
vn 0.8165 0.5309 -0.2269
vn 0.6213 0.6579 -0.4256
vn 0.0001 0.9997 -0.0245
vn 0.2083 0.7123 0.6703
vn 0.0188 -0.0621 0.9979
vn 0.2018 -0.1235 0.9716
vn 0.5848 -0.1700 0.7931
vn -0.0000 0.8650 0.5019
vn 0.8616 -0.4983 -0.0966
vn 0.7450 -0.6489 -0.1545
vn 0.4752 -0.8799 -0.0013
vn 0.4556 -0.8692 0.1920
vn 0.0001 -0.9450 0.3271
vn 0.1917 -0.6954 0.6926
vn -0.0000 -0.8719 0.4896
vn 0.5848 -0.1699 0.7932
vn 0.2018 -0.1236 0.9716
vn 0.0124 -0.7983 0.6021
vn 0.0187 -0.0622 0.9979
vn 0.3049 -0.7575 -0.5773
vn -0.0000 -0.9975 0.0711
vn -0.4408 -0.7146 -0.5433
vn -0.1428 0.6660 -0.7322
vn 0.0664 0.2244 -0.9722
vn -0.2909 0.4654 -0.8359
vn 0.2663 0.6342 -0.7258
vn 0.5293 0.4611 -0.7122
vn 0.7577 0.2611 0.5981
vn 0.3919 -0.9200 -0.0021
vn -0.0710 -0.1191 -0.9903
vn 0.0048 0.6478 -0.7618
vn 0.0565 -0.1729 -0.9833
vn 0.0364 -0.8601 -0.5089
vn 0.0372 0.9298 -0.3662
vn 0.1574 0.3023 0.9401
vn 0.2300 0.9586 -0.1679
vn 0.3412 0.3901 0.8552
vn 0.7614 0.1076 -0.6393
vn 0.8707 -0.4075 0.2752
vn -0.8262 -0.1853 -0.5320
vn -0.4532 -0.8363 -0.3085
vn -0.7808 -0.1605 -0.6038
vn -0.5755 -0.6788 -0.4561
vn 0.5409 0.1107 -0.8338
vn 0.3291 0.5226 -0.7865
vn -0.6583 0.4081 -0.6326
vn 0.5062 -0.4561 -0.7319
vn -0.2582 0.7436 -0.6168
vn 0.5537 0.7935 0.2526
vn -0.6583 0.4080 -0.6326
vn 0.9119 0.1643 0.3761
vn 0.7131 -0.6401 0.2860
vn 0.3472 0.1581 0.9244
vn 0.2479 -0.0155 0.9687
vn -0.0382 -0.0074 0.9992
vn -0.1313 0.8359 0.5330
vn 0.0834 0.8229 0.5620
vn -0.2582 0.7435 -0.6168
vn -0.5756 -0.6787 -0.4561
vn -0.1428 0.6659 -0.7322
vn -0.0002 -0.0580 0.9983
vn -0.1279 -0.8683 0.4793
vn 0.2478 -0.0155 0.9687
vn 0.1066 -0.6639 0.7402
vn 0.3918 -0.9201 -0.0020
vn -0.4408 -0.7146 -0.5432
vn -0.0846 -0.9894 0.1179
vn -0.2199 -0.3368 -0.9156
vn -0.5528 -0.4068 -0.7272
vn 0.2663 0.6342 -0.7259
vn 0.7577 0.2611 0.5980
vn 0.0964 -0.9590 0.2667
vn -0.0475 -0.2948 -0.9544
vn 0.8707 -0.4075 0.2753
vn 0.2299 0.9586 -0.1678
vn 0.3413 0.3901 0.8552
vn 0.1573 0.3024 0.9401
vn -0.1555 -0.7151 -0.6816
vn 0.5824 0.6226 0.5227
vn 0.5984 -0.6225 0.5044
vn 0.6294 -0.5263 -0.5717
vn 0.6350 0.5145 -0.5763
vn -0.4564 -0.6399 -0.6182
vn -0.3260 -0.8379 -0.4377
vn -0.5050 0.6148 -0.6058
vn -0.4123 0.8067 -0.4234
vn 0.0565 -0.1728 -0.9833
vn -0.2581 0.7436 -0.6168
vn 0.5537 0.7935 0.2525
vn -0.6582 0.4080 -0.6326
vn -0.2581 0.7435 -0.6169
vn 0.6350 0.5144 -0.5763
vn 0.6295 -0.5263 -0.5717
vn -0.4122 0.8067 -0.4235
vn 0.0048 0.6479 -0.7617
vn -0.1115 0.7019 -0.7034
vn -0.4407 -0.7146 -0.5432
vn 0.9936 -0.0970 -0.0580
vn -0.0205 0.9945 -0.1031
vn 0.9488 -0.3090 -0.0648
vn 0.9707 0.0618 0.2320
vn -0.0073 0.9718 0.2357
vn -0.0146 -0.5522 0.8336
vn -0.0250 -0.9996 0.0115
vn 0.7029 0.4519 -0.5492
vn -0.0227 0.8451 -0.5341
vn 0.7602 -0.5759 -0.3009
vn 0.3118 -0.3877 0.8675
vn -0.0509 -0.5387 0.8410
vn -0.1106 -0.9868 -0.1181
vn -0.9677 0.0694 0.2422
vn -0.0249 -0.9996 0.0114
vn -0.7060 0.4350 -0.5589
vn -0.4635 -0.3405 0.8181
vn -0.7877 -0.5043 -0.3540
vn -0.0226 0.8451 -0.5342
vn 0.7602 -0.5758 -0.3009
vn -0.7876 -0.5043 -0.3540
vn 0.5204 -0.8431 -0.1356
vn 0.3902 -0.3321 -0.8588
vn 0.8660 -0.3393 -0.3673
vn 0.4696 -0.8810 -0.0579
vn 0.0001 -0.9060 -0.4233
vn -0.0000 -0.2956 -0.9553
vn -0.0000 -0.9721 -0.2347
vn -0.0001 -0.9207 -0.3902
vn 0.7290 -0.6804 -0.0754
vn 0.9295 -0.3665 0.0422
vn 0.3696 -0.9278 0.0501
vn -0.0001 -0.9486 0.3164
vn -0.0000 -0.9958 -0.0920
vn 0.3630 -0.9175 -0.1626
vn 0.4282 -0.9022 -0.0520
vn -0.0000 -0.9968 -0.0794
vn -0.0000 -0.9670 0.2547
vn 0.3939 -0.8925 0.2199
vn -0.0000 -0.6636 0.7481
vn 0.7030 -0.5379 0.4653
vn 0.7993 0.2380 0.5517
vn 0.9929 0.1153 0.0301
vn 0.9537 0.0578 -0.2953
vn 0.6052 -0.4003 -0.6881
vn 0.9124 0.1030 -0.3960
vn -0.0000 -0.5389 -0.8424
vn 0.7735 0.6333 0.0229
vn -0.0000 0.9397 0.3419
vn -0.0000 0.9230 -0.3848
vn 0.8148 0.4648 -0.3465
vn -0.0000 0.9164 -0.4002
vn -0.0000 0.8650 0.5018
vn 0.0980 -0.6530 0.7510
vn -0.0000 -0.6883 -0.7254
vn -0.0000 -0.8719 0.4897
vn 0.9125 0.1029 -0.3960
vn 0.5849 -0.1700 0.7931
vn -0.0000 -0.9995 0.0322
vn -0.0000 -0.3630 0.9318
vn 0.5849 -0.1699 0.7931
vn -0.0000 0.8649 0.5019
vn 0.9124 0.1029 -0.3961
vn -0.9124 0.1030 -0.3960
vn -0.8148 0.4648 -0.3465
vn -0.0000 0.9164 -0.4003
vn -0.9537 0.0578 -0.2953
vn -0.6052 -0.4003 -0.6881
vn -0.8660 -0.3393 -0.3673
vn -0.9929 0.1153 0.0301
vn -0.9295 -0.3665 0.0422
vn -0.7290 -0.6804 -0.0754
vn -0.5204 -0.8431 -0.1356
vn -0.3901 -0.3321 -0.8588
vn -0.4696 -0.8810 -0.0579
vn -0.0001 -0.9060 -0.4233
vn 0.0001 -0.9208 -0.3901
vn -0.3696 -0.9278 0.0501
vn -0.0000 -0.9486 0.3164
vn -0.0000 -0.9958 -0.0921
vn -0.3630 -0.9175 -0.1626
vn -0.4282 -0.9022 -0.0520
vn -0.3939 -0.8925 0.2199
vn -0.7030 -0.5379 0.4653
vn -0.7994 0.2380 0.5517
vn -0.7735 0.6333 0.0229
vn -0.0000 0.9230 -0.3849
vn -0.2775 -0.6404 0.7162
vn -0.4654 -0.0145 0.8850
vn -0.7993 0.2380 0.5518
vn -0.0000 0.5765 0.8171
vn -0.0000 -0.1608 0.9870
vn -0.0000 0.5766 0.8171
vn 0.7993 0.2380 0.5518
vn -0.0001 0.9397 0.3419
vn 0.4654 -0.0144 0.8850
vn 0.2775 -0.6404 0.7162
vn -0.0000 -0.1609 0.9870
vn -0.0000 -0.9208 -0.3901
vn -0.0000 -0.9693 0.2460
vn -0.4696 -0.8810 -0.0580
vn 0.9936 -0.0970 -0.0581
vn -0.0000 -0.9997 -0.0252
vn 0.8660 -0.3392 -0.3673
vn 0.3902 -0.3322 -0.8587
vn 0.0001 -0.3630 0.9318
vn 0.0980 -0.6529 0.7510
vn -0.0000 0.2087 0.9780
vn 0.8660 -0.3393 -0.3674
vn -0.0001 -0.9997 -0.0253
vn 0.0129 -0.0414 0.9991
vn 0.0206 -0.7165 -0.6973
vn -0.0512 -0.6648 -0.7453
vn -0.0684 0.6545 -0.7530
vn 0.0255 0.4064 -0.9133
vn 0.1115 0.7020 -0.7034
vn 0.1554 -0.7151 -0.6815
vn -0.0472 0.9698 0.2394
vn -0.0518 0.9233 0.3806
vn 0.0312 0.8305 0.5561
vn 0.0001 -0.0580 0.9983
vn -0.0606 -0.0828 0.9947
vn 0.0238 -0.7149 -0.6988
vn 0.0640 -0.8396 0.5394
vn -0.0233 -0.9588 0.2831
vn 0.0002 -0.0581 0.9983
vn 0.0115 -0.8846 0.4663
vn -0.1045 -0.8851 0.4535
vn -0.0490 -0.7943 -0.6056
vn -0.1574 -0.8370 0.5241
vn -0.0418 -0.7795 0.6250
vn -0.0899 0.0816 0.9926
vn -0.1888 0.0761 0.9791
vn -0.2012 0.0172 0.9794
vn -0.0138 0.7477 -0.6639
vn -0.1449 0.7695 -0.6219
vn -0.3050 -0.7575 -0.5772
vn -0.0124 -0.7983 0.6021
vn -0.0300 0.7354 0.6770
vn -0.1404 0.8972 0.4186
vn -0.1889 0.0761 0.9790
vn 0.0079 0.9899 0.1419
vn -0.6213 0.6579 -0.4257
vn -0.7450 -0.6489 -0.1545
vn -0.1108 0.7805 0.6153
vn -0.0129 -0.0413 0.9991
vn -0.0187 -0.0621 0.9979
vn -0.0393 0.9860 0.1620
vn 0.0206 0.9945 -0.1031
vn -0.5405 0.8413 -0.0098
vn 0.6581 0.7515 0.0467
vn -0.5989 0.7992 0.0513
vn 0.6142 0.7848 0.0826
vn -0.5787 0.8139 -0.0515
vn 0.6432 0.7654 -0.0186
vn -0.9292 -0.3642 -0.0629
vn -0.9073 -0.4103 -0.0921
vn -0.9319 -0.3600 -0.0451
vn 0.9158 -0.3950 -0.0722
vn 0.9221 -0.3855 -0.0343
vn -0.0129 -0.9934 -0.1143
vn -0.0202 -0.9888 -0.1481
vn -0.9319 -0.3599 -0.0452
vn -0.0090 -0.9930 -0.1174
vn -0.9073 -0.4103 -0.0920
vn 0.9071 -0.4178 -0.0508
vn -0.0791 -0.9950 -0.0610
vn 0.5270 -0.5581 -0.6409
vn -0.9190 -0.3927 -0.0351
vn 0.4751 0.6905 -0.5455
vn -0.9489 -0.3090 -0.0648
vn 0.0413 -0.9983 -0.0408
vn 0.9262 -0.3765 -0.0197
vn 0.0250 -0.9996 0.0114
vn 0.9950 -0.0997 -0.0033
vn 0.0249 -0.9996 0.0114
vn -0.0000 -0.6392 -0.7691
vn -0.7847 0.6061 -0.1301
vn -0.9073 -0.4102 -0.0921
vn -0.9190 -0.3926 -0.0351
vn -0.8248 -0.5653 0.0116
vn -0.9359 -0.3513 0.0240
vn -0.4613 -0.8752 -0.1456
vn -0.8721 0.4870 0.0470
vn -0.8543 0.4923 0.1670
vn -0.0790 -0.9950 -0.0610
vn -0.8987 0.4321 0.0746
vn -0.2246 0.9701 0.0923
vn -0.7846 0.6061 -0.1301
vn -0.2500 0.9487 0.1934
vn 0.3489 0.8709 -0.3462
vn -0.2186 0.9527 -0.2111
vn 0.4750 0.6905 -0.5455
vn -0.7847 0.6060 -0.1302
vn -0.0000 0.2788 -0.9603
vn -0.8165 0.5309 -0.2268
vn -0.0000 0.9997 -0.0245
vn -0.2083 0.7123 0.6703
vn -0.1109 0.7805 0.6153
vn -0.2018 -0.1235 0.9716
vn -0.5848 -0.1700 0.7931
vn -0.8616 -0.4983 -0.0966
vn -0.7450 -0.6489 -0.1544
vn -0.4749 -0.8800 -0.0010
vn -0.4559 -0.8691 0.1918
vn -0.0001 -0.9450 0.3271
vn -0.1916 -0.6954 0.6926
vn -0.5849 -0.1699 0.7931
vn -0.2018 -0.1236 0.9716
vn -0.0188 -0.0622 0.9979
vn -0.3050 -0.7575 -0.5773
vn 0.4407 -0.7146 -0.5433
vn -0.0664 0.2244 -0.9722
vn 0.1427 0.6660 -0.7322
vn 0.2909 0.4655 -0.8359
vn -0.2663 0.6342 -0.7258
vn -0.5293 0.4611 -0.7122
vn -0.7577 0.2611 0.5981
vn -0.3918 -0.9200 -0.0020
vn 0.0710 -0.1191 -0.9903
vn -0.0048 0.6478 -0.7618
vn -0.0565 -0.1729 -0.9833
vn -0.0364 -0.8601 -0.5089
vn -0.0373 0.9298 -0.3662
vn -0.1574 0.3024 0.9401
vn -0.2299 0.9586 -0.1678
vn -0.3412 0.3901 0.8552
vn -0.7614 0.1076 -0.6393
vn -0.8707 -0.4075 0.2752
vn 0.8262 -0.1853 -0.5320
vn 0.4532 -0.8363 -0.3085
vn 0.7808 -0.1605 -0.6038
vn 0.5755 -0.6788 -0.4562
vn -0.5409 0.1107 -0.8338
vn -0.3291 0.5226 -0.7865
vn 0.6582 0.4081 -0.6327
vn -0.5062 -0.4561 -0.7320
vn 0.2582 0.7436 -0.6168
vn -0.5537 0.7935 0.2525
vn 0.6582 0.4080 -0.6326
vn -0.9119 0.1643 0.3761
vn -0.7131 -0.6401 0.2860
vn -0.3472 0.1581 0.9244
vn -0.2479 -0.0155 0.9687
vn 0.0382 -0.0074 0.9992
vn 0.1312 0.8359 0.5330
vn -0.0834 0.8229 0.5620
vn 0.2581 0.7436 -0.6169
vn 0.5756 -0.6787 -0.4562
vn -0.2478 -0.0155 0.9687
vn 0.1427 0.6659 -0.7322
vn 0.1279 -0.8683 0.4793
vn -0.1066 -0.6639 0.7401
vn -0.3918 -0.9201 -0.0020
vn 0.4408 -0.7146 -0.5432
vn 0.0847 -0.9894 0.1179
vn 0.2199 -0.3368 -0.9156
vn 0.5528 -0.4068 -0.7272
vn 0.2909 0.4654 -0.8359
vn -0.2663 0.6342 -0.7259
vn -0.7577 0.2612 0.5981
vn -0.0963 -0.9590 0.2667
vn 0.0475 -0.2948 -0.9544
vn -0.8707 -0.4076 0.2752
vn -0.2300 0.9586 -0.1678
vn -0.3412 0.3902 0.8552
vn -0.1573 0.3024 0.9401
vn 0.1555 -0.7151 -0.6816
vn -0.5823 0.6226 0.5228
vn -0.6295 -0.5263 -0.5717
vn -0.5983 -0.6225 0.5044
vn -0.6350 0.5145 -0.5763
vn 0.4564 -0.6399 -0.6183
vn 0.3261 -0.8379 -0.4377
vn 0.5051 0.6148 -0.6057
vn 0.4123 0.8067 -0.4235
vn 0.2581 0.7436 -0.6168
vn 0.6582 0.4081 -0.6326
vn -0.5537 0.7935 0.2526
vn 0.4564 -0.6399 -0.6182
vn -0.6294 -0.5263 -0.5717
vn 0.4123 0.8067 -0.4234
vn -0.0048 0.6479 -0.7617
vn 0.0313 0.8305 0.5561
vn 0.1428 0.6659 -0.7322
vn 0.1116 0.7020 -0.7034
vn 0.1555 -0.7151 -0.6815
vn -0.9936 -0.0970 -0.0581
vn 0.0205 0.9945 -0.1031
vn -0.9488 -0.3090 -0.0648
vn 0.0073 0.9718 0.2356
vn -0.9707 0.0618 0.2321
vn -0.9936 -0.0970 -0.0580
vn 0.0146 -0.5522 0.8336
vn -0.7029 0.4519 -0.5493
vn 0.0226 0.8451 -0.5342
vn -0.7602 -0.5759 -0.3009
vn -0.3118 -0.3877 0.8675
vn 0.0509 -0.5386 0.8410
vn 0.1106 -0.9868 -0.1181
vn 0.9677 0.0694 0.2422
vn 0.0073 0.9718 0.2357
vn 0.7060 0.4350 -0.5589
vn 0.4635 -0.3405 0.8181
vn 0.7877 -0.5043 -0.3540
vn 0.7061 0.4349 -0.5589
vn -0.7601 -0.5759 -0.3009
vn 0.7876 -0.5043 -0.3540
vn -0.7029 0.4519 -0.5492
vn -0.0980 -0.6530 0.7510
vn -0.0000 -0.5389 -0.8423
vn -0.9125 0.1029 -0.3960
vn -0.5849 -0.1700 0.7931
vn -0.9124 0.1029 -0.3961
vn -0.0000 -0.2955 -0.9553
vn -0.8660 -0.3394 -0.3674
vn -0.3902 -0.3322 -0.8587
vn -0.0000 0.2088 0.9780
vn -0.0980 -0.6529 0.7510
vn -0.0129 -0.0414 0.9991
vn -0.0187 -0.0622 0.9979
vt 0.730382 0.103619
vt 0.705649 0.144477
vt 0.906050 0.162418
vt 0.907543 0.101904
vt 0.999984 0.166941
vt 1.001061 0.095946
vt 0.733494 0.205318
vt 0.838940 0.209383
vt 0.991053 0.210366
vt 0.981648 0.252295
vt 0.840260 0.252371
vt 0.689743 0.104698
vt 0.991405 0.052870
vt 0.810174 0.064464
vt 0.981657 0.011468
vt 0.840250 0.011429
vt 0.734207 0.056759
vt 0.693123 0.056174
vt 0.518060 0.096757
vt 0.575201 0.047645
vt 0.473165 0.043970
vt 0.716055 0.011396
vt 0.597290 0.011359
vt 0.510869 0.011322
vt 0.522475 0.164896
vt 0.485011 0.157654
vt 0.479927 0.107408
vt 0.445175 0.049232
vt 0.473366 0.225391
vt 0.579352 0.211659
vt 0.510849 0.252622
vt 0.597275 0.252464
vt 0.688056 0.203710
vt 0.716059 0.252303
vt 0.459430 0.138427
vt 0.448360 0.105872
vt 0.445220 0.217118
vt 0.468555 0.252667
vt 0.435264 0.252667
vt 0.710772 0.204691
vt 0.809314 0.993189
vt 0.844593 0.748486
vt 0.799681 0.766537
vt 0.795370 0.616810
vt 0.844460 0.624653
vt 0.796731 0.566457
vt 0.846052 0.573862
vt 0.737687 0.589384
vt 0.737679 0.566887
vt 0.737691 0.611583
vt 0.903594 0.595045
vt 0.902086 0.622902
vt 0.947494 0.615460
vt 0.947980 0.591500
vt 0.993009 0.611673
vt 0.993010 0.589483
vt 0.948583 0.568105
vt 0.993012 0.566905
vt 0.904969 0.574145
vt 0.939443 0.344499
vt 0.898532 0.361084
vt 0.993076 0.320695
vt 0.854260 0.365264
vt 0.915162 0.347050
vt 0.854851 0.350073
vt 0.993004 0.780156
vt 0.944441 0.769131
vt 0.900724 0.759988
vt 0.936461 0.995025
vt 0.880074 0.997653
vt 0.789589 0.353336
vt 0.737576 0.320774
vt 0.459999 0.699940
vt 0.421847 0.911548
vt 0.493482 0.874305
vt 0.334346 0.703269
vt 0.334346 0.906337
vt 0.574509 0.696105
vt 0.570429 0.874521
vt 0.490508 0.948126
vt 0.334346 0.965522
vt 0.365140 0.975937
vt 0.420117 0.965795
vt 0.650541 0.838561
vt 0.643075 0.892767
vt 0.726515 0.817051
vt 0.726515 0.703484
vt 0.726515 0.932364
vt 0.709975 0.959389
vt 0.635989 0.948441
vt 0.695226 0.983366
vt 0.579503 0.979625
vt 0.726515 0.978941
vt 0.572418 0.925007
vt 0.726515 0.610225
vt 0.575486 0.609180
vt 0.574131 0.447552
vt 0.726515 0.445670
vt 0.628909 0.318546
vt 0.561909 0.331279
vt 0.561667 0.289065
vt 0.629838 0.284131
vt 0.681244 0.268659
vt 0.726515 0.308737
vt 0.465542 0.609718
vt 0.497836 0.448231
vt 0.389955 0.608312
vt 0.424485 0.456931
vt 0.334346 0.436815
vt 0.434410 0.332167
vt 0.334346 0.318454
vt 0.382074 0.269755
vt 0.433481 0.285227
vt 0.501409 0.332846
vt 0.501652 0.290161
vt 0.532354 0.423067
vt 0.334346 0.607952
vt 0.079805 0.232283
vt 0.164710 0.210607
vt 0.122523 0.194649
vt 0.082536 0.195321
vt 0.065738 0.163787
vt 0.098907 0.148763
vt 0.061632 0.142152
vt 0.067395 0.121429
vt 0.123677 0.114515
vt 0.175785 0.114562
vt 0.094627 0.115280
vt 0.071940 0.113520
vt 0.035702 0.148111
vt 0.041923 0.132093
vt 0.020229 0.138299
vt 0.026355 0.125859
vt 0.005702 0.131286
vt 0.011940 0.118620
vt 0.124248 0.087244
vt 0.097369 0.085301
vt 0.124231 0.055219
vt 0.098622 0.055224
vt 0.124118 0.033753
vt 0.158367 0.040381
vt 0.164154 0.054336
vt 0.099739 0.035139
vt 0.171577 0.088395
vt 0.192231 0.080816
vt 0.172887 0.036601
vt 0.229659 0.051083
vt 0.207206 0.014433
vt 0.253565 0.037615
vt 0.259273 0.099604
vt 0.295568 0.088781
vt 0.225257 0.005464
vt 0.257519 0.214069
vt 0.210893 0.208562
vt 0.203087 0.112287
vt 0.256732 0.004405
vt 0.275505 0.029551
vt 0.296663 0.056271
vt 0.254448 0.243670
vt 0.287294 0.248875
vt 0.299549 0.220380
vt 0.323300 0.104611
vt 0.343328 0.116239
vt 0.349575 0.166371
vt 0.341191 0.234380
vt 0.379236 0.180734
vt 0.393815 0.198439
vt 0.369935 0.227020
vt 0.383913 0.245331
vt 0.408148 0.211617
vt 0.372524 0.153454
vt 0.406401 0.154959
vt 0.418570 0.170953
vt 0.432503 0.130104
vt 0.445823 0.142555
vt 0.433494 0.180403
vt 0.448844 0.163198
vt 0.412154 0.127150
vt 0.395815 0.139939
vt 0.325332 0.261049
vt 0.344700 0.051550
vt 0.359289 0.070966
vt 0.389947 0.045029
vt 0.374202 0.026325
vt 0.391323 0.064504
vt 0.369359 0.086828
vt 0.352694 0.023153
vt 0.330809 0.036634
vt 0.068269 0.054545
vt 0.088448 0.054365
vt 0.085147 0.033440
vt 0.068311 0.035581
vt 0.069129 0.082960
vt 0.091835 0.081384
vt 0.214759 0.239928
vt 0.170727 0.242683
vt 0.094294 0.262400
vt 0.737783 0.987757
vt 0.737708 0.780107
vt 0.274783 0.263290
vt 0.251897 0.284556
vt 0.265085 0.304716
vt 0.290410 0.280108
vt 0.230808 0.322133
vt 0.234686 0.293532
vt 0.317161 0.315098
vt 0.326877 0.296848
vt 0.247112 0.446506
vt 0.230894 0.421947
vt 0.204488 0.436013
vt 0.200804 0.450038
vt 0.202857 0.296193
vt 0.220949 0.280878
vt 0.186739 0.265822
vt 0.206200 0.254811
vt 0.152216 0.291162
vt 0.194174 0.426648
vt 0.177297 0.438725
vt 0.148125 0.271043
vt 0.109679 0.437051
vt 0.158639 0.453515
vt 0.110675 0.292890
vt 0.130164 0.279394
vt 0.048936 0.787641
vt 0.037433 0.823986
vt 0.095670 0.805101
vt 0.018334 0.795488
vt 0.001309 0.823986
vt 0.001309 0.828672
vt 0.001309 0.805245
vt 0.001309 0.793266
vt 0.072476 0.756292
vt 0.104842 0.722758
vt 0.009703 0.762035
vt 0.001309 0.770446
vt 0.001309 0.745864
vt 0.041600 0.754625
vt 0.045013 0.731461
vt 0.001309 0.728107
vt 0.001309 0.706350
vt 0.045012 0.704329
vt 0.000634 0.640415
vt 0.080537 0.664700
vt 0.172489 0.654188
vt 0.168984 0.731210
vt 0.146949 0.810560
vt 0.044855 0.876465
vt 0.134665 0.883862
vt 0.053879 0.921862
vt 0.230813 0.753236
vt 0.327296 0.709405
vt 0.289853 0.844016
vt 0.198004 0.819694
vt 0.222406 0.906637
vt 0.208321 0.985394
vt 0.032665 0.835220
vt 0.001309 0.884699
vt 0.068912 0.997425
vt 0.136690 0.961832
vt 0.001309 0.847491
vt 0.001309 0.839125
vt 0.041894 0.649915
vt 0.070649 0.583980
vt 0.103642 0.580263
vt 0.049090 0.502723
vt 0.103028 0.449168
vt 0.013527 0.576938
vt 0.001309 0.788851
vt 0.992969 0.987765
vt 0.232379 0.916718
vt 0.282941 0.969753
vt 0.311768 0.908112
vt 0.306313 0.933309
vt 0.220304 0.994415
vt 0.243005 0.989735
vt 0.222758 0.978624
vt 0.468563 0.011307
vt 0.435273 0.011298
s 1
usemtl enemy_tonnel
f 1/1/1 2/2/2 3/3/3
f 1/1/1 3/3/3 4/4/4
f 4/4/4 3/3/3 5/5/5
f 4/4/4 5/5/5 6/6/6
f 3/3/3 2/2/2 7/7/7
f 3/3/3 7/7/7 8/8/8
f 5/5/5 3/3/3 8/8/8
f 5/5/5 8/8/8 9/9/9
f 10/10/10 9/9/9 8/8/8
f 10/10/10 8/8/8 11/11/11
f 11/11/11 8/8/8 7/7/7
f 1/1/1 12/12/12 2/2/2
f 4/4/4 6/6/6 13/13/13
f 14/14/14 4/4/4 13/13/13
f 1/1/1 4/4/4 14/14/14
f 14/14/14 13/13/13 15/15/15
f 14/14/14 15/15/15 16/16/11
f 16/16/11 17/17/16 14/14/14
f 1/1/1 14/14/14 17/17/16
f 18/18/17 12/12/12 1/1/1
f 18/18/17 1/1/1 17/17/16
f 18/18/17 19/19/18 12/12/12
f 18/18/17 20/20/19 19/19/18
f 20/20/19 21/21/20 19/19/18
f 22/22/21 20/20/19 18/18/17
f 16/16/11 22/22/21 17/17/16
f 18/18/17 17/17/16 22/22/21
f 22/22/21 23/23/22 20/20/19
f 24/24/23 21/21/20 20/20/19
f 24/24/23 20/20/19 23/23/22
f 25/25/24 12/12/12 19/19/18
f 26/26/25 25/25/24 19/19/18
f 26/26/25 19/19/18 27/27/26
f 19/19/18 21/21/20 27/27/26
f 21/21/20 28/28/27 27/27/26
f 29/29/28 25/25/24 26/26/25
f 29/29/28 30/30/29 25/25/24
f 30/30/29 29/29/28 31/31/30
f 30/30/29 31/31/30 32/32/31
f 33/33/32 30/30/29 32/32/31
f 33/33/32 32/32/31 34/34/21
f 27/27/26 35/35/33 26/26/25
f 27/27/26 36/36/34 35/35/33
f 35/35/33 37/37/35 26/26/25
f 37/37/35 29/29/28 26/26/25
f 37/37/35 38/38/36 29/29/28
f 31/31/30 29/29/28 38/38/36
f 37/37/35 39/39/37 38/38/36
f 30/30/29 33/33/32 2/2/2
f 30/30/29 2/2/2 25/25/24
f 25/25/24 2/2/2 12/12/12
f 2/2/2 33/33/32 40/40/38
f 40/40/38 33/33/32 34/34/21
f 7/7/7 40/40/38 34/34/21
f 7/7/7 2/2/2 40/40/38
f 11/11/11 7/7/7 34/34/21
f 41/41/39 42/42/40 43/43/41
f 42/42/40 44/44/42 43/43/41
f 42/42/40 45/45/43 44/44/42
f 45/45/43 46/46/44 44/44/42
f 45/45/43 47/47/45 46/46/44
f 48/48/46 44/44/42 46/46/44
f 49/49/47 48/48/46 46/46/44
f 48/48/46 50/50/48 44/44/42
f 43/43/41 44/44/42 50/50/48
f 51/51/49 47/47/45 45/45/43
f 52/52/50 51/51/49 45/45/43
f 52/52/50 45/45/43 42/42/40
f 51/51/49 52/52/50 53/53/51
f 51/51/49 53/53/51 54/54/52
f 54/54/52 53/53/51 55/55/48
f 54/54/52 55/55/48 56/56/53
f 57/57/54 54/54/52 56/56/53
f 57/57/54 56/56/53 58/58/55
f 59/59/56 51/51/49 54/54/52
f 59/59/56 54/54/52 57/57/54
f 51/51/49 59/59/56 47/47/45
f 59/59/56 57/57/54 60/60/57
f 60/60/57 57/57/54 58/58/55
f 59/59/56 60/60/57 61/61/58
f 47/47/45 59/59/56 61/61/58
f 60/60/57 58/58/55 62/62/59
f 47/47/45 61/61/58 63/63/60
f 64/64/61 63/63/60 61/61/58
f 64/64/61 65/65/62 63/63/60
f 53/53/51 66/66/63 55/55/48
f 53/53/51 67/67/64 66/66/63
f 53/53/51 52/52/50 68/68/65
f 53/53/51 68/68/65 67/67/64
f 69/69/66 66/66/63 67/67/64
f 68/68/65 69/69/66 67/67/64
f 52/52/50 42/42/40 68/68/65
f 42/42/40 70/70/67 68/68/65
f 42/42/40 71/41/39 70/70/67
f 68/68/65 70/70/67 72/69/68
f 63/63/60 73/71/69 46/46/44
f 63/63/60 46/46/44 47/47/45
f 74/71/69 49/49/47 46/46/44
f 75/71/70 76/72/71 49/49/55
f 77/73/72 78/74/73 79/75/74
f 77/73/72 80/76/75 78/74/73
f 80/76/75 81/77/76 78/74/73
f 79/75/74 82/78/77 77/73/72
f 79/75/74 83/79/78 82/78/77
f 79/75/74 78/74/73 84/80/59
f 78/74/73 81/77/76 85/81/61
f 78/74/73 85/81/61 86/82/58
f 86/82/58 87/83/57 78/74/73
f 78/74/73 87/83/57 84/80/59
f 82/78/77 83/79/78 88/84/79
f 89/85/80 88/84/79 83/79/78
f 89/85/80 90/86/81 88/84/79
f 91/87/82 88/84/79 90/86/81
f 91/87/82 82/78/77 88/84/79
f 92/88/83 90/86/81 89/85/80
f 92/88/83 89/85/80 93/89/84
f 89/85/80 94/90/85 93/89/84
f 93/89/84 94/90/85 95/91/86
f 94/90/85 89/85/80 96/92/70
f 97/93/62 92/88/83 93/89/84
f 98/93/87 93/89/84 95/91/86
f 89/85/80 83/79/78 99/94/88
f 89/85/80 99/94/88 96/92/70
f 99/94/88 83/79/78 79/75/74
f 99/94/88 79/75/74 84/80/59
f 100/92/70 99/94/88 84/80/59
f 94/90/85 101/92/70 95/91/86
f 91/87/82 102/95/89 103/96/90
f 91/87/82 103/96/90 82/78/77
f 102/95/89 104/97/91 103/96/90
f 102/95/89 105/98/92 104/97/91
f 105/98/92 106/99/93 104/97/91
f 107/100/35 104/97/91 106/99/93
f 106/99/93 108/101/94 107/100/35
f 106/99/93 109/102/95 108/101/94
f 110/103/96 109/102/95 106/99/93
f 106/99/93 111/104/97 110/103/96
f 105/98/92 111/104/97 106/99/93
f 77/73/72 82/78/77 103/96/90
f 77/73/72 103/96/90 112/105/98
f 113/106/99 112/105/98 103/96/90
f 113/106/99 103/96/90 104/97/91
f 113/106/99 114/107/100 112/105/98
f 77/73/72 112/105/98 114/107/100
f 113/106/99 115/108/101 114/107/100
f 115/108/101 116/109/102 114/107/100
f 116/109/102 115/108/101 117/110/103
f 117/110/103 115/108/101 113/106/99
f 116/109/102 117/110/103 118/111/104
f 117/110/103 119/112/105 118/111/104
f 117/110/103 120/113/106 119/112/105
f 120/113/106 117/110/103 121/114/107
f 120/113/106 121/114/107 122/115/108
f 77/73/72 114/107/100 80/76/75
f 117/110/103 113/106/99 123/116/109
f 117/110/103 123/116/109 121/114/107
f 80/76/75 114/107/100 124/117/110
f 114/107/100 116/109/102 124/117/110
f 125/118/111 126/119/112 127/120/113
f 128/121/114 125/118/111 127/120/113
f 127/120/113 129/122/115 128/121/114
f 127/120/113 130/123/116 129/122/115
f 129/122/115 130/123/116 131/124/117
f 130/123/116 132/125/118 131/124/117
f 133/126/119 130/123/116 127/120/113
f 127/120/113 134/127/120 133/126/119
f 130/123/116 133/126/119 135/128/121
f 130/123/116 135/128/121 132/125/118
f 135/128/121 136/129/122 132/125/118
f 137/130/123 129/122/115 131/124/117
f 137/130/123 131/124/117 138/131/124
f 139/132/125 137/130/123 138/131/124
f 139/132/125 138/131/124 140/133/126
f 141/134/127 139/132/125 140/133/126
f 141/134/127 140/133/126 142/135/128
f 135/128/121 133/126/119 143/136/129
f 135/128/121 143/136/129 144/137/130
f 144/137/130 143/136/129 145/138/131
f 144/137/130 145/138/131 146/139/132
f 145/138/131 147/140/133 146/139/132
f 148/141/134 147/140/133 145/138/131
f 149/142/135 148/141/134 145/138/131
f 143/136/129 149/142/135 145/138/131
f 147/140/133 150/143/136 146/139/132
f 143/136/129 151/144/137 149/142/135
f 152/145/138 153/146/134 149/142/139
f 154/147/140 153/146/134 152/145/138
f 154/147/140 155/148/133 153/146/134
f 156/149/141 155/148/133 154/147/140
f 157/150/142 156/149/141 154/147/140
f 154/147/140 152/145/138 157/150/142
f 157/150/142 158/151/143 156/149/141
f 156/149/141 159/152/136 155/148/133
f 158/151/143 157/150/142 160/153/144
f 157/150/142 161/154/145 160/153/144
f 157/150/142 162/155/146 161/154/145
f 152/145/138 162/155/146 157/150/142
f 162/155/146 152/145/138 163/144/147
f 164/127/120 162/155/146 163/144/147
f 161/154/145 162/155/146 164/127/120
f 156/149/141 165/156/148 159/152/136
f 156/149/141 166/157/130 165/156/148
f 167/151/143 166/157/130 156/149/141
f 167/151/143 168/158/121 166/157/130
f 126/119/149 161/154/145 164/127/120
f 161/154/145 169/159/150 160/153/144
f 170/160/13 160/153/144 169/159/150
f 170/160/13 171/161/151 160/153/144
f 172/151/152 160/153/144 171/161/151
f 173/162/153 172/151/152 171/161/151
f 171/161/151 174/163/122 173/162/153
f 171/161/151 175/164/154 174/163/122
f 171/161/151 176/165/155 175/164/154
f 170/160/13 176/165/155 171/161/151
f 177/166/156 175/164/154 176/165/155
f 176/165/155 178/167/157 177/166/156
f 176/165/155 179/168/158 178/167/157
f 180/169/114 179/168/158 176/165/155
f 178/167/157 179/168/158 180/169/114
f 178/167/157 180/169/114 181/170/159
f 177/166/156 182/171/160 175/164/154
f 178/167/157 183/172/161 177/166/156
f 178/167/157 184/173/162 183/172/161
f 181/170/159 184/173/162 178/167/157
f 184/173/162 185/174/163 183/172/161
f 184/173/162 186/175/127 185/174/163
f 181/170/159 187/176/123 184/173/162
f 187/176/123 186/175/127 184/173/162
f 187/176/123 188/177/164 186/175/127
f 189/178/165 183/172/161 185/174/163
f 189/178/165 190/179/166 183/172/161
f 190/179/166 182/171/160 177/166/156
f 190/179/166 177/166/156 183/172/161
f 170/160/13 191/180/167 176/165/155
f 192/181/168 193/182/169 194/183/170
f 192/181/168 194/183/170 195/184/171
f 172/151/152 193/182/169 192/181/168
f 172/151/152 173/162/153 193/182/169
f 193/182/169 196/185/172 194/183/170
f 193/182/169 197/186/173 196/185/172
f 173/162/153 197/186/173 193/182/169
f 173/162/153 174/163/122 197/186/173
f 192/181/168 195/184/171 198/187/174
f 192/181/168 198/187/174 199/188/175
f 200/151/143 192/181/168 199/188/175
f 200/151/143 199/188/175 201/158/176
f 202/144/177 152/145/178 203/142/179
f 133/126/119 134/127/120 151/144/180
f 133/126/119 204/144/137 143/136/129
f 205/189/172 206/190/174 207/191/181
f 205/189/172 207/191/181 208/192/182
f 209/193/173 206/190/174 205/189/172
f 209/193/173 210/194/183 206/190/174
f 135/128/121 210/194/183 209/193/173
f 136/129/122 135/128/121 209/193/173
f 126/119/112 211/127/184 127/120/113
f 161/154/145 212/195/9 169/159/150
f 213/119/112 212/195/9 161/154/145
f 213/119/112 214/196/185 212/195/9
f 215/197/6 214/196/185 213/119/112
f 215/197/6 213/119/112 125/118/186
f 216/198/187 217/41/188 43/43/41
f 216/198/187 43/43/41 218/199/189
f 218/199/189 43/43/41 50/50/48
f 219/200/188 220/201/187 221/202/190
f 219/200/188 221/202/190 222/203/191
f 220/201/187 223/204/192 221/202/190
f 220/201/187 224/205/193 223/204/192
f 221/202/190 225/206/194 222/203/191
f 222/203/191 225/206/194 226/207/195
f 221/202/190 227/208/196 225/206/194
f 221/202/190 223/204/192 228/209/197
f 221/202/190 228/209/197 227/208/196
f 229/210/198 227/208/196 228/209/197
f 223/204/192 229/210/198 228/209/197
f 229/210/198 230/211/199 227/208/196
f 223/204/192 231/212/200 229/210/198
f 232/205/201 231/212/200 223/204/192
f 232/205/201 233/213/67 231/212/200
f 233/213/67 234/214/191 231/212/200
f 233/213/67 235/215/39 234/214/191
f 234/214/191 236/216/202 231/212/200
f 231/212/200 237/217/203 229/210/198
f 237/217/203 231/212/200 238/218/204
f 229/210/198 237/217/203 238/218/204
f 229/210/198 238/218/204 230/211/199
f 231/212/200 236/216/202 238/218/204
f 234/214/191 239/219/205 240/216/202
f 241/220/206 242/221/199 243/218/207
f 244/222/194 241/220/206 243/218/207
f 244/222/194 243/218/207 245/216/202
f 246/223/205 244/222/194 245/216/202
f 247/224/208 248/225/209 249/226/210
f 247/224/208 250/227/211 248/225/209
f 250/227/211 251/228/212 248/225/209
f 252/229/213 248/225/209 251/228/212
f 251/228/212 250/227/211 253/230/214
f 253/230/214 250/227/211 254/231/215
f 249/226/210 255/232/216 247/224/208
f 249/226/210 256/233/217 255/232/216
f 250/227/211 247/224/208 257/234/218
f 258/235/219 250/227/211 257/234/218
f 258/235/219 257/234/218 259/236/220
f 247/224/208 260/237/221 257/234/218
f 247/224/208 255/232/216 260/237/221
f 261/238/222 259/236/220 257/234/218
f 257/234/218 260/237/221 261/238/222
f 260/237/221 255/232/216 261/238/222
f 255/232/216 256/233/217 261/238/222
f 259/236/220 261/238/222 262/239/223
f 262/239/223 261/238/222 263/240/224
f 261/238/222 264/241/225 263/240/224
f 256/233/217 264/241/225 261/238/222
f 263/240/224 264/241/225 265/242/226
f 266/243/227 264/241/225 256/233/217
f 266/243/227 256/233/217 267/244/228
f 256/233/217 268/245/229 267/244/228
f 249/226/210 268/245/229 256/233/217
f 249/226/210 269/246/230 268/245/229
f 270/247/231 269/246/230 249/226/210
f 270/247/231 271/248/232 269/246/230
f 270/247/231 272/249/233 271/248/232
f 268/245/229 273/250/234 267/244/228
f 269/246/230 273/250/234 268/245/229
f 274/251/235 267/244/228 273/250/234
f 274/251/235 273/250/234 275/252/236
f 275/252/236 273/250/234 276/253/237
f 271/248/232 276/253/237 269/246/230
f 269/246/230 276/253/237 273/250/234
f 275/252/236 276/253/237 277/254/238
f 271/248/232 278/254/238 276/253/237
f 279/255/239 278/254/238 271/248/232
f 270/247/231 249/226/210 280/256/240
f 281/257/241 270/247/231 280/256/240
f 270/247/231 281/257/241 282/249/233
f 282/249/233 283/258/242 271/248/243
f 283/258/242 284/259/244 271/248/243
f 285/260/245 281/257/241 280/256/240
f 286/261/246 285/260/245 280/256/240
f 287/259/247 288/255/248 271/248/249
f 289/248/250 290/253/251 278/254/252
f 289/248/250 291/246/253 290/253/251
f 292/247/254 291/246/253 289/248/250
f 292/247/254 289/248/250 293/249/233
f 292/247/254 294/226/255 291/246/253
f 294/226/255 295/245/256 291/246/253
f 294/226/255 296/233/257 295/245/256
f 294/226/255 297/232/258 296/233/257
f 294/226/255 298/224/259 297/232/258
f 298/224/259 294/226/255 299/225/260
f 298/224/259 299/225/260 300/227/261
f 300/227/261 299/225/260 301/228/262
f 302/229/213 301/228/262 299/225/260
f 301/228/262 303/230/214 300/227/261
f 303/230/214 304/231/263 300/227/261
f 300/227/261 305/234/264 298/224/259
f 306/235/265 305/234/264 300/227/261
f 306/235/265 307/236/266 305/234/264
f 298/224/259 305/234/264 308/237/267
f 298/224/259 308/237/267 297/232/258
f 309/238/268 305/234/264 307/236/266
f 305/234/264 309/238/268 308/237/267
f 308/237/267 309/238/268 297/232/258
f 297/232/258 309/238/268 296/233/257
f 307/236/266 310/239/223 309/238/268
f 310/239/223 311/240/224 309/238/268
f 309/238/268 311/240/224 312/241/269
f 296/233/257 309/238/268 312/241/269
f 313/243/270 296/233/257 312/241/269
f 313/243/270 314/244/271 296/233/257
f 296/233/257 314/244/271 295/245/256
f 295/245/256 314/244/271 315/250/272
f 316/251/235 315/250/272 314/244/271
f 316/251/235 317/252/273 315/250/272
f 317/252/273 290/253/251 315/250/272
f 317/252/273 318/254/252 290/253/251
f 291/246/253 295/245/256 315/250/272
f 291/246/253 315/250/272 290/253/251
f 313/243/270 312/241/269 319/262/274
f 319/262/274 320/263/275 313/243/270
f 313/243/270 320/263/275 321/264/276
f 321/264/276 320/263/275 322/265/277
f 322/265/277 323/266/235 321/264/276
f 319/262/274 312/241/269 324/242/226
f 320/263/275 319/262/274 324/242/226
f 311/240/224 324/242/226 312/241/269
f 320/263/275 324/242/226 325/267/278
f 326/265/279 320/263/275 325/267/278
f 327/265/277 328/264/280 323/266/281
f 328/264/280 327/265/277 329/263/282
f 266/243/227 328/264/280 329/263/282
f 330/262/283 266/243/227 329/263/282
f 266/243/227 330/262/283 264/241/225
f 330/262/283 265/242/226 264/241/225
f 329/263/282 265/242/226 330/262/283
f 329/263/282 331/267/284 265/242/226
f 332/265/279 331/267/284 329/263/282
f 333/231/285 250/227/211 334/268/286
f 250/227/211 335/235/265 334/268/286
f 333/231/285 334/268/286 300/227/287
f 300/227/287 334/268/286 335/235/265
f 336/69/66 337/269/288 66/66/189
f 338/270/289 339/271/290 340/272/213
f 339/271/290 341/273/291 340/272/213
f 342/274/292 343/275/293 344/276/294
f 343/275/293 345/271/295 344/276/294
f 346/270/296 344/276/294 345/271/295
f 347/277/297 348/278/37 21/21/20
f 24/24/23 347/277/297 21/21/20
f 348/278/37 28/28/27 21/21/20
f 349/1/298 350/4/299 351/3/300
f 349/1/298 351/3/300 352/2/301
f 350/4/299 353/5/302 351/3/300
f 350/4/299 354/6/303 353/5/302
f 351/3/300 355/7/304 352/2/301
f 351/3/300 356/8/305 355/7/304
f 353/5/302 356/8/305 351/3/300
f 353/5/302 357/9/306 356/8/305
f 358/10/307 356/8/305 357/9/306
f 358/10/307 359/11/308 356/8/305
f 359/11/308 355/7/304 356/8/305
f 349/1/298 352/2/301 360/12/309
f 350/4/299 361/13/310 354/6/303
f 362/14/311 361/13/310 350/4/299
f 349/1/298 362/14/311 350/4/299
f 362/14/311 363/15/312 361/13/310
f 362/14/311 364/16/308 363/15/312
f 364/16/308 362/14/311 365/17/313
f 349/1/298 365/17/313 362/14/311
f 366/18/314 365/17/313 349/1/298
f 366/18/314 349/1/298 360/12/309
f 366/18/314 360/12/309 367/19/315
f 366/18/314 367/19/315 368/20/316
f 368/20/316 367/19/315 369/21/317
f 370/22/318 366/18/314 368/20/316
f 364/16/308 365/17/313 370/22/318
f 366/18/314 370/22/318 365/17/313
f 370/22/318 368/20/316 371/23/319
f 372/24/320 368/20/316 369/21/317
f 372/24/320 371/23/319 368/20/316
f 373/25/321 367/19/315 360/12/309
f 374/26/322 367/19/315 373/25/321
f 374/26/322 375/27/323 367/19/315
f 367/19/315 375/27/323 369/21/317
f 369/21/317 375/27/323 376/28/324
f 377/29/325 374/26/322 373/25/321
f 377/29/325 373/25/321 378/30/326
f 378/30/326 379/31/320 377/29/325
f 378/30/326 380/32/327 379/31/320
f 381/33/328 380/32/327 378/30/326
f 381/33/328 382/34/318 380/32/327
f 375/27/323 374/26/322 383/35/329
f 375/27/323 383/35/329 384/36/330
f 383/35/329 374/26/322 385/37/331
f 385/37/331 374/26/322 377/29/325
f 385/37/331 377/29/325 386/38/332
f 379/31/320 386/38/332 377/29/325
f 385/37/331 386/38/332 387/39/333
f 378/30/326 352/2/301 381/33/328
f 378/30/326 373/25/321 352/2/301
f 373/25/321 360/12/309 352/2/301
f 352/2/301 388/40/334 381/33/328
f 388/40/334 382/34/318 381/33/328
f 355/7/304 382/34/318 388/40/334
f 355/7/304 388/40/334 352/2/301
f 359/11/308 382/34/318 355/7/304
f 389/41/335 390/43/336 391/42/337
f 391/42/337 390/43/336 392/44/338
f 391/42/337 392/44/338 393/45/339
f 393/45/339 392/44/338 394/46/340
f 393/45/339 394/46/340 395/47/341
f 396/48/342 394/46/340 392/44/338
f 397/49/343 394/46/340 396/48/342
f 396/48/342 392/44/338 398/50/344
f 390/43/336 398/50/344 392/44/338
f 399/51/345 393/45/339 395/47/341
f 400/52/346 393/45/339 399/51/345
f 400/52/346 391/42/337 393/45/339
f 399/51/345 401/53/347 400/52/346
f 399/51/345 402/54/348 401/53/347
f 402/54/348 403/55/349 401/53/347
f 402/54/348 404/56/342 403/55/349
f 405/57/350 404/56/342 402/54/348
f 405/57/350 406/58/351 404/56/342
f 407/59/352 405/57/350 402/54/348
f 407/59/352 402/54/348 399/51/345
f 399/51/345 395/47/341 407/59/352
f 407/59/352 408/60/353 405/57/350
f 408/60/353 406/58/351 405/57/350
f 407/59/352 409/61/354 408/60/353
f 395/47/341 409/61/354 407/59/352
f 408/60/353 410/62/355 406/58/351
f 395/47/341 411/63/356 409/61/354
f 401/53/347 403/55/349 412/66/357
f 401/53/347 412/66/357 413/67/358
f 401/53/347 414/68/359 400/52/346
f 401/53/347 413/67/358 414/68/359
f 415/69/360 413/67/358 412/66/357
f 414/68/359 413/67/358 415/69/360
f 400/52/346 414/68/359 391/42/337
f 391/42/337 414/68/359 416/70/361
f 391/42/337 416/70/361 417/41/335
f 414/68/359 418/69/362 416/70/361
f 419/64/363 409/61/354 420/63/356
f 419/64/363 420/63/356 421/65/62
f 411/63/356 394/46/340 422/71/364
f 411/63/356 395/47/341 394/46/340
f 423/71/364 394/46/340 397/49/343
f 424/71/364 397/49/365 425/72/366
f 426/73/367 427/75/368 428/74/369
f 426/73/367 428/74/369 429/76/75
f 429/76/75 428/74/369 430/77/76
f 427/75/368 426/73/367 431/78/370
f 427/75/368 431/78/370 432/79/371
f 428/74/369 427/75/368 433/80/355
f 428/74/369 433/80/355 434/83/372
f 435/82/354 428/74/369 434/83/372
f 428/74/369 436/81/61 430/77/76
f 428/74/369 435/82/354 436/81/61
f 437/94/373 433/80/355 427/75/368
f 437/94/373 427/75/368 432/79/371
f 438/92/364 433/80/355 437/94/373
f 439/85/374 437/94/373 432/79/371
f 437/94/373 439/85/374 440/92/375
f 439/85/374 432/79/371 441/84/376
f 431/78/370 441/84/376 432/79/371
f 439/85/374 441/84/376 442/86/81
f 443/87/82 442/86/81 441/84/376
f 443/87/82 441/84/376 431/78/370
f 444/88/83 439/85/374 442/86/81
f 444/88/83 445/89/377 439/85/374
f 439/85/374 445/89/377 446/90/378
f 439/85/374 446/90/378 440/92/375
f 446/90/378 445/89/377 447/91/379
f 448/92/380 446/90/378 447/91/379
f 449/93/381 445/89/377 444/88/83
f 450/93/62 447/91/379 445/89/377
f 443/87/82 431/78/370 451/96/382
f 443/87/82 451/96/382 452/95/89
f 452/95/89 451/96/382 453/97/329
f 452/95/89 453/97/329 454/98/383
f 454/98/383 453/97/329 455/99/384
f 456/100/385 455/99/384 453/97/329
f 455/99/384 456/100/385 457/101/333
f 455/99/384 457/101/333 458/102/386
f 459/103/387 455/99/384 458/102/386
f 455/99/384 459/103/387 460/104/97
f 454/98/383 455/99/384 460/104/97
f 426/73/367 451/96/382 431/78/370
f 426/73/367 461/105/388 451/96/382
f 462/106/389 453/97/329 451/96/382
f 462/106/389 451/96/382 461/105/388
f 462/106/389 461/105/388 463/107/390
f 426/73/367 463/107/390 461/105/388
f 462/106/389 463/107/390 464/108/391
f 464/108/391 463/107/390 465/109/392
f 465/109/392 466/110/393 464/108/391
f 466/110/393 462/106/389 464/108/391
f 465/109/392 467/111/104 466/110/393
f 466/110/393 467/111/104 468/112/394
f 466/110/393 468/112/394 469/113/395
f 469/113/395 470/114/324 466/110/393
f 469/113/395 471/115/396 470/114/324
f 426/73/367 429/76/75 463/107/390
f 466/110/393 472/116/397 462/106/389
f 466/110/393 470/114/324 472/116/397
f 429/76/75 473/117/110 463/107/390
f 463/107/390 473/117/110 465/109/392
f 474/118/398 475/120/399 476/119/400
f 477/121/401 475/120/399 474/118/398
f 475/120/399 477/121/401 478/122/402
f 475/120/399 478/122/402 479/123/403
f 478/122/402 480/124/404 479/123/403
f 479/123/403 480/124/404 481/125/405
f 482/126/406 475/120/399 479/123/403
f 475/120/399 482/126/406 483/127/407
f 479/123/403 484/128/408 482/126/406
f 479/123/403 481/125/405 484/128/408
f 484/128/408 481/125/405 485/129/409
f 486/130/410 480/124/404 478/122/402
f 486/130/410 487/131/411 480/124/404
f 488/132/412 487/131/411 486/130/410
f 488/132/412 489/133/413 487/131/411
f 490/134/414 489/133/413 488/132/412
f 490/134/414 491/135/415 489/133/413
f 484/128/408 492/136/416 482/126/406
f 484/128/408 493/137/417 492/136/416
f 493/137/417 494/138/418 492/136/416
f 493/137/417 495/139/419 494/138/418
f 494/138/418 495/139/419 496/140/420
f 497/141/421 494/138/418 496/140/420
f 498/142/422 494/138/418 497/141/421
f 492/136/416 494/138/418 498/142/422
f 496/140/420 495/139/419 499/143/423
f 492/136/416 498/142/422 500/144/424
f 501/145/425 498/142/426 502/146/421
f 503/147/427 501/145/425 502/146/421
f 503/147/427 502/146/421 504/148/420
f 505/149/428 503/147/427 504/148/420
f 506/150/429 503/147/427 505/149/428
f 503/147/427 506/150/429 501/145/425
f 506/150/429 505/149/428 507/151/430
f 505/149/428 504/148/420 508/152/423
f 507/151/430 509/153/431 506/150/429
f 506/150/429 509/153/431 510/154/432
f 506/150/429 510/154/432 511/155/433
f 501/145/425 506/150/429 511/155/433
f 511/155/433 512/144/434 501/145/425
f 513/127/407 512/144/434 511/155/433
f 510/154/432 513/127/407 511/155/433
f 505/149/428 508/152/423 514/156/435
f 505/149/428 514/156/435 515/157/417
f 516/151/436 505/149/428 515/157/417
f 516/151/436 515/157/417 517/158/408
f 476/119/437 513/127/407 510/154/432
f 510/154/432 509/153/431 518/159/312
f 519/160/310 518/159/312 509/153/431
f 519/160/310 509/153/431 520/161/438
f 521/151/430 520/161/438 509/153/431
f 522/162/439 520/161/438 521/151/430
f 520/161/438 522/162/439 523/163/409
f 520/161/438 523/163/409 524/164/440
f 520/161/438 524/164/440 525/165/441
f 519/160/310 520/161/438 525/165/441
f 526/166/442 525/165/441 524/164/440
f 525/165/441 526/166/442 527/167/443
f 525/165/441 527/167/443 528/168/444
f 529/169/445 525/165/441 528/168/444
f 527/167/443 529/169/445 528/168/444
f 527/167/443 530/170/446 529/169/445
f 526/166/442 524/164/440 531/171/447
f 527/167/443 526/166/442 532/172/448
f 527/167/443 532/172/448 533/173/449
f 530/170/446 527/167/443 533/173/449
f 533/173/449 532/172/448 534/174/450
f 533/173/449 534/174/450 535/175/414
f 530/170/446 533/173/449 536/176/410
f 536/176/410 533/173/449 535/175/414
f 536/176/410 535/175/414 537/177/451
f 538/178/452 534/174/450 532/172/448
f 538/178/452 532/172/448 539/179/453
f 539/179/453 532/172/448 526/166/442
f 539/179/453 526/166/442 531/171/447
f 519/160/310 525/165/441 540/180/454
f 541/181/455 542/183/456 543/182/457
f 541/181/455 544/184/458 542/183/456
f 521/151/430 541/181/455 543/182/457
f 521/151/430 543/182/457 522/162/439
f 543/182/457 542/183/456 545/185/459
f 543/182/457 545/185/459 546/186/460
f 522/162/439 543/182/457 546/186/460
f 522/162/439 546/186/460 523/163/409
f 541/181/455 547/187/461 544/184/458
f 541/181/455 548/188/462 547/187/461
f 549/151/430 548/188/462 541/181/455
f 549/151/430 550/158/408 548/188/462
f 551/144/463 552/142/464 501/145/465
f 482/126/406 500/144/434 483/127/407
f 482/126/406 492/136/416 553/144/424
f 554/189/466 555/191/458 556/190/461
f 554/189/466 557/192/467 555/191/458
f 558/193/460 554/189/466 556/190/461
f 558/193/460 556/190/461 559/194/468
f 484/128/408 558/193/460 559/194/468
f 485/129/409 558/193/460 484/128/408
f 476/119/400 475/120/399 560/127/469
f 476/119/437 510/154/432 561/195/470
f 510/154/432 518/159/312 561/195/470
f 562/119/471 561/195/470 563/196/472
f 564/197/473 562/119/471 563/196/472
f 564/197/473 474/118/441 562/119/471
f 565/198/474 390/43/336 566/41/475
f 565/198/474 567/199/476 390/43/336
f 567/199/476 398/50/344 390/43/336
f 568/200/335 569/203/477 570/202/478
f 568/200/335 570/202/478 571/201/479
f 571/201/479 570/202/478 572/204/480
f 571/201/479 572/204/480 573/205/360
f 570/202/478 569/203/477 574/206/481
f 569/203/477 575/207/482 574/206/481
f 570/202/478 574/206/481 576/208/483
f 570/202/478 577/209/484 572/204/480
f 570/202/478 576/208/483 577/209/484
f 578/210/485 577/209/484 576/208/483
f 572/204/480 577/209/484 578/210/485
f 578/210/485 576/208/483 579/211/486
f 572/204/480 578/210/485 580/212/487
f 581/205/362 572/204/480 580/212/487
f 581/205/362 580/212/487 582/213/361
f 582/213/361 580/212/487 583/214/488
f 582/213/361 583/214/488 584/215/335
f 583/214/488 580/212/487 585/216/489
f 580/212/487 578/210/485 586/217/490
f 586/217/490 587/218/491 580/212/487
f 578/210/485 587/218/491 586/217/490
f 578/210/485 579/211/486 587/218/491
f 580/212/487 587/218/491 585/216/489
f 583/214/488 588/216/492 589/219/482
f 590/220/493 591/218/494 592/221/486
f 593/222/495 591/218/494 590/220/493
f 593/222/495 594/216/489 591/218/494
f 595/223/482 594/216/489 593/222/495
f 292/247/254 596/249/233 597/257/241
f 597/257/241 598/256/496 292/247/254
f 599/260/245 598/256/496 597/257/241
f 600/261/246 598/256/496 599/260/245
f 292/247/254 598/256/496 294/226/255
f 596/249/497 289/248/498 601/258/104
f 601/258/104 289/248/498 602/259/499
f 603/259/394 289/248/500 604/255/248
f 605/255/248 289/248/250 278/254/252
f 606/69/360 412/66/476 607/269/479
f 608/270/289 609/272/501 610/271/502
f 610/271/502 609/272/501 611/273/503
f 612/274/292 613/276/504 614/275/505
f 614/275/505 613/276/504 615/271/255
f 616/270/289 615/271/255 613/276/504
f 617/277/506 369/21/317 618/278/507
f 372/24/320 369/21/317 617/277/506
f 618/278/507 369/21/317 376/28/324
o Object_33.001
v 0.037259 1.942856 -0.185019
v -0.012462 1.960773 -0.238902
v 0.222186 1.687210 -0.285473
v 0.237108 1.693166 -0.200111
v 0.313251 1.579022 -0.288860
v 0.327892 1.584866 -0.205097
v 0.058389 1.986545 -0.312368
v 0.201120 1.822466 -0.308711
v 0.351186 1.609598 -0.295150
v 0.375127 1.625565 -0.256397
v 0.229311 1.840633 -0.253407
v 0.024467 1.963487 -0.177877
v 0.365070 1.615141 -0.215711
v 0.171766 1.864979 -0.182602
v 0.375127 1.625565 -0.256397
v 0.229311 1.840633 -0.253407
v 0.101810 1.983994 -0.190917
v 0.092993 2.002037 -0.187601
v -0.055494 2.171460 0.065515
v 0.057293 2.154567 -0.034659
v 0.012986 2.308335 0.095418
v 0.098476 2.029685 -0.260348
v 0.047230 2.176230 -0.111784
v 0.017126 2.299831 -0.011188
v -0.147184 2.234296 -0.044344
v -0.181164 2.278840 0.027423
v -0.107921 2.213759 0.129309
v -0.095210 2.305141 0.179600
v -0.047789 2.374463 -0.000631
v -0.028485 2.209825 -0.134087
v 0.017126 2.299831 -0.011188
v 0.047230 2.176230 -0.111784
v 0.018583 2.047363 -0.285323
v 0.098476 2.029685 -0.260348
v -0.115022 2.275536 -0.027412
v -0.103207 2.169459 0.071872
v -0.128476 2.408797 0.097249
v -0.006171 2.354325 0.040369
v -0.111586 2.371744 0.149385
v 0.038069 2.016933 -0.300316
v -0.164537 0.260766 -0.659838
v -0.266797 0.641301 -0.358120
v -0.168302 0.613509 -0.363802
v -0.212896 0.805233 -0.126501
v -0.299832 0.797816 -0.159572
v -0.213848 0.827833 -0.129561
v -0.310298 0.816246 -0.141924
v -0.213126 0.798683 -0.004670
v -0.207864 0.879744 -0.016661
v -0.206515 0.735336 -0.040690
v -0.365180 0.788906 -0.045276
v -0.354132 0.724872 -0.099374
v -0.289963 0.701372 -0.040662
v -0.298634 0.785209 0.008713
v -0.206515 0.735336 -0.040690
v -0.213126 0.798683 -0.004670
v -0.294925 0.886633 0.008347
v -0.207864 0.879744 -0.016661
v -0.363134 0.858444 -0.044616
v -0.238672 1.324433 -0.130627
v -0.312196 1.328420 -0.230307
v -0.146400 1.349605 -0.199756
v -0.287372 1.278254 -0.375179
v -0.361923 1.321030 -0.184430
v -0.354359 1.338735 -0.372785
v -0.152356 0.506126 -0.284779
v -0.246137 0.487942 -0.256558
v -0.303614 0.541901 -0.299422
v -0.193796 0.173551 -0.570686
v -0.225496 0.209812 -0.617376
v -0.164537 0.260766 -0.659838
v -0.193796 0.173551 -0.570686
v -0.103520 1.240439 -0.329391
v -0.103520 1.240439 -0.329391
v -0.103520 1.240439 -0.329391
v -0.146400 1.349605 -0.199756
v -0.150026 1.744347 -0.087269
v -0.201859 1.421827 -0.121632
v -0.121574 1.465169 -0.196335
v -0.328187 1.741699 0.012863
v -0.355923 1.409194 -0.108834
v -0.115160 1.780136 -0.235720
v -0.114895 1.497594 -0.344711
v -0.146400 1.349605 -0.199756
v -0.361923 1.321030 -0.184430
v -0.312196 1.328420 -0.230307
v -0.238672 1.324433 -0.130627
v -0.195375 1.574631 -0.371043
v -0.189508 1.486295 -0.410658
v -0.328075 1.621328 -0.356139
v -0.311539 1.811586 -0.307832
v -0.344947 1.427806 -0.403636
v -0.315749 1.380918 -0.420979
v -0.185781 1.390226 -0.426425
v -0.287372 1.278254 -0.375179
v -0.103520 1.240439 -0.329391
v -0.354359 1.338735 -0.372785
v -0.354359 1.338735 -0.372785
v -0.112241 1.454831 -0.354613
v -0.103520 1.240439 -0.329391
v -0.103520 1.240439 -0.329391
v -0.353653 2.033468 -0.211794
v -0.133549 2.028237 -0.176837
v -0.115022 2.275536 -0.027412
v -0.405098 2.284482 -0.066656
v -0.249881 2.428698 0.124856
v -0.128476 2.408797 0.097249
v -0.111586 2.371744 0.149385
v -0.225628 2.358853 0.178904
v -0.327693 2.365721 0.226298
v -0.421083 2.392677 0.162288
v -0.127048 1.912948 -0.057680
v -0.103207 2.169459 0.071872
v -0.204073 1.846632 0.012580
v -0.196525 2.062891 0.141353
v -0.338615 2.037985 0.219951
v -0.214609 2.298000 0.215839
v -0.392047 2.280200 0.258093
v -0.327693 2.365721 0.226298
v -0.225628 2.358853 0.178904
v -0.095210 2.305141 0.179600
v -0.111586 2.371744 0.149385
v -0.107921 2.213759 0.129309
v -0.292673 1.805311 0.038515
v 0.366441 1.530287 -0.200377
v 0.315520 1.578276 -0.270341
v 0.341577 1.537692 -0.258037
v 0.335973 1.507990 -0.227347
v 0.348285 1.467561 -0.240547
v 0.358098 1.490095 -0.274542
v 0.372980 1.454731 -0.254211
v 0.395805 1.473776 -0.249589
v 0.385886 1.477616 -0.334335
v 0.333934 1.508328 -0.361296
v 0.409588 1.458353 -0.308811
v 0.427910 1.443140 -0.288339
v 0.351526 1.424979 -0.261794
v 0.375533 1.425520 -0.264729
v 0.354822 1.406394 -0.279378
v 0.374331 1.407095 -0.279447
v 0.355466 1.383724 -0.278171
v 0.375330 1.384440 -0.278240
v 0.369135 1.446612 -0.344229
v 0.388564 1.422393 -0.324436
v 0.342387 1.424951 -0.336330
v 0.360631 1.406811 -0.315508
v 0.332927 1.401887 -0.349111
v 0.311647 1.434247 -0.369034
v 0.316003 1.452762 -0.361904
v 0.349401 1.385038 -0.329544
v 0.335285 1.484094 -0.378509
v 0.347497 1.474269 -0.395124
v 0.311647 1.434247 -0.369034
v 0.380252 1.422209 -0.368901
v 0.332927 1.401887 -0.349111
v 0.398632 1.405474 -0.342447
v 0.417412 1.482389 -0.348404
v 0.435062 1.464654 -0.322108
v 0.349401 1.385038 -0.329544
v 0.409765 1.586264 -0.262079
v 0.362019 1.600384 -0.289016
v 0.360787 1.517170 -0.378539
v 0.335285 1.484094 -0.378509
v 0.333934 1.508328 -0.361296
v 0.360631 1.406811 -0.315508
v 0.388564 1.422393 -0.324436
v 0.435062 1.464654 -0.322108
v 0.409588 1.458353 -0.308811
v 0.375127 1.625565 -0.256397
v 0.365070 1.615141 -0.215711
v 0.411031 1.551488 -0.218283
v 0.435062 1.464654 -0.322108
v 0.449322 1.450323 -0.300862
v 0.427910 1.443140 -0.288339
v 0.395805 1.473776 -0.249589
v 0.366441 1.530287 -0.200377
v 0.376201 1.455601 -0.222359
v 0.349198 1.457515 -0.220200
v 0.346576 1.501971 -0.203590
v 0.335973 1.507990 -0.227347
v 0.348285 1.467561 -0.240547
v 0.372980 1.454731 -0.254211
v 0.378554 1.413273 -0.244310
v 0.350888 1.414665 -0.242376
v 0.375330 1.384440 -0.278240
v 0.355466 1.383724 -0.278171
v 0.351526 1.424979 -0.261794
v 0.354822 1.406394 -0.279378
v 0.374331 1.407095 -0.279447
v 0.375533 1.425520 -0.264729
v 0.327892 1.584866 -0.205097
v 0.415647 1.406155 -0.355168
v 0.430268 1.392455 -0.333750
v 0.385781 1.358629 -0.328756
v 0.373582 1.369297 -0.345652
v 0.388847 1.379425 -0.313183
v 0.415980 1.402397 -0.314668
v 0.375374 1.395019 -0.331908
v 0.398890 1.419304 -0.334873
v 0.435062 1.464654 -0.322108
v 0.409588 1.458353 -0.308811
v 0.335285 1.484094 -0.378509
v 0.316003 1.452762 -0.361904
v 0.335285 1.484094 -0.378509
v 0.388847 1.379425 -0.313183
v 0.375374 1.395019 -0.331908
v 0.373582 1.369297 -0.345652
v 0.385781 1.358629 -0.328756
v 0.415980 1.402397 -0.314668
v 0.398890 1.419304 -0.334873
v 0.333934 1.508328 -0.361296
v 0.351186 1.609598 -0.295150
v 0.315520 1.578276 -0.270341
v 0.313251 1.579022 -0.288860
v 0.327892 1.584866 -0.205097
v -0.136562 0.205145 -0.592751
v -0.164537 0.260766 -0.659838
v -0.152356 0.506126 -0.284779
v -0.164537 0.260766 -0.659838
v -0.136562 0.205145 -0.592751
v -0.122528 0.164589 -0.630413
v -0.145430 0.228404 -0.691896
v -0.180954 0.112043 -0.619490
v -0.193796 0.173551 -0.570686
v -0.054592 0.154463 -0.745205
v -0.093206 0.179127 -0.784574
v -0.117843 -0.150347 -0.550164
v -0.177165 -0.089116 -0.552556
v -0.237215 -0.148697 -0.573203
v -0.240109 -0.190746 -0.577439
v -0.206092 0.161740 -0.675990
v -0.193796 0.173551 -0.570686
v -0.225496 0.209812 -0.617376
v -0.145430 0.228404 -0.691896
v -0.164537 0.260766 -0.659838
v -0.146123 0.148354 -0.792858
v -0.259583 -0.129036 -0.594507
v -0.270972 -0.170150 -0.622617
v -0.093206 0.179127 -0.784574
v -0.146123 0.148354 -0.792858
v -0.117843 -0.150347 -0.550164
v -0.240109 -0.190746 -0.577439
v -0.270972 -0.170150 -0.622617
v -0.054592 0.154463 -0.745205
v -0.146123 0.148354 -0.792858
v -0.093206 0.179127 -0.784574
v -0.396774 2.472405 0.482861
v -0.397703 2.426266 0.448806
v -0.334795 2.472293 0.416282
v -0.436097 2.442459 0.484365
v -0.447258 2.395468 0.468437
v -0.446014 2.395647 0.455412
v -0.455728 2.420103 0.479721
v -0.459277 2.422317 0.508724
v -0.378834 2.535010 0.486801
v -0.364677 2.603231 0.486299
v -0.463068 2.479154 0.509071
v -0.470430 2.458399 0.512661
v -0.481934 2.493567 0.522862
v -0.420980 2.503894 0.515832
v -0.425766 2.529979 0.539636
v -0.489218 2.511524 0.542222
v -0.498859 2.538731 0.557561
v -0.437853 2.564366 0.558024
v -0.531237 2.644088 0.567163
v -0.411660 2.652086 0.551810
v -0.424273 2.739925 0.462112
v -0.362602 2.654428 0.406555
v -0.346492 2.519850 0.355823
v -0.351621 2.337364 0.346038
v -0.358174 2.441743 0.290004
v -0.410779 2.346543 0.295749
v -0.391378 2.682307 0.314865
v -0.532663 2.741554 0.289654
v -0.480675 2.591800 0.216089
v -0.363210 2.577715 0.289421
v -0.446597 2.473514 0.228121
v -0.446597 2.473514 0.228121
v -0.421083 2.392677 0.162288
v -0.382051 2.352184 0.406918
v -0.401572 2.282896 0.355243
v -0.410779 2.346543 0.295749
v -0.392047 2.280200 0.258093
v -0.327693 2.365721 0.226298
v -0.418283 2.310691 0.401933
v -0.422777 2.322270 0.407254
v -0.327693 2.365721 0.226298
v -0.421083 2.392677 0.162288
v -0.513083 2.395545 0.274575
v -0.582654 2.512272 0.267564
v -0.575583 2.450428 0.324461
v -0.467349 2.301733 0.325829
v -0.410779 2.346543 0.295749
v -0.573452 2.399973 0.383614
v -0.646025 2.569902 0.378326
v -0.630990 2.523808 0.459773
v -0.582442 2.474289 0.466523
v -0.533034 2.431768 0.469289
v -0.501054 2.395444 0.438513
v -0.484805 2.427933 0.479515
v -0.447258 2.395468 0.468437
v -0.446014 2.395647 0.455412
v -0.455728 2.420103 0.479721
v -0.459277 2.422317 0.508724
v -0.487082 2.471992 0.506679
v -0.470430 2.458399 0.512661
v -0.481934 2.493567 0.522862
v -0.536252 2.469517 0.504349
v -0.550802 2.492690 0.527179
v -0.489218 2.511524 0.542222
v -0.498859 2.538731 0.557561
v -0.562888 2.527077 0.545570
v -0.630856 2.586715 0.529976
v -0.651930 2.672032 0.439437
v -0.620938 2.613845 0.291998
v -0.532663 2.741554 0.289654
v -0.480675 2.591800 0.216089
v -0.446597 2.473514 0.228121
v -0.585477 2.617752 0.550081
v -0.627390 2.694747 0.478322
v -0.651930 2.672032 0.439437
v -0.552592 2.771689 0.399508
v -0.532663 2.741554 0.289654
v -0.531237 2.644088 0.567163
v -0.549489 2.723127 0.513765
v -0.552592 2.771689 0.399508
v -0.552592 2.771689 0.399508
v -0.424273 2.739925 0.462112
v -0.463778 2.743542 0.494619
v -0.469364 2.652380 0.561648
v -0.549489 2.723127 0.513765
v -0.552592 2.771689 0.399508
v -0.459277 2.422317 0.508724
v -0.461168 2.427362 0.512600
v -0.470430 2.458399 0.512661
v -0.193796 0.173551 -0.570686
v -0.136562 0.205145 -0.592751
v -0.450212 2.467310 0.301021
v -0.334795 2.472293 0.416282
v -0.446014 2.395647 0.455412
v -0.397703 2.426266 0.448806
v -0.422777 2.322270 0.407254
v -0.382051 2.352184 0.406918
v -0.413472 2.321529 0.355271
v -0.334795 2.472293 0.416282
v -0.450212 2.467310 0.301021
v -0.006171 2.354325 0.040369
v -0.111586 2.371744 0.149385
v -0.674155 1.799484 -0.164255
v -0.914323 1.605942 -0.078388
v -0.895191 1.553681 -0.145084
v -0.621224 1.780297 -0.208168
v -1.003850 1.472031 -0.105896
v -1.022624 1.523311 -0.040454
v -0.668720 1.783179 -0.296482
v -0.848622 1.652108 -0.231228
v -1.035160 1.498787 -0.132677
v -1.058305 1.535656 -0.111825
v -0.876618 1.700148 -0.198188
v -0.681735 1.792500 -0.166353
v -1.052963 1.547419 -0.070615
v -0.820365 1.751467 -0.142340
v -1.058305 1.535656 -0.111825
v -0.876618 1.700148 -0.198188
v -0.729711 1.838452 -0.200161
v -0.739714 1.823584 -0.210498
v -0.708289 2.046035 0.043173
v -0.769447 2.003273 -0.089009
v -0.781849 2.180698 0.015363
v -0.713712 1.838649 -0.282324
v -0.728090 2.011417 -0.157874
v -0.741426 2.152921 -0.079762
v -0.578737 2.094643 -0.029482
v -0.577247 2.153698 0.039803
v -0.686727 2.102799 0.113318
v -0.689122 2.199925 0.140856
v -0.686127 2.232764 -0.058249
v -0.649667 2.045887 -0.153310
v -0.741426 2.152921 -0.079762
v -0.728090 2.011417 -0.157874
v -0.635597 1.841312 -0.284893
v -0.713712 1.838649 -0.282324
v -0.636792 2.146934 -0.026494
v -0.613534 2.054076 0.081585
v -0.675427 2.293948 0.042852
v -0.741179 2.217334 -0.034800
v -0.689417 2.262222 0.099191
v -0.651478 1.811742 -0.291724
v -0.371263 0.032836 -0.548569
v -0.452307 0.481884 -0.486379
v -0.363732 0.519365 -0.450950
v -0.492295 0.766706 -0.375315
v -0.401496 0.753810 -0.358114
v -0.495805 0.849767 -0.367411
v -0.402239 0.836303 -0.341845
v -0.549680 0.797168 -0.263999
v -0.552980 0.853346 -0.256983
v -0.544985 0.745618 -0.280085
v -0.395572 0.783485 -0.231245
v -0.389415 0.724387 -0.253801
v -0.475368 0.724843 -0.226806
v -0.481211 0.782067 -0.206500
v -0.544985 0.745618 -0.280085
v -0.549680 0.797168 -0.263999
v -0.485174 0.842841 -0.197448
v -0.552980 0.853346 -0.256983
v -0.398764 0.832417 -0.223466
v -0.521787 1.302976 -0.164544
v -0.414433 1.339978 -0.214177
v -0.579240 1.360625 -0.249994
v -0.400018 1.318679 -0.382082
v -0.515408 0.423795 -0.383064
v -0.446990 0.431279 -0.311058
v -0.369976 0.464242 -0.343230
v -0.396058 0.001995 -0.426730
v -0.342562 0.014932 -0.465077
v -0.371263 0.032836 -0.548569
v -0.396058 0.001995 -0.426730
v -0.361923 1.321030 -0.184430
v -0.400018 1.318679 -0.382082
v -0.354359 1.338735 -0.372785
v -0.571761 1.331204 -0.404882
v -0.571761 1.331204 -0.404882
v -0.571761 1.331204 -0.404882
v -0.579240 1.360625 -0.249994
v -0.496136 1.777174 -0.098084
v -0.569717 1.507676 -0.210337
v -0.503780 1.450466 -0.131065
v -0.328187 1.741699 0.012863
v -0.355923 1.409194 -0.108834
v -0.514408 1.818005 -0.248194
v -0.560994 1.539907 -0.358647
v -0.579240 1.360625 -0.249994
v -0.521787 1.302976 -0.164544
v -0.414433 1.339978 -0.214177
v -0.361923 1.321030 -0.184430
v -0.571607 1.499739 -0.368673
v -0.571761 1.331204 -0.404882
v -0.485896 1.514407 -0.419919
v -0.571761 1.331204 -0.404882
v -0.466004 1.600301 -0.379499
v -0.328075 1.621328 -0.356139
v -0.311539 1.811586 -0.307832
v -0.344947 1.427806 -0.403636
v -0.381302 1.387137 -0.423026
v -0.506619 1.420655 -0.436449
v -0.400018 1.318679 -0.382082
v -0.571761 1.331204 -0.404882
v -0.354359 1.338735 -0.372785
v -0.354359 1.338735 -0.372785
v -0.547011 1.934605 -0.161456
v -0.353653 2.033468 -0.211794
v -0.636792 2.146934 -0.026494
v -0.405098 2.284482 -0.066656
v -0.583642 2.355048 0.109439
v -0.675427 2.293948 0.042852
v -0.689417 2.262222 0.099191
v -0.585438 2.295444 0.145323
v -0.489004 2.329191 0.232299
v -0.421083 2.392677 0.162288
v -0.494836 1.829659 -0.044000
v -0.613534 2.054076 0.081585
v -0.392020 1.804069 0.019572
v -0.493150 1.999980 0.163035
v -0.338615 2.037985 0.219951
v -0.571610 2.229505 0.211458
v -0.392047 2.280200 0.258093
v -0.489004 2.329191 0.232299
v -0.585438 2.295444 0.145323
v -0.689122 2.199925 0.140856
v -0.689417 2.262222 0.099191
v -0.686727 2.102799 0.113318
v -0.292673 1.805311 0.038515
v -1.071318 1.483056 -0.012827
v -1.039310 1.461710 -0.063004
v -1.007724 1.490736 -0.088246
v -1.040567 1.449468 -0.021722
v -1.055623 1.408119 -0.016839
v -1.058928 1.412669 -0.058410
v -1.079833 1.391502 -0.026782
v -1.100818 1.411490 -0.034864
v -1.080831 1.375051 -0.109478
v -1.023069 1.387402 -0.139147
v -1.109285 1.370922 -0.081951
v -1.131397 1.367788 -0.059875
v -1.061036 1.360729 -0.016653
v -1.084338 1.360893 -0.023148
v -1.064299 1.336264 -0.024158
v -1.083473 1.337707 -0.027520
v -1.067553 1.316808 -0.012905
v -1.087079 1.318275 -0.016328
v -1.066546 1.342304 -0.101529
v -1.090664 1.330940 -0.076130
v -1.043422 1.325651 -0.080672
v -1.065819 1.320088 -0.056948
v -1.035132 1.298901 -0.079975
v -1.008282 1.317322 -0.108904
v -1.011378 1.337199 -0.111714
v -1.055499 1.293819 -0.057669
v -1.025072 1.358028 -0.143461
v -1.036289 1.342150 -0.155455
v -1.008282 1.317322 -0.108904
v -1.077350 1.309740 -0.113809
v -1.035132 1.298901 -0.079975
v -1.100374 1.308043 -0.085799
v -1.109810 1.374111 -0.128812
v -1.132213 1.371424 -0.100381
v -1.055499 1.293819 -0.057669
v -1.100846 1.505763 -0.099027
v -1.049054 1.503638 -0.121782
v -1.046626 1.388378 -0.162399
v -1.025072 1.358028 -0.143461
v -1.023069 1.387402 -0.139147
v -1.065819 1.320088 -0.056948
v -1.090664 1.330940 -0.076130
v -1.132213 1.371424 -0.100381
v -1.109285 1.370922 -0.081951
v -1.058305 1.535656 -0.111825
v -1.052963 1.547419 -0.070615
v -1.110953 1.495427 -0.044988
v -1.132213 1.371424 -0.100381
v -1.150310 1.369254 -0.077406
v -1.131397 1.367788 -0.059875
v -1.100818 1.411490 -0.034864
v -1.071318 1.483056 -0.012827
v -1.086591 1.407220 0.000287
v -1.059974 1.408737 0.005439
v -1.054430 1.455657 0.000243
v -1.040567 1.449468 -0.021722
v -1.055623 1.408119 -0.016839
v -1.079833 1.391502 -0.026782
v -1.091019 1.359690 -0.000123
v -1.063772 1.360610 0.005170
v -1.087079 1.318275 -0.016328
v -1.067553 1.316808 -0.012905
v -1.061036 1.360729 -0.016653
v -1.064299 1.336264 -0.024158
v -1.083473 1.337707 -0.027520
v -1.084338 1.360893 -0.023148
v -1.022624 1.523311 -0.040454
v -1.115633 1.303475 -0.099873
v -1.094395 1.272423 -0.050550
v -1.134038 1.301958 -0.077090
v -1.079233 1.273468 -0.068359
v -1.096942 1.298187 -0.046791
v -1.121043 1.318997 -0.062671
v -1.079774 1.302682 -0.068242
v -1.099994 1.323806 -0.085468
v -1.132213 1.371424 -0.100381
v -1.109285 1.370922 -0.081951
v -1.025072 1.358028 -0.143461
v -1.011378 1.337199 -0.111714
v -1.025072 1.358028 -0.143461
v -1.096942 1.298187 -0.046791
v -1.079233 1.273468 -0.068359
v -1.079774 1.302682 -0.068242
v -1.094395 1.272423 -0.050550
v -1.121043 1.318997 -0.062671
v -1.099994 1.323806 -0.085468
v -1.023069 1.387402 -0.139147
v -1.035160 1.498787 -0.132677
v -1.007724 1.490736 -0.088246
v -1.003850 1.472031 -0.105896
v -1.022624 1.523311 -0.040454
v -0.432991 0.013048 -0.483957
v -0.371263 0.032836 -0.548569
v -0.515408 0.423795 -0.383064
v -0.371263 0.032836 -0.548569
v -0.382097 -0.045418 -0.562782
v -0.425184 -0.057131 -0.482886
v -0.432991 0.013048 -0.483957
v -0.375261 -0.051411 -0.421495
v -0.396058 0.001995 -0.426730
v -0.416898 -0.169105 -0.555605
v -0.367184 -0.158858 -0.588356
v -0.426491 -0.196862 -0.189424
v -0.385324 -0.131389 -0.225377
v -0.315760 -0.148507 -0.175885
v -0.304856 -0.174584 -0.144329
v -0.330973 -0.043845 -0.486881
v -0.396058 0.001995 -0.426730
v -0.342562 0.014932 -0.465077
v -0.382097 -0.045418 -0.562782
v -0.371263 0.032836 -0.548569
v -0.314506 -0.154925 -0.556334
v -0.288573 -0.138456 -0.198260
v -0.257752 -0.174339 -0.178953
v -0.314506 -0.154925 -0.556334
v -0.367184 -0.158858 -0.588356
v -0.426491 -0.196862 -0.189424
v -0.257752 -0.174339 -0.178953
v -0.304856 -0.174584 -0.144329
v -0.416898 -0.169105 -0.555605
v -0.314506 -0.154925 -0.556334
v -0.367184 -0.158858 -0.588356
v -0.410779 2.346543 0.295749
v -0.401572 2.282896 0.355243
v -0.470700 2.324889 0.391437
v -0.418283 2.310691 0.401933
v -0.422777 2.322270 0.407254
v -0.392047 2.280200 0.258093
v -0.489004 2.329191 0.232299
v -0.489004 2.329191 0.232299
v -0.421083 2.392677 0.162288
v -0.421083 2.392677 0.162288
v -0.396058 0.001995 -0.426730
v -0.432991 0.013048 -0.483957
v -0.450212 2.467310 0.301021
v -0.446014 2.395647 0.455412
v -0.573452 2.399973 0.383614
v -0.501054 2.395444 0.438513
v -0.422777 2.322270 0.407254
v -0.413472 2.321529 0.355271
v -0.470700 2.324889 0.391437
v -0.573452 2.399973 0.383614
v -0.450212 2.467310 0.301021
v -0.741179 2.217334 -0.034800
v -0.689417 2.262222 0.099191
vn -0.3974 -0.4459 0.8020
vn -0.8602 -0.4270 -0.2788
vn -0.6519 -0.5588 -0.5126
vn -0.4308 -0.4486 0.7831
vn -0.7325 -0.3883 -0.5591
vn -0.4990 -0.2430 0.8318
vn -0.0551 0.1387 -0.9888
vn 0.1912 0.1241 -0.9737
vn 0.2682 0.3062 -0.9134
vn 0.7818 0.6119 -0.1203
vn 0.8228 0.5604 -0.0949
vn -0.2860 -0.6428 0.7106
vn 0.5222 0.4366 0.7326
vn 0.3978 0.2196 0.8908
vn 0.7817 0.6119 -0.1203
vn 0.8209 0.5623 -0.1002
vn 0.5573 0.2957 0.7758
vn 0.8268 -0.0169 0.5622
vn -0.0375 -0.7698 0.6372
vn 0.8960 -0.1633 0.4129
vn 0.8216 0.1782 0.5415
vn 0.7798 0.5479 -0.3030
vn 0.7856 0.5165 -0.3406
vn 0.8210 0.4819 -0.3062
vn -0.8949 -0.0726 -0.4403
vn -0.8453 0.4331 0.3128
vn 0.4409 -0.2921 0.8487
vn 0.5964 -0.0814 0.7985
vn 0.1078 0.8389 -0.5335
vn -0.0923 0.5891 -0.8028
vn 0.8209 0.4820 -0.3062
vn 0.7922 0.5189 -0.3211
vn -0.3488 0.4559 -0.8189
vn 0.8234 0.5348 -0.1897
vn 0.6214 0.4205 0.6611
vn 0.5909 -0.1515 0.7924
vn 0.4071 0.9106 0.0710
vn 0.7547 0.6521 0.0720
vn 0.6799 0.5268 0.5101
vn -0.2167 0.2749 -0.9367
vn 0.2224 0.6028 -0.7663
vn -0.4686 0.5790 -0.6672
vn 0.7139 0.5383 -0.4480
vn 0.8870 0.2477 -0.3898
vn -0.4325 0.5761 -0.6936
vn 0.7933 -0.2184 -0.5683
vn -0.6441 0.0199 -0.7647
vn 0.8077 -0.1014 0.5808
vn 0.7777 0.0382 0.6275
vn 0.8196 -0.2732 0.5036
vn -0.9551 -0.1450 0.2584
vn -0.9704 -0.2379 0.0418
vn -0.2208 -0.6471 0.7297
vn -0.2368 -0.2541 0.9377
vn 0.8218 -0.2582 0.5079
vn 0.8342 -0.1159 0.5391
vn -0.2259 0.1976 0.9539
vn 0.7891 0.0400 0.6130
vn -0.9668 0.0786 0.2431
vn -0.1486 0.3373 0.9296
vn -0.5140 -0.5511 0.6574
vn 0.8042 0.1122 0.5836
vn -0.3922 -0.7770 -0.4924
vn 0.1007 -0.6878 0.7189
vn -0.2555 -0.8959 -0.3635
vn 0.8522 -0.3056 0.4247
vn -0.2618 -0.7074 0.6565
vn -0.9746 -0.2240 0.0020
vn -0.2540 -0.6709 0.6966
vn -0.9800 -0.0201 -0.1980
vn -0.2540 -0.6709 0.6967
vn 0.8429 -0.4286 -0.3253
vn 0.8525 -0.3809 -0.3581
vn 0.8524 -0.3809 -0.3581
vn 0.8043 0.1121 0.5835
vn 0.7817 0.0691 0.6198
vn 0.8243 -0.1645 0.5418
vn 0.4062 -0.3125 0.8587
vn 0.9238 -0.1378 0.3573
vn 0.0197 -0.2971 0.9547
vn -0.0750 -0.5088 0.8576
vn 0.8927 0.2005 -0.4036
vn 0.8909 0.1773 -0.4182
vn 0.8887 -0.1438 0.4354
vn -0.0518 -0.9274 0.3705
vn -0.2711 -0.9566 0.1067
vn -0.2578 0.0735 0.9634
vn 0.3134 0.3663 -0.8761
vn 0.3040 0.2431 -0.9211
vn 0.0552 0.2644 -0.9628
vn -0.0062 0.3448 -0.9387
vn 0.0429 0.1268 -0.9910
vn -0.3215 -0.1450 -0.9358
vn 0.4036 -0.0718 -0.9121
vn -0.3494 -0.3284 -0.8776
vn 0.8672 -0.1604 -0.4714
vn -0.0680 -0.8746 -0.4800
vn -0.2172 -0.9284 -0.3014
vn 0.9001 0.0230 -0.4350
vn 0.8608 -0.2790 -0.4256
vn 0.8699 -0.3035 -0.3889
vn -0.1711 0.4090 -0.8963
vn 0.7272 0.2660 -0.6329
vn 0.4615 0.3200 -0.8274
vn -0.2144 0.6529 -0.7265
vn 0.0682 0.9974 0.0214
vn -0.0547 0.9908 -0.1238
vn 0.1102 0.5872 0.8019
vn 0.2835 0.5228 0.8039
vn 0.5817 0.5253 0.6210
vn -0.1989 0.9395 -0.2790
vn 0.9602 -0.1904 0.2044
vn 0.9477 -0.2652 0.1775
vn 0.5986 -0.4123 0.6869
vn 0.6355 -0.3204 0.7025
vn 0.2283 -0.3755 0.8983
vn 0.3654 0.1223 0.9228
vn 0.1589 -0.2415 0.9573
vn 0.6106 0.5012 0.6131
vn 0.2756 0.6864 0.6730
vn 0.2571 0.0570 0.9647
vn 0.0815 0.6040 0.7928
vn 0.6139 -0.7774 0.1375
vn 0.1707 -0.5304 0.8304
vn -0.1464 -0.2240 0.9635
vn -0.9815 0.1382 -0.1328
vn -0.9329 -0.3352 0.1317
vn -0.9841 0.1139 0.1362
vn -0.9106 -0.1920 -0.3659
vn -0.7783 -0.4745 -0.4111
vn 0.4644 -0.2196 -0.8579
vn 0.5187 -0.7510 0.4085
vn -0.7880 -0.4025 0.4658
vn -0.9795 0.0029 -0.2013
vn -0.7391 -0.5247 0.4225
vn 0.0150 -0.6508 0.7591
vn -0.7849 0.2742 -0.5557
vn 0.6615 0.4040 -0.6319
vn -0.6081 0.2188 -0.7631
vn 0.5664 0.2698 -0.7787
vn -0.5066 -0.7966 -0.3298
vn 0.5479 -0.7620 -0.3451
vn -0.4555 0.3363 0.8243
vn 0.1141 -0.1785 0.9773
vn -0.5238 0.2841 0.8031
vn -0.1070 -0.0668 0.9920
vn -0.6999 -0.7025 -0.1290
vn -0.8972 -0.3193 -0.3052
vn -0.8261 0.4532 0.3350
vn -0.3260 -0.9093 0.2587
vn -0.9373 0.3119 -0.1555
vn -0.1274 0.0572 -0.9902
vn -0.8971 -0.3194 -0.3052
vn -0.8262 0.4532 0.3348
vn 0.3443 -0.4759 -0.8093
vn -0.6999 -0.7025 -0.1291
vn 0.6578 -0.7482 -0.0867
vn 0.7451 0.1804 -0.6421
vn 0.8601 0.1912 -0.4729
vn -0.3259 -0.9094 0.2585
vn 0.8383 0.5277 -0.1372
vn 0.3351 0.4271 -0.8398
vn 0.0636 0.5612 -0.8252
vn 0.1140 -0.1785 0.9773
vn 0.8602 0.1912 -0.4728
vn -0.7391 -0.5246 0.4225
vn -0.9815 0.1381 -0.1328
vn 0.7867 0.6003 -0.1442
vn 0.5578 0.3488 0.7532
vn 0.7608 0.0870 0.6431
vn 0.8601 0.1912 -0.4728
vn 0.9828 -0.1059 0.1511
vn 0.0149 -0.6508 0.7591
vn 0.5188 -0.7510 0.4085
vn -0.2975 -0.0822 0.9512
vn 0.5991 -0.3666 0.7118
vn -0.6304 -0.3623 0.6865
vn -0.4744 -0.0621 0.8781
vn -0.9841 0.1138 0.1362
vn -0.9106 -0.1920 -0.3660
vn 0.4644 -0.2197 -0.8580
vn 0.7314 -0.4322 0.5274
vn -0.6643 -0.4914 0.5633
vn 0.5480 -0.7620 -0.3452
vn -0.5067 -0.7965 -0.3298
vn -0.6083 0.2189 -0.7629
vn 0.5663 0.2697 -0.7789
vn 0.6614 0.4041 -0.6319
vn -0.4191 -0.3370 0.8431
vn 0.1934 0.0612 -0.9792
vn 0.8204 -0.5625 -0.1025
vn -0.1389 -0.9743 0.1771
vn -0.6778 -0.4758 -0.5606
vn -0.2504 -0.2059 0.9460
vn 0.0205 -0.3301 0.9437
vn -0.8913 0.4453 0.0846
vn -0.8241 0.5402 -0.1706
vn -0.7392 -0.5245 0.4225
vn -0.9373 0.3121 -0.1553
vn -0.1276 0.0574 -0.9902
vn -0.8260 0.4532 0.3351
vn -0.9373 0.3118 -0.1555
vn -0.8913 0.4453 0.0847
vn -0.6777 -0.4758 -0.5607
vn -0.1389 -0.9744 0.1770
vn 0.0205 -0.3302 0.9437
vn -0.8242 0.5401 -0.1706
vn -0.9795 0.0030 -0.2013
vn 0.4166 -0.4272 -0.8025
vn -0.9776 -0.2104 0.0108
vn 0.6566 -0.7539 -0.0232
vn -0.4123 -0.3332 0.8479
vn -0.4231 -0.1688 0.8902
vn 0.9427 -0.1586 0.2936
vn 0.8522 -0.3057 0.4247
vn 0.3039 0.6688 -0.6785
vn 0.9197 -0.1457 0.3645
vn 0.7865 0.1724 0.5931
vn 0.1844 0.9148 -0.3595
vn -0.5066 0.0495 0.8607
vn -0.2263 -0.7540 0.6166
vn 0.9535 0.0961 -0.2856
vn 0.4055 0.4109 -0.8166
vn 0.6526 -0.6234 0.4307
vn -0.1794 0.1629 0.9702
vn -0.5231 0.0115 0.8522
vn -0.2865 -0.8919 0.3499
vn -0.9472 0.1887 -0.2594
vn -0.2749 -0.7724 0.5725
vn -0.9482 -0.1559 -0.2769
vn 0.1038 0.9158 -0.3880
vn 0.2242 0.6313 -0.7424
vn -0.2829 0.0346 -0.9585
vn -0.8278 0.1519 0.5400
vn -0.6664 -0.6391 -0.3840
vn 0.1307 0.9405 -0.3136
vn 0.4056 0.4109 -0.8165
vn 0.6527 -0.6234 0.4306
vn -0.6663 -0.6392 -0.3840
vn 0.4056 0.4108 -0.8165
vn 0.5513 -0.4038 0.7301
vn 0.5601 -0.8265 -0.0562
vn 0.9652 -0.1857 0.1842
vn 0.5287 -0.3764 0.7608
vn 0.1890 -0.8159 0.5465
vn 0.2995 -0.9211 -0.2487
vn 0.1389 -0.6996 0.7009
vn 0.1803 -0.7972 0.5762
vn 0.7361 -0.2011 0.6464
vn 0.8970 0.1140 0.4270
vn 0.4053 -0.3429 0.8474
vn -0.0234 -0.2456 0.9691
vn 0.0991 -0.5977 0.7956
vn 0.4602 -0.5098 0.7269
vn 0.4890 -0.3946 0.7779
vn 0.0954 -0.5882 0.8031
vn -0.0040 -0.3047 0.9524
vn 0.3764 -0.1813 0.9085
vn -0.1696 0.2503 0.9532
vn 0.5742 0.2899 0.7657
vn 0.5847 0.7948 0.1626
vn 0.9276 0.3733 0.0139
vn 0.9844 0.0937 -0.1488
vn 0.8629 -0.4815 -0.1532
vn 0.9575 0.0285 -0.2869
vn 0.5131 -0.7574 -0.4039
vn 0.6844 0.5724 -0.4515
vn -0.1676 0.7685 -0.6175
vn 0.0451 0.1773 -0.9831
vn 0.8390 0.2064 -0.5034
vn 0.0500 0.1615 -0.9856
vn 0.0371 0.1721 -0.9844
vn -0.1929 0.8717 -0.4506
vn -0.1178 0.0486 0.9918
vn 0.2991 -0.9537 -0.0313
vn 0.3217 -0.9216 -0.2170
vn 0.2348 -0.9718 0.0237
vn -0.0777 -0.0508 0.9957
vn 0.9787 0.0902 -0.1843
vn 0.3477 0.6856 0.6395
vn 0.0883 -0.6927 0.7158
vn -0.2612 0.3350 0.9053
vn 0.3700 0.6902 0.6219
vn -0.2350 0.9023 -0.3614
vn 0.9643 0.0280 -0.2633
vn -0.7405 -0.4778 -0.4726
vn -0.7067 -0.2502 -0.6618
vn 0.0318 0.1624 -0.9862
vn -0.8216 -0.4395 -0.3632
vn -0.3662 -0.8512 -0.3760
vn 0.1133 -0.8495 -0.5153
vn -0.7294 -0.6829 -0.0409
vn -0.9679 -0.1841 -0.1712
vn -0.8744 -0.4127 0.2550
vn -0.6147 -0.6084 0.5020
vn -0.3720 -0.6812 0.6306
vn 0.0182 -0.9934 -0.1130
vn -0.3672 -0.6436 0.6716
vn 0.1888 -0.8159 0.5464
vn 0.2994 -0.9211 -0.2488
vn 0.1388 -0.6996 0.7009
vn 0.1804 -0.7971 0.5762
vn -0.2999 -0.5532 0.7772
vn -0.0232 -0.2455 0.9691
vn 0.0989 -0.5977 0.7956
vn -0.2324 -0.7163 0.6579
vn -0.3279 -0.6382 0.6966
vn -0.3750 -0.4055 0.8337
vn -0.7671 -0.1102 0.6321
vn -0.9404 0.3399 0.0107
vn -0.7893 0.1353 -0.5990
vn -0.1677 0.7685 -0.6175
vn 0.0451 0.1772 -0.9831
vn 0.0501 0.1614 -0.9856
vn -0.4267 0.1580 0.8905
vn -0.7005 0.5692 0.4305
vn -0.9403 0.3400 0.0108
vn -0.2796 0.9581 -0.0615
vn -0.1696 0.2504 0.9532
vn -0.2756 0.7063 0.6520
vn 0.5846 0.7948 0.1627
vn 0.1874 0.8340 0.5189
vn 0.1027 0.3159 0.9432
vn -0.2755 0.7063 0.6521
vn -0.2796 0.9581 -0.0616
vn 0.1804 -0.7972 0.5761
vn -0.0013 -0.3129 0.9498
vn -0.0232 -0.2456 0.9691
vn -0.3672 -0.6436 0.6715
vn -0.2541 -0.6709 0.6966
vn 0.9427 -0.1586 0.2935
vn 0.0322 -0.4666 0.8839
vn 0.9015 -0.3115 0.3004
vn 0.1877 -0.9821 -0.0166
vn 0.5561 -0.5280 0.6418
vn -0.2612 0.3351 0.9053
vn -0.0595 -0.0167 0.9981
vn -0.3812 0.7327 0.5638
vn 0.9929 -0.1022 0.0604
vn 0.1337 -0.7644 0.6308
vn 0.6621 0.7493 0.0113
vn 0.5042 0.7238 0.4710
vn 0.7767 0.5316 0.3379
vn 0.2909 -0.0094 0.9567
vn 0.5743 -0.8173 -0.0474
vn 0.8540 -0.5137 0.0825
vn 0.6854 -0.7101 -0.1612
vn 0.3917 0.1807 0.9022
vn 0.2603 -0.3331 -0.9062
vn -0.0706 -0.3975 -0.9149
vn -0.1486 -0.1985 -0.9688
vn -0.6491 0.5411 -0.5347
vn -0.6960 0.5174 -0.4979
vn 0.2625 -0.9649 0.0047
vn -0.4816 0.8181 0.3143
vn -0.4089 0.7060 0.5783
vn -0.6981 0.5140 -0.4985
vn 0.1968 0.9738 -0.1143
vn -0.4475 -0.8545 -0.2639
vn -0.2369 -0.6381 0.7326
vn -0.9879 -0.1516 0.0333
vn -0.9647 0.2195 0.1452
vn -0.5583 0.3594 -0.7478
vn -0.5691 0.3879 -0.7250
vn -0.6157 0.3581 -0.7019
vn 0.9964 -0.0842 -0.0120
vn 0.7340 0.3954 0.5521
vn -0.6060 -0.2996 0.7369
vn -0.7962 -0.0071 0.6049
vn 0.1541 0.6969 -0.7004
vn 0.4191 0.4429 -0.7926
vn -0.6156 0.3581 -0.7020
vn -0.5834 0.3933 -0.7105
vn 0.6196 0.2197 -0.7536
vn -0.7124 0.4276 -0.5564
vn -0.8509 0.2729 0.4489
vn -0.7115 -0.5099 0.4835
vn -0.6404 0.7665 -0.0494
vn -0.7453 0.5435 -0.3862
vn -0.9263 0.2968 0.2321
vn 0.4769 -0.0974 -0.8736
vn 0.2197 0.1398 -0.9655
vn -0.3655 0.1820 -0.9128
vn 0.7863 0.2397 -0.5694
vn -0.4542 0.1710 -0.8744
vn 0.7602 0.2457 -0.6014
vn -0.4094 -0.0390 -0.9115
vn 0.8108 0.0520 -0.5829
vn -0.9816 -0.1156 0.1519
vn -0.9698 -0.1269 0.2083
vn -0.9795 -0.1430 0.1419
vn 0.7974 -0.1080 0.5936
vn 0.8294 -0.1051 0.5487
vn -0.1997 -0.3312 0.9222
vn -0.2143 -0.2446 0.9457
vn -0.9802 -0.1417 0.1383
vn -0.9848 -0.1135 0.1315
vn -0.2150 -0.1164 0.9697
vn -0.9704 -0.1137 0.2130
vn 0.7971 -0.0293 0.6031
vn -0.2871 -0.0640 0.9558
vn 0.4568 -0.6326 0.6255
vn -0.9802 -0.0602 0.1887
vn 0.5100 -0.5090 -0.6934
vn -0.9840 -0.1566 0.0849
vn -0.1500 -0.2791 0.9485
vn 0.8349 -0.0909 0.5428
vn -0.1698 -0.2290 0.9585
vn 0.9547 -0.0069 0.2974
vn -0.1699 -0.2291 0.9585
vn -0.2419 -0.7614 0.6015
vn 0.2125 -0.9201 0.3290
vn 0.3659 -0.4080 -0.8364
vn 0.0129 -0.9179 -0.3966
vn -0.7069 -0.1541 -0.6903
vn -0.6320 -0.1678 -0.7566
vn -0.7023 -0.1233 -0.7011
vn -0.9476 -0.1177 0.2971
vn -0.9581 -0.0715 0.2774
vn -0.8654 -0.1923 0.4627
vn -0.9468 0.0358 0.3197
vn -0.5166 -0.2516 0.8184
vn 0.0338 -0.4413 0.8967
vn -0.0751 -0.5087 0.8576
vn -0.7525 0.3527 -0.5561
vn -0.8108 0.3477 -0.4708
vn -0.9644 -0.0011 0.2645
vn -0.3610 -0.1459 0.9211
vn 0.1859 -0.9347 0.3029
vn -0.1285 -0.8982 0.4203
vn -0.8655 0.2118 -0.4539
vn -0.7020 -0.0261 -0.7116
vn -0.1781 0.3053 -0.9355
vn -0.7906 0.0033 -0.6123
vn -0.1842 0.4135 -0.8917
vn 0.0552 0.2643 -0.9629
vn 0.0524 0.4168 -0.9075
vn 0.0431 0.1268 -0.9910
vn 0.3227 -0.2328 -0.9174
vn -0.2770 0.0208 -0.9606
vn 0.4448 -0.4448 -0.7774
vn -0.7284 -0.0722 -0.6814
vn -0.0679 -0.8747 -0.4799
vn -0.0246 -0.9392 -0.3425
vn -0.8444 0.0102 -0.5357
vn -0.0804 0.4246 -0.9018
vn -0.5779 0.0523 -0.8145
vn -0.1062 0.6642 -0.7399
vn -0.4947 0.8690 -0.0069
vn -0.0007 0.8909 -0.4542
vn -0.5123 0.5657 0.6461
vn -0.5974 0.2925 0.7467
vn -0.8387 0.3075 0.4494
vn -0.2357 0.9415 -0.2408
vn -0.7403 -0.5199 0.4263
vn -0.7186 -0.6312 0.2919
vn -0.3854 -0.5925 0.7074
vn -0.4209 -0.5259 0.7391
vn 0.0325 -0.3967 0.9174
vn -0.4925 0.0543 0.8686
vn -0.0457 -0.3196 0.9464
vn -0.7843 0.2780 0.5546
vn -0.5794 0.6476 0.4949
vn -0.5234 0.1797 0.8329
vn -0.4255 0.6552 0.6242
vn -0.3602 -0.9214 0.1455
vn 0.1179 -0.5388 0.8341
vn 0.0089 0.2435 0.9699
vn 0.8692 -0.2760 0.4104
vn 0.9994 0.0174 -0.0293
vn 0.9684 0.1210 0.2181
vn 0.9202 -0.3798 -0.0949
vn 0.7639 -0.6448 -0.0265
vn -0.3836 -0.5728 -0.7244
vn -0.6415 -0.4515 0.6202
vn 0.6802 -0.1738 0.7121
vn 0.9906 -0.1339 -0.0283
vn 0.6235 -0.2998 0.7220
vn -0.1736 -0.2219 0.9595
vn 0.8690 -0.0502 -0.4922
vn -0.5359 0.0926 -0.8392
vn 0.7125 -0.1878 -0.6761
vn -0.4398 -0.0988 -0.8926
vn 0.4511 -0.8798 0.1496
vn -0.5847 -0.8103 -0.0406
vn 0.3915 0.6607 0.6405
vn -0.2448 0.3015 0.9215
vn 0.4556 0.6017 0.6560
vn -0.0160 0.3974 0.9175
vn 0.6290 -0.7118 0.3127
vn 0.8859 -0.4636 0.0143
vn 0.8266 0.5203 0.2146
vn 0.1925 -0.6981 0.6896
vn 0.9774 0.1625 -0.1349
vn 0.2463 -0.4152 -0.8757
vn 0.8859 -0.4636 0.0142
vn -0.2987 -0.7820 -0.5470
vn 0.6290 -0.7118 0.3126
vn -0.7213 -0.6731 0.1630
vn -0.6418 -0.1064 -0.7595
vn -0.7736 -0.0132 -0.6335
vn 0.1924 -0.6982 0.6895
vn -0.7414 0.4784 -0.4706
vn -0.3380 -0.0163 -0.9410
vn 0.0937 0.1154 -0.9889
vn 0.9775 0.1625 -0.1348
vn -0.0160 0.3973 0.9175
vn -0.7737 -0.0132 -0.6334
vn 0.6235 -0.2998 0.7221
vn 0.9852 0.0525 -0.1631
vn -0.6422 0.5109 -0.5714
vn -0.5205 0.7650 0.3791
vn -0.7951 0.4452 0.4119
vn -0.7737 -0.0131 -0.6334
vn -0.9993 0.0196 0.0304
vn -0.1735 -0.2219 0.9595
vn -0.6415 -0.4514 0.6202
vn 0.2070 0.3870 0.8985
vn -0.7137 0.0330 0.6997
vn 0.5035 -0.0288 0.8635
vn 0.3604 0.3326 0.8715
vn 0.9684 0.1210 0.2182
vn 0.9202 -0.3798 -0.0946
vn -0.3835 -0.5728 -0.7244
vn -0.8302 -0.1049 0.5474
vn 0.5371 -0.2016 0.8191
vn -0.5847 -0.8103 -0.0407
vn 0.4511 -0.8799 0.1494
vn 0.8690 -0.0502 -0.4923
vn 0.7122 -0.1879 -0.6764
vn -0.4397 -0.0987 -0.8927
vn -0.5359 0.0925 -0.8392
vn 0.3010 0.1208 0.9460
vn -0.0713 -0.3927 -0.9169
vn 0.0101 -0.7853 0.6190
vn -0.8597 -0.5092 0.0400
vn 0.6817 -0.7110 -0.1726
vn 0.1157 0.2469 0.9621
vn -0.1652 0.1477 0.9751
vn 0.9189 0.3944 0.0084
vn 0.8924 0.3622 -0.2690
vn 0.6235 -0.2999 0.7221
vn 0.9774 0.1628 -0.1347
vn 0.8264 0.5205 0.2147
vn 0.2465 -0.4151 -0.8758
vn 0.9775 0.1624 -0.1348
vn 0.1155 0.2468 0.9621
vn 0.9189 0.3943 0.0083
vn 0.0100 -0.7853 0.6190
vn -0.1652 0.1478 0.9751
vn 0.8924 0.3623 -0.2690
vn 0.9906 -0.1338 -0.0283
vn -0.4066 -0.9067 -0.1125
vn -0.9868 0.0338 -0.1585
vn -0.9868 -0.0737 0.1442
vn -0.8656 -0.3691 0.3383
vn 0.3219 0.0638 0.9446
vn 0.3495 0.2367 0.9066
vn -0.9872 -0.0999 -0.1242
vn -0.9840 -0.1566 0.0850
vn 0.0187 0.0458 -0.9988
vn 0.0120 0.3525 -0.9357
vn -0.9881 0.1527 -0.0187
vn -0.9508 -0.2500 -0.1830
vn -0.0585 0.8134 0.5787
vn -0.1659 -0.2419 0.9560
vn -0.6437 -0.6115 -0.4600
vn 0.0517 -0.4699 -0.8812
vn -0.6815 -0.4407 0.5843
vn -0.4068 0.7885 0.4613
vn -0.0366 0.8031 0.5947
vn 0.1762 -0.1653 0.9704
vn 0.9014 0.4192 -0.1083
vn 0.0577 -0.1545 0.9863
vn 0.9625 -0.0579 0.2652
vn 0.0277 0.4151 -0.9094
vn 0.1965 0.0414 -0.9796
vn 0.7523 -0.4255 -0.5030
vn 0.3645 0.8509 0.3783
vn 0.8534 -0.2726 0.4443
vn -0.0749 0.2969 -0.9520
vn 0.7524 -0.4255 -0.5029
vn 0.0518 -0.4699 -0.8812
vn -0.6814 -0.4408 0.5843
vn 0.8534 -0.2726 0.4442
vn 0.1763 -0.1654 0.9704
vn -0.6438 -0.6115 -0.4600
vn 0.3216 -0.9217 -0.2170
vn 0.2991 -0.9537 -0.0314
vn -0.2155 -0.0032 0.9765
vn 0.2837 -0.9584 0.0307
vn -0.8035 -0.5390 -0.2526
vn 0.0734 -0.0106 0.9972
vn -0.7570 0.3856 0.5274
vn -0.7823 0.3728 0.4990
vn -0.7356 -0.6037 -0.3071
vn -0.3254 0.8162 -0.4775
vn -0.2040 0.8708 -0.4474
vn -0.1698 -0.2291 0.9585
vn -0.9872 -0.0999 -0.1243
vn 0.0492 -0.4612 0.8859
vn 0.4009 -0.9155 0.0349
vn -0.6338 -0.7654 0.1118
vn -0.3366 -0.6988 0.6312
vn -0.2611 0.3350 0.9053
vn -0.2516 0.7669 0.5904
vn -0.2256 -0.1218 0.9666
vn -0.7508 -0.6242 -0.2159
vn 0.1549 -0.7579 0.6337
vn -0.6002 0.6894 -0.4057
vn -0.7276 0.6451 0.2334
vt 0.730382 0.103619
vt 0.705649 0.144477
vt 0.906050 0.162418
vt 0.907543 0.101904
vt 0.999984 0.166941
vt 1.001061 0.095946
vt 0.733494 0.205318
vt 0.838940 0.209383
vt 0.991053 0.210366
vt 0.981648 0.252295
vt 0.840260 0.252371
vt 0.689743 0.104698
vt 0.991405 0.052870
vt 0.810174 0.064464
vt 0.981657 0.011468
vt 0.840250 0.011429
vt 0.734207 0.056759
vt 0.693123 0.056174
vt 0.518060 0.096757
vt 0.575201 0.047645
vt 0.473165 0.043970
vt 0.716055 0.011396
vt 0.597290 0.011359
vt 0.510869 0.011322
vt 0.522475 0.164896
vt 0.485011 0.157654
vt 0.479927 0.107408
vt 0.445175 0.049232
vt 0.473366 0.225391
vt 0.579352 0.211659
vt 0.510849 0.252622
vt 0.597275 0.252464
vt 0.688056 0.203710
vt 0.716059 0.252303
vt 0.459430 0.138427
vt 0.448360 0.105872
vt 0.445220 0.217118
vt 0.468555 0.252667
vt 0.435264 0.252667
vt 0.710772 0.204691
vt 0.809314 0.993189
vt 0.844593 0.748486
vt 0.799681 0.766537
vt 0.795370 0.616810
vt 0.844460 0.624653
vt 0.796731 0.566457
vt 0.846052 0.573862
vt 0.737687 0.589384
vt 0.737679 0.566887
vt 0.737691 0.611583
vt 0.903594 0.595045
vt 0.902086 0.622902
vt 0.947494 0.615460
vt 0.947980 0.591500
vt 0.993009 0.611673
vt 0.993010 0.589483
vt 0.948583 0.568105
vt 0.993012 0.566905
vt 0.904969 0.574145
vt 0.939443 0.344499
vt 0.898532 0.361084
vt 0.993076 0.320695
vt 0.854260 0.365264
vt 0.915162 0.347050
vt 0.854851 0.350073
vt 0.993004 0.780156
vt 0.944441 0.769131
vt 0.900724 0.759988
vt 0.936461 0.995025
vt 0.880074 0.997653
vt 0.789589 0.353336
vt 0.737576 0.320774
vt 0.459999 0.699940
vt 0.421847 0.911548
vt 0.493482 0.874305
vt 0.334346 0.703269
vt 0.334346 0.906337
vt 0.574509 0.696105
vt 0.570429 0.874521
vt 0.490508 0.948126
vt 0.334346 0.965522
vt 0.365140 0.975937
vt 0.420117 0.965795
vt 0.650541 0.838561
vt 0.643075 0.892767
vt 0.726515 0.817051
vt 0.726515 0.703484
vt 0.726515 0.932364
vt 0.709975 0.959389
vt 0.635989 0.948441
vt 0.695226 0.983366
vt 0.579503 0.979625
vt 0.726515 0.978941
vt 0.572418 0.925007
vt 0.726515 0.610225
vt 0.575486 0.609180
vt 0.574131 0.447552
vt 0.726515 0.445670
vt 0.628909 0.318546
vt 0.561909 0.331279
vt 0.561667 0.289065
vt 0.629838 0.284131
vt 0.681244 0.268659
vt 0.726515 0.308737
vt 0.465542 0.609718
vt 0.497836 0.448231
vt 0.389955 0.608312
vt 0.424485 0.456931
vt 0.334346 0.436815
vt 0.434410 0.332167
vt 0.334346 0.318454
vt 0.382074 0.269755
vt 0.433481 0.285227
vt 0.501409 0.332846
vt 0.501652 0.290161
vt 0.532354 0.423067
vt 0.334346 0.607952
vt 0.079805 0.232283
vt 0.164710 0.210607
vt 0.122523 0.194649
vt 0.082536 0.195321
vt 0.065738 0.163787
vt 0.098907 0.148763
vt 0.061632 0.142152
vt 0.067395 0.121429
vt 0.123677 0.114515
vt 0.175785 0.114562
vt 0.094627 0.115280
vt 0.071940 0.113520
vt 0.035702 0.148111
vt 0.041923 0.132093
vt 0.020229 0.138299
vt 0.026355 0.125859
vt 0.005702 0.131286
vt 0.011940 0.118620
vt 0.124248 0.087244
vt 0.097369 0.085301
vt 0.124231 0.055219
vt 0.098622 0.055224
vt 0.124118 0.033753
vt 0.158367 0.040381
vt 0.164154 0.054336
vt 0.099739 0.035139
vt 0.171577 0.088395
vt 0.192231 0.080816
vt 0.172887 0.036601
vt 0.229659 0.051083
vt 0.207206 0.014433
vt 0.253565 0.037615
vt 0.259273 0.099604
vt 0.295568 0.088781
vt 0.225257 0.005464
vt 0.257519 0.214069
vt 0.210893 0.208562
vt 0.203087 0.112287
vt 0.256732 0.004405
vt 0.275505 0.029551
vt 0.296663 0.056271
vt 0.254448 0.243670
vt 0.287294 0.248875
vt 0.299549 0.220380
vt 0.323300 0.104611
vt 0.343328 0.116239
vt 0.349575 0.166371
vt 0.341191 0.234380
vt 0.379236 0.180734
vt 0.393815 0.198439
vt 0.369935 0.227020
vt 0.383913 0.245331
vt 0.408148 0.211617
vt 0.372524 0.153454
vt 0.406401 0.154959
vt 0.418570 0.170953
vt 0.432503 0.130104
vt 0.445823 0.142555
vt 0.433494 0.180403
vt 0.448844 0.163198
vt 0.412154 0.127150
vt 0.395815 0.139939
vt 0.325332 0.261049
vt 0.344700 0.051550
vt 0.359289 0.070966
vt 0.389947 0.045029
vt 0.374202 0.026325
vt 0.391323 0.064504
vt 0.369359 0.086828
vt 0.352694 0.023153
vt 0.330809 0.036634
vt 0.068269 0.054545
vt 0.088448 0.054365
vt 0.085147 0.033440
vt 0.068311 0.035581
vt 0.069129 0.082960
vt 0.091835 0.081384
vt 0.214759 0.239928
vt 0.170727 0.242683
vt 0.094294 0.262400
vt 0.737783 0.987757
vt 0.737708 0.780107
vt 0.274783 0.263290
vt 0.251897 0.284556
vt 0.265085 0.304716
vt 0.290410 0.280108
vt 0.230808 0.322133
vt 0.234686 0.293532
vt 0.317161 0.315098
vt 0.326877 0.296848
vt 0.247112 0.446506
vt 0.230894 0.421947
vt 0.204488 0.436013
vt 0.200804 0.450038
vt 0.202857 0.296193
vt 0.220949 0.280878
vt 0.186739 0.265822
vt 0.206200 0.254811
vt 0.152216 0.291162
vt 0.194174 0.426648
vt 0.177297 0.438725
vt 0.148125 0.271043
vt 0.109679 0.437051
vt 0.158639 0.453515
vt 0.110675 0.292890
vt 0.130164 0.279394
vt 0.048936 0.787641
vt 0.037433 0.823986
vt 0.095670 0.805101
vt 0.018334 0.795488
vt 0.001309 0.823986
vt 0.001309 0.828672
vt 0.001309 0.805245
vt 0.001309 0.793266
vt 0.072476 0.756292
vt 0.104842 0.722758
vt 0.009703 0.762035
vt 0.001309 0.770446
vt 0.001309 0.745864
vt 0.041600 0.754625
vt 0.045013 0.731461
vt 0.001309 0.728107
vt 0.001309 0.706350
vt 0.045012 0.704329
vt 0.000634 0.640415
vt 0.080537 0.664700
vt 0.172489 0.654188
vt 0.168984 0.731210
vt 0.146949 0.810560
vt 0.044855 0.876465
vt 0.134665 0.883862
vt 0.053879 0.921862
vt 0.230813 0.753236
vt 0.327296 0.709405
vt 0.289853 0.844016
vt 0.198004 0.819694
vt 0.222406 0.906637
vt 0.208321 0.985394
vt 0.032665 0.835220
vt 0.001309 0.884699
vt 0.068912 0.997425
vt 0.136690 0.961832
vt 0.001309 0.847491
vt 0.001309 0.839125
vt 0.041894 0.649915
vt 0.070649 0.583980
vt 0.103642 0.580263
vt 0.049090 0.502723
vt 0.103028 0.449168
vt 0.013527 0.576938
vt 0.001309 0.788851
vt 0.992969 0.987765
vt 0.232379 0.916718
vt 0.282941 0.969753
vt 0.311768 0.908112
vt 0.306313 0.933309
vt 0.220304 0.994415
vt 0.243005 0.989735
vt 0.222758 0.978624
vt 0.468563 0.011307
vt 0.435273 0.011298
s 1
usemtl enemy_tonnel.001
f 619/279/508 620/280/509 621/281/510
f 619/279/508 621/281/510 622/282/511
f 622/282/511 621/281/510 623/283/512
f 622/282/511 623/283/512 624/284/513
f 621/281/510 620/280/509 625/285/514
f 621/281/510 625/285/514 626/286/515
f 623/283/512 621/281/510 626/286/515
f 623/283/512 626/286/515 627/287/516
f 628/288/517 627/287/516 626/286/515
f 628/288/517 626/286/515 629/289/518
f 629/289/518 626/286/515 625/285/514
f 619/279/508 630/290/519 620/280/509
f 622/282/511 624/284/513 631/291/520
f 632/292/521 622/282/511 631/291/520
f 619/279/508 622/282/511 632/292/521
f 632/292/521 631/291/520 633/293/522
f 632/292/521 633/293/522 634/294/523
f 634/294/523 635/295/524 632/292/521
f 619/279/508 632/292/521 635/295/524
f 636/296/525 630/290/519 619/279/508
f 636/296/525 619/279/508 635/295/524
f 636/296/525 637/297/526 630/290/519
f 636/296/525 638/298/527 637/297/526
f 638/298/527 639/299/528 637/297/526
f 640/300/529 638/298/527 636/296/525
f 634/294/523 640/300/529 635/295/524
f 636/296/525 635/295/524 640/300/529
f 640/300/529 641/301/530 638/298/527
f 642/302/531 639/299/528 638/298/527
f 642/302/531 638/298/527 641/301/530
f 643/303/532 630/290/519 637/297/526
f 644/304/533 643/303/532 637/297/526
f 644/304/533 637/297/526 645/305/534
f 637/297/526 639/299/528 645/305/534
f 639/299/528 646/306/535 645/305/534
f 647/307/536 643/303/532 644/304/533
f 647/307/536 648/308/537 643/303/532
f 648/308/537 647/307/536 649/309/538
f 648/308/537 649/309/538 650/310/539
f 651/311/540 648/308/537 650/310/539
f 651/311/540 650/310/539 652/312/541
f 645/305/534 653/313/542 644/304/533
f 645/305/534 654/314/543 653/313/542
f 653/313/542 655/315/544 644/304/533
f 655/315/544 647/307/536 644/304/533
f 655/315/544 656/316/545 647/307/536
f 649/309/538 647/307/536 656/316/545
f 655/315/544 657/317/546 656/316/545
f 648/308/537 651/311/540 620/280/509
f 648/308/537 620/280/509 643/303/532
f 643/303/532 620/280/509 630/290/519
f 620/280/509 651/311/540 658/318/547
f 658/318/547 651/311/540 652/312/541
f 625/285/514 658/318/547 652/312/541
f 625/285/514 620/280/509 658/318/547
f 629/289/518 625/285/514 652/312/541
f 659/319/548 660/320/549 661/321/550
f 660/320/549 662/322/551 661/321/550
f 660/320/549 663/323/552 662/322/551
f 663/323/552 664/324/553 662/322/551
f 663/323/552 665/325/554 664/324/553
f 666/326/555 662/322/551 664/324/553
f 667/327/556 666/326/555 664/324/553
f 666/326/555 668/328/557 662/322/551
f 661/321/550 662/322/551 668/328/557
f 669/329/558 665/325/554 663/323/552
f 670/330/559 669/329/558 663/323/552
f 670/330/559 663/323/552 660/320/549
f 669/329/558 670/330/559 671/331/560
f 669/329/558 671/331/560 672/332/561
f 672/332/561 671/331/560 673/333/562
f 672/332/561 673/333/562 674/334/563
f 675/335/564 672/332/561 674/334/563
f 675/335/564 674/334/563 676/336/565
f 677/337/566 669/329/558 672/332/561
f 677/337/566 672/332/561 675/335/564
f 669/329/558 677/337/566 665/325/554
f 677/337/566 675/335/564 678/338/567
f 678/338/567 675/335/564 676/336/565
f 677/337/566 678/338/567 679/339/568
f 665/325/554 677/337/566 679/339/568
f 678/338/567 676/336/565 680/340/569
f 665/325/554 679/339/568 681/341/570
f 682/342/571 681/341/570 679/339/568
f 682/342/571 683/343/572 681/341/570
f 671/331/560 684/344/573 673/333/562
f 671/331/560 685/345/574 684/344/573
f 671/331/560 670/330/559 686/346/575
f 671/331/560 686/346/575 685/345/574
f 687/347/576 684/344/573 685/345/574
f 686/346/575 687/347/576 685/345/574
f 670/330/559 660/320/549 686/346/575
f 660/320/549 688/348/577 686/346/575
f 660/320/549 689/319/548 688/348/577
f 686/346/575 688/348/577 690/347/578
f 681/341/570 691/349/579 664/324/553
f 681/341/570 664/324/553 665/325/554
f 692/349/580 667/327/556 664/324/553
f 693/349/581 694/350/582 667/327/583
f 695/351/584 696/352/585 697/353/586
f 695/351/584 698/354/587 696/352/585
f 698/354/587 699/355/588 696/352/585
f 697/353/586 700/356/589 695/351/584
f 697/353/586 701/357/590 700/356/589
f 697/353/586 696/352/585 702/358/591
f 696/352/585 699/355/588 703/359/592
f 696/352/585 703/359/592 704/360/593
f 704/360/593 705/361/594 696/352/585
f 696/352/585 705/361/594 702/358/591
f 700/356/589 701/357/590 706/362/595
f 707/363/596 706/362/595 701/357/590
f 707/363/596 708/364/597 706/362/595
f 709/365/598 706/362/595 708/364/597
f 709/365/598 700/356/589 706/362/595
f 710/366/599 708/364/597 707/363/596
f 710/366/599 707/363/596 711/367/600
f 707/363/596 712/368/601 711/367/600
f 711/367/600 712/368/601 713/369/602
f 712/368/601 707/363/596 714/370/603
f 715/371/604 710/366/599 711/367/600
f 716/371/605 711/367/600 713/369/602
f 707/363/596 701/357/590 717/372/606
f 707/363/596 717/372/606 714/370/603
f 717/372/606 701/357/590 697/353/586
f 717/372/606 697/353/586 702/358/591
f 718/370/607 717/372/606 702/358/591
f 712/368/601 719/370/608 713/369/602
f 709/365/598 720/373/609 721/374/610
f 709/365/598 721/374/610 700/356/589
f 720/373/609 722/375/611 721/374/610
f 720/373/609 723/376/612 722/375/611
f 723/376/612 724/377/613 722/375/611
f 725/378/614 722/375/611 724/377/613
f 724/377/613 726/379/615 725/378/614
f 724/377/613 727/380/616 726/379/615
f 728/381/617 727/380/616 724/377/613
f 724/377/613 729/382/618 728/381/617
f 723/376/612 729/382/618 724/377/613
f 695/351/584 700/356/589 721/374/610
f 695/351/584 721/374/610 730/383/619
f 731/384/620 730/383/619 721/374/610
f 731/384/620 721/374/610 722/375/611
f 731/384/620 732/385/621 730/383/619
f 695/351/584 730/383/619 732/385/621
f 731/384/620 733/386/622 732/385/621
f 733/386/622 734/387/623 732/385/621
f 734/387/623 733/386/622 735/388/624
f 735/388/624 733/386/622 731/384/620
f 734/387/623 735/388/624 736/389/625
f 735/388/624 737/390/626 736/389/625
f 735/388/624 738/391/627 737/390/626
f 738/391/627 735/388/624 739/392/628
f 738/391/627 739/392/628 740/393/629
f 695/351/584 732/385/621 698/354/587
f 735/388/624 731/384/620 741/394/630
f 735/388/624 741/394/630 739/392/628
f 698/354/587 732/385/621 742/395/631
f 732/385/621 734/387/623 742/395/631
f 743/396/632 744/397/633 745/398/634
f 746/399/635 743/396/632 745/398/634
f 745/398/634 747/400/636 746/399/635
f 745/398/634 748/401/637 747/400/636
f 747/400/636 748/401/637 749/402/638
f 748/401/637 750/403/639 749/402/638
f 751/404/640 748/401/637 745/398/634
f 745/398/634 752/405/641 751/404/640
f 748/401/637 751/404/640 753/406/642
f 748/401/637 753/406/642 750/403/639
f 753/406/642 754/407/643 750/403/639
f 755/408/644 747/400/636 749/402/638
f 755/408/644 749/402/638 756/409/645
f 757/410/646 755/408/644 756/409/645
f 757/410/646 756/409/645 758/411/647
f 759/412/648 757/410/646 758/411/647
f 759/412/648 758/411/647 760/413/649
f 753/406/642 751/404/640 761/414/650
f 753/406/642 761/414/650 762/415/651
f 762/415/651 761/414/650 763/416/652
f 762/415/651 763/416/652 764/417/653
f 763/416/652 765/418/654 764/417/653
f 766/419/655 765/418/654 763/416/652
f 767/420/656 766/419/655 763/416/652
f 761/414/650 767/420/656 763/416/652
f 765/418/654 768/421/657 764/417/653
f 761/414/650 769/422/658 767/420/656
f 770/423/659 771/424/660 767/420/661
f 772/425/662 771/424/660 770/423/659
f 772/425/662 773/426/663 771/424/660
f 774/427/664 773/426/663 772/425/662
f 775/428/665 774/427/664 772/425/662
f 772/425/662 770/423/659 775/428/665
f 775/428/665 776/429/666 774/427/664
f 774/427/664 777/430/667 773/426/663
f 776/429/666 775/428/665 778/431/668
f 775/428/665 779/432/669 778/431/668
f 775/428/665 780/433/670 779/432/669
f 770/423/659 780/433/670 775/428/665
f 780/433/670 770/423/659 781/422/658
f 782/405/641 780/433/670 781/422/658
f 779/432/669 780/433/670 782/405/641
f 774/427/664 783/434/653 777/430/667
f 774/427/664 784/435/671 783/434/653
f 785/429/672 784/435/671 774/427/664
f 785/429/672 786/436/673 784/435/671
f 744/397/674 779/432/669 782/405/641
f 779/432/669 787/437/675 778/431/668
f 788/438/676 778/431/668 787/437/675
f 788/438/676 789/439/677 778/431/668
f 790/429/678 778/431/668 789/439/677
f 791/440/679 790/429/678 789/439/677
f 789/439/677 792/441/680 791/440/679
f 789/439/677 793/442/681 792/441/680
f 789/439/677 794/443/682 793/442/681
f 788/438/676 794/443/682 789/439/677
f 795/444/683 793/442/681 794/443/682
f 794/443/682 796/445/684 795/444/683
f 794/443/682 797/446/685 796/445/684
f 798/447/686 797/446/685 794/443/682
f 796/445/684 797/446/685 798/447/686
f 796/445/684 798/447/686 799/448/687
f 795/444/683 800/449/688 793/442/681
f 796/445/684 801/450/689 795/444/683
f 796/445/684 802/451/690 801/450/689
f 799/448/687 802/451/690 796/445/684
f 802/451/690 803/452/691 801/450/689
f 802/451/690 804/453/692 803/452/691
f 799/448/687 805/454/644 802/451/690
f 805/454/644 804/453/692 802/451/690
f 805/454/644 806/455/693 804/453/692
f 807/456/694 801/450/689 803/452/691
f 807/456/694 808/457/695 801/450/689
f 808/457/695 800/449/688 795/444/683
f 808/457/695 795/444/683 801/450/689
f 788/438/676 809/458/696 794/443/682
f 810/459/697 811/460/698 812/461/699
f 810/459/697 812/461/699 813/462/700
f 790/429/678 811/460/698 810/459/697
f 790/429/678 791/440/679 811/460/698
f 811/460/698 814/463/701 812/461/699
f 811/460/698 815/464/702 814/463/701
f 791/440/679 815/464/702 811/460/698
f 791/440/679 792/441/680 815/464/702
f 810/459/697 813/462/700 816/465/703
f 810/459/697 816/465/703 817/466/704
f 818/429/672 810/459/697 817/466/704
f 818/429/672 817/466/704 819/436/705
f 820/422/706 770/423/707 821/420/708
f 751/404/640 752/405/641 769/422/709
f 751/404/640 822/422/658 761/414/650
f 823/467/701 824/468/710 825/469/711
f 823/467/701 825/469/711 826/470/712
f 827/471/713 824/468/710 823/467/701
f 827/471/713 828/472/714 824/468/710
f 753/406/642 828/472/714 827/471/713
f 754/407/643 753/406/642 827/471/713
f 744/397/633 829/405/715 745/398/634
f 779/432/669 830/473/716 787/437/675
f 831/397/717 830/473/716 779/432/669
f 831/397/717 832/474/718 830/473/716
f 833/475/719 832/474/718 831/397/717
f 833/475/719 831/397/717 743/396/720
f 834/476/721 835/319/548 661/321/550
f 834/476/721 661/321/550 836/477/722
f 836/477/722 661/321/550 668/328/557
f 837/478/723 838/479/724 839/480/725
f 837/478/723 839/480/725 840/481/726
f 838/479/724 841/482/727 839/480/725
f 838/479/724 842/483/728 841/482/727
f 839/480/725 843/484/729 840/481/726
f 840/481/726 843/484/729 844/485/730
f 839/480/725 845/486/731 843/484/729
f 839/480/725 841/482/727 846/487/732
f 839/480/725 846/487/732 845/486/731
f 847/488/733 845/486/731 846/487/732
f 841/482/727 847/488/733 846/487/732
f 847/488/733 848/489/734 845/486/731
f 841/482/727 849/490/735 847/488/733
f 850/483/736 849/490/735 841/482/727
f 850/483/736 851/491/737 849/490/735
f 851/491/737 852/492/738 849/490/735
f 851/491/737 853/493/739 852/492/738
f 852/492/738 854/494/740 849/490/735
f 849/490/735 855/495/741 847/488/733
f 855/495/741 849/490/735 856/496/742
f 847/488/733 855/495/741 856/496/742
f 847/488/733 856/496/742 848/489/734
f 849/490/735 854/494/740 856/496/742
f 852/492/743 857/497/744 858/494/740
f 859/498/745 860/499/734 861/496/746
f 862/500/729 859/498/745 861/496/746
f 862/500/729 861/496/746 863/494/740
f 864/501/747 862/500/729 863/494/740
f 865/502/748 866/503/749 867/504/750
f 865/502/748 868/505/751 866/503/749
f 868/505/751 869/506/752 866/503/749
f 870/507/753 866/503/749 869/506/752
f 869/506/752 868/505/751 871/508/754
f 871/508/754 868/505/751 872/509/755
f 867/504/750 873/510/756 865/502/748
f 867/504/750 874/511/757 873/510/756
f 868/505/751 865/502/748 875/512/758
f 876/513/759 868/505/751 875/512/758
f 876/513/759 875/512/758 877/514/760
f 865/502/748 878/515/761 875/512/758
f 865/502/748 873/510/756 878/515/761
f 879/516/762 877/514/760 875/512/758
f 875/512/758 878/515/761 879/516/762
f 878/515/761 873/510/756 879/516/762
f 873/510/756 874/511/757 879/516/762
f 877/514/760 879/516/762 880/517/763
f 880/517/763 879/516/762 881/518/764
f 879/516/762 882/519/765 881/518/764
f 874/511/757 882/519/765 879/516/762
f 881/518/764 882/519/765 883/520/766
f 884/521/767 882/519/765 874/511/757
f 884/521/767 874/511/757 885/522/768
f 874/511/757 886/523/769 885/522/768
f 867/504/750 886/523/769 874/511/757
f 867/504/750 887/524/770 886/523/769
f 888/525/771 887/524/770 867/504/750
f 888/525/771 889/526/772 887/524/770
f 888/525/771 890/527/773 889/526/772
f 886/523/769 891/528/774 885/522/768
f 887/524/770 891/528/774 886/523/769
f 892/529/775 885/522/768 891/528/774
f 892/529/775 891/528/774 893/530/776
f 893/530/776 891/528/774 894/531/777
f 889/526/772 894/531/777 887/524/770
f 887/524/770 894/531/777 891/528/774
f 893/530/776 894/531/777 895/532/778
f 889/526/772 896/532/779 894/531/777
f 897/533/780 896/532/779 889/526/772
f 888/525/771 867/504/750 898/534/781
f 899/535/782 888/525/771 898/534/781
f 888/525/771 899/535/782 900/527/783
f 900/527/784 901/536/785 889/526/786
f 901/536/785 902/537/787 889/526/786
f 903/538/788 899/535/782 898/534/781
f 904/539/789 903/538/788 898/534/781
f 905/537/790 906/533/791 889/526/792
f 907/526/793 908/531/794 896/532/795
f 907/526/793 909/524/796 908/531/794
f 910/525/797 909/524/796 907/526/793
f 910/525/797 907/526/793 911/527/798
f 910/525/797 912/504/799 909/524/796
f 912/504/799 913/523/800 909/524/796
f 912/504/799 914/511/801 913/523/800
f 912/504/799 915/510/802 914/511/801
f 912/504/799 916/502/803 915/510/802
f 916/502/803 912/504/799 917/503/804
f 916/502/803 917/503/804 918/505/805
f 918/505/805 917/503/804 919/506/806
f 920/507/807 919/506/806 917/503/804
f 919/506/806 921/508/808 918/505/805
f 921/508/808 922/509/809 918/505/805
f 918/505/805 923/512/810 916/502/803
f 924/513/811 923/512/810 918/505/805
f 924/513/811 925/514/812 923/512/810
f 916/502/803 923/512/810 926/515/813
f 916/502/803 926/515/813 915/510/802
f 927/516/814 923/512/810 925/514/812
f 923/512/810 927/516/814 926/515/813
f 926/515/813 927/516/814 915/510/802
f 915/510/802 927/516/814 914/511/801
f 925/514/812 928/517/763 927/516/814
f 928/517/763 929/518/764 927/516/814
f 927/516/814 929/518/764 930/519/815
f 914/511/801 927/516/814 930/519/815
f 931/521/816 914/511/801 930/519/815
f 931/521/816 932/522/817 914/511/801
f 914/511/801 932/522/817 913/523/800
f 913/523/800 932/522/817 933/528/818
f 934/529/819 933/528/818 932/522/817
f 934/529/819 935/530/820 933/528/818
f 935/530/820 908/531/794 933/528/818
f 935/530/820 936/532/821 908/531/794
f 909/524/796 913/523/800 933/528/818
f 909/524/796 933/528/818 908/531/794
f 931/521/816 930/519/815 937/540/822
f 937/540/822 938/541/823 931/521/816
f 931/521/816 938/541/823 939/542/824
f 939/542/824 938/541/823 940/543/825
f 940/543/825 941/544/775 939/542/824
f 937/540/822 930/519/815 942/520/826
f 938/541/823 937/540/822 942/520/826
f 929/518/764 942/520/826 930/519/815
f 938/541/823 942/520/826 943/545/827
f 944/543/825 938/541/823 943/545/827
f 945/543/825 946/542/828 941/544/819
f 946/542/828 945/543/825 947/541/829
f 884/521/767 946/542/828 947/541/829
f 948/540/830 884/521/767 947/541/829
f 884/521/767 948/540/830 882/519/765
f 948/540/830 883/520/766 882/519/765
f 947/541/829 883/520/766 948/540/830
f 947/541/829 949/545/831 883/520/766
f 950/543/832 949/545/831 947/541/829
f 951/509/833 868/505/751 952/546/834
f 868/505/751 953/513/835 952/546/834
f 951/509/833 952/546/834 918/505/836
f 918/505/836 952/546/834 953/513/835
f 954/347/837 955/547/838 684/344/573
f 956/548/839 957/549/840 958/550/841
f 957/549/840 959/551/842 958/550/841
f 960/552/843 961/553/844 962/554/845
f 961/553/844 963/549/846 962/554/845
f 964/548/847 962/554/845 963/549/846
f 965/555/848 966/556/849 639/299/528
f 642/302/531 965/555/848 639/299/528
f 966/556/849 646/306/535 639/299/528
f 967/279/850 968/282/851 969/281/852
f 967/279/850 969/281/852 970/280/853
f 968/282/851 971/283/854 969/281/852
f 968/282/851 972/284/855 971/283/854
f 969/281/852 973/285/856 970/280/853
f 969/281/852 974/286/857 973/285/856
f 971/283/854 974/286/857 969/281/852
f 971/283/854 975/287/858 974/286/857
f 976/288/859 974/286/857 975/287/858
f 976/288/859 977/289/860 974/286/857
f 977/289/860 973/285/856 974/286/857
f 967/279/850 970/280/853 978/290/861
f 968/282/851 979/291/862 972/284/855
f 980/292/863 979/291/862 968/282/851
f 967/279/850 980/292/863 968/282/851
f 980/292/863 981/293/859 979/291/862
f 980/292/863 982/294/864 981/293/859
f 982/294/864 980/292/863 983/295/865
f 967/279/850 983/295/865 980/292/863
f 984/296/866 983/295/865 967/279/850
f 984/296/866 967/279/850 978/290/861
f 984/296/866 978/290/861 985/297/867
f 984/296/866 985/297/867 986/298/868
f 986/298/868 985/297/867 987/299/869
f 988/300/870 984/296/866 986/298/868
f 982/294/864 983/295/865 988/300/870
f 984/296/866 988/300/870 983/295/865
f 988/300/870 986/298/868 989/301/871
f 990/302/872 986/298/868 987/299/869
f 990/302/872 989/301/871 986/298/868
f 991/303/873 985/297/867 978/290/861
f 992/304/874 985/297/867 991/303/873
f 992/304/874 993/305/875 985/297/867
f 985/297/867 993/305/875 987/299/869
f 987/299/869 993/305/875 994/306/876
f 995/307/877 992/304/874 991/303/873
f 995/307/877 991/303/873 996/308/878
f 996/308/878 997/309/879 995/307/877
f 996/308/878 998/310/880 997/309/879
f 999/311/881 998/310/880 996/308/878
f 999/311/881 1000/312/882 998/310/880
f 993/305/875 992/304/874 1001/313/883
f 993/305/875 1001/313/883 1002/314/884
f 1001/313/883 992/304/874 1003/315/885
f 1003/315/885 992/304/874 995/307/877
f 1003/315/885 995/307/877 1004/316/886
f 997/309/879 1004/316/886 995/307/877
f 1003/315/885 1004/316/886 1005/317/887
f 996/308/878 970/280/853 999/311/881
f 996/308/878 991/303/873 970/280/853
f 991/303/873 978/290/861 970/280/853
f 970/280/853 1006/318/888 999/311/881
f 1006/318/888 1000/312/882 999/311/881
f 973/285/856 1000/312/882 1006/318/888
f 973/285/856 1006/318/888 970/280/853
f 977/289/860 1000/312/882 973/285/856
f 1007/319/889 1008/321/890 1009/320/891
f 1009/320/891 1008/321/890 1010/322/892
f 1009/320/891 1010/322/892 1011/323/893
f 1011/323/893 1010/322/892 1012/324/894
f 1011/323/893 1012/324/894 1013/325/895
f 1014/326/896 1012/324/894 1010/322/892
f 1015/327/897 1012/324/894 1014/326/896
f 1014/326/896 1010/322/892 1016/328/898
f 1008/321/890 1016/328/898 1010/322/892
f 1017/329/899 1011/323/893 1013/325/895
f 1018/330/900 1011/323/893 1017/329/899
f 1018/330/900 1009/320/891 1011/323/893
f 1017/329/899 1019/331/901 1018/330/900
f 1017/329/899 1020/332/902 1019/331/901
f 1020/332/902 1021/333/903 1019/331/901
f 1020/332/902 1022/334/904 1021/333/903
f 1023/335/905 1022/334/904 1020/332/902
f 1023/335/905 1024/336/906 1022/334/904
f 1025/337/907 1023/335/905 1020/332/902
f 1025/337/907 1020/332/902 1017/329/899
f 1017/329/899 1013/325/895 1025/337/907
f 1025/337/907 1026/338/908 1023/335/905
f 1026/338/908 1024/336/906 1023/335/905
f 1025/337/907 1027/339/909 1026/338/908
f 1013/325/895 1027/339/909 1025/337/907
f 1026/338/908 1028/340/910 1024/336/906
f 1013/325/895 1029/341/911 1027/339/909
f 1019/331/901 1021/333/903 1030/344/912
f 1019/331/901 1030/344/912 1031/345/913
f 1019/331/901 1032/346/914 1018/330/900
f 1019/331/901 1031/345/913 1032/346/914
f 1033/347/915 1031/345/913 1030/344/912
f 1032/346/914 1031/345/913 1033/347/915
f 1018/330/900 1032/346/914 1009/320/891
f 1009/320/891 1032/346/914 1034/348/916
f 1009/320/891 1034/348/916 1035/319/889
f 1032/346/914 1036/347/917 1034/348/916
f 1037/342/918 1027/339/919 1038/341/920
f 1037/342/918 1038/341/920 1039/343/921
f 1029/341/911 1012/324/894 1040/349/922
f 1029/341/911 1013/325/895 1012/324/894
f 1041/349/923 1012/324/894 1015/327/897
f 1042/349/924 1015/327/925 1043/350/926
f 1044/351/927 1045/353/928 1046/352/929
f 1044/351/927 1046/352/929 1047/354/930
f 1047/354/930 1046/352/929 1048/355/931
f 1045/353/928 1044/351/927 1049/356/932
f 1045/353/928 1049/356/932 1050/357/933
f 1046/352/929 1045/353/928 1051/358/934
f 1046/352/929 1051/358/934 1052/361/935
f 1053/360/936 1046/352/929 1052/361/935
f 1046/352/929 1054/359/937 1048/355/931
f 1046/352/929 1053/360/936 1054/359/937
f 1055/372/938 1051/358/934 1045/353/928
f 1055/372/938 1045/353/928 1050/357/933
f 1056/370/939 1051/358/934 1055/372/938
f 1057/363/940 1055/372/938 1050/357/933
f 1055/372/938 1057/363/940 1058/370/941
f 1057/363/940 1050/357/933 1059/362/942
f 1049/356/932 1059/362/942 1050/357/933
f 1057/363/940 1059/362/942 1060/364/943
f 1061/365/944 1060/364/943 1059/362/942
f 1061/365/944 1059/362/942 1049/356/932
f 1062/366/945 1057/363/940 1060/364/943
f 1062/366/945 1063/367/946 1057/363/940
f 1057/363/940 1063/367/946 1064/368/947
f 1057/363/940 1064/368/947 1058/370/941
f 1064/368/947 1063/367/946 1065/369/948
f 1066/370/949 1064/368/947 1065/369/948
f 1067/371/950 1063/367/946 1062/366/945
f 1068/371/951 1065/369/948 1063/367/946
f 1061/365/944 1049/356/932 1069/374/952
f 1061/365/944 1069/374/952 1070/373/953
f 1070/373/953 1069/374/952 1071/375/954
f 1070/373/953 1071/375/954 1072/376/955
f 1072/376/955 1071/375/954 1073/377/956
f 1074/378/957 1073/377/956 1071/375/954
f 1073/377/956 1074/378/957 1075/379/958
f 1073/377/956 1075/379/958 1076/380/959
f 1077/381/960 1073/377/956 1076/380/959
f 1073/377/956 1077/381/960 1078/382/961
f 1072/376/955 1073/377/956 1078/382/961
f 1044/351/927 1069/374/952 1049/356/932
f 1044/351/927 1079/383/962 1069/374/952
f 1080/384/963 1071/375/954 1069/374/952
f 1080/384/963 1069/374/952 1079/383/962
f 1080/384/963 1079/383/962 1081/385/964
f 1044/351/927 1081/385/964 1079/383/962
f 1080/384/963 1081/385/964 1082/386/965
f 1082/386/965 1081/385/964 1083/387/966
f 1083/387/966 1084/388/967 1082/386/965
f 1084/388/967 1080/384/963 1082/386/965
f 1083/387/966 1085/389/968 1084/388/967
f 1084/388/967 1085/389/968 1086/390/969
f 1084/388/967 1086/390/969 1087/391/970
f 1087/391/970 1088/392/971 1084/388/967
f 1087/391/970 1089/393/972 1088/392/971
f 1044/351/927 1047/354/930 1081/385/964
f 1084/388/967 1090/394/973 1080/384/963
f 1084/388/967 1088/392/971 1090/394/973
f 1047/354/930 1091/395/974 1081/385/964
f 1081/385/964 1091/395/974 1083/387/966
f 1092/396/975 1093/398/976 1094/397/977
f 1095/399/978 1093/398/976 1092/396/975
f 1093/398/976 1095/399/978 1096/400/979
f 1093/398/976 1096/400/979 1097/401/980
f 1096/400/979 1098/402/981 1097/401/980
f 1097/401/980 1098/402/981 1099/403/982
f 1100/404/983 1093/398/976 1097/401/980
f 1093/398/976 1100/404/983 1101/405/984
f 1097/401/980 1102/406/985 1100/404/983
f 1097/401/980 1099/403/982 1102/406/985
f 1102/406/985 1099/403/982 1103/407/986
f 1104/408/987 1098/402/981 1096/400/979
f 1104/408/987 1105/409/988 1098/402/981
f 1106/410/989 1105/409/988 1104/408/987
f 1106/410/989 1107/411/990 1105/409/988
f 1108/412/991 1107/411/990 1106/410/989
f 1108/412/991 1109/413/992 1107/411/990
f 1102/406/985 1110/414/993 1100/404/983
f 1102/406/985 1111/415/994 1110/414/993
f 1111/415/994 1112/416/995 1110/414/993
f 1111/415/994 1113/417/996 1112/416/995
f 1112/416/995 1113/417/996 1114/418/997
f 1115/419/998 1112/416/995 1114/418/997
f 1116/420/999 1112/416/995 1115/419/998
f 1110/414/993 1112/416/995 1116/420/999
f 1114/418/997 1113/417/996 1117/421/1000
f 1110/414/993 1116/420/999 1118/422/1001
f 1119/423/1002 1116/420/999 1120/424/1003
f 1121/425/1004 1119/423/1002 1120/424/1003
f 1121/425/1004 1120/424/1003 1122/426/1005
f 1123/427/1006 1121/425/1004 1122/426/1005
f 1124/428/1007 1121/425/1004 1123/427/1006
f 1121/425/1004 1124/428/1007 1119/423/1002
f 1124/428/1007 1123/427/1006 1125/429/1008
f 1123/427/1006 1122/426/1005 1126/430/1009
f 1125/429/1008 1127/431/1010 1124/428/1007
f 1124/428/1007 1127/431/1010 1128/432/1011
f 1124/428/1007 1128/432/1011 1129/433/1012
f 1119/423/1002 1124/428/1007 1129/433/1012
f 1129/433/1012 1130/422/1013 1119/423/1002
f 1131/405/984 1130/422/1013 1129/433/1012
f 1128/432/1011 1131/405/984 1129/433/1012
f 1123/427/1006 1126/430/1009 1132/434/1014
f 1123/427/1006 1132/434/1014 1133/435/994
f 1134/429/1015 1123/427/1006 1133/435/994
f 1134/429/1015 1133/435/994 1135/436/1016
f 1094/397/1017 1131/405/984 1128/432/1011
f 1128/432/1011 1127/431/1010 1136/437/1018
f 1137/438/1019 1136/437/1018 1127/431/1010
f 1137/438/1019 1127/431/1010 1138/439/1020
f 1139/429/1021 1138/439/1020 1127/431/1010
f 1140/440/1022 1138/439/1020 1139/429/1021
f 1138/439/1020 1140/440/1022 1141/441/1023
f 1138/439/1020 1141/441/1023 1142/442/1024
f 1138/439/1020 1142/442/1024 1143/443/1025
f 1137/438/1019 1138/439/1020 1143/443/1025
f 1144/444/1026 1143/443/1025 1142/442/1024
f 1143/443/1025 1144/444/1026 1145/445/1027
f 1143/443/1025 1145/445/1027 1146/446/1028
f 1147/447/1029 1143/443/1025 1146/446/1028
f 1145/445/1027 1147/447/1029 1146/446/1028
f 1145/445/1027 1148/448/1030 1147/447/1029
f 1144/444/1026 1142/442/1024 1149/449/1031
f 1145/445/1027 1144/444/1026 1150/450/1032
f 1145/445/1027 1150/450/1032 1151/451/1033
f 1148/448/1030 1145/445/1027 1151/451/1033
f 1151/451/1033 1150/450/1032 1152/452/1034
f 1151/451/1033 1152/452/1034 1153/453/1035
f 1148/448/1030 1151/451/1033 1154/454/1036
f 1154/454/1036 1151/451/1033 1153/453/1035
f 1154/454/1036 1153/453/1035 1155/455/1037
f 1156/456/1038 1152/452/1034 1150/450/1032
f 1156/456/1038 1150/450/1032 1157/457/1039
f 1157/457/1039 1150/450/1032 1144/444/1026
f 1157/457/1039 1144/444/1026 1149/449/1031
f 1137/438/1019 1143/443/1025 1158/458/1040
f 1159/459/1041 1160/461/1042 1161/460/1043
f 1159/459/1041 1162/462/1044 1160/461/1042
f 1139/429/1021 1159/459/1041 1161/460/1043
f 1139/429/1021 1161/460/1043 1140/440/1022
f 1161/460/1043 1160/461/1042 1163/463/1045
f 1161/460/1043 1163/463/1045 1164/464/1046
f 1140/440/1022 1161/460/1043 1164/464/1046
f 1140/440/1022 1164/464/1046 1141/441/1023
f 1159/459/1041 1165/465/1047 1162/462/1044
f 1159/459/1041 1166/466/1048 1165/465/1047
f 1167/429/1015 1166/466/1048 1159/459/1041
f 1167/429/1015 1168/436/1049 1166/466/1048
f 1169/422/1050 1170/420/1051 1119/423/1052
f 1100/404/983 1118/422/1053 1101/405/984
f 1100/404/983 1110/414/993 1171/422/1013
f 1172/467/1054 1173/469/1044 1174/468/1055
f 1172/467/1054 1175/470/1056 1173/469/1044
f 1176/471/1057 1172/467/1054 1174/468/1055
f 1176/471/1057 1174/468/1055 1177/472/1058
f 1102/406/985 1176/471/1057 1177/472/1058
f 1103/407/986 1176/471/1057 1102/406/985
f 1094/397/977 1093/398/976 1178/405/1059
f 1094/397/1017 1128/432/1011 1179/473/1060
f 1128/432/1011 1136/437/1018 1179/473/1060
f 1180/397/1061 1179/473/1062 1181/474/1063
f 1182/475/1064 1180/397/1061 1181/474/1063
f 1182/475/1064 1092/396/1065 1180/397/1061
f 1183/476/1066 1008/321/890 1184/319/889
f 1183/476/1066 1185/477/1067 1008/321/890
f 1185/477/1067 1016/328/898 1008/321/890
f 1186/478/1068 1187/481/1069 1188/480/1070
f 1186/478/1068 1188/480/1070 1189/479/1071
f 1189/479/1071 1188/480/1070 1190/482/1072
f 1189/479/1071 1190/482/1072 1191/483/1073
f 1188/480/1070 1187/481/1069 1192/484/1074
f 1187/481/1069 1193/485/1075 1192/484/1074
f 1188/480/1070 1192/484/1074 1194/486/1076
f 1188/480/1070 1195/487/1077 1190/482/1072
f 1188/480/1070 1194/486/1076 1195/487/1077
f 1196/488/1078 1195/487/1077 1194/486/1076
f 1190/482/1072 1195/487/1077 1196/488/1078
f 1196/488/1078 1194/486/1076 1197/489/1079
f 1190/482/1072 1196/488/1078 1198/490/1080
f 1199/483/1081 1190/482/1072 1198/490/1080
f 1199/483/1081 1198/490/1080 1200/491/1082
f 1200/491/1082 1198/490/1080 1201/492/1083
f 1200/491/1082 1201/492/1083 1202/493/1084
f 1201/492/1083 1198/490/1080 1203/494/1085
f 1198/490/1080 1196/488/1078 1204/495/1086
f 1204/495/1086 1205/496/1087 1198/490/1080
f 1196/488/1078 1205/496/1087 1204/495/1086
f 1196/488/1078 1197/489/1079 1205/496/1087
f 1198/490/1080 1205/496/1087 1203/494/1085
f 1201/492/1088 1206/494/1089 1207/497/1090
f 1208/498/1091 1209/496/1092 1210/499/1093
f 1211/500/1094 1209/496/1092 1208/498/1091
f 1211/500/1094 1212/494/1085 1209/496/1092
f 1213/501/1090 1212/494/1085 1211/500/1094
f 910/525/797 1214/527/1095 1215/535/1096
f 1215/535/1096 1216/534/1097 910/525/797
f 1217/538/788 1216/534/1097 1215/535/1096
f 1218/539/789 1216/534/1097 1217/538/788
f 910/525/797 1216/534/1097 912/504/799
f 1214/527/1098 907/526/1099 1219/536/1100
f 1219/536/1100 907/526/1099 1220/537/1101
f 1221/537/1102 907/526/1103 1222/533/1104
f 1223/533/1105 907/526/793 896/532/795
f 1224/347/1106 1030/344/1067 1225/547/1107
f 1226/548/1108 1227/550/1109 1228/549/1110
f 1228/549/1110 1227/550/1109 1229/551/1111
f 1230/552/1112 1231/554/1113 1232/553/1114
f 1232/553/1114 1231/554/1113 1233/549/1115
f 1234/548/1116 1233/549/1115 1231/554/1113
f 1235/555/1117 987/299/869 1236/556/1118
f 990/302/872 987/299/869 1235/555/1117
f 1236/556/1118 987/299/869 994/306/876
