# Blender 5.1.2
# www.blender.org
mtllib monstro0019.mtl
o Object_33
v 4.565014 -132.905014 81.523972
v 4.338254 -132.559113 81.425369
v 6.325670 -132.440353 81.552483
v 6.325670 -132.918106 81.552483
v 7.102668 -132.467285 81.580780
v 7.102668 -132.936066 81.580780
v 4.604606 -132.289001 81.881615
v 5.673593 -132.345871 81.938492
v 7.098910 -132.480667 81.850616
v 7.098910 -132.718765 81.968033
v 5.673593 -132.678268 82.065178
v 4.188889 -132.890106 81.536995
v 7.098910 -132.925232 81.850616
v 5.354472 -133.015778 81.832832
v 7.098910 -132.718765 81.968033
v 5.673593 -132.678268 82.065178
v 4.604605 -132.949631 81.941986
v 4.228481 -132.949234 81.966881
v 2.392396 -133.100464 81.685524
v 3.052271 -133.067551 82.195854
v 1.939022 -133.067551 82.412827
v 4.416542 -132.597885 82.148407
v 3.241556 -132.678268 82.294983
v 2.372585 -132.678268 82.496277
v 2.392396 -132.244522 81.606728
v 1.900582 -132.319397 81.549591
v 1.900582 -133.096832 81.549591
v 1.605497 -133.076324 82.409904
v 1.939022 -132.346130 82.464088
v 3.052271 -132.289001 82.107231
v 2.372585 -132.678268 82.496277
v 3.241556 -132.678268 82.294983
v 4.151087 -132.272736 81.893082
v 4.416542 -132.597885 82.148407
v 1.633513 -132.371201 81.323006
v 1.526906 -133.167282 81.323006
v 1.605497 -132.325760 82.426895
v 1.942397 -132.678268 82.536102
v 1.607806 -132.678268 82.516968
v 4.379998 -132.272202 81.886894
v 0.619154 -132.449768 68.875793
v 0.414365 -132.308167 71.593933
v 0.935154 -132.266754 71.382149
v 0.993650 -132.513153 73.058838
v 0.487022 -132.523544 72.977684
v 0.994998 -132.511032 73.598366
v 0.464458 -132.539154 73.509979
v 1.172612 -133.127411 73.350433
v 1.172613 -133.171326 73.623421
v 1.172612 -133.095306 73.087509
v 0.308060 -133.138672 73.254631
v 0.308060 -133.095306 72.949013
v 0.740336 -133.327408 73.018265
v 0.740336 -133.369629 73.285431
v 1.172612 -133.095306 73.087509
v 1.172612 -133.127411 73.350433
v 0.740337 -133.412094 73.554169
v 1.172613 -133.171326 73.623421
v 0.308061 -133.171326 73.484924
v 0.830301 -133.629517 76.088402
v 0.306055 -133.237137 76.277496
v 1.230235 -133.237137 76.416039
v 0.334208 -132.405548 76.120567
v 0.012404 -133.560760 76.376801
v 0.012404 -132.527084 76.250900
v 1.165215 -132.951279 71.227577
v 0.715179 -133.245193 71.333466
v 0.333095 -132.951279 71.439354
v 0.619154 -133.154327 68.875793
v 0.372845 -132.879669 68.875793
v 0.619154 -132.449768 68.875793
v 0.619154 -133.154327 68.875793
v 1.294992 -132.310837 76.166573
v 1.294992 -132.310837 76.166573
v 1.294992 -132.310837 76.166573
v 1.230235 -133.237137 76.416039
v 0.968926 -133.528076 78.856369
v 0.846803 -133.735321 77.065964
v 1.250908 -133.261337 77.246635
v 0.012404 -134.118225 78.877609
v 0.012404 -133.861694 76.941177
v 1.115779 -132.679794 78.887535
v 1.245259 -132.425232 77.246635
v 1.230235 -133.237137 76.416039
v 0.012404 -133.560760 76.376801
v 0.306055 -133.237137 76.277496
v 0.830301 -133.629517 76.088402
v 0.760325 -132.216232 77.589539
v 0.831511 -132.105301 77.072639
v 0.012404 -132.278580 77.794662
v 0.012404 -132.310715 78.877609
v 0.012404 -132.254700 76.695053
v 0.193570 -132.208344 76.437347
v 0.899084 -132.132019 76.541748
v 0.334208 -132.405548 76.120567
v 1.294992 -132.310837 76.166573
v 0.012404 -132.527084 76.250900
v 0.012404 -132.527084 76.250900
v 1.280284 -132.421356 77.007362
v 1.294992 -132.310837 76.166573
v 1.294992 -132.310837 76.166573
v 0.012404 -132.197815 79.766899
v 1.178962 -132.571777 79.716705
v 1.633513 -132.371201 81.323006
v 0.012404 -131.796722 81.336067
v 0.966596 -132.178238 82.548309
v 1.605497 -132.325760 82.426895
v 1.607806 -132.678268 82.516968
v 0.957743 -132.678268 82.564018
v 0.467534 -132.733658 82.711540
v 0.012404 -132.288986 82.641838
v 1.050097 -133.475220 79.716705
v 1.526906 -133.167282 81.323006
v 0.542687 -133.922379 79.783081
v 0.871952 -133.728806 81.226639
v 0.012404 -133.906128 81.418457
v 0.966596 -133.067551 82.416367
v 0.012404 -133.111694 82.547127
v 0.467534 -132.733658 82.711540
v 0.957743 -132.678268 82.564018
v 1.605497 -133.076324 82.409904
v 1.607806 -132.678268 82.516968
v 1.900582 -133.096832 81.549591
v 0.012404 -134.090424 79.786514
v 7.304121 -132.976486 81.539520
v 7.304121 -132.432266 81.539520
v 7.452557 -132.662125 81.548004
v 7.471015 -132.844849 81.398323
v 7.696621 -132.936188 81.390800
v 7.722791 -132.771652 81.550415
v 7.814222 -132.987167 81.503250
v 7.732298 -133.018936 81.643456
v 7.998094 -132.651062 81.764587
v 7.924614 -132.317245 81.640755
v 8.008974 -132.868790 81.784622
v 8.016235 -133.040833 81.797997
v 7.952839 -132.976318 81.351234
v 7.976388 -133.031403 81.470039
v 8.094219 -132.966843 81.358345
v 8.104343 -133.019913 81.451134
v 8.187252 -133.033829 81.308746
v 8.197563 -133.087860 81.403229
v 8.153023 -132.647873 81.636078
v 8.201752 -132.844437 81.635910
v 8.200872 -132.660660 81.448280
v 8.219378 -132.841660 81.454140
v 8.336580 -132.645706 81.376869
v 8.252338 -132.421677 81.386719
v 8.151924 -132.412354 81.434792
v 8.352680 -132.813370 81.379700
v 8.087557 -132.318771 81.625534
v 8.194149 -132.314926 81.691910
v 8.252338 -132.421677 81.386719
v 8.348555 -132.648483 81.680092
v 8.336580 -132.645706 81.376869
v 8.341963 -132.848007 81.679138
v 8.046482 -132.672836 81.948761
v 8.044224 -132.872360 81.942497
v 8.352680 -132.813370 81.379700
v 7.304121 -132.709824 81.981804
v 7.304121 -132.432266 81.840729
v 7.963366 -132.302612 81.818100
v 8.087557 -132.318771 81.625534
v 7.924614 -132.317245 81.640755
v 8.219378 -132.841660 81.454140
v 8.201752 -132.844437 81.635910
v 8.044224 -132.872360 81.942497
v 8.008974 -132.868790 81.784622
v 7.098910 -132.718765 81.968033
v 7.098910 -132.925232 81.850616
v 7.304121 -132.976486 81.828369
v 8.044224 -132.872360 81.942497
v 8.042400 -133.033569 81.937431
v 8.016235 -133.040833 81.797997
v 7.732298 -133.018936 81.643456
v 7.304121 -132.976486 81.539520
v 7.704122 -133.117828 81.460487
v 7.670760 -133.044693 81.334610
v 7.422751 -132.983292 81.389915
v 7.471015 -132.844849 81.398323
v 7.696621 -132.936188 81.390800
v 7.814222 -132.987167 81.503250
v 7.961060 -133.152039 81.418671
v 7.930259 -133.077530 81.288940
v 8.197563 -133.087860 81.403229
v 8.187252 -133.033829 81.308746
v 7.952839 -132.976318 81.351234
v 8.094219 -132.966843 81.358345
v 8.104343 -133.019913 81.451134
v 7.976388 -133.031403 81.470039
v 7.102668 -132.936066 81.580780
v 8.393637 -132.844879 81.783943
v 8.388773 -133.006104 81.781639
v 8.486700 -132.989838 81.489441
v 8.490694 -132.861145 81.487854
v 8.346937 -133.003601 81.520737
v 8.271900 -133.013351 81.701218
v 8.335295 -132.851074 81.527557
v 8.257322 -132.841324 81.696854
v 8.044224 -132.872360 81.942497
v 8.008974 -132.868790 81.784622
v 8.087557 -132.318771 81.625534
v 8.151924 -132.412354 81.434792
v 8.087557 -132.318771 81.625534
v 8.346937 -133.003601 81.520737
v 8.335295 -132.851074 81.527557
v 8.490694 -132.861145 81.487854
v 8.486700 -132.989838 81.489441
v 8.271900 -133.013351 81.701218
v 8.257322 -132.841324 81.696854
v 7.924614 -132.317245 81.640755
v 7.098910 -132.480667 81.850616
v 7.304121 -132.432266 81.539520
v 7.102668 -132.467285 81.580780
v 7.102668 -132.936066 81.580780
v 0.881024 -132.879669 68.875793
v 0.619154 -132.449768 68.875793
v 1.165215 -132.951279 71.227577
v 0.619154 -132.449768 68.875793
v 0.881024 -132.879669 68.875793
v 0.881024 -132.879669 68.505905
v 0.619154 -132.449768 68.505905
v 0.619154 -133.228241 68.523651
v 0.619154 -133.154327 68.875793
v 0.905084 -132.523376 67.862648
v 0.619154 -132.354263 67.868217
v 1.063068 -134.537628 67.862648
v 0.780535 -134.328842 68.173485
v 0.426572 -134.625900 68.047722
v 0.394534 -134.811234 67.910217
v 0.357284 -132.879669 68.505905
v 0.619154 -133.154327 68.875793
v 0.372845 -132.879669 68.875793
v 0.619154 -132.449768 68.505905
v 0.619154 -132.449768 68.875793
v 0.336893 -132.543274 67.862648
v 0.265768 -134.507355 68.073181
v 0.130052 -134.634689 67.862648
v 0.619154 -132.354263 67.868217
v 0.336893 -132.543274 67.862648
v 1.063068 -134.537628 67.862648
v 0.394534 -134.811234 67.910217
v 0.130052 -134.634689 67.862648
v 0.905084 -132.523376 67.862648
v 0.336893 -132.543274 67.862648
v 0.619154 -132.354263 67.868217
v 0.405199 -133.561996 83.966873
v 0.310331 -133.536453 83.667122
v 0.704464 -133.208313 83.822868
v 0.152816 -133.639984 83.902161
v 0.012404 -133.697296 83.667122
v 0.012404 -133.636566 83.628479
v 0.012404 -133.675201 83.821686
v 0.012404 -133.802536 83.920486
v 0.599341 -133.406342 84.225418
v 0.780101 -133.212219 84.501984
v 0.081631 -133.638153 84.178062
v 0.012404 -133.712006 84.108688
v 0.012404 -133.653183 84.311424
v 0.344696 -133.614853 84.239166
v 0.372842 -133.648376 84.430214
v 0.012404 -133.688522 84.457870
v 0.012404 -133.677429 84.637306
v 0.372842 -133.629730 84.653969
v 0.012404 -133.404358 85.181091
v 0.644279 -133.357361 84.980812
v 0.668668 -132.680145 85.130341
v 0.829423 -132.693283 84.495117
v 0.676726 -132.778183 83.826881
v 0.350000 -133.358963 83.234306
v 0.458957 -132.767426 83.215637
v 0.012404 -133.099030 83.176239
v 0.674152 -132.173843 84.400513
v 0.012404 -131.828552 84.815338
v 0.012404 -131.939865 83.860649
v 0.644992 -132.369202 83.821320
v 0.012404 -132.351837 83.319336
v 0.012404 -132.351837 83.319336
v 0.012404 -132.288986 82.641838
v 0.271007 -133.516525 83.574463
v 0.012404 -133.580765 83.166397
v 0.012404 -133.099030 83.176239
v 0.012404 -133.111694 82.547127
v 0.467534 -132.733658 82.711540
v 0.012404 -133.640717 83.473259
v 0.012404 -133.613129 83.542259
v 0.467534 -132.733658 82.711540
v 0.012404 -132.288986 82.641838
v -0.434149 -132.767426 83.215637
v -0.620183 -132.369202 83.821320
v -0.651917 -132.778183 83.826881
v -0.325192 -133.358963 83.234306
v 0.012404 -133.099030 83.176239
v -0.679655 -133.208313 83.822868
v -0.804614 -132.693283 84.495117
v -0.755293 -133.212219 84.501984
v -0.574532 -133.406342 84.225418
v -0.380390 -133.561996 83.966873
v -0.285523 -133.536453 83.667122
v -0.128008 -133.639984 83.902161
v 0.012404 -133.697296 83.667122
v 0.012404 -133.636566 83.628479
v 0.012404 -133.675201 83.821686
v 0.012404 -133.802536 83.920486
v -0.056822 -133.638153 84.178062
v 0.012404 -133.712006 84.108688
v 0.012404 -133.653183 84.311424
v -0.319888 -133.614853 84.239166
v -0.348034 -133.648376 84.430214
v 0.012404 -133.688522 84.457870
v 0.012404 -133.677429 84.637306
v -0.348034 -133.629730 84.653969
v -0.619471 -133.357361 84.980812
v -0.643859 -132.680145 85.130341
v -0.649343 -132.173843 84.400513
v 0.012404 -131.828552 84.815338
v 0.012404 -131.939865 83.860649
v 0.012404 -132.351837 83.319336
v -0.322313 -133.379333 85.102745
v -0.459236 -132.805405 85.302948
v -0.643859 -132.680145 85.130341
v 0.012404 -132.245300 85.295799
v 0.012404 -131.828552 84.815338
v 0.012404 -133.404358 85.181091
v 0.012404 -132.919510 85.405190
v 0.012404 -132.245300 85.295799
v 0.012404 -132.245300 85.295799
v 0.668668 -132.680145 85.130341
v 0.484045 -132.805405 85.302948
v 0.347122 -133.379333 85.102745
v 0.012404 -132.919510 85.405190
v 0.012404 -132.245300 85.295799
v 0.012404 -133.802536 83.920486
v 0.012404 -133.805237 83.956894
v 0.012404 -133.712006 84.108688
v 0.619154 -133.154327 68.875793
v 0.881024 -132.879669 68.875793
v 0.012404 -132.676636 83.603111
v 0.704464 -133.208313 83.822868
v 0.012404 -133.636566 83.628479
v 0.310331 -133.536453 83.667122
v 0.012404 -133.613129 83.542259
v 0.271007 -133.516525 83.574463
v 0.012404 -133.422791 83.322845
v 0.704464 -133.208313 83.822868
v 0.012404 -132.676636 83.603111
v 1.942397 -132.678268 82.536102
v 1.607806 -132.678268 82.516968
v -4.540206 -132.904984 81.523941
v -6.300860 -132.918076 81.552452
v -6.300860 -132.440323 81.552452
v -4.313445 -132.559067 81.425354
v -7.077860 -132.467255 81.580750
v -7.077861 -132.936035 81.580750
v -4.579795 -132.288956 81.881599
v -5.648786 -132.345840 81.938461
v -7.074100 -132.480637 81.850586
v -7.074100 -132.718735 81.968002
v -5.648786 -132.678238 82.065147
v -4.164080 -132.890076 81.536972
v -7.074100 -132.925201 81.850586
v -5.329665 -133.015747 81.832802
v -7.074100 -132.718735 81.968002
v -5.648786 -132.678238 82.065147
v -4.579799 -132.949600 81.941956
v -4.203672 -132.949203 81.966858
v -2.367586 -133.100433 81.685501
v -3.027462 -133.067520 82.195831
v -1.914213 -133.067520 82.412804
v -4.391735 -132.597839 82.148392
v -3.216747 -132.678238 82.294952
v -2.347774 -132.678238 82.496254
v -2.367586 -132.244492 81.606705
v -1.875772 -132.319366 81.549568
v -1.875772 -133.096802 81.549568
v -1.580689 -133.076309 82.409889
v -1.914213 -132.346100 82.464066
v -3.027462 -132.288971 82.107208
v -2.347774 -132.678238 82.496254
v -3.216747 -132.678238 82.294952
v -4.126278 -132.272705 81.893059
v -4.391735 -132.597839 82.148392
v -1.608704 -132.371185 81.322998
v -1.502098 -133.167267 81.322998
v -1.580689 -132.325745 82.426880
v -1.917587 -132.678238 82.536079
v -1.582998 -132.678253 82.516953
v -4.355187 -132.272156 81.886879
v -0.594346 -132.449753 68.875793
v -0.910346 -132.266739 71.382149
v -0.389556 -132.308151 71.593925
v -0.968841 -132.513138 73.058838
v -0.462213 -132.523529 72.977684
v -0.970189 -132.511002 73.598358
v -0.439649 -132.539124 73.509972
v -1.147803 -133.127396 73.350426
v -1.147804 -133.171295 73.623413
v -1.147803 -133.095291 73.087509
v -0.283251 -133.138657 73.254623
v -0.283252 -133.095291 72.949013
v -0.715527 -133.327393 73.018265
v -0.715527 -133.369614 73.285423
v -1.147803 -133.095291 73.087509
v -1.147803 -133.127396 73.350426
v -0.715528 -133.412064 73.554161
v -1.147804 -133.171295 73.623413
v -0.283251 -133.171295 73.484917
v -0.805492 -133.629486 76.088394
v -0.281246 -133.237106 76.277489
v -1.205426 -133.237106 76.416031
v -0.309400 -132.405533 76.120560
v -1.140407 -132.951263 71.227577
v -0.690371 -133.245178 71.333466
v -0.308287 -132.951263 71.439354
v -0.594346 -133.154312 68.875793
v -0.348036 -132.879654 68.875793
v -0.594346 -132.449753 68.875793
v -0.594346 -133.154312 68.875793
v 0.012404 -133.560760 76.376801
v -0.309400 -132.405533 76.120560
v 0.012404 -132.527084 76.250900
v -1.270182 -132.393051 76.156235
v -1.270182 -132.393051 76.156235
v -1.270182 -132.393051 76.156235
v -1.205426 -133.237106 76.416031
v -0.944117 -133.528076 78.856369
v -1.226099 -133.261337 77.246635
v -0.821995 -133.735321 77.065964
v 0.012404 -134.118225 78.877609
v 0.012404 -133.861694 76.941177
v -1.090970 -132.679794 78.887535
v -1.220450 -132.425232 77.246635
v -1.205426 -133.237106 76.416031
v -0.805492 -133.629486 76.088394
v -0.281246 -133.237106 76.277489
v 0.012404 -133.560760 76.376801
v -1.259399 -132.421356 77.014854
v -1.270182 -132.393051 76.156235
v -0.806702 -132.105301 77.072639
v -1.270182 -132.393051 76.156235
v -0.735517 -132.216232 77.589539
v 0.012404 -132.278580 77.794662
v 0.012404 -132.310715 78.877609
v 0.012404 -132.254700 76.695053
v -0.168761 -132.208344 76.437347
v -0.874276 -132.132019 76.541748
v -0.309400 -132.405533 76.120560
v -1.270182 -132.393051 76.156235
v 0.012404 -132.527084 76.250900
v 0.012404 -132.527084 76.250900
v -1.154153 -132.571777 79.716705
v 0.012404 -132.197815 79.766899
v -1.608704 -132.371185 81.322998
v 0.012404 -131.796722 81.336067
v -0.941788 -132.178223 82.548302
v -1.580689 -132.325745 82.426880
v -1.582998 -132.678253 82.516953
v -0.932935 -132.678253 82.564003
v -0.442726 -132.733658 82.711540
v 0.012404 -132.288986 82.641838
v -1.025290 -133.475220 79.716705
v -1.502098 -133.167267 81.322998
v -0.517879 -133.922379 79.783081
v -0.847144 -133.728790 81.226631
v 0.012404 -133.906128 81.418457
v -0.941788 -133.067535 82.416359
v 0.012404 -133.111694 82.547127
v -0.442726 -132.733658 82.711540
v -0.932935 -132.678253 82.564003
v -1.580689 -133.076309 82.409889
v -1.582998 -132.678253 82.516953
v -1.875772 -133.096802 81.549568
v 0.012404 -134.090424 79.786514
v -7.279314 -132.976471 81.539482
v -7.427750 -132.662109 81.547966
v -7.279313 -132.432251 81.539482
v -7.446208 -132.844833 81.398285
v -7.671814 -132.936172 81.390762
v -7.697984 -132.771637 81.550377
v -7.789415 -132.987152 81.503204
v -7.707491 -133.018921 81.643417
v -7.973287 -132.651047 81.764542
v -7.899807 -132.317230 81.640717
v -7.984167 -132.868774 81.784584
v -7.991427 -133.040817 81.797958
v -7.928032 -132.976303 81.351196
v -7.951581 -133.031387 81.470001
v -8.069410 -132.966827 81.358307
v -8.079535 -133.019897 81.451096
v -8.162444 -133.033813 81.308708
v -8.172755 -133.087845 81.403191
v -8.128216 -132.647858 81.636040
v -8.176944 -132.844421 81.635872
v -8.176064 -132.660645 81.448242
v -8.194570 -132.841644 81.454102
v -8.311772 -132.645691 81.376831
v -8.227530 -132.421661 81.386681
v -8.127116 -132.412338 81.434753
v -8.327873 -132.813354 81.379662
v -8.062750 -132.318756 81.625496
v -8.169342 -132.314911 81.691872
v -8.227530 -132.421661 81.386681
v -8.323747 -132.648468 81.680054
v -8.311772 -132.645691 81.376831
v -8.317156 -132.847992 81.679100
v -8.021675 -132.672821 81.948723
v -8.019417 -132.872345 81.942459
v -8.327873 -132.813354 81.379662
v -7.279314 -132.709808 81.981766
v -7.279313 -132.432251 81.840691
v -7.938558 -132.302597 81.818062
v -8.062750 -132.318756 81.625496
v -7.899807 -132.317230 81.640717
v -8.194570 -132.841644 81.454102
v -8.176944 -132.844421 81.635872
v -8.019417 -132.872345 81.942459
v -7.984167 -132.868774 81.784584
v -7.074100 -132.718735 81.968002
v -7.074100 -132.925201 81.850586
v -7.279314 -132.976471 81.828331
v -8.019417 -132.872345 81.942459
v -8.017591 -133.033554 81.937393
v -7.991427 -133.040817 81.797958
v -7.707491 -133.018921 81.643417
v -7.279314 -132.976471 81.539482
v -7.679315 -133.117813 81.460449
v -7.645953 -133.044678 81.334572
v -7.397944 -132.983276 81.389877
v -7.446208 -132.844833 81.398285
v -7.671814 -132.936172 81.390762
v -7.789415 -132.987152 81.503204
v -7.936253 -133.152023 81.418633
v -7.905452 -133.077515 81.288902
v -8.172755 -133.087845 81.403191
v -8.162444 -133.033813 81.308708
v -7.928032 -132.976303 81.351196
v -8.069410 -132.966827 81.358307
v -8.079535 -133.019897 81.451096
v -7.951581 -133.031387 81.470001
v -7.077861 -132.936035 81.580750
v -8.368830 -132.844864 81.783905
v -8.461892 -132.989822 81.489403
v -8.363965 -133.006088 81.781601
v -8.465886 -132.861130 81.487816
v -8.322128 -133.003586 81.520699
v -8.247092 -133.013336 81.701180
v -8.310487 -132.851059 81.527512
v -8.232514 -132.841309 81.696815
v -8.019417 -132.872345 81.942459
v -7.984167 -132.868774 81.784584
v -8.062750 -132.318756 81.625496
v -8.127116 -132.412338 81.434753
v -8.062750 -132.318756 81.625496
v -8.322128 -133.003586 81.520699
v -8.465886 -132.861130 81.487816
v -8.310487 -132.851059 81.527512
v -8.461892 -132.989822 81.489403
v -8.247092 -133.013336 81.701180
v -8.232514 -132.841309 81.696815
v -7.899807 -132.317230 81.640717
v -7.074100 -132.480637 81.850586
v -7.279313 -132.432251 81.539482
v -7.077860 -132.467255 81.580750
v -7.077861 -132.936035 81.580750
v -0.856215 -132.879654 68.875793
v -0.594346 -132.449753 68.875793
v -1.140407 -132.951263 71.227577
v -0.594346 -132.449753 68.875793
v -0.594346 -132.449753 68.505898
v -0.856215 -132.879654 68.505898
v -0.856215 -132.879654 68.875793
v -0.594346 -133.228226 68.523643
v -0.594346 -133.154312 68.875793
v -0.880275 -132.523361 67.862640
v -0.594346 -132.354248 67.868210
v -1.038260 -134.537613 67.862640
v -0.755726 -134.328827 68.173477
v -0.401764 -134.625885 68.047714
v -0.369725 -134.811218 67.910210
v -0.332474 -132.879654 68.505898
v -0.594346 -133.154312 68.875793
v -0.348036 -132.879654 68.875793
v -0.594346 -132.449753 68.505898
v -0.594346 -132.449753 68.875793
v -0.312085 -132.543259 67.862640
v -0.240959 -134.507339 68.073174
v -0.105244 -134.634674 67.862640
v -0.312085 -132.543259 67.862640
v -0.594346 -132.354248 67.868210
v -1.038260 -134.537613 67.862640
v -0.105244 -134.634674 67.862640
v -0.369725 -134.811218 67.910210
v -0.880275 -132.523361 67.862640
v -0.312085 -132.543259 67.862640
v -0.594346 -132.354248 67.868210
v 0.012404 -133.099030 83.176239
v 0.012404 -133.580765 83.166397
v -0.246199 -133.516525 83.574463
v 0.012404 -133.640717 83.473259
v 0.012404 -133.613129 83.542259
v 0.012404 -133.111694 82.547127
v -0.442726 -132.733658 82.711540
v -0.442726 -132.733658 82.711540
v 0.012404 -132.288986 82.641838
v 0.012404 -132.288986 82.641838
v -0.594346 -133.154312 68.875793
v -0.856215 -132.879654 68.875793
v 0.012404 -132.676636 83.603111
v 0.012404 -133.636566 83.628479
v -0.679655 -133.208313 83.822868
v -0.285523 -133.536453 83.667122
v 0.012404 -133.613129 83.542259
v 0.012404 -133.422791 83.322845
v -0.246199 -133.516525 83.574463
v -0.679655 -133.208313 83.822868
v 0.012404 -132.676636 83.603111
v -1.917587 -132.678238 82.536079
v -1.582998 -132.678253 82.516953
vn -0.0207 -0.7165 -0.6973
vn -0.0255 0.4064 -0.9133
vn 0.0683 0.6544 -0.7530
vn 0.0512 -0.6648 -0.7453
vn -0.1115 0.7019 -0.7035
vn -0.1555 -0.7151 -0.6815
vn 0.0472 0.9698 0.2394
vn 0.0518 0.9233 0.3806
vn -0.0312 0.8305 0.5561
vn -0.0001 -0.0580 0.9983
vn 0.0606 -0.0828 0.9947
vn -0.0238 -0.7149 -0.6988
vn -0.0640 -0.8396 0.5394
vn 0.0233 -0.9588 0.2831
vn -0.0001 -0.0581 0.9983
vn -0.0115 -0.8846 0.4663
vn 0.1045 -0.8851 0.4535
vn 0.0490 -0.7943 -0.6056
vn 0.1574 -0.8370 0.5241
vn 0.0418 -0.7795 0.6250
vn 0.0899 0.0816 0.9926
vn 0.1888 0.0760 0.9791
vn 0.2012 0.0172 0.9794
vn 0.0137 0.7476 -0.6640
vn 0.1449 0.7695 -0.6219
vn 0.3050 -0.7575 -0.5772
vn 0.0124 -0.7983 0.6022
vn 0.0300 0.7354 0.6770
vn 0.1404 0.8973 0.4186
vn 0.2012 0.0173 0.9794
vn 0.1889 0.0761 0.9791
vn -0.0079 0.9899 0.1419
vn 0.6213 0.6579 -0.4257
vn 0.7451 -0.6489 -0.1545
vn 0.1109 0.7805 0.6153
vn 0.0129 -0.0413 0.9991
vn 0.0187 -0.0621 0.9979
vn 0.0393 0.9860 0.1620
vn -0.0206 0.9945 -0.1031
vn -0.6581 0.7515 0.0467
vn 0.5405 0.8413 -0.0098
vn 0.5989 0.7992 0.0513
vn -0.6142 0.7848 0.0826
vn 0.5776 0.8144 -0.0562
vn -0.6432 0.7654 -0.0186
vn 0.9292 -0.3643 -0.0629
vn 0.9067 -0.4114 -0.0934
vn 0.9319 -0.3599 -0.0451
vn -0.9159 -0.3950 -0.0722
vn -0.9221 -0.3855 -0.0344
vn 0.0129 -0.9934 -0.1143
vn 0.0202 -0.9888 -0.1481
vn 0.9292 -0.3642 -0.0629
vn 0.0090 -0.9930 -0.1175
vn 0.9067 -0.4113 -0.0933
vn -0.9071 -0.4178 -0.0508
vn 0.0748 -0.9950 -0.0661
vn -0.5270 -0.5581 -0.6409
vn 0.9194 -0.3915 -0.0375
vn -0.5005 0.6828 -0.5322
vn -0.0000 -0.6392 -0.7690
vn -0.0000 0.2789 -0.9603
vn 0.9489 -0.3090 -0.0648
vn -0.0413 -0.9983 -0.0408
vn -0.9262 -0.3765 -0.0197
vn -0.0250 -0.9996 0.0114
vn -0.9950 -0.0997 -0.0033
vn -0.0249 -0.9996 0.0115
vn 0.7460 0.6550 -0.1201
vn 0.7460 0.6551 -0.1201
vn 0.9194 -0.3914 -0.0375
vn 0.8248 -0.5653 0.0116
vn 0.4632 -0.8745 -0.1438
vn 0.9380 -0.3454 0.0288
vn -0.0000 -0.9994 -0.0357
vn -0.0000 -0.9489 -0.3156
vn 0.8721 0.4870 0.0470
vn 0.8568 0.4909 0.1581
vn 0.2500 0.9487 0.1934
vn 0.2160 0.9709 0.1033
vn -0.0000 0.9986 0.0535
vn -0.0000 0.9997 0.0243
vn -0.0000 0.9962 -0.0874
vn -0.3488 0.8709 -0.3462
vn 0.1281 0.9719 -0.1977
vn -0.5004 0.6826 -0.5326
vn -0.0000 0.2788 -0.9604
vn 0.9046 0.4169 0.0894
vn -0.0000 0.9822 -0.1880
vn 0.8165 0.5309 -0.2269
vn 0.6213 0.6579 -0.4256
vn 0.0001 0.9997 -0.0245
vn 0.2083 0.7123 0.6703
vn 0.0188 -0.0621 0.9979
vn 0.2018 -0.1235 0.9716
vn 0.5848 -0.1700 0.7931
vn -0.0000 0.8650 0.5019
vn 0.8616 -0.4983 -0.0966
vn 0.7450 -0.6489 -0.1545
vn 0.4752 -0.8799 -0.0013
vn 0.4556 -0.8692 0.1920
vn 0.0001 -0.9450 0.3271
vn 0.1917 -0.6954 0.6926
vn -0.0000 -0.8719 0.4896
vn 0.5848 -0.1699 0.7932
vn 0.2018 -0.1236 0.9716
vn 0.0124 -0.7983 0.6021
vn 0.0187 -0.0622 0.9979
vn 0.3049 -0.7575 -0.5773
vn -0.0000 -0.9975 0.0711
vn -0.4408 -0.7146 -0.5433
vn -0.1428 0.6660 -0.7322
vn 0.0664 0.2244 -0.9722
vn -0.2909 0.4654 -0.8359
vn 0.2663 0.6342 -0.7258
vn 0.5293 0.4611 -0.7122
vn 0.7577 0.2611 0.5981
vn 0.3919 -0.9200 -0.0021
vn -0.0710 -0.1191 -0.9903
vn 0.0048 0.6478 -0.7618
vn 0.0565 -0.1729 -0.9833
vn 0.0364 -0.8601 -0.5089
vn 0.0372 0.9298 -0.3662
vn 0.1574 0.3023 0.9401
vn 0.2300 0.9586 -0.1679
vn 0.3412 0.3901 0.8552
vn 0.7614 0.1076 -0.6393
vn 0.8707 -0.4075 0.2752
vn -0.8262 -0.1853 -0.5320
vn -0.4532 -0.8363 -0.3085
vn -0.7808 -0.1605 -0.6038
vn -0.5755 -0.6788 -0.4561
vn 0.5409 0.1107 -0.8338
vn 0.3291 0.5226 -0.7865
vn -0.6583 0.4081 -0.6326
vn 0.5062 -0.4561 -0.7319
vn -0.2582 0.7436 -0.6168
vn 0.5537 0.7935 0.2526
vn -0.6583 0.4080 -0.6326
vn 0.9119 0.1643 0.3761
vn 0.7131 -0.6401 0.2860
vn 0.3472 0.1581 0.9244
vn 0.2479 -0.0155 0.9687
vn -0.0382 -0.0074 0.9992
vn -0.1313 0.8359 0.5330
vn 0.0834 0.8229 0.5620
vn -0.2582 0.7435 -0.6168
vn -0.5756 -0.6787 -0.4561
vn -0.1428 0.6659 -0.7322
vn -0.0002 -0.0580 0.9983
vn -0.1279 -0.8683 0.4793
vn 0.2478 -0.0155 0.9687
vn 0.1066 -0.6639 0.7402
vn 0.3918 -0.9201 -0.0020
vn -0.4408 -0.7146 -0.5432
vn -0.0846 -0.9894 0.1179
vn -0.2199 -0.3368 -0.9156
vn -0.5528 -0.4068 -0.7272
vn 0.2663 0.6342 -0.7259
vn 0.7577 0.2611 0.5980
vn 0.0964 -0.9590 0.2667
vn -0.0475 -0.2948 -0.9544
vn 0.8707 -0.4075 0.2753
vn 0.2299 0.9586 -0.1678
vn 0.3413 0.3901 0.8552
vn 0.1573 0.3024 0.9401
vn -0.1555 -0.7151 -0.6816
vn 0.5824 0.6226 0.5227
vn 0.5984 -0.6225 0.5044
vn 0.6294 -0.5263 -0.5717
vn 0.6350 0.5145 -0.5763
vn -0.4564 -0.6399 -0.6182
vn -0.3260 -0.8379 -0.4377
vn -0.5050 0.6148 -0.6058
vn -0.4123 0.8067 -0.4234
vn 0.0565 -0.1728 -0.9833
vn -0.2581 0.7436 -0.6168
vn 0.5537 0.7935 0.2525
vn -0.6582 0.4080 -0.6326
vn -0.2581 0.7435 -0.6169
vn 0.6350 0.5144 -0.5763
vn 0.6295 -0.5263 -0.5717
vn -0.4122 0.8067 -0.4235
vn 0.0048 0.6479 -0.7617
vn -0.1115 0.7019 -0.7034
vn -0.4407 -0.7146 -0.5432
vn 0.9936 -0.0970 -0.0580
vn -0.0205 0.9945 -0.1031
vn 0.9488 -0.3090 -0.0648
vn 0.9707 0.0618 0.2320
vn -0.0073 0.9718 0.2357
vn -0.0146 -0.5522 0.8336
vn -0.0250 -0.9996 0.0115
vn 0.7029 0.4519 -0.5492
vn -0.0227 0.8451 -0.5341
vn 0.7602 -0.5759 -0.3009
vn 0.3118 -0.3877 0.8675
vn -0.0509 -0.5387 0.8410
vn -0.1106 -0.9868 -0.1181
vn -0.9677 0.0694 0.2422
vn -0.0249 -0.9996 0.0114
vn -0.7060 0.4350 -0.5589
vn -0.4635 -0.3405 0.8181
vn -0.7877 -0.5043 -0.3540
vn -0.0226 0.8451 -0.5342
vn 0.7602 -0.5758 -0.3009
vn -0.7876 -0.5043 -0.3540
vn 0.5204 -0.8431 -0.1356
vn 0.3902 -0.3321 -0.8588
vn 0.8660 -0.3393 -0.3673
vn 0.4696 -0.8810 -0.0579
vn 0.0001 -0.9060 -0.4233
vn -0.0000 -0.2956 -0.9553
vn -0.0000 -0.9721 -0.2347
vn -0.0001 -0.9207 -0.3902
vn 0.7290 -0.6804 -0.0754
vn 0.9295 -0.3665 0.0422
vn 0.3696 -0.9278 0.0501
vn -0.0001 -0.9486 0.3164
vn -0.0000 -0.9958 -0.0920
vn 0.3630 -0.9175 -0.1626
vn 0.4282 -0.9022 -0.0520
vn -0.0000 -0.9968 -0.0794
vn -0.0000 -0.9670 0.2547
vn 0.3939 -0.8925 0.2199
vn -0.0000 -0.6636 0.7481
vn 0.7030 -0.5379 0.4653
vn 0.7993 0.2380 0.5517
vn 0.9929 0.1153 0.0301
vn 0.9537 0.0578 -0.2953
vn 0.6052 -0.4003 -0.6881
vn 0.9124 0.1030 -0.3960
vn -0.0000 -0.5389 -0.8424
vn 0.7735 0.6333 0.0229
vn -0.0000 0.9397 0.3419
vn -0.0000 0.9230 -0.3848
vn 0.8148 0.4648 -0.3465
vn -0.0000 0.9164 -0.4002
vn -0.0000 0.8650 0.5018
vn 0.0980 -0.6530 0.7510
vn -0.0000 -0.6883 -0.7254
vn -0.0000 -0.8719 0.4897
vn 0.9125 0.1029 -0.3960
vn 0.5849 -0.1700 0.7931
vn -0.0000 -0.9995 0.0322
vn -0.0000 -0.3630 0.9318
vn 0.5849 -0.1699 0.7931
vn -0.0000 0.8649 0.5019
vn 0.9124 0.1029 -0.3961
vn -0.9124 0.1030 -0.3960
vn -0.8148 0.4648 -0.3465
vn -0.0000 0.9164 -0.4003
vn -0.9537 0.0578 -0.2953
vn -0.6052 -0.4003 -0.6881
vn -0.8660 -0.3393 -0.3673
vn -0.9929 0.1153 0.0301
vn -0.9295 -0.3665 0.0422
vn -0.7290 -0.6804 -0.0754
vn -0.5204 -0.8431 -0.1356
vn -0.3901 -0.3321 -0.8588
vn -0.4696 -0.8810 -0.0579
vn -0.0001 -0.9060 -0.4233
vn 0.0001 -0.9208 -0.3901
vn -0.3696 -0.9278 0.0501
vn -0.0000 -0.9486 0.3164
vn -0.0000 -0.9958 -0.0921
vn -0.3630 -0.9175 -0.1626
vn -0.4282 -0.9022 -0.0520
vn -0.3939 -0.8925 0.2199
vn -0.7030 -0.5379 0.4653
vn -0.7994 0.2380 0.5517
vn -0.7735 0.6333 0.0229
vn -0.0000 0.9230 -0.3849
vn -0.2775 -0.6404 0.7162
vn -0.4654 -0.0145 0.8850
vn -0.7993 0.2380 0.5518
vn -0.0000 0.5765 0.8171
vn -0.0000 -0.1608 0.9870
vn -0.0000 0.5766 0.8171
vn 0.7993 0.2380 0.5518
vn -0.0001 0.9397 0.3419
vn 0.4654 -0.0144 0.8850
vn 0.2775 -0.6404 0.7162
vn -0.0000 -0.1609 0.9870
vn -0.0000 -0.9208 -0.3901
vn -0.0000 -0.9693 0.2460
vn -0.4696 -0.8810 -0.0580
vn 0.9936 -0.0970 -0.0581
vn -0.0000 -0.9997 -0.0252
vn 0.8660 -0.3392 -0.3673
vn 0.3902 -0.3322 -0.8587
vn 0.0001 -0.3630 0.9318
vn 0.0980 -0.6529 0.7510
vn -0.0000 0.2087 0.9780
vn 0.8660 -0.3393 -0.3674
vn -0.0001 -0.9997 -0.0253
vn 0.0129 -0.0414 0.9991
vn 0.0206 -0.7165 -0.6973
vn -0.0512 -0.6648 -0.7453
vn -0.0684 0.6545 -0.7530
vn 0.0255 0.4064 -0.9133
vn 0.1115 0.7020 -0.7034
vn 0.1554 -0.7151 -0.6815
vn -0.0472 0.9698 0.2394
vn -0.0518 0.9233 0.3806
vn 0.0312 0.8305 0.5561
vn 0.0001 -0.0580 0.9983
vn -0.0606 -0.0828 0.9947
vn 0.0238 -0.7149 -0.6988
vn 0.0640 -0.8396 0.5394
vn -0.0233 -0.9588 0.2831
vn 0.0002 -0.0581 0.9983
vn 0.0115 -0.8846 0.4663
vn -0.1045 -0.8851 0.4535
vn -0.0490 -0.7943 -0.6056
vn -0.1574 -0.8370 0.5241
vn -0.0418 -0.7795 0.6250
vn -0.0899 0.0816 0.9926
vn -0.1888 0.0761 0.9791
vn -0.2012 0.0172 0.9794
vn -0.0138 0.7477 -0.6639
vn -0.1449 0.7695 -0.6219
vn -0.3050 -0.7575 -0.5772
vn -0.0124 -0.7983 0.6021
vn -0.0300 0.7354 0.6770
vn -0.1404 0.8972 0.4186
vn -0.1889 0.0761 0.9790
vn 0.0079 0.9899 0.1419
vn -0.6213 0.6579 -0.4257
vn -0.7450 -0.6489 -0.1545
vn -0.1108 0.7805 0.6153
vn -0.0129 -0.0413 0.9991
vn -0.0187 -0.0621 0.9979
vn -0.0393 0.9860 0.1620
vn 0.0206 0.9945 -0.1031
vn -0.5405 0.8413 -0.0098
vn 0.6581 0.7515 0.0467
vn -0.5989 0.7992 0.0513
vn 0.6142 0.7848 0.0826
vn -0.5787 0.8139 -0.0515
vn 0.6432 0.7654 -0.0186
vn -0.9292 -0.3642 -0.0629
vn -0.9073 -0.4103 -0.0921
vn -0.9319 -0.3600 -0.0451
vn 0.9158 -0.3950 -0.0722
vn 0.9221 -0.3855 -0.0343
vn -0.0129 -0.9934 -0.1143
vn -0.0202 -0.9888 -0.1481
vn -0.9319 -0.3599 -0.0452
vn -0.0090 -0.9930 -0.1174
vn -0.9073 -0.4103 -0.0920
vn 0.9071 -0.4178 -0.0508
vn -0.0791 -0.9950 -0.0610
vn 0.5270 -0.5581 -0.6409
vn -0.9190 -0.3927 -0.0351
vn 0.4751 0.6905 -0.5455
vn -0.9489 -0.3090 -0.0648
vn 0.0413 -0.9983 -0.0408
vn 0.9262 -0.3765 -0.0197
vn 0.0250 -0.9996 0.0114
vn 0.9950 -0.0997 -0.0033
vn 0.0249 -0.9996 0.0114
vn -0.0000 -0.6392 -0.7691
vn -0.7847 0.6061 -0.1301
vn -0.9073 -0.4102 -0.0921
vn -0.9190 -0.3926 -0.0351
vn -0.8248 -0.5653 0.0116
vn -0.9359 -0.3513 0.0240
vn -0.4613 -0.8752 -0.1456
vn -0.8721 0.4870 0.0470
vn -0.8543 0.4923 0.1670
vn -0.0790 -0.9950 -0.0610
vn -0.8987 0.4321 0.0746
vn -0.2246 0.9701 0.0923
vn -0.7846 0.6061 -0.1301
vn -0.2500 0.9487 0.1934
vn 0.3489 0.8709 -0.3462
vn -0.2186 0.9527 -0.2111
vn 0.4750 0.6905 -0.5455
vn -0.7847 0.6060 -0.1302
vn -0.0000 0.2788 -0.9603
vn -0.8165 0.5309 -0.2268
vn -0.0000 0.9997 -0.0245
vn -0.2083 0.7123 0.6703
vn -0.1109 0.7805 0.6153
vn -0.2018 -0.1235 0.9716
vn -0.5848 -0.1700 0.7931
vn -0.8616 -0.4983 -0.0966
vn -0.7450 -0.6489 -0.1544
vn -0.4749 -0.8800 -0.0010
vn -0.4559 -0.8691 0.1918
vn -0.0001 -0.9450 0.3271
vn -0.1916 -0.6954 0.6926
vn -0.5849 -0.1699 0.7931
vn -0.2018 -0.1236 0.9716
vn -0.0188 -0.0622 0.9979
vn -0.3050 -0.7575 -0.5773
vn 0.4407 -0.7146 -0.5433
vn -0.0664 0.2244 -0.9722
vn 0.1427 0.6660 -0.7322
vn 0.2909 0.4655 -0.8359
vn -0.2663 0.6342 -0.7258
vn -0.5293 0.4611 -0.7122
vn -0.7577 0.2611 0.5981
vn -0.3918 -0.9200 -0.0020
vn 0.0710 -0.1191 -0.9903
vn -0.0048 0.6478 -0.7618
vn -0.0565 -0.1729 -0.9833
vn -0.0364 -0.8601 -0.5089
vn -0.0373 0.9298 -0.3662
vn -0.1574 0.3024 0.9401
vn -0.2299 0.9586 -0.1678
vn -0.3412 0.3901 0.8552
vn -0.7614 0.1076 -0.6393
vn -0.8707 -0.4075 0.2752
vn 0.8262 -0.1853 -0.5320
vn 0.4532 -0.8363 -0.3085
vn 0.7808 -0.1605 -0.6038
vn 0.5755 -0.6788 -0.4562
vn -0.5409 0.1107 -0.8338
vn -0.3291 0.5226 -0.7865
vn 0.6582 0.4081 -0.6327
vn -0.5062 -0.4561 -0.7320
vn 0.2582 0.7436 -0.6168
vn -0.5537 0.7935 0.2525
vn 0.6582 0.4080 -0.6326
vn -0.9119 0.1643 0.3761
vn -0.7131 -0.6401 0.2860
vn -0.3472 0.1581 0.9244
vn -0.2479 -0.0155 0.9687
vn 0.0382 -0.0074 0.9992
vn 0.1312 0.8359 0.5330
vn -0.0834 0.8229 0.5620
vn 0.2581 0.7436 -0.6169
vn 0.5756 -0.6787 -0.4562
vn -0.2478 -0.0155 0.9687
vn 0.1427 0.6659 -0.7322
vn 0.1279 -0.8683 0.4793
vn -0.1066 -0.6639 0.7401
vn -0.3918 -0.9201 -0.0020
vn 0.4408 -0.7146 -0.5432
vn 0.0847 -0.9894 0.1179
vn 0.2199 -0.3368 -0.9156
vn 0.5528 -0.4068 -0.7272
vn 0.2909 0.4654 -0.8359
vn -0.2663 0.6342 -0.7259
vn -0.7577 0.2612 0.5981
vn -0.0963 -0.9590 0.2667
vn 0.0475 -0.2948 -0.9544
vn -0.8707 -0.4076 0.2752
vn -0.2300 0.9586 -0.1678
vn -0.3412 0.3902 0.8552
vn -0.1573 0.3024 0.9401
vn 0.1555 -0.7151 -0.6816
vn -0.5823 0.6226 0.5228
vn -0.6295 -0.5263 -0.5717
vn -0.5983 -0.6225 0.5044
vn -0.6350 0.5145 -0.5763
vn 0.4564 -0.6399 -0.6183
vn 0.3261 -0.8379 -0.4377
vn 0.5051 0.6148 -0.6057
vn 0.4123 0.8067 -0.4235
vn 0.2581 0.7436 -0.6168
vn 0.6582 0.4081 -0.6326
vn -0.5537 0.7935 0.2526
vn 0.4564 -0.6399 -0.6182
vn -0.6294 -0.5263 -0.5717
vn 0.4123 0.8067 -0.4234
vn -0.0048 0.6479 -0.7617
vn 0.0313 0.8305 0.5561
vn 0.1428 0.6659 -0.7322
vn 0.1116 0.7020 -0.7034
vn 0.1555 -0.7151 -0.6815
vn -0.9936 -0.0970 -0.0581
vn 0.0205 0.9945 -0.1031
vn -0.9488 -0.3090 -0.0648
vn 0.0073 0.9718 0.2356
vn -0.9707 0.0618 0.2321
vn -0.9936 -0.0970 -0.0580
vn 0.0146 -0.5522 0.8336
vn -0.7029 0.4519 -0.5493
vn 0.0226 0.8451 -0.5342
vn -0.7602 -0.5759 -0.3009
vn -0.3118 -0.3877 0.8675
vn 0.0509 -0.5386 0.8410
vn 0.1106 -0.9868 -0.1181
vn 0.9677 0.0694 0.2422
vn 0.0073 0.9718 0.2357
vn 0.7060 0.4350 -0.5589
vn 0.4635 -0.3405 0.8181
vn 0.7877 -0.5043 -0.3540
vn 0.7061 0.4349 -0.5589
vn -0.7601 -0.5759 -0.3009
vn 0.7876 -0.5043 -0.3540
vn -0.7029 0.4519 -0.5492
vn -0.0980 -0.6530 0.7510
vn -0.0000 -0.5389 -0.8423
vn -0.9125 0.1029 -0.3960
vn -0.5849 -0.1700 0.7931
vn -0.9124 0.1029 -0.3961
vn -0.0000 -0.2955 -0.9553
vn -0.8660 -0.3394 -0.3674
vn -0.3902 -0.3322 -0.8587
vn -0.0000 0.2088 0.9780
vn -0.0980 -0.6529 0.7510
vn -0.0129 -0.0414 0.9991
vn -0.0187 -0.0622 0.9979
vt 0.730382 0.103619
vt 0.705649 0.144477
vt 0.906050 0.162418
vt 0.907543 0.101904
vt 0.999984 0.166941
vt 1.001061 0.095946
vt 0.733494 0.205318
vt 0.838940 0.209383
vt 0.991053 0.210366
vt 0.981648 0.252295
vt 0.840260 0.252371
vt 0.689743 0.104698
vt 0.991405 0.052870
vt 0.810174 0.064464
vt 0.981657 0.011468
vt 0.840250 0.011429
vt 0.734207 0.056759
vt 0.693123 0.056174
vt 0.518060 0.096757
vt 0.575201 0.047645
vt 0.473165 0.043970
vt 0.716055 0.011396
vt 0.597290 0.011359
vt 0.510869 0.011322
vt 0.522475 0.164896
vt 0.485011 0.157654
vt 0.479927 0.107408
vt 0.445175 0.049232
vt 0.473366 0.225391
vt 0.579352 0.211659
vt 0.510849 0.252622
vt 0.597275 0.252464
vt 0.688056 0.203710
vt 0.716059 0.252303
vt 0.459430 0.138427
vt 0.448360 0.105872
vt 0.445220 0.217118
vt 0.468555 0.252667
vt 0.435264 0.252667
vt 0.710772 0.204691
vt 0.809314 0.993189
vt 0.844593 0.748486
vt 0.799681 0.766537
vt 0.795370 0.616810
vt 0.844460 0.624653
vt 0.796731 0.566457
vt 0.846052 0.573862
vt 0.737687 0.589384
vt 0.737679 0.566887
vt 0.737691 0.611583
vt 0.903594 0.595045
vt 0.902086 0.622902
vt 0.947494 0.615460
vt 0.947980 0.591500
vt 0.993009 0.611673
vt 0.993010 0.589483
vt 0.948583 0.568105
vt 0.993012 0.566905
vt 0.904969 0.574145
vt 0.939443 0.344499
vt 0.898532 0.361084
vt 0.993076 0.320695
vt 0.854260 0.365264
vt 0.915162 0.347050
vt 0.854851 0.350073
vt 0.993004 0.780156
vt 0.944441 0.769131
vt 0.900724 0.759988
vt 0.936461 0.995025
vt 0.880074 0.997653
vt 0.789589 0.353336
vt 0.737576 0.320774
vt 0.459999 0.699940
vt 0.421847 0.911548
vt 0.493482 0.874305
vt 0.334346 0.703269
vt 0.334346 0.906337
vt 0.574509 0.696105
vt 0.570429 0.874521
vt 0.490508 0.948126
vt 0.334346 0.965522
vt 0.365140 0.975937
vt 0.420117 0.965795
vt 0.650541 0.838561
vt 0.643075 0.892767
vt 0.726515 0.817051
vt 0.726515 0.703484
vt 0.726515 0.932364
vt 0.709975 0.959389
vt 0.635989 0.948441
vt 0.695226 0.983366
vt 0.579503 0.979625
vt 0.726515 0.978941
vt 0.572418 0.925007
vt 0.726515 0.610225
vt 0.575486 0.609180
vt 0.574131 0.447552
vt 0.726515 0.445670
vt 0.628909 0.318546
vt 0.561909 0.331279
vt 0.561667 0.289065
vt 0.629838 0.284131
vt 0.681244 0.268659
vt 0.726515 0.308737
vt 0.465542 0.609718
vt 0.497836 0.448231
vt 0.389955 0.608312
vt 0.424485 0.456931
vt 0.334346 0.436815
vt 0.434410 0.332167
vt 0.334346 0.318454
vt 0.382074 0.269755
vt 0.433481 0.285227
vt 0.501409 0.332846
vt 0.501652 0.290161
vt 0.532354 0.423067
vt 0.334346 0.607952
vt 0.079805 0.232283
vt 0.164710 0.210607
vt 0.122523 0.194649
vt 0.082536 0.195321
vt 0.065738 0.163787
vt 0.098907 0.148763
vt 0.061632 0.142152
vt 0.067395 0.121429
vt 0.123677 0.114515
vt 0.175785 0.114562
vt 0.094627 0.115280
vt 0.071940 0.113520
vt 0.035702 0.148111
vt 0.041923 0.132093
vt 0.020229 0.138299
vt 0.026355 0.125859
vt 0.005702 0.131286
vt 0.011940 0.118620
vt 0.124248 0.087244
vt 0.097369 0.085301
vt 0.124231 0.055219
vt 0.098622 0.055224
vt 0.124118 0.033753
vt 0.158367 0.040381
vt 0.164154 0.054336
vt 0.099739 0.035139
vt 0.171577 0.088395
vt 0.192231 0.080816
vt 0.172887 0.036601
vt 0.229659 0.051083
vt 0.207206 0.014433
vt 0.253565 0.037615
vt 0.259273 0.099604
vt 0.295568 0.088781
vt 0.225257 0.005464
vt 0.257519 0.214069
vt 0.210893 0.208562
vt 0.203087 0.112287
vt 0.256732 0.004405
vt 0.275505 0.029551
vt 0.296663 0.056271
vt 0.254448 0.243670
vt 0.287294 0.248875
vt 0.299549 0.220380
vt 0.323300 0.104611
vt 0.343328 0.116239
vt 0.349575 0.166371
vt 0.341191 0.234380
vt 0.379236 0.180734
vt 0.393815 0.198439
vt 0.369935 0.227020
vt 0.383913 0.245331
vt 0.408148 0.211617
vt 0.372524 0.153454
vt 0.406401 0.154959
vt 0.418570 0.170953
vt 0.432503 0.130104
vt 0.445823 0.142555
vt 0.433494 0.180403
vt 0.448844 0.163198
vt 0.412154 0.127150
vt 0.395815 0.139939
vt 0.325332 0.261049
vt 0.344700 0.051550
vt 0.359289 0.070966
vt 0.389947 0.045029
vt 0.374202 0.026325
vt 0.391323 0.064504
vt 0.369359 0.086828
vt 0.352694 0.023153
vt 0.330809 0.036634
vt 0.068269 0.054545
vt 0.088448 0.054365
vt 0.085147 0.033440
vt 0.068311 0.035581
vt 0.069129 0.082960
vt 0.091835 0.081384
vt 0.214759 0.239928
vt 0.170727 0.242683
vt 0.094294 0.262400
vt 0.737783 0.987757
vt 0.737708 0.780107
vt 0.274783 0.263290
vt 0.251897 0.284556
vt 0.265085 0.304716
vt 0.290410 0.280108
vt 0.230808 0.322133
vt 0.234686 0.293532
vt 0.317161 0.315098
vt 0.326877 0.296848
vt 0.247112 0.446506
vt 0.230894 0.421947
vt 0.204488 0.436013
vt 0.200804 0.450038
vt 0.202857 0.296193
vt 0.220949 0.280878
vt 0.186739 0.265822
vt 0.206200 0.254811
vt 0.152216 0.291162
vt 0.194174 0.426648
vt 0.177297 0.438725
vt 0.148125 0.271043
vt 0.109679 0.437051
vt 0.158639 0.453515
vt 0.110675 0.292890
vt 0.130164 0.279394
vt 0.048936 0.787641
vt 0.037433 0.823986
vt 0.095670 0.805101
vt 0.018334 0.795488
vt 0.001309 0.823986
vt 0.001309 0.828672
vt 0.001309 0.805245
vt 0.001309 0.793266
vt 0.072476 0.756292
vt 0.104842 0.722758
vt 0.009703 0.762035
vt 0.001309 0.770446
vt 0.001309 0.745864
vt 0.041600 0.754625
vt 0.045013 0.731461
vt 0.001309 0.728107
vt 0.001309 0.706350
vt 0.045012 0.704329
vt 0.000634 0.640415
vt 0.080537 0.664700
vt 0.172489 0.654188
vt 0.168984 0.731210
vt 0.146949 0.810560
vt 0.044855 0.876465
vt 0.134665 0.883862
vt 0.053879 0.921862
vt 0.230813 0.753236
vt 0.327296 0.709405
vt 0.289853 0.844016
vt 0.198004 0.819694
vt 0.222406 0.906637
vt 0.208321 0.985394
vt 0.032665 0.835220
vt 0.001309 0.884699
vt 0.068912 0.997425
vt 0.136690 0.961832
vt 0.001309 0.847491
vt 0.001309 0.839125
vt 0.041894 0.649915
vt 0.070649 0.583980
vt 0.103642 0.580263
vt 0.049090 0.502723
vt 0.103028 0.449168
vt 0.013527 0.576938
vt 0.001309 0.788851
vt 0.992969 0.987765
vt 0.232379 0.916718
vt 0.282941 0.969753
vt 0.311768 0.908112
vt 0.306313 0.933309
vt 0.220304 0.994415
vt 0.243005 0.989735
vt 0.222758 0.978624
vt 0.468563 0.011307
vt 0.435273 0.011298
s 1
usemtl enemy_tonnel
f 1/1/1 2/2/2 3/3/3
f 1/1/1 3/3/3 4/4/4
f 4/4/4 3/3/3 5/5/5
f 4/4/4 5/5/5 6/6/6
f 3/3/3 2/2/2 7/7/7
f 3/3/3 7/7/7 8/8/8
f 5/5/5 3/3/3 8/8/8
f 5/5/5 8/8/8 9/9/9
f 10/10/10 9/9/9 8/8/8
f 10/10/10 8/8/8 11/11/11
f 11/11/11 8/8/8 7/7/7
f 1/1/1 12/12/12 2/2/2
f 4/4/4 6/6/6 13/13/13
f 14/14/14 4/4/4 13/13/13
f 1/1/1 4/4/4 14/14/14
f 14/14/14 13/13/13 15/15/15
f 14/14/14 15/15/15 16/16/11
f 16/16/11 17/17/16 14/14/14
f 1/1/1 14/14/14 17/17/16
f 18/18/17 12/12/12 1/1/1
f 18/18/17 1/1/1 17/17/16
f 18/18/17 19/19/18 12/12/12
f 18/18/17 20/20/19 19/19/18
f 20/20/19 21/21/20 19/19/18
f 22/22/21 20/20/19 18/18/17
f 16/16/11 22/22/21 17/17/16
f 18/18/17 17/17/16 22/22/21
f 22/22/21 23/23/22 20/20/19
f 24/24/23 21/21/20 20/20/19
f 24/24/23 20/20/19 23/23/22
f 25/25/24 12/12/12 19/19/18
f 26/26/25 25/25/24 19/19/18
f 26/26/25 19/19/18 27/27/26
f 19/19/18 21/21/20 27/27/26
f 21/21/20 28/28/27 27/27/26
f 29/29/28 25/25/24 26/26/25
f 29/29/28 30/30/29 25/25/24
f 30/30/29 29/29/28 31/31/30
f 30/30/29 31/31/30 32/32/31
f 33/33/32 30/30/29 32/32/31
f 33/33/32 32/32/31 34/34/21
f 27/27/26 35/35/33 26/26/25
f 27/27/26 36/36/34 35/35/33
f 35/35/33 37/37/35 26/26/25
f 37/37/35 29/29/28 26/26/25
f 37/37/35 38/38/36 29/29/28
f 31/31/30 29/29/28 38/38/36
f 37/37/35 39/39/37 38/38/36
f 30/30/29 33/33/32 2/2/2
f 30/30/29 2/2/2 25/25/24
f 25/25/24 2/2/2 12/12/12
f 2/2/2 33/33/32 40/40/38
f 40/40/38 33/33/32 34/34/21
f 7/7/7 40/40/38 34/34/21
f 7/7/7 2/2/2 40/40/38
f 11/11/11 7/7/7 34/34/21
f 41/41/39 42/42/40 43/43/41
f 42/42/40 44/44/42 43/43/41
f 42/42/40 45/45/43 44/44/42
f 45/45/43 46/46/44 44/44/42
f 45/45/43 47/47/45 46/46/44
f 48/48/46 44/44/42 46/46/44
f 49/49/47 48/48/46 46/46/44
f 48/48/46 50/50/48 44/44/42
f 43/43/41 44/44/42 50/50/48
f 51/51/49 47/47/45 45/45/43
f 52/52/50 51/51/49 45/45/43
f 52/52/50 45/45/43 42/42/40
f 51/51/49 52/52/50 53/53/51
f 51/51/49 53/53/51 54/54/52
f 54/54/52 53/53/51 55/55/48
f 54/54/52 55/55/48 56/56/53
f 57/57/54 54/54/52 56/56/53
f 57/57/54 56/56/53 58/58/55
f 59/59/56 51/51/49 54/54/52
f 59/59/56 54/54/52 57/57/54
f 51/51/49 59/59/56 47/47/45
f 59/59/56 57/57/54 60/60/57
f 60/60/57 57/57/54 58/58/55
f 59/59/56 60/60/57 61/61/58
f 47/47/45 59/59/56 61/61/58
f 60/60/57 58/58/55 62/62/59
f 47/47/45 61/61/58 63/63/60
f 64/64/61 63/63/60 61/61/58
f 64/64/61 65/65/62 63/63/60
f 53/53/51 66/66/63 55/55/48
f 53/53/51 67/67/64 66/66/63
f 53/53/51 52/52/50 68/68/65
f 53/53/51 68/68/65 67/67/64
f 69/69/66 66/66/63 67/67/64
f 68/68/65 69/69/66 67/67/64
f 52/52/50 42/42/40 68/68/65
f 42/42/40 70/70/67 68/68/65
f 42/42/40 71/41/39 70/70/67
f 68/68/65 70/70/67 72/69/68
f 63/63/60 73/71/69 46/46/44
f 63/63/60 46/46/44 47/47/45
f 74/71/69 49/49/47 46/46/44
f 75/71/70 76/72/71 49/49/55
f 77/73/72 78/74/73 79/75/74
f 77/73/72 80/76/75 78/74/73
f 80/76/75 81/77/76 78/74/73
f 79/75/74 82/78/77 77/73/72
f 79/75/74 83/79/78 82/78/77
f 79/75/74 78/74/73 84/80/59
f 78/74/73 81/77/76 85/81/61
f 78/74/73 85/81/61 86/82/58
f 86/82/58 87/83/57 78/74/73
f 78/74/73 87/83/57 84/80/59
f 82/78/77 83/79/78 88/84/79
f 89/85/80 88/84/79 83/79/78
f 89/85/80 90/86/81 88/84/79
f 91/87/82 88/84/79 90/86/81
f 91/87/82 82/78/77 88/84/79
f 92/88/83 90/86/81 89/85/80
f 92/88/83 89/85/80 93/89/84
f 89/85/80 94/90/85 93/89/84
f 93/89/84 94/90/85 95/91/86
f 94/90/85 89/85/80 96/92/70
f 97/93/62 92/88/83 93/89/84
f 98/93/87 93/89/84 95/91/86
f 89/85/80 83/79/78 99/94/88
f 89/85/80 99/94/88 96/92/70
f 99/94/88 83/79/78 79/75/74
f 99/94/88 79/75/74 84/80/59
f 100/92/70 99/94/88 84/80/59
f 94/90/85 101/92/70 95/91/86
f 91/87/82 102/95/89 103/96/90
f 91/87/82 103/96/90 82/78/77
f 102/95/89 104/97/91 103/96/90
f 102/95/89 105/98/92 104/97/91
f 105/98/92 106/99/93 104/97/91
f 107/100/35 104/97/91 106/99/93
f 106/99/93 108/101/94 107/100/35
f 106/99/93 109/102/95 108/101/94
f 110/103/96 109/102/95 106/99/93
f 106/99/93 111/104/97 110/103/96
f 105/98/92 111/104/97 106/99/93
f 77/73/72 82/78/77 103/96/90
f 77/73/72 103/96/90 112/105/98
f 113/106/99 112/105/98 103/96/90
f 113/106/99 103/96/90 104/97/91
f 113/106/99 114/107/100 112/105/98
f 77/73/72 112/105/98 114/107/100
f 113/106/99 115/108/101 114/107/100
f 115/108/101 116/109/102 114/107/100
f 116/109/102 115/108/101 117/110/103
f 117/110/103 115/108/101 113/106/99
f 116/109/102 117/110/103 118/111/104
f 117/110/103 119/112/105 118/111/104
f 117/110/103 120/113/106 119/112/105
f 120/113/106 117/110/103 121/114/107
f 120/113/106 121/114/107 122/115/108
f 77/73/72 114/107/100 80/76/75
f 117/110/103 113/106/99 123/116/109
f 117/110/103 123/116/109 121/114/107
f 80/76/75 114/107/100 124/117/110
f 114/107/100 116/109/102 124/117/110
f 125/118/111 126/119/112 127/120/113
f 128/121/114 125/118/111 127/120/113
f 127/120/113 129/122/115 128/121/114
f 127/120/113 130/123/116 129/122/115
f 129/122/115 130/123/116 131/124/117
f 130/123/116 132/125/118 131/124/117
f 133/126/119 130/123/116 127/120/113
f 127/120/113 134/127/120 133/126/119
f 130/123/116 133/126/119 135/128/121
f 130/123/116 135/128/121 132/125/118
f 135/128/121 136/129/122 132/125/118
f 137/130/123 129/122/115 131/124/117
f 137/130/123 131/124/117 138/131/124
f 139/132/125 137/130/123 138/131/124
f 139/132/125 138/131/124 140/133/126
f 141/134/127 139/132/125 140/133/126
f 141/134/127 140/133/126 142/135/128
f 135/128/121 133/126/119 143/136/129
f 135/128/121 143/136/129 144/137/130
f 144/137/130 143/136/129 145/138/131
f 144/137/130 145/138/131 146/139/132
f 145/138/131 147/140/133 146/139/132
f 148/141/134 147/140/133 145/138/131
f 149/142/135 148/141/134 145/138/131
f 143/136/129 149/142/135 145/138/131
f 147/140/133 150/143/136 146/139/132
f 143/136/129 151/144/137 149/142/135
f 152/145/138 153/146/134 149/142/139
f 154/147/140 153/146/134 152/145/138
f 154/147/140 155/148/133 153/146/134
f 156/149/141 155/148/133 154/147/140
f 157/150/142 156/149/141 154/147/140
f 154/147/140 152/145/138 157/150/142
f 157/150/142 158/151/143 156/149/141
f 156/149/141 159/152/136 155/148/133
f 158/151/143 157/150/142 160/153/144
f 157/150/142 161/154/145 160/153/144
f 157/150/142 162/155/146 161/154/145
f 152/145/138 162/155/146 157/150/142
f 162/155/146 152/145/138 163/144/147
f 164/127/120 162/155/146 163/144/147
f 161/154/145 162/155/146 164/127/120
f 156/149/141 165/156/148 159/152/136
f 156/149/141 166/157/130 165/156/148
f 167/151/143 166/157/130 156/149/141
f 167/151/143 168/158/121 166/157/130
f 126/119/149 161/154/145 164/127/120
f 161/154/145 169/159/150 160/153/144
f 170/160/13 160/153/144 169/159/150
f 170/160/13 171/161/151 160/153/144
f 172/151/152 160/153/144 171/161/151
f 173/162/153 172/151/152 171/161/151
f 171/161/151 174/163/122 173/162/153
f 171/161/151 175/164/154 174/163/122
f 171/161/151 176/165/155 175/164/154
f 170/160/13 176/165/155 171/161/151
f 177/166/156 175/164/154 176/165/155
f 176/165/155 178/167/157 177/166/156
f 176/165/155 179/168/158 178/167/157
f 180/169/114 179/168/158 176/165/155
f 178/167/157 179/168/158 180/169/114
f 178/167/157 180/169/114 181/170/159
f 177/166/156 182/171/160 175/164/154
f 178/167/157 183/172/161 177/166/156
f 178/167/157 184/173/162 183/172/161
f 181/170/159 184/173/162 178/167/157
f 184/173/162 185/174/163 183/172/161
f 184/173/162 186/175/127 185/174/163
f 181/170/159 187/176/123 184/173/162
f 187/176/123 186/175/127 184/173/162
f 187/176/123 188/177/164 186/175/127
f 189/178/165 183/172/161 185/174/163
f 189/178/165 190/179/166 183/172/161
f 190/179/166 182/171/160 177/166/156
f 190/179/166 177/166/156 183/172/161
f 170/160/13 191/180/167 176/165/155
f 192/181/168 193/182/169 194/183/170
f 192/181/168 194/183/170 195/184/171
f 172/151/152 193/182/169 192/181/168
f 172/151/152 173/162/153 193/182/169
f 193/182/169 196/185/172 194/183/170
f 193/182/169 197/186/173 196/185/172
f 173/162/153 197/186/173 193/182/169
f 173/162/153 174/163/122 197/186/173
f 192/181/168 195/184/171 198/187/174
f 192/181/168 198/187/174 199/188/175
f 200/151/143 192/181/168 199/188/175
f 200/151/143 199/188/175 201/158/176
f 202/144/177 152/145/178 203/142/179
f 133/126/119 134/127/120 151/144/180
f 133/126/119 204/144/137 143/136/129
f 205/189/172 206/190/174 207/191/181
f 205/189/172 207/191/181 208/192/182
f 209/193/173 206/190/174 205/189/172
f 209/193/173 210/194/183 206/190/174
f 135/128/121 210/194/183 209/193/173
f 136/129/122 135/128/121 209/193/173
f 126/119/112 211/127/184 127/120/113
f 161/154/145 212/195/9 169/159/150
f 213/119/112 212/195/9 161/154/145
f 213/119/112 214/196/185 212/195/9
f 215/197/6 214/196/185 213/119/112
f 215/197/6 213/119/112 125/118/186
f 216/198/187 217/41/188 43/43/41
f 216/198/187 43/43/41 218/199/189
f 218/199/189 43/43/41 50/50/48
f 219/200/188 220/201/187 221/202/190
f 219/200/188 221/202/190 222/203/191
f 220/201/187 223/204/192 221/202/190
f 220/201/187 224/205/193 223/204/192
f 221/202/190 225/206/194 222/203/191
f 222/203/191 225/206/194 226/207/195
f 221/202/190 227/208/196 225/206/194
f 221/202/190 223/204/192 228/209/197
f 221/202/190 228/209/197 227/208/196
f 229/210/198 227/208/196 228/209/197
f 223/204/192 229/210/198 228/209/197
f 229/210/198 230/211/199 227/208/196
f 223/204/192 231/212/200 229/210/198
f 232/205/201 231/212/200 223/204/192
f 232/205/201 233/213/67 231/212/200
f 233/213/67 234/214/191 231/212/200
f 233/213/67 235/215/39 234/214/191
f 234/214/191 236/216/202 231/212/200
f 231/212/200 237/217/203 229/210/198
f 237/217/203 231/212/200 238/218/204
f 229/210/198 237/217/203 238/218/204
f 229/210/198 238/218/204 230/211/199
f 231/212/200 236/216/202 238/218/204
f 234/214/191 239/219/205 240/216/202
f 241/220/206 242/221/199 243/218/207
f 244/222/194 241/220/206 243/218/207
f 244/222/194 243/218/207 245/216/202
f 246/223/205 244/222/194 245/216/202
f 247/224/208 248/225/209 249/226/210
f 247/224/208 250/227/211 248/225/209
f 250/227/211 251/228/212 248/225/209
f 252/229/213 248/225/209 251/228/212
f 251/228/212 250/227/211 253/230/214
f 253/230/214 250/227/211 254/231/215
f 249/226/210 255/232/216 247/224/208
f 249/226/210 256/233/217 255/232/216
f 250/227/211 247/224/208 257/234/218
f 258/235/219 250/227/211 257/234/218
f 258/235/219 257/234/218 259/236/220
f 247/224/208 260/237/221 257/234/218
f 247/224/208 255/232/216 260/237/221
f 261/238/222 259/236/220 257/234/218
f 257/234/218 260/237/221 261/238/222
f 260/237/221 255/232/216 261/238/222
f 255/232/216 256/233/217 261/238/222
f 259/236/220 261/238/222 262/239/223
f 262/239/223 261/238/222 263/240/224
f 261/238/222 264/241/225 263/240/224
f 256/233/217 264/241/225 261/238/222
f 263/240/224 264/241/225 265/242/226
f 266/243/227 264/241/225 256/233/217
f 266/243/227 256/233/217 267/244/228
f 256/233/217 268/245/229 267/244/228
f 249/226/210 268/245/229 256/233/217
f 249/226/210 269/246/230 268/245/229
f 270/247/231 269/246/230 249/226/210
f 270/247/231 271/248/232 269/246/230
f 270/247/231 272/249/233 271/248/232
f 268/245/229 273/250/234 267/244/228
f 269/246/230 273/250/234 268/245/229
f 274/251/235 267/244/228 273/250/234
f 274/251/235 273/250/234 275/252/236
f 275/252/236 273/250/234 276/253/237
f 271/248/232 276/253/237 269/246/230
f 269/246/230 276/253/237 273/250/234
f 275/252/236 276/253/237 277/254/238
f 271/248/232 278/254/238 276/253/237
f 279/255/239 278/254/238 271/248/232
f 270/247/231 249/226/210 280/256/240
f 281/257/241 270/247/231 280/256/240
f 270/247/231 281/257/241 282/249/233
f 282/249/233 283/258/242 271/248/243
f 283/258/242 284/259/244 271/248/243
f 285/260/245 281/257/241 280/256/240
f 286/261/246 285/260/245 280/256/240
f 287/259/247 288/255/248 271/248/249
f 289/248/250 290/253/251 278/254/252
f 289/248/250 291/246/253 290/253/251
f 292/247/254 291/246/253 289/248/250
f 292/247/254 289/248/250 293/249/233
f 292/247/254 294/226/255 291/246/253
f 294/226/255 295/245/256 291/246/253
f 294/226/255 296/233/257 295/245/256
f 294/226/255 297/232/258 296/233/257
f 294/226/255 298/224/259 297/232/258
f 298/224/259 294/226/255 299/225/260
f 298/224/259 299/225/260 300/227/261
f 300/227/261 299/225/260 301/228/262
f 302/229/213 301/228/262 299/225/260
f 301/228/262 303/230/214 300/227/261
f 303/230/214 304/231/263 300/227/261
f 300/227/261 305/234/264 298/224/259
f 306/235/265 305/234/264 300/227/261
f 306/235/265 307/236/266 305/234/264
f 298/224/259 305/234/264 308/237/267
f 298/224/259 308/237/267 297/232/258
f 309/238/268 305/234/264 307/236/266
f 305/234/264 309/238/268 308/237/267
f 308/237/267 309/238/268 297/232/258
f 297/232/258 309/238/268 296/233/257
f 307/236/266 310/239/223 309/238/268
f 310/239/223 311/240/224 309/238/268
f 309/238/268 311/240/224 312/241/269
f 296/233/257 309/238/268 312/241/269
f 313/243/270 296/233/257 312/241/269
f 313/243/270 314/244/271 296/233/257
f 296/233/257 314/244/271 295/245/256
f 295/245/256 314/244/271 315/250/272
f 316/251/235 315/250/272 314/244/271
f 316/251/235 317/252/273 315/250/272
f 317/252/273 290/253/251 315/250/272
f 317/252/273 318/254/252 290/253/251
f 291/246/253 295/245/256 315/250/272
f 291/246/253 315/250/272 290/253/251
f 313/243/270 312/241/269 319/262/274
f 319/262/274 320/263/275 313/243/270
f 313/243/270 320/263/275 321/264/276
f 321/264/276 320/263/275 322/265/277
f 322/265/277 323/266/235 321/264/276
f 319/262/274 312/241/269 324/242/226
f 320/263/275 319/262/274 324/242/226
f 311/240/224 324/242/226 312/241/269
f 320/263/275 324/242/226 325/267/278
f 326/265/279 320/263/275 325/267/278
f 327/265/277 328/264/280 323/266/281
f 328/264/280 327/265/277 329/263/282
f 266/243/227 328/264/280 329/263/282
f 330/262/283 266/243/227 329/263/282
f 266/243/227 330/262/283 264/241/225
f 330/262/283 265/242/226 264/241/225
f 329/263/282 265/242/226 330/262/283
f 329/263/282 331/267/284 265/242/226
f 332/265/279 331/267/284 329/263/282
f 333/231/285 250/227/211 334/268/286
f 250/227/211 335/235/265 334/268/286
f 333/231/285 334/268/286 300/227/287
f 300/227/287 334/268/286 335/235/265
f 336/69/66 337/269/288 66/66/189
f 338/270/289 339/271/290 340/272/213
f 339/271/290 341/273/291 340/272/213
f 342/274/292 343/275/293 344/276/294
f 343/275/293 345/271/295 344/276/294
f 346/270/296 344/276/294 345/271/295
f 347/277/297 348/278/37 21/21/20
f 24/24/23 347/277/297 21/21/20
f 348/278/37 28/28/27 21/21/20
f 349/1/298 350/4/299 351/3/300
f 349/1/298 351/3/300 352/2/301
f 350/4/299 353/5/302 351/3/300
f 350/4/299 354/6/303 353/5/302
f 351/3/300 355/7/304 352/2/301
f 351/3/300 356/8/305 355/7/304
f 353/5/302 356/8/305 351/3/300
f 353/5/302 357/9/306 356/8/305
f 358/10/307 356/8/305 357/9/306
f 358/10/307 359/11/308 356/8/305
f 359/11/308 355/7/304 356/8/305
f 349/1/298 352/2/301 360/12/309
f 350/4/299 361/13/310 354/6/303
f 362/14/311 361/13/310 350/4/299
f 349/1/298 362/14/311 350/4/299
f 362/14/311 363/15/312 361/13/310
f 362/14/311 364/16/308 363/15/312
f 364/16/308 362/14/311 365/17/313
f 349/1/298 365/17/313 362/14/311
f 366/18/314 365/17/313 349/1/298
f 366/18/314 349/1/298 360/12/309
f 366/18/314 360/12/309 367/19/315
f 366/18/314 367/19/315 368/20/316
f 368/20/316 367/19/315 369/21/317
f 370/22/318 366/18/314 368/20/316
f 364/16/308 365/17/313 370/22/318
f 366/18/314 370/22/318 365/17/313
f 370/22/318 368/20/316 371/23/319
f 372/24/320 368/20/316 369/21/317
f 372/24/320 371/23/319 368/20/316
f 373/25/321 367/19/315 360/12/309
f 374/26/322 367/19/315 373/25/321
f 374/26/322 375/27/323 367/19/315
f 367/19/315 375/27/323 369/21/317
f 369/21/317 375/27/323 376/28/324
f 377/29/325 374/26/322 373/25/321
f 377/29/325 373/25/321 378/30/326
f 378/30/326 379/31/320 377/29/325
f 378/30/326 380/32/327 379/31/320
f 381/33/328 380/32/327 378/30/326
f 381/33/328 382/34/318 380/32/327
f 375/27/323 374/26/322 383/35/329
f 375/27/323 383/35/329 384/36/330
f 383/35/329 374/26/322 385/37/331
f 385/37/331 374/26/322 377/29/325
f 385/37/331 377/29/325 386/38/332
f 379/31/320 386/38/332 377/29/325
f 385/37/331 386/38/332 387/39/333
f 378/30/326 352/2/301 381/33/328
f 378/30/326 373/25/321 352/2/301
f 373/25/321 360/12/309 352/2/301
f 352/2/301 388/40/334 381/33/328
f 388/40/334 382/34/318 381/33/328
f 355/7/304 382/34/318 388/40/334
f 355/7/304 388/40/334 352/2/301
f 359/11/308 382/34/318 355/7/304
f 389/41/335 390/43/336 391/42/337
f 391/42/337 390/43/336 392/44/338
f 391/42/337 392/44/338 393/45/339
f 393/45/339 392/44/338 394/46/340
f 393/45/339 394/46/340 395/47/341
f 396/48/342 394/46/340 392/44/338
f 397/49/343 394/46/340 396/48/342
f 396/48/342 392/44/338 398/50/344
f 390/43/336 398/50/344 392/44/338
f 399/51/345 393/45/339 395/47/341
f 400/52/346 393/45/339 399/51/345
f 400/52/346 391/42/337 393/45/339
f 399/51/345 401/53/347 400/52/346
f 399/51/345 402/54/348 401/53/347
f 402/54/348 403/55/349 401/53/347
f 402/54/348 404/56/342 403/55/349
f 405/57/350 404/56/342 402/54/348
f 405/57/350 406/58/351 404/56/342
f 407/59/352 405/57/350 402/54/348
f 407/59/352 402/54/348 399/51/345
f 399/51/345 395/47/341 407/59/352
f 407/59/352 408/60/353 405/57/350
f 408/60/353 406/58/351 405/57/350
f 407/59/352 409/61/354 408/60/353
f 395/47/341 409/61/354 407/59/352
f 408/60/353 410/62/355 406/58/351
f 395/47/341 411/63/356 409/61/354
f 401/53/347 403/55/349 412/66/357
f 401/53/347 412/66/357 413/67/358
f 401/53/347 414/68/359 400/52/346
f 401/53/347 413/67/358 414/68/359
f 415/69/360 413/67/358 412/66/357
f 414/68/359 413/67/358 415/69/360
f 400/52/346 414/68/359 391/42/337
f 391/42/337 414/68/359 416/70/361
f 391/42/337 416/70/361 417/41/335
f 414/68/359 418/69/362 416/70/361
f 419/64/363 409/61/354 420/63/356
f 419/64/363 420/63/356 421/65/62
f 411/63/356 394/46/340 422/71/364
f 411/63/356 395/47/341 394/46/340
f 423/71/364 394/46/340 397/49/343
f 424/71/364 397/49/365 425/72/366
f 426/73/367 427/75/368 428/74/369
f 426/73/367 428/74/369 429/76/75
f 429/76/75 428/74/369 430/77/76
f 427/75/368 426/73/367 431/78/370
f 427/75/368 431/78/370 432/79/371
f 428/74/369 427/75/368 433/80/355
f 428/74/369 433/80/355 434/83/372
f 435/82/354 428/74/369 434/83/372
f 428/74/369 436/81/61 430/77/76
f 428/74/369 435/82/354 436/81/61
f 437/94/373 433/80/355 427/75/368
f 437/94/373 427/75/368 432/79/371
f 438/92/364 433/80/355 437/94/373
f 439/85/374 437/94/373 432/79/371
f 437/94/373 439/85/374 440/92/375
f 439/85/374 432/79/371 441/84/376
f 431/78/370 441/84/376 432/79/371
f 439/85/374 441/84/376 442/86/81
f 443/87/82 442/86/81 441/84/376
f 443/87/82 441/84/376 431/78/370
f 444/88/83 439/85/374 442/86/81
f 444/88/83 445/89/377 439/85/374
f 439/85/374 445/89/377 446/90/378
f 439/85/374 446/90/378 440/92/375
f 446/90/378 445/89/377 447/91/379
f 448/92/380 446/90/378 447/91/379
f 449/93/381 445/89/377 444/88/83
f 450/93/62 447/91/379 445/89/377
f 443/87/82 431/78/370 451/96/382
f 443/87/82 451/96/382 452/95/89
f 452/95/89 451/96/382 453/97/329
f 452/95/89 453/97/329 454/98/383
f 454/98/383 453/97/329 455/99/384
f 456/100/385 455/99/384 453/97/329
f 455/99/384 456/100/385 457/101/333
f 455/99/384 457/101/333 458/102/386
f 459/103/387 455/99/384 458/102/386
f 455/99/384 459/103/387 460/104/97
f 454/98/383 455/99/384 460/104/97
f 426/73/367 451/96/382 431/78/370
f 426/73/367 461/105/388 451/96/382
f 462/106/389 453/97/329 451/96/382
f 462/106/389 451/96/382 461/105/388
f 462/106/389 461/105/388 463/107/390
f 426/73/367 463/107/390 461/105/388
f 462/106/389 463/107/390 464/108/391
f 464/108/391 463/107/390 465/109/392
f 465/109/392 466/110/393 464/108/391
f 466/110/393 462/106/389 464/108/391
f 465/109/392 467/111/104 466/110/393
f 466/110/393 467/111/104 468/112/394
f 466/110/393 468/112/394 469/113/395
f 469/113/395 470/114/324 466/110/393
f 469/113/395 471/115/396 470/114/324
f 426/73/367 429/76/75 463/107/390
f 466/110/393 472/116/397 462/106/389
f 466/110/393 470/114/324 472/116/397
f 429/76/75 473/117/110 463/107/390
f 463/107/390 473/117/110 465/109/392
f 474/118/398 475/120/399 476/119/400
f 477/121/401 475/120/399 474/118/398
f 475/120/399 477/121/401 478/122/402
f 475/120/399 478/122/402 479/123/403
f 478/122/402 480/124/404 479/123/403
f 479/123/403 480/124/404 481/125/405
f 482/126/406 475/120/399 479/123/403
f 475/120/399 482/126/406 483/127/407
f 479/123/403 484/128/408 482/126/406
f 479/123/403 481/125/405 484/128/408
f 484/128/408 481/125/405 485/129/409
f 486/130/410 480/124/404 478/122/402
f 486/130/410 487/131/411 480/124/404
f 488/132/412 487/131/411 486/130/410
f 488/132/412 489/133/413 487/131/411
f 490/134/414 489/133/413 488/132/412
f 490/134/414 491/135/415 489/133/413
f 484/128/408 492/136/416 482/126/406
f 484/128/408 493/137/417 492/136/416
f 493/137/417 494/138/418 492/136/416
f 493/137/417 495/139/419 494/138/418
f 494/138/418 495/139/419 496/140/420
f 497/141/421 494/138/418 496/140/420
f 498/142/422 494/138/418 497/141/421
f 492/136/416 494/138/418 498/142/422
f 496/140/420 495/139/419 499/143/423
f 492/136/416 498/142/422 500/144/424
f 501/145/425 498/142/426 502/146/421
f 503/147/427 501/145/425 502/146/421
f 503/147/427 502/146/421 504/148/420
f 505/149/428 503/147/427 504/148/420
f 506/150/429 503/147/427 505/149/428
f 503/147/427 506/150/429 501/145/425
f 506/150/429 505/149/428 507/151/430
f 505/149/428 504/148/420 508/152/423
f 507/151/430 509/153/431 506/150/429
f 506/150/429 509/153/431 510/154/432
f 506/150/429 510/154/432 511/155/433
f 501/145/425 506/150/429 511/155/433
f 511/155/433 512/144/434 501/145/425
f 513/127/407 512/144/434 511/155/433
f 510/154/432 513/127/407 511/155/433
f 505/149/428 508/152/423 514/156/435
f 505/149/428 514/156/435 515/157/417
f 516/151/436 505/149/428 515/157/417
f 516/151/436 515/157/417 517/158/408
f 476/119/437 513/127/407 510/154/432
f 510/154/432 509/153/431 518/159/312
f 519/160/310 518/159/312 509/153/431
f 519/160/310 509/153/431 520/161/438
f 521/151/430 520/161/438 509/153/431
f 522/162/439 520/161/438 521/151/430
f 520/161/438 522/162/439 523/163/409
f 520/161/438 523/163/409 524/164/440
f 520/161/438 524/164/440 525/165/441
f 519/160/310 520/161/438 525/165/441
f 526/166/442 525/165/441 524/164/440
f 525/165/441 526/166/442 527/167/443
f 525/165/441 527/167/443 528/168/444
f 529/169/445 525/165/441 528/168/444
f 527/167/443 529/169/445 528/168/444
f 527/167/443 530/170/446 529/169/445
f 526/166/442 524/164/440 531/171/447
f 527/167/443 526/166/442 532/172/448
f 527/167/443 532/172/448 533/173/449
f 530/170/446 527/167/443 533/173/449
f 533/173/449 532/172/448 534/174/450
f 533/173/449 534/174/450 535/175/414
f 530/170/446 533/173/449 536/176/410
f 536/176/410 533/173/449 535/175/414
f 536/176/410 535/175/414 537/177/451
f 538/178/452 534/174/450 532/172/448
f 538/178/452 532/172/448 539/179/453
f 539/179/453 532/172/448 526/166/442
f 539/179/453 526/166/442 531/171/447
f 519/160/310 525/165/441 540/180/454
f 541/181/455 542/183/456 543/182/457
f 541/181/455 544/184/458 542/183/456
f 521/151/430 541/181/455 543/182/457
f 521/151/430 543/182/457 522/162/439
f 543/182/457 542/183/456 545/185/459
f 543/182/457 545/185/459 546/186/460
f 522/162/439 543/182/457 546/186/460
f 522/162/439 546/186/460 523/163/409
f 541/181/455 547/187/461 544/184/458
f 541/181/455 548/188/462 547/187/461
f 549/151/430 548/188/462 541/181/455
f 549/151/430 550/158/408 548/188/462
f 551/144/463 552/142/464 501/145/465
f 482/126/406 500/144/434 483/127/407
f 482/126/406 492/136/416 553/144/424
f 554/189/466 555/191/458 556/190/461
f 554/189/466 557/192/467 555/191/458
f 558/193/460 554/189/466 556/190/461
f 558/193/460 556/190/461 559/194/468
f 484/128/408 558/193/460 559/194/468
f 485/129/409 558/193/460 484/128/408
f 476/119/400 475/120/399 560/127/469
f 476/119/437 510/154/432 561/195/470
f 510/154/432 518/159/312 561/195/470
f 562/119/471 561/195/470 563/196/472
f 564/197/473 562/119/471 563/196/472
f 564/197/473 474/118/441 562/119/471
f 565/198/474 390/43/336 566/41/475
f 565/198/474 567/199/476 390/43/336
f 567/199/476 398/50/344 390/43/336
f 568/200/335 569/203/477 570/202/478
f 568/200/335 570/202/478 571/201/479
f 571/201/479 570/202/478 572/204/480
f 571/201/479 572/204/480 573/205/360
f 570/202/478 569/203/477 574/206/481
f 569/203/477 575/207/482 574/206/481
f 570/202/478 574/206/481 576/208/483
f 570/202/478 577/209/484 572/204/480
f 570/202/478 576/208/483 577/209/484
f 578/210/485 577/209/484 576/208/483
f 572/204/480 577/209/484 578/210/485
f 578/210/485 576/208/483 579/211/486
f 572/204/480 578/210/485 580/212/487
f 581/205/362 572/204/480 580/212/487
f 581/205/362 580/212/487 582/213/361
f 582/213/361 580/212/487 583/214/488
f 582/213/361 583/214/488 584/215/335
f 583/214/488 580/212/487 585/216/489
f 580/212/487 578/210/485 586/217/490
f 586/217/490 587/218/491 580/212/487
f 578/210/485 587/218/491 586/217/490
f 578/210/485 579/211/486 587/218/491
f 580/212/487 587/218/491 585/216/489
f 583/214/488 588/216/492 589/219/482
f 590/220/493 591/218/494 592/221/486
f 593/222/495 591/218/494 590/220/493
f 593/222/495 594/216/489 591/218/494
f 595/223/482 594/216/489 593/222/495
f 292/247/254 596/249/233 597/257/241
f 597/257/241 598/256/496 292/247/254
f 599/260/245 598/256/496 597/257/241
f 600/261/246 598/256/496 599/260/245
f 292/247/254 598/256/496 294/226/255
f 596/249/497 289/248/498 601/258/104
f 601/258/104 289/248/498 602/259/499
f 603/259/394 289/248/500 604/255/248
f 605/255/248 289/248/250 278/254/252
f 606/69/360 412/66/476 607/269/479
f 608/270/289 609/272/501 610/271/502
f 610/271/502 609/272/501 611/273/503
f 612/274/292 613/276/504 614/275/505
f 614/275/505 613/276/504 615/271/255
f 616/270/289 615/271/255 613/276/504
f 617/277/506 369/21/317 618/278/507
f 372/24/320 369/21/317 617/277/506
f 618/278/507 369/21/317 376/28/324
o Object_33.001
v 0.285327 1.920405 -0.301148
v 0.229609 1.921648 -0.349763
v 0.483064 1.662242 -0.363560
v 0.505992 1.689037 -0.284175
v 0.583426 1.563050 -0.353709
v 0.605922 1.589342 -0.275815
v 0.280924 1.945731 -0.433971
v 0.446631 1.786461 -0.413765
v 0.617352 1.593940 -0.371268
v 0.643462 1.620188 -0.340300
v 0.478426 1.819017 -0.367805
v 0.285857 1.919383 -0.304505
v 0.638686 1.618873 -0.297400
v 0.426331 1.855063 -0.297777
v 0.643462 1.620188 -0.340300
v 0.478426 1.819017 -0.367805
v 0.344612 1.963530 -0.323948
v 0.348141 1.957658 -0.335045
v 0.306451 2.106556 -0.033527
v 0.375630 2.096826 -0.168286
v 0.387046 2.239336 -0.019666
v 0.329059 1.991694 -0.401658
v 0.339896 2.125243 -0.234880
v 0.352816 2.240060 -0.121069
v 0.184684 2.179981 -0.098386
v 0.180297 2.218605 -0.016054
v 0.281909 2.143896 0.047782
v 0.278283 2.255680 0.103707
v 0.299196 2.314404 -0.082431
v 0.262746 2.161715 -0.226115
v 0.352816 2.240060 -0.121069
v 0.339896 2.125243 -0.234880
v 0.249802 2.001701 -0.405667
v 0.329059 1.991694 -0.401658
v 0.248672 2.207152 -0.102542
v 0.240085 2.110627 0.006646
v 0.265644 2.350918 0.006735
v 0.351698 2.290198 -0.060610
v 0.275376 2.319139 0.063937
v 0.264680 1.973583 -0.421012
v -0.180713 0.013005 -0.484448
v -0.129379 0.497521 -0.390069
v -0.047392 0.450376 -0.429579
v 0.029427 0.729177 -0.322683
v -0.061266 0.726473 -0.300907
v 0.038188 0.802901 -0.322849
v -0.053948 0.798992 -0.289903
v 0.095665 0.758371 -0.215742
v 0.102909 0.819892 -0.217970
v 0.084160 0.702525 -0.230033
v -0.056737 0.760631 -0.173716
v -0.071292 0.698742 -0.195913
v 0.015426 0.689695 -0.173219
v 0.029634 0.753821 -0.154109
v 0.084160 0.702525 -0.230033
v 0.095665 0.758371 -0.215742
v 0.038915 0.822568 -0.153546
v 0.102909 0.819892 -0.217970
v -0.049480 0.813384 -0.172370
v 0.100026 1.279401 -0.194965
v -0.008553 1.314644 -0.243197
v 0.154218 1.319898 -0.291660
v -0.033406 1.282329 -0.414492
v -0.075152 1.308063 -0.229741
v -0.075717 1.322147 -0.418551
v 0.013979 0.385808 -0.329105
v -0.049495 0.400960 -0.253850
v -0.123896 0.442222 -0.282399
v -0.153417 -0.020200 -0.363768
v -0.207003 -0.001465 -0.399505
v -0.180713 0.013005 -0.484448
v -0.153417 -0.020200 -0.363768
v 0.115162 1.251088 -0.447546
v 0.115162 1.251088 -0.447546
v 0.115162 1.251088 -0.447546
v 0.154218 1.319898 -0.291660
v 0.129946 1.738222 -0.149526
v 0.084786 1.413925 -0.175538
v 0.160856 1.457669 -0.254308
v -0.043863 1.733309 -0.042091
v -0.068267 1.397851 -0.156159
v 0.157830 1.771842 -0.299941
v 0.160672 1.487251 -0.403425
v 0.154218 1.319898 -0.291660
v -0.075152 1.308063 -0.229741
v -0.008553 1.314644 -0.243197
v 0.100026 1.279401 -0.194965
v 0.077296 1.561787 -0.427884
v 0.083735 1.472836 -0.466009
v -0.055806 1.605570 -0.408414
v -0.042047 1.797104 -0.364479
v -0.069787 1.410780 -0.451463
v -0.040164 1.364269 -0.469095
v 0.089203 1.376584 -0.480076
v -0.033406 1.282329 -0.414492
v 0.115162 1.251088 -0.447546
v -0.075717 1.322147 -0.418551
v -0.075717 1.322147 -0.418551
v 0.163981 1.444375 -0.412611
v 0.115162 1.251088 -0.447546
v 0.115162 1.251088 -0.447546
v -0.042529 2.023217 -0.276836
v 0.172142 1.972150 -0.245156
v 0.248672 2.207152 -0.102542
v -0.035160 2.285375 -0.142904
v 0.151790 2.399603 0.034445
v 0.265644 2.350918 0.006735
v 0.275376 2.319139 0.063937
v 0.161523 2.334110 0.093206
v 0.065352 2.360439 0.144632
v -0.021681 2.404140 0.080905
v 0.156791 1.863363 -0.120811
v 0.240085 2.110627 0.006646
v 0.069152 1.818272 -0.046289
v 0.127929 2.033302 0.085915
v -0.015825 2.042801 0.153924
v 0.160843 2.273286 0.137757
v -0.015024 2.292240 0.181437
v 0.065352 2.360439 0.144632
v 0.161523 2.334110 0.093206
v 0.278283 2.255680 0.103707
v 0.275376 2.319139 0.063937
v 0.281909 2.143896 0.047782
v -0.025560 1.798171 -0.017036
v 0.645534 1.571914 -0.261555
v 0.588557 1.566765 -0.342292
v 0.616070 1.542138 -0.308916
v 0.613335 1.538811 -0.266055
v 0.625120 1.498707 -0.251462
v 0.631893 1.494231 -0.292620
v 0.648830 1.479164 -0.255585
v 0.671685 1.495911 -0.265703
v 0.655023 1.445648 -0.332712
v 0.600667 1.454390 -0.369300
v 0.680941 1.445966 -0.302505
v 0.701038 1.446430 -0.278379
v 0.627259 1.452204 -0.241061
v 0.650950 1.449815 -0.245353
v 0.629412 1.426576 -0.243056
v 0.648841 1.426304 -0.244923
v 0.630464 1.409784 -0.227799
v 0.650251 1.409506 -0.229705
v 0.637971 1.416075 -0.319503
v 0.659245 1.409103 -0.290270
v 0.612236 1.405378 -0.297813
v 0.632328 1.403805 -0.271557
v 0.602115 1.379829 -0.292373
v 0.578872 1.393086 -0.326739
v 0.583521 1.411744 -0.333289
v 0.620326 1.378531 -0.267778
v 0.600989 1.424703 -0.367292
v 0.611981 1.406109 -0.374719
v 0.578872 1.393086 -0.326739
v 0.647437 1.381150 -0.323820
v 0.602115 1.379829 -0.292373
v 0.668084 1.384222 -0.294129
v 0.685258 1.439191 -0.348787
v 0.705189 1.441416 -0.318532
v 0.620326 1.378531 -0.267778
v 0.683035 1.574444 -0.347602
v 0.633111 1.570206 -0.373953
v 0.625942 1.449256 -0.390069
v 0.600989 1.424703 -0.367292
v 0.600667 1.454390 -0.369300
v 0.632328 1.403805 -0.271557
v 0.659245 1.409103 -0.290270
v 0.705189 1.441416 -0.318532
v 0.680941 1.445966 -0.302505
v 0.643462 1.620188 -0.340300
v 0.638686 1.618873 -0.297400
v 0.688259 1.575215 -0.291915
v 0.705189 1.441416 -0.318532
v 0.721288 1.443215 -0.294085
v 0.701038 1.446430 -0.278379
v 0.671685 1.495911 -0.265703
v 0.645534 1.571914 -0.261555
v 0.654557 1.499864 -0.231830
v 0.627787 1.503778 -0.229486
v 0.625870 1.548772 -0.244684
v 0.613335 1.538811 -0.266055
v 0.625120 1.498707 -0.251462
v 0.648830 1.479164 -0.255585
v 0.655755 1.453149 -0.222070
v 0.628305 1.456542 -0.219523
v 0.650251 1.409506 -0.229705
v 0.630464 1.409784 -0.227799
v 0.627259 1.452204 -0.241061
v 0.629412 1.426576 -0.243056
v 0.648841 1.426304 -0.244923
v 0.650950 1.449815 -0.245353
v 0.605922 1.589342 -0.275815
v 0.684026 1.376025 -0.305551
v 0.700492 1.378407 -0.281395
v 0.657017 1.357168 -0.252985
v 0.643367 1.355208 -0.271906
v 0.661021 1.382982 -0.254389
v 0.687627 1.398735 -0.271998
v 0.645889 1.383727 -0.277746
v 0.668756 1.399699 -0.297075
v 0.705189 1.441416 -0.318532
v 0.680941 1.445966 -0.302505
v 0.600989 1.424703 -0.367292
v 0.583521 1.411744 -0.333289
v 0.600989 1.424703 -0.367292
v 0.661021 1.382982 -0.254389
v 0.645889 1.383727 -0.277746
v 0.643367 1.355208 -0.271906
v 0.657017 1.357168 -0.252985
v 0.687627 1.398735 -0.271998
v 0.668756 1.399699 -0.297075
v 0.600667 1.454390 -0.369300
v 0.617352 1.593940 -0.371268
v 0.588557 1.566765 -0.342292
v 0.583426 1.563050 -0.353709
v 0.605922 1.589342 -0.275815
v -0.118400 -0.013411 -0.422832
v -0.180713 0.013005 -0.484448
v 0.013979 0.385808 -0.329105
v -0.180713 0.013005 -0.484448
v -0.118400 -0.013411 -0.422832
v -0.123500 -0.070267 -0.425886
v -0.182430 -0.070708 -0.495917
v -0.160982 -0.068409 -0.355989
v -0.153417 -0.020200 -0.363768
v -0.126821 -0.186685 -0.491694
v -0.182887 -0.186513 -0.514183
v -0.042782 -0.188513 -0.134084
v -0.100378 -0.132788 -0.163267
v -0.155340 -0.157293 -0.100331
v -0.155505 -0.182627 -0.066378
v -0.217605 -0.072175 -0.411429
v -0.153417 -0.020200 -0.363768
v -0.207003 -0.001465 -0.399505
v -0.182430 -0.070708 -0.495917
v -0.180713 0.013005 -0.484448
v -0.228362 -0.188779 -0.472435
v -0.187595 -0.153111 -0.117152
v -0.207741 -0.192028 -0.090889
v -0.182887 -0.186513 -0.514183
v -0.228362 -0.188779 -0.472435
v -0.042782 -0.188513 -0.134084
v -0.155505 -0.182627 -0.066378
v -0.207741 -0.192028 -0.090889
v -0.126821 -0.186685 -0.491694
v -0.228362 -0.188779 -0.472435
v -0.182887 -0.186513 -0.514183
v 0.087932 2.450274 0.395943
v 0.057245 2.413780 0.364068
v 0.132082 2.414492 0.324916
v 0.038835 2.449063 0.401714
v 0.000968 2.417700 0.388710
v 0.000948 2.417244 0.375629
v 0.009523 2.442512 0.399533
v 0.010468 2.446100 0.428603
v 0.139357 2.490426 0.395824
v 0.190632 2.537387 0.391318
v 0.040684 2.494358 0.426794
v 0.022919 2.481828 0.431821
v 0.035094 2.516960 0.441348
v 0.089683 2.489651 0.429274
v 0.103143 2.513354 0.452229
v 0.041400 2.535586 0.460414
v 0.050866 2.563126 0.475262
v 0.115100 2.548114 0.469991
v 0.087208 2.667355 0.482761
v 0.186993 2.603868 0.458047
v 0.220424 2.683288 0.365880
v 0.215340 2.578420 0.309521
v 0.145224 2.460460 0.263533
v 0.033508 2.315752 0.262005
v 0.084418 2.404690 0.202209
v -0.013190 2.358369 0.216006
v 0.200495 2.618770 0.219166
v 0.119019 2.749851 0.202236
v 0.066985 2.598788 0.131432
v 0.159835 2.517786 0.196172
v 0.026327 2.482879 0.145906
v 0.026327 2.482879 0.145906
v -0.021681 2.404140 0.080905
v 0.022910 2.345003 0.324328
v -0.037836 2.300835 0.277303
v -0.013190 2.358369 0.216006
v -0.015024 2.292240 0.181437
v 0.065352 2.360439 0.144632
v -0.031011 2.332692 0.323893
v -0.027403 2.344652 0.329036
v 0.065352 2.360439 0.144632
v -0.021681 2.404140 0.080905
v -0.068870 2.458256 0.200577
v -0.057313 2.593666 0.193863
v -0.082853 2.538869 0.252661
v -0.082415 2.354949 0.252186
v -0.013190 2.358369 0.216006
v -0.105519 2.496175 0.313589
v -0.065116 2.676421 0.306539
v -0.072895 2.629473 0.388513
v -0.062119 2.560832 0.393679
v -0.046902 2.497391 0.394511
v -0.045024 2.449518 0.362981
v -0.009364 2.465906 0.401200
v 0.000968 2.417700 0.388710
v 0.000948 2.417244 0.375629
v 0.009523 2.442512 0.399533
v 0.010468 2.446100 0.428603
v 0.016921 2.502661 0.426541
v 0.022919 2.481828 0.431821
v 0.035094 2.516960 0.441348
v -0.024383 2.529510 0.428062
v -0.020584 2.556589 0.450914
v 0.041400 2.535586 0.460414
v 0.050866 2.563126 0.475262
v -0.008627 2.591350 0.468673
v -0.029910 2.679663 0.455739
v -0.004851 2.762009 0.363483
v -0.026662 2.698148 0.216752
v 0.119019 2.749851 0.202236
v 0.066985 2.598788 0.131432
v 0.026327 2.482879 0.145906
v 0.026581 2.677997 0.470992
v 0.031596 2.765640 0.399383
v -0.004851 2.762009 0.363483
v 0.130091 2.784873 0.311891
v 0.119019 2.749851 0.202236
v 0.087208 2.667355 0.482761
v 0.114089 2.742600 0.427560
v 0.130091 2.784873 0.311891
v 0.130091 2.784873 0.311891
v 0.220424 2.683288 0.365880
v 0.193496 2.709065 0.401106
v 0.141479 2.637846 0.472213
v 0.114089 2.742600 0.427560
v 0.130091 2.784873 0.311891
v 0.010468 2.446100 0.428603
v 0.012230 2.451259 0.432390
v 0.022919 2.481828 0.431821
v -0.153417 -0.020200 -0.363768
v -0.118400 -0.013411 -0.422832
v 0.026100 2.479261 0.219066
v 0.132082 2.414492 0.324916
v 0.000948 2.417244 0.375629
v 0.057245 2.413780 0.364068
v -0.027403 2.344652 0.329036
v 0.022910 2.345003 0.324328
v -0.024834 2.339107 0.276578
v 0.132082 2.414492 0.324916
v 0.026100 2.479261 0.219066
v 0.351698 2.290198 -0.060610
v 0.275376 2.319139 0.063937
v -0.274541 1.815895 -0.140207
v -0.462058 1.575960 -0.041309
v -0.431526 1.526388 -0.105774
v -0.218307 1.807652 -0.184602
v -0.517752 1.423593 -0.060968
v -0.547711 1.472236 0.002288
v -0.267573 1.790533 -0.272056
v -0.409836 1.628579 -0.197231
v -0.554611 1.440898 -0.088451
v -0.585665 1.472304 -0.068975
v -0.448167 1.670297 -0.166031
v -0.277388 1.816121 -0.140631
v -0.583021 1.487028 -0.028464
v -0.405258 1.736090 -0.113612
v -0.585665 1.472304 -0.068975
v -0.448167 1.670297 -0.166031
v -0.337883 1.838915 -0.176978
v -0.342042 1.831173 -0.183873
v -0.332220 2.091212 0.033166
v -0.393207 2.020460 -0.086484
v -0.427914 2.207585 -0.007065
v -0.322987 1.838792 -0.259069
v -0.357717 2.024348 -0.158901
v -0.389087 2.172303 -0.100350
v -0.216540 2.147349 -0.055672
v -0.220571 2.215641 0.004407
v -0.316054 2.160415 0.092804
v -0.321980 2.256328 0.106934
v -0.346178 2.261865 -0.094616
v -0.285714 2.070518 -0.165459
v -0.389087 2.172303 -0.100350
v -0.357717 2.024348 -0.158901
v -0.245198 1.857718 -0.267276
v -0.322987 1.838792 -0.259069
v -0.298117 2.190793 -0.076904
v -0.282834 2.102812 0.037605
v -0.308780 2.336659 -0.002637
v -0.396602 2.242006 -0.064919
v -0.319177 2.313375 0.058405
v -0.255623 1.823641 -0.270733
v -0.329583 0.160814 -0.294869
v -0.367963 0.607300 -0.188778
v -0.280467 0.629881 -0.140404
v -0.389203 0.881584 -0.049579
v -0.302900 0.856086 -0.024918
v -0.381318 0.907832 -0.058798
v -0.295935 0.891086 -0.013865
v -0.450892 0.925210 0.048717
v -0.433933 0.992628 0.015488
v -0.454390 0.857100 0.036682
v -0.305631 0.894883 0.102223
v -0.306065 0.814604 0.075892
v -0.393976 0.822586 0.093914
v -0.389918 0.914747 0.110752
v -0.454390 0.857100 0.036682
v -0.450892 0.925210 0.048717
v -0.371968 1.005321 0.080694
v -0.433933 0.992628 0.015488
v -0.292889 0.960631 0.082026
v -0.268330 1.378488 -0.172584
v -0.155198 1.349601 -0.214110
v -0.306445 1.382505 -0.284197
v -0.136965 1.268423 -0.376650
v -0.448370 0.546702 -0.099939
v -0.388208 0.538253 -0.021000
v -0.304907 0.564884 -0.041106
v -0.371317 0.120538 -0.180649
v -0.312710 0.130888 -0.211594
v -0.329583 0.160814 -0.294869
v -0.371317 0.120538 -0.180649
v -0.075152 1.308063 -0.229741
v -0.136965 1.268423 -0.376650
v -0.075717 1.322147 -0.418551
v -0.304968 1.286878 -0.407762
v -0.304968 1.286878 -0.407762
v -0.304968 1.286878 -0.407762
v -0.306445 1.382505 -0.284197
v -0.217026 1.762495 -0.146677
v -0.288403 1.489099 -0.250618
v -0.217887 1.435099 -0.173053
v -0.043863 1.733309 -0.042091
v -0.068267 1.397851 -0.156159
v -0.242412 1.799842 -0.296656
v -0.286538 1.518536 -0.399755
v -0.306445 1.382505 -0.284197
v -0.268330 1.378488 -0.172584
v -0.155198 1.349601 -0.214110
v -0.075152 1.308063 -0.229741
v -0.296550 1.477931 -0.408563
v -0.304968 1.286878 -0.407762
v -0.213390 1.493623 -0.463571
v -0.304968 1.286878 -0.407762
v -0.194008 1.580767 -0.425656
v -0.055806 1.605570 -0.408414
v -0.042047 1.797104 -0.364479
v -0.069787 1.410780 -0.451463
v -0.105880 1.368866 -0.468554
v -0.232434 1.399087 -0.477434
v -0.136965 1.268423 -0.376650
v -0.304968 1.286878 -0.407762
v -0.075717 1.322147 -0.418551
v -0.075717 1.322147 -0.418551
v -0.251248 1.970608 -0.218838
v -0.042529 2.023217 -0.276836
v -0.298117 2.190793 -0.076904
v -0.035160 2.285375 -0.142904
v -0.197163 2.393859 0.038254
v -0.308780 2.336659 -0.002637
v -0.319177 2.313375 0.058405
v -0.206126 2.334300 0.087125
v -0.099833 2.359837 0.154900
v -0.021681 2.404140 0.080905
v -0.219828 1.861990 -0.097401
v -0.282834 2.102812 0.037605
v -0.123309 1.817571 -0.034326
v -0.166701 2.033485 0.115310
v -0.015825 2.042801 0.153924
v -0.199328 2.275510 0.150211
v -0.015024 2.292240 0.181437
v -0.099833 2.359837 0.154900
v -0.206126 2.334300 0.087125
v -0.321980 2.256328 0.106934
v -0.319177 2.313375 0.058405
v -0.316054 2.160415 0.092804
v -0.025560 1.798171 -0.017036
v -0.583173 1.420530 0.032442
v -0.551310 1.401200 -0.018634
v -0.523669 1.432516 -0.045703
v -0.549742 1.389813 0.022882
v -0.560579 1.347342 0.029144
v -0.565961 1.350637 -0.012331
v -0.583473 1.328295 0.020526
v -0.606572 1.346025 0.012969
v -0.586203 1.309997 -0.061737
v -0.531112 1.327092 -0.094022
v -0.613009 1.303806 -0.032975
v -0.633822 1.299085 -0.009939
v -0.561433 1.299668 0.030420
v -0.584888 1.297484 0.024907
v -0.562648 1.274845 0.023509
v -0.581991 1.274393 0.020926
v -0.563581 1.255422 0.035242
v -0.583279 1.254961 0.032612
v -0.568552 1.278931 -0.053799
v -0.590439 1.265902 -0.027209
v -0.543128 1.265005 -0.033629
v -0.563927 1.257876 -0.008890
v -0.532302 1.239179 -0.032791
v -0.508515 1.259412 -0.063151
v -0.513600 1.278841 -0.066192
v -0.551185 1.232690 -0.009564
v -0.530471 1.297572 -0.097712
v -0.540598 1.280444 -0.108934
v -0.508515 1.259412 -0.063151
v -0.576684 1.245226 -0.065019
v -0.532302 1.239179 -0.032791
v -0.598305 1.241983 -0.036043
v -0.615708 1.305892 -0.079823
v -0.636596 1.301730 -0.050431
v -0.551185 1.232690 -0.009564
v -0.618152 1.438431 -0.052845
v -0.567348 1.440707 -0.077709
v -0.555563 1.325324 -0.116281
v -0.530471 1.297572 -0.097712
v -0.531112 1.327092 -0.094022
v -0.563927 1.257876 -0.008890
v -0.590439 1.265902 -0.027209
v -0.636596 1.301730 -0.050431
v -0.613009 1.303806 -0.032975
v -0.585665 1.472304 -0.068975
v -0.583021 1.487028 -0.028464
v -0.625061 1.428385 0.001749
v -0.636596 1.301730 -0.050431
v -0.653473 1.298368 -0.026682
v -0.633822 1.299085 -0.009939
v -0.606572 1.346025 0.012969
v -0.583173 1.420530 0.032442
v -0.590608 1.343899 0.047565
v -0.564074 1.348039 0.051572
v -0.563245 1.395145 0.045290
v -0.549742 1.389813 0.022882
v -0.560579 1.347342 0.029144
v -0.583473 1.328295 0.020526
v -0.590498 1.296165 0.048206
v -0.563275 1.299775 0.052337
v -0.583279 1.254961 0.032612
v -0.563581 1.255422 0.035242
v -0.561433 1.299668 0.030420
v -0.562648 1.274845 0.023509
v -0.581991 1.274393 0.020926
v -0.584888 1.297484 0.024907
v -0.547711 1.472236 0.002288
v -0.613605 1.235682 -0.049382
v -0.587548 1.207876 -0.000431
v -0.630859 1.232936 -0.025822
v -0.573280 1.209954 -0.018878
v -0.592390 1.233362 0.002962
v -0.618982 1.251442 -0.012272
v -0.576598 1.238982 -0.019272
v -0.599414 1.257714 -0.036015
v -0.636596 1.301730 -0.050431
v -0.613009 1.303806 -0.032975
v -0.530471 1.297572 -0.097712
v -0.513600 1.278841 -0.066192
v -0.530471 1.297572 -0.097712
v -0.592390 1.233362 0.002962
v -0.573280 1.209954 -0.018878
v -0.576598 1.238982 -0.019272
v -0.587548 1.207876 -0.000431
v -0.618982 1.251442 -0.012272
v -0.599414 1.257714 -0.036015
v -0.531112 1.327092 -0.094022
v -0.554611 1.440898 -0.088451
v -0.523669 1.432516 -0.045703
v -0.517752 1.423593 -0.060968
v -0.547711 1.472236 0.002288
v -0.400061 0.141928 -0.239618
v -0.329583 0.160814 -0.294869
v -0.448370 0.546702 -0.099939
v -0.329583 0.160814 -0.294869
v -0.344696 0.115118 -0.320391
v -0.396656 0.070860 -0.259416
v -0.400061 0.141928 -0.239618
v -0.353919 0.044753 -0.197883
v -0.371317 0.120538 -0.180649
v -0.381490 0.004278 -0.374444
v -0.328283 0.025262 -0.393887
v -0.432664 -0.187245 -0.065168
v -0.386961 -0.115278 -0.062760
v -0.323626 -0.157423 -0.020401
v -0.316651 -0.195664 -0.003566
v -0.302451 0.078621 -0.247866
v -0.371317 0.120538 -0.180649
v -0.312710 0.130888 -0.211594
v -0.344696 0.115118 -0.320391
v -0.329583 0.160814 -0.294869
v -0.279514 0.010830 -0.358824
v -0.293975 -0.139960 -0.032919
v -0.265940 -0.182537 -0.029520
v -0.279514 0.010830 -0.358824
v -0.328283 0.025262 -0.393887
v -0.432664 -0.187245 -0.065168
v -0.265940 -0.182537 -0.029520
v -0.316651 -0.195664 -0.003566
v -0.381490 0.004278 -0.374444
v -0.279514 0.010830 -0.358824
v -0.328283 0.025262 -0.393887
v -0.013190 2.358369 0.216006
v -0.037836 2.300835 0.277303
v -0.065889 2.375031 0.316807
v -0.031011 2.332692 0.323893
v -0.027403 2.344652 0.329036
v -0.015024 2.292240 0.181437
v -0.099833 2.359837 0.154900
v -0.099833 2.359837 0.154900
v -0.021681 2.404140 0.080905
v -0.021681 2.404140 0.080905
v -0.371317 0.120538 -0.180649
v -0.400061 0.141928 -0.239618
v 0.026100 2.479261 0.219066
v 0.000948 2.417244 0.375629
v -0.105519 2.496175 0.313589
v -0.045024 2.449518 0.362981
v -0.027403 2.344652 0.329036
v -0.024834 2.339107 0.276578
v -0.065889 2.375031 0.316807
v -0.105519 2.496175 0.313589
v 0.026100 2.479261 0.219066
v -0.396602 2.242006 -0.064919
v -0.319177 2.313375 0.058405
vn -0.6241 0.3724 0.6869
vn -0.8894 -0.4493 -0.0843
vn -0.6444 -0.7070 -0.2913
vn -0.3025 -0.2827 0.9103
vn -0.7445 -0.5595 -0.3642
vn -0.3851 -0.0769 0.9196
vn -0.2413 -0.0265 -0.9701
vn 0.0566 -0.0966 -0.9937
vn 0.1422 0.1026 -0.9845
vn 0.7019 0.6210 -0.3488
vn 0.7479 0.5817 -0.3199
vn -0.5955 0.6284 0.5005
vn 0.5494 0.6319 0.5468
vn 0.4636 0.4496 0.7635
vn 0.7019 0.6210 -0.3489
vn 0.7477 0.5798 -0.3237
vn -0.0581 0.9526 0.2986
vn 0.3597 -0.8800 -0.3102
vn 0.1565 -0.8215 0.5482
vn 0.9760 -0.2112 0.0529
vn 0.9532 0.1224 0.2765
vn 0.6277 0.5301 -0.5701
vn 0.6362 0.5327 -0.5581
vn 0.6799 0.4950 -0.5410
vn -0.9951 -0.0214 -0.0965
vn -0.6825 0.3208 0.6568
vn 0.5725 -0.3994 0.7160
vn 0.7488 -0.0160 0.6626
vn -0.0408 0.8439 -0.5350
vn -0.3438 0.6569 -0.6710
vn 0.6799 0.4951 -0.5410
vn 0.6491 0.5331 -0.5427
vn -0.5684 0.4572 -0.6840
vn 0.7556 0.5243 -0.3925
vn 0.8073 0.3072 0.5039
vn 0.6721 -0.5069 0.5397
vn 0.5489 0.8328 0.0725
vn 0.7680 0.6175 -0.1699
vn 0.8240 0.4193 0.3810
vn -0.4437 0.1957 -0.8745
vn -0.2509 0.1618 -0.9544
vn -0.7824 0.3246 -0.5314
vn 0.3373 0.1388 -0.9311
vn 0.4374 0.0805 -0.8956
vn -0.7678 0.3042 -0.5639
vn 0.3625 -0.1768 -0.9151
vn -0.8540 0.0539 -0.5175
vn 0.9782 -0.1769 0.1091
vn 0.9760 -0.1376 0.1690
vn 0.9655 -0.2424 0.0954
vn -0.7523 0.0013 0.6588
vn -0.8057 -0.0095 0.5923
vn 0.2130 -0.3320 0.9189
vn 0.2534 -0.1780 0.9508
vn 0.9667 -0.2399 0.0890
vn 0.9811 -0.1786 0.0747
vn 0.2734 0.0118 0.9618
vn 0.9756 -0.1387 0.1704
vn -0.7511 0.1051 0.6518
vn 0.3440 0.0610 0.9370
vn -0.5223 -0.3652 0.7706
vn 0.9866 -0.0907 0.1355
vn -0.5971 -0.6275 -0.4996
vn -0.0732 -0.7398 0.6688
vn -0.2641 -0.9193 -0.2917
vn 0.9636 -0.2647 0.0372
vn 0.1654 -0.2925 0.9419
vn -0.8116 0.0032 0.5841
vn 0.1912 -0.2449 0.9505
vn -0.9335 0.0996 0.3444
vn 0.1913 -0.2449 0.9505
vn 0.6169 -0.3276 -0.7156
vn 0.5227 -0.2936 -0.8003
vn 0.5227 -0.2936 -0.8004
vn 0.9866 -0.0907 0.1354
vn 0.9758 -0.1415 0.1667
vn 0.8398 -0.1938 0.5071
vn 0.4497 -0.2797 0.8482
vn 0.9349 -0.0930 0.3424
vn 0.0070 -0.3196 0.9475
vn -0.0273 -0.4930 0.8696
vn 0.8620 0.1679 -0.4784
vn 0.8684 0.1902 -0.4579
vn 0.9719 -0.1182 0.2037
vn -0.0725 -0.8376 0.5414
vn -0.3723 -0.8561 0.3584
vn 0.4369 -0.0766 0.8962
vn 0.2682 0.3560 -0.8952
vn 0.2537 0.2357 -0.9381
vn 0.0093 0.2462 -0.9692
vn -0.0288 0.3410 -0.9396
vn -0.0007 0.1079 -0.9942
vn -0.3315 -0.2126 -0.9192
vn 0.4618 -0.0348 -0.8863
vn -0.4799 -0.3153 -0.8187
vn 0.7983 -0.2317 -0.5560
vn -0.0657 -0.8855 -0.4600
vn -0.2155 -0.9496 -0.2276
vn 0.8888 0.0260 -0.4575
vn 0.5414 -0.2803 -0.7927
vn 0.6176 -0.3612 -0.6986
vn -0.0908 0.4072 -0.9088
vn 0.7526 0.1272 -0.6461
vn 0.5351 0.1404 -0.8330
vn -0.0682 0.6469 -0.7595
vn 0.2793 0.9579 -0.0667
vn 0.1433 0.9553 -0.2587
vn 0.2551 0.6485 0.7172
vn 0.4058 0.5269 0.7468
vn 0.7068 0.4447 0.5501
vn 0.0049 0.9486 -0.3166
vn 0.9078 -0.3372 0.2495
vn 0.7937 -0.5398 0.2807
vn 0.5180 -0.5021 0.6925
vn 0.5393 -0.4218 0.7289
vn 0.1143 -0.3736 0.9205
vn 0.3849 0.1185 0.9153
vn 0.1168 -0.2264 0.9670
vn 0.7069 0.4261 0.5646
vn 0.4109 0.6846 0.6021
vn 0.2711 0.0803 0.9592
vn 0.2138 0.6829 0.6985
vn 0.3111 -0.9418 0.1273
vn 0.0685 -0.4717 0.8791
vn -0.0663 0.4423 0.8944
vn -0.9907 0.0617 -0.1210
vn -0.9147 -0.1389 0.3794
vn -0.9717 0.2132 0.1018
vn -0.9340 -0.3440 -0.0963
vn -0.8018 -0.5963 0.0387
vn 0.3978 -0.7311 -0.5542
vn 0.5600 -0.3428 0.7543
vn -0.7429 0.0147 0.6693
vn -0.9923 -0.0865 -0.0881
vn -0.6958 -0.1091 0.7099
vn 0.0842 -0.0235 0.9962
vn -0.8303 -0.1086 -0.5467
vn 0.6036 -0.1136 -0.7892
vn -0.6698 -0.2897 -0.6837
vn 0.4989 -0.3066 -0.8106
vn -0.5201 -0.8047 0.2864
vn 0.5294 -0.8294 0.1785
vn -0.3933 0.7997 0.4536
vn 0.1937 0.4759 0.8579
vn -0.4623 0.7486 0.4752
vn -0.0270 0.5803 0.8139
vn -0.6980 -0.5972 0.3951
vn -0.9140 -0.4046 0.0303
vn -0.8031 0.5951 0.0287
vn -0.2917 -0.5266 0.7985
vn -0.9509 0.1798 -0.2518
vn -0.2063 -0.5773 -0.7900
vn -0.9139 -0.4047 0.0303
vn -0.8032 0.5950 0.0285
vn 0.2856 -0.8937 -0.3459
vn -0.6980 -0.5973 0.3950
vn 0.6592 -0.6595 0.3613
vn 0.6892 -0.2962 -0.6613
vn 0.8171 -0.1855 -0.5459
vn -0.2916 -0.5268 0.7984
vn 0.7745 0.3681 -0.5144
vn 0.0487 0.1480 -0.9878
vn -0.0099 -0.0907 -0.9958
vn -0.9510 0.1798 -0.2517
vn -0.9924 -0.0865 -0.0881
vn -0.0270 0.5803 0.8140
vn 0.1937 0.4758 0.8580
vn 0.8171 -0.1854 -0.5459
vn -0.9907 0.0616 -0.1209
vn 0.7390 0.5912 -0.3231
vn 0.5553 0.6755 0.4852
vn 0.8222 0.4436 0.3567
vn 0.8172 -0.1854 -0.5458
vn 0.9931 -0.0252 0.1145
vn 0.5600 -0.3427 0.7543
vn -0.2320 0.4057 0.8841
vn 0.6587 0.1433 0.7386
vn -0.5688 0.1792 0.8027
vn -0.4024 0.5264 0.7490
vn -0.9717 0.2132 0.1017
vn -0.9340 -0.3440 -0.0962
vn 0.3979 -0.7311 -0.5542
vn 0.7769 -0.0294 0.6289
vn -0.6106 0.0027 0.7919
vn 0.5295 -0.8293 0.1787
vn -0.5201 -0.8046 0.2865
vn -0.8302 -0.1086 -0.5468
vn -0.6697 -0.2896 -0.6838
vn 0.4988 -0.3067 -0.8107
vn 0.6034 -0.1135 -0.7893
vn -0.3397 -0.0780 0.9373
vn 0.1142 -0.5799 -0.8066
vn 0.8175 -0.5323 0.2200
vn -0.1108 -0.6359 0.7638
vn -0.7134 -0.6958 -0.0827
vn -0.1716 0.4493 0.8767
vn 0.0999 0.3411 0.9347
vn -0.8879 0.4333 -0.1544
vn -0.8425 0.3425 -0.4159
vn -0.6958 -0.1090 0.7099
vn -0.9509 0.1801 -0.2517
vn -0.2065 -0.5771 -0.7901
vn -0.8031 0.5952 0.0288
vn -0.9510 0.1797 -0.2516
vn -0.9509 0.1798 -0.2517
vn -0.8879 0.4333 -0.1545
vn -0.7134 -0.6959 -0.0827
vn -0.1109 -0.6359 0.7638
vn 0.0999 0.3410 0.9347
vn -0.8425 0.3423 -0.4159
vn -0.9924 -0.0863 -0.0882
vn 0.1503 -0.0595 -0.9869
vn 0.1618 -0.9690 0.1867
vn 0.6909 -0.7217 0.0418
vn -0.2559 -0.2732 0.9273
vn -0.4141 -0.0822 0.9065
vn 0.9626 -0.2091 -0.1723
vn 0.9636 -0.2648 0.0373
vn -0.1936 0.0630 -0.9791
vn 0.9632 -0.1657 -0.2114
vn 0.9493 0.2191 -0.2252
vn -0.1803 0.3079 -0.9342
vn 0.0252 0.8269 0.5618
vn 0.1958 -0.1069 0.9748
vn 0.6363 -0.5321 -0.5586
vn -0.1408 -0.5289 -0.8369
vn 0.8444 -0.2893 0.4509
vn 0.3507 0.8710 0.3441
vn 0.0157 0.8363 0.5481
vn 0.0429 -0.1268 0.9910
vn -0.9593 0.2762 0.0592
vn 0.1077 -0.1292 0.9858
vn -0.9614 0.0199 0.2744
vn -0.1449 0.3301 -0.9328
vn -0.2431 0.0435 -0.9690
vn -0.7532 -0.5701 -0.3281
vn -0.4217 0.8063 0.4147
vn -0.6951 -0.3730 0.6146
vn -0.1593 0.2419 -0.9571
vn -0.1407 -0.5290 -0.8369
vn 0.8444 -0.2894 0.4508
vn -0.6950 -0.3731 0.6146
vn 0.6363 -0.5320 -0.5586
vn -0.7533 -0.5700 -0.3281
vn 0.2717 -0.6575 0.7028
vn -0.0366 -0.9973 -0.0630
vn 0.6858 -0.7182 0.1182
vn 0.2722 -0.6223 0.7339
vn -0.2775 -0.7770 0.5651
vn -0.3188 -0.9192 -0.2311
vn -0.2365 -0.6549 0.7178
vn -0.2709 -0.7571 0.5945
vn 0.5320 -0.6008 0.5967
vn 0.8271 -0.4378 0.3524
vn 0.1998 -0.5237 0.8281
vn -0.0785 -0.1947 0.9777
vn -0.2007 -0.5500 0.8107
vn 0.1359 -0.6899 0.7111
vn 0.2310 -0.6140 0.7548
vn -0.1975 -0.5402 0.8180
vn -0.0989 -0.2538 0.9622
vn 0.2763 -0.3765 0.8843
vn 0.0923 0.2929 0.9517
vn 0.6990 -0.1094 0.7067
vn 0.9505 0.2993 0.0835
vn 0.9676 -0.2417 -0.0726
vn 0.8358 -0.4999 -0.2269
vn 0.4010 -0.8945 -0.1975
vn 0.7550 -0.5451 -0.3645
vn -0.0641 -0.9104 -0.4088
vn 0.8477 0.0668 -0.5263
vn 0.2608 0.7268 -0.6354
vn 0.0549 0.1268 -0.9904
vn 0.7538 -0.3199 -0.5740
vn 0.0494 0.1112 -0.9926
vn 0.0061 0.1406 -0.9901
vn 0.3549 0.7925 -0.4960
vn 0.0193 0.0987 0.9949
vn -0.3193 -0.9476 -0.0130
vn -0.2984 -0.9330 -0.2010
vn -0.1603 -0.9862 0.0402
vn -0.1180 -0.0890 0.9890
vn 0.8441 -0.2749 -0.4604
vn 0.7847 0.3248 0.5280
vn -0.2720 -0.6199 0.7361
vn 0.0637 0.4157 0.9072
vn 0.7673 0.3134 0.5595
vn 0.0484 0.9557 -0.2903
vn 0.7757 -0.3166 -0.5459
vn -0.9171 0.0742 -0.3916
vn -0.7736 0.2182 -0.5949
vn -0.0061 0.1123 -0.9937
vn -0.9511 0.1293 -0.2806
vn -0.8257 -0.4711 -0.3102
vn -0.4502 -0.7494 -0.4855
vn -0.9912 -0.1250 0.0439
vn -0.9031 0.4201 -0.0892
vn -0.9245 0.1760 0.3381
vn -0.8081 -0.1372 0.5729
vn -0.6438 -0.3398 0.6856
vn -0.5762 -0.8142 -0.0713
vn -0.6144 -0.3125 0.7245
vn -0.2776 -0.7770 0.5651
vn -0.4981 -0.2799 0.8207
vn -0.0784 -0.1947 0.9777
vn -0.2009 -0.5500 0.8107
vn -0.5494 -0.4504 0.7038
vn -0.5773 -0.3315 0.7462
vn -0.0989 -0.2537 0.9622
vn -0.4673 -0.1166 0.8764
vn -0.6283 0.3544 0.6926
vn -0.5587 0.8266 0.0674
vn -0.6093 0.5783 -0.5426
vn 0.2607 0.7268 -0.6354
vn 0.0548 0.1268 -0.9904
vn 0.0494 0.1111 -0.9926
vn -0.1745 0.3695 0.9127
vn -0.1948 0.8676 0.4576
vn -0.5586 0.8267 0.0675
vn 0.3296 0.9406 -0.0811
vn 0.0922 0.2929 0.9517
vn 0.2473 0.7273 0.6402
vn 0.3296 0.9406 -0.0812
vn 0.9505 0.2994 0.0836
vn 0.6839 0.5606 0.4669
vn 0.3493 0.1864 0.9183
vn 0.2474 0.7273 0.6402
vn -0.2708 -0.7570 0.5947
vn -0.1018 -0.2619 0.9597
vn -0.6144 -0.3126 0.7244
vn 0.9626 -0.2092 -0.1723
vn -0.1704 -0.4054 0.8981
vn 0.5709 -0.7839 0.2442
vn -0.4245 -0.9054 0.0113
vn 0.1952 -0.7601 0.6198
vn 0.0638 0.4156 0.9073
vn 0.0287 0.0116 0.9995
vn 0.1699 0.8115 0.5591
vn 0.7462 -0.6656 -0.0108
vn -0.2846 -0.7037 0.6510
vn 0.6519 0.7389 -0.1706
vn 0.6734 0.6547 0.3435
vn 0.3981 0.6184 0.6775
vn 0.2899 0.1067 0.9511
vn 0.7495 -0.6617 -0.0179
vn 0.9402 -0.3246 0.1029
vn 0.8322 -0.5368 -0.1390
vn 0.3430 0.3122 0.8860
vn 0.3044 -0.3385 -0.8903
vn 0.0092 -0.4488 -0.8936
vn -0.1028 -0.2758 -0.9557
vn -0.7609 0.3465 -0.5486
vn -0.8018 0.3138 -0.5085
vn 0.1024 -0.8531 0.5116
vn -0.6587 0.6970 0.2834
vn -0.5603 0.6183 0.5511
vn -0.7609 0.3466 -0.5486
vn -0.8019 0.3108 -0.5103
vn -0.0805 0.9801 -0.1817
vn -0.2783 -0.9602 0.0226
vn -0.0889 -0.5497 0.8306
vn -0.9472 -0.2918 0.1330
vn -0.9678 0.1372 0.2111
vn -0.6656 0.1784 -0.7247
vn -0.6647 0.1851 -0.7238
vn -0.7045 0.1524 -0.6932
vn 0.9946 0.0657 -0.0800
vn 0.6743 0.6185 0.4035
vn -0.5164 -0.0196 0.8561
vn -0.7449 0.1006 0.6595
vn -0.0365 0.6151 -0.7876
vn 0.2966 0.3783 -0.8769
vn -0.7044 0.1524 -0.6933
vn -0.6799 0.1910 -0.7080
vn 0.5398 0.2313 -0.8094
vn -0.7943 0.2257 -0.5641
vn -0.7848 0.3956 0.4772
vn -0.6247 -0.3098 0.7168
vn -0.6682 0.7386 -0.0896
vn -0.8272 0.4343 -0.3565
vn -0.8759 0.3904 0.2836
vn 0.4586 -0.0896 -0.8841
vn 0.3423 0.2131 -0.9151
vn -0.2371 0.3198 -0.9173
vn 0.8675 0.2016 -0.4548
vn -0.4546 0.1102 -0.8838
vn 0.8580 0.1504 -0.4910
vn -0.4252 -0.3754 -0.8236
vn 0.9029 -0.3021 -0.3058
vn -0.9887 0.1442 0.0415
vn -0.9672 0.2423 0.0762
vn -0.9996 -0.0000 0.0278
vn 0.6533 -0.0741 0.7535
vn 0.7292 -0.2411 0.6405
vn -0.3356 -0.2882 0.8968
vn -0.3221 0.1072 0.9406
vn -0.9995 0.0131 0.0295
vn -0.9928 0.1198 -0.0011
vn -0.2497 0.4976 0.8307
vn -0.9644 0.2586 0.0563
vn 0.7136 0.1325 0.6879
vn -0.2858 0.6129 0.7367
vn 0.3297 -0.3091 0.8921
vn -0.9515 0.3076 0.0070
vn 0.2528 -0.9422 -0.2200
vn -0.9984 -0.0448 -0.0341
vn -0.2866 -0.3572 0.8890
vn 0.7527 -0.2476 0.6100
vn -0.3020 -0.3065 0.9027
vn 0.9081 -0.1534 0.3896
vn 0.1328 -0.6148 0.7774
vn 0.2357 -0.9538 0.1865
vn 0.0534 -0.5478 -0.8349
vn 0.1663 -0.9775 -0.1300
vn -0.7565 -0.3836 -0.5297
vn -0.6586 -0.4399 -0.6106
vn -0.7142 -0.3037 -0.6306
vn -0.9299 0.3350 0.1521
vn -0.9312 0.3453 0.1170
vn -0.8464 -0.1206 0.5187
vn -0.9275 0.0502 0.3705
vn -0.4243 -0.1404 0.8946
vn 0.0320 -0.3814 0.9238
vn -0.0274 -0.4930 0.8696
vn -0.8160 0.2967 -0.4961
vn -0.8377 0.3186 -0.4436
vn -0.9730 0.1438 0.1808
vn -0.5604 0.4508 0.6948
vn 0.0939 -0.9302 0.3548
vn -0.0536 -0.8198 0.5701
vn -0.8693 0.1691 -0.4644
vn -0.7166 -0.2059 -0.6664
vn -0.2394 0.2657 -0.9339
vn -0.8636 -0.0601 -0.5006
vn -0.2306 0.3909 -0.8911
vn 0.0093 0.2461 -0.9692
vn 0.0277 0.3701 -0.9286
vn -0.0006 0.1078 -0.9942
vn 0.2577 -0.3041 -0.9171
vn -0.4039 -0.0736 -0.9118
vn 0.2468 -0.4866 -0.8380
vn -0.7374 -0.2291 -0.6354
vn -0.0657 -0.8856 -0.4599
vn 0.0610 -0.9938 -0.0926
vn -0.8307 0.1553 -0.5346
vn -0.0271 0.4108 -0.9113
vn -0.6415 0.1089 -0.7593
vn -0.0336 0.6395 -0.7681
vn -0.3350 0.9399 -0.0660
vn -0.0579 0.8769 -0.4771
vn -0.3289 0.7012 0.6325
vn -0.4393 0.4889 0.7537
vn -0.7238 0.4744 0.5010
vn -0.0692 0.9517 -0.2991
vn -0.8520 -0.3277 0.4082
vn -0.7993 -0.4883 0.3504
vn -0.4517 -0.5011 0.7381
vn -0.4381 -0.4058 0.8021
vn 0.0303 -0.3594 0.9327
vn -0.3705 0.2048 0.9060
vn -0.0411 -0.2442 0.9689
vn -0.6776 0.4528 0.5795
vn -0.4101 0.7687 0.4908
vn -0.3438 0.3246 0.8811
vn -0.2366 0.7735 0.5879
vn -0.4426 -0.8575 0.2623
vn 0.0386 -0.4803 0.8763
vn 0.0244 0.2647 0.9640
vn 0.9072 -0.1834 0.3786
vn 0.9912 0.1112 -0.0715
vn 0.9604 0.2168 0.1751
vn 0.9477 -0.2931 -0.1264
vn 0.8203 -0.5701 -0.0467
vn -0.3559 -0.6225 -0.6971
vn -0.5702 -0.4963 0.6546
vn 0.7216 -0.0929 0.6860
vn 0.9969 -0.0402 -0.0673
vn 0.6776 -0.2235 0.7006
vn -0.1131 -0.2160 0.9698
vn 0.8495 0.0212 -0.5272
vn -0.5754 0.0228 -0.8175
vn 0.6995 -0.1345 -0.7018
vn -0.4637 -0.1597 -0.8715
vn 0.5386 -0.8297 0.1467
vn -0.5059 -0.8626 -0.0013
vn 0.3520 0.7088 0.6114
vn -0.2355 0.2973 0.9253
vn 0.4220 0.6565 0.6253
vn -0.0171 0.4143 0.9100
vn 0.7060 -0.6420 0.2989
vn 0.9260 -0.3773 -0.0144
vn 0.7812 0.6007 0.1703
vn 0.2856 -0.6614 0.6935
vn 0.9513 0.2511 -0.1786
vn 0.2496 -0.4094 -0.8776
vn 0.7812 0.6006 0.1702
vn 0.9260 -0.3773 -0.0145
vn -0.2444 -0.8187 -0.5197
vn 0.7060 -0.6421 0.2989
vn -0.6468 -0.7345 0.2054
vn -0.6586 -0.1833 -0.7298
vn -0.7936 -0.1003 -0.6001
vn 0.2855 -0.6615 0.6935
vn -0.8210 0.3356 -0.4619
vn -0.3227 -0.1618 -0.9326
vn 0.0427 0.1019 -0.9939
vn 0.9969 -0.0401 -0.0673
vn -0.2354 0.2974 0.9253
vn -0.7937 -0.1002 -0.6000
vn 0.6776 -0.2234 0.7006
vn 0.9717 0.1344 -0.1945
vn -0.7457 0.2943 -0.5977
vn -0.6733 0.6443 0.3627
vn -0.8263 0.3464 0.4440
vn -0.7936 -0.1002 -0.6001
vn -0.9946 -0.0743 0.0719
vn -0.1130 -0.2160 0.9698
vn -0.5702 -0.4962 0.6547
vn 0.1720 0.4258 0.8883
vn -0.6850 -0.0191 0.7283
vn 0.5381 0.0380 0.8421
vn 0.3616 0.3844 0.8494
vn 0.9604 0.2168 0.1753
vn 0.9477 -0.2931 -0.1261
vn -0.3558 -0.6225 -0.6971
vn -0.7939 -0.1707 0.5835
vn 0.5861 -0.1318 0.7994
vn 0.5385 -0.8298 0.1465
vn 0.8495 0.0212 -0.5271
vn 0.6992 -0.1347 -0.7021
vn -0.4636 -0.1596 -0.8715
vn -0.5754 0.0228 -0.8176
vn 0.2635 0.2273 0.9375
vn -0.0701 -0.4178 -0.9058
vn 0.1097 -0.7669 0.6323
vn -0.8050 -0.5872 0.0852
vn 0.7389 -0.6470 -0.1880
vn 0.1299 0.2779 0.9518
vn -0.1394 0.1530 0.9783
vn 0.8767 0.4796 -0.0373
vn 0.8423 0.4390 -0.3127
vn 0.9513 0.2512 -0.1785
vn 0.7811 0.6008 0.1703
vn 0.2497 -0.4093 -0.8776
vn 0.9513 0.2512 -0.1786
vn 0.8767 0.4795 -0.0374
vn 0.1097 -0.7670 0.6323
vn -0.1394 0.1531 0.9783
vn 0.9969 -0.0402 -0.0674
vn -0.2109 -0.9421 -0.2607
vn 0.9672 -0.1223 0.2226
vn -0.9091 -0.4099 0.0746
vn -0.6075 -0.7349 0.3016
vn 0.2685 0.2424 0.9323
vn 0.2535 0.3991 0.8812
vn -0.9716 0.0336 -0.2344
vn -0.9984 -0.0448 -0.0340
vn 0.0771 0.2960 -0.9521
vn 0.1240 0.6760 -0.7264
vn -0.9769 0.2134 -0.0095
vn -0.9623 -0.1252 -0.2414
vn -0.1322 0.4843 0.8648
vn -0.2813 -0.4703 0.8364
vn -0.5946 -0.2920 -0.7491
vn 0.1454 -0.0169 -0.9892
vn -0.7480 -0.6159 0.2474
vn -0.4473 0.5137 0.7322
vn -0.0944 0.4427 0.8917
vn 0.0637 -0.6014 0.7964
vn 0.9204 0.3358 0.2001
vn -0.1282 -0.4435 0.8870
vn 0.8819 -0.2522 0.3984
vn 0.2405 0.7068 -0.6653
vn 0.3315 0.2157 -0.9185
vn 0.7993 -0.1941 -0.5686
vn 0.3291 0.5592 0.7609
vn 0.7947 -0.4980 0.3471
vn 0.0364 0.7035 -0.7097
vn 0.7994 -0.1942 -0.5685
vn 0.1456 -0.0169 -0.9892
vn -0.7480 -0.6159 0.2473
vn 0.7947 -0.4981 0.3470
vn 0.0637 -0.6015 0.7963
vn -0.5947 -0.2920 -0.7491
vn 0.7994 -0.1941 -0.5686
vn 0.1456 -0.0170 -0.9892
vn -0.2985 -0.9330 -0.2011
vn -0.0910 0.1142 0.9893
vn -0.2719 -0.6199 0.7361
vn 0.0638 0.4157 0.9073
vn -0.1389 -0.9899 0.0271
vn -0.9960 -0.0721 -0.0525
vn 0.0588 0.0695 0.9958
vn -0.3234 0.7335 0.5979
vn -0.3755 0.7321 0.5683
vn -0.9861 -0.1546 -0.0611
vn -0.0068 0.8725 -0.4886
vn 0.3420 0.8078 -0.4801
vn -0.3019 -0.3065 0.9027
vn -0.1534 -0.4111 0.8986
vn -0.2091 -0.9769 0.0436
vn -0.9491 -0.2494 0.1923
vn -0.6255 -0.3748 0.6843
vn 0.2967 0.7629 0.5744
vn -0.1694 0.0241 0.9852
vn -0.9893 -0.0632 -0.1313
vn -0.2634 -0.7110 0.6520
vn -0.7063 0.5691 -0.4210
vn -0.7133 0.6756 0.1863
vt 0.730382 0.103619
vt 0.705649 0.144477
vt 0.906050 0.162418
vt 0.907543 0.101904
vt 0.999984 0.166941
vt 1.001061 0.095946
vt 0.733494 0.205318
vt 0.838940 0.209383
vt 0.991053 0.210366
vt 0.981648 0.252295
vt 0.840260 0.252371
vt 0.689743 0.104698
vt 0.991405 0.052870
vt 0.810174 0.064464
vt 0.981657 0.011468
vt 0.840250 0.011429
vt 0.734207 0.056759
vt 0.693123 0.056174
vt 0.518060 0.096757
vt 0.575201 0.047645
vt 0.473165 0.043970
vt 0.716055 0.011396
vt 0.597290 0.011359
vt 0.510869 0.011322
vt 0.522475 0.164896
vt 0.485011 0.157654
vt 0.479927 0.107408
vt 0.445175 0.049232
vt 0.473366 0.225391
vt 0.579352 0.211659
vt 0.510849 0.252622
vt 0.597275 0.252464
vt 0.688056 0.203710
vt 0.716059 0.252303
vt 0.459430 0.138427
vt 0.448360 0.105872
vt 0.445220 0.217118
vt 0.468555 0.252667
vt 0.435264 0.252667
vt 0.710772 0.204691
vt 0.809314 0.993189
vt 0.844593 0.748486
vt 0.799681 0.766537
vt 0.795370 0.616810
vt 0.844460 0.624653
vt 0.796731 0.566457
vt 0.846052 0.573862
vt 0.737687 0.589384
vt 0.737679 0.566887
vt 0.737691 0.611583
vt 0.903594 0.595045
vt 0.902086 0.622902
vt 0.947494 0.615460
vt 0.947980 0.591500
vt 0.993009 0.611673
vt 0.993010 0.589483
vt 0.948583 0.568105
vt 0.993012 0.566905
vt 0.904969 0.574145
vt 0.939443 0.344499
vt 0.898532 0.361084
vt 0.993076 0.320695
vt 0.854260 0.365264
vt 0.915162 0.347050
vt 0.854851 0.350073
vt 0.993004 0.780156
vt 0.944441 0.769131
vt 0.900724 0.759988
vt 0.936461 0.995025
vt 0.880074 0.997653
vt 0.789589 0.353336
vt 0.737576 0.320774
vt 0.459999 0.699940
vt 0.421847 0.911548
vt 0.493482 0.874305
vt 0.334346 0.703269
vt 0.334346 0.906337
vt 0.574509 0.696105
vt 0.570429 0.874521
vt 0.490508 0.948126
vt 0.334346 0.965522
vt 0.365140 0.975937
vt 0.420117 0.965795
vt 0.650541 0.838561
vt 0.643075 0.892767
vt 0.726515 0.817051
vt 0.726515 0.703484
vt 0.726515 0.932364
vt 0.709975 0.959389
vt 0.635989 0.948441
vt 0.695226 0.983366
vt 0.579503 0.979625
vt 0.726515 0.978941
vt 0.572418 0.925007
vt 0.726515 0.610225
vt 0.575486 0.609180
vt 0.574131 0.447552
vt 0.726515 0.445670
vt 0.628909 0.318546
vt 0.561909 0.331279
vt 0.561667 0.289065
vt 0.629838 0.284131
vt 0.681244 0.268659
vt 0.726515 0.308737
vt 0.465542 0.609718
vt 0.497836 0.448231
vt 0.389955 0.608312
vt 0.424485 0.456931
vt 0.334346 0.436815
vt 0.434410 0.332167
vt 0.334346 0.318454
vt 0.382074 0.269755
vt 0.433481 0.285227
vt 0.501409 0.332846
vt 0.501652 0.290161
vt 0.532354 0.423067
vt 0.334346 0.607952
vt 0.079805 0.232283
vt 0.164710 0.210607
vt 0.122523 0.194649
vt 0.082536 0.195321
vt 0.065738 0.163787
vt 0.098907 0.148763
vt 0.061632 0.142152
vt 0.067395 0.121429
vt 0.123677 0.114515
vt 0.175785 0.114562
vt 0.094627 0.115280
vt 0.071940 0.113520
vt 0.035702 0.148111
vt 0.041923 0.132093
vt 0.020229 0.138299
vt 0.026355 0.125859
vt 0.005702 0.131286
vt 0.011940 0.118620
vt 0.124248 0.087244
vt 0.097369 0.085301
vt 0.124231 0.055219
vt 0.098622 0.055224
vt 0.124118 0.033753
vt 0.158367 0.040381
vt 0.164154 0.054336
vt 0.099739 0.035139
vt 0.171577 0.088395
vt 0.192231 0.080816
vt 0.172887 0.036601
vt 0.229659 0.051083
vt 0.207206 0.014433
vt 0.253565 0.037615
vt 0.259273 0.099604
vt 0.295568 0.088781
vt 0.225257 0.005464
vt 0.257519 0.214069
vt 0.210893 0.208562
vt 0.203087 0.112287
vt 0.256732 0.004405
vt 0.275505 0.029551
vt 0.296663 0.056271
vt 0.254448 0.243670
vt 0.287294 0.248875
vt 0.299549 0.220380
vt 0.323300 0.104611
vt 0.343328 0.116239
vt 0.349575 0.166371
vt 0.341191 0.234380
vt 0.379236 0.180734
vt 0.393815 0.198439
vt 0.369935 0.227020
vt 0.383913 0.245331
vt 0.408148 0.211617
vt 0.372524 0.153454
vt 0.406401 0.154959
vt 0.418570 0.170953
vt 0.432503 0.130104
vt 0.445823 0.142555
vt 0.433494 0.180403
vt 0.448844 0.163198
vt 0.412154 0.127150
vt 0.395815 0.139939
vt 0.325332 0.261049
vt 0.344700 0.051550
vt 0.359289 0.070966
vt 0.389947 0.045029
vt 0.374202 0.026325
vt 0.391323 0.064504
vt 0.369359 0.086828
vt 0.352694 0.023153
vt 0.330809 0.036634
vt 0.068269 0.054545
vt 0.088448 0.054365
vt 0.085147 0.033440
vt 0.068311 0.035581
vt 0.069129 0.082960
vt 0.091835 0.081384
vt 0.214759 0.239928
vt 0.170727 0.242683
vt 0.094294 0.262400
vt 0.737783 0.987757
vt 0.737708 0.780107
vt 0.274783 0.263290
vt 0.251897 0.284556
vt 0.265085 0.304716
vt 0.290410 0.280108
vt 0.230808 0.322133
vt 0.234686 0.293532
vt 0.317161 0.315098
vt 0.326877 0.296848
vt 0.247112 0.446506
vt 0.230894 0.421947
vt 0.204488 0.436013
vt 0.200804 0.450038
vt 0.202857 0.296193
vt 0.220949 0.280878
vt 0.186739 0.265822
vt 0.206200 0.254811
vt 0.152216 0.291162
vt 0.194174 0.426648
vt 0.177297 0.438725
vt 0.148125 0.271043
vt 0.109679 0.437051
vt 0.158639 0.453515
vt 0.110675 0.292890
vt 0.130164 0.279394
vt 0.048936 0.787641
vt 0.037433 0.823986
vt 0.095670 0.805101
vt 0.018334 0.795488
vt 0.001309 0.823986
vt 0.001309 0.828672
vt 0.001309 0.805245
vt 0.001309 0.793266
vt 0.072476 0.756292
vt 0.104842 0.722758
vt 0.009703 0.762035
vt 0.001309 0.770446
vt 0.001309 0.745864
vt 0.041600 0.754625
vt 0.045013 0.731461
vt 0.001309 0.728107
vt 0.001309 0.706350
vt 0.045012 0.704329
vt 0.000634 0.640415
vt 0.080537 0.664700
vt 0.172489 0.654188
vt 0.168984 0.731210
vt 0.146949 0.810560
vt 0.044855 0.876465
vt 0.134665 0.883862
vt 0.053879 0.921862
vt 0.230813 0.753236
vt 0.327296 0.709405
vt 0.289853 0.844016
vt 0.198004 0.819694
vt 0.222406 0.906637
vt 0.208321 0.985394
vt 0.032665 0.835220
vt 0.001309 0.884699
vt 0.068912 0.997425
vt 0.136690 0.961832
vt 0.001309 0.847491
vt 0.001309 0.839125
vt 0.041894 0.649915
vt 0.070649 0.583980
vt 0.103642 0.580263
vt 0.049090 0.502723
vt 0.103028 0.449168
vt 0.013527 0.576938
vt 0.001309 0.788851
vt 0.992969 0.987765
vt 0.232379 0.916718
vt 0.282941 0.969753
vt 0.311768 0.908112
vt 0.306313 0.933309
vt 0.220304 0.994415
vt 0.243005 0.989735
vt 0.222758 0.978624
vt 0.468563 0.011307
vt 0.435273 0.011298
s 1
usemtl enemy_tonnel.001
f 619/279/508 620/280/509 621/281/510
f 619/279/508 621/281/510 622/282/511
f 622/282/511 621/281/510 623/283/512
f 622/282/511 623/283/512 624/284/513
f 621/281/510 620/280/509 625/285/514
f 621/281/510 625/285/514 626/286/515
f 623/283/512 621/281/510 626/286/515
f 623/283/512 626/286/515 627/287/516
f 628/288/517 627/287/516 626/286/515
f 628/288/517 626/286/515 629/289/518
f 629/289/518 626/286/515 625/285/514
f 619/279/508 630/290/519 620/280/509
f 622/282/511 624/284/513 631/291/520
f 632/292/521 622/282/511 631/291/520
f 619/279/508 622/282/511 632/292/521
f 632/292/521 631/291/520 633/293/522
f 632/292/521 633/293/522 634/294/523
f 634/294/523 635/295/524 632/292/521
f 619/279/508 632/292/521 635/295/524
f 636/296/525 630/290/519 619/279/508
f 636/296/525 619/279/508 635/295/524
f 636/296/525 637/297/526 630/290/519
f 636/296/525 638/298/527 637/297/526
f 638/298/527 639/299/528 637/297/526
f 640/300/529 638/298/527 636/296/525
f 634/294/523 640/300/529 635/295/524
f 636/296/525 635/295/524 640/300/529
f 640/300/529 641/301/530 638/298/527
f 642/302/531 639/299/528 638/298/527
f 642/302/531 638/298/527 641/301/530
f 643/303/532 630/290/519 637/297/526
f 644/304/533 643/303/532 637/297/526
f 644/304/533 637/297/526 645/305/534
f 637/297/526 639/299/528 645/305/534
f 639/299/528 646/306/535 645/305/534
f 647/307/536 643/303/532 644/304/533
f 647/307/536 648/308/537 643/303/532
f 648/308/537 647/307/536 649/309/538
f 648/308/537 649/309/538 650/310/539
f 651/311/540 648/308/537 650/310/539
f 651/311/540 650/310/539 652/312/541
f 645/305/534 653/313/542 644/304/533
f 645/305/534 654/314/543 653/313/542
f 653/313/542 655/315/544 644/304/533
f 655/315/544 647/307/536 644/304/533
f 655/315/544 656/316/545 647/307/536
f 649/309/538 647/307/536 656/316/545
f 655/315/544 657/317/546 656/316/545
f 648/308/537 651/311/540 620/280/509
f 648/308/537 620/280/509 643/303/532
f 643/303/532 620/280/509 630/290/519
f 620/280/509 651/311/540 658/318/547
f 658/318/547 651/311/540 652/312/541
f 625/285/514 658/318/547 652/312/541
f 625/285/514 620/280/509 658/318/547
f 629/289/518 625/285/514 652/312/541
f 659/319/548 660/320/549 661/321/550
f 660/320/549 662/322/551 661/321/550
f 660/320/549 663/323/552 662/322/551
f 663/323/552 664/324/553 662/322/551
f 663/323/552 665/325/554 664/324/553
f 666/326/555 662/322/551 664/324/553
f 667/327/556 666/326/555 664/324/553
f 666/326/555 668/328/557 662/322/551
f 661/321/550 662/322/551 668/328/557
f 669/329/558 665/325/554 663/323/552
f 670/330/559 669/329/558 663/323/552
f 670/330/559 663/323/552 660/320/549
f 669/329/558 670/330/559 671/331/560
f 669/329/558 671/331/560 672/332/561
f 672/332/561 671/331/560 673/333/562
f 672/332/561 673/333/562 674/334/563
f 675/335/564 672/332/561 674/334/563
f 675/335/564 674/334/563 676/336/565
f 677/337/566 669/329/558 672/332/561
f 677/337/566 672/332/561 675/335/564
f 669/329/558 677/337/566 665/325/554
f 677/337/566 675/335/564 678/338/567
f 678/338/567 675/335/564 676/336/565
f 677/337/566 678/338/567 679/339/568
f 665/325/554 677/337/566 679/339/568
f 678/338/567 676/336/565 680/340/569
f 665/325/554 679/339/568 681/341/570
f 682/342/571 681/341/570 679/339/568
f 682/342/571 683/343/572 681/341/570
f 671/331/560 684/344/573 673/333/562
f 671/331/560 685/345/574 684/344/573
f 671/331/560 670/330/559 686/346/575
f 671/331/560 686/346/575 685/345/574
f 687/347/576 684/344/573 685/345/574
f 686/346/575 687/347/576 685/345/574
f 670/330/559 660/320/549 686/346/575
f 660/320/549 688/348/577 686/346/575
f 660/320/549 689/319/548 688/348/577
f 686/346/575 688/348/577 690/347/578
f 681/341/570 691/349/579 664/324/553
f 681/341/570 664/324/553 665/325/554
f 692/349/580 667/327/556 664/324/553
f 693/349/581 694/350/582 667/327/583
f 695/351/584 696/352/585 697/353/586
f 695/351/584 698/354/587 696/352/585
f 698/354/587 699/355/588 696/352/585
f 697/353/586 700/356/589 695/351/584
f 697/353/586 701/357/590 700/356/589
f 697/353/586 696/352/585 702/358/591
f 696/352/585 699/355/588 703/359/592
f 696/352/585 703/359/592 704/360/593
f 704/360/593 705/361/594 696/352/585
f 696/352/585 705/361/594 702/358/591
f 700/356/589 701/357/590 706/362/595
f 707/363/596 706/362/595 701/357/590
f 707/363/596 708/364/597 706/362/595
f 709/365/598 706/362/595 708/364/597
f 709/365/598 700/356/589 706/362/595
f 710/366/599 708/364/597 707/363/596
f 710/366/599 707/363/596 711/367/600
f 707/363/596 712/368/601 711/367/600
f 711/367/600 712/368/601 713/369/602
f 712/368/601 707/363/596 714/370/603
f 715/371/604 710/366/599 711/367/600
f 716/371/605 711/367/600 713/369/602
f 707/363/596 701/357/590 717/372/606
f 707/363/596 717/372/606 714/370/603
f 717/372/606 701/357/590 697/353/586
f 717/372/606 697/353/586 702/358/591
f 718/370/607 717/372/606 702/358/591
f 712/368/601 719/370/608 713/369/602
f 709/365/598 720/373/609 721/374/610
f 709/365/598 721/374/610 700/356/589
f 720/373/609 722/375/611 721/374/610
f 720/373/609 723/376/612 722/375/611
f 723/376/612 724/377/613 722/375/611
f 725/378/614 722/375/611 724/377/613
f 724/377/613 726/379/615 725/378/614
f 724/377/613 727/380/616 726/379/615
f 728/381/617 727/380/616 724/377/613
f 724/377/613 729/382/618 728/381/617
f 723/376/612 729/382/618 724/377/613
f 695/351/584 700/356/589 721/374/610
f 695/351/584 721/374/610 730/383/619
f 731/384/620 730/383/619 721/374/610
f 731/384/620 721/374/610 722/375/611
f 731/384/620 732/385/621 730/383/619
f 695/351/584 730/383/619 732/385/621
f 731/384/620 733/386/622 732/385/621
f 733/386/622 734/387/623 732/385/621
f 734/387/623 733/386/622 735/388/624
f 735/388/624 733/386/622 731/384/620
f 734/387/623 735/388/624 736/389/625
f 735/388/624 737/390/626 736/389/625
f 735/388/624 738/391/627 737/390/626
f 738/391/627 735/388/624 739/392/628
f 738/391/627 739/392/628 740/393/629
f 695/351/584 732/385/621 698/354/587
f 735/388/624 731/384/620 741/394/630
f 735/388/624 741/394/630 739/392/628
f 698/354/587 732/385/621 742/395/631
f 732/385/621 734/387/623 742/395/631
f 743/396/632 744/397/633 745/398/634
f 746/399/635 743/396/632 745/398/634
f 745/398/634 747/400/636 746/399/635
f 745/398/634 748/401/637 747/400/636
f 747/400/636 748/401/637 749/402/638
f 748/401/637 750/403/639 749/402/638
f 751/404/640 748/401/637 745/398/634
f 745/398/634 752/405/641 751/404/640
f 748/401/637 751/404/640 753/406/642
f 748/401/637 753/406/642 750/403/639
f 753/406/642 754/407/643 750/403/639
f 755/408/644 747/400/636 749/402/638
f 755/408/644 749/402/638 756/409/645
f 757/410/646 755/408/644 756/409/645
f 757/410/646 756/409/645 758/411/647
f 759/412/648 757/410/646 758/411/647
f 759/412/648 758/411/647 760/413/649
f 753/406/642 751/404/640 761/414/650
f 753/406/642 761/414/650 762/415/651
f 762/415/651 761/414/650 763/416/652
f 762/415/651 763/416/652 764/417/653
f 763/416/652 765/418/654 764/417/653
f 766/419/655 765/418/654 763/416/652
f 767/420/656 766/419/655 763/416/652
f 761/414/650 767/420/656 763/416/652
f 765/418/654 768/421/657 764/417/653
f 761/414/650 769/422/658 767/420/656
f 770/423/659 771/424/660 767/420/661
f 772/425/662 771/424/660 770/423/659
f 772/425/662 773/426/663 771/424/660
f 774/427/664 773/426/663 772/425/662
f 775/428/665 774/427/664 772/425/662
f 772/425/662 770/423/659 775/428/665
f 775/428/665 776/429/666 774/427/664
f 774/427/664 777/430/667 773/426/663
f 776/429/666 775/428/665 778/431/668
f 775/428/665 779/432/669 778/431/668
f 775/428/665 780/433/670 779/432/669
f 770/423/659 780/433/670 775/428/665
f 780/433/670 770/423/659 781/422/671
f 782/405/672 780/433/670 781/422/671
f 779/432/669 780/433/670 782/405/672
f 774/427/664 783/434/673 777/430/667
f 774/427/664 784/435/674 783/434/673
f 785/429/675 784/435/674 774/427/664
f 785/429/675 786/436/642 784/435/674
f 744/397/676 779/432/669 782/405/672
f 779/432/669 787/437/677 778/431/668
f 788/438/678 778/431/668 787/437/677
f 788/438/678 789/439/679 778/431/668
f 790/429/680 778/431/668 789/439/679
f 791/440/681 790/429/680 789/439/679
f 789/439/679 792/441/643 791/440/681
f 789/439/679 793/442/682 792/441/643
f 789/439/679 794/443/683 793/442/682
f 788/438/678 794/443/683 789/439/679
f 795/444/684 793/442/682 794/443/683
f 794/443/683 796/445/685 795/444/684
f 794/443/683 797/446/686 796/445/685
f 798/447/687 797/446/686 794/443/683
f 796/445/685 797/446/686 798/447/687
f 796/445/685 798/447/687 799/448/688
f 795/444/684 800/449/689 793/442/682
f 796/445/685 801/450/690 795/444/684
f 796/445/685 802/451/691 801/450/690
f 799/448/688 802/451/691 796/445/685
f 802/451/691 803/452/692 801/450/690
f 802/451/691 804/453/693 803/452/692
f 799/448/688 805/454/694 802/451/691
f 805/454/694 804/453/693 802/451/691
f 805/454/694 806/455/695 804/453/693
f 807/456/696 801/450/690 803/452/692
f 807/456/696 808/457/697 801/450/690
f 808/457/697 800/449/689 795/444/684
f 808/457/697 795/444/684 801/450/690
f 788/438/678 809/458/698 794/443/683
f 810/459/699 811/460/700 812/461/701
f 810/459/699 812/461/701 813/462/702
f 790/429/680 811/460/700 810/459/699
f 790/429/680 791/440/681 811/460/700
f 811/460/700 814/463/703 812/461/701
f 811/460/700 815/464/704 814/463/703
f 791/440/681 815/464/704 811/460/700
f 791/440/681 792/441/643 815/464/704
f 810/459/699 813/462/702 816/465/705
f 810/459/699 816/465/705 817/466/706
f 818/429/675 810/459/699 817/466/706
f 818/429/675 817/466/706 819/436/707
f 820/422/708 770/423/709 821/420/710
f 751/404/640 752/405/641 769/422/711
f 751/404/640 822/422/712 761/414/650
f 823/467/703 824/468/713 825/469/714
f 823/467/703 825/469/714 826/470/715
f 827/471/716 824/468/713 823/467/703
f 827/471/716 828/472/717 824/468/713
f 753/406/642 828/472/717 827/471/716
f 754/407/643 753/406/642 827/471/716
f 744/397/633 829/405/718 745/398/634
f 779/432/669 830/473/719 787/437/677
f 831/397/720 830/473/719 779/432/669
f 831/397/720 832/474/721 830/473/719
f 833/475/722 832/474/721 831/397/720
f 833/475/722 831/397/720 743/396/723
f 834/476/724 835/319/548 661/321/550
f 834/476/724 661/321/550 836/477/725
f 836/477/725 661/321/550 668/328/557
f 837/478/726 838/479/727 839/480/728
f 837/478/726 839/480/728 840/481/729
f 838/479/727 841/482/730 839/480/728
f 838/479/727 842/483/731 841/482/730
f 839/480/728 843/484/732 840/481/729
f 840/481/729 843/484/732 844/485/733
f 839/480/728 845/486/734 843/484/732
f 839/480/728 841/482/730 846/487/735
f 839/480/728 846/487/735 845/486/734
f 847/488/736 845/486/734 846/487/735
f 841/482/730 847/488/736 846/487/735
f 847/488/736 848/489/737 845/486/734
f 841/482/730 849/490/738 847/488/736
f 850/483/739 849/490/738 841/482/730
f 850/483/739 851/491/740 849/490/738
f 851/491/740 852/492/741 849/490/738
f 851/491/740 853/493/742 852/492/741
f 852/492/741 854/494/743 849/490/738
f 849/490/738 855/495/744 847/488/736
f 855/495/744 849/490/738 856/496/745
f 847/488/736 855/495/744 856/496/745
f 847/488/736 856/496/745 848/489/737
f 849/490/738 854/494/743 856/496/745
f 852/492/746 857/497/747 858/494/743
f 859/498/748 860/499/737 861/496/749
f 862/500/750 859/498/748 861/496/749
f 862/500/750 861/496/749 863/494/751
f 864/501/747 862/500/750 863/494/751
f 865/502/752 866/503/753 867/504/754
f 865/502/752 868/505/755 866/503/753
f 868/505/755 869/506/756 866/503/753
f 870/507/757 866/503/753 869/506/756
f 869/506/756 868/505/755 871/508/758
f 871/508/758 868/505/755 872/509/759
f 867/504/754 873/510/760 865/502/752
f 867/504/754 874/511/761 873/510/760
f 868/505/755 865/502/752 875/512/762
f 876/513/763 868/505/755 875/512/762
f 876/513/763 875/512/762 877/514/764
f 865/502/752 878/515/765 875/512/762
f 865/502/752 873/510/760 878/515/765
f 879/516/766 877/514/764 875/512/762
f 875/512/762 878/515/765 879/516/766
f 878/515/765 873/510/760 879/516/766
f 873/510/760 874/511/761 879/516/766
f 877/514/764 879/516/766 880/517/767
f 880/517/767 879/516/766 881/518/768
f 879/516/766 882/519/769 881/518/768
f 874/511/761 882/519/769 879/516/766
f 881/518/768 882/519/769 883/520/770
f 884/521/771 882/519/769 874/511/761
f 884/521/771 874/511/761 885/522/772
f 874/511/761 886/523/773 885/522/772
f 867/504/754 886/523/773 874/511/761
f 867/504/754 887/524/774 886/523/773
f 888/525/775 887/524/774 867/504/754
f 888/525/775 889/526/776 887/524/774
f 888/525/775 890/527/777 889/526/776
f 886/523/773 891/528/778 885/522/772
f 887/524/774 891/528/778 886/523/773
f 892/529/779 885/522/772 891/528/778
f 892/529/779 891/528/778 893/530/780
f 893/530/780 891/528/778 894/531/781
f 889/526/776 894/531/781 887/524/774
f 887/524/774 894/531/781 891/528/778
f 893/530/780 894/531/781 895/532/782
f 889/526/776 896/532/783 894/531/781
f 897/533/784 896/532/783 889/526/776
f 888/525/775 867/504/754 898/534/785
f 899/535/786 888/525/775 898/534/785
f 888/525/775 899/535/786 900/527/787
f 900/527/788 901/536/789 889/526/790
f 901/536/789 902/537/791 889/526/790
f 903/538/792 899/535/786 898/534/785
f 904/539/793 903/538/792 898/534/785
f 905/537/794 906/533/795 889/526/796
f 907/526/797 908/531/798 896/532/799
f 907/526/797 909/524/800 908/531/798
f 910/525/801 909/524/800 907/526/797
f 910/525/801 907/526/797 911/527/802
f 910/525/801 912/504/803 909/524/800
f 912/504/803 913/523/804 909/524/800
f 912/504/803 914/511/805 913/523/804
f 912/504/803 915/510/806 914/511/805
f 912/504/803 916/502/807 915/510/806
f 916/502/807 912/504/803 917/503/808
f 916/502/807 917/503/808 918/505/809
f 918/505/809 917/503/808 919/506/810
f 920/507/757 919/506/810 917/503/808
f 919/506/810 921/508/758 918/505/809
f 921/508/758 922/509/759 918/505/809
f 918/505/809 923/512/811 916/502/807
f 924/513/812 923/512/811 918/505/809
f 924/513/812 925/514/813 923/512/811
f 916/502/807 923/512/811 926/515/814
f 916/502/807 926/515/814 915/510/806
f 927/516/815 923/512/811 925/514/813
f 923/512/811 927/516/815 926/515/814
f 926/515/814 927/516/815 915/510/806
f 915/510/806 927/516/815 914/511/805
f 925/514/813 928/517/767 927/516/815
f 928/517/767 929/518/816 927/516/815
f 927/516/815 929/518/816 930/519/817
f 914/511/805 927/516/815 930/519/817
f 931/521/818 914/511/805 930/519/817
f 931/521/818 932/522/819 914/511/805
f 914/511/805 932/522/819 913/523/804
f 913/523/804 932/522/819 933/528/820
f 934/529/821 933/528/820 932/522/819
f 934/529/821 935/530/822 933/528/820
f 935/530/822 908/531/798 933/528/820
f 935/530/822 936/532/823 908/531/798
f 909/524/800 913/523/804 933/528/820
f 909/524/800 933/528/820 908/531/798
f 931/521/818 930/519/817 937/540/824
f 937/540/824 938/541/825 931/521/818
f 931/521/818 938/541/825 939/542/826
f 939/542/826 938/541/825 940/543/827
f 940/543/827 941/544/779 939/542/826
f 937/540/824 930/519/817 942/520/828
f 938/541/825 937/540/824 942/520/828
f 929/518/816 942/520/828 930/519/817
f 938/541/825 942/520/828 943/545/829
f 944/543/830 938/541/825 943/545/829
f 945/543/827 946/542/831 941/544/821
f 946/542/831 945/543/827 947/541/832
f 884/521/771 946/542/831 947/541/832
f 948/540/833 884/521/771 947/541/832
f 884/521/771 948/540/833 882/519/769
f 948/540/833 883/520/770 882/519/769
f 947/541/832 883/520/770 948/540/833
f 947/541/832 949/545/834 883/520/770
f 950/543/830 949/545/834 947/541/832
f 951/509/835 868/505/755 952/546/836
f 868/505/755 953/513/812 952/546/836
f 951/509/835 952/546/836 918/505/837
f 918/505/837 952/546/836 953/513/812
f 954/347/576 955/547/838 684/344/725
f 956/548/839 957/549/840 958/550/841
f 957/549/840 959/551/842 958/550/841
f 960/552/843 961/553/844 962/554/845
f 961/553/844 963/549/846 962/554/845
f 964/548/847 962/554/845 963/549/846
f 965/555/848 966/556/849 639/299/528
f 642/302/531 965/555/848 639/299/528
f 966/556/849 646/306/535 639/299/528
f 967/279/850 968/282/851 969/281/852
f 967/279/850 969/281/852 970/280/853
f 968/282/851 971/283/854 969/281/852
f 968/282/851 972/284/855 971/283/854
f 969/281/852 973/285/856 970/280/853
f 969/281/852 974/286/857 973/285/856
f 971/283/854 974/286/857 969/281/852
f 971/283/854 975/287/858 974/286/857
f 976/288/859 974/286/857 975/287/858
f 976/288/859 977/289/860 974/286/857
f 977/289/860 973/285/856 974/286/857
f 967/279/850 970/280/853 978/290/861
f 968/282/851 979/291/862 972/284/855
f 980/292/863 979/291/862 968/282/851
f 967/279/850 980/292/863 968/282/851
f 980/292/863 981/293/864 979/291/862
f 980/292/863 982/294/865 981/293/864
f 982/294/865 980/292/863 983/295/866
f 967/279/850 983/295/866 980/292/863
f 984/296/867 983/295/866 967/279/850
f 984/296/867 967/279/850 978/290/861
f 984/296/867 978/290/861 985/297/868
f 984/296/867 985/297/868 986/298/869
f 986/298/869 985/297/868 987/299/870
f 988/300/871 984/296/867 986/298/869
f 982/294/865 983/295/866 988/300/871
f 984/296/867 988/300/871 983/295/866
f 988/300/871 986/298/869 989/301/872
f 990/302/873 986/298/869 987/299/870
f 990/302/873 989/301/872 986/298/869
f 991/303/874 985/297/868 978/290/861
f 992/304/875 985/297/868 991/303/874
f 992/304/875 993/305/876 985/297/868
f 985/297/868 993/305/876 987/299/870
f 987/299/870 993/305/876 994/306/877
f 995/307/878 992/304/875 991/303/874
f 995/307/878 991/303/874 996/308/879
f 996/308/879 997/309/880 995/307/878
f 996/308/879 998/310/881 997/309/880
f 999/311/882 998/310/881 996/308/879
f 999/311/882 1000/312/883 998/310/881
f 993/305/876 992/304/875 1001/313/884
f 993/305/876 1001/313/884 1002/314/885
f 1001/313/884 992/304/875 1003/315/886
f 1003/315/886 992/304/875 995/307/878
f 1003/315/886 995/307/878 1004/316/887
f 997/309/880 1004/316/887 995/307/878
f 1003/315/886 1004/316/887 1005/317/888
f 996/308/879 970/280/853 999/311/882
f 996/308/879 991/303/874 970/280/853
f 991/303/874 978/290/861 970/280/853
f 970/280/853 1006/318/889 999/311/882
f 1006/318/889 1000/312/883 999/311/882
f 973/285/856 1000/312/883 1006/318/889
f 973/285/856 1006/318/889 970/280/853
f 977/289/860 1000/312/883 973/285/856
f 1007/319/890 1008/321/891 1009/320/892
f 1009/320/892 1008/321/891 1010/322/893
f 1009/320/892 1010/322/893 1011/323/894
f 1011/323/894 1010/322/893 1012/324/895
f 1011/323/894 1012/324/895 1013/325/896
f 1014/326/897 1012/324/895 1010/322/893
f 1015/327/898 1012/324/895 1014/326/897
f 1014/326/897 1010/322/893 1016/328/899
f 1008/321/891 1016/328/899 1010/322/893
f 1017/329/900 1011/323/894 1013/325/896
f 1018/330/901 1011/323/894 1017/329/900
f 1018/330/901 1009/320/892 1011/323/894
f 1017/329/900 1019/331/902 1018/330/901
f 1017/329/900 1020/332/903 1019/331/902
f 1020/332/903 1021/333/904 1019/331/902
f 1020/332/903 1022/334/905 1021/333/904
f 1023/335/906 1022/334/905 1020/332/903
f 1023/335/906 1024/336/907 1022/334/905
f 1025/337/908 1023/335/906 1020/332/903
f 1025/337/908 1020/332/903 1017/329/900
f 1017/329/900 1013/325/896 1025/337/908
f 1025/337/908 1026/338/909 1023/335/906
f 1026/338/909 1024/336/907 1023/335/906
f 1025/337/908 1027/339/910 1026/338/909
f 1013/325/896 1027/339/910 1025/337/908
f 1026/338/909 1028/340/911 1024/336/907
f 1013/325/896 1029/341/912 1027/339/910
f 1019/331/902 1021/333/904 1030/344/913
f 1019/331/902 1030/344/913 1031/345/914
f 1019/331/902 1032/346/915 1018/330/901
f 1019/331/902 1031/345/914 1032/346/915
f 1033/347/916 1031/345/914 1030/344/913
f 1032/346/915 1031/345/914 1033/347/916
f 1018/330/901 1032/346/915 1009/320/892
f 1009/320/892 1032/346/915 1034/348/917
f 1009/320/892 1034/348/917 1035/319/890
f 1032/346/915 1036/347/916 1034/348/917
f 1037/342/918 1027/339/919 1038/341/920
f 1037/342/918 1038/341/920 1039/343/921
f 1029/341/912 1012/324/895 1040/349/922
f 1029/341/912 1013/325/896 1012/324/895
f 1041/349/923 1012/324/895 1015/327/898
f 1042/349/924 1015/327/925 1043/350/926
f 1044/351/927 1045/353/928 1046/352/929
f 1044/351/927 1046/352/929 1047/354/930
f 1047/354/930 1046/352/929 1048/355/931
f 1045/353/928 1044/351/927 1049/356/932
f 1045/353/928 1049/356/932 1050/357/933
f 1046/352/929 1045/353/928 1051/358/934
f 1046/352/929 1051/358/934 1052/361/935
f 1053/360/936 1046/352/929 1052/361/935
f 1046/352/929 1054/359/937 1048/355/931
f 1046/352/929 1053/360/936 1054/359/937
f 1055/372/938 1051/358/934 1045/353/928
f 1055/372/938 1045/353/928 1050/357/933
f 1056/370/939 1051/358/934 1055/372/938
f 1057/363/940 1055/372/938 1050/357/933
f 1055/372/938 1057/363/940 1058/370/941
f 1057/363/940 1050/357/933 1059/362/942
f 1049/356/932 1059/362/942 1050/357/933
f 1057/363/940 1059/362/942 1060/364/943
f 1061/365/944 1060/364/943 1059/362/942
f 1061/365/944 1059/362/942 1049/356/932
f 1062/366/945 1057/363/940 1060/364/943
f 1062/366/945 1063/367/946 1057/363/940
f 1057/363/940 1063/367/946 1064/368/947
f 1057/363/940 1064/368/947 1058/370/941
f 1064/368/947 1063/367/946 1065/369/948
f 1066/370/949 1064/368/947 1065/369/948
f 1067/371/950 1063/367/946 1062/366/945
f 1068/371/951 1065/369/948 1063/367/946
f 1061/365/944 1049/356/932 1069/374/952
f 1061/365/944 1069/374/952 1070/373/953
f 1070/373/953 1069/374/952 1071/375/954
f 1070/373/953 1071/375/954 1072/376/955
f 1072/376/955 1071/375/954 1073/377/956
f 1074/378/957 1073/377/956 1071/375/954
f 1073/377/956 1074/378/957 1075/379/958
f 1073/377/956 1075/379/958 1076/380/959
f 1077/381/960 1073/377/956 1076/380/959
f 1073/377/956 1077/381/960 1078/382/961
f 1072/376/955 1073/377/956 1078/382/961
f 1044/351/927 1069/374/952 1049/356/932
f 1044/351/927 1079/383/962 1069/374/952
f 1080/384/963 1071/375/954 1069/374/952
f 1080/384/963 1069/374/952 1079/383/962
f 1080/384/963 1079/383/962 1081/385/964
f 1044/351/927 1081/385/964 1079/383/962
f 1080/384/963 1081/385/964 1082/386/965
f 1082/386/965 1081/385/964 1083/387/966
f 1083/387/966 1084/388/967 1082/386/965
f 1084/388/967 1080/384/963 1082/386/965
f 1083/387/966 1085/389/968 1084/388/967
f 1084/388/967 1085/389/968 1086/390/969
f 1084/388/967 1086/390/969 1087/391/970
f 1087/391/970 1088/392/971 1084/388/967
f 1087/391/970 1089/393/972 1088/392/971
f 1044/351/927 1047/354/930 1081/385/964
f 1084/388/967 1090/394/973 1080/384/963
f 1084/388/967 1088/392/971 1090/394/973
f 1047/354/930 1091/395/974 1081/385/964
f 1081/385/964 1091/395/974 1083/387/966
f 1092/396/975 1093/398/976 1094/397/977
f 1095/399/978 1093/398/976 1092/396/975
f 1093/398/976 1095/399/978 1096/400/979
f 1093/398/976 1096/400/979 1097/401/980
f 1096/400/979 1098/402/981 1097/401/980
f 1097/401/980 1098/402/981 1099/403/982
f 1100/404/983 1093/398/976 1097/401/980
f 1093/398/976 1100/404/983 1101/405/984
f 1097/401/980 1102/406/985 1100/404/983
f 1097/401/980 1099/403/982 1102/406/985
f 1102/406/985 1099/403/982 1103/407/986
f 1104/408/987 1098/402/981 1096/400/979
f 1104/408/987 1105/409/988 1098/402/981
f 1106/410/989 1105/409/988 1104/408/987
f 1106/410/989 1107/411/990 1105/409/988
f 1108/412/991 1107/411/990 1106/410/989
f 1108/412/991 1109/413/992 1107/411/990
f 1102/406/985 1110/414/993 1100/404/983
f 1102/406/985 1111/415/994 1110/414/993
f 1111/415/994 1112/416/995 1110/414/993
f 1111/415/994 1113/417/996 1112/416/995
f 1112/416/995 1113/417/996 1114/418/997
f 1115/419/998 1112/416/995 1114/418/997
f 1116/420/999 1112/416/995 1115/419/998
f 1110/414/993 1112/416/995 1116/420/999
f 1114/418/997 1113/417/996 1117/421/1000
f 1110/414/993 1116/420/999 1118/422/1001
f 1119/423/1002 1116/420/1003 1120/424/1004
f 1121/425/1005 1119/423/1002 1120/424/1004
f 1121/425/1005 1120/424/1004 1122/426/1006
f 1123/427/1007 1121/425/1005 1122/426/1006
f 1124/428/1008 1121/425/1005 1123/427/1007
f 1121/425/1005 1124/428/1008 1119/423/1002
f 1124/428/1008 1123/427/1007 1125/429/1009
f 1123/427/1007 1122/426/1006 1126/430/1010
f 1125/429/1009 1127/431/1011 1124/428/1008
f 1124/428/1008 1127/431/1011 1128/432/1012
f 1124/428/1008 1128/432/1012 1129/433/1013
f 1119/423/1002 1124/428/1008 1129/433/1013
f 1129/433/1013 1130/422/1001 1119/423/1002
f 1131/405/1014 1130/422/1001 1129/433/1013
f 1128/432/1012 1131/405/1014 1129/433/1013
f 1123/427/1007 1126/430/1010 1132/434/996
f 1123/427/1007 1132/434/996 1133/435/1015
f 1134/429/1016 1123/427/1007 1133/435/1015
f 1134/429/1016 1133/435/1015 1135/436/1017
f 1094/397/1018 1131/405/1014 1128/432/1012
f 1128/432/1012 1127/431/1011 1136/437/1019
f 1137/438/1020 1136/437/1019 1127/431/1011
f 1137/438/1020 1127/431/1011 1138/439/1021
f 1139/429/1022 1138/439/1021 1127/431/1011
f 1140/440/1023 1138/439/1021 1139/429/1022
f 1138/439/1021 1140/440/1023 1141/441/1024
f 1138/439/1021 1141/441/1024 1142/442/1025
f 1138/439/1021 1142/442/1025 1143/443/1026
f 1137/438/1020 1138/439/1021 1143/443/1026
f 1144/444/1027 1143/443/1026 1142/442/1025
f 1143/443/1026 1144/444/1027 1145/445/1028
f 1143/443/1026 1145/445/1028 1146/446/1029
f 1147/447/1030 1143/443/1026 1146/446/1029
f 1145/445/1028 1147/447/1030 1146/446/1029
f 1145/445/1028 1148/448/1031 1147/447/1030
f 1144/444/1027 1142/442/1025 1149/449/1032
f 1145/445/1028 1144/444/1027 1150/450/1033
f 1145/445/1028 1150/450/1033 1151/451/1034
f 1148/448/1031 1145/445/1028 1151/451/1034
f 1151/451/1034 1150/450/1033 1152/452/992
f 1151/451/1034 1152/452/992 1153/453/1035
f 1148/448/1031 1151/451/1034 1154/454/1036
f 1154/454/1036 1151/451/1034 1153/453/1035
f 1154/454/1036 1153/453/1035 1155/455/1037
f 1156/456/1038 1152/452/992 1150/450/1033
f 1156/456/1038 1150/450/1033 1157/457/1039
f 1157/457/1039 1150/450/1033 1144/444/1027
f 1157/457/1039 1144/444/1027 1149/449/1032
f 1137/438/1020 1143/443/1026 1158/458/1040
f 1159/459/1041 1160/461/1042 1161/460/1043
f 1159/459/1041 1162/462/1044 1160/461/1042
f 1139/429/1022 1159/459/1041 1161/460/1043
f 1139/429/1022 1161/460/1043 1140/440/1023
f 1161/460/1043 1160/461/1042 1163/463/1045
f 1161/460/1043 1163/463/1045 1164/464/1046
f 1140/440/1023 1161/460/1043 1164/464/1046
f 1140/440/1023 1164/464/1046 1141/441/1024
f 1159/459/1041 1165/465/1047 1162/462/1044
f 1159/459/1041 1166/466/1048 1165/465/1047
f 1167/429/1022 1166/466/1048 1159/459/1041
f 1167/429/1022 1168/436/985 1166/466/1048
f 1169/422/1049 1170/420/1050 1119/423/1051
f 1100/404/983 1118/422/1052 1101/405/984
f 1100/404/983 1110/414/993 1171/422/1049
f 1172/467/1045 1173/469/1044 1174/468/1053
f 1172/467/1045 1175/470/1054 1173/469/1044
f 1176/471/1055 1172/467/1045 1174/468/1053
f 1176/471/1055 1174/468/1053 1177/472/1048
f 1102/406/985 1176/471/1055 1177/472/1048
f 1103/407/986 1176/471/1055 1102/406/985
f 1094/397/977 1093/398/976 1178/405/1056
f 1094/397/1018 1128/432/1012 1179/473/1057
f 1128/432/1012 1136/437/1019 1179/473/1057
f 1180/397/1058 1179/473/1059 1181/474/1060
f 1182/475/1061 1180/397/1058 1181/474/1060
f 1182/475/1061 1092/396/1062 1180/397/1058
f 1183/476/1063 1008/321/891 1184/319/890
f 1183/476/1063 1185/477/1064 1008/321/891
f 1185/477/1064 1016/328/899 1008/321/891
f 1186/478/1065 1187/481/1066 1188/480/1067
f 1186/478/1065 1188/480/1067 1189/479/1068
f 1189/479/1068 1188/480/1067 1190/482/1069
f 1189/479/1068 1190/482/1069 1191/483/1070
f 1188/480/1067 1187/481/1066 1192/484/1071
f 1187/481/1066 1193/485/1072 1192/484/1071
f 1188/480/1067 1192/484/1071 1194/486/1073
f 1188/480/1067 1195/487/1074 1190/482/1069
f 1188/480/1067 1194/486/1073 1195/487/1074
f 1196/488/1075 1195/487/1074 1194/486/1073
f 1190/482/1069 1195/487/1074 1196/488/1075
f 1196/488/1075 1194/486/1073 1197/489/1076
f 1190/482/1069 1196/488/1075 1198/490/1077
f 1199/483/1078 1190/482/1069 1198/490/1077
f 1199/483/1078 1198/490/1077 1200/491/1079
f 1200/491/1079 1198/490/1077 1201/492/1080
f 1200/491/1079 1201/492/1080 1202/493/1081
f 1201/492/1080 1198/490/1077 1203/494/1082
f 1198/490/1077 1196/488/1075 1204/495/1083
f 1204/495/1083 1205/496/1084 1198/490/1077
f 1196/488/1075 1205/496/1084 1204/495/1083
f 1196/488/1075 1197/489/1076 1205/496/1084
f 1198/490/1077 1205/496/1084 1203/494/1082
f 1201/492/1085 1206/494/1086 1207/497/1087
f 1208/498/1088 1209/496/1089 1210/499/1090
f 1211/500/1091 1209/496/1089 1208/498/1088
f 1211/500/1091 1212/494/1092 1209/496/1089
f 1213/501/1093 1212/494/1092 1211/500/1091
f 910/525/801 1214/527/1094 1215/535/786
f 1215/535/786 1216/534/1095 910/525/801
f 1217/538/1096 1216/534/1095 1215/535/786
f 1218/539/1097 1216/534/1095 1217/538/1096
f 910/525/801 1216/534/1095 912/504/803
f 1214/527/1098 907/526/1099 1219/536/1100
f 1219/536/1100 907/526/1099 1220/537/1101
f 1221/537/1102 907/526/1103 1222/533/1104
f 1223/533/1105 907/526/797 896/532/799
f 1224/347/1106 1030/344/1064 1225/547/1063
f 1226/548/1107 1227/550/1108 1228/549/1109
f 1228/549/1109 1227/550/1108 1229/551/1110
f 1230/552/843 1231/554/1111 1232/553/1112
f 1232/553/1112 1231/554/1111 1233/549/1113
f 1234/548/1114 1233/549/1113 1231/554/1111
f 1235/555/1115 987/299/870 1236/556/1116
f 990/302/873 987/299/870 1235/555/1115
f 1236/556/1116 987/299/870 994/306/877
