# Blender 5.1.2
# www.blender.org
mtllib monstro0012.mtl
o Object_33
v 4.565014 -132.905014 81.523972
v 4.338254 -132.559113 81.425369
v 6.325670 -132.440353 81.552483
v 6.325670 -132.918106 81.552483
v 7.102668 -132.467285 81.580780
v 7.102668 -132.936066 81.580780
v 4.604606 -132.289001 81.881615
v 5.673593 -132.345871 81.938492
v 7.098910 -132.480667 81.850616
v 7.098910 -132.718765 81.968033
v 5.673593 -132.678268 82.065178
v 4.188889 -132.890106 81.536995
v 7.098910 -132.925232 81.850616
v 5.354472 -133.015778 81.832832
v 7.098910 -132.718765 81.968033
v 5.673593 -132.678268 82.065178
v 4.604605 -132.949631 81.941986
v 4.228481 -132.949234 81.966881
v 2.392396 -133.100464 81.685524
v 3.052271 -133.067551 82.195854
v 1.939022 -133.067551 82.412827
v 4.416542 -132.597885 82.148407
v 3.241556 -132.678268 82.294983
v 2.372585 -132.678268 82.496277
v 2.392396 -132.244522 81.606728
v 1.900582 -132.319397 81.549591
v 1.900582 -133.096832 81.549591
v 1.605497 -133.076324 82.409904
v 1.939022 -132.346130 82.464088
v 3.052271 -132.289001 82.107231
v 2.372585 -132.678268 82.496277
v 3.241556 -132.678268 82.294983
v 4.151087 -132.272736 81.893082
v 4.416542 -132.597885 82.148407
v 1.633513 -132.371201 81.323006
v 1.526906 -133.167282 81.323006
v 1.605497 -132.325760 82.426895
v 1.942397 -132.678268 82.536102
v 1.607806 -132.678268 82.516968
v 4.379998 -132.272202 81.886894
v 0.619154 -132.449768 68.875793
v 0.414365 -132.308167 71.593933
v 0.935154 -132.266754 71.382149
v 0.993650 -132.513153 73.058838
v 0.487022 -132.523544 72.977684
v 0.994998 -132.511032 73.598366
v 0.464458 -132.539154 73.509979
v 1.172612 -133.127411 73.350433
v 1.172613 -133.171326 73.623421
v 1.172612 -133.095306 73.087509
v 0.308060 -133.138672 73.254631
v 0.308060 -133.095306 72.949013
v 0.740336 -133.327408 73.018265
v 0.740336 -133.369629 73.285431
v 1.172612 -133.095306 73.087509
v 1.172612 -133.127411 73.350433
v 0.740337 -133.412094 73.554169
v 1.172613 -133.171326 73.623421
v 0.308061 -133.171326 73.484924
v 0.830301 -133.629517 76.088402
v 0.306055 -133.237137 76.277496
v 1.230235 -133.237137 76.416039
v 0.334208 -132.405548 76.120567
v 0.012404 -133.560760 76.376801
v 0.012404 -132.527084 76.250900
v 1.165215 -132.951279 71.227577
v 0.715179 -133.245193 71.333466
v 0.333095 -132.951279 71.439354
v 0.619154 -133.154327 68.875793
v 0.372845 -132.879669 68.875793
v 0.619154 -132.449768 68.875793
v 0.619154 -133.154327 68.875793
v 1.294992 -132.310837 76.166573
v 1.294992 -132.310837 76.166573
v 1.294992 -132.310837 76.166573
v 1.230235 -133.237137 76.416039
v 0.968926 -133.528076 78.856369
v 0.846803 -133.735321 77.065964
v 1.250908 -133.261337 77.246635
v 0.012404 -134.118225 78.877609
v 0.012404 -133.861694 76.941177
v 1.115779 -132.679794 78.887535
v 1.245259 -132.425232 77.246635
v 1.230235 -133.237137 76.416039
v 0.012404 -133.560760 76.376801
v 0.306055 -133.237137 76.277496
v 0.830301 -133.629517 76.088402
v 0.760325 -132.216232 77.589539
v 0.831511 -132.105301 77.072639
v 0.012404 -132.278580 77.794662
v 0.012404 -132.310715 78.877609
v 0.012404 -132.254700 76.695053
v 0.193570 -132.208344 76.437347
v 0.899084 -132.132019 76.541748
v 0.334208 -132.405548 76.120567
v 1.294992 -132.310837 76.166573
v 0.012404 -132.527084 76.250900
v 0.012404 -132.527084 76.250900
v 1.280284 -132.421356 77.007362
v 1.294992 -132.310837 76.166573
v 1.294992 -132.310837 76.166573
v 0.012404 -132.197815 79.766899
v 1.178962 -132.571777 79.716705
v 1.633513 -132.371201 81.323006
v 0.012404 -131.796722 81.336067
v 0.966596 -132.178238 82.548309
v 1.605497 -132.325760 82.426895
v 1.607806 -132.678268 82.516968
v 0.957743 -132.678268 82.564018
v 0.467534 -132.733658 82.711540
v 0.012404 -132.288986 82.641838
v 1.050097 -133.475220 79.716705
v 1.526906 -133.167282 81.323006
v 0.542687 -133.922379 79.783081
v 0.871952 -133.728806 81.226639
v 0.012404 -133.906128 81.418457
v 0.966596 -133.067551 82.416367
v 0.012404 -133.111694 82.547127
v 0.467534 -132.733658 82.711540
v 0.957743 -132.678268 82.564018
v 1.605497 -133.076324 82.409904
v 1.607806 -132.678268 82.516968
v 1.900582 -133.096832 81.549591
v 0.012404 -134.090424 79.786514
v 7.304121 -132.976486 81.539520
v 7.304121 -132.432266 81.539520
v 7.452557 -132.662125 81.548004
v 7.471015 -132.844849 81.398323
v 7.696621 -132.936188 81.390800
v 7.722791 -132.771652 81.550415
v 7.814222 -132.987167 81.503250
v 7.732298 -133.018936 81.643456
v 7.998094 -132.651062 81.764587
v 7.924614 -132.317245 81.640755
v 8.008974 -132.868790 81.784622
v 8.016235 -133.040833 81.797997
v 7.952839 -132.976318 81.351234
v 7.976388 -133.031403 81.470039
v 8.094219 -132.966843 81.358345
v 8.104343 -133.019913 81.451134
v 8.187252 -133.033829 81.308746
v 8.197563 -133.087860 81.403229
v 8.153023 -132.647873 81.636078
v 8.201752 -132.844437 81.635910
v 8.200872 -132.660660 81.448280
v 8.219378 -132.841660 81.454140
v 8.336580 -132.645706 81.376869
v 8.252338 -132.421677 81.386719
v 8.151924 -132.412354 81.434792
v 8.352680 -132.813370 81.379700
v 8.087557 -132.318771 81.625534
v 8.194149 -132.314926 81.691910
v 8.252338 -132.421677 81.386719
v 8.348555 -132.648483 81.680092
v 8.336580 -132.645706 81.376869
v 8.341963 -132.848007 81.679138
v 8.046482 -132.672836 81.948761
v 8.044224 -132.872360 81.942497
v 8.352680 -132.813370 81.379700
v 7.304121 -132.709824 81.981804
v 7.304121 -132.432266 81.840729
v 7.963366 -132.302612 81.818100
v 8.087557 -132.318771 81.625534
v 7.924614 -132.317245 81.640755
v 8.219378 -132.841660 81.454140
v 8.201752 -132.844437 81.635910
v 8.044224 -132.872360 81.942497
v 8.008974 -132.868790 81.784622
v 7.098910 -132.718765 81.968033
v 7.098910 -132.925232 81.850616
v 7.304121 -132.976486 81.828369
v 8.044224 -132.872360 81.942497
v 8.042400 -133.033569 81.937431
v 8.016235 -133.040833 81.797997
v 7.732298 -133.018936 81.643456
v 7.304121 -132.976486 81.539520
v 7.704122 -133.117828 81.460487
v 7.670760 -133.044693 81.334610
v 7.422751 -132.983292 81.389915
v 7.471015 -132.844849 81.398323
v 7.696621 -132.936188 81.390800
v 7.814222 -132.987167 81.503250
v 7.961060 -133.152039 81.418671
v 7.930259 -133.077530 81.288940
v 8.197563 -133.087860 81.403229
v 8.187252 -133.033829 81.308746
v 7.952839 -132.976318 81.351234
v 8.094219 -132.966843 81.358345
v 8.104343 -133.019913 81.451134
v 7.976388 -133.031403 81.470039
v 7.102668 -132.936066 81.580780
v 8.393637 -132.844879 81.783943
v 8.388773 -133.006104 81.781639
v 8.486700 -132.989838 81.489441
v 8.490694 -132.861145 81.487854
v 8.346937 -133.003601 81.520737
v 8.271900 -133.013351 81.701218
v 8.335295 -132.851074 81.527557
v 8.257322 -132.841324 81.696854
v 8.044224 -132.872360 81.942497
v 8.008974 -132.868790 81.784622
v 8.087557 -132.318771 81.625534
v 8.151924 -132.412354 81.434792
v 8.087557 -132.318771 81.625534
v 8.346937 -133.003601 81.520737
v 8.335295 -132.851074 81.527557
v 8.490694 -132.861145 81.487854
v 8.486700 -132.989838 81.489441
v 8.271900 -133.013351 81.701218
v 8.257322 -132.841324 81.696854
v 7.924614 -132.317245 81.640755
v 7.098910 -132.480667 81.850616
v 7.304121 -132.432266 81.539520
v 7.102668 -132.467285 81.580780
v 7.102668 -132.936066 81.580780
v 0.881024 -132.879669 68.875793
v 0.619154 -132.449768 68.875793
v 1.165215 -132.951279 71.227577
v 0.619154 -132.449768 68.875793
v 0.881024 -132.879669 68.875793
v 0.881024 -132.879669 68.505905
v 0.619154 -132.449768 68.505905
v 0.619154 -133.228241 68.523651
v 0.619154 -133.154327 68.875793
v 0.905084 -132.523376 67.862648
v 0.619154 -132.354263 67.868217
v 1.063068 -134.537628 67.862648
v 0.780535 -134.328842 68.173485
v 0.426572 -134.625900 68.047722
v 0.394534 -134.811234 67.910217
v 0.357284 -132.879669 68.505905
v 0.619154 -133.154327 68.875793
v 0.372845 -132.879669 68.875793
v 0.619154 -132.449768 68.505905
v 0.619154 -132.449768 68.875793
v 0.336893 -132.543274 67.862648
v 0.265768 -134.507355 68.073181
v 0.130052 -134.634689 67.862648
v 0.619154 -132.354263 67.868217
v 0.336893 -132.543274 67.862648
v 1.063068 -134.537628 67.862648
v 0.394534 -134.811234 67.910217
v 0.130052 -134.634689 67.862648
v 0.905084 -132.523376 67.862648
v 0.336893 -132.543274 67.862648
v 0.619154 -132.354263 67.868217
v 0.405199 -133.561996 83.966873
v 0.310331 -133.536453 83.667122
v 0.704464 -133.208313 83.822868
v 0.152816 -133.639984 83.902161
v 0.012404 -133.697296 83.667122
v 0.012404 -133.636566 83.628479
v 0.012404 -133.675201 83.821686
v 0.012404 -133.802536 83.920486
v 0.599341 -133.406342 84.225418
v 0.780101 -133.212219 84.501984
v 0.081631 -133.638153 84.178062
v 0.012404 -133.712006 84.108688
v 0.012404 -133.653183 84.311424
v 0.344696 -133.614853 84.239166
v 0.372842 -133.648376 84.430214
v 0.012404 -133.688522 84.457870
v 0.012404 -133.677429 84.637306
v 0.372842 -133.629730 84.653969
v 0.012404 -133.404358 85.181091
v 0.644279 -133.357361 84.980812
v 0.668668 -132.680145 85.130341
v 0.829423 -132.693283 84.495117
v 0.676726 -132.778183 83.826881
v 0.350000 -133.358963 83.234306
v 0.458957 -132.767426 83.215637
v 0.012404 -133.099030 83.176239
v 0.674152 -132.173843 84.400513
v 0.012404 -131.828552 84.815338
v 0.012404 -131.939865 83.860649
v 0.644992 -132.369202 83.821320
v 0.012404 -132.351837 83.319336
v 0.012404 -132.351837 83.319336
v 0.012404 -132.288986 82.641838
v 0.271007 -133.516525 83.574463
v 0.012404 -133.580765 83.166397
v 0.012404 -133.099030 83.176239
v 0.012404 -133.111694 82.547127
v 0.467534 -132.733658 82.711540
v 0.012404 -133.640717 83.473259
v 0.012404 -133.613129 83.542259
v 0.467534 -132.733658 82.711540
v 0.012404 -132.288986 82.641838
v -0.434149 -132.767426 83.215637
v -0.620183 -132.369202 83.821320
v -0.651917 -132.778183 83.826881
v -0.325192 -133.358963 83.234306
v 0.012404 -133.099030 83.176239
v -0.679655 -133.208313 83.822868
v -0.804614 -132.693283 84.495117
v -0.755293 -133.212219 84.501984
v -0.574532 -133.406342 84.225418
v -0.380390 -133.561996 83.966873
v -0.285523 -133.536453 83.667122
v -0.128008 -133.639984 83.902161
v 0.012404 -133.697296 83.667122
v 0.012404 -133.636566 83.628479
v 0.012404 -133.675201 83.821686
v 0.012404 -133.802536 83.920486
v -0.056822 -133.638153 84.178062
v 0.012404 -133.712006 84.108688
v 0.012404 -133.653183 84.311424
v -0.319888 -133.614853 84.239166
v -0.348034 -133.648376 84.430214
v 0.012404 -133.688522 84.457870
v 0.012404 -133.677429 84.637306
v -0.348034 -133.629730 84.653969
v -0.619471 -133.357361 84.980812
v -0.643859 -132.680145 85.130341
v -0.649343 -132.173843 84.400513
v 0.012404 -131.828552 84.815338
v 0.012404 -131.939865 83.860649
v 0.012404 -132.351837 83.319336
v -0.322313 -133.379333 85.102745
v -0.459236 -132.805405 85.302948
v -0.643859 -132.680145 85.130341
v 0.012404 -132.245300 85.295799
v 0.012404 -131.828552 84.815338
v 0.012404 -133.404358 85.181091
v 0.012404 -132.919510 85.405190
v 0.012404 -132.245300 85.295799
v 0.012404 -132.245300 85.295799
v 0.668668 -132.680145 85.130341
v 0.484045 -132.805405 85.302948
v 0.347122 -133.379333 85.102745
v 0.012404 -132.919510 85.405190
v 0.012404 -132.245300 85.295799
v 0.012404 -133.802536 83.920486
v 0.012404 -133.805237 83.956894
v 0.012404 -133.712006 84.108688
v 0.619154 -133.154327 68.875793
v 0.881024 -132.879669 68.875793
v 0.012404 -132.676636 83.603111
v 0.704464 -133.208313 83.822868
v 0.012404 -133.636566 83.628479
v 0.310331 -133.536453 83.667122
v 0.012404 -133.613129 83.542259
v 0.271007 -133.516525 83.574463
v 0.012404 -133.422791 83.322845
v 0.704464 -133.208313 83.822868
v 0.012404 -132.676636 83.603111
v 1.942397 -132.678268 82.536102
v 1.607806 -132.678268 82.516968
v -4.540206 -132.904984 81.523941
v -6.300860 -132.918076 81.552452
v -6.300860 -132.440323 81.552452
v -4.313445 -132.559067 81.425354
v -7.077860 -132.467255 81.580750
v -7.077861 -132.936035 81.580750
v -4.579795 -132.288956 81.881599
v -5.648786 -132.345840 81.938461
v -7.074100 -132.480637 81.850586
v -7.074100 -132.718735 81.968002
v -5.648786 -132.678238 82.065147
v -4.164080 -132.890076 81.536972
v -7.074100 -132.925201 81.850586
v -5.329665 -133.015747 81.832802
v -7.074100 -132.718735 81.968002
v -5.648786 -132.678238 82.065147
v -4.579799 -132.949600 81.941956
v -4.203672 -132.949203 81.966858
v -2.367586 -133.100433 81.685501
v -3.027462 -133.067520 82.195831
v -1.914213 -133.067520 82.412804
v -4.391735 -132.597839 82.148392
v -3.216747 -132.678238 82.294952
v -2.347774 -132.678238 82.496254
v -2.367586 -132.244492 81.606705
v -1.875772 -132.319366 81.549568
v -1.875772 -133.096802 81.549568
v -1.580689 -133.076309 82.409889
v -1.914213 -132.346100 82.464066
v -3.027462 -132.288971 82.107208
v -2.347774 -132.678238 82.496254
v -3.216747 -132.678238 82.294952
v -4.126278 -132.272705 81.893059
v -4.391735 -132.597839 82.148392
v -1.608704 -132.371185 81.322998
v -1.502098 -133.167267 81.322998
v -1.580689 -132.325745 82.426880
v -1.917587 -132.678238 82.536079
v -1.582998 -132.678253 82.516953
v -4.355187 -132.272156 81.886879
v -0.594346 -132.449753 68.875793
v -0.910346 -132.266739 71.382149
v -0.389556 -132.308151 71.593925
v -0.968841 -132.513138 73.058838
v -0.462213 -132.523529 72.977684
v -0.970189 -132.511002 73.598358
v -0.439649 -132.539124 73.509972
v -1.147803 -133.127396 73.350426
v -1.147804 -133.171295 73.623413
v -1.147803 -133.095291 73.087509
v -0.283251 -133.138657 73.254623
v -0.283252 -133.095291 72.949013
v -0.715527 -133.327393 73.018265
v -0.715527 -133.369614 73.285423
v -1.147803 -133.095291 73.087509
v -1.147803 -133.127396 73.350426
v -0.715528 -133.412064 73.554161
v -1.147804 -133.171295 73.623413
v -0.283251 -133.171295 73.484917
v -0.805492 -133.629486 76.088394
v -0.281246 -133.237106 76.277489
v -1.205426 -133.237106 76.416031
v -0.309400 -132.405533 76.120560
v -1.140407 -132.951263 71.227577
v -0.690371 -133.245178 71.333466
v -0.308287 -132.951263 71.439354
v -0.594346 -133.154312 68.875793
v -0.348036 -132.879654 68.875793
v -0.594346 -132.449753 68.875793
v -0.594346 -133.154312 68.875793
v 0.012404 -133.560760 76.376801
v -0.309400 -132.405533 76.120560
v 0.012404 -132.527084 76.250900
v -1.270182 -132.393051 76.156235
v -1.270182 -132.393051 76.156235
v -1.270182 -132.393051 76.156235
v -1.205426 -133.237106 76.416031
v -0.944117 -133.528076 78.856369
v -1.226099 -133.261337 77.246635
v -0.821995 -133.735321 77.065964
v 0.012404 -134.118225 78.877609
v 0.012404 -133.861694 76.941177
v -1.090970 -132.679794 78.887535
v -1.220450 -132.425232 77.246635
v -1.205426 -133.237106 76.416031
v -0.805492 -133.629486 76.088394
v -0.281246 -133.237106 76.277489
v 0.012404 -133.560760 76.376801
v -1.259399 -132.421356 77.014854
v -1.270182 -132.393051 76.156235
v -0.806702 -132.105301 77.072639
v -1.270182 -132.393051 76.156235
v -0.735517 -132.216232 77.589539
v 0.012404 -132.278580 77.794662
v 0.012404 -132.310715 78.877609
v 0.012404 -132.254700 76.695053
v -0.168761 -132.208344 76.437347
v -0.874276 -132.132019 76.541748
v -0.309400 -132.405533 76.120560
v -1.270182 -132.393051 76.156235
v 0.012404 -132.527084 76.250900
v 0.012404 -132.527084 76.250900
v -1.154153 -132.571777 79.716705
v 0.012404 -132.197815 79.766899
v -1.608704 -132.371185 81.322998
v 0.012404 -131.796722 81.336067
v -0.941788 -132.178223 82.548302
v -1.580689 -132.325745 82.426880
v -1.582998 -132.678253 82.516953
v -0.932935 -132.678253 82.564003
v -0.442726 -132.733658 82.711540
v 0.012404 -132.288986 82.641838
v -1.025290 -133.475220 79.716705
v -1.502098 -133.167267 81.322998
v -0.517879 -133.922379 79.783081
v -0.847144 -133.728790 81.226631
v 0.012404 -133.906128 81.418457
v -0.941788 -133.067535 82.416359
v 0.012404 -133.111694 82.547127
v -0.442726 -132.733658 82.711540
v -0.932935 -132.678253 82.564003
v -1.580689 -133.076309 82.409889
v -1.582998 -132.678253 82.516953
v -1.875772 -133.096802 81.549568
v 0.012404 -134.090424 79.786514
v -7.279314 -132.976471 81.539482
v -7.427750 -132.662109 81.547966
v -7.279313 -132.432251 81.539482
v -7.446208 -132.844833 81.398285
v -7.671814 -132.936172 81.390762
v -7.697984 -132.771637 81.550377
v -7.789415 -132.987152 81.503204
v -7.707491 -133.018921 81.643417
v -7.973287 -132.651047 81.764542
v -7.899807 -132.317230 81.640717
v -7.984167 -132.868774 81.784584
v -7.991427 -133.040817 81.797958
v -7.928032 -132.976303 81.351196
v -7.951581 -133.031387 81.470001
v -8.069410 -132.966827 81.358307
v -8.079535 -133.019897 81.451096
v -8.162444 -133.033813 81.308708
v -8.172755 -133.087845 81.403191
v -8.128216 -132.647858 81.636040
v -8.176944 -132.844421 81.635872
v -8.176064 -132.660645 81.448242
v -8.194570 -132.841644 81.454102
v -8.311772 -132.645691 81.376831
v -8.227530 -132.421661 81.386681
v -8.127116 -132.412338 81.434753
v -8.327873 -132.813354 81.379662
v -8.062750 -132.318756 81.625496
v -8.169342 -132.314911 81.691872
v -8.227530 -132.421661 81.386681
v -8.323747 -132.648468 81.680054
v -8.311772 -132.645691 81.376831
v -8.317156 -132.847992 81.679100
v -8.021675 -132.672821 81.948723
v -8.019417 -132.872345 81.942459
v -8.327873 -132.813354 81.379662
v -7.279314 -132.709808 81.981766
v -7.279313 -132.432251 81.840691
v -7.938558 -132.302597 81.818062
v -8.062750 -132.318756 81.625496
v -7.899807 -132.317230 81.640717
v -8.194570 -132.841644 81.454102
v -8.176944 -132.844421 81.635872
v -8.019417 -132.872345 81.942459
v -7.984167 -132.868774 81.784584
v -7.074100 -132.718735 81.968002
v -7.074100 -132.925201 81.850586
v -7.279314 -132.976471 81.828331
v -8.019417 -132.872345 81.942459
v -8.017591 -133.033554 81.937393
v -7.991427 -133.040817 81.797958
v -7.707491 -133.018921 81.643417
v -7.279314 -132.976471 81.539482
v -7.679315 -133.117813 81.460449
v -7.645953 -133.044678 81.334572
v -7.397944 -132.983276 81.389877
v -7.446208 -132.844833 81.398285
v -7.671814 -132.936172 81.390762
v -7.789415 -132.987152 81.503204
v -7.936253 -133.152023 81.418633
v -7.905452 -133.077515 81.288902
v -8.172755 -133.087845 81.403191
v -8.162444 -133.033813 81.308708
v -7.928032 -132.976303 81.351196
v -8.069410 -132.966827 81.358307
v -8.079535 -133.019897 81.451096
v -7.951581 -133.031387 81.470001
v -7.077861 -132.936035 81.580750
v -8.368830 -132.844864 81.783905
v -8.461892 -132.989822 81.489403
v -8.363965 -133.006088 81.781601
v -8.465886 -132.861130 81.487816
v -8.322128 -133.003586 81.520699
v -8.247092 -133.013336 81.701180
v -8.310487 -132.851059 81.527512
v -8.232514 -132.841309 81.696815
v -8.019417 -132.872345 81.942459
v -7.984167 -132.868774 81.784584
v -8.062750 -132.318756 81.625496
v -8.127116 -132.412338 81.434753
v -8.062750 -132.318756 81.625496
v -8.322128 -133.003586 81.520699
v -8.465886 -132.861130 81.487816
v -8.310487 -132.851059 81.527512
v -8.461892 -132.989822 81.489403
v -8.247092 -133.013336 81.701180
v -8.232514 -132.841309 81.696815
v -7.899807 -132.317230 81.640717
v -7.074100 -132.480637 81.850586
v -7.279313 -132.432251 81.539482
v -7.077860 -132.467255 81.580750
v -7.077861 -132.936035 81.580750
v -0.856215 -132.879654 68.875793
v -0.594346 -132.449753 68.875793
v -1.140407 -132.951263 71.227577
v -0.594346 -132.449753 68.875793
v -0.594346 -132.449753 68.505898
v -0.856215 -132.879654 68.505898
v -0.856215 -132.879654 68.875793
v -0.594346 -133.228226 68.523643
v -0.594346 -133.154312 68.875793
v -0.880275 -132.523361 67.862640
v -0.594346 -132.354248 67.868210
v -1.038260 -134.537613 67.862640
v -0.755726 -134.328827 68.173477
v -0.401764 -134.625885 68.047714
v -0.369725 -134.811218 67.910210
v -0.332474 -132.879654 68.505898
v -0.594346 -133.154312 68.875793
v -0.348036 -132.879654 68.875793
v -0.594346 -132.449753 68.505898
v -0.594346 -132.449753 68.875793
v -0.312085 -132.543259 67.862640
v -0.240959 -134.507339 68.073174
v -0.105244 -134.634674 67.862640
v -0.312085 -132.543259 67.862640
v -0.594346 -132.354248 67.868210
v -1.038260 -134.537613 67.862640
v -0.105244 -134.634674 67.862640
v -0.369725 -134.811218 67.910210
v -0.880275 -132.523361 67.862640
v -0.312085 -132.543259 67.862640
v -0.594346 -132.354248 67.868210
v 0.012404 -133.099030 83.176239
v 0.012404 -133.580765 83.166397
v -0.246199 -133.516525 83.574463
v 0.012404 -133.640717 83.473259
v 0.012404 -133.613129 83.542259
v 0.012404 -133.111694 82.547127
v -0.442726 -132.733658 82.711540
v -0.442726 -132.733658 82.711540
v 0.012404 -132.288986 82.641838
v 0.012404 -132.288986 82.641838
v -0.594346 -133.154312 68.875793
v -0.856215 -132.879654 68.875793
v 0.012404 -132.676636 83.603111
v 0.012404 -133.636566 83.628479
v -0.679655 -133.208313 83.822868
v -0.285523 -133.536453 83.667122
v 0.012404 -133.613129 83.542259
v 0.012404 -133.422791 83.322845
v -0.246199 -133.516525 83.574463
v -0.679655 -133.208313 83.822868
v 0.012404 -132.676636 83.603111
v -1.917587 -132.678238 82.536079
v -1.582998 -132.678253 82.516953
vn -0.0207 -0.7165 -0.6973
vn -0.0255 0.4064 -0.9133
vn 0.0683 0.6544 -0.7530
vn 0.0512 -0.6648 -0.7453
vn -0.1115 0.7019 -0.7035
vn -0.1555 -0.7151 -0.6815
vn 0.0472 0.9698 0.2394
vn 0.0518 0.9233 0.3806
vn -0.0312 0.8305 0.5561
vn -0.0001 -0.0580 0.9983
vn 0.0606 -0.0828 0.9947
vn -0.0238 -0.7149 -0.6988
vn -0.0640 -0.8396 0.5394
vn 0.0233 -0.9588 0.2831
vn -0.0001 -0.0581 0.9983
vn -0.0115 -0.8846 0.4663
vn 0.1045 -0.8851 0.4535
vn 0.0490 -0.7943 -0.6056
vn 0.1574 -0.8370 0.5241
vn 0.0418 -0.7795 0.6250
vn 0.0899 0.0816 0.9926
vn 0.1888 0.0760 0.9791
vn 0.2012 0.0172 0.9794
vn 0.0137 0.7476 -0.6640
vn 0.1449 0.7695 -0.6219
vn 0.3050 -0.7575 -0.5772
vn 0.0124 -0.7983 0.6022
vn 0.0300 0.7354 0.6770
vn 0.1404 0.8973 0.4186
vn 0.2012 0.0173 0.9794
vn 0.1889 0.0761 0.9791
vn -0.0079 0.9899 0.1419
vn 0.6213 0.6579 -0.4257
vn 0.7451 -0.6489 -0.1545
vn 0.1109 0.7805 0.6153
vn 0.0129 -0.0413 0.9991
vn 0.0187 -0.0621 0.9979
vn 0.0393 0.9860 0.1620
vn -0.0206 0.9945 -0.1031
vn -0.6581 0.7515 0.0467
vn 0.5405 0.8413 -0.0098
vn 0.5989 0.7992 0.0513
vn -0.6142 0.7848 0.0826
vn 0.5776 0.8144 -0.0562
vn -0.6432 0.7654 -0.0186
vn 0.9292 -0.3643 -0.0629
vn 0.9067 -0.4114 -0.0934
vn 0.9319 -0.3599 -0.0451
vn -0.9159 -0.3950 -0.0722
vn -0.9221 -0.3855 -0.0344
vn 0.0129 -0.9934 -0.1143
vn 0.0202 -0.9888 -0.1481
vn 0.9292 -0.3642 -0.0629
vn 0.0090 -0.9930 -0.1175
vn 0.9067 -0.4113 -0.0933
vn -0.9071 -0.4178 -0.0508
vn 0.0748 -0.9950 -0.0661
vn -0.5270 -0.5581 -0.6409
vn 0.9194 -0.3915 -0.0375
vn -0.5005 0.6828 -0.5322
vn -0.0000 -0.6392 -0.7690
vn -0.0000 0.2789 -0.9603
vn 0.9489 -0.3090 -0.0648
vn -0.0413 -0.9983 -0.0408
vn -0.9262 -0.3765 -0.0197
vn -0.0250 -0.9996 0.0114
vn -0.9950 -0.0997 -0.0033
vn -0.0249 -0.9996 0.0115
vn 0.7460 0.6550 -0.1201
vn 0.7460 0.6551 -0.1201
vn 0.9194 -0.3914 -0.0375
vn 0.8248 -0.5653 0.0116
vn 0.4632 -0.8745 -0.1438
vn 0.9380 -0.3454 0.0288
vn -0.0000 -0.9994 -0.0357
vn -0.0000 -0.9489 -0.3156
vn 0.8721 0.4870 0.0470
vn 0.8568 0.4909 0.1581
vn 0.2500 0.9487 0.1934
vn 0.2160 0.9709 0.1033
vn -0.0000 0.9986 0.0535
vn -0.0000 0.9997 0.0243
vn -0.0000 0.9962 -0.0874
vn -0.3488 0.8709 -0.3462
vn 0.1281 0.9719 -0.1977
vn -0.5004 0.6826 -0.5326
vn -0.0000 0.2788 -0.9604
vn 0.9046 0.4169 0.0894
vn -0.0000 0.9822 -0.1880
vn 0.8165 0.5309 -0.2269
vn 0.6213 0.6579 -0.4256
vn 0.0001 0.9997 -0.0245
vn 0.2083 0.7123 0.6703
vn 0.0188 -0.0621 0.9979
vn 0.2018 -0.1235 0.9716
vn 0.5848 -0.1700 0.7931
vn -0.0000 0.8650 0.5019
vn 0.8616 -0.4983 -0.0966
vn 0.7450 -0.6489 -0.1545
vn 0.4752 -0.8799 -0.0013
vn 0.4556 -0.8692 0.1920
vn 0.0001 -0.9450 0.3271
vn 0.1917 -0.6954 0.6926
vn -0.0000 -0.8719 0.4896
vn 0.5848 -0.1699 0.7932
vn 0.2018 -0.1236 0.9716
vn 0.0124 -0.7983 0.6021
vn 0.0187 -0.0622 0.9979
vn 0.3049 -0.7575 -0.5773
vn -0.0000 -0.9975 0.0711
vn -0.4408 -0.7146 -0.5433
vn -0.1428 0.6660 -0.7322
vn 0.0664 0.2244 -0.9722
vn -0.2909 0.4654 -0.8359
vn 0.2663 0.6342 -0.7258
vn 0.5293 0.4611 -0.7122
vn 0.7577 0.2611 0.5981
vn 0.3919 -0.9200 -0.0021
vn -0.0710 -0.1191 -0.9903
vn 0.0048 0.6478 -0.7618
vn 0.0565 -0.1729 -0.9833
vn 0.0364 -0.8601 -0.5089
vn 0.0372 0.9298 -0.3662
vn 0.1574 0.3023 0.9401
vn 0.2300 0.9586 -0.1679
vn 0.3412 0.3901 0.8552
vn 0.7614 0.1076 -0.6393
vn 0.8707 -0.4075 0.2752
vn -0.8262 -0.1853 -0.5320
vn -0.4532 -0.8363 -0.3085
vn -0.7808 -0.1605 -0.6038
vn -0.5755 -0.6788 -0.4561
vn 0.5409 0.1107 -0.8338
vn 0.3291 0.5226 -0.7865
vn -0.6583 0.4081 -0.6326
vn 0.5062 -0.4561 -0.7319
vn -0.2582 0.7436 -0.6168
vn 0.5537 0.7935 0.2526
vn -0.6583 0.4080 -0.6326
vn 0.9119 0.1643 0.3761
vn 0.7131 -0.6401 0.2860
vn 0.3472 0.1581 0.9244
vn 0.2479 -0.0155 0.9687
vn -0.0382 -0.0074 0.9992
vn -0.1313 0.8359 0.5330
vn 0.0834 0.8229 0.5620
vn -0.2582 0.7435 -0.6168
vn -0.5756 -0.6787 -0.4561
vn -0.1428 0.6659 -0.7322
vn -0.0002 -0.0580 0.9983
vn -0.1279 -0.8683 0.4793
vn 0.2478 -0.0155 0.9687
vn 0.1066 -0.6639 0.7402
vn 0.3918 -0.9201 -0.0020
vn -0.4408 -0.7146 -0.5432
vn -0.0846 -0.9894 0.1179
vn -0.2199 -0.3368 -0.9156
vn -0.5528 -0.4068 -0.7272
vn 0.2663 0.6342 -0.7259
vn 0.7577 0.2611 0.5980
vn 0.0964 -0.9590 0.2667
vn -0.0475 -0.2948 -0.9544
vn 0.8707 -0.4075 0.2753
vn 0.2299 0.9586 -0.1678
vn 0.3413 0.3901 0.8552
vn 0.1573 0.3024 0.9401
vn -0.1555 -0.7151 -0.6816
vn 0.5824 0.6226 0.5227
vn 0.5984 -0.6225 0.5044
vn 0.6294 -0.5263 -0.5717
vn 0.6350 0.5145 -0.5763
vn -0.4564 -0.6399 -0.6182
vn -0.3260 -0.8379 -0.4377
vn -0.5050 0.6148 -0.6058
vn -0.4123 0.8067 -0.4234
vn 0.0565 -0.1728 -0.9833
vn -0.2581 0.7436 -0.6168
vn 0.5537 0.7935 0.2525
vn -0.6582 0.4080 -0.6326
vn -0.2581 0.7435 -0.6169
vn 0.6350 0.5144 -0.5763
vn 0.6295 -0.5263 -0.5717
vn -0.4122 0.8067 -0.4235
vn 0.0048 0.6479 -0.7617
vn -0.1115 0.7019 -0.7034
vn -0.4407 -0.7146 -0.5432
vn 0.9936 -0.0970 -0.0580
vn -0.0205 0.9945 -0.1031
vn 0.9488 -0.3090 -0.0648
vn 0.9707 0.0618 0.2320
vn -0.0073 0.9718 0.2357
vn -0.0146 -0.5522 0.8336
vn -0.0250 -0.9996 0.0115
vn 0.7029 0.4519 -0.5492
vn -0.0227 0.8451 -0.5341
vn 0.7602 -0.5759 -0.3009
vn 0.3118 -0.3877 0.8675
vn -0.0509 -0.5387 0.8410
vn -0.1106 -0.9868 -0.1181
vn -0.9677 0.0694 0.2422
vn -0.0249 -0.9996 0.0114
vn -0.7060 0.4350 -0.5589
vn -0.4635 -0.3405 0.8181
vn -0.7877 -0.5043 -0.3540
vn -0.0226 0.8451 -0.5342
vn 0.7602 -0.5758 -0.3009
vn -0.7876 -0.5043 -0.3540
vn 0.5204 -0.8431 -0.1356
vn 0.3902 -0.3321 -0.8588
vn 0.8660 -0.3393 -0.3673
vn 0.4696 -0.8810 -0.0579
vn 0.0001 -0.9060 -0.4233
vn -0.0000 -0.2956 -0.9553
vn -0.0000 -0.9721 -0.2347
vn -0.0001 -0.9207 -0.3902
vn 0.7290 -0.6804 -0.0754
vn 0.9295 -0.3665 0.0422
vn 0.3696 -0.9278 0.0501
vn -0.0001 -0.9486 0.3164
vn -0.0000 -0.9958 -0.0920
vn 0.3630 -0.9175 -0.1626
vn 0.4282 -0.9022 -0.0520
vn -0.0000 -0.9968 -0.0794
vn -0.0000 -0.9670 0.2547
vn 0.3939 -0.8925 0.2199
vn -0.0000 -0.6636 0.7481
vn 0.7030 -0.5379 0.4653
vn 0.7993 0.2380 0.5517
vn 0.9929 0.1153 0.0301
vn 0.9537 0.0578 -0.2953
vn 0.6052 -0.4003 -0.6881
vn 0.9124 0.1030 -0.3960
vn -0.0000 -0.5389 -0.8424
vn 0.7735 0.6333 0.0229
vn -0.0000 0.9397 0.3419
vn -0.0000 0.9230 -0.3848
vn 0.8148 0.4648 -0.3465
vn -0.0000 0.9164 -0.4002
vn -0.0000 0.8650 0.5018
vn 0.0980 -0.6530 0.7510
vn -0.0000 -0.6883 -0.7254
vn -0.0000 -0.8719 0.4897
vn 0.9125 0.1029 -0.3960
vn 0.5849 -0.1700 0.7931
vn -0.0000 -0.9995 0.0322
vn -0.0000 -0.3630 0.9318
vn 0.5849 -0.1699 0.7931
vn -0.0000 0.8649 0.5019
vn 0.9124 0.1029 -0.3961
vn -0.9124 0.1030 -0.3960
vn -0.8148 0.4648 -0.3465
vn -0.0000 0.9164 -0.4003
vn -0.9537 0.0578 -0.2953
vn -0.6052 -0.4003 -0.6881
vn -0.8660 -0.3393 -0.3673
vn -0.9929 0.1153 0.0301
vn -0.9295 -0.3665 0.0422
vn -0.7290 -0.6804 -0.0754
vn -0.5204 -0.8431 -0.1356
vn -0.3901 -0.3321 -0.8588
vn -0.4696 -0.8810 -0.0579
vn -0.0001 -0.9060 -0.4233
vn 0.0001 -0.9208 -0.3901
vn -0.3696 -0.9278 0.0501
vn -0.0000 -0.9486 0.3164
vn -0.0000 -0.9958 -0.0921
vn -0.3630 -0.9175 -0.1626
vn -0.4282 -0.9022 -0.0520
vn -0.3939 -0.8925 0.2199
vn -0.7030 -0.5379 0.4653
vn -0.7994 0.2380 0.5517
vn -0.7735 0.6333 0.0229
vn -0.0000 0.9230 -0.3849
vn -0.2775 -0.6404 0.7162
vn -0.4654 -0.0145 0.8850
vn -0.7993 0.2380 0.5518
vn -0.0000 0.5765 0.8171
vn -0.0000 -0.1608 0.9870
vn -0.0000 0.5766 0.8171
vn 0.7993 0.2380 0.5518
vn -0.0001 0.9397 0.3419
vn 0.4654 -0.0144 0.8850
vn 0.2775 -0.6404 0.7162
vn -0.0000 -0.1609 0.9870
vn -0.0000 -0.9208 -0.3901
vn -0.0000 -0.9693 0.2460
vn -0.4696 -0.8810 -0.0580
vn 0.9936 -0.0970 -0.0581
vn -0.0000 -0.9997 -0.0252
vn 0.8660 -0.3392 -0.3673
vn 0.3902 -0.3322 -0.8587
vn 0.0001 -0.3630 0.9318
vn 0.0980 -0.6529 0.7510
vn -0.0000 0.2087 0.9780
vn 0.8660 -0.3393 -0.3674
vn -0.0001 -0.9997 -0.0253
vn 0.0129 -0.0414 0.9991
vn 0.0206 -0.7165 -0.6973
vn -0.0512 -0.6648 -0.7453
vn -0.0684 0.6545 -0.7530
vn 0.0255 0.4064 -0.9133
vn 0.1115 0.7020 -0.7034
vn 0.1554 -0.7151 -0.6815
vn -0.0472 0.9698 0.2394
vn -0.0518 0.9233 0.3806
vn 0.0312 0.8305 0.5561
vn 0.0001 -0.0580 0.9983
vn -0.0606 -0.0828 0.9947
vn 0.0238 -0.7149 -0.6988
vn 0.0640 -0.8396 0.5394
vn -0.0233 -0.9588 0.2831
vn 0.0002 -0.0581 0.9983
vn 0.0115 -0.8846 0.4663
vn -0.1045 -0.8851 0.4535
vn -0.0490 -0.7943 -0.6056
vn -0.1574 -0.8370 0.5241
vn -0.0418 -0.7795 0.6250
vn -0.0899 0.0816 0.9926
vn -0.1888 0.0761 0.9791
vn -0.2012 0.0172 0.9794
vn -0.0138 0.7477 -0.6639
vn -0.1449 0.7695 -0.6219
vn -0.3050 -0.7575 -0.5772
vn -0.0124 -0.7983 0.6021
vn -0.0300 0.7354 0.6770
vn -0.1404 0.8972 0.4186
vn -0.1889 0.0761 0.9790
vn 0.0079 0.9899 0.1419
vn -0.6213 0.6579 -0.4257
vn -0.7450 -0.6489 -0.1545
vn -0.1108 0.7805 0.6153
vn -0.0129 -0.0413 0.9991
vn -0.0187 -0.0621 0.9979
vn -0.0393 0.9860 0.1620
vn 0.0206 0.9945 -0.1031
vn -0.5405 0.8413 -0.0098
vn 0.6581 0.7515 0.0467
vn -0.5989 0.7992 0.0513
vn 0.6142 0.7848 0.0826
vn -0.5787 0.8139 -0.0515
vn 0.6432 0.7654 -0.0186
vn -0.9292 -0.3642 -0.0629
vn -0.9073 -0.4103 -0.0921
vn -0.9319 -0.3600 -0.0451
vn 0.9158 -0.3950 -0.0722
vn 0.9221 -0.3855 -0.0343
vn -0.0129 -0.9934 -0.1143
vn -0.0202 -0.9888 -0.1481
vn -0.9319 -0.3599 -0.0452
vn -0.0090 -0.9930 -0.1174
vn -0.9073 -0.4103 -0.0920
vn 0.9071 -0.4178 -0.0508
vn -0.0791 -0.9950 -0.0610
vn 0.5270 -0.5581 -0.6409
vn -0.9190 -0.3927 -0.0351
vn 0.4751 0.6905 -0.5455
vn -0.9489 -0.3090 -0.0648
vn 0.0413 -0.9983 -0.0408
vn 0.9262 -0.3765 -0.0197
vn 0.0250 -0.9996 0.0114
vn 0.9950 -0.0997 -0.0033
vn 0.0249 -0.9996 0.0114
vn -0.0000 -0.6392 -0.7691
vn -0.7847 0.6061 -0.1301
vn -0.9073 -0.4102 -0.0921
vn -0.9190 -0.3926 -0.0351
vn -0.8248 -0.5653 0.0116
vn -0.9359 -0.3513 0.0240
vn -0.4613 -0.8752 -0.1456
vn -0.8721 0.4870 0.0470
vn -0.8543 0.4923 0.1670
vn -0.0790 -0.9950 -0.0610
vn -0.8987 0.4321 0.0746
vn -0.2246 0.9701 0.0923
vn -0.7846 0.6061 -0.1301
vn -0.2500 0.9487 0.1934
vn 0.3489 0.8709 -0.3462
vn -0.2186 0.9527 -0.2111
vn 0.4750 0.6905 -0.5455
vn -0.7847 0.6060 -0.1302
vn -0.0000 0.2788 -0.9603
vn -0.8165 0.5309 -0.2268
vn -0.0000 0.9997 -0.0245
vn -0.2083 0.7123 0.6703
vn -0.1109 0.7805 0.6153
vn -0.2018 -0.1235 0.9716
vn -0.5848 -0.1700 0.7931
vn -0.8616 -0.4983 -0.0966
vn -0.7450 -0.6489 -0.1544
vn -0.4749 -0.8800 -0.0010
vn -0.4559 -0.8691 0.1918
vn -0.0001 -0.9450 0.3271
vn -0.1916 -0.6954 0.6926
vn -0.5849 -0.1699 0.7931
vn -0.2018 -0.1236 0.9716
vn -0.0188 -0.0622 0.9979
vn -0.3050 -0.7575 -0.5773
vn 0.4407 -0.7146 -0.5433
vn -0.0664 0.2244 -0.9722
vn 0.1427 0.6660 -0.7322
vn 0.2909 0.4655 -0.8359
vn -0.2663 0.6342 -0.7258
vn -0.5293 0.4611 -0.7122
vn -0.7577 0.2611 0.5981
vn -0.3918 -0.9200 -0.0020
vn 0.0710 -0.1191 -0.9903
vn -0.0048 0.6478 -0.7618
vn -0.0565 -0.1729 -0.9833
vn -0.0364 -0.8601 -0.5089
vn -0.0373 0.9298 -0.3662
vn -0.1574 0.3024 0.9401
vn -0.2299 0.9586 -0.1678
vn -0.3412 0.3901 0.8552
vn -0.7614 0.1076 -0.6393
vn -0.8707 -0.4075 0.2752
vn 0.8262 -0.1853 -0.5320
vn 0.4532 -0.8363 -0.3085
vn 0.7808 -0.1605 -0.6038
vn 0.5755 -0.6788 -0.4562
vn -0.5409 0.1107 -0.8338
vn -0.3291 0.5226 -0.7865
vn 0.6582 0.4081 -0.6327
vn -0.5062 -0.4561 -0.7320
vn 0.2582 0.7436 -0.6168
vn -0.5537 0.7935 0.2525
vn 0.6582 0.4080 -0.6326
vn -0.9119 0.1643 0.3761
vn -0.7131 -0.6401 0.2860
vn -0.3472 0.1581 0.9244
vn -0.2479 -0.0155 0.9687
vn 0.0382 -0.0074 0.9992
vn 0.1312 0.8359 0.5330
vn -0.0834 0.8229 0.5620
vn 0.2581 0.7436 -0.6169
vn 0.5756 -0.6787 -0.4562
vn -0.2478 -0.0155 0.9687
vn 0.1427 0.6659 -0.7322
vn 0.1279 -0.8683 0.4793
vn -0.1066 -0.6639 0.7401
vn -0.3918 -0.9201 -0.0020
vn 0.4408 -0.7146 -0.5432
vn 0.0847 -0.9894 0.1179
vn 0.2199 -0.3368 -0.9156
vn 0.5528 -0.4068 -0.7272
vn 0.2909 0.4654 -0.8359
vn -0.2663 0.6342 -0.7259
vn -0.7577 0.2612 0.5981
vn -0.0963 -0.9590 0.2667
vn 0.0475 -0.2948 -0.9544
vn -0.8707 -0.4076 0.2752
vn -0.2300 0.9586 -0.1678
vn -0.3412 0.3902 0.8552
vn -0.1573 0.3024 0.9401
vn 0.1555 -0.7151 -0.6816
vn -0.5823 0.6226 0.5228
vn -0.6295 -0.5263 -0.5717
vn -0.5983 -0.6225 0.5044
vn -0.6350 0.5145 -0.5763
vn 0.4564 -0.6399 -0.6183
vn 0.3261 -0.8379 -0.4377
vn 0.5051 0.6148 -0.6057
vn 0.4123 0.8067 -0.4235
vn 0.2581 0.7436 -0.6168
vn 0.6582 0.4081 -0.6326
vn -0.5537 0.7935 0.2526
vn 0.4564 -0.6399 -0.6182
vn -0.6294 -0.5263 -0.5717
vn 0.4123 0.8067 -0.4234
vn -0.0048 0.6479 -0.7617
vn 0.0313 0.8305 0.5561
vn 0.1428 0.6659 -0.7322
vn 0.1116 0.7020 -0.7034
vn 0.1555 -0.7151 -0.6815
vn -0.9936 -0.0970 -0.0581
vn 0.0205 0.9945 -0.1031
vn -0.9488 -0.3090 -0.0648
vn 0.0073 0.9718 0.2356
vn -0.9707 0.0618 0.2321
vn -0.9936 -0.0970 -0.0580
vn 0.0146 -0.5522 0.8336
vn -0.7029 0.4519 -0.5493
vn 0.0226 0.8451 -0.5342
vn -0.7602 -0.5759 -0.3009
vn -0.3118 -0.3877 0.8675
vn 0.0509 -0.5386 0.8410
vn 0.1106 -0.9868 -0.1181
vn 0.9677 0.0694 0.2422
vn 0.0073 0.9718 0.2357
vn 0.7060 0.4350 -0.5589
vn 0.4635 -0.3405 0.8181
vn 0.7877 -0.5043 -0.3540
vn 0.7061 0.4349 -0.5589
vn -0.7601 -0.5759 -0.3009
vn 0.7876 -0.5043 -0.3540
vn -0.7029 0.4519 -0.5492
vn -0.0980 -0.6530 0.7510
vn -0.0000 -0.5389 -0.8423
vn -0.9125 0.1029 -0.3960
vn -0.5849 -0.1700 0.7931
vn -0.9124 0.1029 -0.3961
vn -0.0000 -0.2955 -0.9553
vn -0.8660 -0.3394 -0.3674
vn -0.3902 -0.3322 -0.8587
vn -0.0000 0.2088 0.9780
vn -0.0980 -0.6529 0.7510
vn -0.0129 -0.0414 0.9991
vn -0.0187 -0.0622 0.9979
vt 0.730382 0.103619
vt 0.705649 0.144477
vt 0.906050 0.162418
vt 0.907543 0.101904
vt 0.999984 0.166941
vt 1.001061 0.095946
vt 0.733494 0.205318
vt 0.838940 0.209383
vt 0.991053 0.210366
vt 0.981648 0.252295
vt 0.840260 0.252371
vt 0.689743 0.104698
vt 0.991405 0.052870
vt 0.810174 0.064464
vt 0.981657 0.011468
vt 0.840250 0.011429
vt 0.734207 0.056759
vt 0.693123 0.056174
vt 0.518060 0.096757
vt 0.575201 0.047645
vt 0.473165 0.043970
vt 0.716055 0.011396
vt 0.597290 0.011359
vt 0.510869 0.011322
vt 0.522475 0.164896
vt 0.485011 0.157654
vt 0.479927 0.107408
vt 0.445175 0.049232
vt 0.473366 0.225391
vt 0.579352 0.211659
vt 0.510849 0.252622
vt 0.597275 0.252464
vt 0.688056 0.203710
vt 0.716059 0.252303
vt 0.459430 0.138427
vt 0.448360 0.105872
vt 0.445220 0.217118
vt 0.468555 0.252667
vt 0.435264 0.252667
vt 0.710772 0.204691
vt 0.809314 0.993189
vt 0.844593 0.748486
vt 0.799681 0.766537
vt 0.795370 0.616810
vt 0.844460 0.624653
vt 0.796731 0.566457
vt 0.846052 0.573862
vt 0.737687 0.589384
vt 0.737679 0.566887
vt 0.737691 0.611583
vt 0.903594 0.595045
vt 0.902086 0.622902
vt 0.947494 0.615460
vt 0.947980 0.591500
vt 0.993009 0.611673
vt 0.993010 0.589483
vt 0.948583 0.568105
vt 0.993012 0.566905
vt 0.904969 0.574145
vt 0.939443 0.344499
vt 0.898532 0.361084
vt 0.993076 0.320695
vt 0.854260 0.365264
vt 0.915162 0.347050
vt 0.854851 0.350073
vt 0.993004 0.780156
vt 0.944441 0.769131
vt 0.900724 0.759988
vt 0.936461 0.995025
vt 0.880074 0.997653
vt 0.789589 0.353336
vt 0.737576 0.320774
vt 0.459999 0.699940
vt 0.421847 0.911548
vt 0.493482 0.874305
vt 0.334346 0.703269
vt 0.334346 0.906337
vt 0.574509 0.696105
vt 0.570429 0.874521
vt 0.490508 0.948126
vt 0.334346 0.965522
vt 0.365140 0.975937
vt 0.420117 0.965795
vt 0.650541 0.838561
vt 0.643075 0.892767
vt 0.726515 0.817051
vt 0.726515 0.703484
vt 0.726515 0.932364
vt 0.709975 0.959389
vt 0.635989 0.948441
vt 0.695226 0.983366
vt 0.579503 0.979625
vt 0.726515 0.978941
vt 0.572418 0.925007
vt 0.726515 0.610225
vt 0.575486 0.609180
vt 0.574131 0.447552
vt 0.726515 0.445670
vt 0.628909 0.318546
vt 0.561909 0.331279
vt 0.561667 0.289065
vt 0.629838 0.284131
vt 0.681244 0.268659
vt 0.726515 0.308737
vt 0.465542 0.609718
vt 0.497836 0.448231
vt 0.389955 0.608312
vt 0.424485 0.456931
vt 0.334346 0.436815
vt 0.434410 0.332167
vt 0.334346 0.318454
vt 0.382074 0.269755
vt 0.433481 0.285227
vt 0.501409 0.332846
vt 0.501652 0.290161
vt 0.532354 0.423067
vt 0.334346 0.607952
vt 0.079805 0.232283
vt 0.164710 0.210607
vt 0.122523 0.194649
vt 0.082536 0.195321
vt 0.065738 0.163787
vt 0.098907 0.148763
vt 0.061632 0.142152
vt 0.067395 0.121429
vt 0.123677 0.114515
vt 0.175785 0.114562
vt 0.094627 0.115280
vt 0.071940 0.113520
vt 0.035702 0.148111
vt 0.041923 0.132093
vt 0.020229 0.138299
vt 0.026355 0.125859
vt 0.005702 0.131286
vt 0.011940 0.118620
vt 0.124248 0.087244
vt 0.097369 0.085301
vt 0.124231 0.055219
vt 0.098622 0.055224
vt 0.124118 0.033753
vt 0.158367 0.040381
vt 0.164154 0.054336
vt 0.099739 0.035139
vt 0.171577 0.088395
vt 0.192231 0.080816
vt 0.172887 0.036601
vt 0.229659 0.051083
vt 0.207206 0.014433
vt 0.253565 0.037615
vt 0.259273 0.099604
vt 0.295568 0.088781
vt 0.225257 0.005464
vt 0.257519 0.214069
vt 0.210893 0.208562
vt 0.203087 0.112287
vt 0.256732 0.004405
vt 0.275505 0.029551
vt 0.296663 0.056271
vt 0.254448 0.243670
vt 0.287294 0.248875
vt 0.299549 0.220380
vt 0.323300 0.104611
vt 0.343328 0.116239
vt 0.349575 0.166371
vt 0.341191 0.234380
vt 0.379236 0.180734
vt 0.393815 0.198439
vt 0.369935 0.227020
vt 0.383913 0.245331
vt 0.408148 0.211617
vt 0.372524 0.153454
vt 0.406401 0.154959
vt 0.418570 0.170953
vt 0.432503 0.130104
vt 0.445823 0.142555
vt 0.433494 0.180403
vt 0.448844 0.163198
vt 0.412154 0.127150
vt 0.395815 0.139939
vt 0.325332 0.261049
vt 0.344700 0.051550
vt 0.359289 0.070966
vt 0.389947 0.045029
vt 0.374202 0.026325
vt 0.391323 0.064504
vt 0.369359 0.086828
vt 0.352694 0.023153
vt 0.330809 0.036634
vt 0.068269 0.054545
vt 0.088448 0.054365
vt 0.085147 0.033440
vt 0.068311 0.035581
vt 0.069129 0.082960
vt 0.091835 0.081384
vt 0.214759 0.239928
vt 0.170727 0.242683
vt 0.094294 0.262400
vt 0.737783 0.987757
vt 0.737708 0.780107
vt 0.274783 0.263290
vt 0.251897 0.284556
vt 0.265085 0.304716
vt 0.290410 0.280108
vt 0.230808 0.322133
vt 0.234686 0.293532
vt 0.317161 0.315098
vt 0.326877 0.296848
vt 0.247112 0.446506
vt 0.230894 0.421947
vt 0.204488 0.436013
vt 0.200804 0.450038
vt 0.202857 0.296193
vt 0.220949 0.280878
vt 0.186739 0.265822
vt 0.206200 0.254811
vt 0.152216 0.291162
vt 0.194174 0.426648
vt 0.177297 0.438725
vt 0.148125 0.271043
vt 0.109679 0.437051
vt 0.158639 0.453515
vt 0.110675 0.292890
vt 0.130164 0.279394
vt 0.048936 0.787641
vt 0.037433 0.823986
vt 0.095670 0.805101
vt 0.018334 0.795488
vt 0.001309 0.823986
vt 0.001309 0.828672
vt 0.001309 0.805245
vt 0.001309 0.793266
vt 0.072476 0.756292
vt 0.104842 0.722758
vt 0.009703 0.762035
vt 0.001309 0.770446
vt 0.001309 0.745864
vt 0.041600 0.754625
vt 0.045013 0.731461
vt 0.001309 0.728107
vt 0.001309 0.706350
vt 0.045012 0.704329
vt 0.000634 0.640415
vt 0.080537 0.664700
vt 0.172489 0.654188
vt 0.168984 0.731210
vt 0.146949 0.810560
vt 0.044855 0.876465
vt 0.134665 0.883862
vt 0.053879 0.921862
vt 0.230813 0.753236
vt 0.327296 0.709405
vt 0.289853 0.844016
vt 0.198004 0.819694
vt 0.222406 0.906637
vt 0.208321 0.985394
vt 0.032665 0.835220
vt 0.001309 0.884699
vt 0.068912 0.997425
vt 0.136690 0.961832
vt 0.001309 0.847491
vt 0.001309 0.839125
vt 0.041894 0.649915
vt 0.070649 0.583980
vt 0.103642 0.580263
vt 0.049090 0.502723
vt 0.103028 0.449168
vt 0.013527 0.576938
vt 0.001309 0.788851
vt 0.992969 0.987765
vt 0.232379 0.916718
vt 0.282941 0.969753
vt 0.311768 0.908112
vt 0.306313 0.933309
vt 0.220304 0.994415
vt 0.243005 0.989735
vt 0.222758 0.978624
vt 0.468563 0.011307
vt 0.435273 0.011298
s 1
usemtl enemy_tonnel
f 1/1/1 2/2/2 3/3/3
f 1/1/1 3/3/3 4/4/4
f 4/4/4 3/3/3 5/5/5
f 4/4/4 5/5/5 6/6/6
f 3/3/3 2/2/2 7/7/7
f 3/3/3 7/7/7 8/8/8
f 5/5/5 3/3/3 8/8/8
f 5/5/5 8/8/8 9/9/9
f 10/10/10 9/9/9 8/8/8
f 10/10/10 8/8/8 11/11/11
f 11/11/11 8/8/8 7/7/7
f 1/1/1 12/12/12 2/2/2
f 4/4/4 6/6/6 13/13/13
f 14/14/14 4/4/4 13/13/13
f 1/1/1 4/4/4 14/14/14
f 14/14/14 13/13/13 15/15/15
f 14/14/14 15/15/15 16/16/11
f 16/16/11 17/17/16 14/14/14
f 1/1/1 14/14/14 17/17/16
f 18/18/17 12/12/12 1/1/1
f 18/18/17 1/1/1 17/17/16
f 18/18/17 19/19/18 12/12/12
f 18/18/17 20/20/19 19/19/18
f 20/20/19 21/21/20 19/19/18
f 22/22/21 20/20/19 18/18/17
f 16/16/11 22/22/21 17/17/16
f 18/18/17 17/17/16 22/22/21
f 22/22/21 23/23/22 20/20/19
f 24/24/23 21/21/20 20/20/19
f 24/24/23 20/20/19 23/23/22
f 25/25/24 12/12/12 19/19/18
f 26/26/25 25/25/24 19/19/18
f 26/26/25 19/19/18 27/27/26
f 19/19/18 21/21/20 27/27/26
f 21/21/20 28/28/27 27/27/26
f 29/29/28 25/25/24 26/26/25
f 29/29/28 30/30/29 25/25/24
f 30/30/29 29/29/28 31/31/30
f 30/30/29 31/31/30 32/32/31
f 33/33/32 30/30/29 32/32/31
f 33/33/32 32/32/31 34/34/21
f 27/27/26 35/35/33 26/26/25
f 27/27/26 36/36/34 35/35/33
f 35/35/33 37/37/35 26/26/25
f 37/37/35 29/29/28 26/26/25
f 37/37/35 38/38/36 29/29/28
f 31/31/30 29/29/28 38/38/36
f 37/37/35 39/39/37 38/38/36
f 30/30/29 33/33/32 2/2/2
f 30/30/29 2/2/2 25/25/24
f 25/25/24 2/2/2 12/12/12
f 2/2/2 33/33/32 40/40/38
f 40/40/38 33/33/32 34/34/21
f 7/7/7 40/40/38 34/34/21
f 7/7/7 2/2/2 40/40/38
f 11/11/11 7/7/7 34/34/21
f 41/41/39 42/42/40 43/43/41
f 42/42/40 44/44/42 43/43/41
f 42/42/40 45/45/43 44/44/42
f 45/45/43 46/46/44 44/44/42
f 45/45/43 47/47/45 46/46/44
f 48/48/46 44/44/42 46/46/44
f 49/49/47 48/48/46 46/46/44
f 48/48/46 50/50/48 44/44/42
f 43/43/41 44/44/42 50/50/48
f 51/51/49 47/47/45 45/45/43
f 52/52/50 51/51/49 45/45/43
f 52/52/50 45/45/43 42/42/40
f 51/51/49 52/52/50 53/53/51
f 51/51/49 53/53/51 54/54/52
f 54/54/52 53/53/51 55/55/48
f 54/54/52 55/55/48 56/56/53
f 57/57/54 54/54/52 56/56/53
f 57/57/54 56/56/53 58/58/55
f 59/59/56 51/51/49 54/54/52
f 59/59/56 54/54/52 57/57/54
f 51/51/49 59/59/56 47/47/45
f 59/59/56 57/57/54 60/60/57
f 60/60/57 57/57/54 58/58/55
f 59/59/56 60/60/57 61/61/58
f 47/47/45 59/59/56 61/61/58
f 60/60/57 58/58/55 62/62/59
f 47/47/45 61/61/58 63/63/60
f 64/64/61 63/63/60 61/61/58
f 64/64/61 65/65/62 63/63/60
f 53/53/51 66/66/63 55/55/48
f 53/53/51 67/67/64 66/66/63
f 53/53/51 52/52/50 68/68/65
f 53/53/51 68/68/65 67/67/64
f 69/69/66 66/66/63 67/67/64
f 68/68/65 69/69/66 67/67/64
f 52/52/50 42/42/40 68/68/65
f 42/42/40 70/70/67 68/68/65
f 42/42/40 71/41/39 70/70/67
f 68/68/65 70/70/67 72/69/68
f 63/63/60 73/71/69 46/46/44
f 63/63/60 46/46/44 47/47/45
f 74/71/69 49/49/47 46/46/44
f 75/71/70 76/72/71 49/49/55
f 77/73/72 78/74/73 79/75/74
f 77/73/72 80/76/75 78/74/73
f 80/76/75 81/77/76 78/74/73
f 79/75/74 82/78/77 77/73/72
f 79/75/74 83/79/78 82/78/77
f 79/75/74 78/74/73 84/80/59
f 78/74/73 81/77/76 85/81/61
f 78/74/73 85/81/61 86/82/58
f 86/82/58 87/83/57 78/74/73
f 78/74/73 87/83/57 84/80/59
f 82/78/77 83/79/78 88/84/79
f 89/85/80 88/84/79 83/79/78
f 89/85/80 90/86/81 88/84/79
f 91/87/82 88/84/79 90/86/81
f 91/87/82 82/78/77 88/84/79
f 92/88/83 90/86/81 89/85/80
f 92/88/83 89/85/80 93/89/84
f 89/85/80 94/90/85 93/89/84
f 93/89/84 94/90/85 95/91/86
f 94/90/85 89/85/80 96/92/70
f 97/93/62 92/88/83 93/89/84
f 98/93/87 93/89/84 95/91/86
f 89/85/80 83/79/78 99/94/88
f 89/85/80 99/94/88 96/92/70
f 99/94/88 83/79/78 79/75/74
f 99/94/88 79/75/74 84/80/59
f 100/92/70 99/94/88 84/80/59
f 94/90/85 101/92/70 95/91/86
f 91/87/82 102/95/89 103/96/90
f 91/87/82 103/96/90 82/78/77
f 102/95/89 104/97/91 103/96/90
f 102/95/89 105/98/92 104/97/91
f 105/98/92 106/99/93 104/97/91
f 107/100/35 104/97/91 106/99/93
f 106/99/93 108/101/94 107/100/35
f 106/99/93 109/102/95 108/101/94
f 110/103/96 109/102/95 106/99/93
f 106/99/93 111/104/97 110/103/96
f 105/98/92 111/104/97 106/99/93
f 77/73/72 82/78/77 103/96/90
f 77/73/72 103/96/90 112/105/98
f 113/106/99 112/105/98 103/96/90
f 113/106/99 103/96/90 104/97/91
f 113/106/99 114/107/100 112/105/98
f 77/73/72 112/105/98 114/107/100
f 113/106/99 115/108/101 114/107/100
f 115/108/101 116/109/102 114/107/100
f 116/109/102 115/108/101 117/110/103
f 117/110/103 115/108/101 113/106/99
f 116/109/102 117/110/103 118/111/104
f 117/110/103 119/112/105 118/111/104
f 117/110/103 120/113/106 119/112/105
f 120/113/106 117/110/103 121/114/107
f 120/113/106 121/114/107 122/115/108
f 77/73/72 114/107/100 80/76/75
f 117/110/103 113/106/99 123/116/109
f 117/110/103 123/116/109 121/114/107
f 80/76/75 114/107/100 124/117/110
f 114/107/100 116/109/102 124/117/110
f 125/118/111 126/119/112 127/120/113
f 128/121/114 125/118/111 127/120/113
f 127/120/113 129/122/115 128/121/114
f 127/120/113 130/123/116 129/122/115
f 129/122/115 130/123/116 131/124/117
f 130/123/116 132/125/118 131/124/117
f 133/126/119 130/123/116 127/120/113
f 127/120/113 134/127/120 133/126/119
f 130/123/116 133/126/119 135/128/121
f 130/123/116 135/128/121 132/125/118
f 135/128/121 136/129/122 132/125/118
f 137/130/123 129/122/115 131/124/117
f 137/130/123 131/124/117 138/131/124
f 139/132/125 137/130/123 138/131/124
f 139/132/125 138/131/124 140/133/126
f 141/134/127 139/132/125 140/133/126
f 141/134/127 140/133/126 142/135/128
f 135/128/121 133/126/119 143/136/129
f 135/128/121 143/136/129 144/137/130
f 144/137/130 143/136/129 145/138/131
f 144/137/130 145/138/131 146/139/132
f 145/138/131 147/140/133 146/139/132
f 148/141/134 147/140/133 145/138/131
f 149/142/135 148/141/134 145/138/131
f 143/136/129 149/142/135 145/138/131
f 147/140/133 150/143/136 146/139/132
f 143/136/129 151/144/137 149/142/135
f 152/145/138 153/146/134 149/142/139
f 154/147/140 153/146/134 152/145/138
f 154/147/140 155/148/133 153/146/134
f 156/149/141 155/148/133 154/147/140
f 157/150/142 156/149/141 154/147/140
f 154/147/140 152/145/138 157/150/142
f 157/150/142 158/151/143 156/149/141
f 156/149/141 159/152/136 155/148/133
f 158/151/143 157/150/142 160/153/144
f 157/150/142 161/154/145 160/153/144
f 157/150/142 162/155/146 161/154/145
f 152/145/138 162/155/146 157/150/142
f 162/155/146 152/145/138 163/144/147
f 164/127/120 162/155/146 163/144/147
f 161/154/145 162/155/146 164/127/120
f 156/149/141 165/156/148 159/152/136
f 156/149/141 166/157/130 165/156/148
f 167/151/143 166/157/130 156/149/141
f 167/151/143 168/158/121 166/157/130
f 126/119/149 161/154/145 164/127/120
f 161/154/145 169/159/150 160/153/144
f 170/160/13 160/153/144 169/159/150
f 170/160/13 171/161/151 160/153/144
f 172/151/152 160/153/144 171/161/151
f 173/162/153 172/151/152 171/161/151
f 171/161/151 174/163/122 173/162/153
f 171/161/151 175/164/154 174/163/122
f 171/161/151 176/165/155 175/164/154
f 170/160/13 176/165/155 171/161/151
f 177/166/156 175/164/154 176/165/155
f 176/165/155 178/167/157 177/166/156
f 176/165/155 179/168/158 178/167/157
f 180/169/114 179/168/158 176/165/155
f 178/167/157 179/168/158 180/169/114
f 178/167/157 180/169/114 181/170/159
f 177/166/156 182/171/160 175/164/154
f 178/167/157 183/172/161 177/166/156
f 178/167/157 184/173/162 183/172/161
f 181/170/159 184/173/162 178/167/157
f 184/173/162 185/174/163 183/172/161
f 184/173/162 186/175/127 185/174/163
f 181/170/159 187/176/123 184/173/162
f 187/176/123 186/175/127 184/173/162
f 187/176/123 188/177/164 186/175/127
f 189/178/165 183/172/161 185/174/163
f 189/178/165 190/179/166 183/172/161
f 190/179/166 182/171/160 177/166/156
f 190/179/166 177/166/156 183/172/161
f 170/160/13 191/180/167 176/165/155
f 192/181/168 193/182/169 194/183/170
f 192/181/168 194/183/170 195/184/171
f 172/151/152 193/182/169 192/181/168
f 172/151/152 173/162/153 193/182/169
f 193/182/169 196/185/172 194/183/170
f 193/182/169 197/186/173 196/185/172
f 173/162/153 197/186/173 193/182/169
f 173/162/153 174/163/122 197/186/173
f 192/181/168 195/184/171 198/187/174
f 192/181/168 198/187/174 199/188/175
f 200/151/143 192/181/168 199/188/175
f 200/151/143 199/188/175 201/158/176
f 202/144/177 152/145/178 203/142/179
f 133/126/119 134/127/120 151/144/180
f 133/126/119 204/144/137 143/136/129
f 205/189/172 206/190/174 207/191/181
f 205/189/172 207/191/181 208/192/182
f 209/193/173 206/190/174 205/189/172
f 209/193/173 210/194/183 206/190/174
f 135/128/121 210/194/183 209/193/173
f 136/129/122 135/128/121 209/193/173
f 126/119/112 211/127/184 127/120/113
f 161/154/145 212/195/9 169/159/150
f 213/119/112 212/195/9 161/154/145
f 213/119/112 214/196/185 212/195/9
f 215/197/6 214/196/185 213/119/112
f 215/197/6 213/119/112 125/118/186
f 216/198/187 217/41/188 43/43/41
f 216/198/187 43/43/41 218/199/189
f 218/199/189 43/43/41 50/50/48
f 219/200/188 220/201/187 221/202/190
f 219/200/188 221/202/190 222/203/191
f 220/201/187 223/204/192 221/202/190
f 220/201/187 224/205/193 223/204/192
f 221/202/190 225/206/194 222/203/191
f 222/203/191 225/206/194 226/207/195
f 221/202/190 227/208/196 225/206/194
f 221/202/190 223/204/192 228/209/197
f 221/202/190 228/209/197 227/208/196
f 229/210/198 227/208/196 228/209/197
f 223/204/192 229/210/198 228/209/197
f 229/210/198 230/211/199 227/208/196
f 223/204/192 231/212/200 229/210/198
f 232/205/201 231/212/200 223/204/192
f 232/205/201 233/213/67 231/212/200
f 233/213/67 234/214/191 231/212/200
f 233/213/67 235/215/39 234/214/191
f 234/214/191 236/216/202 231/212/200
f 231/212/200 237/217/203 229/210/198
f 237/217/203 231/212/200 238/218/204
f 229/210/198 237/217/203 238/218/204
f 229/210/198 238/218/204 230/211/199
f 231/212/200 236/216/202 238/218/204
f 234/214/191 239/219/205 240/216/202
f 241/220/206 242/221/199 243/218/207
f 244/222/194 241/220/206 243/218/207
f 244/222/194 243/218/207 245/216/202
f 246/223/205 244/222/194 245/216/202
f 247/224/208 248/225/209 249/226/210
f 247/224/208 250/227/211 248/225/209
f 250/227/211 251/228/212 248/225/209
f 252/229/213 248/225/209 251/228/212
f 251/228/212 250/227/211 253/230/214
f 253/230/214 250/227/211 254/231/215
f 249/226/210 255/232/216 247/224/208
f 249/226/210 256/233/217 255/232/216
f 250/227/211 247/224/208 257/234/218
f 258/235/219 250/227/211 257/234/218
f 258/235/219 257/234/218 259/236/220
f 247/224/208 260/237/221 257/234/218
f 247/224/208 255/232/216 260/237/221
f 261/238/222 259/236/220 257/234/218
f 257/234/218 260/237/221 261/238/222
f 260/237/221 255/232/216 261/238/222
f 255/232/216 256/233/217 261/238/222
f 259/236/220 261/238/222 262/239/223
f 262/239/223 261/238/222 263/240/224
f 261/238/222 264/241/225 263/240/224
f 256/233/217 264/241/225 261/238/222
f 263/240/224 264/241/225 265/242/226
f 266/243/227 264/241/225 256/233/217
f 266/243/227 256/233/217 267/244/228
f 256/233/217 268/245/229 267/244/228
f 249/226/210 268/245/229 256/233/217
f 249/226/210 269/246/230 268/245/229
f 270/247/231 269/246/230 249/226/210
f 270/247/231 271/248/232 269/246/230
f 270/247/231 272/249/233 271/248/232
f 268/245/229 273/250/234 267/244/228
f 269/246/230 273/250/234 268/245/229
f 274/251/235 267/244/228 273/250/234
f 274/251/235 273/250/234 275/252/236
f 275/252/236 273/250/234 276/253/237
f 271/248/232 276/253/237 269/246/230
f 269/246/230 276/253/237 273/250/234
f 275/252/236 276/253/237 277/254/238
f 271/248/232 278/254/238 276/253/237
f 279/255/239 278/254/238 271/248/232
f 270/247/231 249/226/210 280/256/240
f 281/257/241 270/247/231 280/256/240
f 270/247/231 281/257/241 282/249/233
f 282/249/233 283/258/242 271/248/243
f 283/258/242 284/259/244 271/248/243
f 285/260/245 281/257/241 280/256/240
f 286/261/246 285/260/245 280/256/240
f 287/259/247 288/255/248 271/248/249
f 289/248/250 290/253/251 278/254/252
f 289/248/250 291/246/253 290/253/251
f 292/247/254 291/246/253 289/248/250
f 292/247/254 289/248/250 293/249/233
f 292/247/254 294/226/255 291/246/253
f 294/226/255 295/245/256 291/246/253
f 294/226/255 296/233/257 295/245/256
f 294/226/255 297/232/258 296/233/257
f 294/226/255 298/224/259 297/232/258
f 298/224/259 294/226/255 299/225/260
f 298/224/259 299/225/260 300/227/261
f 300/227/261 299/225/260 301/228/262
f 302/229/213 301/228/262 299/225/260
f 301/228/262 303/230/214 300/227/261
f 303/230/214 304/231/263 300/227/261
f 300/227/261 305/234/264 298/224/259
f 306/235/265 305/234/264 300/227/261
f 306/235/265 307/236/266 305/234/264
f 298/224/259 305/234/264 308/237/267
f 298/224/259 308/237/267 297/232/258
f 309/238/268 305/234/264 307/236/266
f 305/234/264 309/238/268 308/237/267
f 308/237/267 309/238/268 297/232/258
f 297/232/258 309/238/268 296/233/257
f 307/236/266 310/239/223 309/238/268
f 310/239/223 311/240/224 309/238/268
f 309/238/268 311/240/224 312/241/269
f 296/233/257 309/238/268 312/241/269
f 313/243/270 296/233/257 312/241/269
f 313/243/270 314/244/271 296/233/257
f 296/233/257 314/244/271 295/245/256
f 295/245/256 314/244/271 315/250/272
f 316/251/235 315/250/272 314/244/271
f 316/251/235 317/252/273 315/250/272
f 317/252/273 290/253/251 315/250/272
f 317/252/273 318/254/252 290/253/251
f 291/246/253 295/245/256 315/250/272
f 291/246/253 315/250/272 290/253/251
f 313/243/270 312/241/269 319/262/274
f 319/262/274 320/263/275 313/243/270
f 313/243/270 320/263/275 321/264/276
f 321/264/276 320/263/275 322/265/277
f 322/265/277 323/266/235 321/264/276
f 319/262/274 312/241/269 324/242/226
f 320/263/275 319/262/274 324/242/226
f 311/240/224 324/242/226 312/241/269
f 320/263/275 324/242/226 325/267/278
f 326/265/279 320/263/275 325/267/278
f 327/265/277 328/264/280 323/266/281
f 328/264/280 327/265/277 329/263/282
f 266/243/227 328/264/280 329/263/282
f 330/262/283 266/243/227 329/263/282
f 266/243/227 330/262/283 264/241/225
f 330/262/283 265/242/226 264/241/225
f 329/263/282 265/242/226 330/262/283
f 329/263/282 331/267/284 265/242/226
f 332/265/279 331/267/284 329/263/282
f 333/231/285 250/227/211 334/268/286
f 250/227/211 335/235/265 334/268/286
f 333/231/285 334/268/286 300/227/287
f 300/227/287 334/268/286 335/235/265
f 336/69/66 337/269/288 66/66/189
f 338/270/289 339/271/290 340/272/213
f 339/271/290 341/273/291 340/272/213
f 342/274/292 343/275/293 344/276/294
f 343/275/293 345/271/295 344/276/294
f 346/270/296 344/276/294 345/271/295
f 347/277/297 348/278/37 21/21/20
f 24/24/23 347/277/297 21/21/20
f 348/278/37 28/28/27 21/21/20
f 349/1/298 350/4/299 351/3/300
f 349/1/298 351/3/300 352/2/301
f 350/4/299 353/5/302 351/3/300
f 350/4/299 354/6/303 353/5/302
f 351/3/300 355/7/304 352/2/301
f 351/3/300 356/8/305 355/7/304
f 353/5/302 356/8/305 351/3/300
f 353/5/302 357/9/306 356/8/305
f 358/10/307 356/8/305 357/9/306
f 358/10/307 359/11/308 356/8/305
f 359/11/308 355/7/304 356/8/305
f 349/1/298 352/2/301 360/12/309
f 350/4/299 361/13/310 354/6/303
f 362/14/311 361/13/310 350/4/299
f 349/1/298 362/14/311 350/4/299
f 362/14/311 363/15/312 361/13/310
f 362/14/311 364/16/308 363/15/312
f 364/16/308 362/14/311 365/17/313
f 349/1/298 365/17/313 362/14/311
f 366/18/314 365/17/313 349/1/298
f 366/18/314 349/1/298 360/12/309
f 366/18/314 360/12/309 367/19/315
f 366/18/314 367/19/315 368/20/316
f 368/20/316 367/19/315 369/21/317
f 370/22/318 366/18/314 368/20/316
f 364/16/308 365/17/313 370/22/318
f 366/18/314 370/22/318 365/17/313
f 370/22/318 368/20/316 371/23/319
f 372/24/320 368/20/316 369/21/317
f 372/24/320 371/23/319 368/20/316
f 373/25/321 367/19/315 360/12/309
f 374/26/322 367/19/315 373/25/321
f 374/26/322 375/27/323 367/19/315
f 367/19/315 375/27/323 369/21/317
f 369/21/317 375/27/323 376/28/324
f 377/29/325 374/26/322 373/25/321
f 377/29/325 373/25/321 378/30/326
f 378/30/326 379/31/320 377/29/325
f 378/30/326 380/32/327 379/31/320
f 381/33/328 380/32/327 378/30/326
f 381/33/328 382/34/318 380/32/327
f 375/27/323 374/26/322 383/35/329
f 375/27/323 383/35/329 384/36/330
f 383/35/329 374/26/322 385/37/331
f 385/37/331 374/26/322 377/29/325
f 385/37/331 377/29/325 386/38/332
f 379/31/320 386/38/332 377/29/325
f 385/37/331 386/38/332 387/39/333
f 378/30/326 352/2/301 381/33/328
f 378/30/326 373/25/321 352/2/301
f 373/25/321 360/12/309 352/2/301
f 352/2/301 388/40/334 381/33/328
f 388/40/334 382/34/318 381/33/328
f 355/7/304 382/34/318 388/40/334
f 355/7/304 388/40/334 352/2/301
f 359/11/308 382/34/318 355/7/304
f 389/41/335 390/43/336 391/42/337
f 391/42/337 390/43/336 392/44/338
f 391/42/337 392/44/338 393/45/339
f 393/45/339 392/44/338 394/46/340
f 393/45/339 394/46/340 395/47/341
f 396/48/342 394/46/340 392/44/338
f 397/49/343 394/46/340 396/48/342
f 396/48/342 392/44/338 398/50/344
f 390/43/336 398/50/344 392/44/338
f 399/51/345 393/45/339 395/47/341
f 400/52/346 393/45/339 399/51/345
f 400/52/346 391/42/337 393/45/339
f 399/51/345 401/53/347 400/52/346
f 399/51/345 402/54/348 401/53/347
f 402/54/348 403/55/349 401/53/347
f 402/54/348 404/56/342 403/55/349
f 405/57/350 404/56/342 402/54/348
f 405/57/350 406/58/351 404/56/342
f 407/59/352 405/57/350 402/54/348
f 407/59/352 402/54/348 399/51/345
f 399/51/345 395/47/341 407/59/352
f 407/59/352 408/60/353 405/57/350
f 408/60/353 406/58/351 405/57/350
f 407/59/352 409/61/354 408/60/353
f 395/47/341 409/61/354 407/59/352
f 408/60/353 410/62/355 406/58/351
f 395/47/341 411/63/356 409/61/354
f 401/53/347 403/55/349 412/66/357
f 401/53/347 412/66/357 413/67/358
f 401/53/347 414/68/359 400/52/346
f 401/53/347 413/67/358 414/68/359
f 415/69/360 413/67/358 412/66/357
f 414/68/359 413/67/358 415/69/360
f 400/52/346 414/68/359 391/42/337
f 391/42/337 414/68/359 416/70/361
f 391/42/337 416/70/361 417/41/335
f 414/68/359 418/69/362 416/70/361
f 419/64/363 409/61/354 420/63/356
f 419/64/363 420/63/356 421/65/62
f 411/63/356 394/46/340 422/71/364
f 411/63/356 395/47/341 394/46/340
f 423/71/364 394/46/340 397/49/343
f 424/71/364 397/49/365 425/72/366
f 426/73/367 427/75/368 428/74/369
f 426/73/367 428/74/369 429/76/75
f 429/76/75 428/74/369 430/77/76
f 427/75/368 426/73/367 431/78/370
f 427/75/368 431/78/370 432/79/371
f 428/74/369 427/75/368 433/80/355
f 428/74/369 433/80/355 434/83/372
f 435/82/354 428/74/369 434/83/372
f 428/74/369 436/81/61 430/77/76
f 428/74/369 435/82/354 436/81/61
f 437/94/373 433/80/355 427/75/368
f 437/94/373 427/75/368 432/79/371
f 438/92/364 433/80/355 437/94/373
f 439/85/374 437/94/373 432/79/371
f 437/94/373 439/85/374 440/92/375
f 439/85/374 432/79/371 441/84/376
f 431/78/370 441/84/376 432/79/371
f 439/85/374 441/84/376 442/86/81
f 443/87/82 442/86/81 441/84/376
f 443/87/82 441/84/376 431/78/370
f 444/88/83 439/85/374 442/86/81
f 444/88/83 445/89/377 439/85/374
f 439/85/374 445/89/377 446/90/378
f 439/85/374 446/90/378 440/92/375
f 446/90/378 445/89/377 447/91/379
f 448/92/380 446/90/378 447/91/379
f 449/93/381 445/89/377 444/88/83
f 450/93/62 447/91/379 445/89/377
f 443/87/82 431/78/370 451/96/382
f 443/87/82 451/96/382 452/95/89
f 452/95/89 451/96/382 453/97/329
f 452/95/89 453/97/329 454/98/383
f 454/98/383 453/97/329 455/99/384
f 456/100/385 455/99/384 453/97/329
f 455/99/384 456/100/385 457/101/333
f 455/99/384 457/101/333 458/102/386
f 459/103/387 455/99/384 458/102/386
f 455/99/384 459/103/387 460/104/97
f 454/98/383 455/99/384 460/104/97
f 426/73/367 451/96/382 431/78/370
f 426/73/367 461/105/388 451/96/382
f 462/106/389 453/97/329 451/96/382
f 462/106/389 451/96/382 461/105/388
f 462/106/389 461/105/388 463/107/390
f 426/73/367 463/107/390 461/105/388
f 462/106/389 463/107/390 464/108/391
f 464/108/391 463/107/390 465/109/392
f 465/109/392 466/110/393 464/108/391
f 466/110/393 462/106/389 464/108/391
f 465/109/392 467/111/104 466/110/393
f 466/110/393 467/111/104 468/112/394
f 466/110/393 468/112/394 469/113/395
f 469/113/395 470/114/324 466/110/393
f 469/113/395 471/115/396 470/114/324
f 426/73/367 429/76/75 463/107/390
f 466/110/393 472/116/397 462/106/389
f 466/110/393 470/114/324 472/116/397
f 429/76/75 473/117/110 463/107/390
f 463/107/390 473/117/110 465/109/392
f 474/118/398 475/120/399 476/119/400
f 477/121/401 475/120/399 474/118/398
f 475/120/399 477/121/401 478/122/402
f 475/120/399 478/122/402 479/123/403
f 478/122/402 480/124/404 479/123/403
f 479/123/403 480/124/404 481/125/405
f 482/126/406 475/120/399 479/123/403
f 475/120/399 482/126/406 483/127/407
f 479/123/403 484/128/408 482/126/406
f 479/123/403 481/125/405 484/128/408
f 484/128/408 481/125/405 485/129/409
f 486/130/410 480/124/404 478/122/402
f 486/130/410 487/131/411 480/124/404
f 488/132/412 487/131/411 486/130/410
f 488/132/412 489/133/413 487/131/411
f 490/134/414 489/133/413 488/132/412
f 490/134/414 491/135/415 489/133/413
f 484/128/408 492/136/416 482/126/406
f 484/128/408 493/137/417 492/136/416
f 493/137/417 494/138/418 492/136/416
f 493/137/417 495/139/419 494/138/418
f 494/138/418 495/139/419 496/140/420
f 497/141/421 494/138/418 496/140/420
f 498/142/422 494/138/418 497/141/421
f 492/136/416 494/138/418 498/142/422
f 496/140/420 495/139/419 499/143/423
f 492/136/416 498/142/422 500/144/424
f 501/145/425 498/142/426 502/146/421
f 503/147/427 501/145/425 502/146/421
f 503/147/427 502/146/421 504/148/420
f 505/149/428 503/147/427 504/148/420
f 506/150/429 503/147/427 505/149/428
f 503/147/427 506/150/429 501/145/425
f 506/150/429 505/149/428 507/151/430
f 505/149/428 504/148/420 508/152/423
f 507/151/430 509/153/431 506/150/429
f 506/150/429 509/153/431 510/154/432
f 506/150/429 510/154/432 511/155/433
f 501/145/425 506/150/429 511/155/433
f 511/155/433 512/144/434 501/145/425
f 513/127/407 512/144/434 511/155/433
f 510/154/432 513/127/407 511/155/433
f 505/149/428 508/152/423 514/156/435
f 505/149/428 514/156/435 515/157/417
f 516/151/436 505/149/428 515/157/417
f 516/151/436 515/157/417 517/158/408
f 476/119/437 513/127/407 510/154/432
f 510/154/432 509/153/431 518/159/312
f 519/160/310 518/159/312 509/153/431
f 519/160/310 509/153/431 520/161/438
f 521/151/430 520/161/438 509/153/431
f 522/162/439 520/161/438 521/151/430
f 520/161/438 522/162/439 523/163/409
f 520/161/438 523/163/409 524/164/440
f 520/161/438 524/164/440 525/165/441
f 519/160/310 520/161/438 525/165/441
f 526/166/442 525/165/441 524/164/440
f 525/165/441 526/166/442 527/167/443
f 525/165/441 527/167/443 528/168/444
f 529/169/445 525/165/441 528/168/444
f 527/167/443 529/169/445 528/168/444
f 527/167/443 530/170/446 529/169/445
f 526/166/442 524/164/440 531/171/447
f 527/167/443 526/166/442 532/172/448
f 527/167/443 532/172/448 533/173/449
f 530/170/446 527/167/443 533/173/449
f 533/173/449 532/172/448 534/174/450
f 533/173/449 534/174/450 535/175/414
f 530/170/446 533/173/449 536/176/410
f 536/176/410 533/173/449 535/175/414
f 536/176/410 535/175/414 537/177/451
f 538/178/452 534/174/450 532/172/448
f 538/178/452 532/172/448 539/179/453
f 539/179/453 532/172/448 526/166/442
f 539/179/453 526/166/442 531/171/447
f 519/160/310 525/165/441 540/180/454
f 541/181/455 542/183/456 543/182/457
f 541/181/455 544/184/458 542/183/456
f 521/151/430 541/181/455 543/182/457
f 521/151/430 543/182/457 522/162/439
f 543/182/457 542/183/456 545/185/459
f 543/182/457 545/185/459 546/186/460
f 522/162/439 543/182/457 546/186/460
f 522/162/439 546/186/460 523/163/409
f 541/181/455 547/187/461 544/184/458
f 541/181/455 548/188/462 547/187/461
f 549/151/430 548/188/462 541/181/455
f 549/151/430 550/158/408 548/188/462
f 551/144/463 552/142/464 501/145/465
f 482/126/406 500/144/434 483/127/407
f 482/126/406 492/136/416 553/144/424
f 554/189/466 555/191/458 556/190/461
f 554/189/466 557/192/467 555/191/458
f 558/193/460 554/189/466 556/190/461
f 558/193/460 556/190/461 559/194/468
f 484/128/408 558/193/460 559/194/468
f 485/129/409 558/193/460 484/128/408
f 476/119/400 475/120/399 560/127/469
f 476/119/437 510/154/432 561/195/470
f 510/154/432 518/159/312 561/195/470
f 562/119/471 561/195/470 563/196/472
f 564/197/473 562/119/471 563/196/472
f 564/197/473 474/118/441 562/119/471
f 565/198/474 390/43/336 566/41/475
f 565/198/474 567/199/476 390/43/336
f 567/199/476 398/50/344 390/43/336
f 568/200/335 569/203/477 570/202/478
f 568/200/335 570/202/478 571/201/479
f 571/201/479 570/202/478 572/204/480
f 571/201/479 572/204/480 573/205/360
f 570/202/478 569/203/477 574/206/481
f 569/203/477 575/207/482 574/206/481
f 570/202/478 574/206/481 576/208/483
f 570/202/478 577/209/484 572/204/480
f 570/202/478 576/208/483 577/209/484
f 578/210/485 577/209/484 576/208/483
f 572/204/480 577/209/484 578/210/485
f 578/210/485 576/208/483 579/211/486
f 572/204/480 578/210/485 580/212/487
f 581/205/362 572/204/480 580/212/487
f 581/205/362 580/212/487 582/213/361
f 582/213/361 580/212/487 583/214/488
f 582/213/361 583/214/488 584/215/335
f 583/214/488 580/212/487 585/216/489
f 580/212/487 578/210/485 586/217/490
f 586/217/490 587/218/491 580/212/487
f 578/210/485 587/218/491 586/217/490
f 578/210/485 579/211/486 587/218/491
f 580/212/487 587/218/491 585/216/489
f 583/214/488 588/216/492 589/219/482
f 590/220/493 591/218/494 592/221/486
f 593/222/495 591/218/494 590/220/493
f 593/222/495 594/216/489 591/218/494
f 595/223/482 594/216/489 593/222/495
f 292/247/254 596/249/233 597/257/241
f 597/257/241 598/256/496 292/247/254
f 599/260/245 598/256/496 597/257/241
f 600/261/246 598/256/496 599/260/245
f 292/247/254 598/256/496 294/226/255
f 596/249/497 289/248/498 601/258/104
f 601/258/104 289/248/498 602/259/499
f 603/259/394 289/248/500 604/255/248
f 605/255/248 289/248/250 278/254/252
f 606/69/360 412/66/476 607/269/479
f 608/270/289 609/272/501 610/271/502
f 610/271/502 609/272/501 611/273/503
f 612/274/292 613/276/504 614/275/505
f 614/275/505 613/276/504 615/271/255
f 616/270/289 615/271/255 613/276/504
f 617/277/506 369/21/317 618/278/507
f 372/24/320 369/21/317 617/277/506
f 618/278/507 369/21/317 376/28/324
o Object_33.001
v 0.289380 1.656635 -0.133673
v 0.241396 1.651530 -0.190642
v 0.408253 1.356448 -0.060183
v 0.429846 1.406079 0.007759
v 0.473690 1.248703 0.003991
v 0.494876 1.297401 0.070656
v 0.307896 1.622118 -0.264121
v 0.415015 1.455836 -0.156897
v 0.516760 1.261455 -0.015904
v 0.546124 1.290899 0.008605
v 0.450112 1.495448 -0.119718
v 0.286764 1.666183 -0.136808
v 0.536852 1.307639 0.047321
v 0.404016 1.567060 -0.078921
v 0.546124 1.290899 0.008605
v 0.450112 1.495448 -0.119718
v 0.360673 1.672343 -0.157436
v 0.360762 1.675018 -0.163709
v 0.304683 1.964084 0.003974
v 0.391721 1.876799 -0.084603
v 0.411280 2.073724 -0.026596
v 0.362216 1.670468 -0.241105
v 0.375979 1.869837 -0.163489
v 0.396321 2.024935 -0.120670
v 0.217352 2.006016 -0.118667
v 0.208230 2.082415 -0.069985
v 0.276182 2.041228 0.046922
v 0.328064 2.090649 0.057134
v 0.356367 2.114166 -0.139028
v 0.309591 1.914203 -0.194848
v 0.396321 2.024935 -0.120670
v 0.375979 1.869837 -0.163489
v 0.288166 1.692971 -0.270444
v 0.362216 1.670468 -0.241105
v 0.244869 2.088098 -0.133351
v 0.227985 1.985080 -0.031981
v 0.331676 2.203347 -0.019805
v 0.396884 2.099123 -0.094863
v 0.340241 2.158750 0.028300
v 0.297483 1.656969 -0.268499
v -0.173704 -0.000275 -0.024496
v -0.182875 0.495430 -0.046655
v -0.090802 0.451565 -0.056859
v -0.061359 0.754987 -0.010741
v -0.154095 0.745569 -0.006526
v -0.060210 0.813062 -0.031926
v -0.156298 0.806923 -0.014064
v -0.022016 0.820645 0.092466
v -0.020027 0.881731 0.063715
v -0.025855 0.757592 0.094244
v -0.179383 0.813397 0.105009
v -0.184192 0.741542 0.098217
v -0.103936 0.749281 0.138418
v -0.098836 0.825915 0.138962
v -0.025855 0.757592 0.094244
v -0.022016 0.820645 0.092466
v -0.095703 0.899035 0.110899
v -0.020027 0.881731 0.063715
v -0.177147 0.867953 0.085341
v -0.071708 1.303571 -0.112532
v -0.171136 1.297107 -0.186217
v -0.003199 1.310393 -0.208376
v -0.172321 1.232103 -0.345707
v -0.240996 1.290221 -0.184932
v -0.224473 1.303538 -0.373071
v -0.047478 0.420245 0.066317
v -0.126646 0.443835 0.121977
v -0.196238 0.467434 0.070473
v -0.170402 -0.001143 0.103563
v -0.216383 0.001784 0.054812
v -0.173704 -0.000275 -0.024496
v -0.170402 -0.001143 0.103563
v -0.003047 1.179030 -0.323726
v -0.003047 1.179030 -0.323726
v -0.003047 1.179030 -0.323726
v -0.003199 1.310393 -0.208376
v 0.000554 1.696923 -0.086018
v -0.075912 1.379015 -0.117199
v 0.010561 1.414262 -0.189202
v -0.181103 1.710617 0.006657
v -0.230882 1.379091 -0.110613
v 0.044138 1.726850 -0.233459
v 0.025797 1.443108 -0.337689
v -0.003199 1.310393 -0.208376
v -0.240996 1.290221 -0.184932
v -0.171136 1.297107 -0.186217
v -0.071708 1.303571 -0.112532
v -0.047032 1.525847 -0.368604
v -0.046784 1.436559 -0.406483
v -0.175986 1.583368 -0.359995
v -0.145984 1.772591 -0.314174
v -0.206620 1.390935 -0.404968
v -0.180659 1.341514 -0.420307
v -0.050251 1.340207 -0.420499
v -0.172321 1.232103 -0.345707
v -0.003047 1.179030 -0.323726
v -0.224473 1.303538 -0.373071
v -0.224473 1.303538 -0.373071
v 0.025360 1.400085 -0.346770
v -0.003047 1.179030 -0.323726
v -0.003047 1.179030 -0.323726
v -0.120034 1.996311 -0.225677
v 0.070371 1.881944 -0.244679
v 0.244869 2.088098 -0.133351
v -0.003441 2.235631 -0.099776
v 0.247103 2.278828 0.034417
v 0.331676 2.203347 -0.019805
v 0.340241 2.158750 0.028300
v 0.246771 2.201998 0.086920
v 0.177393 2.259495 0.155455
v 0.095662 2.330929 0.113470
v 0.051303 1.775135 -0.119141
v 0.227985 1.985080 -0.031981
v -0.026642 1.753576 -0.025720
v 0.115776 1.935162 0.067108
v 0.008048 1.980351 0.186619
v 0.235487 2.143387 0.123952
v 0.090636 2.216096 0.210737
v 0.177393 2.259495 0.155455
v 0.246771 2.201998 0.086920
v 0.328064 2.090649 0.057134
v 0.340241 2.158750 0.028300
v 0.276182 2.041228 0.046922
v -0.113796 1.760732 0.025104
v 0.519397 1.234413 0.107628
v 0.475307 1.253158 0.021051
v 0.496786 1.219305 0.050548
v 0.487453 1.205571 0.090296
v 0.495879 1.162434 0.095645
v 0.508741 1.167952 0.056102
v 0.519447 1.143088 0.090049
v 0.543984 1.160362 0.087896
v 0.536507 1.129556 0.008585
v 0.488613 1.150545 -0.031845
v 0.557512 1.120699 0.041220
v 0.573692 1.113867 0.067247
v 0.495249 1.114769 0.093986
v 0.519248 1.112041 0.092621
v 0.497044 1.090365 0.085821
v 0.516521 1.089347 0.086709
v 0.495341 1.070266 0.096256
v 0.515169 1.069230 0.097160
v 0.516912 1.098753 0.011235
v 0.533294 1.083386 0.040410
v 0.487914 1.084622 0.025601
v 0.503711 1.075288 0.053145
v 0.476450 1.059210 0.022826
v 0.459060 1.082056 -0.009922
v 0.465114 1.101428 -0.010752
v 0.490655 1.050676 0.048589
v 0.487883 1.121337 -0.037483
v 0.499416 1.104532 -0.047792
v 0.459060 1.082056 -0.009922
v 0.526056 1.065487 -0.000498
v 0.476450 1.059210 0.022826
v 0.542003 1.059750 0.031602
v 0.568676 1.125426 -0.004163
v 0.583799 1.118777 0.028153
v 0.490655 1.050676 0.048589
v 0.569652 1.255973 0.031288
v 0.524244 1.261585 -0.002049
v 0.516623 1.149179 -0.049449
v 0.487883 1.121337 -0.037483
v 0.488613 1.150545 -0.031845
v 0.503711 1.075288 0.053145
v 0.533294 1.083386 0.040410
v 0.583799 1.118777 0.028153
v 0.557512 1.120699 0.041220
v 0.546124 1.290899 0.008605
v 0.536852 1.307639 0.047321
v 0.566329 1.242495 0.085477
v 0.583799 1.118777 0.028153
v 0.596020 1.113403 0.054268
v 0.573692 1.113867 0.067247
v 0.543984 1.160362 0.087896
v 0.519397 1.234413 0.107628
v 0.521991 1.156804 0.118875
v 0.495283 1.161685 0.118337
v 0.496825 1.209076 0.115052
v 0.487453 1.205571 0.090296
v 0.495879 1.162434 0.095645
v 0.519447 1.143088 0.090049
v 0.520524 1.109152 0.116414
v 0.493105 1.113520 0.115840
v 0.515169 1.069230 0.097160
v 0.495341 1.070266 0.096256
v 0.495249 1.114769 0.093986
v 0.497044 1.090365 0.085821
v 0.516521 1.089347 0.086709
v 0.519248 1.112041 0.092621
v 0.494876 1.297401 0.070656
v 0.559290 1.053678 0.020832
v 0.571930 1.048919 0.046866
v 0.524114 1.024037 0.062453
v 0.513469 1.027721 0.041928
v 0.528922 1.049081 0.068284
v 0.558289 1.067026 0.059243
v 0.517555 1.056579 0.044003
v 0.543496 1.075399 0.032839
v 0.583799 1.118777 0.028153
v 0.557512 1.120699 0.041220
v 0.487883 1.121337 -0.037483
v 0.465114 1.101428 -0.010752
v 0.487883 1.121337 -0.037483
v 0.528922 1.049081 0.068284
v 0.517555 1.056579 0.044003
v 0.513469 1.027721 0.041928
v 0.524114 1.024037 0.062453
v 0.558289 1.067026 0.059243
v 0.543496 1.075399 0.032839
v 0.488613 1.150545 -0.031845
v 0.516760 1.261455 -0.015904
v 0.475307 1.253158 0.021051
v 0.473690 1.248703 0.003991
v 0.494876 1.297401 0.070656
v -0.124172 -0.003558 0.052399
v -0.173704 -0.000275 -0.024496
v -0.047478 0.420245 0.066317
v -0.173704 -0.000275 -0.024496
v -0.124172 -0.003558 0.052399
v -0.123451 -0.059925 0.060910
v -0.166304 -0.080233 -0.017371
v -0.174582 -0.051010 0.120914
v -0.170402 -0.001143 0.103563
v -0.101966 -0.185353 0.019667
v -0.151923 -0.196482 -0.012422
v -0.093932 -0.114312 0.380002
v -0.149294 -0.072576 0.330327
v -0.213491 -0.092907 0.385531
v -0.218258 -0.111797 0.423149
v -0.217889 -0.071741 0.057753
v -0.170402 -0.001143 0.103563
v -0.216383 0.001784 0.054812
v -0.166304 -0.080233 -0.017371
v -0.173704 -0.000275 -0.024496
v -0.204622 -0.197506 0.019791
v -0.241818 -0.095992 0.362534
v -0.263155 -0.132113 0.391696
v -0.151923 -0.196482 -0.012422
v -0.204622 -0.197506 0.019791
v -0.093932 -0.114312 0.380002
v -0.218258 -0.111797 0.423149
v -0.263155 -0.132113 0.391696
v -0.101966 -0.185353 0.019667
v -0.204622 -0.197506 0.019791
v -0.151923 -0.196482 -0.012422
v 0.256988 2.340611 0.409182
v 0.213809 2.314066 0.382340
v 0.280555 2.294371 0.334477
v 0.210529 2.352895 0.420846
v 0.164237 2.333179 0.413435
v 0.162473 2.332799 0.400474
v 0.180507 2.354647 0.422399
v 0.185988 2.357724 0.451025
v 0.316989 2.365111 0.401669
v 0.378161 2.396215 0.389623
v 0.227756 2.395844 0.444142
v 0.208011 2.388650 0.451644
v 0.230389 2.419053 0.458574
v 0.273528 2.377863 0.440857
v 0.295678 2.396870 0.461304
v 0.243848 2.435159 0.476172
v 0.262229 2.458984 0.488937
v 0.318767 2.426943 0.476441
v 0.326263 2.549208 0.488868
v 0.401087 2.460876 0.454269
v 0.443233 2.528442 0.356397
v 0.402798 2.429219 0.304250
v 0.298031 2.335216 0.270600
v 0.151785 2.226727 0.286877
v 0.217210 2.298516 0.218738
v 0.113159 2.280704 0.245555
v 0.388452 2.472455 0.215157
v 0.344377 2.620929 0.204190
v 0.244758 2.490227 0.144746
v 0.319265 2.386597 0.200272
v 0.176142 2.389866 0.167490
v 0.176142 2.389866 0.167490
v 0.095662 2.330929 0.113470
v 0.157370 2.257516 0.349112
v 0.081543 2.231898 0.311081
v 0.113159 2.280704 0.245555
v 0.090636 2.216096 0.210737
v 0.177393 2.259495 0.155455
v 0.102513 2.260473 0.355531
v 0.109856 2.270962 0.359840
v 0.177393 2.259495 0.155455
v 0.095662 2.330929 0.113470
v 0.085372 2.392096 0.233925
v 0.132503 2.519162 0.221787
v 0.100470 2.473243 0.284854
v 0.050661 2.296268 0.289882
v 0.113159 2.280704 0.245555
v 0.074744 2.438164 0.349322
v 0.161584 2.600431 0.332035
v 0.151509 2.557093 0.415730
v 0.143705 2.488108 0.421631
v 0.141021 2.422925 0.422541
v 0.125850 2.376499 0.392472
v 0.169075 2.382320 0.425618
v 0.164237 2.333179 0.413435
v 0.162473 2.332799 0.400474
v 0.180507 2.354647 0.422399
v 0.185988 2.357724 0.451025
v 0.207317 2.410351 0.446498
v 0.208011 2.388650 0.451644
v 0.230389 2.419053 0.458574
v 0.175423 2.447497 0.452157
v 0.189263 2.472403 0.473561
v 0.243848 2.435159 0.476172
v 0.262229 2.458984 0.488937
v 0.212353 2.502475 0.488698
v 0.214534 2.593292 0.475756
v 0.249480 2.665967 0.378714
v 0.193079 2.611129 0.237662
v 0.344377 2.620929 0.204190
v 0.244758 2.490227 0.144746
v 0.176142 2.389866 0.167490
v 0.269865 2.576125 0.484154
v 0.289689 2.659312 0.409851
v 0.249480 2.665967 0.378714
v 0.378072 2.651129 0.310612
v 0.344377 2.620929 0.204190
v 0.326263 2.549208 0.488868
v 0.365598 2.614409 0.428592
v 0.378072 2.651129 0.310612
v 0.378072 2.651129 0.310612
v 0.443233 2.528442 0.356397
v 0.428934 2.560478 0.393809
v 0.368685 2.505982 0.472771
v 0.365598 2.614409 0.428592
v 0.378072 2.651129 0.310612
v 0.185988 2.357724 0.451025
v 0.189545 2.362185 0.454416
v 0.208011 2.388650 0.451644
v -0.170402 -0.001143 0.103563
v -0.124172 -0.003558 0.052399
v 0.183999 2.386160 0.240223
v 0.280555 2.294371 0.334477
v 0.162473 2.332799 0.400474
v 0.213809 2.314066 0.382340
v 0.109856 2.270962 0.359840
v 0.157370 2.257516 0.349112
v 0.104297 2.265135 0.307643
v 0.280555 2.294371 0.334477
v 0.183999 2.386160 0.240223
v 0.396884 2.099123 -0.094863
v 0.340241 2.158750 0.028300
v -0.432363 1.908982 -0.106892
v -0.703991 1.745687 -0.061451
v -0.689401 1.702162 -0.135196
v -0.379188 1.888636 -0.153205
v -0.811398 1.633991 -0.113332
v -0.825716 1.676698 -0.040970
v -0.430680 1.904759 -0.242254
v -0.623396 1.804084 -0.202525
v -0.836637 1.669325 -0.136312
v -0.854962 1.705704 -0.110416
v -0.645474 1.850214 -0.162932
v -0.423059 1.921193 -0.104442
v -0.850215 1.709825 -0.067688
v -0.585235 1.882355 -0.097701
v -0.854962 1.705704 -0.110416
v -0.645474 1.850214 -0.162932
v -0.479116 1.961558 -0.137616
v -0.474046 1.969795 -0.140706
v -0.319897 2.172601 0.082744
v -0.416120 2.151200 -0.032683
v -0.346322 2.323906 0.055791
v -0.459071 1.972261 -0.217404
v -0.388473 2.142409 -0.108033
v -0.336953 2.281251 -0.041917
v -0.197969 2.170121 -0.014991
v -0.162970 2.226448 0.047396
v -0.267078 2.219661 0.142771
v -0.227816 2.306275 0.161434
v -0.254471 2.336676 -0.037439
v -0.303644 2.146805 -0.120018
v -0.336953 2.281251 -0.041917
v -0.388473 2.142409 -0.108033
v -0.377512 1.956773 -0.229395
v -0.459071 1.972261 -0.217404
v -0.247897 2.234337 0.001230
v -0.250294 2.139434 0.109073
v -0.187050 2.382640 0.055888
v -0.305897 2.342430 -0.003666
v -0.203927 2.360935 0.116059
v -0.403592 1.930109 -0.237060
v -0.190232 0.163965 -0.811233
v -0.304563 0.552514 -0.592060
v -0.220206 0.578447 -0.539935
v -0.368402 0.772768 -0.385974
v -0.277640 0.758969 -0.369287
v -0.371046 0.828378 -0.372383
v -0.279842 0.812798 -0.340308
v -0.432271 0.767167 -0.275169
v -0.435675 0.833833 -0.266219
v -0.423055 0.714983 -0.308750
v -0.280082 0.750542 -0.236100
v -0.267487 0.693336 -0.282784
v -0.354222 0.679336 -0.262834
v -0.366534 0.743577 -0.219074
v -0.423055 0.714983 -0.308750
v -0.432271 0.767167 -0.275169
v -0.372455 0.821985 -0.202070
v -0.435675 0.833833 -0.266219
v -0.284720 0.809375 -0.221965
v -0.400138 1.283009 -0.173150
v -0.288724 1.317204 -0.215281
v -0.450087 1.341620 -0.262570
v -0.267251 1.291142 -0.382692
v -0.367328 0.456915 -0.521694
v -0.302360 0.440379 -0.448020
v -0.226664 0.486814 -0.460924
v -0.217402 0.088608 -0.711266
v -0.163526 0.117616 -0.738747
v -0.190232 0.163965 -0.811233
v -0.217402 0.088608 -0.711266
v -0.240996 1.290221 -0.184932
v -0.267251 1.291142 -0.382692
v -0.224473 1.303538 -0.373071
v -0.435941 1.312488 -0.415175
v -0.435941 1.312488 -0.415175
v -0.435941 1.312488 -0.415175
v -0.450087 1.341620 -0.262570
v -0.341028 1.757311 -0.111745
v -0.431719 1.492453 -0.222511
v -0.373883 1.431693 -0.139641
v -0.181103 1.710617 0.006657
v -0.230882 1.379091 -0.110613
v -0.349887 1.796510 -0.263131
v -0.414465 1.520943 -0.370846
v -0.450087 1.341620 -0.262570
v -0.400138 1.283009 -0.173150
v -0.288724 1.317204 -0.215281
v -0.240996 1.290221 -0.184932
v -0.427900 1.481571 -0.380642
v -0.435941 1.312488 -0.415175
v -0.339294 1.488272 -0.428514
v -0.435941 1.312488 -0.415175
v -0.314121 1.573065 -0.388718
v -0.175986 1.583368 -0.359995
v -0.145984 1.772591 -0.314174
v -0.206620 1.390935 -0.404968
v -0.245355 1.352951 -0.425179
v -0.366892 1.396188 -0.444347
v -0.267251 1.291142 -0.382692
v -0.435941 1.312488 -0.415175
v -0.224473 1.303538 -0.373071
v -0.224473 1.303538 -0.373071
v -0.316078 2.004563 -0.119879
v -0.120034 1.996311 -0.225677
v -0.247897 2.234337 0.001230
v -0.003441 2.235631 -0.099776
v -0.067944 2.382054 0.102453
v -0.187050 2.382640 0.055888
v -0.203927 2.360935 0.116059
v -0.091116 2.332886 0.139086
v 0.026620 2.307334 0.204145
v 0.095662 2.330929 0.113470
v -0.292458 1.884208 -0.008127
v -0.250294 2.139434 0.109073
v -0.202311 1.809314 0.031008
v -0.159156 2.029047 0.166899
v 0.008048 1.980351 0.186619
v -0.097439 2.264967 0.209788
v 0.090636 2.216096 0.210737
v 0.026620 2.307334 0.204145
v -0.091116 2.332886 0.139086
v -0.227816 2.306275 0.161434
v -0.203927 2.360935 0.116059
v -0.267078 2.219661 0.142771
v -0.113796 1.760732 0.025104
v -0.882145 1.643042 -0.021478
v -0.848664 1.625691 -0.072232
v -0.813146 1.654805 -0.091420
v -0.853735 1.608268 -0.033161
v -0.872448 1.568178 -0.034870
v -0.872523 1.578463 -0.075542
v -0.897210 1.555291 -0.048356
v -0.915876 1.577995 -0.054778
v -0.893928 1.550073 -0.132450
v -0.833455 1.560930 -0.156836
v -0.924432 1.544944 -0.107400
v -0.948180 1.540945 -0.087250
v -0.881751 1.521868 -0.041514
v -0.904465 1.525006 -0.049224
v -0.886501 1.499009 -0.052481
v -0.905217 1.502621 -0.056690
v -0.892105 1.478613 -0.044214
v -0.911168 1.482291 -0.048497
v -0.882966 1.515399 -0.128288
v -0.909611 1.503018 -0.106096
v -0.862766 1.494104 -0.108654
v -0.887111 1.487515 -0.087219
v -0.856779 1.466853 -0.111179
v -0.826594 1.486418 -0.135737
v -0.827842 1.506690 -0.135956
v -0.878965 1.460742 -0.090965
v -0.837575 1.532688 -0.165257
v -0.849219 1.519621 -0.179933
v -0.826594 1.486418 -0.135737
v -0.895556 1.485861 -0.145523
v -0.856779 1.466853 -0.111179
v -0.920498 1.482581 -0.119355
v -0.921499 1.554333 -0.153332
v -0.945930 1.549960 -0.126848
v -0.878965 1.460742 -0.090965
v -0.903757 1.679529 -0.105258
v -0.850889 1.675730 -0.125139
v -0.855211 1.567109 -0.181023
v -0.837575 1.532688 -0.165257
v -0.833455 1.560930 -0.156836
v -0.887111 1.487515 -0.087219
v -0.909611 1.503018 -0.106096
v -0.945930 1.549960 -0.126848
v -0.924432 1.544944 -0.107400
v -0.854962 1.705704 -0.110416
v -0.850215 1.709825 -0.067688
v -0.918339 1.663106 -0.053813
v -0.945930 1.549960 -0.126848
v -0.965670 1.546429 -0.105447
v -0.948180 1.540945 -0.087250
v -0.915876 1.577995 -0.054778
v -0.882145 1.643042 -0.021478
v -0.904479 1.567844 -0.019805
v -0.878239 1.566239 -0.012999
v -0.868506 1.612735 -0.011371
v -0.853735 1.608268 -0.033161
v -0.872448 1.568178 -0.034870
v -0.897210 1.555291 -0.048356
v -0.912774 1.521384 -0.026999
v -0.885968 1.519116 -0.020102
v -0.911168 1.482291 -0.048497
v -0.892105 1.478613 -0.044214
v -0.881751 1.521868 -0.041514
v -0.886501 1.499009 -0.052481
v -0.905217 1.502621 -0.056690
v -0.904465 1.525006 -0.049224
v -0.825716 1.676698 -0.040970
v -0.935085 1.481317 -0.134764
v -0.919890 1.442219 -0.089059
v -0.955061 1.478483 -0.113476
v -0.903519 1.444225 -0.105674
v -0.920556 1.467384 -0.081942
v -0.941722 1.492215 -0.096142
v -0.901654 1.473095 -0.101571
v -0.918839 1.498059 -0.116838
v -0.945930 1.549960 -0.126848
v -0.924432 1.544944 -0.107400
v -0.837575 1.532688 -0.165257
v -0.827842 1.506690 -0.135956
v -0.837575 1.532688 -0.165257
v -0.920556 1.467384 -0.081942
v -0.903519 1.444225 -0.105674
v -0.901654 1.473095 -0.101571
v -0.919890 1.442219 -0.089059
v -0.941722 1.492215 -0.096142
v -0.918839 1.498059 -0.116838
v -0.833455 1.560930 -0.156836
v -0.836637 1.669325 -0.136312
v -0.813146 1.654805 -0.091420
v -0.811398 1.633991 -0.113332
v -0.825716 1.676698 -0.040970
v -0.252829 0.118372 -0.762448
v -0.190232 0.163965 -0.811233
v -0.367328 0.456915 -0.521694
v -0.190232 0.163965 -0.811233
v -0.195628 0.106488 -0.852984
v -0.239241 0.054104 -0.791903
v -0.252829 0.118372 -0.762448
v -0.191433 0.032328 -0.732452
v -0.217402 0.088608 -0.711266
v -0.219144 -0.006814 -0.909290
v -0.169854 0.021587 -0.929615
v -0.234343 -0.211510 -0.604625
v -0.198533 -0.134172 -0.601354
v -0.128819 -0.168585 -0.562138
v -0.116289 -0.205982 -0.546682
v -0.146571 0.074066 -0.782848
v -0.217402 0.088608 -0.711266
v -0.163526 0.117616 -0.738747
v -0.195628 0.106488 -0.852984
v -0.190232 0.163965 -0.811233
v -0.118483 0.012878 -0.896431
v -0.102170 -0.146997 -0.574973
v -0.068642 -0.185525 -0.573680
v -0.118483 0.012878 -0.896431
v -0.169854 0.021587 -0.929615
v -0.234343 -0.211510 -0.604625
v -0.068642 -0.185525 -0.573680
v -0.116289 -0.205982 -0.546682
v -0.219144 -0.006814 -0.909290
v -0.118483 0.012878 -0.896431
v -0.169854 0.021587 -0.929615
v 0.113159 2.280704 0.245555
v 0.081543 2.231898 0.311081
v 0.079908 2.310784 0.351412
v 0.102513 2.260473 0.355531
v 0.109856 2.270962 0.359840
v 0.090636 2.216096 0.210737
v 0.026620 2.307334 0.204145
v 0.026620 2.307334 0.204145
v 0.095662 2.330929 0.113470
v 0.095662 2.330929 0.113470
v -0.217402 0.088608 -0.711266
v -0.252829 0.118372 -0.762448
v 0.183999 2.386160 0.240223
v 0.162473 2.332799 0.400474
v 0.074744 2.438164 0.349322
v 0.125850 2.376499 0.392472
v 0.109856 2.270962 0.359840
v 0.104297 2.265135 0.307643
v 0.079908 2.310784 0.351412
v 0.074744 2.438164 0.349322
v 0.183999 2.386160 0.240223
v -0.305897 2.342430 -0.003666
v -0.203927 2.360935 0.116059
vn -0.4301 0.2092 0.8782
vn -0.9602 -0.2683 -0.0782
vn -0.7896 -0.5948 -0.1510
vn -0.4626 0.1750 0.8691
vn -0.8347 -0.4681 -0.2902
vn -0.4819 0.3812 0.7890
vn -0.1174 -0.3888 -0.9138
vn 0.1382 -0.4896 -0.8609
vn 0.2649 -0.3272 -0.9070
vn 0.8844 0.2535 -0.3920
vn 0.9145 0.2184 -0.3406
vn -0.3778 -0.0977 0.9207
vn 0.6517 0.6493 0.3920
vn 0.4949 0.5918 0.6362
vn 0.8843 0.2535 -0.3921
vn 0.9133 0.2163 -0.3451
vn 0.4825 0.7709 0.4157
vn 0.9437 0.0309 0.3294
vn -0.1437 -0.4212 0.8955
vn 0.8719 -0.2644 0.4122
vn 0.9258 0.0903 0.3670
vn 0.8361 0.0996 -0.5395
vn 0.8327 0.0801 -0.5480
vn 0.8623 0.0521 -0.5036
vn -0.9386 0.0478 -0.3415
vn -0.6074 0.7937 -0.0330
vn 0.3988 -0.3303 0.8555
vn 0.5644 -0.3909 0.7271
vn 0.2041 0.5533 -0.8076
vn -0.0539 0.2412 -0.9690
vn 0.8623 0.0521 -0.5037
vn 0.8430 0.0877 -0.5307
vn -0.3251 0.1416 -0.9350
vn 0.9088 0.1424 -0.3923
vn 0.9386 -0.0783 0.3361
vn 0.6199 -0.4655 0.6317
vn 0.8037 0.5577 -0.2076
vn 0.9259 0.3104 -0.2152
vn 0.9406 0.1063 0.3225
vn -0.2507 -0.1549 -0.9556
vn -0.0521 -0.0950 -0.9941
vn -0.6734 0.0898 -0.7338
vn 0.5172 -0.0354 -0.8551
vn 0.6289 -0.1139 -0.7691
vn -0.6593 0.0412 -0.7508
vn 0.5661 -0.4297 -0.7035
vn -0.7504 -0.2495 -0.6121
vn 0.9464 0.0253 0.3221
vn 0.9297 0.1081 0.3520
vn 0.9400 -0.0765 0.3325
vn -0.8593 0.0988 0.5018
vn -0.9085 0.0261 0.4171
vn 0.0386 -0.0550 0.9977
vn 0.0649 0.1827 0.9810
vn 0.9430 -0.0734 0.3245
vn 0.9591 0.0067 0.2830
vn 0.0697 0.4299 0.9002
vn 0.9303 0.1072 0.3509
vn -0.8697 0.2218 0.4410
vn 0.1395 0.4915 0.8596
vn -0.7302 -0.1474 0.6672
vn 0.9427 0.1432 0.3013
vn -0.5009 -0.8162 -0.2880
vn -0.2658 -0.5826 0.7681
vn -0.3696 -0.8959 -0.2466
vn 0.9512 -0.1216 0.2838
vn -0.0179 -0.0451 0.9988
vn -0.9158 0.0313 0.4005
vn 0.0015 0.0061 1.0000
vn -0.9906 0.0535 0.1257
vn -0.0522 -0.0950 -0.9941
vn 0.0016 0.0062 1.0000
vn 0.7336 -0.5419 -0.4101
vn 0.6999 -0.4960 -0.5140
vn 0.6998 -0.4961 -0.5140
vn 0.9428 0.1432 0.3012
vn 0.9308 0.1082 0.3493
vn 0.7638 -0.2860 0.5787
vn 0.3361 -0.2548 0.9067
vn 0.8928 -0.1723 0.4162
vn -0.0245 -0.2401 0.9704
vn -0.1505 -0.4840 0.8620
vn 0.9314 -0.0112 -0.3638
vn 0.9184 0.0966 -0.3837
vn 0.9348 -0.1273 0.3315
vn -0.1851 -0.8348 0.5185
vn -0.3058 -0.9245 0.2276
vn 0.2375 0.0674 0.9691
vn 0.3770 0.3225 -0.8683
vn 0.3622 0.1930 -0.9119
vn 0.1150 0.2400 -0.9639
vn 0.0135 0.2912 -0.9566
vn 0.0928 0.1034 -0.9903
vn -0.2756 -0.1903 -0.9423
vn 0.4593 -0.1501 -0.8755
vn -0.3242 -0.3534 -0.8775
vn 0.8625 -0.2846 -0.4185
vn -0.1195 -0.8756 -0.4679
vn -0.3120 -0.9318 -0.1855
vn 0.9081 -0.0648 -0.4136
vn 0.7260 -0.4531 -0.5174
vn 0.7610 -0.4751 -0.4417
vn -0.1845 0.4421 -0.8778
vn 0.5892 -0.0615 -0.8056
vn 0.3092 0.0983 -0.9459
vn -0.0614 0.6993 -0.7122
vn 0.5508 0.8306 -0.0817
vn 0.4189 0.8925 -0.1670
vn 0.5809 0.3982 0.7099
vn 0.6982 0.2679 0.6639
vn 0.8967 0.1361 0.4212
vn 0.2133 0.9224 -0.3221
vn 0.7733 -0.6315 -0.0563
vn 0.7139 -0.6992 -0.0400
vn 0.4793 -0.6174 0.6237
vn 0.5720 -0.6136 0.5443
vn 0.2667 -0.4738 0.8393
vn 0.6039 -0.1152 0.7887
vn 0.2721 -0.3194 0.9077
vn 0.9136 0.0926 0.3959
vn 0.7453 0.4135 0.5231
vn 0.5322 -0.0514 0.8451
vn 0.5696 0.4173 0.7081
vn 0.1969 -0.9796 0.0394
vn 0.1010 -0.5632 0.8201
vn -0.1912 0.2085 0.9591
vn -0.9588 0.1519 -0.2399
vn -0.9651 -0.1715 0.1979
vn -0.9703 0.2417 0.0145
vn -0.9166 -0.2498 -0.3122
vn -0.8129 -0.5356 -0.2290
vn 0.4596 -0.5932 -0.6609
vn 0.4296 -0.5546 0.7126
vn -0.8358 -0.1061 0.5387
vn -0.9691 0.0009 -0.2467
vn -0.7985 -0.2389 0.5525
vn -0.0695 -0.2766 0.9585
vn -0.7395 0.0836 -0.6680
vn 0.7140 0.0493 -0.6985
vn -0.5646 -0.0672 -0.8226
vn 0.6090 -0.1253 -0.7832
vn -0.5775 -0.8164 -0.0056
vn 0.4751 -0.8793 0.0332
vn -0.4380 0.6843 0.5830
vn 0.0722 0.2336 0.9697
vn -0.5108 0.6339 0.5808
vn -0.1366 0.3593 0.9231
vn -0.7647 -0.6319 0.1262
vn -0.9176 -0.3412 -0.2038
vn -0.7831 0.6183 0.0663
vn -0.4231 -0.6899 0.5874
vn -0.8966 0.2963 -0.3291
vn -0.0976 -0.3478 -0.9325
vn -0.9176 -0.3413 -0.2038
vn -0.7833 0.6182 0.0661
vn 0.3128 -0.7953 -0.5193
vn -0.7647 -0.6319 0.1261
vn 0.5798 -0.7688 0.2698
vn 0.7745 -0.1646 -0.6108
vn 0.8860 -0.0943 -0.4540
vn 0.9147 0.2844 -0.2871
vn 0.5309 -0.2999 -0.7926
vn 0.1400 0.1615 -0.9769
vn -0.8966 0.2963 -0.3290
vn -0.9691 0.0008 -0.2466
vn -0.1367 0.3594 0.9231
vn 0.0721 0.2336 0.9696
vn -0.7984 -0.2389 0.5526
vn 0.8844 0.1508 -0.4418
vn 0.6544 0.5580 0.5103
vn 0.7403 0.2822 0.6102
vn 0.8860 -0.0942 -0.4540
vn 0.9631 -0.1153 0.2434
vn -0.0695 -0.2765 0.9585
vn 0.4297 -0.5545 0.7126
vn -0.3065 0.3927 0.8671
vn 0.5416 -0.0872 0.8361
vn -0.6801 0.0086 0.7331
vn -0.4988 0.3471 0.7942
vn -0.9703 0.2416 0.0146
vn -0.9166 -0.2498 -0.3121
vn 0.4595 -0.5933 -0.6610
vn 0.6709 -0.2341 0.7037
vn -0.7241 -0.1566 0.6717
vn 0.4752 -0.8793 0.0334
vn -0.5776 -0.8163 -0.0056
vn -0.5646 -0.0671 -0.8226
vn 0.6090 -0.1254 -0.7832
vn 0.7138 0.0494 -0.6986
vn -0.3943 0.2415 0.8867
vn 0.2216 -0.3663 -0.9037
vn 0.7608 -0.6206 0.1896
vn -0.2418 -0.7981 0.5519
vn -0.7095 -0.6070 -0.3581
vn -0.2923 0.2263 0.9292
vn -0.0356 0.0901 0.9953
vn -0.8429 0.5130 -0.1623
vn -0.7604 0.4876 -0.4291
vn -0.7985 -0.2388 0.5526
vn -0.8966 0.2965 -0.3290
vn -0.0977 -0.3476 -0.9325
vn -0.7830 0.6184 0.0664
vn -0.8967 0.2963 -0.3290
vn -0.2922 0.2262 0.9292
vn -0.8429 0.5130 -0.1622
vn -0.7094 -0.6070 -0.3581
vn -0.2419 -0.7981 0.5519
vn -0.0355 0.0900 0.9953
vn -0.7604 0.4875 -0.4291
vn 0.3891 -0.9198 -0.0505
vn -0.9634 -0.2000 0.1783
vn 0.2960 -0.9097 0.2913
vn -0.3784 0.3042 0.8743
vn -0.3278 0.4288 0.8419
vn 0.9907 -0.1160 0.0707
vn 0.9511 -0.1216 0.2838
vn 0.0151 -0.1657 -0.9861
vn 0.9969 -0.0705 0.0340
vn 0.9514 0.2978 -0.0785
vn -0.0009 0.1018 -0.9948
vn -0.1685 0.9089 0.3815
vn -0.0069 0.1146 0.9934
vn 0.7859 -0.5316 -0.3160
vn 0.0865 -0.6793 -0.7287
vn 0.7565 -0.0929 0.6473
vn 0.1872 0.9559 0.2262
vn -0.1778 0.9129 0.3674
vn -0.1511 0.0530 0.9871
vn -0.9732 0.1537 -0.1711
vn -0.0844 0.0818 0.9931
vn -0.9953 -0.0484 0.0839
vn 0.0204 0.1234 -0.9921
vn -0.0341 -0.1914 -0.9809
vn -0.6112 -0.7127 -0.3443
vn -0.5733 0.8028 0.1637
vn -0.7684 -0.3500 0.5359
vn 0.0199 0.0499 -0.9986
vn 0.0866 -0.6793 -0.7287
vn 0.7565 -0.0930 0.6473
vn -0.1511 0.0529 0.9871
vn -0.7683 -0.3500 0.5359
vn 0.7859 -0.5315 -0.3160
vn 0.1669 -0.7096 0.6845
vn -0.3147 -0.9488 -0.0281
vn 0.4730 -0.8792 0.0565
vn 0.1808 -0.6761 0.7143
vn -0.4067 -0.6733 0.6174
vn -0.5835 -0.7955 -0.1633
vn -0.3154 -0.5677 0.7604
vn -0.3914 -0.6560 0.6453
vn 0.4176 -0.7261 0.5463
vn 0.7134 -0.6494 0.2635
vn 0.1503 -0.5617 0.8135
vn -0.0069 -0.1696 0.9855
vn -0.2411 -0.4771 0.8451
vn 0.0295 -0.7035 0.7101
vn 0.1464 -0.6568 0.7397
vn -0.2345 -0.4685 0.8518
vn -0.0445 -0.2207 0.9743
vn 0.2704 -0.4414 0.8556
vn 0.2858 0.2525 0.9244
vn 0.7246 -0.2999 0.6206
vn 0.9988 0.0267 -0.0404
vn 0.8483 -0.4976 -0.1810
vn 0.6329 -0.7092 -0.3106
vn 0.1141 -0.9694 -0.2171
vn 0.5204 -0.7337 -0.4369
vn -0.3601 -0.8562 -0.3705
vn 0.7618 -0.1663 -0.6261
vn 0.3683 0.6299 -0.6838
vn -0.0357 0.1108 -0.9932
vn 0.5608 -0.5121 -0.6505
vn -0.0455 0.0973 -0.9942
vn -0.0971 0.1445 -0.9847
vn 0.5014 0.6451 -0.5766
vn 0.1686 0.0857 0.9820
vn -0.5647 -0.8235 0.0541
vn -0.5641 -0.8145 -0.1355
vn -0.3968 -0.9157 0.0634
vn -0.0025 -0.0957 0.9954
vn 0.6922 -0.4506 -0.5638
vn 0.8961 0.0910 0.4345
vn -0.3374 -0.5244 0.7818
vn 0.2865 0.3787 0.8800
vn 0.8862 0.0998 0.4524
vn 0.2227 0.9480 -0.2276
vn 0.6111 -0.4188 -0.6717
vn -0.9008 0.3324 -0.2795
vn -0.7523 0.4244 -0.5039
vn -0.1185 0.1090 -0.9870
vn -0.9069 0.3864 -0.1680
vn -0.9547 -0.2252 -0.1944
vn -0.6940 -0.5952 -0.4050
vn -0.9743 0.1516 0.1665
vn -0.7581 0.6521 0.0073
vn -0.7921 0.4216 0.4413
vn -0.7374 0.0875 0.6697
vn -0.6220 -0.1528 0.7680
vn -0.7806 -0.6246 0.0231
vn -0.5817 -0.1349 0.8022
vn -0.4068 -0.6732 0.6175
vn -0.3913 -0.6561 0.6453
vn -0.4499 -0.1357 0.8827
vn -0.0068 -0.1697 0.9855
vn -0.2413 -0.4769 0.8452
vn -0.5599 -0.2851 0.7780
vn -0.5488 -0.1633 0.8198
vn -0.2344 -0.4686 0.8518
vn -0.0444 -0.2207 0.9743
vn -0.3692 0.0126 0.9293
vn -0.4170 0.5104 0.7521
vn -0.2992 0.9479 0.1091
vn -0.4907 0.7254 -0.4826
vn -0.0358 0.1108 -0.9932
vn -0.0455 0.0972 -0.9942
vn 0.0473 0.3995 0.9155
vn 0.1075 0.8859 0.4513
vn -0.2990 0.9480 0.1092
vn 0.5610 0.8144 -0.1485
vn 0.2857 0.2526 0.9244
vn 0.5136 0.6290 0.5836
vn 0.5610 0.8144 -0.1486
vn 0.9988 0.0268 -0.0403
vn 0.8632 0.3496 0.3642
vn 0.4978 0.0797 0.8636
vn 0.5137 0.6289 0.5836
vn -0.3913 -0.6559 0.6455
vn 0.1808 -0.6760 0.7144
vn -0.0497 -0.2278 0.9724
vn -0.5817 -0.1348 0.8021
vn 0.9907 -0.1161 0.0707
vn -0.1619 -0.3467 0.9239
vn 0.3611 -0.9114 0.1973
vn -0.6505 -0.7542 0.0895
vn 0.0557 -0.7869 0.6145
vn 0.2865 0.3786 0.8801
vn 0.1543 -0.0007 0.9880
vn 0.4527 0.7315 0.5099
vn 0.5291 -0.8448 -0.0803
vn -0.3828 -0.6011 0.7015
vn 0.8396 0.4503 -0.3038
vn 0.7874 0.5062 0.3518
vn 0.1885 -0.2297 0.9548
vn 0.2313 -0.2065 0.9507
vn 0.4415 -0.8824 -0.1624
vn 0.6966 -0.7165 0.0378
vn 0.5756 -0.7772 -0.2543
vn 0.3631 -0.0290 0.9313
vn 0.1692 -0.2756 -0.9463
vn -0.1025 -0.2240 -0.9692
vn -0.1223 -0.0171 -0.9923
vn -0.5265 0.7160 -0.4584
vn -0.5818 0.6938 -0.4244
vn -0.0489 -0.4056 0.9127
vn -0.3666 0.8254 0.4293
vn -0.3272 0.6630 0.6734
vn -0.5807 0.6925 -0.4281
vn -0.4362 0.7121 0.5502
vn -0.9047 0.3416 0.2547
vn -0.2979 -0.4939 0.8169
vn -0.9537 0.2109 0.2146
vn -0.7633 0.5729 0.2984
vn -0.5278 0.5729 -0.6271
vn -0.5275 0.5475 -0.6496
vn -0.5764 0.5366 -0.6163
vn 0.8840 -0.4339 -0.1739
vn 0.9120 0.0479 0.4074
vn -0.5335 0.0768 0.8423
vn -0.5842 0.3544 0.7301
vn 0.2340 0.5985 -0.7662
vn 0.3880 0.2457 -0.8883
vn -0.5763 0.5366 -0.6165
vn -0.5366 0.5593 -0.6318
vn 0.5673 0.0352 -0.8227
vn -0.5943 0.6279 -0.5026
vn -0.4274 0.7265 0.5380
vn -0.6955 0.0402 0.7174
vn -0.1800 0.9834 0.0237
vn -0.5371 0.7976 -0.2745
vn -0.6070 0.7036 0.3695
vn 0.3773 -0.1599 -0.9122
vn 0.2457 0.5015 -0.8295
vn -0.3426 0.4913 -0.8008
vn 0.7887 0.4745 -0.3910
vn -0.4628 0.3650 -0.8079
vn 0.7841 0.4435 -0.4341
vn -0.3740 0.0355 -0.9267
vn 0.8775 0.1227 -0.4637
vn -0.9877 -0.1400 0.0696
vn -0.9839 -0.1122 0.1394
vn -0.9751 -0.2201 0.0253
vn 0.7360 -0.2235 0.6390
vn 0.8065 -0.2572 0.5323
vn -0.2190 -0.6198 0.7536
vn -0.2632 -0.4017 0.8771
vn -0.9767 -0.2132 0.0234
vn -0.9907 -0.1336 0.0263
vn -0.2817 -0.1366 0.9497
vn -0.9855 -0.0940 0.1414
vn 0.7413 -0.0689 0.6676
vn -0.3544 -0.0527 0.9336
vn 0.3979 -0.6379 0.6594
vn -0.9921 -0.0359 0.1200
vn 0.5282 -0.5152 -0.6749
vn -0.9733 -0.2263 -0.0393
vn -0.1659 -0.6206 0.7664
vn 0.8182 -0.2450 0.5201
vn -0.1896 -0.5790 0.7930
vn 0.9410 -0.0695 0.3312
vn 0.2457 0.5015 -0.8296
vn -0.3848 -0.7078 0.5924
vn 0.0571 -0.9446 0.3233
vn 0.3396 -0.4639 -0.8182
vn -0.0992 -0.9177 -0.3846
vn -0.6712 -0.1346 -0.7290
vn -0.5815 -0.1576 -0.7981
vn -0.6700 -0.1071 -0.7346
vn -0.9635 -0.0940 0.2508
vn -0.9719 -0.0479 0.2304
vn -0.8841 0.0357 0.4659
vn -0.9539 0.1123 0.2784
vn -0.5714 -0.1973 0.7966
vn -0.0444 -0.4519 0.8910
vn -0.7063 0.4720 -0.5277
vn -0.7603 0.4025 -0.5098
vn -0.9742 0.0639 0.2166
vn -0.4361 -0.1081 0.8934
vn 0.0499 -0.9561 0.2886
vn -0.2371 -0.8866 0.3972
vn -0.8291 0.2640 -0.4929
vn -0.6627 0.0087 -0.7489
vn -0.1162 0.2989 -0.9472
vn -0.7651 0.0441 -0.6424
vn -0.1140 0.4093 -0.9052
vn 0.1058 0.4114 -0.9053
vn 0.0929 0.1033 -0.9903
vn 0.3291 -0.2889 -0.8990
vn -0.2490 0.0268 -0.9681
vn 0.4273 -0.5274 -0.7344
vn -0.6945 -0.0512 -0.7177
vn -0.1195 -0.8757 -0.4678
vn -0.1384 -0.9348 -0.3270
vn -0.8665 0.3657 -0.3398
vn -0.0862 0.4126 -0.9068
vn -0.6384 0.3596 -0.6805
vn 0.0626 0.6424 -0.7638
vn 0.0264 0.9991 0.0325
vn 0.4197 0.7252 -0.5459
vn -0.0020 0.7273 0.6863
vn -0.2008 0.5155 0.8330
vn -0.4405 0.6854 0.5798
vn 0.2151 0.9385 -0.2700
vn -0.8011 -0.1373 0.5826
vn -0.8613 -0.1441 0.4872
vn -0.4412 -0.3648 0.8199
vn -0.4434 -0.2510 0.8605
vn 0.0486 -0.3756 0.9255
vn -0.1976 0.2746 0.9410
vn 0.0295 -0.2831 0.9586
vn -0.3823 0.6196 0.6856
vn -0.0417 0.8393 0.5420
vn -0.1815 0.4038 0.8967
vn 0.1131 0.7575 0.6429
vn -0.7846 -0.5426 0.3001
vn 0.0640 -0.5544 0.8298
vn -0.0371 0.1114 0.9931
vn 0.8135 -0.4056 0.4168
vn 0.9971 -0.0698 0.0297
vn 0.9580 0.0026 0.2869
vn 0.8901 -0.4460 -0.0942
vn 0.7082 -0.7024 -0.0719
vn -0.3793 -0.4348 -0.8168
vn -0.7173 -0.4693 0.5150
vn 0.6135 -0.3275 0.7186
vn 0.9758 -0.2185 0.0094
vn 0.5460 -0.4480 0.7079
vn -0.2563 -0.3300 0.9085
vn 0.8934 -0.0635 -0.4447
vn -0.4680 0.2509 -0.8473
vn 0.7390 -0.1607 -0.6543
vn -0.3846 0.0604 -0.9211
vn 0.3658 -0.9292 0.0524
vn -0.6454 -0.7412 -0.1845
vn 0.4001 0.5319 0.7463
vn -0.2813 0.1981 0.9389
vn 0.4579 0.4658 0.7572
vn -0.0456 0.2725 0.9611
vn 0.5454 -0.8010 0.2467
vn 0.8417 -0.5400 0.0002
vn 0.8502 0.4100 0.3304
vn 0.0870 -0.7977 0.5968
vn 0.9944 0.0893 -0.0559
vn 0.2703 -0.3165 -0.9092
vn 0.8501 0.4100 0.3304
vn -0.3242 -0.6724 -0.6654
vn 0.5454 -0.8011 0.2466
vn -0.7838 -0.6203 0.0279
vn -0.5952 0.0537 -0.8018
vn -0.7272 0.1410 -0.6718
vn 0.0868 -0.7978 0.5967
vn -0.6505 0.6272 -0.4284
vn -0.2681 0.2015 -0.9421
vn 0.1701 0.2361 -0.9567
vn -0.0457 0.2725 0.9611
vn -0.7272 0.1411 -0.6718
vn 0.9947 -0.0110 -0.1020
vn -0.5220 0.7010 -0.4859
vn -0.4233 0.7717 0.4747
vn -0.7732 0.4723 0.4232
vn -0.9941 0.1062 -0.0235
vn -0.2561 -0.3300 0.9086
vn -0.7173 -0.4692 0.5151
vn 0.1939 0.2392 0.9514
vn -0.7546 0.0050 0.6562
vn 0.4394 -0.1884 0.8783
vn 0.3264 0.1804 0.9279
vn 0.9579 0.0025 0.2870
vn 0.8901 -0.4460 -0.0941
vn -0.3792 -0.4348 -0.8168
vn -0.8714 -0.1004 0.4801
vn 0.4616 -0.3561 0.8125
vn -0.6453 -0.7412 -0.1847
vn 0.3658 -0.9292 0.0521
vn 0.8934 -0.0635 -0.4448
vn 0.7386 -0.1608 -0.6546
vn -0.3846 0.0605 -0.9211
vn -0.4680 0.2509 -0.8474
vn 0.2665 -0.0763 0.9608
vn -0.0409 -0.2600 -0.9648
vn -0.0969 -0.8578 0.5047
vn -0.8995 -0.4297 -0.0789
vn 0.6309 -0.7409 -0.2301
vn 0.0697 0.1061 0.9919
vn -0.2185 0.0319 0.9753
vn 0.9456 0.3046 0.1144
vn 0.9355 0.3119 -0.1659
vn -0.7272 0.1411 -0.6717
vn 0.5460 -0.4481 0.7079
vn 0.9944 0.0896 -0.0557
vn 0.8500 0.4102 0.3305
vn 0.2705 -0.3164 -0.9092
vn 0.9944 0.0892 -0.0559
vn 0.9944 0.0893 -0.0558
vn 0.0697 0.1060 0.9919
vn 0.6310 -0.7409 -0.2301
vn 0.9456 0.3045 0.1143
vn -0.0968 -0.8578 0.5047
vn -0.2185 0.0320 0.9753
vn 0.9355 0.3120 -0.1658
vn 0.9758 -0.2184 0.0094
vn -0.5243 -0.8304 -0.1885
vn -0.9898 0.0914 -0.1092
vn -0.9895 0.0865 0.1157
vn -0.9395 -0.2180 0.2642
vn 0.2799 -0.2014 0.9387
vn 0.3454 -0.0134 0.9384
vn -0.9725 -0.0959 -0.2123
vn -0.9732 -0.2264 -0.0392
vn 0.0306 0.4616 -0.8866
vn 0.0006 0.7446 -0.6675
vn -0.9972 0.0747 0.0047
vn -0.9300 -0.2176 -0.2961
vn -0.1539 0.4223 0.8933
vn -0.1706 -0.6342 0.7542
vn -0.5748 -0.3490 -0.7401
vn 0.1140 0.0286 -0.9931
vn -0.6513 -0.7165 0.2500
vn -0.4873 0.4300 0.7600
vn -0.1231 0.4026 0.9071
vn 0.1688 -0.6082 0.7756
vn 0.8674 0.4669 0.1723
vn 0.0169 -0.5728 0.8196
vn 0.9468 -0.1241 0.2968
vn 0.0446 0.7888 -0.6130
vn 0.2315 0.4510 -0.8620
vn 0.7990 -0.0707 -0.5971
vn 0.2768 0.5779 0.7677
vn 0.8646 -0.3964 0.3087
vn -0.0804 0.7205 -0.6888
vn 0.7991 -0.0707 -0.5970
vn 0.1141 0.0286 -0.9931
vn -0.6512 -0.7166 0.2500
vn 0.8646 -0.3965 0.3087
vn 0.1689 -0.6083 0.7755
vn -0.5749 -0.3490 -0.7401
vn -0.5642 -0.8145 -0.1355
vn -0.5647 -0.8235 0.0540
vn 0.0668 0.1308 0.9891
vn 0.2866 0.3787 0.8800
vn -0.3950 -0.9176 0.0444
vn -0.9762 0.1632 0.1431
vn 0.2232 0.0352 0.9741
vn 0.0062 0.7885 0.6150
vn -0.0679 0.8122 0.5794
vn -0.9857 0.0816 0.1474
vn 0.0898 0.8498 -0.5194
vn 0.4932 0.6711 -0.5536
vn -0.1895 -0.5790 0.7930
vn -0.1472 -0.3568 0.9225
vn -0.4606 -0.8822 0.0979
vn -0.9497 0.0198 0.3124
vn -0.6143 -0.1915 0.7655
vn 0.2866 0.3785 0.8801
vn 0.5623 0.6499 0.5113
vn -0.0331 0.0658 0.9973
vn -0.9774 0.2112 -0.0095
vn -0.3645 -0.6140 0.7001
vn -0.3655 0.8659 -0.3416
vn -0.3161 0.9042 0.2871
vt 0.730382 0.103619
vt 0.705649 0.144477
vt 0.906050 0.162418
vt 0.907543 0.101904
vt 0.999984 0.166941
vt 1.001061 0.095946
vt 0.733494 0.205318
vt 0.838940 0.209383
vt 0.991053 0.210366
vt 0.981648 0.252295
vt 0.840260 0.252371
vt 0.689743 0.104698
vt 0.991405 0.052870
vt 0.810174 0.064464
vt 0.981657 0.011468
vt 0.840250 0.011429
vt 0.734207 0.056759
vt 0.693123 0.056174
vt 0.518060 0.096757
vt 0.575201 0.047645
vt 0.473165 0.043970
vt 0.716055 0.011396
vt 0.597290 0.011359
vt 0.510869 0.011322
vt 0.522475 0.164896
vt 0.485011 0.157654
vt 0.479927 0.107408
vt 0.445175 0.049232
vt 0.473366 0.225391
vt 0.579352 0.211659
vt 0.510849 0.252622
vt 0.597275 0.252464
vt 0.688056 0.203710
vt 0.716059 0.252303
vt 0.459430 0.138427
vt 0.448360 0.105872
vt 0.445220 0.217118
vt 0.468555 0.252667
vt 0.435264 0.252667
vt 0.710772 0.204691
vt 0.809314 0.993189
vt 0.844593 0.748486
vt 0.799681 0.766537
vt 0.795370 0.616810
vt 0.844460 0.624653
vt 0.796731 0.566457
vt 0.846052 0.573862
vt 0.737687 0.589384
vt 0.737679 0.566887
vt 0.737691 0.611583
vt 0.903594 0.595045
vt 0.902086 0.622902
vt 0.947494 0.615460
vt 0.947980 0.591500
vt 0.993009 0.611673
vt 0.993010 0.589483
vt 0.948583 0.568105
vt 0.993012 0.566905
vt 0.904969 0.574145
vt 0.939443 0.344499
vt 0.898532 0.361084
vt 0.993076 0.320695
vt 0.854260 0.365264
vt 0.915162 0.347050
vt 0.854851 0.350073
vt 0.993004 0.780156
vt 0.944441 0.769131
vt 0.900724 0.759988
vt 0.936461 0.995025
vt 0.880074 0.997653
vt 0.789589 0.353336
vt 0.737576 0.320774
vt 0.459999 0.699940
vt 0.421847 0.911548
vt 0.493482 0.874305
vt 0.334346 0.703269
vt 0.334346 0.906337
vt 0.574509 0.696105
vt 0.570429 0.874521
vt 0.490508 0.948126
vt 0.334346 0.965522
vt 0.365140 0.975937
vt 0.420117 0.965795
vt 0.650541 0.838561
vt 0.643075 0.892767
vt 0.726515 0.817051
vt 0.726515 0.703484
vt 0.726515 0.932364
vt 0.709975 0.959389
vt 0.635989 0.948441
vt 0.695226 0.983366
vt 0.579503 0.979625
vt 0.726515 0.978941
vt 0.572418 0.925007
vt 0.726515 0.610225
vt 0.575486 0.609180
vt 0.574131 0.447552
vt 0.726515 0.445670
vt 0.628909 0.318546
vt 0.561909 0.331279
vt 0.561667 0.289065
vt 0.629838 0.284131
vt 0.681244 0.268659
vt 0.726515 0.308737
vt 0.465542 0.609718
vt 0.497836 0.448231
vt 0.389955 0.608312
vt 0.424485 0.456931
vt 0.334346 0.436815
vt 0.434410 0.332167
vt 0.334346 0.318454
vt 0.382074 0.269755
vt 0.433481 0.285227
vt 0.501409 0.332846
vt 0.501652 0.290161
vt 0.532354 0.423067
vt 0.334346 0.607952
vt 0.079805 0.232283
vt 0.164710 0.210607
vt 0.122523 0.194649
vt 0.082536 0.195321
vt 0.065738 0.163787
vt 0.098907 0.148763
vt 0.061632 0.142152
vt 0.067395 0.121429
vt 0.123677 0.114515
vt 0.175785 0.114562
vt 0.094627 0.115280
vt 0.071940 0.113520
vt 0.035702 0.148111
vt 0.041923 0.132093
vt 0.020229 0.138299
vt 0.026355 0.125859
vt 0.005702 0.131286
vt 0.011940 0.118620
vt 0.124248 0.087244
vt 0.097369 0.085301
vt 0.124231 0.055219
vt 0.098622 0.055224
vt 0.124118 0.033753
vt 0.158367 0.040381
vt 0.164154 0.054336
vt 0.099739 0.035139
vt 0.171577 0.088395
vt 0.192231 0.080816
vt 0.172887 0.036601
vt 0.229659 0.051083
vt 0.207206 0.014433
vt 0.253565 0.037615
vt 0.259273 0.099604
vt 0.295568 0.088781
vt 0.225257 0.005464
vt 0.257519 0.214069
vt 0.210893 0.208562
vt 0.203087 0.112287
vt 0.256732 0.004405
vt 0.275505 0.029551
vt 0.296663 0.056271
vt 0.254448 0.243670
vt 0.287294 0.248875
vt 0.299549 0.220380
vt 0.323300 0.104611
vt 0.343328 0.116239
vt 0.349575 0.166371
vt 0.341191 0.234380
vt 0.379236 0.180734
vt 0.393815 0.198439
vt 0.369935 0.227020
vt 0.383913 0.245331
vt 0.408148 0.211617
vt 0.372524 0.153454
vt 0.406401 0.154959
vt 0.418570 0.170953
vt 0.432503 0.130104
vt 0.445823 0.142555
vt 0.433494 0.180403
vt 0.448844 0.163198
vt 0.412154 0.127150
vt 0.395815 0.139939
vt 0.325332 0.261049
vt 0.344700 0.051550
vt 0.359289 0.070966
vt 0.389947 0.045029
vt 0.374202 0.026325
vt 0.391323 0.064504
vt 0.369359 0.086828
vt 0.352694 0.023153
vt 0.330809 0.036634
vt 0.068269 0.054545
vt 0.088448 0.054365
vt 0.085147 0.033440
vt 0.068311 0.035581
vt 0.069129 0.082960
vt 0.091835 0.081384
vt 0.214759 0.239928
vt 0.170727 0.242683
vt 0.094294 0.262400
vt 0.737783 0.987757
vt 0.737708 0.780107
vt 0.274783 0.263290
vt 0.251897 0.284556
vt 0.265085 0.304716
vt 0.290410 0.280108
vt 0.230808 0.322133
vt 0.234686 0.293532
vt 0.317161 0.315098
vt 0.326877 0.296848
vt 0.247112 0.446506
vt 0.230894 0.421947
vt 0.204488 0.436013
vt 0.200804 0.450038
vt 0.202857 0.296193
vt 0.220949 0.280878
vt 0.186739 0.265822
vt 0.206200 0.254811
vt 0.152216 0.291162
vt 0.194174 0.426648
vt 0.177297 0.438725
vt 0.148125 0.271043
vt 0.109679 0.437051
vt 0.158639 0.453515
vt 0.110675 0.292890
vt 0.130164 0.279394
vt 0.048936 0.787641
vt 0.037433 0.823986
vt 0.095670 0.805101
vt 0.018334 0.795488
vt 0.001309 0.823986
vt 0.001309 0.828672
vt 0.001309 0.805245
vt 0.001309 0.793266
vt 0.072476 0.756292
vt 0.104842 0.722758
vt 0.009703 0.762035
vt 0.001309 0.770446
vt 0.001309 0.745864
vt 0.041600 0.754625
vt 0.045013 0.731461
vt 0.001309 0.728107
vt 0.001309 0.706350
vt 0.045012 0.704329
vt 0.000634 0.640415
vt 0.080537 0.664700
vt 0.172489 0.654188
vt 0.168984 0.731210
vt 0.146949 0.810560
vt 0.044855 0.876465
vt 0.134665 0.883862
vt 0.053879 0.921862
vt 0.230813 0.753236
vt 0.327296 0.709405
vt 0.289853 0.844016
vt 0.198004 0.819694
vt 0.222406 0.906637
vt 0.208321 0.985394
vt 0.032665 0.835220
vt 0.001309 0.884699
vt 0.068912 0.997425
vt 0.136690 0.961832
vt 0.001309 0.847491
vt 0.001309 0.839125
vt 0.041894 0.649915
vt 0.070649 0.583980
vt 0.103642 0.580263
vt 0.049090 0.502723
vt 0.103028 0.449168
vt 0.013527 0.576938
vt 0.001309 0.788851
vt 0.992969 0.987765
vt 0.232379 0.916718
vt 0.282941 0.969753
vt 0.311768 0.908112
vt 0.306313 0.933309
vt 0.220304 0.994415
vt 0.243005 0.989735
vt 0.222758 0.978624
vt 0.468563 0.011307
vt 0.435273 0.011298
s 1
usemtl enemy_tonnel.001
f 619/279/508 620/280/509 621/281/510
f 619/279/508 621/281/510 622/282/511
f 622/282/511 621/281/510 623/283/512
f 622/282/511 623/283/512 624/284/513
f 621/281/510 620/280/509 625/285/514
f 621/281/510 625/285/514 626/286/515
f 623/283/512 621/281/510 626/286/515
f 623/283/512 626/286/515 627/287/516
f 628/288/517 627/287/516 626/286/515
f 628/288/517 626/286/515 629/289/518
f 629/289/518 626/286/515 625/285/514
f 619/279/508 630/290/519 620/280/509
f 622/282/511 624/284/513 631/291/520
f 632/292/521 622/282/511 631/291/520
f 619/279/508 622/282/511 632/292/521
f 632/292/521 631/291/520 633/293/522
f 632/292/521 633/293/522 634/294/523
f 634/294/523 635/295/524 632/292/521
f 619/279/508 632/292/521 635/295/524
f 636/296/525 630/290/519 619/279/508
f 636/296/525 619/279/508 635/295/524
f 636/296/525 637/297/526 630/290/519
f 636/296/525 638/298/527 637/297/526
f 638/298/527 639/299/528 637/297/526
f 640/300/529 638/298/527 636/296/525
f 634/294/523 640/300/529 635/295/524
f 636/296/525 635/295/524 640/300/529
f 640/300/529 641/301/530 638/298/527
f 642/302/531 639/299/528 638/298/527
f 642/302/531 638/298/527 641/301/530
f 643/303/532 630/290/519 637/297/526
f 644/304/533 643/303/532 637/297/526
f 644/304/533 637/297/526 645/305/534
f 637/297/526 639/299/528 645/305/534
f 639/299/528 646/306/535 645/305/534
f 647/307/536 643/303/532 644/304/533
f 647/307/536 648/308/537 643/303/532
f 648/308/537 647/307/536 649/309/538
f 648/308/537 649/309/538 650/310/539
f 651/311/540 648/308/537 650/310/539
f 651/311/540 650/310/539 652/312/541
f 645/305/534 653/313/542 644/304/533
f 645/305/534 654/314/543 653/313/542
f 653/313/542 655/315/544 644/304/533
f 655/315/544 647/307/536 644/304/533
f 655/315/544 656/316/545 647/307/536
f 649/309/538 647/307/536 656/316/545
f 655/315/544 657/317/546 656/316/545
f 648/308/537 651/311/540 620/280/509
f 648/308/537 620/280/509 643/303/532
f 643/303/532 620/280/509 630/290/519
f 620/280/509 651/311/540 658/318/547
f 658/318/547 651/311/540 652/312/541
f 625/285/514 658/318/547 652/312/541
f 625/285/514 620/280/509 658/318/547
f 629/289/518 625/285/514 652/312/541
f 659/319/548 660/320/549 661/321/550
f 660/320/549 662/322/551 661/321/550
f 660/320/549 663/323/552 662/322/551
f 663/323/552 664/324/553 662/322/551
f 663/323/552 665/325/554 664/324/553
f 666/326/555 662/322/551 664/324/553
f 667/327/556 666/326/555 664/324/553
f 666/326/555 668/328/557 662/322/551
f 661/321/550 662/322/551 668/328/557
f 669/329/558 665/325/554 663/323/552
f 670/330/559 669/329/558 663/323/552
f 670/330/559 663/323/552 660/320/549
f 669/329/558 670/330/559 671/331/560
f 669/329/558 671/331/560 672/332/561
f 672/332/561 671/331/560 673/333/562
f 672/332/561 673/333/562 674/334/563
f 675/335/564 672/332/561 674/334/563
f 675/335/564 674/334/563 676/336/565
f 677/337/566 669/329/558 672/332/561
f 677/337/566 672/332/561 675/335/564
f 669/329/558 677/337/566 665/325/554
f 677/337/566 675/335/564 678/338/567
f 678/338/567 675/335/564 676/336/565
f 677/337/566 678/338/567 679/339/568
f 665/325/554 677/337/566 679/339/568
f 678/338/567 676/336/565 680/340/569
f 665/325/554 679/339/568 681/341/570
f 682/342/571 681/341/570 679/339/568
f 682/342/571 683/343/572 681/341/570
f 671/331/560 684/344/573 673/333/562
f 671/331/560 685/345/574 684/344/573
f 671/331/560 670/330/559 686/346/575
f 671/331/560 686/346/575 685/345/574
f 687/347/576 684/344/573 685/345/574
f 686/346/575 687/347/576 685/345/574
f 670/330/559 660/320/549 686/346/575
f 660/320/549 688/348/577 686/346/575
f 660/320/549 689/319/578 688/348/577
f 686/346/575 688/348/577 690/347/579
f 681/341/570 691/349/580 664/324/553
f 681/341/570 664/324/553 665/325/554
f 692/349/581 667/327/556 664/324/553
f 693/349/582 694/350/583 667/327/584
f 695/351/585 696/352/586 697/353/587
f 695/351/585 698/354/588 696/352/586
f 698/354/588 699/355/589 696/352/586
f 697/353/587 700/356/590 695/351/585
f 697/353/587 701/357/591 700/356/590
f 697/353/587 696/352/586 702/358/592
f 696/352/586 699/355/589 703/359/593
f 696/352/586 703/359/593 704/360/594
f 704/360/594 705/361/595 696/352/586
f 696/352/586 705/361/595 702/358/592
f 700/356/590 701/357/591 706/362/596
f 707/363/597 706/362/596 701/357/591
f 707/363/597 708/364/598 706/362/596
f 709/365/599 706/362/596 708/364/598
f 709/365/599 700/356/590 706/362/596
f 710/366/600 708/364/598 707/363/597
f 710/366/600 707/363/597 711/367/601
f 707/363/597 712/368/602 711/367/601
f 711/367/601 712/368/602 713/369/603
f 712/368/602 707/363/597 714/370/604
f 715/371/605 710/366/600 711/367/601
f 716/371/606 711/367/601 713/369/603
f 707/363/597 701/357/591 717/372/607
f 707/363/597 717/372/607 714/370/604
f 717/372/607 701/357/591 697/353/587
f 717/372/607 697/353/587 702/358/592
f 718/370/608 717/372/607 702/358/592
f 712/368/602 719/370/609 713/369/603
f 709/365/599 720/373/610 721/374/611
f 709/365/599 721/374/611 700/356/590
f 720/373/610 722/375/612 721/374/611
f 720/373/610 723/376/613 722/375/612
f 723/376/613 724/377/614 722/375/612
f 725/378/615 722/375/612 724/377/614
f 724/377/614 726/379/616 725/378/615
f 724/377/614 727/380/617 726/379/616
f 728/381/618 727/380/617 724/377/614
f 724/377/614 729/382/619 728/381/618
f 723/376/613 729/382/619 724/377/614
f 695/351/585 700/356/590 721/374/611
f 695/351/585 721/374/611 730/383/620
f 731/384/621 730/383/620 721/374/611
f 731/384/621 721/374/611 722/375/612
f 731/384/621 732/385/622 730/383/620
f 695/351/585 730/383/620 732/385/622
f 731/384/621 733/386/623 732/385/622
f 733/386/623 734/387/624 732/385/622
f 734/387/624 733/386/623 735/388/625
f 735/388/625 733/386/623 731/384/621
f 734/387/624 735/388/625 736/389/626
f 735/388/625 737/390/627 736/389/626
f 735/388/625 738/391/628 737/390/627
f 738/391/628 735/388/625 739/392/629
f 738/391/628 739/392/629 740/393/630
f 695/351/585 732/385/622 698/354/588
f 735/388/625 731/384/621 741/394/631
f 735/388/625 741/394/631 739/392/629
f 698/354/588 732/385/622 742/395/632
f 732/385/622 734/387/624 742/395/632
f 743/396/633 744/397/634 745/398/635
f 746/399/636 743/396/633 745/398/635
f 745/398/635 747/400/637 746/399/636
f 745/398/635 748/401/638 747/400/637
f 747/400/637 748/401/638 749/402/639
f 748/401/638 750/403/640 749/402/639
f 751/404/641 748/401/638 745/398/635
f 745/398/635 752/405/642 751/404/641
f 748/401/638 751/404/641 753/406/643
f 748/401/638 753/406/643 750/403/640
f 753/406/643 754/407/644 750/403/640
f 755/408/645 747/400/637 749/402/639
f 755/408/645 749/402/639 756/409/646
f 757/410/647 755/408/645 756/409/646
f 757/410/647 756/409/646 758/411/648
f 759/412/649 757/410/647 758/411/648
f 759/412/649 758/411/648 760/413/650
f 753/406/643 751/404/641 761/414/651
f 753/406/643 761/414/651 762/415/652
f 762/415/652 761/414/651 763/416/653
f 762/415/652 763/416/653 764/417/654
f 763/416/653 765/418/655 764/417/654
f 766/419/656 765/418/655 763/416/653
f 767/420/657 766/419/656 763/416/653
f 761/414/651 767/420/657 763/416/653
f 765/418/655 768/421/658 764/417/654
f 761/414/651 769/422/659 767/420/657
f 770/423/660 771/424/661 767/420/662
f 772/425/663 771/424/661 770/423/660
f 772/425/663 773/426/664 771/424/661
f 774/427/665 773/426/664 772/425/663
f 775/428/666 774/427/665 772/425/663
f 772/425/663 770/423/660 775/428/666
f 775/428/666 776/429/667 774/427/665
f 774/427/665 777/430/658 773/426/664
f 776/429/667 775/428/666 778/431/668
f 775/428/666 779/432/669 778/431/668
f 775/428/666 780/433/670 779/432/669
f 770/423/660 780/433/670 775/428/666
f 780/433/670 770/423/660 781/422/671
f 782/405/672 780/433/670 781/422/671
f 779/432/669 780/433/670 782/405/672
f 774/427/665 783/434/673 777/430/658
f 774/427/665 784/435/674 783/434/673
f 785/429/667 784/435/674 774/427/665
f 785/429/667 786/436/675 784/435/674
f 744/397/634 779/432/669 782/405/672
f 779/432/669 787/437/676 778/431/668
f 788/438/677 778/431/668 787/437/676
f 788/438/677 789/439/678 778/431/668
f 790/429/679 778/431/668 789/439/678
f 791/440/680 790/429/679 789/439/678
f 789/439/678 792/441/681 791/440/680
f 789/439/678 793/442/682 792/441/681
f 789/439/678 794/443/683 793/442/682
f 788/438/677 794/443/683 789/439/678
f 795/444/684 793/442/682 794/443/683
f 794/443/683 796/445/685 795/444/684
f 794/443/683 797/446/686 796/445/685
f 798/447/687 797/446/686 794/443/683
f 796/445/685 797/446/686 798/447/687
f 796/445/685 798/447/687 799/448/688
f 795/444/684 800/449/689 793/442/682
f 796/445/685 801/450/690 795/444/684
f 796/445/685 802/451/691 801/450/690
f 799/448/688 802/451/691 796/445/685
f 802/451/691 803/452/692 801/450/690
f 802/451/691 804/453/693 803/452/692
f 799/448/688 805/454/645 802/451/691
f 805/454/645 804/453/693 802/451/691
f 805/454/645 806/455/694 804/453/693
f 807/456/695 801/450/690 803/452/692
f 807/456/695 808/457/696 801/450/690
f 808/457/696 800/449/689 795/444/684
f 808/457/696 795/444/684 801/450/690
f 788/438/677 809/458/697 794/443/683
f 810/459/698 811/460/699 812/461/700
f 810/459/698 812/461/700 813/462/701
f 790/429/679 811/460/699 810/459/698
f 790/429/679 791/440/680 811/460/699
f 811/460/699 814/463/702 812/461/700
f 811/460/699 815/464/703 814/463/702
f 791/440/680 815/464/703 811/460/699
f 791/440/680 792/441/681 815/464/703
f 810/459/698 813/462/701 816/465/704
f 810/459/698 816/465/704 817/466/705
f 818/429/679 810/459/698 817/466/705
f 818/429/679 817/466/705 819/436/706
f 820/422/707 770/423/708 821/420/709
f 751/404/641 752/405/642 769/422/710
f 751/404/641 822/422/659 761/414/651
f 823/467/711 824/468/712 825/469/713
f 823/467/711 825/469/713 826/470/714
f 827/471/715 824/468/712 823/467/711
f 827/471/715 828/472/716 824/468/712
f 753/406/643 828/472/716 827/471/715
f 754/407/644 753/406/643 827/471/715
f 744/397/634 829/405/642 745/398/635
f 779/432/669 830/473/717 787/437/676
f 831/397/718 830/473/717 779/432/669
f 831/397/718 832/474/719 830/473/717
f 833/475/720 832/474/719 831/397/718
f 833/475/720 831/397/718 743/396/721
f 834/476/722 835/319/548 661/321/550
f 834/476/722 661/321/550 836/477/723
f 836/477/723 661/321/550 668/328/557
f 837/478/724 838/479/725 839/480/726
f 837/478/724 839/480/726 840/481/727
f 838/479/725 841/482/728 839/480/726
f 838/479/725 842/483/729 841/482/728
f 839/480/726 843/484/730 840/481/727
f 840/481/727 843/484/730 844/485/731
f 839/480/726 845/486/732 843/484/730
f 839/480/726 841/482/728 846/487/733
f 839/480/726 846/487/733 845/486/732
f 847/488/734 845/486/732 846/487/733
f 841/482/728 847/488/734 846/487/733
f 847/488/734 848/489/735 845/486/732
f 841/482/728 849/490/736 847/488/734
f 850/483/737 849/490/736 841/482/728
f 850/483/737 851/491/738 849/490/736
f 851/491/738 852/492/739 849/490/736
f 851/491/738 853/493/740 852/492/739
f 852/492/739 854/494/741 849/490/736
f 849/490/736 855/495/742 847/488/734
f 855/495/742 849/490/736 856/496/743
f 847/488/734 855/495/742 856/496/743
f 847/488/734 856/496/743 848/489/735
f 849/490/736 854/494/741 856/496/743
f 852/492/744 857/497/745 858/494/741
f 859/498/746 860/499/747 861/496/748
f 862/500/749 859/498/746 861/496/748
f 862/500/749 861/496/748 863/494/741
f 864/501/745 862/500/749 863/494/741
f 865/502/750 866/503/751 867/504/752
f 865/502/750 868/505/753 866/503/751
f 868/505/753 869/506/754 866/503/751
f 870/507/755 866/503/751 869/506/754
f 869/506/754 868/505/753 871/508/756
f 871/508/756 868/505/753 872/509/757
f 867/504/752 873/510/758 865/502/750
f 867/504/752 874/511/759 873/510/758
f 868/505/753 865/502/750 875/512/760
f 876/513/761 868/505/753 875/512/760
f 876/513/761 875/512/760 877/514/762
f 865/502/750 878/515/763 875/512/760
f 865/502/750 873/510/758 878/515/763
f 879/516/764 877/514/762 875/512/760
f 875/512/760 878/515/763 879/516/764
f 878/515/763 873/510/758 879/516/764
f 873/510/758 874/511/759 879/516/764
f 877/514/762 879/516/764 880/517/765
f 880/517/765 879/516/764 881/518/766
f 879/516/764 882/519/767 881/518/766
f 874/511/759 882/519/767 879/516/764
f 881/518/766 882/519/767 883/520/768
f 884/521/769 882/519/767 874/511/759
f 884/521/769 874/511/759 885/522/770
f 874/511/759 886/523/771 885/522/770
f 867/504/752 886/523/771 874/511/759
f 867/504/752 887/524/772 886/523/771
f 888/525/773 887/524/772 867/504/752
f 888/525/773 889/526/774 887/524/772
f 888/525/773 890/527/775 889/526/774
f 886/523/771 891/528/776 885/522/770
f 887/524/772 891/528/776 886/523/771
f 892/529/777 885/522/770 891/528/776
f 892/529/777 891/528/776 893/530/778
f 893/530/778 891/528/776 894/531/779
f 889/526/774 894/531/779 887/524/772
f 887/524/772 894/531/779 891/528/776
f 893/530/778 894/531/779 895/532/780
f 889/526/774 896/532/781 894/531/779
f 897/533/782 896/532/781 889/526/774
f 888/525/773 867/504/752 898/534/783
f 899/535/784 888/525/773 898/534/783
f 888/525/773 899/535/784 900/527/785
f 900/527/786 901/536/787 889/526/788
f 901/536/787 902/537/789 889/526/788
f 903/538/790 899/535/784 898/534/783
f 904/539/791 903/538/790 898/534/783
f 905/537/792 906/533/793 889/526/794
f 907/526/795 908/531/796 896/532/797
f 907/526/795 909/524/798 908/531/796
f 910/525/799 909/524/798 907/526/795
f 910/525/799 907/526/795 911/527/800
f 910/525/799 912/504/801 909/524/798
f 912/504/801 913/523/802 909/524/798
f 912/504/801 914/511/803 913/523/802
f 912/504/801 915/510/804 914/511/803
f 912/504/801 916/502/805 915/510/804
f 916/502/805 912/504/801 917/503/806
f 916/502/805 917/503/806 918/505/807
f 918/505/807 917/503/806 919/506/808
f 920/507/755 919/506/808 917/503/806
f 919/506/808 921/508/756 918/505/807
f 921/508/756 922/509/809 918/505/807
f 918/505/807 923/512/810 916/502/805
f 924/513/811 923/512/810 918/505/807
f 924/513/811 925/514/812 923/512/810
f 916/502/805 923/512/810 926/515/813
f 916/502/805 926/515/813 915/510/804
f 927/516/814 923/512/810 925/514/812
f 923/512/810 927/516/814 926/515/813
f 926/515/813 927/516/814 915/510/804
f 915/510/804 927/516/814 914/511/803
f 925/514/812 928/517/815 927/516/814
f 928/517/815 929/518/816 927/516/814
f 927/516/814 929/518/816 930/519/817
f 914/511/803 927/516/814 930/519/817
f 931/521/818 914/511/803 930/519/817
f 931/521/818 932/522/819 914/511/803
f 914/511/803 932/522/819 913/523/802
f 913/523/802 932/522/819 933/528/820
f 934/529/777 933/528/820 932/522/819
f 934/529/777 935/530/821 933/528/820
f 935/530/821 908/531/796 933/528/820
f 935/530/821 936/532/822 908/531/796
f 909/524/798 913/523/802 933/528/820
f 909/524/798 933/528/820 908/531/796
f 931/521/818 930/519/817 937/540/823
f 937/540/823 938/541/824 931/521/818
f 931/521/818 938/541/824 939/542/825
f 939/542/825 938/541/824 940/543/826
f 940/543/826 941/544/777 939/542/825
f 937/540/823 930/519/817 942/520/827
f 938/541/824 937/540/823 942/520/827
f 929/518/816 942/520/827 930/519/817
f 938/541/824 942/520/827 943/545/828
f 944/543/829 938/541/824 943/545/828
f 945/543/826 946/542/830 941/544/777
f 946/542/830 945/543/826 947/541/831
f 884/521/769 946/542/830 947/541/831
f 948/540/832 884/521/769 947/541/831
f 884/521/769 948/540/832 882/519/767
f 948/540/832 883/520/768 882/519/767
f 947/541/831 883/520/768 948/540/832
f 947/541/831 949/545/833 883/520/768
f 950/543/829 949/545/833 947/541/831
f 951/509/834 868/505/835 952/546/836
f 868/505/835 953/513/761 952/546/836
f 951/509/834 952/546/836 918/505/837
f 918/505/837 952/546/836 953/513/761
f 954/347/576 955/547/838 684/344/723
f 956/548/839 957/549/840 958/550/841
f 957/549/840 959/551/842 958/550/841
f 960/552/843 961/553/844 962/554/845
f 961/553/844 963/549/846 962/554/845
f 964/548/847 962/554/845 963/549/846
f 965/555/848 966/556/849 639/299/528
f 642/302/531 965/555/848 639/299/528
f 966/556/849 646/306/535 639/299/528
f 967/279/850 968/282/851 969/281/852
f 967/279/850 969/281/852 970/280/853
f 968/282/851 971/283/854 969/281/852
f 968/282/851 972/284/855 971/283/854
f 969/281/852 973/285/856 970/280/853
f 969/281/852 974/286/857 973/285/856
f 971/283/854 974/286/857 969/281/852
f 971/283/854 975/287/858 974/286/857
f 976/288/859 974/286/857 975/287/858
f 976/288/859 977/289/860 974/286/857
f 977/289/860 973/285/856 974/286/857
f 967/279/850 970/280/853 978/290/861
f 968/282/851 979/291/862 972/284/855
f 980/292/863 979/291/862 968/282/851
f 967/279/850 980/292/863 968/282/851
f 980/292/863 981/293/859 979/291/862
f 980/292/863 982/294/864 981/293/859
f 982/294/864 980/292/863 983/295/865
f 967/279/850 983/295/865 980/292/863
f 984/296/866 983/295/865 967/279/850
f 984/296/866 967/279/850 978/290/861
f 984/296/866 978/290/861 985/297/867
f 984/296/866 985/297/867 986/298/868
f 986/298/868 985/297/867 987/299/869
f 988/300/870 984/296/866 986/298/868
f 982/294/864 983/295/865 988/300/870
f 984/296/866 988/300/870 983/295/865
f 988/300/870 986/298/868 989/301/871
f 990/302/872 986/298/868 987/299/869
f 990/302/872 989/301/871 986/298/868
f 991/303/873 985/297/867 978/290/861
f 992/304/874 985/297/867 991/303/873
f 992/304/874 993/305/875 985/297/867
f 985/297/867 993/305/875 987/299/869
f 987/299/869 993/305/875 994/306/876
f 995/307/877 992/304/874 991/303/873
f 995/307/877 991/303/873 996/308/878
f 996/308/878 997/309/879 995/307/877
f 996/308/878 998/310/880 997/309/879
f 999/311/881 998/310/880 996/308/878
f 999/311/881 1000/312/882 998/310/880
f 993/305/875 992/304/874 1001/313/883
f 993/305/875 1001/313/883 1002/314/884
f 1001/313/883 992/304/874 1003/315/885
f 1003/315/885 992/304/874 995/307/877
f 1003/315/885 995/307/877 1004/316/886
f 997/309/879 1004/316/886 995/307/877
f 1003/315/885 1004/316/886 1005/317/887
f 996/308/878 970/280/853 999/311/881
f 996/308/878 991/303/873 970/280/853
f 991/303/873 978/290/861 970/280/853
f 970/280/853 1006/318/888 999/311/881
f 1006/318/888 1000/312/882 999/311/881
f 973/285/856 1000/312/882 1006/318/888
f 973/285/856 1006/318/888 970/280/853
f 977/289/860 1000/312/882 973/285/856
f 1007/319/889 1008/321/890 1009/320/891
f 1009/320/891 1008/321/890 1010/322/892
f 1009/320/891 1010/322/892 1011/323/893
f 1011/323/893 1010/322/892 1012/324/894
f 1011/323/893 1012/324/894 1013/325/895
f 1014/326/896 1012/324/894 1010/322/892
f 1015/327/897 1012/324/894 1014/326/896
f 1014/326/896 1010/322/892 1016/328/898
f 1008/321/890 1016/328/898 1010/322/892
f 1017/329/899 1011/323/893 1013/325/895
f 1018/330/900 1011/323/893 1017/329/899
f 1018/330/900 1009/320/891 1011/323/893
f 1017/329/899 1019/331/901 1018/330/900
f 1017/329/899 1020/332/902 1019/331/901
f 1020/332/902 1021/333/903 1019/331/901
f 1020/332/902 1022/334/904 1021/333/903
f 1023/335/905 1022/334/904 1020/332/902
f 1023/335/905 1024/336/906 1022/334/904
f 1025/337/907 1023/335/905 1020/332/902
f 1025/337/907 1020/332/902 1017/329/899
f 1017/329/899 1013/325/895 1025/337/907
f 1025/337/907 1026/338/908 1023/335/905
f 1026/338/908 1024/336/906 1023/335/905
f 1025/337/907 1027/339/909 1026/338/908
f 1013/325/895 1027/339/909 1025/337/907
f 1026/338/908 1028/340/910 1024/336/906
f 1013/325/895 1029/341/911 1027/339/909
f 1019/331/901 1021/333/903 1030/344/912
f 1019/331/901 1030/344/912 1031/345/913
f 1019/331/901 1032/346/914 1018/330/900
f 1019/331/901 1031/345/913 1032/346/914
f 1033/347/915 1031/345/913 1030/344/912
f 1032/346/914 1031/345/913 1033/347/915
f 1018/330/900 1032/346/914 1009/320/891
f 1009/320/891 1032/346/914 1034/348/916
f 1009/320/891 1034/348/916 1035/319/917
f 1032/346/914 1036/347/915 1034/348/916
f 1037/342/918 1027/339/919 1038/341/920
f 1037/342/918 1038/341/920 1039/343/921
f 1029/341/911 1012/324/894 1040/349/922
f 1029/341/911 1013/325/895 1012/324/894
f 1041/349/923 1012/324/894 1015/327/897
f 1042/349/924 1015/327/925 1043/350/926
f 1044/351/927 1045/353/928 1046/352/929
f 1044/351/927 1046/352/929 1047/354/930
f 1047/354/930 1046/352/929 1048/355/589
f 1045/353/928 1044/351/927 1049/356/931
f 1045/353/928 1049/356/931 1050/357/932
f 1046/352/929 1045/353/928 1051/358/933
f 1046/352/929 1051/358/933 1052/361/934
f 1053/360/935 1046/352/929 1052/361/934
f 1046/352/929 1054/359/936 1048/355/589
f 1046/352/929 1053/360/935 1054/359/936
f 1055/372/937 1051/358/933 1045/353/928
f 1055/372/937 1045/353/928 1050/357/932
f 1056/370/938 1051/358/933 1055/372/937
f 1057/363/939 1055/372/937 1050/357/932
f 1055/372/937 1057/363/939 1058/370/940
f 1057/363/939 1050/357/932 1059/362/941
f 1049/356/931 1059/362/941 1050/357/932
f 1057/363/939 1059/362/941 1060/364/598
f 1061/365/942 1060/364/598 1059/362/941
f 1061/365/942 1059/362/941 1049/356/931
f 1062/366/943 1057/363/939 1060/364/598
f 1062/366/943 1063/367/944 1057/363/939
f 1057/363/939 1063/367/944 1064/368/945
f 1057/363/939 1064/368/945 1058/370/940
f 1064/368/945 1063/367/944 1065/369/946
f 1066/370/947 1064/368/945 1065/369/946
f 1067/371/948 1063/367/944 1062/366/943
f 1068/371/949 1065/369/946 1063/367/944
f 1061/365/942 1049/356/931 1069/374/950
f 1061/365/942 1069/374/950 1070/373/951
f 1070/373/951 1069/374/950 1071/375/952
f 1070/373/951 1071/375/952 1072/376/953
f 1072/376/953 1071/375/952 1073/377/954
f 1074/378/955 1073/377/954 1071/375/952
f 1073/377/954 1074/378/955 1075/379/956
f 1073/377/954 1075/379/956 1076/380/957
f 1077/381/958 1073/377/954 1076/380/957
f 1073/377/954 1077/381/958 1078/382/959
f 1072/376/953 1073/377/954 1078/382/959
f 1044/351/927 1069/374/950 1049/356/931
f 1044/351/927 1079/383/960 1069/374/950
f 1080/384/961 1071/375/952 1069/374/950
f 1080/384/961 1069/374/950 1079/383/960
f 1080/384/961 1079/383/960 1081/385/962
f 1044/351/927 1081/385/962 1079/383/960
f 1080/384/961 1081/385/962 1082/386/963
f 1082/386/963 1081/385/962 1083/387/964
f 1083/387/964 1084/388/965 1082/386/963
f 1084/388/965 1080/384/961 1082/386/963
f 1083/387/964 1085/389/966 1084/388/965
f 1084/388/965 1085/389/966 1086/390/967
f 1084/388/965 1086/390/967 1087/391/968
f 1087/391/968 1088/392/969 1084/388/965
f 1087/391/968 1089/393/970 1088/392/969
f 1044/351/927 1047/354/930 1081/385/962
f 1084/388/965 1090/394/971 1080/384/961
f 1084/388/965 1088/392/969 1090/394/971
f 1047/354/930 1091/395/972 1081/385/962
f 1081/385/962 1091/395/972 1083/387/964
f 1092/396/973 1093/398/974 1094/397/975
f 1095/399/976 1093/398/974 1092/396/973
f 1093/398/974 1095/399/976 1096/400/977
f 1093/398/974 1096/400/977 1097/401/978
f 1096/400/977 1098/402/979 1097/401/978
f 1097/401/978 1098/402/979 1099/403/980
f 1100/404/981 1093/398/974 1097/401/978
f 1093/398/974 1100/404/981 1101/405/982
f 1097/401/978 1102/406/983 1100/404/981
f 1097/401/978 1099/403/980 1102/406/983
f 1102/406/983 1099/403/980 1103/407/984
f 1104/408/985 1098/402/979 1096/400/977
f 1104/408/985 1105/409/986 1098/402/979
f 1106/410/987 1105/409/986 1104/408/985
f 1106/410/987 1107/411/988 1105/409/986
f 1108/412/989 1107/411/988 1106/410/987
f 1108/412/989 1109/413/990 1107/411/988
f 1102/406/983 1110/414/991 1100/404/981
f 1102/406/983 1111/415/992 1110/414/991
f 1111/415/992 1112/416/993 1110/414/991
f 1111/415/992 1113/417/994 1112/416/993
f 1112/416/993 1113/417/994 1114/418/995
f 1115/419/996 1112/416/993 1114/418/995
f 1116/420/997 1112/416/993 1115/419/996
f 1110/414/991 1112/416/993 1116/420/997
f 1114/418/995 1113/417/994 1117/421/998
f 1110/414/991 1116/420/997 1118/422/999
f 1119/423/1000 1116/420/1001 1120/424/996
f 1121/425/1002 1119/423/1000 1120/424/996
f 1121/425/1002 1120/424/996 1122/426/1003
f 1123/427/1004 1121/425/1002 1122/426/1003
f 1124/428/1005 1121/425/1002 1123/427/1004
f 1121/425/1002 1124/428/1005 1119/423/1000
f 1124/428/1005 1123/427/1004 1125/429/1006
f 1123/427/1004 1122/426/1003 1126/430/1007
f 1125/429/1006 1127/431/1008 1124/428/1005
f 1124/428/1005 1127/431/1008 1128/432/1009
f 1124/428/1005 1128/432/1009 1129/433/1010
f 1119/423/1000 1124/428/1005 1129/433/1010
f 1129/433/1010 1130/422/999 1119/423/1000
f 1131/405/982 1130/422/999 1129/433/1010
f 1128/432/1009 1131/405/982 1129/433/1010
f 1123/427/1004 1126/430/1007 1132/434/1011
f 1123/427/1004 1132/434/1011 1133/435/992
f 1134/429/1012 1123/427/1004 1133/435/992
f 1134/429/1012 1133/435/992 1135/436/983
f 1094/397/1013 1131/405/982 1128/432/1009
f 1128/432/1009 1127/431/1008 1136/437/1014
f 1137/438/1015 1136/437/1014 1127/431/1008
f 1137/438/1015 1127/431/1008 1138/439/1016
f 1139/429/1012 1138/439/1016 1127/431/1008
f 1140/440/1017 1138/439/1016 1139/429/1012
f 1138/439/1016 1140/440/1017 1141/441/1018
f 1138/439/1016 1141/441/1018 1142/442/1019
f 1138/439/1016 1142/442/1019 1143/443/1020
f 1137/438/1015 1138/439/1016 1143/443/1020
f 1144/444/1021 1143/443/1020 1142/442/1019
f 1143/443/1020 1144/444/1021 1145/445/1022
f 1143/443/1020 1145/445/1022 1146/446/1023
f 1147/447/1024 1143/443/1020 1146/446/1023
f 1145/445/1022 1147/447/1024 1146/446/1023
f 1145/445/1022 1148/448/1025 1147/447/1024
f 1144/444/1021 1142/442/1019 1149/449/1026
f 1145/445/1022 1144/444/1021 1150/450/1027
f 1145/445/1022 1150/450/1027 1151/451/1028
f 1148/448/1025 1145/445/1022 1151/451/1028
f 1151/451/1028 1150/450/1027 1152/452/1029
f 1151/451/1028 1152/452/1029 1153/453/1030
f 1148/448/1025 1151/451/1028 1154/454/1031
f 1154/454/1031 1151/451/1028 1153/453/1030
f 1154/454/1031 1153/453/1030 1155/455/1032
f 1156/456/1033 1152/452/1029 1150/450/1027
f 1156/456/1033 1150/450/1027 1157/457/1034
f 1157/457/1034 1150/450/1027 1144/444/1021
f 1157/457/1034 1144/444/1021 1149/449/1026
f 1137/438/1015 1143/443/1020 1158/458/1035
f 1159/459/1036 1160/461/1037 1161/460/1038
f 1159/459/1036 1162/462/1039 1160/461/1037
f 1139/429/1012 1159/459/1036 1161/460/1038
f 1139/429/1012 1161/460/1038 1140/440/1017
f 1161/460/1038 1160/461/1037 1163/463/1040
f 1161/460/1038 1163/463/1040 1164/464/1041
f 1140/440/1017 1161/460/1038 1164/464/1041
f 1140/440/1017 1164/464/1041 1141/441/1018
f 1159/459/1036 1165/465/1042 1162/462/1039
f 1159/459/1036 1166/466/1043 1165/465/1042
f 1167/429/1044 1166/466/1043 1159/459/1036
f 1167/429/1044 1168/436/1045 1166/466/1043
f 1169/422/1046 1170/420/1047 1119/423/1048
f 1100/404/981 1118/422/1049 1101/405/982
f 1100/404/981 1110/414/991 1171/422/1050
f 1172/467/1051 1173/469/1052 1174/468/1053
f 1172/467/1051 1175/470/1054 1173/469/1052
f 1176/471/1055 1172/467/1051 1174/468/1053
f 1176/471/1055 1174/468/1053 1177/472/1056
f 1102/406/983 1176/471/1055 1177/472/1056
f 1103/407/984 1176/471/1055 1102/406/983
f 1094/397/975 1093/398/974 1178/405/1057
f 1094/397/1013 1128/432/1009 1179/473/1058
f 1128/432/1009 1136/437/1014 1179/473/1058
f 1180/397/1059 1179/473/1060 1181/474/1061
f 1182/475/1062 1180/397/1059 1181/474/1061
f 1182/475/1062 1092/396/1063 1180/397/1059
f 1183/476/1064 1008/321/890 1184/319/917
f 1183/476/1064 1185/477/1065 1008/321/890
f 1185/477/1065 1016/328/898 1008/321/890
f 1186/478/1066 1187/481/1067 1188/480/1068
f 1186/478/1066 1188/480/1068 1189/479/1069
f 1189/479/1069 1188/480/1068 1190/482/1070
f 1189/479/1069 1190/482/1070 1191/483/1071
f 1188/480/1068 1187/481/1067 1192/484/1072
f 1187/481/1067 1193/485/1073 1192/484/1072
f 1188/480/1068 1192/484/1072 1194/486/1074
f 1188/480/1068 1195/487/1075 1190/482/1070
f 1188/480/1068 1194/486/1074 1195/487/1075
f 1196/488/1076 1195/487/1075 1194/486/1074
f 1190/482/1070 1195/487/1075 1196/488/1076
f 1196/488/1076 1194/486/1074 1197/489/1077
f 1190/482/1070 1196/488/1076 1198/490/1078
f 1199/483/1079 1190/482/1070 1198/490/1078
f 1199/483/1079 1198/490/1078 1200/491/1080
f 1200/491/1080 1198/490/1078 1201/492/1081
f 1200/491/1080 1201/492/1081 1202/493/1082
f 1201/492/1081 1198/490/1078 1203/494/1083
f 1198/490/1078 1196/488/1076 1204/495/1084
f 1204/495/1084 1205/496/1085 1198/490/1078
f 1196/488/1076 1205/496/1085 1204/495/1084
f 1196/488/1076 1197/489/1077 1205/496/1085
f 1198/490/1078 1205/496/1085 1203/494/1083
f 1201/492/1086 1206/494/1087 1207/497/1088
f 1208/498/1089 1209/496/1090 1210/499/1091
f 1211/500/1092 1209/496/1090 1208/498/1089
f 1211/500/1092 1212/494/1083 1209/496/1090
f 1213/501/1088 1212/494/1083 1211/500/1092
f 910/525/799 1214/527/1093 1215/535/1094
f 1215/535/1094 1216/534/1095 910/525/799
f 1217/538/790 1216/534/1095 1215/535/1094
f 1218/539/1096 1216/534/1095 1217/538/790
f 910/525/799 1216/534/1095 912/504/801
f 1214/527/1097 907/526/1098 1219/536/1099
f 1219/536/1099 907/526/1098 1220/537/1100
f 1221/537/1101 907/526/1102 1222/533/1103
f 1223/533/1104 907/526/795 896/532/797
f 1224/347/1105 1030/344/1065 1225/547/1064
f 1226/548/1106 1227/550/1107 1228/549/1108
f 1228/549/1108 1227/550/1107 1229/551/1109
f 1230/552/1110 1231/554/1111 1232/553/1112
f 1232/553/1112 1231/554/1111 1233/549/1113
f 1234/548/1114 1233/549/1113 1231/554/1111
f 1235/555/1115 987/299/869 1236/556/1116
f 990/302/872 987/299/869 1235/555/1115
f 1236/556/1116 987/299/869 994/306/876
