# Blender 5.1.2
# www.blender.org
mtllib monstro0017.mtl
o Object_33
v 4.565014 -132.905014 81.523972
v 4.338254 -132.559113 81.425369
v 6.325670 -132.440353 81.552483
v 6.325670 -132.918106 81.552483
v 7.102668 -132.467285 81.580780
v 7.102668 -132.936066 81.580780
v 4.604606 -132.289001 81.881615
v 5.673593 -132.345871 81.938492
v 7.098910 -132.480667 81.850616
v 7.098910 -132.718765 81.968033
v 5.673593 -132.678268 82.065178
v 4.188889 -132.890106 81.536995
v 7.098910 -132.925232 81.850616
v 5.354472 -133.015778 81.832832
v 7.098910 -132.718765 81.968033
v 5.673593 -132.678268 82.065178
v 4.604605 -132.949631 81.941986
v 4.228481 -132.949234 81.966881
v 2.392396 -133.100464 81.685524
v 3.052271 -133.067551 82.195854
v 1.939022 -133.067551 82.412827
v 4.416542 -132.597885 82.148407
v 3.241556 -132.678268 82.294983
v 2.372585 -132.678268 82.496277
v 2.392396 -132.244522 81.606728
v 1.900582 -132.319397 81.549591
v 1.900582 -133.096832 81.549591
v 1.605497 -133.076324 82.409904
v 1.939022 -132.346130 82.464088
v 3.052271 -132.289001 82.107231
v 2.372585 -132.678268 82.496277
v 3.241556 -132.678268 82.294983
v 4.151087 -132.272736 81.893082
v 4.416542 -132.597885 82.148407
v 1.633513 -132.371201 81.323006
v 1.526906 -133.167282 81.323006
v 1.605497 -132.325760 82.426895
v 1.942397 -132.678268 82.536102
v 1.607806 -132.678268 82.516968
v 4.379998 -132.272202 81.886894
v 0.619154 -132.449768 68.875793
v 0.414365 -132.308167 71.593933
v 0.935154 -132.266754 71.382149
v 0.993650 -132.513153 73.058838
v 0.487022 -132.523544 72.977684
v 0.994998 -132.511032 73.598366
v 0.464458 -132.539154 73.509979
v 1.172612 -133.127411 73.350433
v 1.172613 -133.171326 73.623421
v 1.172612 -133.095306 73.087509
v 0.308060 -133.138672 73.254631
v 0.308060 -133.095306 72.949013
v 0.740336 -133.327408 73.018265
v 0.740336 -133.369629 73.285431
v 1.172612 -133.095306 73.087509
v 1.172612 -133.127411 73.350433
v 0.740337 -133.412094 73.554169
v 1.172613 -133.171326 73.623421
v 0.308061 -133.171326 73.484924
v 0.830301 -133.629517 76.088402
v 0.306055 -133.237137 76.277496
v 1.230235 -133.237137 76.416039
v 0.334208 -132.405548 76.120567
v 0.012404 -133.560760 76.376801
v 0.012404 -132.527084 76.250900
v 1.165215 -132.951279 71.227577
v 0.715179 -133.245193 71.333466
v 0.333095 -132.951279 71.439354
v 0.619154 -133.154327 68.875793
v 0.372845 -132.879669 68.875793
v 0.619154 -132.449768 68.875793
v 0.619154 -133.154327 68.875793
v 1.294992 -132.310837 76.166573
v 1.294992 -132.310837 76.166573
v 1.294992 -132.310837 76.166573
v 1.230235 -133.237137 76.416039
v 0.968926 -133.528076 78.856369
v 0.846803 -133.735321 77.065964
v 1.250908 -133.261337 77.246635
v 0.012404 -134.118225 78.877609
v 0.012404 -133.861694 76.941177
v 1.115779 -132.679794 78.887535
v 1.245259 -132.425232 77.246635
v 1.230235 -133.237137 76.416039
v 0.012404 -133.560760 76.376801
v 0.306055 -133.237137 76.277496
v 0.830301 -133.629517 76.088402
v 0.760325 -132.216232 77.589539
v 0.831511 -132.105301 77.072639
v 0.012404 -132.278580 77.794662
v 0.012404 -132.310715 78.877609
v 0.012404 -132.254700 76.695053
v 0.193570 -132.208344 76.437347
v 0.899084 -132.132019 76.541748
v 0.334208 -132.405548 76.120567
v 1.294992 -132.310837 76.166573
v 0.012404 -132.527084 76.250900
v 0.012404 -132.527084 76.250900
v 1.280284 -132.421356 77.007362
v 1.294992 -132.310837 76.166573
v 1.294992 -132.310837 76.166573
v 0.012404 -132.197815 79.766899
v 1.178962 -132.571777 79.716705
v 1.633513 -132.371201 81.323006
v 0.012404 -131.796722 81.336067
v 0.966596 -132.178238 82.548309
v 1.605497 -132.325760 82.426895
v 1.607806 -132.678268 82.516968
v 0.957743 -132.678268 82.564018
v 0.467534 -132.733658 82.711540
v 0.012404 -132.288986 82.641838
v 1.050097 -133.475220 79.716705
v 1.526906 -133.167282 81.323006
v 0.542687 -133.922379 79.783081
v 0.871952 -133.728806 81.226639
v 0.012404 -133.906128 81.418457
v 0.966596 -133.067551 82.416367
v 0.012404 -133.111694 82.547127
v 0.467534 -132.733658 82.711540
v 0.957743 -132.678268 82.564018
v 1.605497 -133.076324 82.409904
v 1.607806 -132.678268 82.516968
v 1.900582 -133.096832 81.549591
v 0.012404 -134.090424 79.786514
v 7.304121 -132.976486 81.539520
v 7.304121 -132.432266 81.539520
v 7.452557 -132.662125 81.548004
v 7.471015 -132.844849 81.398323
v 7.696621 -132.936188 81.390800
v 7.722791 -132.771652 81.550415
v 7.814222 -132.987167 81.503250
v 7.732298 -133.018936 81.643456
v 7.998094 -132.651062 81.764587
v 7.924614 -132.317245 81.640755
v 8.008974 -132.868790 81.784622
v 8.016235 -133.040833 81.797997
v 7.952839 -132.976318 81.351234
v 7.976388 -133.031403 81.470039
v 8.094219 -132.966843 81.358345
v 8.104343 -133.019913 81.451134
v 8.187252 -133.033829 81.308746
v 8.197563 -133.087860 81.403229
v 8.153023 -132.647873 81.636078
v 8.201752 -132.844437 81.635910
v 8.200872 -132.660660 81.448280
v 8.219378 -132.841660 81.454140
v 8.336580 -132.645706 81.376869
v 8.252338 -132.421677 81.386719
v 8.151924 -132.412354 81.434792
v 8.352680 -132.813370 81.379700
v 8.087557 -132.318771 81.625534
v 8.194149 -132.314926 81.691910
v 8.252338 -132.421677 81.386719
v 8.348555 -132.648483 81.680092
v 8.336580 -132.645706 81.376869
v 8.341963 -132.848007 81.679138
v 8.046482 -132.672836 81.948761
v 8.044224 -132.872360 81.942497
v 8.352680 -132.813370 81.379700
v 7.304121 -132.709824 81.981804
v 7.304121 -132.432266 81.840729
v 7.963366 -132.302612 81.818100
v 8.087557 -132.318771 81.625534
v 7.924614 -132.317245 81.640755
v 8.219378 -132.841660 81.454140
v 8.201752 -132.844437 81.635910
v 8.044224 -132.872360 81.942497
v 8.008974 -132.868790 81.784622
v 7.098910 -132.718765 81.968033
v 7.098910 -132.925232 81.850616
v 7.304121 -132.976486 81.828369
v 8.044224 -132.872360 81.942497
v 8.042400 -133.033569 81.937431
v 8.016235 -133.040833 81.797997
v 7.732298 -133.018936 81.643456
v 7.304121 -132.976486 81.539520
v 7.704122 -133.117828 81.460487
v 7.670760 -133.044693 81.334610
v 7.422751 -132.983292 81.389915
v 7.471015 -132.844849 81.398323
v 7.696621 -132.936188 81.390800
v 7.814222 -132.987167 81.503250
v 7.961060 -133.152039 81.418671
v 7.930259 -133.077530 81.288940
v 8.197563 -133.087860 81.403229
v 8.187252 -133.033829 81.308746
v 7.952839 -132.976318 81.351234
v 8.094219 -132.966843 81.358345
v 8.104343 -133.019913 81.451134
v 7.976388 -133.031403 81.470039
v 7.102668 -132.936066 81.580780
v 8.393637 -132.844879 81.783943
v 8.388773 -133.006104 81.781639
v 8.486700 -132.989838 81.489441
v 8.490694 -132.861145 81.487854
v 8.346937 -133.003601 81.520737
v 8.271900 -133.013351 81.701218
v 8.335295 -132.851074 81.527557
v 8.257322 -132.841324 81.696854
v 8.044224 -132.872360 81.942497
v 8.008974 -132.868790 81.784622
v 8.087557 -132.318771 81.625534
v 8.151924 -132.412354 81.434792
v 8.087557 -132.318771 81.625534
v 8.346937 -133.003601 81.520737
v 8.335295 -132.851074 81.527557
v 8.490694 -132.861145 81.487854
v 8.486700 -132.989838 81.489441
v 8.271900 -133.013351 81.701218
v 8.257322 -132.841324 81.696854
v 7.924614 -132.317245 81.640755
v 7.098910 -132.480667 81.850616
v 7.304121 -132.432266 81.539520
v 7.102668 -132.467285 81.580780
v 7.102668 -132.936066 81.580780
v 0.881024 -132.879669 68.875793
v 0.619154 -132.449768 68.875793
v 1.165215 -132.951279 71.227577
v 0.619154 -132.449768 68.875793
v 0.881024 -132.879669 68.875793
v 0.881024 -132.879669 68.505905
v 0.619154 -132.449768 68.505905
v 0.619154 -133.228241 68.523651
v 0.619154 -133.154327 68.875793
v 0.905084 -132.523376 67.862648
v 0.619154 -132.354263 67.868217
v 1.063068 -134.537628 67.862648
v 0.780535 -134.328842 68.173485
v 0.426572 -134.625900 68.047722
v 0.394534 -134.811234 67.910217
v 0.357284 -132.879669 68.505905
v 0.619154 -133.154327 68.875793
v 0.372845 -132.879669 68.875793
v 0.619154 -132.449768 68.505905
v 0.619154 -132.449768 68.875793
v 0.336893 -132.543274 67.862648
v 0.265768 -134.507355 68.073181
v 0.130052 -134.634689 67.862648
v 0.619154 -132.354263 67.868217
v 0.336893 -132.543274 67.862648
v 1.063068 -134.537628 67.862648
v 0.394534 -134.811234 67.910217
v 0.130052 -134.634689 67.862648
v 0.905084 -132.523376 67.862648
v 0.336893 -132.543274 67.862648
v 0.619154 -132.354263 67.868217
v 0.405199 -133.561996 83.966873
v 0.310331 -133.536453 83.667122
v 0.704464 -133.208313 83.822868
v 0.152816 -133.639984 83.902161
v 0.012404 -133.697296 83.667122
v 0.012404 -133.636566 83.628479
v 0.012404 -133.675201 83.821686
v 0.012404 -133.802536 83.920486
v 0.599341 -133.406342 84.225418
v 0.780101 -133.212219 84.501984
v 0.081631 -133.638153 84.178062
v 0.012404 -133.712006 84.108688
v 0.012404 -133.653183 84.311424
v 0.344696 -133.614853 84.239166
v 0.372842 -133.648376 84.430214
v 0.012404 -133.688522 84.457870
v 0.012404 -133.677429 84.637306
v 0.372842 -133.629730 84.653969
v 0.012404 -133.404358 85.181091
v 0.644279 -133.357361 84.980812
v 0.668668 -132.680145 85.130341
v 0.829423 -132.693283 84.495117
v 0.676726 -132.778183 83.826881
v 0.350000 -133.358963 83.234306
v 0.458957 -132.767426 83.215637
v 0.012404 -133.099030 83.176239
v 0.674152 -132.173843 84.400513
v 0.012404 -131.828552 84.815338
v 0.012404 -131.939865 83.860649
v 0.644992 -132.369202 83.821320
v 0.012404 -132.351837 83.319336
v 0.012404 -132.351837 83.319336
v 0.012404 -132.288986 82.641838
v 0.271007 -133.516525 83.574463
v 0.012404 -133.580765 83.166397
v 0.012404 -133.099030 83.176239
v 0.012404 -133.111694 82.547127
v 0.467534 -132.733658 82.711540
v 0.012404 -133.640717 83.473259
v 0.012404 -133.613129 83.542259
v 0.467534 -132.733658 82.711540
v 0.012404 -132.288986 82.641838
v -0.434149 -132.767426 83.215637
v -0.620183 -132.369202 83.821320
v -0.651917 -132.778183 83.826881
v -0.325192 -133.358963 83.234306
v 0.012404 -133.099030 83.176239
v -0.679655 -133.208313 83.822868
v -0.804614 -132.693283 84.495117
v -0.755293 -133.212219 84.501984
v -0.574532 -133.406342 84.225418
v -0.380390 -133.561996 83.966873
v -0.285523 -133.536453 83.667122
v -0.128008 -133.639984 83.902161
v 0.012404 -133.697296 83.667122
v 0.012404 -133.636566 83.628479
v 0.012404 -133.675201 83.821686
v 0.012404 -133.802536 83.920486
v -0.056822 -133.638153 84.178062
v 0.012404 -133.712006 84.108688
v 0.012404 -133.653183 84.311424
v -0.319888 -133.614853 84.239166
v -0.348034 -133.648376 84.430214
v 0.012404 -133.688522 84.457870
v 0.012404 -133.677429 84.637306
v -0.348034 -133.629730 84.653969
v -0.619471 -133.357361 84.980812
v -0.643859 -132.680145 85.130341
v -0.649343 -132.173843 84.400513
v 0.012404 -131.828552 84.815338
v 0.012404 -131.939865 83.860649
v 0.012404 -132.351837 83.319336
v -0.322313 -133.379333 85.102745
v -0.459236 -132.805405 85.302948
v -0.643859 -132.680145 85.130341
v 0.012404 -132.245300 85.295799
v 0.012404 -131.828552 84.815338
v 0.012404 -133.404358 85.181091
v 0.012404 -132.919510 85.405190
v 0.012404 -132.245300 85.295799
v 0.012404 -132.245300 85.295799
v 0.668668 -132.680145 85.130341
v 0.484045 -132.805405 85.302948
v 0.347122 -133.379333 85.102745
v 0.012404 -132.919510 85.405190
v 0.012404 -132.245300 85.295799
v 0.012404 -133.802536 83.920486
v 0.012404 -133.805237 83.956894
v 0.012404 -133.712006 84.108688
v 0.619154 -133.154327 68.875793
v 0.881024 -132.879669 68.875793
v 0.012404 -132.676636 83.603111
v 0.704464 -133.208313 83.822868
v 0.012404 -133.636566 83.628479
v 0.310331 -133.536453 83.667122
v 0.012404 -133.613129 83.542259
v 0.271007 -133.516525 83.574463
v 0.012404 -133.422791 83.322845
v 0.704464 -133.208313 83.822868
v 0.012404 -132.676636 83.603111
v 1.942397 -132.678268 82.536102
v 1.607806 -132.678268 82.516968
v -4.540206 -132.904984 81.523941
v -6.300860 -132.918076 81.552452
v -6.300860 -132.440323 81.552452
v -4.313445 -132.559067 81.425354
v -7.077860 -132.467255 81.580750
v -7.077861 -132.936035 81.580750
v -4.579795 -132.288956 81.881599
v -5.648786 -132.345840 81.938461
v -7.074100 -132.480637 81.850586
v -7.074100 -132.718735 81.968002
v -5.648786 -132.678238 82.065147
v -4.164080 -132.890076 81.536972
v -7.074100 -132.925201 81.850586
v -5.329665 -133.015747 81.832802
v -7.074100 -132.718735 81.968002
v -5.648786 -132.678238 82.065147
v -4.579799 -132.949600 81.941956
v -4.203672 -132.949203 81.966858
v -2.367586 -133.100433 81.685501
v -3.027462 -133.067520 82.195831
v -1.914213 -133.067520 82.412804
v -4.391735 -132.597839 82.148392
v -3.216747 -132.678238 82.294952
v -2.347774 -132.678238 82.496254
v -2.367586 -132.244492 81.606705
v -1.875772 -132.319366 81.549568
v -1.875772 -133.096802 81.549568
v -1.580689 -133.076309 82.409889
v -1.914213 -132.346100 82.464066
v -3.027462 -132.288971 82.107208
v -2.347774 -132.678238 82.496254
v -3.216747 -132.678238 82.294952
v -4.126278 -132.272705 81.893059
v -4.391735 -132.597839 82.148392
v -1.608704 -132.371185 81.322998
v -1.502098 -133.167267 81.322998
v -1.580689 -132.325745 82.426880
v -1.917587 -132.678238 82.536079
v -1.582998 -132.678253 82.516953
v -4.355187 -132.272156 81.886879
v -0.594346 -132.449753 68.875793
v -0.910346 -132.266739 71.382149
v -0.389556 -132.308151 71.593925
v -0.968841 -132.513138 73.058838
v -0.462213 -132.523529 72.977684
v -0.970189 -132.511002 73.598358
v -0.439649 -132.539124 73.509972
v -1.147803 -133.127396 73.350426
v -1.147804 -133.171295 73.623413
v -1.147803 -133.095291 73.087509
v -0.283251 -133.138657 73.254623
v -0.283252 -133.095291 72.949013
v -0.715527 -133.327393 73.018265
v -0.715527 -133.369614 73.285423
v -1.147803 -133.095291 73.087509
v -1.147803 -133.127396 73.350426
v -0.715528 -133.412064 73.554161
v -1.147804 -133.171295 73.623413
v -0.283251 -133.171295 73.484917
v -0.805492 -133.629486 76.088394
v -0.281246 -133.237106 76.277489
v -1.205426 -133.237106 76.416031
v -0.309400 -132.405533 76.120560
v -1.140407 -132.951263 71.227577
v -0.690371 -133.245178 71.333466
v -0.308287 -132.951263 71.439354
v -0.594346 -133.154312 68.875793
v -0.348036 -132.879654 68.875793
v -0.594346 -132.449753 68.875793
v -0.594346 -133.154312 68.875793
v 0.012404 -133.560760 76.376801
v -0.309400 -132.405533 76.120560
v 0.012404 -132.527084 76.250900
v -1.270182 -132.393051 76.156235
v -1.270182 -132.393051 76.156235
v -1.270182 -132.393051 76.156235
v -1.205426 -133.237106 76.416031
v -0.944117 -133.528076 78.856369
v -1.226099 -133.261337 77.246635
v -0.821995 -133.735321 77.065964
v 0.012404 -134.118225 78.877609
v 0.012404 -133.861694 76.941177
v -1.090970 -132.679794 78.887535
v -1.220450 -132.425232 77.246635
v -1.205426 -133.237106 76.416031
v -0.805492 -133.629486 76.088394
v -0.281246 -133.237106 76.277489
v 0.012404 -133.560760 76.376801
v -1.259399 -132.421356 77.014854
v -1.270182 -132.393051 76.156235
v -0.806702 -132.105301 77.072639
v -1.270182 -132.393051 76.156235
v -0.735517 -132.216232 77.589539
v 0.012404 -132.278580 77.794662
v 0.012404 -132.310715 78.877609
v 0.012404 -132.254700 76.695053
v -0.168761 -132.208344 76.437347
v -0.874276 -132.132019 76.541748
v -0.309400 -132.405533 76.120560
v -1.270182 -132.393051 76.156235
v 0.012404 -132.527084 76.250900
v 0.012404 -132.527084 76.250900
v -1.154153 -132.571777 79.716705
v 0.012404 -132.197815 79.766899
v -1.608704 -132.371185 81.322998
v 0.012404 -131.796722 81.336067
v -0.941788 -132.178223 82.548302
v -1.580689 -132.325745 82.426880
v -1.582998 -132.678253 82.516953
v -0.932935 -132.678253 82.564003
v -0.442726 -132.733658 82.711540
v 0.012404 -132.288986 82.641838
v -1.025290 -133.475220 79.716705
v -1.502098 -133.167267 81.322998
v -0.517879 -133.922379 79.783081
v -0.847144 -133.728790 81.226631
v 0.012404 -133.906128 81.418457
v -0.941788 -133.067535 82.416359
v 0.012404 -133.111694 82.547127
v -0.442726 -132.733658 82.711540
v -0.932935 -132.678253 82.564003
v -1.580689 -133.076309 82.409889
v -1.582998 -132.678253 82.516953
v -1.875772 -133.096802 81.549568
v 0.012404 -134.090424 79.786514
v -7.279314 -132.976471 81.539482
v -7.427750 -132.662109 81.547966
v -7.279313 -132.432251 81.539482
v -7.446208 -132.844833 81.398285
v -7.671814 -132.936172 81.390762
v -7.697984 -132.771637 81.550377
v -7.789415 -132.987152 81.503204
v -7.707491 -133.018921 81.643417
v -7.973287 -132.651047 81.764542
v -7.899807 -132.317230 81.640717
v -7.984167 -132.868774 81.784584
v -7.991427 -133.040817 81.797958
v -7.928032 -132.976303 81.351196
v -7.951581 -133.031387 81.470001
v -8.069410 -132.966827 81.358307
v -8.079535 -133.019897 81.451096
v -8.162444 -133.033813 81.308708
v -8.172755 -133.087845 81.403191
v -8.128216 -132.647858 81.636040
v -8.176944 -132.844421 81.635872
v -8.176064 -132.660645 81.448242
v -8.194570 -132.841644 81.454102
v -8.311772 -132.645691 81.376831
v -8.227530 -132.421661 81.386681
v -8.127116 -132.412338 81.434753
v -8.327873 -132.813354 81.379662
v -8.062750 -132.318756 81.625496
v -8.169342 -132.314911 81.691872
v -8.227530 -132.421661 81.386681
v -8.323747 -132.648468 81.680054
v -8.311772 -132.645691 81.376831
v -8.317156 -132.847992 81.679100
v -8.021675 -132.672821 81.948723
v -8.019417 -132.872345 81.942459
v -8.327873 -132.813354 81.379662
v -7.279314 -132.709808 81.981766
v -7.279313 -132.432251 81.840691
v -7.938558 -132.302597 81.818062
v -8.062750 -132.318756 81.625496
v -7.899807 -132.317230 81.640717
v -8.194570 -132.841644 81.454102
v -8.176944 -132.844421 81.635872
v -8.019417 -132.872345 81.942459
v -7.984167 -132.868774 81.784584
v -7.074100 -132.718735 81.968002
v -7.074100 -132.925201 81.850586
v -7.279314 -132.976471 81.828331
v -8.019417 -132.872345 81.942459
v -8.017591 -133.033554 81.937393
v -7.991427 -133.040817 81.797958
v -7.707491 -133.018921 81.643417
v -7.279314 -132.976471 81.539482
v -7.679315 -133.117813 81.460449
v -7.645953 -133.044678 81.334572
v -7.397944 -132.983276 81.389877
v -7.446208 -132.844833 81.398285
v -7.671814 -132.936172 81.390762
v -7.789415 -132.987152 81.503204
v -7.936253 -133.152023 81.418633
v -7.905452 -133.077515 81.288902
v -8.172755 -133.087845 81.403191
v -8.162444 -133.033813 81.308708
v -7.928032 -132.976303 81.351196
v -8.069410 -132.966827 81.358307
v -8.079535 -133.019897 81.451096
v -7.951581 -133.031387 81.470001
v -7.077861 -132.936035 81.580750
v -8.368830 -132.844864 81.783905
v -8.461892 -132.989822 81.489403
v -8.363965 -133.006088 81.781601
v -8.465886 -132.861130 81.487816
v -8.322128 -133.003586 81.520699
v -8.247092 -133.013336 81.701180
v -8.310487 -132.851059 81.527512
v -8.232514 -132.841309 81.696815
v -8.019417 -132.872345 81.942459
v -7.984167 -132.868774 81.784584
v -8.062750 -132.318756 81.625496
v -8.127116 -132.412338 81.434753
v -8.062750 -132.318756 81.625496
v -8.322128 -133.003586 81.520699
v -8.465886 -132.861130 81.487816
v -8.310487 -132.851059 81.527512
v -8.461892 -132.989822 81.489403
v -8.247092 -133.013336 81.701180
v -8.232514 -132.841309 81.696815
v -7.899807 -132.317230 81.640717
v -7.074100 -132.480637 81.850586
v -7.279313 -132.432251 81.539482
v -7.077860 -132.467255 81.580750
v -7.077861 -132.936035 81.580750
v -0.856215 -132.879654 68.875793
v -0.594346 -132.449753 68.875793
v -1.140407 -132.951263 71.227577
v -0.594346 -132.449753 68.875793
v -0.594346 -132.449753 68.505898
v -0.856215 -132.879654 68.505898
v -0.856215 -132.879654 68.875793
v -0.594346 -133.228226 68.523643
v -0.594346 -133.154312 68.875793
v -0.880275 -132.523361 67.862640
v -0.594346 -132.354248 67.868210
v -1.038260 -134.537613 67.862640
v -0.755726 -134.328827 68.173477
v -0.401764 -134.625885 68.047714
v -0.369725 -134.811218 67.910210
v -0.332474 -132.879654 68.505898
v -0.594346 -133.154312 68.875793
v -0.348036 -132.879654 68.875793
v -0.594346 -132.449753 68.505898
v -0.594346 -132.449753 68.875793
v -0.312085 -132.543259 67.862640
v -0.240959 -134.507339 68.073174
v -0.105244 -134.634674 67.862640
v -0.312085 -132.543259 67.862640
v -0.594346 -132.354248 67.868210
v -1.038260 -134.537613 67.862640
v -0.105244 -134.634674 67.862640
v -0.369725 -134.811218 67.910210
v -0.880275 -132.523361 67.862640
v -0.312085 -132.543259 67.862640
v -0.594346 -132.354248 67.868210
v 0.012404 -133.099030 83.176239
v 0.012404 -133.580765 83.166397
v -0.246199 -133.516525 83.574463
v 0.012404 -133.640717 83.473259
v 0.012404 -133.613129 83.542259
v 0.012404 -133.111694 82.547127
v -0.442726 -132.733658 82.711540
v -0.442726 -132.733658 82.711540
v 0.012404 -132.288986 82.641838
v 0.012404 -132.288986 82.641838
v -0.594346 -133.154312 68.875793
v -0.856215 -132.879654 68.875793
v 0.012404 -132.676636 83.603111
v 0.012404 -133.636566 83.628479
v -0.679655 -133.208313 83.822868
v -0.285523 -133.536453 83.667122
v 0.012404 -133.613129 83.542259
v 0.012404 -133.422791 83.322845
v -0.246199 -133.516525 83.574463
v -0.679655 -133.208313 83.822868
v 0.012404 -132.676636 83.603111
v -1.917587 -132.678238 82.536079
v -1.582998 -132.678253 82.516953
vn -0.0207 -0.7165 -0.6973
vn -0.0255 0.4064 -0.9133
vn 0.0683 0.6544 -0.7530
vn 0.0512 -0.6648 -0.7453
vn -0.1115 0.7019 -0.7035
vn -0.1555 -0.7151 -0.6815
vn 0.0472 0.9698 0.2394
vn 0.0518 0.9233 0.3806
vn -0.0312 0.8305 0.5561
vn -0.0001 -0.0580 0.9983
vn 0.0606 -0.0828 0.9947
vn -0.0238 -0.7149 -0.6988
vn -0.0640 -0.8396 0.5394
vn 0.0233 -0.9588 0.2831
vn -0.0001 -0.0581 0.9983
vn -0.0115 -0.8846 0.4663
vn 0.1045 -0.8851 0.4535
vn 0.0490 -0.7943 -0.6056
vn 0.1574 -0.8370 0.5241
vn 0.0418 -0.7795 0.6250
vn 0.0899 0.0816 0.9926
vn 0.1888 0.0760 0.9791
vn 0.2012 0.0172 0.9794
vn 0.0137 0.7476 -0.6640
vn 0.1449 0.7695 -0.6219
vn 0.3050 -0.7575 -0.5772
vn 0.0124 -0.7983 0.6022
vn 0.0300 0.7354 0.6770
vn 0.1404 0.8973 0.4186
vn 0.2012 0.0173 0.9794
vn 0.1889 0.0761 0.9791
vn -0.0079 0.9899 0.1419
vn 0.6213 0.6579 -0.4257
vn 0.7451 -0.6489 -0.1545
vn 0.1109 0.7805 0.6153
vn 0.0129 -0.0413 0.9991
vn 0.0187 -0.0621 0.9979
vn 0.0393 0.9860 0.1620
vn -0.0206 0.9945 -0.1031
vn -0.6581 0.7515 0.0467
vn 0.5405 0.8413 -0.0098
vn 0.5989 0.7992 0.0513
vn -0.6142 0.7848 0.0826
vn 0.5776 0.8144 -0.0562
vn -0.6432 0.7654 -0.0186
vn 0.9292 -0.3643 -0.0629
vn 0.9067 -0.4114 -0.0934
vn 0.9319 -0.3599 -0.0451
vn -0.9159 -0.3950 -0.0722
vn -0.9221 -0.3855 -0.0344
vn 0.0129 -0.9934 -0.1143
vn 0.0202 -0.9888 -0.1481
vn 0.9292 -0.3642 -0.0629
vn 0.0090 -0.9930 -0.1175
vn 0.9067 -0.4113 -0.0933
vn -0.9071 -0.4178 -0.0508
vn 0.0748 -0.9950 -0.0661
vn -0.5270 -0.5581 -0.6409
vn 0.9194 -0.3915 -0.0375
vn -0.5005 0.6828 -0.5322
vn -0.0000 -0.6392 -0.7690
vn -0.0000 0.2789 -0.9603
vn 0.9489 -0.3090 -0.0648
vn -0.0413 -0.9983 -0.0408
vn -0.9262 -0.3765 -0.0197
vn -0.0250 -0.9996 0.0114
vn -0.9950 -0.0997 -0.0033
vn -0.0249 -0.9996 0.0115
vn 0.7460 0.6550 -0.1201
vn 0.7460 0.6551 -0.1201
vn 0.9194 -0.3914 -0.0375
vn 0.8248 -0.5653 0.0116
vn 0.4632 -0.8745 -0.1438
vn 0.9380 -0.3454 0.0288
vn -0.0000 -0.9994 -0.0357
vn -0.0000 -0.9489 -0.3156
vn 0.8721 0.4870 0.0470
vn 0.8568 0.4909 0.1581
vn 0.2500 0.9487 0.1934
vn 0.2160 0.9709 0.1033
vn -0.0000 0.9986 0.0535
vn -0.0000 0.9997 0.0243
vn -0.0000 0.9962 -0.0874
vn -0.3488 0.8709 -0.3462
vn 0.1281 0.9719 -0.1977
vn -0.5004 0.6826 -0.5326
vn -0.0000 0.2788 -0.9604
vn 0.9046 0.4169 0.0894
vn -0.0000 0.9822 -0.1880
vn 0.8165 0.5309 -0.2269
vn 0.6213 0.6579 -0.4256
vn 0.0001 0.9997 -0.0245
vn 0.2083 0.7123 0.6703
vn 0.0188 -0.0621 0.9979
vn 0.2018 -0.1235 0.9716
vn 0.5848 -0.1700 0.7931
vn -0.0000 0.8650 0.5019
vn 0.8616 -0.4983 -0.0966
vn 0.7450 -0.6489 -0.1545
vn 0.4752 -0.8799 -0.0013
vn 0.4556 -0.8692 0.1920
vn 0.0001 -0.9450 0.3271
vn 0.1917 -0.6954 0.6926
vn -0.0000 -0.8719 0.4896
vn 0.5848 -0.1699 0.7932
vn 0.2018 -0.1236 0.9716
vn 0.0124 -0.7983 0.6021
vn 0.0187 -0.0622 0.9979
vn 0.3049 -0.7575 -0.5773
vn -0.0000 -0.9975 0.0711
vn -0.4408 -0.7146 -0.5433
vn -0.1428 0.6660 -0.7322
vn 0.0664 0.2244 -0.9722
vn -0.2909 0.4654 -0.8359
vn 0.2663 0.6342 -0.7258
vn 0.5293 0.4611 -0.7122
vn 0.7577 0.2611 0.5981
vn 0.3919 -0.9200 -0.0021
vn -0.0710 -0.1191 -0.9903
vn 0.0048 0.6478 -0.7618
vn 0.0565 -0.1729 -0.9833
vn 0.0364 -0.8601 -0.5089
vn 0.0372 0.9298 -0.3662
vn 0.1574 0.3023 0.9401
vn 0.2300 0.9586 -0.1679
vn 0.3412 0.3901 0.8552
vn 0.7614 0.1076 -0.6393
vn 0.8707 -0.4075 0.2752
vn -0.8262 -0.1853 -0.5320
vn -0.4532 -0.8363 -0.3085
vn -0.7808 -0.1605 -0.6038
vn -0.5755 -0.6788 -0.4561
vn 0.5409 0.1107 -0.8338
vn 0.3291 0.5226 -0.7865
vn -0.6583 0.4081 -0.6326
vn 0.5062 -0.4561 -0.7319
vn -0.2582 0.7436 -0.6168
vn 0.5537 0.7935 0.2526
vn -0.6583 0.4080 -0.6326
vn 0.9119 0.1643 0.3761
vn 0.7131 -0.6401 0.2860
vn 0.3472 0.1581 0.9244
vn 0.2479 -0.0155 0.9687
vn -0.0382 -0.0074 0.9992
vn -0.1313 0.8359 0.5330
vn 0.0834 0.8229 0.5620
vn -0.2582 0.7435 -0.6168
vn -0.5756 -0.6787 -0.4561
vn -0.1428 0.6659 -0.7322
vn -0.0002 -0.0580 0.9983
vn -0.1279 -0.8683 0.4793
vn 0.2478 -0.0155 0.9687
vn 0.1066 -0.6639 0.7402
vn 0.3918 -0.9201 -0.0020
vn -0.4408 -0.7146 -0.5432
vn -0.0846 -0.9894 0.1179
vn -0.2199 -0.3368 -0.9156
vn -0.5528 -0.4068 -0.7272
vn 0.2663 0.6342 -0.7259
vn 0.7577 0.2611 0.5980
vn 0.0964 -0.9590 0.2667
vn -0.0475 -0.2948 -0.9544
vn 0.8707 -0.4075 0.2753
vn 0.2299 0.9586 -0.1678
vn 0.3413 0.3901 0.8552
vn 0.1573 0.3024 0.9401
vn -0.1555 -0.7151 -0.6816
vn 0.5824 0.6226 0.5227
vn 0.5984 -0.6225 0.5044
vn 0.6294 -0.5263 -0.5717
vn 0.6350 0.5145 -0.5763
vn -0.4564 -0.6399 -0.6182
vn -0.3260 -0.8379 -0.4377
vn -0.5050 0.6148 -0.6058
vn -0.4123 0.8067 -0.4234
vn 0.0565 -0.1728 -0.9833
vn -0.2581 0.7436 -0.6168
vn 0.5537 0.7935 0.2525
vn -0.6582 0.4080 -0.6326
vn -0.2581 0.7435 -0.6169
vn 0.6350 0.5144 -0.5763
vn 0.6295 -0.5263 -0.5717
vn -0.4122 0.8067 -0.4235
vn 0.0048 0.6479 -0.7617
vn -0.1115 0.7019 -0.7034
vn -0.4407 -0.7146 -0.5432
vn 0.9936 -0.0970 -0.0580
vn -0.0205 0.9945 -0.1031
vn 0.9488 -0.3090 -0.0648
vn 0.9707 0.0618 0.2320
vn -0.0073 0.9718 0.2357
vn -0.0146 -0.5522 0.8336
vn -0.0250 -0.9996 0.0115
vn 0.7029 0.4519 -0.5492
vn -0.0227 0.8451 -0.5341
vn 0.7602 -0.5759 -0.3009
vn 0.3118 -0.3877 0.8675
vn -0.0509 -0.5387 0.8410
vn -0.1106 -0.9868 -0.1181
vn -0.9677 0.0694 0.2422
vn -0.0249 -0.9996 0.0114
vn -0.7060 0.4350 -0.5589
vn -0.4635 -0.3405 0.8181
vn -0.7877 -0.5043 -0.3540
vn -0.0226 0.8451 -0.5342
vn 0.7602 -0.5758 -0.3009
vn -0.7876 -0.5043 -0.3540
vn 0.5204 -0.8431 -0.1356
vn 0.3902 -0.3321 -0.8588
vn 0.8660 -0.3393 -0.3673
vn 0.4696 -0.8810 -0.0579
vn 0.0001 -0.9060 -0.4233
vn -0.0000 -0.2956 -0.9553
vn -0.0000 -0.9721 -0.2347
vn -0.0001 -0.9207 -0.3902
vn 0.7290 -0.6804 -0.0754
vn 0.9295 -0.3665 0.0422
vn 0.3696 -0.9278 0.0501
vn -0.0001 -0.9486 0.3164
vn -0.0000 -0.9958 -0.0920
vn 0.3630 -0.9175 -0.1626
vn 0.4282 -0.9022 -0.0520
vn -0.0000 -0.9968 -0.0794
vn -0.0000 -0.9670 0.2547
vn 0.3939 -0.8925 0.2199
vn -0.0000 -0.6636 0.7481
vn 0.7030 -0.5379 0.4653
vn 0.7993 0.2380 0.5517
vn 0.9929 0.1153 0.0301
vn 0.9537 0.0578 -0.2953
vn 0.6052 -0.4003 -0.6881
vn 0.9124 0.1030 -0.3960
vn -0.0000 -0.5389 -0.8424
vn 0.7735 0.6333 0.0229
vn -0.0000 0.9397 0.3419
vn -0.0000 0.9230 -0.3848
vn 0.8148 0.4648 -0.3465
vn -0.0000 0.9164 -0.4002
vn -0.0000 0.8650 0.5018
vn 0.0980 -0.6530 0.7510
vn -0.0000 -0.6883 -0.7254
vn -0.0000 -0.8719 0.4897
vn 0.9125 0.1029 -0.3960
vn 0.5849 -0.1700 0.7931
vn -0.0000 -0.9995 0.0322
vn -0.0000 -0.3630 0.9318
vn 0.5849 -0.1699 0.7931
vn -0.0000 0.8649 0.5019
vn 0.9124 0.1029 -0.3961
vn -0.9124 0.1030 -0.3960
vn -0.8148 0.4648 -0.3465
vn -0.0000 0.9164 -0.4003
vn -0.9537 0.0578 -0.2953
vn -0.6052 -0.4003 -0.6881
vn -0.8660 -0.3393 -0.3673
vn -0.9929 0.1153 0.0301
vn -0.9295 -0.3665 0.0422
vn -0.7290 -0.6804 -0.0754
vn -0.5204 -0.8431 -0.1356
vn -0.3901 -0.3321 -0.8588
vn -0.4696 -0.8810 -0.0579
vn -0.0001 -0.9060 -0.4233
vn 0.0001 -0.9208 -0.3901
vn -0.3696 -0.9278 0.0501
vn -0.0000 -0.9486 0.3164
vn -0.0000 -0.9958 -0.0921
vn -0.3630 -0.9175 -0.1626
vn -0.4282 -0.9022 -0.0520
vn -0.3939 -0.8925 0.2199
vn -0.7030 -0.5379 0.4653
vn -0.7994 0.2380 0.5517
vn -0.7735 0.6333 0.0229
vn -0.0000 0.9230 -0.3849
vn -0.2775 -0.6404 0.7162
vn -0.4654 -0.0145 0.8850
vn -0.7993 0.2380 0.5518
vn -0.0000 0.5765 0.8171
vn -0.0000 -0.1608 0.9870
vn -0.0000 0.5766 0.8171
vn 0.7993 0.2380 0.5518
vn -0.0001 0.9397 0.3419
vn 0.4654 -0.0144 0.8850
vn 0.2775 -0.6404 0.7162
vn -0.0000 -0.1609 0.9870
vn -0.0000 -0.9208 -0.3901
vn -0.0000 -0.9693 0.2460
vn -0.4696 -0.8810 -0.0580
vn 0.9936 -0.0970 -0.0581
vn -0.0000 -0.9997 -0.0252
vn 0.8660 -0.3392 -0.3673
vn 0.3902 -0.3322 -0.8587
vn 0.0001 -0.3630 0.9318
vn 0.0980 -0.6529 0.7510
vn -0.0000 0.2087 0.9780
vn 0.8660 -0.3393 -0.3674
vn -0.0001 -0.9997 -0.0253
vn 0.0129 -0.0414 0.9991
vn 0.0206 -0.7165 -0.6973
vn -0.0512 -0.6648 -0.7453
vn -0.0684 0.6545 -0.7530
vn 0.0255 0.4064 -0.9133
vn 0.1115 0.7020 -0.7034
vn 0.1554 -0.7151 -0.6815
vn -0.0472 0.9698 0.2394
vn -0.0518 0.9233 0.3806
vn 0.0312 0.8305 0.5561
vn 0.0001 -0.0580 0.9983
vn -0.0606 -0.0828 0.9947
vn 0.0238 -0.7149 -0.6988
vn 0.0640 -0.8396 0.5394
vn -0.0233 -0.9588 0.2831
vn 0.0002 -0.0581 0.9983
vn 0.0115 -0.8846 0.4663
vn -0.1045 -0.8851 0.4535
vn -0.0490 -0.7943 -0.6056
vn -0.1574 -0.8370 0.5241
vn -0.0418 -0.7795 0.6250
vn -0.0899 0.0816 0.9926
vn -0.1888 0.0761 0.9791
vn -0.2012 0.0172 0.9794
vn -0.0138 0.7477 -0.6639
vn -0.1449 0.7695 -0.6219
vn -0.3050 -0.7575 -0.5772
vn -0.0124 -0.7983 0.6021
vn -0.0300 0.7354 0.6770
vn -0.1404 0.8972 0.4186
vn -0.1889 0.0761 0.9790
vn 0.0079 0.9899 0.1419
vn -0.6213 0.6579 -0.4257
vn -0.7450 -0.6489 -0.1545
vn -0.1108 0.7805 0.6153
vn -0.0129 -0.0413 0.9991
vn -0.0187 -0.0621 0.9979
vn -0.0393 0.9860 0.1620
vn 0.0206 0.9945 -0.1031
vn -0.5405 0.8413 -0.0098
vn 0.6581 0.7515 0.0467
vn -0.5989 0.7992 0.0513
vn 0.6142 0.7848 0.0826
vn -0.5787 0.8139 -0.0515
vn 0.6432 0.7654 -0.0186
vn -0.9292 -0.3642 -0.0629
vn -0.9073 -0.4103 -0.0921
vn -0.9319 -0.3600 -0.0451
vn 0.9158 -0.3950 -0.0722
vn 0.9221 -0.3855 -0.0343
vn -0.0129 -0.9934 -0.1143
vn -0.0202 -0.9888 -0.1481
vn -0.9319 -0.3599 -0.0452
vn -0.0090 -0.9930 -0.1174
vn -0.9073 -0.4103 -0.0920
vn 0.9071 -0.4178 -0.0508
vn -0.0791 -0.9950 -0.0610
vn 0.5270 -0.5581 -0.6409
vn -0.9190 -0.3927 -0.0351
vn 0.4751 0.6905 -0.5455
vn -0.9489 -0.3090 -0.0648
vn 0.0413 -0.9983 -0.0408
vn 0.9262 -0.3765 -0.0197
vn 0.0250 -0.9996 0.0114
vn 0.9950 -0.0997 -0.0033
vn 0.0249 -0.9996 0.0114
vn -0.0000 -0.6392 -0.7691
vn -0.7847 0.6061 -0.1301
vn -0.9073 -0.4102 -0.0921
vn -0.9190 -0.3926 -0.0351
vn -0.8248 -0.5653 0.0116
vn -0.9359 -0.3513 0.0240
vn -0.4613 -0.8752 -0.1456
vn -0.8721 0.4870 0.0470
vn -0.8543 0.4923 0.1670
vn -0.0790 -0.9950 -0.0610
vn -0.8987 0.4321 0.0746
vn -0.2246 0.9701 0.0923
vn -0.7846 0.6061 -0.1301
vn -0.2500 0.9487 0.1934
vn 0.3489 0.8709 -0.3462
vn -0.2186 0.9527 -0.2111
vn 0.4750 0.6905 -0.5455
vn -0.7847 0.6060 -0.1302
vn -0.0000 0.2788 -0.9603
vn -0.8165 0.5309 -0.2268
vn -0.0000 0.9997 -0.0245
vn -0.2083 0.7123 0.6703
vn -0.1109 0.7805 0.6153
vn -0.2018 -0.1235 0.9716
vn -0.5848 -0.1700 0.7931
vn -0.8616 -0.4983 -0.0966
vn -0.7450 -0.6489 -0.1544
vn -0.4749 -0.8800 -0.0010
vn -0.4559 -0.8691 0.1918
vn -0.0001 -0.9450 0.3271
vn -0.1916 -0.6954 0.6926
vn -0.5849 -0.1699 0.7931
vn -0.2018 -0.1236 0.9716
vn -0.0188 -0.0622 0.9979
vn -0.3050 -0.7575 -0.5773
vn 0.4407 -0.7146 -0.5433
vn -0.0664 0.2244 -0.9722
vn 0.1427 0.6660 -0.7322
vn 0.2909 0.4655 -0.8359
vn -0.2663 0.6342 -0.7258
vn -0.5293 0.4611 -0.7122
vn -0.7577 0.2611 0.5981
vn -0.3918 -0.9200 -0.0020
vn 0.0710 -0.1191 -0.9903
vn -0.0048 0.6478 -0.7618
vn -0.0565 -0.1729 -0.9833
vn -0.0364 -0.8601 -0.5089
vn -0.0373 0.9298 -0.3662
vn -0.1574 0.3024 0.9401
vn -0.2299 0.9586 -0.1678
vn -0.3412 0.3901 0.8552
vn -0.7614 0.1076 -0.6393
vn -0.8707 -0.4075 0.2752
vn 0.8262 -0.1853 -0.5320
vn 0.4532 -0.8363 -0.3085
vn 0.7808 -0.1605 -0.6038
vn 0.5755 -0.6788 -0.4562
vn -0.5409 0.1107 -0.8338
vn -0.3291 0.5226 -0.7865
vn 0.6582 0.4081 -0.6327
vn -0.5062 -0.4561 -0.7320
vn 0.2582 0.7436 -0.6168
vn -0.5537 0.7935 0.2525
vn 0.6582 0.4080 -0.6326
vn -0.9119 0.1643 0.3761
vn -0.7131 -0.6401 0.2860
vn -0.3472 0.1581 0.9244
vn -0.2479 -0.0155 0.9687
vn 0.0382 -0.0074 0.9992
vn 0.1312 0.8359 0.5330
vn -0.0834 0.8229 0.5620
vn 0.2581 0.7436 -0.6169
vn 0.5756 -0.6787 -0.4562
vn -0.2478 -0.0155 0.9687
vn 0.1427 0.6659 -0.7322
vn 0.1279 -0.8683 0.4793
vn -0.1066 -0.6639 0.7401
vn -0.3918 -0.9201 -0.0020
vn 0.4408 -0.7146 -0.5432
vn 0.0847 -0.9894 0.1179
vn 0.2199 -0.3368 -0.9156
vn 0.5528 -0.4068 -0.7272
vn 0.2909 0.4654 -0.8359
vn -0.2663 0.6342 -0.7259
vn -0.7577 0.2612 0.5981
vn -0.0963 -0.9590 0.2667
vn 0.0475 -0.2948 -0.9544
vn -0.8707 -0.4076 0.2752
vn -0.2300 0.9586 -0.1678
vn -0.3412 0.3902 0.8552
vn -0.1573 0.3024 0.9401
vn 0.1555 -0.7151 -0.6816
vn -0.5823 0.6226 0.5228
vn -0.6295 -0.5263 -0.5717
vn -0.5983 -0.6225 0.5044
vn -0.6350 0.5145 -0.5763
vn 0.4564 -0.6399 -0.6183
vn 0.3261 -0.8379 -0.4377
vn 0.5051 0.6148 -0.6057
vn 0.4123 0.8067 -0.4235
vn 0.2581 0.7436 -0.6168
vn 0.6582 0.4081 -0.6326
vn -0.5537 0.7935 0.2526
vn 0.4564 -0.6399 -0.6182
vn -0.6294 -0.5263 -0.5717
vn 0.4123 0.8067 -0.4234
vn -0.0048 0.6479 -0.7617
vn 0.0313 0.8305 0.5561
vn 0.1428 0.6659 -0.7322
vn 0.1116 0.7020 -0.7034
vn 0.1555 -0.7151 -0.6815
vn -0.9936 -0.0970 -0.0581
vn 0.0205 0.9945 -0.1031
vn -0.9488 -0.3090 -0.0648
vn 0.0073 0.9718 0.2356
vn -0.9707 0.0618 0.2321
vn -0.9936 -0.0970 -0.0580
vn 0.0146 -0.5522 0.8336
vn -0.7029 0.4519 -0.5493
vn 0.0226 0.8451 -0.5342
vn -0.7602 -0.5759 -0.3009
vn -0.3118 -0.3877 0.8675
vn 0.0509 -0.5386 0.8410
vn 0.1106 -0.9868 -0.1181
vn 0.9677 0.0694 0.2422
vn 0.0073 0.9718 0.2357
vn 0.7060 0.4350 -0.5589
vn 0.4635 -0.3405 0.8181
vn 0.7877 -0.5043 -0.3540
vn 0.7061 0.4349 -0.5589
vn -0.7601 -0.5759 -0.3009
vn 0.7876 -0.5043 -0.3540
vn -0.7029 0.4519 -0.5492
vn -0.0980 -0.6530 0.7510
vn -0.0000 -0.5389 -0.8423
vn -0.9125 0.1029 -0.3960
vn -0.5849 -0.1700 0.7931
vn -0.9124 0.1029 -0.3961
vn -0.0000 -0.2955 -0.9553
vn -0.8660 -0.3394 -0.3674
vn -0.3902 -0.3322 -0.8587
vn -0.0000 0.2088 0.9780
vn -0.0980 -0.6529 0.7510
vn -0.0129 -0.0414 0.9991
vn -0.0187 -0.0622 0.9979
vt 0.730382 0.103619
vt 0.705649 0.144477
vt 0.906050 0.162418
vt 0.907543 0.101904
vt 0.999984 0.166941
vt 1.001061 0.095946
vt 0.733494 0.205318
vt 0.838940 0.209383
vt 0.991053 0.210366
vt 0.981648 0.252295
vt 0.840260 0.252371
vt 0.689743 0.104698
vt 0.991405 0.052870
vt 0.810174 0.064464
vt 0.981657 0.011468
vt 0.840250 0.011429
vt 0.734207 0.056759
vt 0.693123 0.056174
vt 0.518060 0.096757
vt 0.575201 0.047645
vt 0.473165 0.043970
vt 0.716055 0.011396
vt 0.597290 0.011359
vt 0.510869 0.011322
vt 0.522475 0.164896
vt 0.485011 0.157654
vt 0.479927 0.107408
vt 0.445175 0.049232
vt 0.473366 0.225391
vt 0.579352 0.211659
vt 0.510849 0.252622
vt 0.597275 0.252464
vt 0.688056 0.203710
vt 0.716059 0.252303
vt 0.459430 0.138427
vt 0.448360 0.105872
vt 0.445220 0.217118
vt 0.468555 0.252667
vt 0.435264 0.252667
vt 0.710772 0.204691
vt 0.809314 0.993189
vt 0.844593 0.748486
vt 0.799681 0.766537
vt 0.795370 0.616810
vt 0.844460 0.624653
vt 0.796731 0.566457
vt 0.846052 0.573862
vt 0.737687 0.589384
vt 0.737679 0.566887
vt 0.737691 0.611583
vt 0.903594 0.595045
vt 0.902086 0.622902
vt 0.947494 0.615460
vt 0.947980 0.591500
vt 0.993009 0.611673
vt 0.993010 0.589483
vt 0.948583 0.568105
vt 0.993012 0.566905
vt 0.904969 0.574145
vt 0.939443 0.344499
vt 0.898532 0.361084
vt 0.993076 0.320695
vt 0.854260 0.365264
vt 0.915162 0.347050
vt 0.854851 0.350073
vt 0.993004 0.780156
vt 0.944441 0.769131
vt 0.900724 0.759988
vt 0.936461 0.995025
vt 0.880074 0.997653
vt 0.789589 0.353336
vt 0.737576 0.320774
vt 0.459999 0.699940
vt 0.421847 0.911548
vt 0.493482 0.874305
vt 0.334346 0.703269
vt 0.334346 0.906337
vt 0.574509 0.696105
vt 0.570429 0.874521
vt 0.490508 0.948126
vt 0.334346 0.965522
vt 0.365140 0.975937
vt 0.420117 0.965795
vt 0.650541 0.838561
vt 0.643075 0.892767
vt 0.726515 0.817051
vt 0.726515 0.703484
vt 0.726515 0.932364
vt 0.709975 0.959389
vt 0.635989 0.948441
vt 0.695226 0.983366
vt 0.579503 0.979625
vt 0.726515 0.978941
vt 0.572418 0.925007
vt 0.726515 0.610225
vt 0.575486 0.609180
vt 0.574131 0.447552
vt 0.726515 0.445670
vt 0.628909 0.318546
vt 0.561909 0.331279
vt 0.561667 0.289065
vt 0.629838 0.284131
vt 0.681244 0.268659
vt 0.726515 0.308737
vt 0.465542 0.609718
vt 0.497836 0.448231
vt 0.389955 0.608312
vt 0.424485 0.456931
vt 0.334346 0.436815
vt 0.434410 0.332167
vt 0.334346 0.318454
vt 0.382074 0.269755
vt 0.433481 0.285227
vt 0.501409 0.332846
vt 0.501652 0.290161
vt 0.532354 0.423067
vt 0.334346 0.607952
vt 0.079805 0.232283
vt 0.164710 0.210607
vt 0.122523 0.194649
vt 0.082536 0.195321
vt 0.065738 0.163787
vt 0.098907 0.148763
vt 0.061632 0.142152
vt 0.067395 0.121429
vt 0.123677 0.114515
vt 0.175785 0.114562
vt 0.094627 0.115280
vt 0.071940 0.113520
vt 0.035702 0.148111
vt 0.041923 0.132093
vt 0.020229 0.138299
vt 0.026355 0.125859
vt 0.005702 0.131286
vt 0.011940 0.118620
vt 0.124248 0.087244
vt 0.097369 0.085301
vt 0.124231 0.055219
vt 0.098622 0.055224
vt 0.124118 0.033753
vt 0.158367 0.040381
vt 0.164154 0.054336
vt 0.099739 0.035139
vt 0.171577 0.088395
vt 0.192231 0.080816
vt 0.172887 0.036601
vt 0.229659 0.051083
vt 0.207206 0.014433
vt 0.253565 0.037615
vt 0.259273 0.099604
vt 0.295568 0.088781
vt 0.225257 0.005464
vt 0.257519 0.214069
vt 0.210893 0.208562
vt 0.203087 0.112287
vt 0.256732 0.004405
vt 0.275505 0.029551
vt 0.296663 0.056271
vt 0.254448 0.243670
vt 0.287294 0.248875
vt 0.299549 0.220380
vt 0.323300 0.104611
vt 0.343328 0.116239
vt 0.349575 0.166371
vt 0.341191 0.234380
vt 0.379236 0.180734
vt 0.393815 0.198439
vt 0.369935 0.227020
vt 0.383913 0.245331
vt 0.408148 0.211617
vt 0.372524 0.153454
vt 0.406401 0.154959
vt 0.418570 0.170953
vt 0.432503 0.130104
vt 0.445823 0.142555
vt 0.433494 0.180403
vt 0.448844 0.163198
vt 0.412154 0.127150
vt 0.395815 0.139939
vt 0.325332 0.261049
vt 0.344700 0.051550
vt 0.359289 0.070966
vt 0.389947 0.045029
vt 0.374202 0.026325
vt 0.391323 0.064504
vt 0.369359 0.086828
vt 0.352694 0.023153
vt 0.330809 0.036634
vt 0.068269 0.054545
vt 0.088448 0.054365
vt 0.085147 0.033440
vt 0.068311 0.035581
vt 0.069129 0.082960
vt 0.091835 0.081384
vt 0.214759 0.239928
vt 0.170727 0.242683
vt 0.094294 0.262400
vt 0.737783 0.987757
vt 0.737708 0.780107
vt 0.274783 0.263290
vt 0.251897 0.284556
vt 0.265085 0.304716
vt 0.290410 0.280108
vt 0.230808 0.322133
vt 0.234686 0.293532
vt 0.317161 0.315098
vt 0.326877 0.296848
vt 0.247112 0.446506
vt 0.230894 0.421947
vt 0.204488 0.436013
vt 0.200804 0.450038
vt 0.202857 0.296193
vt 0.220949 0.280878
vt 0.186739 0.265822
vt 0.206200 0.254811
vt 0.152216 0.291162
vt 0.194174 0.426648
vt 0.177297 0.438725
vt 0.148125 0.271043
vt 0.109679 0.437051
vt 0.158639 0.453515
vt 0.110675 0.292890
vt 0.130164 0.279394
vt 0.048936 0.787641
vt 0.037433 0.823986
vt 0.095670 0.805101
vt 0.018334 0.795488
vt 0.001309 0.823986
vt 0.001309 0.828672
vt 0.001309 0.805245
vt 0.001309 0.793266
vt 0.072476 0.756292
vt 0.104842 0.722758
vt 0.009703 0.762035
vt 0.001309 0.770446
vt 0.001309 0.745864
vt 0.041600 0.754625
vt 0.045013 0.731461
vt 0.001309 0.728107
vt 0.001309 0.706350
vt 0.045012 0.704329
vt 0.000634 0.640415
vt 0.080537 0.664700
vt 0.172489 0.654188
vt 0.168984 0.731210
vt 0.146949 0.810560
vt 0.044855 0.876465
vt 0.134665 0.883862
vt 0.053879 0.921862
vt 0.230813 0.753236
vt 0.327296 0.709405
vt 0.289853 0.844016
vt 0.198004 0.819694
vt 0.222406 0.906637
vt 0.208321 0.985394
vt 0.032665 0.835220
vt 0.001309 0.884699
vt 0.068912 0.997425
vt 0.136690 0.961832
vt 0.001309 0.847491
vt 0.001309 0.839125
vt 0.041894 0.649915
vt 0.070649 0.583980
vt 0.103642 0.580263
vt 0.049090 0.502723
vt 0.103028 0.449168
vt 0.013527 0.576938
vt 0.001309 0.788851
vt 0.992969 0.987765
vt 0.232379 0.916718
vt 0.282941 0.969753
vt 0.311768 0.908112
vt 0.306313 0.933309
vt 0.220304 0.994415
vt 0.243005 0.989735
vt 0.222758 0.978624
vt 0.468563 0.011307
vt 0.435273 0.011298
s 1
usemtl enemy_tonnel
f 1/1/1 2/2/2 3/3/3
f 1/1/1 3/3/3 4/4/4
f 4/4/4 3/3/3 5/5/5
f 4/4/4 5/5/5 6/6/6
f 3/3/3 2/2/2 7/7/7
f 3/3/3 7/7/7 8/8/8
f 5/5/5 3/3/3 8/8/8
f 5/5/5 8/8/8 9/9/9
f 10/10/10 9/9/9 8/8/8
f 10/10/10 8/8/8 11/11/11
f 11/11/11 8/8/8 7/7/7
f 1/1/1 12/12/12 2/2/2
f 4/4/4 6/6/6 13/13/13
f 14/14/14 4/4/4 13/13/13
f 1/1/1 4/4/4 14/14/14
f 14/14/14 13/13/13 15/15/15
f 14/14/14 15/15/15 16/16/11
f 16/16/11 17/17/16 14/14/14
f 1/1/1 14/14/14 17/17/16
f 18/18/17 12/12/12 1/1/1
f 18/18/17 1/1/1 17/17/16
f 18/18/17 19/19/18 12/12/12
f 18/18/17 20/20/19 19/19/18
f 20/20/19 21/21/20 19/19/18
f 22/22/21 20/20/19 18/18/17
f 16/16/11 22/22/21 17/17/16
f 18/18/17 17/17/16 22/22/21
f 22/22/21 23/23/22 20/20/19
f 24/24/23 21/21/20 20/20/19
f 24/24/23 20/20/19 23/23/22
f 25/25/24 12/12/12 19/19/18
f 26/26/25 25/25/24 19/19/18
f 26/26/25 19/19/18 27/27/26
f 19/19/18 21/21/20 27/27/26
f 21/21/20 28/28/27 27/27/26
f 29/29/28 25/25/24 26/26/25
f 29/29/28 30/30/29 25/25/24
f 30/30/29 29/29/28 31/31/30
f 30/30/29 31/31/30 32/32/31
f 33/33/32 30/30/29 32/32/31
f 33/33/32 32/32/31 34/34/21
f 27/27/26 35/35/33 26/26/25
f 27/27/26 36/36/34 35/35/33
f 35/35/33 37/37/35 26/26/25
f 37/37/35 29/29/28 26/26/25
f 37/37/35 38/38/36 29/29/28
f 31/31/30 29/29/28 38/38/36
f 37/37/35 39/39/37 38/38/36
f 30/30/29 33/33/32 2/2/2
f 30/30/29 2/2/2 25/25/24
f 25/25/24 2/2/2 12/12/12
f 2/2/2 33/33/32 40/40/38
f 40/40/38 33/33/32 34/34/21
f 7/7/7 40/40/38 34/34/21
f 7/7/7 2/2/2 40/40/38
f 11/11/11 7/7/7 34/34/21
f 41/41/39 42/42/40 43/43/41
f 42/42/40 44/44/42 43/43/41
f 42/42/40 45/45/43 44/44/42
f 45/45/43 46/46/44 44/44/42
f 45/45/43 47/47/45 46/46/44
f 48/48/46 44/44/42 46/46/44
f 49/49/47 48/48/46 46/46/44
f 48/48/46 50/50/48 44/44/42
f 43/43/41 44/44/42 50/50/48
f 51/51/49 47/47/45 45/45/43
f 52/52/50 51/51/49 45/45/43
f 52/52/50 45/45/43 42/42/40
f 51/51/49 52/52/50 53/53/51
f 51/51/49 53/53/51 54/54/52
f 54/54/52 53/53/51 55/55/48
f 54/54/52 55/55/48 56/56/53
f 57/57/54 54/54/52 56/56/53
f 57/57/54 56/56/53 58/58/55
f 59/59/56 51/51/49 54/54/52
f 59/59/56 54/54/52 57/57/54
f 51/51/49 59/59/56 47/47/45
f 59/59/56 57/57/54 60/60/57
f 60/60/57 57/57/54 58/58/55
f 59/59/56 60/60/57 61/61/58
f 47/47/45 59/59/56 61/61/58
f 60/60/57 58/58/55 62/62/59
f 47/47/45 61/61/58 63/63/60
f 64/64/61 63/63/60 61/61/58
f 64/64/61 65/65/62 63/63/60
f 53/53/51 66/66/63 55/55/48
f 53/53/51 67/67/64 66/66/63
f 53/53/51 52/52/50 68/68/65
f 53/53/51 68/68/65 67/67/64
f 69/69/66 66/66/63 67/67/64
f 68/68/65 69/69/66 67/67/64
f 52/52/50 42/42/40 68/68/65
f 42/42/40 70/70/67 68/68/65
f 42/42/40 71/41/39 70/70/67
f 68/68/65 70/70/67 72/69/68
f 63/63/60 73/71/69 46/46/44
f 63/63/60 46/46/44 47/47/45
f 74/71/69 49/49/47 46/46/44
f 75/71/70 76/72/71 49/49/55
f 77/73/72 78/74/73 79/75/74
f 77/73/72 80/76/75 78/74/73
f 80/76/75 81/77/76 78/74/73
f 79/75/74 82/78/77 77/73/72
f 79/75/74 83/79/78 82/78/77
f 79/75/74 78/74/73 84/80/59
f 78/74/73 81/77/76 85/81/61
f 78/74/73 85/81/61 86/82/58
f 86/82/58 87/83/57 78/74/73
f 78/74/73 87/83/57 84/80/59
f 82/78/77 83/79/78 88/84/79
f 89/85/80 88/84/79 83/79/78
f 89/85/80 90/86/81 88/84/79
f 91/87/82 88/84/79 90/86/81
f 91/87/82 82/78/77 88/84/79
f 92/88/83 90/86/81 89/85/80
f 92/88/83 89/85/80 93/89/84
f 89/85/80 94/90/85 93/89/84
f 93/89/84 94/90/85 95/91/86
f 94/90/85 89/85/80 96/92/70
f 97/93/62 92/88/83 93/89/84
f 98/93/87 93/89/84 95/91/86
f 89/85/80 83/79/78 99/94/88
f 89/85/80 99/94/88 96/92/70
f 99/94/88 83/79/78 79/75/74
f 99/94/88 79/75/74 84/80/59
f 100/92/70 99/94/88 84/80/59
f 94/90/85 101/92/70 95/91/86
f 91/87/82 102/95/89 103/96/90
f 91/87/82 103/96/90 82/78/77
f 102/95/89 104/97/91 103/96/90
f 102/95/89 105/98/92 104/97/91
f 105/98/92 106/99/93 104/97/91
f 107/100/35 104/97/91 106/99/93
f 106/99/93 108/101/94 107/100/35
f 106/99/93 109/102/95 108/101/94
f 110/103/96 109/102/95 106/99/93
f 106/99/93 111/104/97 110/103/96
f 105/98/92 111/104/97 106/99/93
f 77/73/72 82/78/77 103/96/90
f 77/73/72 103/96/90 112/105/98
f 113/106/99 112/105/98 103/96/90
f 113/106/99 103/96/90 104/97/91
f 113/106/99 114/107/100 112/105/98
f 77/73/72 112/105/98 114/107/100
f 113/106/99 115/108/101 114/107/100
f 115/108/101 116/109/102 114/107/100
f 116/109/102 115/108/101 117/110/103
f 117/110/103 115/108/101 113/106/99
f 116/109/102 117/110/103 118/111/104
f 117/110/103 119/112/105 118/111/104
f 117/110/103 120/113/106 119/112/105
f 120/113/106 117/110/103 121/114/107
f 120/113/106 121/114/107 122/115/108
f 77/73/72 114/107/100 80/76/75
f 117/110/103 113/106/99 123/116/109
f 117/110/103 123/116/109 121/114/107
f 80/76/75 114/107/100 124/117/110
f 114/107/100 116/109/102 124/117/110
f 125/118/111 126/119/112 127/120/113
f 128/121/114 125/118/111 127/120/113
f 127/120/113 129/122/115 128/121/114
f 127/120/113 130/123/116 129/122/115
f 129/122/115 130/123/116 131/124/117
f 130/123/116 132/125/118 131/124/117
f 133/126/119 130/123/116 127/120/113
f 127/120/113 134/127/120 133/126/119
f 130/123/116 133/126/119 135/128/121
f 130/123/116 135/128/121 132/125/118
f 135/128/121 136/129/122 132/125/118
f 137/130/123 129/122/115 131/124/117
f 137/130/123 131/124/117 138/131/124
f 139/132/125 137/130/123 138/131/124
f 139/132/125 138/131/124 140/133/126
f 141/134/127 139/132/125 140/133/126
f 141/134/127 140/133/126 142/135/128
f 135/128/121 133/126/119 143/136/129
f 135/128/121 143/136/129 144/137/130
f 144/137/130 143/136/129 145/138/131
f 144/137/130 145/138/131 146/139/132
f 145/138/131 147/140/133 146/139/132
f 148/141/134 147/140/133 145/138/131
f 149/142/135 148/141/134 145/138/131
f 143/136/129 149/142/135 145/138/131
f 147/140/133 150/143/136 146/139/132
f 143/136/129 151/144/137 149/142/135
f 152/145/138 153/146/134 149/142/139
f 154/147/140 153/146/134 152/145/138
f 154/147/140 155/148/133 153/146/134
f 156/149/141 155/148/133 154/147/140
f 157/150/142 156/149/141 154/147/140
f 154/147/140 152/145/138 157/150/142
f 157/150/142 158/151/143 156/149/141
f 156/149/141 159/152/136 155/148/133
f 158/151/143 157/150/142 160/153/144
f 157/150/142 161/154/145 160/153/144
f 157/150/142 162/155/146 161/154/145
f 152/145/138 162/155/146 157/150/142
f 162/155/146 152/145/138 163/144/147
f 164/127/120 162/155/146 163/144/147
f 161/154/145 162/155/146 164/127/120
f 156/149/141 165/156/148 159/152/136
f 156/149/141 166/157/130 165/156/148
f 167/151/143 166/157/130 156/149/141
f 167/151/143 168/158/121 166/157/130
f 126/119/149 161/154/145 164/127/120
f 161/154/145 169/159/150 160/153/144
f 170/160/13 160/153/144 169/159/150
f 170/160/13 171/161/151 160/153/144
f 172/151/152 160/153/144 171/161/151
f 173/162/153 172/151/152 171/161/151
f 171/161/151 174/163/122 173/162/153
f 171/161/151 175/164/154 174/163/122
f 171/161/151 176/165/155 175/164/154
f 170/160/13 176/165/155 171/161/151
f 177/166/156 175/164/154 176/165/155
f 176/165/155 178/167/157 177/166/156
f 176/165/155 179/168/158 178/167/157
f 180/169/114 179/168/158 176/165/155
f 178/167/157 179/168/158 180/169/114
f 178/167/157 180/169/114 181/170/159
f 177/166/156 182/171/160 175/164/154
f 178/167/157 183/172/161 177/166/156
f 178/167/157 184/173/162 183/172/161
f 181/170/159 184/173/162 178/167/157
f 184/173/162 185/174/163 183/172/161
f 184/173/162 186/175/127 185/174/163
f 181/170/159 187/176/123 184/173/162
f 187/176/123 186/175/127 184/173/162
f 187/176/123 188/177/164 186/175/127
f 189/178/165 183/172/161 185/174/163
f 189/178/165 190/179/166 183/172/161
f 190/179/166 182/171/160 177/166/156
f 190/179/166 177/166/156 183/172/161
f 170/160/13 191/180/167 176/165/155
f 192/181/168 193/182/169 194/183/170
f 192/181/168 194/183/170 195/184/171
f 172/151/152 193/182/169 192/181/168
f 172/151/152 173/162/153 193/182/169
f 193/182/169 196/185/172 194/183/170
f 193/182/169 197/186/173 196/185/172
f 173/162/153 197/186/173 193/182/169
f 173/162/153 174/163/122 197/186/173
f 192/181/168 195/184/171 198/187/174
f 192/181/168 198/187/174 199/188/175
f 200/151/143 192/181/168 199/188/175
f 200/151/143 199/188/175 201/158/176
f 202/144/177 152/145/178 203/142/179
f 133/126/119 134/127/120 151/144/180
f 133/126/119 204/144/137 143/136/129
f 205/189/172 206/190/174 207/191/181
f 205/189/172 207/191/181 208/192/182
f 209/193/173 206/190/174 205/189/172
f 209/193/173 210/194/183 206/190/174
f 135/128/121 210/194/183 209/193/173
f 136/129/122 135/128/121 209/193/173
f 126/119/112 211/127/184 127/120/113
f 161/154/145 212/195/9 169/159/150
f 213/119/112 212/195/9 161/154/145
f 213/119/112 214/196/185 212/195/9
f 215/197/6 214/196/185 213/119/112
f 215/197/6 213/119/112 125/118/186
f 216/198/187 217/41/188 43/43/41
f 216/198/187 43/43/41 218/199/189
f 218/199/189 43/43/41 50/50/48
f 219/200/188 220/201/187 221/202/190
f 219/200/188 221/202/190 222/203/191
f 220/201/187 223/204/192 221/202/190
f 220/201/187 224/205/193 223/204/192
f 221/202/190 225/206/194 222/203/191
f 222/203/191 225/206/194 226/207/195
f 221/202/190 227/208/196 225/206/194
f 221/202/190 223/204/192 228/209/197
f 221/202/190 228/209/197 227/208/196
f 229/210/198 227/208/196 228/209/197
f 223/204/192 229/210/198 228/209/197
f 229/210/198 230/211/199 227/208/196
f 223/204/192 231/212/200 229/210/198
f 232/205/201 231/212/200 223/204/192
f 232/205/201 233/213/67 231/212/200
f 233/213/67 234/214/191 231/212/200
f 233/213/67 235/215/39 234/214/191
f 234/214/191 236/216/202 231/212/200
f 231/212/200 237/217/203 229/210/198
f 237/217/203 231/212/200 238/218/204
f 229/210/198 237/217/203 238/218/204
f 229/210/198 238/218/204 230/211/199
f 231/212/200 236/216/202 238/218/204
f 234/214/191 239/219/205 240/216/202
f 241/220/206 242/221/199 243/218/207
f 244/222/194 241/220/206 243/218/207
f 244/222/194 243/218/207 245/216/202
f 246/223/205 244/222/194 245/216/202
f 247/224/208 248/225/209 249/226/210
f 247/224/208 250/227/211 248/225/209
f 250/227/211 251/228/212 248/225/209
f 252/229/213 248/225/209 251/228/212
f 251/228/212 250/227/211 253/230/214
f 253/230/214 250/227/211 254/231/215
f 249/226/210 255/232/216 247/224/208
f 249/226/210 256/233/217 255/232/216
f 250/227/211 247/224/208 257/234/218
f 258/235/219 250/227/211 257/234/218
f 258/235/219 257/234/218 259/236/220
f 247/224/208 260/237/221 257/234/218
f 247/224/208 255/232/216 260/237/221
f 261/238/222 259/236/220 257/234/218
f 257/234/218 260/237/221 261/238/222
f 260/237/221 255/232/216 261/238/222
f 255/232/216 256/233/217 261/238/222
f 259/236/220 261/238/222 262/239/223
f 262/239/223 261/238/222 263/240/224
f 261/238/222 264/241/225 263/240/224
f 256/233/217 264/241/225 261/238/222
f 263/240/224 264/241/225 265/242/226
f 266/243/227 264/241/225 256/233/217
f 266/243/227 256/233/217 267/244/228
f 256/233/217 268/245/229 267/244/228
f 249/226/210 268/245/229 256/233/217
f 249/226/210 269/246/230 268/245/229
f 270/247/231 269/246/230 249/226/210
f 270/247/231 271/248/232 269/246/230
f 270/247/231 272/249/233 271/248/232
f 268/245/229 273/250/234 267/244/228
f 269/246/230 273/250/234 268/245/229
f 274/251/235 267/244/228 273/250/234
f 274/251/235 273/250/234 275/252/236
f 275/252/236 273/250/234 276/253/237
f 271/248/232 276/253/237 269/246/230
f 269/246/230 276/253/237 273/250/234
f 275/252/236 276/253/237 277/254/238
f 271/248/232 278/254/238 276/253/237
f 279/255/239 278/254/238 271/248/232
f 270/247/231 249/226/210 280/256/240
f 281/257/241 270/247/231 280/256/240
f 270/247/231 281/257/241 282/249/233
f 282/249/233 283/258/242 271/248/243
f 283/258/242 284/259/244 271/248/243
f 285/260/245 281/257/241 280/256/240
f 286/261/246 285/260/245 280/256/240
f 287/259/247 288/255/248 271/248/249
f 289/248/250 290/253/251 278/254/252
f 289/248/250 291/246/253 290/253/251
f 292/247/254 291/246/253 289/248/250
f 292/247/254 289/248/250 293/249/233
f 292/247/254 294/226/255 291/246/253
f 294/226/255 295/245/256 291/246/253
f 294/226/255 296/233/257 295/245/256
f 294/226/255 297/232/258 296/233/257
f 294/226/255 298/224/259 297/232/258
f 298/224/259 294/226/255 299/225/260
f 298/224/259 299/225/260 300/227/261
f 300/227/261 299/225/260 301/228/262
f 302/229/213 301/228/262 299/225/260
f 301/228/262 303/230/214 300/227/261
f 303/230/214 304/231/263 300/227/261
f 300/227/261 305/234/264 298/224/259
f 306/235/265 305/234/264 300/227/261
f 306/235/265 307/236/266 305/234/264
f 298/224/259 305/234/264 308/237/267
f 298/224/259 308/237/267 297/232/258
f 309/238/268 305/234/264 307/236/266
f 305/234/264 309/238/268 308/237/267
f 308/237/267 309/238/268 297/232/258
f 297/232/258 309/238/268 296/233/257
f 307/236/266 310/239/223 309/238/268
f 310/239/223 311/240/224 309/238/268
f 309/238/268 311/240/224 312/241/269
f 296/233/257 309/238/268 312/241/269
f 313/243/270 296/233/257 312/241/269
f 313/243/270 314/244/271 296/233/257
f 296/233/257 314/244/271 295/245/256
f 295/245/256 314/244/271 315/250/272
f 316/251/235 315/250/272 314/244/271
f 316/251/235 317/252/273 315/250/272
f 317/252/273 290/253/251 315/250/272
f 317/252/273 318/254/252 290/253/251
f 291/246/253 295/245/256 315/250/272
f 291/246/253 315/250/272 290/253/251
f 313/243/270 312/241/269 319/262/274
f 319/262/274 320/263/275 313/243/270
f 313/243/270 320/263/275 321/264/276
f 321/264/276 320/263/275 322/265/277
f 322/265/277 323/266/235 321/264/276
f 319/262/274 312/241/269 324/242/226
f 320/263/275 319/262/274 324/242/226
f 311/240/224 324/242/226 312/241/269
f 320/263/275 324/242/226 325/267/278
f 326/265/279 320/263/275 325/267/278
f 327/265/277 328/264/280 323/266/281
f 328/264/280 327/265/277 329/263/282
f 266/243/227 328/264/280 329/263/282
f 330/262/283 266/243/227 329/263/282
f 266/243/227 330/262/283 264/241/225
f 330/262/283 265/242/226 264/241/225
f 329/263/282 265/242/226 330/262/283
f 329/263/282 331/267/284 265/242/226
f 332/265/279 331/267/284 329/263/282
f 333/231/285 250/227/211 334/268/286
f 250/227/211 335/235/265 334/268/286
f 333/231/285 334/268/286 300/227/287
f 300/227/287 334/268/286 335/235/265
f 336/69/66 337/269/288 66/66/189
f 338/270/289 339/271/290 340/272/213
f 339/271/290 341/273/291 340/272/213
f 342/274/292 343/275/293 344/276/294
f 343/275/293 345/271/295 344/276/294
f 346/270/296 344/276/294 345/271/295
f 347/277/297 348/278/37 21/21/20
f 24/24/23 347/277/297 21/21/20
f 348/278/37 28/28/27 21/21/20
f 349/1/298 350/4/299 351/3/300
f 349/1/298 351/3/300 352/2/301
f 350/4/299 353/5/302 351/3/300
f 350/4/299 354/6/303 353/5/302
f 351/3/300 355/7/304 352/2/301
f 351/3/300 356/8/305 355/7/304
f 353/5/302 356/8/305 351/3/300
f 353/5/302 357/9/306 356/8/305
f 358/10/307 356/8/305 357/9/306
f 358/10/307 359/11/308 356/8/305
f 359/11/308 355/7/304 356/8/305
f 349/1/298 352/2/301 360/12/309
f 350/4/299 361/13/310 354/6/303
f 362/14/311 361/13/310 350/4/299
f 349/1/298 362/14/311 350/4/299
f 362/14/311 363/15/312 361/13/310
f 362/14/311 364/16/308 363/15/312
f 364/16/308 362/14/311 365/17/313
f 349/1/298 365/17/313 362/14/311
f 366/18/314 365/17/313 349/1/298
f 366/18/314 349/1/298 360/12/309
f 366/18/314 360/12/309 367/19/315
f 366/18/314 367/19/315 368/20/316
f 368/20/316 367/19/315 369/21/317
f 370/22/318 366/18/314 368/20/316
f 364/16/308 365/17/313 370/22/318
f 366/18/314 370/22/318 365/17/313
f 370/22/318 368/20/316 371/23/319
f 372/24/320 368/20/316 369/21/317
f 372/24/320 371/23/319 368/20/316
f 373/25/321 367/19/315 360/12/309
f 374/26/322 367/19/315 373/25/321
f 374/26/322 375/27/323 367/19/315
f 367/19/315 375/27/323 369/21/317
f 369/21/317 375/27/323 376/28/324
f 377/29/325 374/26/322 373/25/321
f 377/29/325 373/25/321 378/30/326
f 378/30/326 379/31/320 377/29/325
f 378/30/326 380/32/327 379/31/320
f 381/33/328 380/32/327 378/30/326
f 381/33/328 382/34/318 380/32/327
f 375/27/323 374/26/322 383/35/329
f 375/27/323 383/35/329 384/36/330
f 383/35/329 374/26/322 385/37/331
f 385/37/331 374/26/322 377/29/325
f 385/37/331 377/29/325 386/38/332
f 379/31/320 386/38/332 377/29/325
f 385/37/331 386/38/332 387/39/333
f 378/30/326 352/2/301 381/33/328
f 378/30/326 373/25/321 352/2/301
f 373/25/321 360/12/309 352/2/301
f 352/2/301 388/40/334 381/33/328
f 388/40/334 382/34/318 381/33/328
f 355/7/304 382/34/318 388/40/334
f 355/7/304 388/40/334 352/2/301
f 359/11/308 382/34/318 355/7/304
f 389/41/335 390/43/336 391/42/337
f 391/42/337 390/43/336 392/44/338
f 391/42/337 392/44/338 393/45/339
f 393/45/339 392/44/338 394/46/340
f 393/45/339 394/46/340 395/47/341
f 396/48/342 394/46/340 392/44/338
f 397/49/343 394/46/340 396/48/342
f 396/48/342 392/44/338 398/50/344
f 390/43/336 398/50/344 392/44/338
f 399/51/345 393/45/339 395/47/341
f 400/52/346 393/45/339 399/51/345
f 400/52/346 391/42/337 393/45/339
f 399/51/345 401/53/347 400/52/346
f 399/51/345 402/54/348 401/53/347
f 402/54/348 403/55/349 401/53/347
f 402/54/348 404/56/342 403/55/349
f 405/57/350 404/56/342 402/54/348
f 405/57/350 406/58/351 404/56/342
f 407/59/352 405/57/350 402/54/348
f 407/59/352 402/54/348 399/51/345
f 399/51/345 395/47/341 407/59/352
f 407/59/352 408/60/353 405/57/350
f 408/60/353 406/58/351 405/57/350
f 407/59/352 409/61/354 408/60/353
f 395/47/341 409/61/354 407/59/352
f 408/60/353 410/62/355 406/58/351
f 395/47/341 411/63/356 409/61/354
f 401/53/347 403/55/349 412/66/357
f 401/53/347 412/66/357 413/67/358
f 401/53/347 414/68/359 400/52/346
f 401/53/347 413/67/358 414/68/359
f 415/69/360 413/67/358 412/66/357
f 414/68/359 413/67/358 415/69/360
f 400/52/346 414/68/359 391/42/337
f 391/42/337 414/68/359 416/70/361
f 391/42/337 416/70/361 417/41/335
f 414/68/359 418/69/362 416/70/361
f 419/64/363 409/61/354 420/63/356
f 419/64/363 420/63/356 421/65/62
f 411/63/356 394/46/340 422/71/364
f 411/63/356 395/47/341 394/46/340
f 423/71/364 394/46/340 397/49/343
f 424/71/364 397/49/365 425/72/366
f 426/73/367 427/75/368 428/74/369
f 426/73/367 428/74/369 429/76/75
f 429/76/75 428/74/369 430/77/76
f 427/75/368 426/73/367 431/78/370
f 427/75/368 431/78/370 432/79/371
f 428/74/369 427/75/368 433/80/355
f 428/74/369 433/80/355 434/83/372
f 435/82/354 428/74/369 434/83/372
f 428/74/369 436/81/61 430/77/76
f 428/74/369 435/82/354 436/81/61
f 437/94/373 433/80/355 427/75/368
f 437/94/373 427/75/368 432/79/371
f 438/92/364 433/80/355 437/94/373
f 439/85/374 437/94/373 432/79/371
f 437/94/373 439/85/374 440/92/375
f 439/85/374 432/79/371 441/84/376
f 431/78/370 441/84/376 432/79/371
f 439/85/374 441/84/376 442/86/81
f 443/87/82 442/86/81 441/84/376
f 443/87/82 441/84/376 431/78/370
f 444/88/83 439/85/374 442/86/81
f 444/88/83 445/89/377 439/85/374
f 439/85/374 445/89/377 446/90/378
f 439/85/374 446/90/378 440/92/375
f 446/90/378 445/89/377 447/91/379
f 448/92/380 446/90/378 447/91/379
f 449/93/381 445/89/377 444/88/83
f 450/93/62 447/91/379 445/89/377
f 443/87/82 431/78/370 451/96/382
f 443/87/82 451/96/382 452/95/89
f 452/95/89 451/96/382 453/97/329
f 452/95/89 453/97/329 454/98/383
f 454/98/383 453/97/329 455/99/384
f 456/100/385 455/99/384 453/97/329
f 455/99/384 456/100/385 457/101/333
f 455/99/384 457/101/333 458/102/386
f 459/103/387 455/99/384 458/102/386
f 455/99/384 459/103/387 460/104/97
f 454/98/383 455/99/384 460/104/97
f 426/73/367 451/96/382 431/78/370
f 426/73/367 461/105/388 451/96/382
f 462/106/389 453/97/329 451/96/382
f 462/106/389 451/96/382 461/105/388
f 462/106/389 461/105/388 463/107/390
f 426/73/367 463/107/390 461/105/388
f 462/106/389 463/107/390 464/108/391
f 464/108/391 463/107/390 465/109/392
f 465/109/392 466/110/393 464/108/391
f 466/110/393 462/106/389 464/108/391
f 465/109/392 467/111/104 466/110/393
f 466/110/393 467/111/104 468/112/394
f 466/110/393 468/112/394 469/113/395
f 469/113/395 470/114/324 466/110/393
f 469/113/395 471/115/396 470/114/324
f 426/73/367 429/76/75 463/107/390
f 466/110/393 472/116/397 462/106/389
f 466/110/393 470/114/324 472/116/397
f 429/76/75 473/117/110 463/107/390
f 463/107/390 473/117/110 465/109/392
f 474/118/398 475/120/399 476/119/400
f 477/121/401 475/120/399 474/118/398
f 475/120/399 477/121/401 478/122/402
f 475/120/399 478/122/402 479/123/403
f 478/122/402 480/124/404 479/123/403
f 479/123/403 480/124/404 481/125/405
f 482/126/406 475/120/399 479/123/403
f 475/120/399 482/126/406 483/127/407
f 479/123/403 484/128/408 482/126/406
f 479/123/403 481/125/405 484/128/408
f 484/128/408 481/125/405 485/129/409
f 486/130/410 480/124/404 478/122/402
f 486/130/410 487/131/411 480/124/404
f 488/132/412 487/131/411 486/130/410
f 488/132/412 489/133/413 487/131/411
f 490/134/414 489/133/413 488/132/412
f 490/134/414 491/135/415 489/133/413
f 484/128/408 492/136/416 482/126/406
f 484/128/408 493/137/417 492/136/416
f 493/137/417 494/138/418 492/136/416
f 493/137/417 495/139/419 494/138/418
f 494/138/418 495/139/419 496/140/420
f 497/141/421 494/138/418 496/140/420
f 498/142/422 494/138/418 497/141/421
f 492/136/416 494/138/418 498/142/422
f 496/140/420 495/139/419 499/143/423
f 492/136/416 498/142/422 500/144/424
f 501/145/425 498/142/426 502/146/421
f 503/147/427 501/145/425 502/146/421
f 503/147/427 502/146/421 504/148/420
f 505/149/428 503/147/427 504/148/420
f 506/150/429 503/147/427 505/149/428
f 503/147/427 506/150/429 501/145/425
f 506/150/429 505/149/428 507/151/430
f 505/149/428 504/148/420 508/152/423
f 507/151/430 509/153/431 506/150/429
f 506/150/429 509/153/431 510/154/432
f 506/150/429 510/154/432 511/155/433
f 501/145/425 506/150/429 511/155/433
f 511/155/433 512/144/434 501/145/425
f 513/127/407 512/144/434 511/155/433
f 510/154/432 513/127/407 511/155/433
f 505/149/428 508/152/423 514/156/435
f 505/149/428 514/156/435 515/157/417
f 516/151/436 505/149/428 515/157/417
f 516/151/436 515/157/417 517/158/408
f 476/119/437 513/127/407 510/154/432
f 510/154/432 509/153/431 518/159/312
f 519/160/310 518/159/312 509/153/431
f 519/160/310 509/153/431 520/161/438
f 521/151/430 520/161/438 509/153/431
f 522/162/439 520/161/438 521/151/430
f 520/161/438 522/162/439 523/163/409
f 520/161/438 523/163/409 524/164/440
f 520/161/438 524/164/440 525/165/441
f 519/160/310 520/161/438 525/165/441
f 526/166/442 525/165/441 524/164/440
f 525/165/441 526/166/442 527/167/443
f 525/165/441 527/167/443 528/168/444
f 529/169/445 525/165/441 528/168/444
f 527/167/443 529/169/445 528/168/444
f 527/167/443 530/170/446 529/169/445
f 526/166/442 524/164/440 531/171/447
f 527/167/443 526/166/442 532/172/448
f 527/167/443 532/172/448 533/173/449
f 530/170/446 527/167/443 533/173/449
f 533/173/449 532/172/448 534/174/450
f 533/173/449 534/174/450 535/175/414
f 530/170/446 533/173/449 536/176/410
f 536/176/410 533/173/449 535/175/414
f 536/176/410 535/175/414 537/177/451
f 538/178/452 534/174/450 532/172/448
f 538/178/452 532/172/448 539/179/453
f 539/179/453 532/172/448 526/166/442
f 539/179/453 526/166/442 531/171/447
f 519/160/310 525/165/441 540/180/454
f 541/181/455 542/183/456 543/182/457
f 541/181/455 544/184/458 542/183/456
f 521/151/430 541/181/455 543/182/457
f 521/151/430 543/182/457 522/162/439
f 543/182/457 542/183/456 545/185/459
f 543/182/457 545/185/459 546/186/460
f 522/162/439 543/182/457 546/186/460
f 522/162/439 546/186/460 523/163/409
f 541/181/455 547/187/461 544/184/458
f 541/181/455 548/188/462 547/187/461
f 549/151/430 548/188/462 541/181/455
f 549/151/430 550/158/408 548/188/462
f 551/144/463 552/142/464 501/145/465
f 482/126/406 500/144/434 483/127/407
f 482/126/406 492/136/416 553/144/424
f 554/189/466 555/191/458 556/190/461
f 554/189/466 557/192/467 555/191/458
f 558/193/460 554/189/466 556/190/461
f 558/193/460 556/190/461 559/194/468
f 484/128/408 558/193/460 559/194/468
f 485/129/409 558/193/460 484/128/408
f 476/119/400 475/120/399 560/127/469
f 476/119/437 510/154/432 561/195/470
f 510/154/432 518/159/312 561/195/470
f 562/119/471 561/195/470 563/196/472
f 564/197/473 562/119/471 563/196/472
f 564/197/473 474/118/441 562/119/471
f 565/198/474 390/43/336 566/41/475
f 565/198/474 567/199/476 390/43/336
f 567/199/476 398/50/344 390/43/336
f 568/200/335 569/203/477 570/202/478
f 568/200/335 570/202/478 571/201/479
f 571/201/479 570/202/478 572/204/480
f 571/201/479 572/204/480 573/205/360
f 570/202/478 569/203/477 574/206/481
f 569/203/477 575/207/482 574/206/481
f 570/202/478 574/206/481 576/208/483
f 570/202/478 577/209/484 572/204/480
f 570/202/478 576/208/483 577/209/484
f 578/210/485 577/209/484 576/208/483
f 572/204/480 577/209/484 578/210/485
f 578/210/485 576/208/483 579/211/486
f 572/204/480 578/210/485 580/212/487
f 581/205/362 572/204/480 580/212/487
f 581/205/362 580/212/487 582/213/361
f 582/213/361 580/212/487 583/214/488
f 582/213/361 583/214/488 584/215/335
f 583/214/488 580/212/487 585/216/489
f 580/212/487 578/210/485 586/217/490
f 586/217/490 587/218/491 580/212/487
f 578/210/485 587/218/491 586/217/490
f 578/210/485 579/211/486 587/218/491
f 580/212/487 587/218/491 585/216/489
f 583/214/488 588/216/492 589/219/482
f 590/220/493 591/218/494 592/221/486
f 593/222/495 591/218/494 590/220/493
f 593/222/495 594/216/489 591/218/494
f 595/223/482 594/216/489 593/222/495
f 292/247/254 596/249/233 597/257/241
f 597/257/241 598/256/496 292/247/254
f 599/260/245 598/256/496 597/257/241
f 600/261/246 598/256/496 599/260/245
f 292/247/254 598/256/496 294/226/255
f 596/249/497 289/248/498 601/258/104
f 601/258/104 289/248/498 602/259/499
f 603/259/394 289/248/500 604/255/248
f 605/255/248 289/248/250 278/254/252
f 606/69/360 412/66/476 607/269/479
f 608/270/289 609/272/501 610/271/502
f 610/271/502 609/272/501 611/273/503
f 612/274/292 613/276/504 614/275/505
f 614/275/505 613/276/504 615/271/255
f 616/270/289 615/271/255 613/276/504
f 617/277/506 369/21/317 618/278/507
f 372/24/320 369/21/317 617/277/506
f 618/278/507 369/21/317 376/28/324
o Object_33.001
v 0.323688 1.817332 -0.266552
v 0.270670 1.812367 -0.317117
v 0.498745 1.536349 -0.259616
v 0.520807 1.578015 -0.186655
v 0.588877 1.433842 -0.222503
v 0.610524 1.474724 -0.150913
v 0.325368 1.817245 -0.400679
v 0.476209 1.649003 -0.337587
v 0.626241 1.457190 -0.244235
v 0.653405 1.487379 -0.218147
v 0.509005 1.688160 -0.297908
v 0.327261 1.807400 -0.272245
v 0.646772 1.495959 -0.176346
v 0.457689 1.742940 -0.240611
v 0.653405 1.487379 -0.218147
v 0.509005 1.688160 -0.297908
v 0.387640 1.849320 -0.294501
v 0.393549 1.832204 -0.307848
v 0.383015 2.019360 -0.025567
v 0.446021 1.983994 -0.159059
v 0.482554 2.139370 -0.028480
v 0.377771 1.860987 -0.377488
v 0.412881 2.009554 -0.228105
v 0.445821 2.133499 -0.128832
v 0.271449 2.102131 -0.097174
v 0.275195 2.150197 -0.019935
v 0.366613 2.069048 0.051047
v 0.389250 2.162294 0.094258
v 0.404824 2.218947 -0.098608
v 0.342193 2.057867 -0.222780
v 0.445821 2.133499 -0.128832
v 0.412881 2.009554 -0.228105
v 0.302132 1.877550 -0.383727
v 0.377771 1.860987 -0.377488
v 0.328550 2.141310 -0.107697
v 0.312206 2.039072 -0.004879
v 0.386905 2.268750 0.008849
v 0.453839 2.189869 -0.074715
v 0.395681 2.229237 0.061176
v 0.313089 1.847152 -0.393318
v -0.184913 -0.013151 -0.316096
v -0.143634 0.480083 -0.279844
v -0.059495 0.429921 -0.310012
v 0.009321 0.720978 -0.235132
v -0.082154 0.719357 -0.216788
v 0.017544 0.795558 -0.243283
v -0.075922 0.793949 -0.214108
v 0.070675 0.763634 -0.129789
v 0.077442 0.824111 -0.138051
v 0.060506 0.706785 -0.137826
v -0.083404 0.768299 -0.094621
v -0.096164 0.704461 -0.109666
v -0.010352 0.699774 -0.082627
v 0.002137 0.765053 -0.070739
v 0.060506 0.706785 -0.137826
v 0.070675 0.763634 -0.129789
v 0.010651 0.832655 -0.077073
v 0.077442 0.824111 -0.138051
v -0.076754 0.820485 -0.098627
v 0.069981 1.283460 -0.163095
v -0.036636 1.312183 -0.219360
v 0.128068 1.314394 -0.261050
v -0.056923 1.272752 -0.390119
v -0.106184 1.310503 -0.210870
v -0.100292 1.324182 -0.399616
v -0.001524 0.379170 -0.200039
v -0.068241 0.402267 -0.129775
v -0.141912 0.438427 -0.166078
v -0.162215 -0.030912 -0.191277
v -0.214509 -0.017620 -0.231131
v -0.184913 -0.013151 -0.316096
v -0.162215 -0.030912 -0.191277
v 0.096461 1.229337 -0.410475
v 0.096461 1.229337 -0.410475
v 0.096461 1.229337 -0.410475
v 0.128068 1.314394 -0.261050
v 0.126042 1.725470 -0.124784
v 0.059118 1.405059 -0.152056
v 0.140309 1.443218 -0.228587
v -0.050725 1.732934 -0.022449
v -0.095180 1.399750 -0.137127
v 0.160554 1.756736 -0.274334
v 0.146512 1.472417 -0.377651
v 0.128068 1.314394 -0.261050
v -0.106184 1.310503 -0.210870
v -0.036636 1.312183 -0.219360
v 0.069981 1.283460 -0.163095
v 0.069289 1.552538 -0.404535
v 0.070603 1.463271 -0.442444
v -0.060939 1.605545 -0.388946
v -0.035116 1.795747 -0.344656
v -0.087235 1.412114 -0.432356
v -0.060434 1.363610 -0.449111
v 0.069741 1.366842 -0.456327
v -0.056923 1.272752 -0.390119
v 0.096461 1.229337 -0.410475
v -0.100292 1.324182 -0.399616
v -0.100292 1.324182 -0.399616
v 0.147084 1.429393 -0.386729
v 0.096461 1.229337 -0.410475
v 0.096461 1.229337 -0.410475
v -0.010959 2.023685 -0.249451
v 0.191343 1.930099 -0.246188
v 0.328550 2.141310 -0.107697
v 0.063609 2.270642 -0.107428
v 0.288921 2.335726 0.052506
v 0.386905 2.268750 0.008849
v 0.395681 2.229237 0.061176
v 0.291367 2.263166 0.106018
v 0.208649 2.306857 0.168370
v 0.125529 2.370462 0.117471
v 0.168582 1.818874 -0.125181
v 0.312206 2.039072 -0.004879
v 0.082606 1.787114 -0.042316
v 0.195852 1.978420 0.082631
v 0.067186 2.011036 0.175264
v 0.282950 2.201507 0.145362
v 0.120902 2.253397 0.212055
v 0.208649 2.306857 0.168370
v 0.291367 2.263166 0.106018
v 0.389250 2.162294 0.094258
v 0.395681 2.229237 0.061176
v 0.366613 2.069048 0.051047
v -0.010329 1.783990 -0.002523
v 0.648966 1.440245 -0.126207
v 0.593429 1.442731 -0.208065
v 0.618182 1.414732 -0.175186
v 0.614303 1.410060 -0.132538
v 0.622515 1.368618 -0.119294
v 0.629748 1.365129 -0.160468
v 0.644655 1.347376 -0.123752
v 0.668986 1.362571 -0.132819
v 0.649698 1.316337 -0.201992
v 0.596991 1.330817 -0.239163
v 0.674934 1.313430 -0.171349
v 0.694505 1.311367 -0.146874
v 0.620684 1.321743 -0.110654
v 0.644186 1.317594 -0.114619
v 0.620801 1.296115 -0.113595
v 0.640182 1.294333 -0.115135
v 0.620185 1.278742 -0.098980
v 0.639916 1.276926 -0.100550
v 0.630050 1.287782 -0.190231
v 0.650092 1.278028 -0.160920
v 0.603100 1.278422 -0.169421
v 0.622454 1.274250 -0.142895
v 0.590843 1.253598 -0.165143
v 0.569453 1.269963 -0.199373
v 0.575726 1.288409 -0.205119
v 0.608383 1.249915 -0.140304
v 0.594871 1.301149 -0.238289
v 0.604479 1.282009 -0.246235
v 0.569453 1.269963 -0.199373
v 0.636759 1.252385 -0.195722
v 0.590843 1.253598 -0.165143
v 0.656973 1.252670 -0.165576
v 0.679640 1.308038 -0.217773
v 0.699060 1.307516 -0.187110
v 0.608383 1.249915 -0.140304
v 0.688312 1.442888 -0.211430
v 0.638756 1.443702 -0.238789
v 0.622188 1.324414 -0.259668
v 0.594871 1.301149 -0.238289
v 0.596991 1.330817 -0.239163
v 0.622454 1.274250 -0.142895
v 0.650092 1.278028 -0.160920
v 0.699060 1.307516 -0.187110
v 0.674934 1.313430 -0.171349
v 0.653405 1.487379 -0.218147
v 0.646772 1.495959 -0.176346
v 0.692435 1.441176 -0.155671
v 0.699060 1.307516 -0.187110
v 0.714749 1.307095 -0.162338
v 0.694505 1.311367 -0.146874
v 0.668986 1.362571 -0.132819
v 0.648966 1.440245 -0.126207
v 0.651541 1.366649 -0.099124
v 0.625131 1.372641 -0.097096
v 0.627162 1.418172 -0.110588
v 0.614303 1.410060 -0.132538
v 0.622515 1.368618 -0.119294
v 0.644655 1.347376 -0.123752
v 0.648766 1.319664 -0.091148
v 0.621639 1.325184 -0.088950
v 0.639916 1.276926 -0.100550
v 0.620185 1.278742 -0.098980
v 0.620684 1.321743 -0.110654
v 0.620801 1.296115 -0.113595
v 0.640182 1.294333 -0.115135
v 0.644186 1.317594 -0.114619
v 0.610524 1.474724 -0.150913
v 0.672432 1.243630 -0.177025
v 0.688537 1.243770 -0.152514
v 0.642918 1.225106 -0.125702
v 0.629546 1.224962 -0.144920
v 0.649016 1.250543 -0.126044
v 0.677162 1.264718 -0.142565
v 0.634478 1.253379 -0.149617
v 0.658948 1.268138 -0.167914
v 0.699060 1.307516 -0.187110
v 0.674934 1.313430 -0.171349
v 0.594871 1.301149 -0.238289
v 0.575726 1.288409 -0.205119
v 0.594871 1.301149 -0.238289
v 0.649016 1.250543 -0.126044
v 0.634478 1.253379 -0.149617
v 0.629546 1.224962 -0.144920
v 0.642918 1.225106 -0.125702
v 0.677162 1.264718 -0.142565
v 0.658948 1.268138 -0.167914
v 0.596991 1.330817 -0.239163
v 0.626241 1.457190 -0.244235
v 0.593429 1.442731 -0.208065
v 0.588877 1.433842 -0.222503
v 0.610524 1.474724 -0.150913
v -0.124874 -0.030760 -0.249300
v -0.184913 -0.013151 -0.316096
v -0.001524 0.379170 -0.200039
v -0.184913 -0.013151 -0.316096
v -0.124874 -0.030760 -0.249300
v -0.129051 -0.087753 -0.247736
v -0.185068 -0.092711 -0.319950
v -0.169371 -0.083044 -0.179575
v -0.162215 -0.030912 -0.191277
v -0.127931 -0.207363 -0.307634
v -0.183032 -0.209278 -0.332321
v -0.058501 -0.189838 0.052676
v -0.115698 -0.136641 0.018429
v -0.172798 -0.158902 0.080284
v -0.173963 -0.182504 0.115446
v -0.223626 -0.090549 -0.236968
v -0.162215 -0.030912 -0.191277
v -0.214509 -0.017620 -0.231131
v -0.185068 -0.092711 -0.319950
v -0.184913 -0.013151 -0.316096
v -0.230129 -0.210231 -0.292359
v -0.204402 -0.156119 0.062001
v -0.225011 -0.194015 0.089381
v -0.183032 -0.209278 -0.332321
v -0.230129 -0.210231 -0.292359
v -0.058501 -0.189838 0.052676
v -0.173963 -0.182504 0.115446
v -0.225011 -0.194015 0.089381
v -0.127931 -0.207363 -0.307634
v -0.230129 -0.210231 -0.292359
v -0.183032 -0.209278 -0.332321
v 0.281718 2.346823 0.419750
v 0.236581 2.327285 0.390247
v 0.302057 2.301736 0.343407
v 0.236752 2.364263 0.430661
v 0.188669 2.350923 0.420829
v 0.187343 2.351408 0.407817
v 0.207142 2.369701 0.431416
v 0.211920 2.370644 0.460308
v 0.344530 2.363915 0.415352
v 0.409487 2.387630 0.406821
v 0.258320 2.403497 0.456732
v 0.237576 2.398484 0.463244
v 0.263289 2.425448 0.472460
v 0.301594 2.380081 0.453855
v 0.325175 2.395114 0.475945
v 0.277995 2.438839 0.491293
v 0.298717 2.459502 0.505858
v 0.351255 2.421256 0.493354
v 0.373416 2.540841 0.512539
v 0.437902 2.445615 0.475498
v 0.491635 2.512095 0.382692
v 0.441114 2.421454 0.324114
v 0.326778 2.343164 0.282363
v 0.167699 2.253273 0.288428
v 0.243962 2.319543 0.226218
v 0.137599 2.313664 0.248929
v 0.435492 2.470506 0.237082
v 0.410619 2.623706 0.232785
v 0.297767 2.509686 0.163467
v 0.356767 2.394884 0.215559
v 0.216442 2.417758 0.178743
v 0.216442 2.417758 0.178743
v 0.125529 2.370462 0.117471
v 0.174801 2.279999 0.352360
v 0.097810 2.266045 0.310770
v 0.137599 2.313664 0.248929
v 0.120902 2.253397 0.212055
v 0.208649 2.306857 0.168370
v 0.120537 2.289515 0.357290
v 0.128965 2.298773 0.362373
v 0.208649 2.306857 0.168370
v 0.125529 2.370462 0.117471
v 0.124298 2.428106 0.242462
v 0.187251 2.548673 0.238570
v 0.147496 2.504087 0.298099
v 0.075950 2.334756 0.292140
v 0.137599 2.313664 0.248929
v 0.115290 2.469377 0.359801
v 0.222176 2.620080 0.353836
v 0.203765 2.574266 0.434748
v 0.187248 2.506606 0.436704
v 0.176460 2.442315 0.434038
v 0.156745 2.399713 0.401084
v 0.199126 2.398399 0.435769
v 0.188669 2.350923 0.420829
v 0.187343 2.351408 0.407817
v 0.207142 2.369701 0.431416
v 0.211920 2.370644 0.460308
v 0.239769 2.420326 0.459251
v 0.237576 2.398484 0.463244
v 0.263289 2.425448 0.472460
v 0.212549 2.460865 0.465943
v 0.228587 2.482741 0.489056
v 0.277995 2.438839 0.491293
v 0.298717 2.459502 0.505858
v 0.254667 2.508883 0.506466
v 0.268576 2.599229 0.498484
v 0.315775 2.671641 0.406563
v 0.258161 2.631385 0.261153
v 0.410619 2.623706 0.232785
v 0.297767 2.509686 0.163467
v 0.216442 2.417758 0.178743
v 0.321006 2.574842 0.507595
v 0.353689 2.658446 0.438485
v 0.315775 2.671641 0.406563
v 0.443916 2.644122 0.341629
v 0.410619 2.623706 0.232785
v 0.373416 2.540841 0.512539
v 0.422705 2.603472 0.457046
v 0.443916 2.644122 0.341629
v 0.443916 2.644122 0.341629
v 0.491635 2.512095 0.382692
v 0.480076 2.543784 0.421328
v 0.410702 2.493467 0.495418
v 0.422705 2.603472 0.457046
v 0.443916 2.644122 0.341629
v 0.211920 2.370644 0.460308
v 0.215878 2.374448 0.464040
v 0.237576 2.398484 0.463244
v -0.162215 -0.030912 -0.191277
v -0.124874 -0.030760 -0.249300
v 0.221131 2.409496 0.251376
v 0.302057 2.301736 0.343407
v 0.187343 2.351408 0.407817
v 0.236581 2.327285 0.390247
v 0.128965 2.298773 0.362373
v 0.174801 2.279999 0.352360
v 0.124623 2.296280 0.309799
v 0.302057 2.301736 0.343407
v 0.221131 2.409496 0.251376
v 0.453839 2.189869 -0.074715
v 0.395681 2.229237 0.061176
v -0.247079 1.861261 -0.111204
v -0.459076 1.635011 -0.031332
v -0.437130 1.590250 -0.102467
v -0.193523 1.851878 -0.159383
v -0.533709 1.493720 -0.065543
v -0.555245 1.537641 0.004257
v -0.249517 1.848398 -0.245572
v -0.406257 1.699364 -0.182583
v -0.569102 1.518409 -0.089025
v -0.595364 1.550700 -0.064583
v -0.438063 1.741279 -0.144968
v -0.246576 1.867773 -0.110635
v -0.589524 1.560061 -0.022832
v -0.385599 1.794815 -0.087535
v -0.595364 1.550700 -0.064583
v -0.438063 1.741279 -0.144968
v -0.308358 1.895816 -0.141946
v -0.310730 1.895938 -0.147617
v -0.238405 2.138998 0.077135
v -0.320019 2.086012 -0.039370
v -0.314936 2.272032 0.049499
v -0.296575 1.903783 -0.223951
v -0.290139 2.087395 -0.114364
v -0.290305 2.235373 -0.047987
v -0.121906 2.178776 -0.019153
v -0.109161 2.243593 0.043504
v -0.205712 2.201251 0.137660
v -0.196106 2.292568 0.156484
v -0.231974 2.315775 -0.042674
v -0.211860 2.120720 -0.125361
v -0.290305 2.235373 -0.047987
v -0.290139 2.087395 -0.114364
v -0.216123 1.912727 -0.236977
v -0.296575 1.903783 -0.223951
v -0.199517 2.231046 -0.022438
v -0.195033 2.134273 0.085252
v -0.169100 2.375771 0.051693
v -0.282642 2.303434 -0.009523
v -0.182046 2.350942 0.111631
v -0.232183 1.880054 -0.242459
v -0.308442 0.240507 -0.469838
v -0.376281 0.651272 -0.272996
v -0.292625 0.666530 -0.215772
v -0.419254 0.887649 -0.079762
v -0.333002 0.861113 -0.056035
v -0.412766 0.903671 -0.085222
v -0.329228 0.883848 -0.038127
v -0.486766 0.909249 0.019098
v -0.468710 0.982896 -0.007309
v -0.487161 0.842271 -0.004801
v -0.343103 0.875625 0.074566
v -0.338839 0.798647 0.033169
v -0.427832 0.798766 0.047205
v -0.427766 0.891773 0.080137
v -0.487161 0.842271 -0.004801
v -0.486766 0.909249 0.019098
v -0.409517 0.990966 0.061127
v -0.468710 0.982896 -0.007309
v -0.330383 0.946377 0.062519
v -0.297069 1.381353 -0.160457
v -0.182220 1.355616 -0.199251
v -0.330600 1.393286 -0.272972
v -0.160652 1.278072 -0.364384
v -0.457521 0.569463 -0.204167
v -0.400932 0.546661 -0.125428
v -0.318321 0.580554 -0.134356
v -0.353468 0.174658 -0.369600
v -0.294066 0.193969 -0.394056
v -0.308442 0.240507 -0.469838
v -0.353468 0.174658 -0.369600
v -0.106184 1.310503 -0.210870
v -0.160652 1.278072 -0.364384
v -0.100292 1.324182 -0.399616
v -0.326434 1.304700 -0.400612
v -0.326434 1.304700 -0.400612
v -0.326434 1.304700 -0.400612
v -0.330600 1.393286 -0.272972
v -0.218324 1.773909 -0.132025
v -0.305577 1.505937 -0.237959
v -0.241281 1.447314 -0.158371
v -0.050725 1.732934 -0.022449
v -0.095180 1.399750 -0.137127
v -0.236682 1.812611 -0.282685
v -0.297339 1.534850 -0.386982
v -0.330600 1.393286 -0.272972
v -0.297069 1.381353 -0.160457
v -0.182220 1.355616 -0.199251
v -0.106184 1.310503 -0.210870
v -0.309903 1.495022 -0.396073
v -0.326434 1.304700 -0.400612
v -0.224292 1.504750 -0.448642
v -0.326434 1.304700 -0.400612
v -0.199977 1.590411 -0.410195
v -0.060939 1.605545 -0.388946
v -0.035116 1.795747 -0.344656
v -0.087235 1.412114 -0.432356
v -0.125657 1.372783 -0.450481
v -0.249481 1.411744 -0.463038
v -0.160652 1.278072 -0.364384
v -0.326434 1.304700 -0.400612
v -0.100292 1.324182 -0.399616
v -0.100292 1.324182 -0.399616
v -0.218147 2.009063 -0.168494
v -0.010959 2.023685 -0.249451
v -0.199517 2.231046 -0.022438
v 0.063609 2.270642 -0.107428
v -0.048055 2.399915 0.092588
v -0.169100 2.375771 0.051693
v -0.182046 2.350942 0.111631
v -0.066116 2.342844 0.134825
v 0.048887 2.337664 0.198682
v 0.125529 2.370462 0.117471
v -0.195673 1.889113 -0.056069
v -0.195033 2.134273 0.085252
v -0.103536 1.823008 -0.006998
v -0.091691 2.036572 0.148342
v 0.067186 2.011036 0.175264
v -0.067343 2.277416 0.197817
v 0.120902 2.253397 0.212055
v 0.048887 2.337664 0.198682
v -0.066116 2.342844 0.134825
v -0.196106 2.292568 0.156484
v -0.182046 2.350942 0.111631
v -0.205712 2.201251 0.137660
v -0.010329 1.783990 -0.002523
v -0.596751 1.488518 0.030292
v -0.566782 1.473536 -0.023328
v -0.538295 1.506415 -0.047515
v -0.564918 1.457635 0.016664
v -0.577525 1.415234 0.018562
v -0.583556 1.423255 -0.022171
v -0.601409 1.398227 0.008494
v -0.623834 1.417638 0.003456
v -0.606550 1.389136 -0.075178
v -0.551387 1.407295 -0.106745
v -0.633045 1.380989 -0.046613
v -0.653595 1.374671 -0.023725
v -0.580488 1.367784 0.014703
v -0.604120 1.367210 0.009554
v -0.582940 1.343936 0.005179
v -0.602336 1.344589 0.003031
v -0.584516 1.323407 0.014764
v -0.604264 1.324071 0.012578
v -0.590154 1.356667 -0.071067
v -0.612088 1.341759 -0.045520
v -0.564996 1.339562 -0.053142
v -0.585609 1.330669 -0.028824
v -0.555327 1.313363 -0.055361
v -0.531243 1.335757 -0.083923
v -0.535515 1.355599 -0.084719
v -0.574023 1.305189 -0.032520
v -0.552142 1.378353 -0.113617
v -0.563237 1.362994 -0.126377
v -0.531243 1.335757 -0.083923
v -0.600005 1.324763 -0.085665
v -0.555327 1.313363 -0.055361
v -0.621185 1.319301 -0.056698
v -0.636552 1.388281 -0.092884
v -0.657032 1.381831 -0.063618
v -0.574023 1.305189 -0.032520
v -0.632540 1.517073 -0.051691
v -0.582174 1.519889 -0.077384
v -0.576321 1.409001 -0.128471
v -0.552142 1.378353 -0.113617
v -0.551387 1.407295 -0.106745
v -0.585609 1.330669 -0.028824
v -0.612088 1.341759 -0.045520
v -0.657032 1.381831 -0.063618
v -0.633045 1.380989 -0.046613
v -0.595364 1.550700 -0.064583
v -0.589524 1.560061 -0.022832
v -0.638833 1.501439 0.001647
v -0.657032 1.381831 -0.063618
v -0.673579 1.376619 -0.039972
v -0.653595 1.374671 -0.023725
v -0.623834 1.417638 0.003456
v -0.596751 1.488518 0.030292
v -0.607316 1.411080 0.037225
v -0.580549 1.413630 0.041012
v -0.577733 1.461063 0.039836
v -0.564918 1.457635 0.016664
v -0.577525 1.415234 0.018562
v -0.601409 1.398227 0.008494
v -0.609330 1.363599 0.032703
v -0.581894 1.365578 0.036540
v -0.604264 1.324071 0.012578
v -0.584516 1.323407 0.014764
v -0.580488 1.367784 0.014703
v -0.582940 1.343936 0.005179
v -0.602336 1.344589 0.003031
v -0.604120 1.367210 0.009554
v -0.555245 1.537641 0.004257
v -0.637007 1.315145 -0.070265
v -0.611278 1.281090 -0.025248
v -0.653906 1.310582 -0.046730
v -0.597295 1.284560 -0.043698
v -0.614906 1.306237 -0.019006
v -0.640952 1.326981 -0.031549
v -0.599314 1.313573 -0.040873
v -0.621587 1.334967 -0.054942
v -0.657032 1.381831 -0.063618
v -0.633045 1.380989 -0.046613
v -0.552142 1.378353 -0.113617
v -0.535515 1.355599 -0.084719
v -0.552142 1.378353 -0.113617
v -0.614906 1.306237 -0.019006
v -0.597295 1.284560 -0.043698
v -0.599314 1.313573 -0.040873
v -0.611278 1.281090 -0.025248
v -0.640952 1.326981 -0.031549
v -0.621587 1.334967 -0.054942
v -0.551387 1.407295 -0.106745
v -0.569102 1.518409 -0.089025
v -0.538295 1.506415 -0.047515
v -0.533709 1.493720 -0.065543
v -0.555245 1.537641 0.004257
v -0.380409 0.207090 -0.424222
v -0.308442 0.240507 -0.469838
v -0.457521 0.569463 -0.204167
v -0.308442 0.240507 -0.469838
v -0.320131 0.207537 -0.502573
v -0.371118 0.143544 -0.461559
v -0.380409 0.207090 -0.424222
v -0.329390 0.102764 -0.407803
v -0.353468 0.174658 -0.369600
v -0.344889 0.116282 -0.589868
v -0.292737 0.145588 -0.598264
v -0.394868 -0.163219 -0.356774
v -0.355494 -0.092600 -0.329630
v -0.290998 -0.141451 -0.297444
v -0.281683 -0.182466 -0.292403
v -0.278560 0.153504 -0.441506
v -0.353468 0.174658 -0.369600
v -0.294066 0.193969 -0.394056
v -0.320131 0.207537 -0.502573
v -0.308442 0.240507 -0.469838
v -0.244694 0.124354 -0.565753
v -0.262333 -0.119123 -0.301994
v -0.231044 -0.158802 -0.309529
v -0.244694 0.124354 -0.565753
v -0.292737 0.145588 -0.598264
v -0.394868 -0.163219 -0.356774
v -0.231044 -0.158802 -0.309529
v -0.281683 -0.182466 -0.292403
v -0.344889 0.116282 -0.589868
v -0.244694 0.124354 -0.565753
v -0.292737 0.145588 -0.598264
v 0.137599 2.313664 0.248929
v 0.097810 2.266045 0.310770
v 0.104520 2.342415 0.355204
v 0.120537 2.289515 0.357290
v 0.128965 2.298773 0.362373
v 0.120902 2.253397 0.212055
v 0.048887 2.337664 0.198682
v 0.048887 2.337664 0.198682
v 0.125529 2.370462 0.117471
v 0.125529 2.370462 0.117471
v -0.353468 0.174658 -0.369600
v -0.380409 0.207090 -0.424222
v 0.221131 2.409496 0.251376
v 0.187343 2.351408 0.407817
v 0.115290 2.469377 0.359801
v 0.156745 2.399713 0.401084
v 0.128965 2.298773 0.362373
v 0.124623 2.296280 0.309799
v 0.104520 2.342415 0.355204
v 0.115290 2.469377 0.359801
v 0.221131 2.409496 0.251376
v -0.282642 2.303434 -0.009523
v -0.182046 2.350942 0.111631
vn -0.7452 0.5683 0.3488
vn -0.9361 -0.3484 -0.0488
vn -0.6959 -0.6976 -0.1705
vn -0.3648 -0.0490 0.9298
vn -0.7781 -0.5627 -0.2791
vn -0.4281 0.1600 0.8895
vn -0.2246 -0.1899 -0.9558
vn 0.0764 -0.3180 -0.9450
vn 0.1915 -0.1292 -0.9730
vn 0.7707 0.4687 -0.4316
vn 0.8105 0.4338 -0.3936
vn -0.5580 -0.7739 -0.2996
vn 0.5833 0.6894 0.4295
vn 0.4720 0.5672 0.6749
vn 0.7707 0.4687 -0.4317
vn 0.8114 0.4303 -0.3956
vn -0.0153 0.9979 0.0628
vn 0.3368 -0.8688 -0.3630
vn 0.0506 -0.7670 0.6396
vn 0.9357 -0.3466 0.0656
vn 0.9735 0.0049 0.2286
vn 0.6642 0.3449 -0.6632
vn 0.6906 0.3641 -0.6249
vn 0.7288 0.3227 -0.6039
vn -0.9899 0.1160 -0.0813
vn -0.5988 0.5676 0.5650
vn 0.5161 -0.4310 0.7402
vn 0.7541 -0.2023 0.6249
vn 0.0516 0.7995 -0.5985
vn -0.2636 0.6179 -0.7408
vn 0.7288 0.3227 -0.6040
vn 0.7025 0.3641 -0.6115
vn -0.5085 0.4229 -0.7501
vn 0.8191 0.3562 -0.4497
vn 0.9064 0.0861 0.4135
vn 0.6060 -0.6221 0.4957
vn 0.7449 0.6672 0.0053
vn 0.8554 0.4548 -0.2478
vn 0.9311 0.1884 0.3124
vn -0.4144 0.0949 -0.9051
vn -0.2133 0.0398 -0.9762
vn -0.7638 0.2436 -0.5977
vn 0.3737 0.0301 -0.9271
vn 0.4716 -0.0169 -0.8816
vn -0.7464 0.2222 -0.6273
vn 0.4022 -0.2694 -0.8750
vn -0.8297 -0.0165 -0.5580
vn 0.9742 -0.1497 0.1689
vn 0.9687 -0.1070 0.2241
vn 0.9635 -0.2129 0.1625
vn -0.7812 0.0646 0.6209
vn -0.8296 0.0483 0.5563
vn 0.1785 -0.2161 0.9599
vn 0.2142 -0.0670 0.9745
vn 0.9649 -0.2113 0.1561
vn 0.9785 -0.1548 0.1363
vn 0.2309 0.1160 0.9660
vn 0.9681 -0.1080 0.2259
vn -0.7803 0.1636 0.6036
vn 0.3019 0.1620 0.9395
vn -0.6000 -0.2794 0.7496
vn 0.9804 -0.0640 0.1866
vn -0.5937 -0.6651 -0.4528
vn -0.1861 -0.6923 0.6972
vn -0.3500 -0.8943 -0.2789
vn 0.9645 -0.2413 0.1074
vn 0.1300 -0.1725 0.9764
vn -0.8351 0.0602 0.5468
vn 0.1548 -0.1238 0.9802
vn -0.9482 0.1244 0.2924
vn 0.1548 -0.1237 0.9802
vn 0.6464 -0.4080 -0.6447
vn 0.5598 -0.3684 -0.7422
vn 0.5597 -0.3685 -0.7423
vn 0.9804 -0.0641 0.1865
vn 0.9686 -0.1115 0.2224
vn 0.8038 -0.2765 0.5267
vn 0.4000 -0.2897 0.8695
vn 0.9169 -0.1484 0.3704
vn -0.0051 -0.2871 0.9579
vn -0.0869 -0.4881 0.8685
vn 0.8899 0.0585 -0.4523
vn 0.8925 0.1281 -0.4325
vn 0.9591 -0.1502 0.2400
vn -0.1538 -0.8175 0.5550
vn -0.4265 -0.8350 0.3475
vn 0.3949 -0.0476 0.9175
vn 0.3182 0.3345 -0.8871
vn 0.2982 0.2137 -0.9303
vn 0.0545 0.2428 -0.9685
vn -0.0058 0.3319 -0.9433
vn 0.0357 0.1055 -0.9938
vn -0.3207 -0.1882 -0.9283
vn 0.4477 -0.0822 -0.8904
vn -0.4481 -0.2867 -0.8468
vn 0.8094 -0.2766 -0.5181
vn -0.1140 -0.8798 -0.4615
vn -0.3001 -0.9290 -0.2164
vn 0.8987 -0.0298 -0.4375
vn 0.5821 -0.3532 -0.7324
vn 0.6481 -0.4191 -0.6359
vn -0.1165 0.4544 -0.8832
vn 0.6847 0.0249 -0.7284
vn 0.4395 0.1088 -0.8916
vn -0.0315 0.6982 -0.7152
vn 0.4594 0.8872 -0.0423
vn 0.3157 0.9295 -0.1908
vn 0.4544 0.5057 0.7334
vn 0.5831 0.3670 0.7248
vn 0.8322 0.2479 0.4959
vn 0.1559 0.9475 -0.2793
vn 0.8573 -0.5037 0.1067
vn 0.7167 -0.6858 0.1263
vn 0.4727 -0.6110 0.6350
vn 0.5371 -0.5645 0.6268
vn 0.1654 -0.4518 0.8767
vn 0.5022 -0.0322 0.8642
vn 0.1818 -0.3064 0.9344
vn 0.8395 0.2212 0.4962
vn 0.6135 0.5261 0.5890
vn 0.4057 -0.0168 0.9139
vn 0.4269 0.5404 0.7251
vn 0.1760 -0.9830 0.0533
vn 0.0736 -0.5269 0.8468
vn -0.0489 0.4130 0.9094
vn -0.9799 0.1464 -0.1358
vn -0.9306 -0.0780 0.3577
vn -0.9532 0.2876 0.0928
vn -0.9565 -0.2631 -0.1258
vn -0.8479 -0.5301 0.0018
vn 0.3489 -0.7401 -0.5749
vn 0.5149 -0.4149 0.7502
vn -0.7528 0.0504 0.6563
vn -0.9941 -0.0020 -0.1087
vn -0.7168 -0.0783 0.6929
vn 0.0615 -0.0670 0.9959
vn -0.8249 -0.0204 -0.5649
vn 0.6085 -0.1331 -0.7823
vn -0.6768 -0.2088 -0.7059
vn 0.4890 -0.3160 -0.8130
vn -0.5890 -0.7697 0.2462
vn 0.4569 -0.8758 0.1557
vn -0.3368 0.8117 0.4771
vn 0.2138 0.4265 0.8788
vn -0.4101 0.7657 0.4955
vn 0.0031 0.5501 0.8351
vn -0.7519 -0.5526 0.3596
vn -0.9441 -0.3297 -0.0012
vn -0.7529 0.6570 0.0375
vn -0.3494 -0.5304 0.7724
vn -0.9280 0.2658 -0.2612
vn -0.2360 -0.5290 -0.8151
vn -0.9440 -0.3298 -0.0012
vn -0.7530 0.6569 0.0374
vn 0.2197 -0.9006 -0.3750
vn -0.7519 -0.5527 0.3596
vn 0.5964 -0.7238 0.3471
vn 0.6765 -0.3267 -0.6600
vn 0.8105 -0.2311 -0.5383
vn -0.3495 -0.5304 0.7724
vn 0.8300 0.2841 -0.4799
vn 0.1481 0.0104 -0.9889
vn 0.0033 -0.0528 -0.9986
vn -0.9280 0.2658 -0.2611
vn 0.2138 0.4265 0.8789
vn 0.8106 -0.2310 -0.5382
vn -0.7168 -0.0782 0.6929
vn -0.9799 0.1464 -0.1357
vn 0.7845 0.4601 -0.4157
vn 0.6163 0.6587 0.4316
vn 0.8400 0.3616 0.4046
vn 0.8105 -0.2310 -0.5383
vn 0.9853 -0.1101 0.1307
vn 0.0616 -0.0670 0.9958
vn 0.5149 -0.4147 0.7502
vn -0.2056 0.4817 0.8519
vn 0.6529 0.0619 0.7549
vn -0.5688 0.1951 0.7990
vn -0.3739 0.5294 0.7615
vn -0.9532 0.2876 0.0930
vn -0.9566 -0.2631 -0.1256
vn 0.3489 -0.7402 -0.5748
vn 0.7590 -0.1157 0.6407
vn -0.6245 0.0231 0.7807
vn 0.4570 -0.8757 0.1559
vn -0.5891 -0.7696 0.2463
vn -0.6770 -0.2086 -0.7058
vn 0.4890 -0.3161 -0.8130
vn 0.6084 -0.1329 -0.7824
vn -0.3775 0.1173 0.9186
vn 0.0836 -0.5571 -0.8262
vn 0.7672 -0.6048 0.2136
vn -0.1774 -0.6525 0.7368
vn -0.7654 -0.6320 -0.1218
vn -0.1528 0.4292 0.8902
vn 0.1079 0.2971 0.9487
vn -0.8467 0.5095 -0.1532
vn -0.8034 0.4250 -0.4171
vn -0.7169 -0.0781 0.6928
vn -0.9279 0.2660 -0.2611
vn -0.2362 -0.5288 -0.8152
vn -0.7529 0.6571 0.0377
vn -0.1528 0.4291 0.8902
vn -0.7653 -0.6320 -0.1218
vn -0.1774 -0.6525 0.7367
vn 0.1079 0.2970 0.9488
vn -0.8035 0.4248 -0.4171
vn 0.1980 -0.5197 -0.8311
vn 0.8505 -0.5252 0.0305
vn 0.6962 -0.6534 0.2974
vn -0.3620 0.0375 0.9314
vn -0.4151 0.2346 0.8790
vn 0.9714 -0.2116 -0.1072
vn -0.1504 -0.0324 -0.9881
vn 0.9770 -0.1638 -0.1366
vn 0.9561 0.2209 -0.1924
vn -0.1372 0.2395 -0.9612
vn -0.0082 0.8570 0.5152
vn 0.1573 -0.0241 0.9873
vn 0.6664 -0.5484 -0.5051
vn -0.0986 -0.5725 -0.8139
vn 0.8296 -0.2519 0.4983
vn 0.3232 0.8930 0.3132
vn -0.0192 0.8628 0.5052
vn 0.0044 -0.0762 0.9971
vn -0.9648 0.2628 0.0117
vn 0.0759 -0.0486 0.9959
vn -0.9696 0.0283 0.2429
vn -0.1175 0.2587 -0.9588
vn -0.2038 -0.0542 -0.9775
vn -0.7306 -0.5986 -0.3285
vn -0.4503 0.8188 0.3561
vn -0.7138 -0.3536 0.6045
vn -0.1238 0.1909 -0.9738
vn -0.0985 -0.5725 -0.8139
vn -0.7305 -0.5986 -0.3285
vn 0.8296 -0.2520 0.4983
vn -0.7137 -0.3537 0.6046
vn 0.6665 -0.5484 -0.5051
vn 0.0525 -0.7580 0.6502
vn -0.4289 -0.8991 -0.0883
vn 0.3578 -0.9335 0.0234
vn 0.0694 -0.7279 0.6821
vn -0.5093 -0.6465 0.5680
vn -0.6714 -0.7068 -0.2230
vn -0.4108 -0.5605 0.7191
vn -0.4930 -0.6326 0.5973
vn 0.3041 -0.7990 0.5188
vn 0.6172 -0.7462 0.2495
vn 0.0497 -0.6157 0.7864
vn -0.0638 -0.2159 0.9743
vn -0.3291 -0.4841 0.8108
vn -0.0838 -0.7359 0.6719
vn 0.0368 -0.7058 0.7075
vn -0.3216 -0.4769 0.8180
vn -0.1068 -0.2613 0.9593
vn 0.1822 -0.5137 0.8384
vn 0.2811 0.1685 0.9448
vn 0.6587 -0.4190 0.6249
vn 0.9952 -0.0973 -0.0091
vn 0.7859 -0.5909 -0.1821
vn 0.5509 -0.7670 -0.3291
vn 0.0007 -0.9642 -0.2653
vn 0.4416 -0.7692 -0.4619
vn -0.4500 -0.7846 -0.4265
vn 0.7574 -0.2297 -0.6112
vn 0.4683 0.6116 -0.6377
vn 0.0144 0.1634 -0.9864
vn 0.5162 -0.5458 -0.6600
vn 0.0031 0.1513 -0.9885
vn -0.0511 0.2045 -0.9775
vn 0.5939 0.5986 -0.5376
vn 0.1422 0.0151 0.9897
vn -0.6642 -0.7475 -0.0070
vn -0.6556 -0.7293 -0.1957
vn -0.4020 -0.9156 -0.0047
vn -0.1291 -0.1596 0.9787
vn 0.6642 -0.3208 -0.6752
vn 0.9076 -0.0942 0.4090
vn -0.4280 -0.5158 0.7421
vn 0.2992 0.2957 0.9072
vn 0.8832 -0.0790 0.4622
vn 0.1943 0.9776 -0.0811
vn 0.5860 -0.2699 -0.7641
vn -0.8376 0.4637 -0.2887
vn -0.6749 0.5402 -0.5027
vn -0.0752 0.1665 -0.9832
vn -0.8452 0.5054 -0.1740
vn -0.9676 -0.0933 -0.2346
vn -0.7474 -0.4823 -0.4569
vn -0.9534 0.2646 0.1453
vn -0.6710 0.7412 0.0197
vn -0.7492 0.4956 0.4395
vn -0.7447 0.1464 0.6512
vn -0.6636 -0.1111 0.7398
vn -0.8525 -0.5217 -0.0338
vn -0.6227 -0.1001 0.7761
vn -0.5094 -0.6464 0.5681
vn -0.6715 -0.7067 -0.2230
vn -0.4109 -0.5604 0.7191
vn -0.4929 -0.6327 0.5973
vn -0.4950 -0.1215 0.8603
vn -0.0636 -0.2161 0.9743
vn -0.3292 -0.4840 0.8108
vn -0.6188 -0.2505 0.7445
vn -0.5943 -0.1333 0.7931
vn -0.3982 0.0129 0.9172
vn -0.3774 0.5210 0.7656
vn -0.1829 0.9715 0.1508
vn -0.3790 0.8044 -0.4575
vn 0.4682 0.6116 -0.6377
vn 0.0143 0.1634 -0.9865
vn 0.0030 0.1512 -0.9885
vn 0.0632 0.3446 0.9366
vn 0.2002 0.8419 0.5012
vn -0.1828 0.9715 0.1509
vn 0.6628 0.7437 -0.0878
vn 0.4683 0.6115 -0.6377
vn 0.5662 0.5297 0.6315
vn 0.6628 0.7437 -0.0879
vn 0.9952 -0.0972 -0.0090
vn 0.8862 0.2197 0.4080
vn 0.4722 -0.0264 0.8811
vn 0.5663 0.5296 0.6315
vn 0.6628 0.7436 -0.0879
vn -0.4931 -0.6327 0.5971
vn -0.1129 -0.2677 0.9569
vn -0.0636 -0.2160 0.9743
vn -0.6227 -0.1001 0.7760
vn 0.9714 -0.2117 -0.1073
vn -0.2371 -0.3689 0.8987
vn 0.2378 -0.9582 0.1589
vn -0.7419 -0.6698 0.0296
vn -0.0646 -0.8170 0.5730
vn 0.2992 0.2955 0.9073
vn 0.1170 -0.0690 0.9907
vn 0.5212 0.6425 0.5617
vn 0.4227 -0.8996 -0.1097
vn -0.4797 -0.5821 0.6565
vn 0.7491 0.6089 -0.2609
vn 0.7953 0.5133 0.3227
vn 0.3393 -0.0782 0.9374
vn 0.3338 -0.0427 0.9417
vn 0.6612 -0.7389 -0.1301
vn 0.8856 -0.4638 0.0252
vn 0.7546 -0.6106 -0.2401
vn 0.4094 0.1614 0.8980
vn 0.2107 -0.2828 -0.9357
vn -0.0838 -0.3363 -0.9380
vn -0.1692 -0.1455 -0.9748
vn -0.7312 0.4969 -0.4674
vn -0.7752 0.4642 -0.4284
vn 0.0656 -0.3539 0.9330
vn -0.5578 0.7309 0.3932
vn -0.4606 0.6097 0.6450
vn -0.7749 0.4621 -0.4313
vn -0.1148 0.9745 0.1926
vn -0.6267 -0.7710 0.1134
vn -0.1195 -0.5676 0.8146
vn -0.9705 -0.1304 0.2027
vn -0.9073 0.2971 0.2975
vn -0.6822 0.3413 -0.6467
vn -0.6759 0.3337 -0.6571
vn -0.7184 0.3067 -0.6244
vn 0.9814 -0.1030 -0.1623
vn 0.8189 0.4217 0.3894
vn -0.4781 0.0476 0.8770
vn -0.6682 0.1973 0.7173
vn 0.0093 0.6634 -0.7482
vn 0.2899 0.3658 -0.8844
vn -0.7183 0.3067 -0.6245
vn -0.6888 0.3416 -0.6394
vn 0.5176 0.1988 -0.8322
vn -0.7776 0.3866 -0.4958
vn -0.6079 0.5720 0.5507
vn -0.6088 -0.1056 0.7863
vn -0.4681 0.8836 0.0068
vn -0.7558 0.6011 -0.2598
vn -0.7511 0.5528 0.3609
vn 0.3891 -0.0791 -0.9178
vn 0.3746 0.4210 -0.8261
vn -0.2089 0.5009 -0.8399
vn 0.8765 0.3324 -0.3484
vn -0.4707 0.2190 -0.8547
vn 0.8607 0.3257 -0.3912
vn -0.3879 -0.3295 -0.8608
vn 0.9407 -0.2377 -0.2422
vn -0.9929 0.1180 0.0118
vn -0.9726 0.2255 0.0561
vn -0.9987 -0.0396 -0.0305
vn 0.6090 -0.1657 0.7756
vn 0.7040 -0.3386 0.6242
vn -0.3630 -0.4670 0.8063
vn -0.3667 -0.0340 0.9297
vn -0.9995 -0.0247 -0.0220
vn -0.9951 0.0949 -0.0293
vn -0.2909 0.4174 0.8609
vn -0.9689 0.2451 0.0326
vn 0.6718 0.0727 0.7371
vn -0.3181 0.5585 0.7661
vn 0.2867 -0.3599 0.8878
vn -0.9522 0.3054 -0.0102
vn 0.2568 -0.9257 -0.2777
vn -0.9916 -0.0788 -0.1025
vn -0.3099 -0.5535 0.7730
vn 0.7343 -0.3417 0.5865
vn -0.3287 -0.5077 0.7964
vn 0.8950 -0.1953 0.4011
vn 0.3746 0.4211 -0.8261
vn 0.0332 -0.6437 0.7646
vn 0.1615 -0.9719 0.1711
vn 0.0619 -0.5364 -0.8417
vn 0.1154 -0.9845 -0.1323
vn -0.7475 -0.3282 -0.5776
vn -0.6317 -0.3975 -0.6656
vn -0.6961 -0.2568 -0.6705
vn -0.9333 0.3276 0.1470
vn -0.9329 0.3424 0.1118
vn -0.8662 -0.0263 0.4991
vn -0.9327 0.1141 0.3421
vn -0.4702 -0.1166 0.8748
vn 0.0088 -0.4299 0.9028
vn -0.0870 -0.4880 0.8685
vn -0.7616 0.4098 -0.5021
vn -0.8002 0.3753 -0.4678
vn -0.9681 0.1986 0.1528
vn -0.5686 0.4139 0.7109
vn 0.0396 -0.9319 0.3605
vn -0.1267 -0.8142 0.5665
vn -0.8439 0.2265 -0.4863
vn -0.6895 -0.1521 -0.7081
vn -0.1924 0.2799 -0.9406
vn -0.8486 -0.0089 -0.5290
vn -0.1768 0.4041 -0.8975
vn 0.0679 0.3960 -0.9157
vn 0.0358 0.1054 -0.9938
vn 0.2638 -0.3203 -0.9098
vn -0.3872 -0.0358 -0.9213
vn 0.2495 -0.4919 -0.8342
vn -0.7246 -0.1819 -0.6648
vn 0.0097 -0.9951 -0.0987
vn -0.8437 0.3099 -0.4383
vn -0.0338 0.4417 -0.8965
vn -0.6520 0.2899 -0.7006
vn 0.0375 0.6746 -0.7372
vn -0.1216 0.9923 0.0223
vn 0.1840 0.8657 -0.4656
vn -0.1284 0.7084 0.6940
vn -0.2830 0.5018 0.8174
vn -0.5644 0.5909 0.5764
vn 0.1097 0.9635 -0.2441
vn -0.8508 -0.2064 0.4832
vn -0.8698 -0.2945 0.3959
vn -0.4739 -0.4390 0.7633
vn -0.4536 -0.3462 0.8212
vn 0.0309 -0.4069 0.9129
vn -0.2650 0.2202 0.9388
vn -0.0079 -0.2950 0.9555
vn -0.5123 0.5478 0.6614
vn -0.1933 0.8079 0.5567
vn -0.2321 0.3420 0.9106
vn -0.0223 0.7602 0.6494
vn -0.6757 -0.6885 0.2635
vn 0.0343 -0.5317 0.8462
vn 0.0550 0.1568 0.9861
vn 0.9053 -0.2619 0.3345
vn 0.9936 0.0761 -0.0829
vn 0.9724 0.1555 0.1742
vn 0.9310 -0.3175 -0.1802
vn 0.7929 -0.5959 -0.1278
vn -0.3968 -0.5271 -0.7514
vn -0.5790 -0.5401 0.6107
vn 0.7299 -0.1976 0.6544
vn 0.9926 -0.0748 -0.0953
vn 0.6804 -0.3270 0.6558
vn -0.1038 -0.3154 0.9433
vn 0.8392 0.0427 -0.5422
vn -0.5896 0.1362 -0.7962
vn 0.6790 -0.0867 -0.7290
vn -0.4873 -0.0440 -0.8722
vn 0.5036 -0.8629 0.0431
vn -0.5439 -0.8351 -0.0822
vn 0.3951 0.6224 0.6757
vn -0.2039 0.2043 0.9574
vn 0.4630 0.5659 0.6822
vn 0.0191 0.3130 0.9495
vn 0.6822 -0.7001 0.2107
vn 0.9077 -0.4124 -0.0775
vn 0.8104 0.5449 0.2152
vn 0.2692 -0.7445 0.6110
vn 0.9580 0.2286 -0.1734
vn 0.2140 -0.3215 -0.9224
vn 0.8103 0.5450 0.2153
vn 0.9077 -0.4123 -0.0774
vn -0.2908 -0.7461 -0.5990
vn 0.6822 -0.7002 0.2107
vn -0.6749 -0.7244 0.1403
vn -0.6802 -0.0746 -0.7292
vn -0.8088 -0.0005 -0.5881
vn 0.2691 -0.7446 0.6109
vn -0.8023 0.4502 -0.3918
vn -0.3808 -0.0018 -0.9246
vn 0.0280 0.2077 -0.9778
vn 0.9580 0.2285 -0.1732
vn 0.9926 -0.0748 -0.0952
vn 0.0191 0.3130 0.9496
vn -0.2039 0.2044 0.9574
vn 0.6804 -0.3270 0.6559
vn 0.9709 0.1183 -0.2081
vn -0.7228 0.4601 -0.5156
vn -0.5820 0.6694 0.4616
vn -0.7954 0.3478 0.4964
vn -0.9954 -0.0395 0.0874
vn -0.5791 -0.5400 0.6108
vn 0.2258 0.3188 0.9205
vn -0.6710 -0.0693 0.7382
vn 0.5555 -0.0768 0.8280
vn 0.3949 0.2739 0.8770
vn 0.9723 0.1555 0.1745
vn 0.9310 -0.3175 -0.1800
vn -0.3968 -0.5271 -0.7515
vn -0.7893 -0.1995 0.5807
vn 0.5951 -0.2428 0.7661
vn -0.5439 -0.8351 -0.0823
vn 0.5035 -0.8629 0.0430
vn 0.8392 0.0426 -0.5422
vn 0.6791 -0.0868 -0.7289
vn -0.4871 -0.0439 -0.8722
vn -0.5895 0.1362 -0.7962
vn 0.3248 0.0842 0.9420
vn -0.1063 -0.3133 -0.9437
vn 0.0875 -0.8353 0.5429
vn -0.8287 -0.5583 0.0407
vn 0.7055 -0.6534 -0.2745
vn 0.1606 0.1668 0.9728
vn -0.1135 0.0512 0.9922
vn 0.8964 0.4431 -0.0064
vn 0.8549 0.4343 -0.2836
vn 0.6803 -0.3270 0.6559
vn 0.9579 0.2288 -0.1732
vn 0.8102 0.5451 0.2154
vn 0.2141 -0.3214 -0.9224
vn 0.9580 0.2285 -0.1733
vn 0.9580 0.2286 -0.1733
vn 0.1606 0.1667 0.9728
vn 0.7054 -0.6534 -0.2746
vn 0.8965 0.4431 -0.0065
vn 0.0875 -0.8352 0.5429
vn -0.1134 0.0513 0.9922
vn 0.8549 0.4343 -0.2838
vn -0.3226 -0.9148 -0.2431
vn -0.8768 0.3120 -0.3658
vn -0.9608 -0.2363 0.1452
vn -0.7651 -0.5619 0.3145
vn 0.3403 0.0692 0.9378
vn 0.3435 0.2361 0.9090
vn -0.9593 0.0421 -0.2793
vn -0.9916 -0.0789 -0.1023
vn 0.0779 0.5329 -0.8426
vn 0.1095 0.8612 -0.4962
vn -0.9896 0.1437 -0.0058
vn -0.9438 -0.1222 -0.3071
vn -0.2174 0.1976 0.9559
vn -0.2865 -0.6831 0.6718
vn -0.5311 -0.0879 -0.8427
vn 0.1942 0.2946 -0.9357
vn -0.7052 -0.7090 -0.0029
vn -0.5235 0.2363 0.8186
vn -0.1741 0.1431 0.9743
vn 0.0749 -0.8099 0.5817
vn 0.8793 0.3112 0.3606
vn -0.1540 -0.6650 0.7308
vn 0.8650 -0.3137 0.3916
vn 0.2497 0.8742 -0.4165
vn 0.3682 0.4360 -0.8212
vn 0.8394 0.0404 -0.5420
vn 0.2441 0.3210 0.9151
vn 0.8156 -0.5275 0.2376
vn 0.0120 0.8870 -0.4616
vn 0.8395 0.0404 -0.5419
vn 0.1943 0.2946 -0.9357
vn -0.7051 -0.7091 -0.0030
vn 0.8157 -0.5275 0.2375
vn 0.0749 -0.8100 0.5817
vn -0.5312 -0.0879 -0.8427
vn 0.8394 0.0405 -0.5420
vn -0.6642 -0.7475 -0.0071
vn 0.0466 0.0723 0.9963
vn -0.4280 -0.5157 0.7422
vn 0.2993 0.2956 0.9072
vn -0.4425 -0.8954 -0.0492
vn -0.9642 0.2471 0.0963
vn 0.1354 0.0414 0.9899
vn 0.0269 0.7577 0.6521
vn -0.0246 0.7596 0.6499
vn -0.9775 0.1488 0.1493
vn 0.1620 0.8752 -0.4557
vn 0.5895 0.6233 -0.5139
vn -0.3286 -0.5077 0.7964
vn -0.2237 -0.3807 0.8972
vn -0.5698 -0.8210 0.0366
vn -0.9506 0.1238 0.2846
vn -0.6606 -0.1502 0.7355
vn 0.2992 0.2954 0.9073
vn 0.6197 0.5479 0.5619
vn -0.0608 0.0199 0.9979
vn -0.9426 0.3328 -0.0273
vn -0.4631 -0.5971 0.6550
vn -0.6204 0.7103 -0.3325
vn -0.5460 0.7952 0.2638
vt 0.730382 0.103619
vt 0.705649 0.144477
vt 0.906050 0.162418
vt 0.907543 0.101904
vt 0.999984 0.166941
vt 1.001061 0.095946
vt 0.733494 0.205318
vt 0.838940 0.209383
vt 0.991053 0.210366
vt 0.981648 0.252295
vt 0.840260 0.252371
vt 0.689743 0.104698
vt 0.991405 0.052870
vt 0.810174 0.064464
vt 0.981657 0.011468
vt 0.840250 0.011429
vt 0.734207 0.056759
vt 0.693123 0.056174
vt 0.518060 0.096757
vt 0.575201 0.047645
vt 0.473165 0.043970
vt 0.716055 0.011396
vt 0.597290 0.011359
vt 0.510869 0.011322
vt 0.522475 0.164896
vt 0.485011 0.157654
vt 0.479927 0.107408
vt 0.445175 0.049232
vt 0.473366 0.225391
vt 0.579352 0.211659
vt 0.510849 0.252622
vt 0.597275 0.252464
vt 0.688056 0.203710
vt 0.716059 0.252303
vt 0.459430 0.138427
vt 0.448360 0.105872
vt 0.445220 0.217118
vt 0.468555 0.252667
vt 0.435264 0.252667
vt 0.710772 0.204691
vt 0.809314 0.993189
vt 0.844593 0.748486
vt 0.799681 0.766537
vt 0.795370 0.616810
vt 0.844460 0.624653
vt 0.796731 0.566457
vt 0.846052 0.573862
vt 0.737687 0.589384
vt 0.737679 0.566887
vt 0.737691 0.611583
vt 0.903594 0.595045
vt 0.902086 0.622902
vt 0.947494 0.615460
vt 0.947980 0.591500
vt 0.993009 0.611673
vt 0.993010 0.589483
vt 0.948583 0.568105
vt 0.993012 0.566905
vt 0.904969 0.574145
vt 0.939443 0.344499
vt 0.898532 0.361084
vt 0.993076 0.320695
vt 0.854260 0.365264
vt 0.915162 0.347050
vt 0.854851 0.350073
vt 0.993004 0.780156
vt 0.944441 0.769131
vt 0.900724 0.759988
vt 0.936461 0.995025
vt 0.880074 0.997653
vt 0.789589 0.353336
vt 0.737576 0.320774
vt 0.459999 0.699940
vt 0.421847 0.911548
vt 0.493482 0.874305
vt 0.334346 0.703269
vt 0.334346 0.906337
vt 0.574509 0.696105
vt 0.570429 0.874521
vt 0.490508 0.948126
vt 0.334346 0.965522
vt 0.365140 0.975937
vt 0.420117 0.965795
vt 0.650541 0.838561
vt 0.643075 0.892767
vt 0.726515 0.817051
vt 0.726515 0.703484
vt 0.726515 0.932364
vt 0.709975 0.959389
vt 0.635989 0.948441
vt 0.695226 0.983366
vt 0.579503 0.979625
vt 0.726515 0.978941
vt 0.572418 0.925007
vt 0.726515 0.610225
vt 0.575486 0.609180
vt 0.574131 0.447552
vt 0.726515 0.445670
vt 0.628909 0.318546
vt 0.561909 0.331279
vt 0.561667 0.289065
vt 0.629838 0.284131
vt 0.681244 0.268659
vt 0.726515 0.308737
vt 0.465542 0.609718
vt 0.497836 0.448231
vt 0.389955 0.608312
vt 0.424485 0.456931
vt 0.334346 0.436815
vt 0.434410 0.332167
vt 0.334346 0.318454
vt 0.382074 0.269755
vt 0.433481 0.285227
vt 0.501409 0.332846
vt 0.501652 0.290161
vt 0.532354 0.423067
vt 0.334346 0.607952
vt 0.079805 0.232283
vt 0.164710 0.210607
vt 0.122523 0.194649
vt 0.082536 0.195321
vt 0.065738 0.163787
vt 0.098907 0.148763
vt 0.061632 0.142152
vt 0.067395 0.121429
vt 0.123677 0.114515
vt 0.175785 0.114562
vt 0.094627 0.115280
vt 0.071940 0.113520
vt 0.035702 0.148111
vt 0.041923 0.132093
vt 0.020229 0.138299
vt 0.026355 0.125859
vt 0.005702 0.131286
vt 0.011940 0.118620
vt 0.124248 0.087244
vt 0.097369 0.085301
vt 0.124231 0.055219
vt 0.098622 0.055224
vt 0.124118 0.033753
vt 0.158367 0.040381
vt 0.164154 0.054336
vt 0.099739 0.035139
vt 0.171577 0.088395
vt 0.192231 0.080816
vt 0.172887 0.036601
vt 0.229659 0.051083
vt 0.207206 0.014433
vt 0.253565 0.037615
vt 0.259273 0.099604
vt 0.295568 0.088781
vt 0.225257 0.005464
vt 0.257519 0.214069
vt 0.210893 0.208562
vt 0.203087 0.112287
vt 0.256732 0.004405
vt 0.275505 0.029551
vt 0.296663 0.056271
vt 0.254448 0.243670
vt 0.287294 0.248875
vt 0.299549 0.220380
vt 0.323300 0.104611
vt 0.343328 0.116239
vt 0.349575 0.166371
vt 0.341191 0.234380
vt 0.379236 0.180734
vt 0.393815 0.198439
vt 0.369935 0.227020
vt 0.383913 0.245331
vt 0.408148 0.211617
vt 0.372524 0.153454
vt 0.406401 0.154959
vt 0.418570 0.170953
vt 0.432503 0.130104
vt 0.445823 0.142555
vt 0.433494 0.180403
vt 0.448844 0.163198
vt 0.412154 0.127150
vt 0.395815 0.139939
vt 0.325332 0.261049
vt 0.344700 0.051550
vt 0.359289 0.070966
vt 0.389947 0.045029
vt 0.374202 0.026325
vt 0.391323 0.064504
vt 0.369359 0.086828
vt 0.352694 0.023153
vt 0.330809 0.036634
vt 0.068269 0.054545
vt 0.088448 0.054365
vt 0.085147 0.033440
vt 0.068311 0.035581
vt 0.069129 0.082960
vt 0.091835 0.081384
vt 0.214759 0.239928
vt 0.170727 0.242683
vt 0.094294 0.262400
vt 0.737783 0.987757
vt 0.737708 0.780107
vt 0.274783 0.263290
vt 0.251897 0.284556
vt 0.265085 0.304716
vt 0.290410 0.280108
vt 0.230808 0.322133
vt 0.234686 0.293532
vt 0.317161 0.315098
vt 0.326877 0.296848
vt 0.247112 0.446506
vt 0.230894 0.421947
vt 0.204488 0.436013
vt 0.200804 0.450038
vt 0.202857 0.296193
vt 0.220949 0.280878
vt 0.186739 0.265822
vt 0.206200 0.254811
vt 0.152216 0.291162
vt 0.194174 0.426648
vt 0.177297 0.438725
vt 0.148125 0.271043
vt 0.109679 0.437051
vt 0.158639 0.453515
vt 0.110675 0.292890
vt 0.130164 0.279394
vt 0.048936 0.787641
vt 0.037433 0.823986
vt 0.095670 0.805101
vt 0.018334 0.795488
vt 0.001309 0.823986
vt 0.001309 0.828672
vt 0.001309 0.805245
vt 0.001309 0.793266
vt 0.072476 0.756292
vt 0.104842 0.722758
vt 0.009703 0.762035
vt 0.001309 0.770446
vt 0.001309 0.745864
vt 0.041600 0.754625
vt 0.045013 0.731461
vt 0.001309 0.728107
vt 0.001309 0.706350
vt 0.045012 0.704329
vt 0.000634 0.640415
vt 0.080537 0.664700
vt 0.172489 0.654188
vt 0.168984 0.731210
vt 0.146949 0.810560
vt 0.044855 0.876465
vt 0.134665 0.883862
vt 0.053879 0.921862
vt 0.230813 0.753236
vt 0.327296 0.709405
vt 0.289853 0.844016
vt 0.198004 0.819694
vt 0.222406 0.906637
vt 0.208321 0.985394
vt 0.032665 0.835220
vt 0.001309 0.884699
vt 0.068912 0.997425
vt 0.136690 0.961832
vt 0.001309 0.847491
vt 0.001309 0.839125
vt 0.041894 0.649915
vt 0.070649 0.583980
vt 0.103642 0.580263
vt 0.049090 0.502723
vt 0.103028 0.449168
vt 0.013527 0.576938
vt 0.001309 0.788851
vt 0.992969 0.987765
vt 0.232379 0.916718
vt 0.282941 0.969753
vt 0.311768 0.908112
vt 0.306313 0.933309
vt 0.220304 0.994415
vt 0.243005 0.989735
vt 0.222758 0.978624
vt 0.468563 0.011307
vt 0.435273 0.011298
s 1
usemtl enemy_tonnel.001
f 619/279/508 620/280/509 621/281/510
f 619/279/508 621/281/510 622/282/511
f 622/282/511 621/281/510 623/283/512
f 622/282/511 623/283/512 624/284/513
f 621/281/510 620/280/509 625/285/514
f 621/281/510 625/285/514 626/286/515
f 623/283/512 621/281/510 626/286/515
f 623/283/512 626/286/515 627/287/516
f 628/288/517 627/287/516 626/286/515
f 628/288/517 626/286/515 629/289/518
f 629/289/518 626/286/515 625/285/514
f 619/279/508 630/290/519 620/280/509
f 622/282/511 624/284/513 631/291/520
f 632/292/521 622/282/511 631/291/520
f 619/279/508 622/282/511 632/292/521
f 632/292/521 631/291/520 633/293/522
f 632/292/521 633/293/522 634/294/523
f 634/294/523 635/295/524 632/292/521
f 619/279/508 632/292/521 635/295/524
f 636/296/525 630/290/519 619/279/508
f 636/296/525 619/279/508 635/295/524
f 636/296/525 637/297/526 630/290/519
f 636/296/525 638/298/527 637/297/526
f 638/298/527 639/299/528 637/297/526
f 640/300/529 638/298/527 636/296/525
f 634/294/523 640/300/529 635/295/524
f 636/296/525 635/295/524 640/300/529
f 640/300/529 641/301/530 638/298/527
f 642/302/531 639/299/528 638/298/527
f 642/302/531 638/298/527 641/301/530
f 643/303/532 630/290/519 637/297/526
f 644/304/533 643/303/532 637/297/526
f 644/304/533 637/297/526 645/305/534
f 637/297/526 639/299/528 645/305/534
f 639/299/528 646/306/535 645/305/534
f 647/307/536 643/303/532 644/304/533
f 647/307/536 648/308/537 643/303/532
f 648/308/537 647/307/536 649/309/538
f 648/308/537 649/309/538 650/310/539
f 651/311/540 648/308/537 650/310/539
f 651/311/540 650/310/539 652/312/541
f 645/305/534 653/313/542 644/304/533
f 645/305/534 654/314/543 653/313/542
f 653/313/542 655/315/544 644/304/533
f 655/315/544 647/307/536 644/304/533
f 655/315/544 656/316/545 647/307/536
f 649/309/538 647/307/536 656/316/545
f 655/315/544 657/317/546 656/316/545
f 648/308/537 651/311/540 620/280/509
f 648/308/537 620/280/509 643/303/532
f 643/303/532 620/280/509 630/290/519
f 620/280/509 651/311/540 658/318/547
f 658/318/547 651/311/540 652/312/541
f 625/285/514 658/318/547 652/312/541
f 625/285/514 620/280/509 658/318/547
f 629/289/518 625/285/514 652/312/541
f 659/319/548 660/320/549 661/321/550
f 660/320/549 662/322/551 661/321/550
f 660/320/549 663/323/552 662/322/551
f 663/323/552 664/324/553 662/322/551
f 663/323/552 665/325/554 664/324/553
f 666/326/555 662/322/551 664/324/553
f 667/327/556 666/326/555 664/324/553
f 666/326/555 668/328/557 662/322/551
f 661/321/550 662/322/551 668/328/557
f 669/329/558 665/325/554 663/323/552
f 670/330/559 669/329/558 663/323/552
f 670/330/559 663/323/552 660/320/549
f 669/329/558 670/330/559 671/331/560
f 669/329/558 671/331/560 672/332/561
f 672/332/561 671/331/560 673/333/562
f 672/332/561 673/333/562 674/334/563
f 675/335/564 672/332/561 674/334/563
f 675/335/564 674/334/563 676/336/565
f 677/337/566 669/329/558 672/332/561
f 677/337/566 672/332/561 675/335/564
f 669/329/558 677/337/566 665/325/554
f 677/337/566 675/335/564 678/338/567
f 678/338/567 675/335/564 676/336/565
f 677/337/566 678/338/567 679/339/568
f 665/325/554 677/337/566 679/339/568
f 678/338/567 676/336/565 680/340/569
f 665/325/554 679/339/568 681/341/570
f 682/342/571 681/341/570 679/339/568
f 682/342/571 683/343/572 681/341/570
f 671/331/560 684/344/573 673/333/562
f 671/331/560 685/345/574 684/344/573
f 671/331/560 670/330/559 686/346/575
f 671/331/560 686/346/575 685/345/574
f 687/347/576 684/344/573 685/345/574
f 686/346/575 687/347/576 685/345/574
f 670/330/559 660/320/549 686/346/575
f 660/320/549 688/348/577 686/346/575
f 660/320/549 689/319/548 688/348/577
f 686/346/575 688/348/577 690/347/578
f 681/341/570 691/349/579 664/324/553
f 681/341/570 664/324/553 665/325/554
f 692/349/580 667/327/556 664/324/553
f 693/349/581 694/350/582 667/327/583
f 695/351/584 696/352/585 697/353/586
f 695/351/584 698/354/587 696/352/585
f 698/354/587 699/355/588 696/352/585
f 697/353/586 700/356/589 695/351/584
f 697/353/586 701/357/590 700/356/589
f 697/353/586 696/352/585 702/358/591
f 696/352/585 699/355/588 703/359/592
f 696/352/585 703/359/592 704/360/593
f 704/360/593 705/361/594 696/352/585
f 696/352/585 705/361/594 702/358/591
f 700/356/589 701/357/590 706/362/595
f 707/363/596 706/362/595 701/357/590
f 707/363/596 708/364/597 706/362/595
f 709/365/598 706/362/595 708/364/597
f 709/365/598 700/356/589 706/362/595
f 710/366/599 708/364/597 707/363/596
f 710/366/599 707/363/596 711/367/600
f 707/363/596 712/368/601 711/367/600
f 711/367/600 712/368/601 713/369/602
f 712/368/601 707/363/596 714/370/603
f 715/371/604 710/366/599 711/367/600
f 716/371/605 711/367/600 713/369/602
f 707/363/596 701/357/590 717/372/606
f 707/363/596 717/372/606 714/370/603
f 717/372/606 701/357/590 697/353/586
f 717/372/606 697/353/586 702/358/591
f 718/370/607 717/372/606 702/358/591
f 712/368/601 719/370/608 713/369/602
f 709/365/598 720/373/609 721/374/610
f 709/365/598 721/374/610 700/356/589
f 720/373/609 722/375/611 721/374/610
f 720/373/609 723/376/612 722/375/611
f 723/376/612 724/377/613 722/375/611
f 725/378/614 722/375/611 724/377/613
f 724/377/613 726/379/615 725/378/614
f 724/377/613 727/380/616 726/379/615
f 728/381/617 727/380/616 724/377/613
f 724/377/613 729/382/618 728/381/617
f 723/376/612 729/382/618 724/377/613
f 695/351/584 700/356/589 721/374/610
f 695/351/584 721/374/610 730/383/619
f 731/384/620 730/383/619 721/374/610
f 731/384/620 721/374/610 722/375/611
f 731/384/620 732/385/621 730/383/619
f 695/351/584 730/383/619 732/385/621
f 731/384/620 733/386/622 732/385/621
f 733/386/622 734/387/623 732/385/621
f 734/387/623 733/386/622 735/388/624
f 735/388/624 733/386/622 731/384/620
f 734/387/623 735/388/624 736/389/625
f 735/388/624 737/390/626 736/389/625
f 735/388/624 738/391/627 737/390/626
f 738/391/627 735/388/624 739/392/628
f 738/391/627 739/392/628 740/393/629
f 695/351/584 732/385/621 698/354/587
f 735/388/624 731/384/620 741/394/630
f 735/388/624 741/394/630 739/392/628
f 698/354/587 732/385/621 742/395/631
f 732/385/621 734/387/623 742/395/631
f 743/396/632 744/397/633 745/398/634
f 746/399/635 743/396/632 745/398/634
f 745/398/634 747/400/636 746/399/635
f 745/398/634 748/401/637 747/400/636
f 747/400/636 748/401/637 749/402/638
f 748/401/637 750/403/639 749/402/638
f 751/404/640 748/401/637 745/398/634
f 745/398/634 752/405/641 751/404/640
f 748/401/637 751/404/640 753/406/642
f 748/401/637 753/406/642 750/403/639
f 753/406/642 754/407/643 750/403/639
f 755/408/644 747/400/636 749/402/638
f 755/408/644 749/402/638 756/409/645
f 757/410/646 755/408/644 756/409/645
f 757/410/646 756/409/645 758/411/647
f 759/412/648 757/410/646 758/411/647
f 759/412/648 758/411/647 760/413/649
f 753/406/642 751/404/640 761/414/650
f 753/406/642 761/414/650 762/415/651
f 762/415/651 761/414/650 763/416/652
f 762/415/651 763/416/652 764/417/653
f 763/416/652 765/418/654 764/417/653
f 766/419/655 765/418/654 763/416/652
f 767/420/656 766/419/655 763/416/652
f 761/414/650 767/420/656 763/416/652
f 765/418/654 768/421/657 764/417/653
f 761/414/650 769/422/658 767/420/656
f 770/423/659 771/424/660 767/420/661
f 772/425/662 771/424/660 770/423/659
f 772/425/662 773/426/663 771/424/660
f 774/427/664 773/426/663 772/425/662
f 775/428/665 774/427/664 772/425/662
f 772/425/662 770/423/659 775/428/665
f 775/428/665 776/429/666 774/427/664
f 774/427/664 777/430/667 773/426/663
f 776/429/666 775/428/665 778/431/668
f 775/428/665 779/432/669 778/431/668
f 775/428/665 780/433/670 779/432/669
f 770/423/659 780/433/670 775/428/665
f 780/433/670 770/423/659 781/422/671
f 782/405/641 780/433/670 781/422/671
f 779/432/669 780/433/670 782/405/641
f 774/427/664 783/434/653 777/430/667
f 774/427/664 784/435/672 783/434/653
f 785/429/673 784/435/672 774/427/664
f 785/429/673 786/436/674 784/435/672
f 744/397/675 779/432/669 782/405/641
f 779/432/669 787/437/676 778/431/668
f 788/438/677 778/431/668 787/437/676
f 788/438/677 789/439/678 778/431/668
f 790/429/679 778/431/668 789/439/678
f 791/440/680 790/429/679 789/439/678
f 789/439/678 792/441/681 791/440/680
f 789/439/678 793/442/682 792/441/681
f 789/439/678 794/443/683 793/442/682
f 788/438/677 794/443/683 789/439/678
f 795/444/684 793/442/682 794/443/683
f 794/443/683 796/445/685 795/444/684
f 794/443/683 797/446/686 796/445/685
f 798/447/687 797/446/686 794/443/683
f 796/445/685 797/446/686 798/447/687
f 796/445/685 798/447/687 799/448/688
f 795/444/684 800/449/689 793/442/682
f 796/445/685 801/450/690 795/444/684
f 796/445/685 802/451/691 801/450/690
f 799/448/688 802/451/691 796/445/685
f 802/451/691 803/452/692 801/450/690
f 802/451/691 804/453/693 803/452/692
f 799/448/688 805/454/644 802/451/691
f 805/454/644 804/453/693 802/451/691
f 805/454/644 806/455/694 804/453/693
f 807/456/695 801/450/690 803/452/692
f 807/456/695 808/457/696 801/450/690
f 808/457/696 800/449/689 795/444/684
f 808/457/696 795/444/684 801/450/690
f 788/438/677 809/458/697 794/443/683
f 810/459/698 811/460/699 812/461/700
f 810/459/698 812/461/700 813/462/701
f 790/429/679 811/460/699 810/459/698
f 790/429/679 791/440/680 811/460/699
f 811/460/699 814/463/702 812/461/700
f 811/460/699 815/464/703 814/463/702
f 791/440/680 815/464/703 811/460/699
f 791/440/680 792/441/681 815/464/703
f 810/459/698 813/462/701 816/465/704
f 810/459/698 816/465/704 817/466/705
f 818/429/673 810/459/698 817/466/705
f 818/429/673 817/466/705 819/436/706
f 820/422/707 770/423/708 821/420/709
f 751/404/640 752/405/641 769/422/671
f 751/404/640 822/422/658 761/414/650
f 823/467/710 824/468/704 825/469/711
f 823/467/710 825/469/711 826/470/712
f 827/471/713 824/468/704 823/467/710
f 827/471/713 828/472/714 824/468/704
f 753/406/642 828/472/714 827/471/713
f 754/407/643 753/406/642 827/471/713
f 744/397/633 829/405/641 745/398/634
f 779/432/669 830/473/715 787/437/676
f 831/397/716 830/473/715 779/432/669
f 831/397/716 832/474/717 830/473/715
f 833/475/718 832/474/717 831/397/716
f 833/475/718 831/397/716 743/396/719
f 834/476/720 835/319/548 661/321/550
f 834/476/720 661/321/550 836/477/573
f 836/477/573 661/321/550 668/328/557
f 837/478/721 838/479/722 839/480/723
f 837/478/721 839/480/723 840/481/724
f 838/479/722 841/482/725 839/480/723
f 838/479/722 842/483/726 841/482/725
f 839/480/723 843/484/727 840/481/724
f 840/481/724 843/484/727 844/485/728
f 839/480/723 845/486/729 843/484/727
f 839/480/723 841/482/725 846/487/730
f 839/480/723 846/487/730 845/486/729
f 847/488/731 845/486/729 846/487/730
f 841/482/725 847/488/731 846/487/730
f 847/488/731 848/489/732 845/486/729
f 841/482/725 849/490/733 847/488/731
f 850/483/734 849/490/733 841/482/725
f 850/483/734 851/491/735 849/490/733
f 851/491/735 852/492/736 849/490/733
f 851/491/735 853/493/737 852/492/736
f 852/492/736 854/494/738 849/490/733
f 849/490/733 855/495/739 847/488/731
f 855/495/739 849/490/733 856/496/740
f 847/488/731 855/495/739 856/496/740
f 847/488/731 856/496/740 848/489/732
f 849/490/733 854/494/738 856/496/740
f 852/492/741 857/497/742 858/494/743
f 859/498/744 860/499/732 861/496/745
f 862/500/746 859/498/744 861/496/745
f 862/500/746 861/496/745 863/494/738
f 864/501/742 862/500/746 863/494/738
f 865/502/747 866/503/748 867/504/749
f 865/502/747 868/505/750 866/503/748
f 868/505/750 869/506/751 866/503/748
f 870/507/752 866/503/748 869/506/751
f 869/506/751 868/505/750 871/508/753
f 871/508/753 868/505/750 872/509/754
f 867/504/749 873/510/755 865/502/747
f 867/504/749 874/511/756 873/510/755
f 868/505/750 865/502/747 875/512/757
f 876/513/758 868/505/750 875/512/757
f 876/513/758 875/512/757 877/514/759
f 865/502/747 878/515/760 875/512/757
f 865/502/747 873/510/755 878/515/760
f 879/516/761 877/514/759 875/512/757
f 875/512/757 878/515/760 879/516/761
f 878/515/760 873/510/755 879/516/761
f 873/510/755 874/511/756 879/516/761
f 877/514/759 879/516/761 880/517/762
f 880/517/762 879/516/761 881/518/763
f 879/516/761 882/519/764 881/518/763
f 874/511/756 882/519/764 879/516/761
f 881/518/763 882/519/764 883/520/765
f 884/521/766 882/519/764 874/511/756
f 884/521/766 874/511/756 885/522/767
f 874/511/756 886/523/768 885/522/767
f 867/504/749 886/523/768 874/511/756
f 867/504/749 887/524/769 886/523/768
f 888/525/770 887/524/769 867/504/749
f 888/525/770 889/526/771 887/524/769
f 888/525/770 890/527/772 889/526/771
f 886/523/768 891/528/773 885/522/767
f 887/524/769 891/528/773 886/523/768
f 892/529/774 885/522/767 891/528/773
f 892/529/774 891/528/773 893/530/775
f 893/530/775 891/528/773 894/531/776
f 889/526/771 894/531/776 887/524/769
f 887/524/769 894/531/776 891/528/773
f 893/530/775 894/531/776 895/532/777
f 889/526/771 896/532/778 894/531/776
f 897/533/779 896/532/778 889/526/771
f 888/525/770 867/504/749 898/534/780
f 899/535/781 888/525/770 898/534/780
f 888/525/770 899/535/781 900/527/782
f 900/527/783 901/536/784 889/526/785
f 901/536/784 902/537/786 889/526/785
f 903/538/787 899/535/781 898/534/780
f 904/539/788 903/538/787 898/534/780
f 905/537/789 906/533/790 889/526/791
f 907/526/792 908/531/793 896/532/794
f 907/526/792 909/524/795 908/531/793
f 910/525/796 909/524/795 907/526/792
f 910/525/796 907/526/792 911/527/797
f 910/525/796 912/504/798 909/524/795
f 912/504/798 913/523/799 909/524/795
f 912/504/798 914/511/800 913/523/799
f 912/504/798 915/510/801 914/511/800
f 912/504/798 916/502/802 915/510/801
f 916/502/802 912/504/798 917/503/803
f 916/502/802 917/503/803 918/505/804
f 918/505/804 917/503/803 919/506/805
f 920/507/806 919/506/805 917/503/803
f 919/506/805 921/508/807 918/505/804
f 921/508/807 922/509/808 918/505/804
f 918/505/804 923/512/809 916/502/802
f 924/513/810 923/512/809 918/505/804
f 924/513/810 925/514/811 923/512/809
f 916/502/802 923/512/809 926/515/812
f 916/502/802 926/515/812 915/510/801
f 927/516/813 923/512/809 925/514/811
f 923/512/809 927/516/813 926/515/812
f 926/515/812 927/516/813 915/510/801
f 915/510/801 927/516/813 914/511/800
f 925/514/811 928/517/762 927/516/813
f 928/517/762 929/518/763 927/516/813
f 927/516/813 929/518/763 930/519/814
f 914/511/800 927/516/813 930/519/814
f 931/521/815 914/511/800 930/519/814
f 931/521/815 932/522/816 914/511/800
f 914/511/800 932/522/816 913/523/799
f 913/523/799 932/522/816 933/528/817
f 934/529/818 933/528/817 932/522/816
f 934/529/818 935/530/819 933/528/817
f 935/530/819 908/531/793 933/528/817
f 935/530/819 936/532/820 908/531/793
f 909/524/795 913/523/799 933/528/817
f 909/524/795 933/528/817 908/531/793
f 931/521/815 930/519/814 937/540/821
f 937/540/821 938/541/822 931/521/815
f 931/521/815 938/541/822 939/542/823
f 939/542/823 938/541/822 940/543/824
f 940/543/824 941/544/825 939/542/823
f 937/540/821 930/519/814 942/520/765
f 938/541/822 937/540/821 942/520/765
f 929/518/763 942/520/765 930/519/814
f 938/541/822 942/520/765 943/545/826
f 944/543/827 938/541/822 943/545/826
f 945/543/824 946/542/828 941/544/818
f 946/542/828 945/543/824 947/541/829
f 884/521/766 946/542/828 947/541/829
f 948/540/830 884/521/766 947/541/829
f 884/521/766 948/540/830 882/519/764
f 948/540/830 883/520/765 882/519/764
f 947/541/829 883/520/765 948/540/830
f 947/541/829 949/545/831 883/520/765
f 950/543/832 949/545/831 947/541/829
f 951/509/833 868/505/750 952/546/834
f 868/505/750 953/513/835 952/546/834
f 951/509/833 952/546/834 918/505/836
f 918/505/836 952/546/834 953/513/835
f 954/347/576 955/547/837 684/344/573
f 956/548/838 957/549/839 958/550/840
f 957/549/839 959/551/841 958/550/840
f 960/552/842 961/553/843 962/554/844
f 961/553/843 963/549/845 962/554/844
f 964/548/846 962/554/844 963/549/845
f 965/555/847 966/556/848 639/299/528
f 642/302/531 965/555/847 639/299/528
f 966/556/848 646/306/535 639/299/528
f 967/279/849 968/282/850 969/281/851
f 967/279/849 969/281/851 970/280/852
f 968/282/850 971/283/853 969/281/851
f 968/282/850 972/284/854 971/283/853
f 969/281/851 973/285/855 970/280/852
f 969/281/851 974/286/856 973/285/855
f 971/283/853 974/286/856 969/281/851
f 971/283/853 975/287/857 974/286/856
f 976/288/858 974/286/856 975/287/857
f 976/288/858 977/289/859 974/286/856
f 977/289/859 973/285/855 974/286/856
f 967/279/849 970/280/852 978/290/860
f 968/282/850 979/291/861 972/284/854
f 980/292/862 979/291/861 968/282/850
f 967/279/849 980/292/862 968/282/850
f 980/292/862 981/293/858 979/291/861
f 980/292/862 982/294/863 981/293/858
f 982/294/863 980/292/862 983/295/864
f 967/279/849 983/295/864 980/292/862
f 984/296/865 983/295/864 967/279/849
f 984/296/865 967/279/849 978/290/860
f 984/296/865 978/290/860 985/297/866
f 984/296/865 985/297/866 986/298/867
f 986/298/867 985/297/866 987/299/868
f 988/300/869 984/296/865 986/298/867
f 982/294/863 983/295/864 988/300/869
f 984/296/865 988/300/869 983/295/864
f 988/300/869 986/298/867 989/301/870
f 990/302/871 986/298/867 987/299/868
f 990/302/871 989/301/870 986/298/867
f 991/303/872 985/297/866 978/290/860
f 992/304/873 985/297/866 991/303/872
f 992/304/873 993/305/874 985/297/866
f 985/297/866 993/305/874 987/299/868
f 987/299/868 993/305/874 994/306/875
f 995/307/876 992/304/873 991/303/872
f 995/307/876 991/303/872 996/308/877
f 996/308/877 997/309/878 995/307/876
f 996/308/877 998/310/879 997/309/878
f 999/311/880 998/310/879 996/308/877
f 999/311/880 1000/312/881 998/310/879
f 993/305/874 992/304/873 1001/313/882
f 993/305/874 1001/313/882 1002/314/883
f 1001/313/882 992/304/873 1003/315/884
f 1003/315/884 992/304/873 995/307/876
f 1003/315/884 995/307/876 1004/316/885
f 997/309/878 1004/316/885 995/307/876
f 1003/315/884 1004/316/885 1005/317/886
f 996/308/877 970/280/852 999/311/880
f 996/308/877 991/303/872 970/280/852
f 991/303/872 978/290/860 970/280/852
f 970/280/852 1006/318/887 999/311/880
f 1006/318/887 1000/312/881 999/311/880
f 973/285/855 1000/312/881 1006/318/887
f 973/285/855 1006/318/887 970/280/852
f 977/289/859 1000/312/881 973/285/855
f 1007/319/888 1008/321/889 1009/320/890
f 1009/320/890 1008/321/889 1010/322/891
f 1009/320/890 1010/322/891 1011/323/892
f 1011/323/892 1010/322/891 1012/324/893
f 1011/323/892 1012/324/893 1013/325/894
f 1014/326/895 1012/324/893 1010/322/891
f 1015/327/896 1012/324/893 1014/326/895
f 1014/326/895 1010/322/891 1016/328/897
f 1008/321/889 1016/328/897 1010/322/891
f 1017/329/898 1011/323/892 1013/325/894
f 1018/330/899 1011/323/892 1017/329/898
f 1018/330/899 1009/320/890 1011/323/892
f 1017/329/898 1019/331/900 1018/330/899
f 1017/329/898 1020/332/901 1019/331/900
f 1020/332/901 1021/333/902 1019/331/900
f 1020/332/901 1022/334/903 1021/333/902
f 1023/335/904 1022/334/903 1020/332/901
f 1023/335/904 1024/336/905 1022/334/903
f 1025/337/906 1023/335/904 1020/332/901
f 1025/337/906 1020/332/901 1017/329/898
f 1017/329/898 1013/325/894 1025/337/906
f 1025/337/906 1026/338/907 1023/335/904
f 1026/338/907 1024/336/905 1023/335/904
f 1025/337/906 1027/339/908 1026/338/907
f 1013/325/894 1027/339/908 1025/337/906
f 1026/338/907 1028/340/909 1024/336/905
f 1013/325/894 1029/341/910 1027/339/908
f 1019/331/900 1021/333/902 1030/344/911
f 1019/331/900 1030/344/911 1031/345/912
f 1019/331/900 1032/346/913 1018/330/899
f 1019/331/900 1031/345/912 1032/346/913
f 1033/347/914 1031/345/912 1030/344/911
f 1032/346/913 1031/345/912 1033/347/914
f 1018/330/899 1032/346/913 1009/320/890
f 1009/320/890 1032/346/913 1034/348/915
f 1009/320/890 1034/348/915 1035/319/916
f 1032/346/913 1036/347/914 1034/348/915
f 1037/342/917 1027/339/918 1038/341/919
f 1037/342/917 1038/341/919 1039/343/920
f 1029/341/910 1012/324/893 1040/349/921
f 1029/341/910 1013/325/894 1012/324/893
f 1041/349/922 1012/324/893 1015/327/896
f 1042/349/923 1015/327/924 1043/350/925
f 1044/351/926 1045/353/927 1046/352/928
f 1044/351/926 1046/352/928 1047/354/929
f 1047/354/929 1046/352/928 1048/355/930
f 1045/353/927 1044/351/926 1049/356/931
f 1045/353/927 1049/356/931 1050/357/932
f 1046/352/928 1045/353/927 1051/358/933
f 1046/352/928 1051/358/933 1052/361/934
f 1053/360/935 1046/352/928 1052/361/934
f 1046/352/928 1054/359/936 1048/355/930
f 1046/352/928 1053/360/935 1054/359/936
f 1055/372/937 1051/358/933 1045/353/927
f 1055/372/937 1045/353/927 1050/357/932
f 1056/370/938 1051/358/933 1055/372/937
f 1057/363/939 1055/372/937 1050/357/932
f 1055/372/937 1057/363/939 1058/370/940
f 1057/363/939 1050/357/932 1059/362/941
f 1049/356/931 1059/362/941 1050/357/932
f 1057/363/939 1059/362/941 1060/364/597
f 1061/365/942 1060/364/597 1059/362/941
f 1061/365/942 1059/362/941 1049/356/931
f 1062/366/943 1057/363/939 1060/364/597
f 1062/366/943 1063/367/944 1057/363/939
f 1057/363/939 1063/367/944 1064/368/945
f 1057/363/939 1064/368/945 1058/370/940
f 1064/368/945 1063/367/944 1065/369/946
f 1066/370/947 1064/368/945 1065/369/946
f 1067/371/604 1063/367/944 1062/366/943
f 1068/371/948 1065/369/946 1063/367/944
f 1061/365/942 1049/356/931 1069/374/949
f 1061/365/942 1069/374/949 1070/373/950
f 1070/373/950 1069/374/949 1071/375/951
f 1070/373/950 1071/375/951 1072/376/952
f 1072/376/952 1071/375/951 1073/377/953
f 1074/378/954 1073/377/953 1071/375/951
f 1073/377/953 1074/378/954 1075/379/955
f 1073/377/953 1075/379/955 1076/380/956
f 1077/381/957 1073/377/953 1076/380/956
f 1073/377/953 1077/381/957 1078/382/958
f 1072/376/952 1073/377/953 1078/382/958
f 1044/351/926 1069/374/949 1049/356/931
f 1044/351/926 1079/383/959 1069/374/949
f 1080/384/960 1071/375/951 1069/374/949
f 1080/384/960 1069/374/949 1079/383/959
f 1080/384/960 1079/383/959 1081/385/961
f 1044/351/926 1081/385/961 1079/383/959
f 1080/384/960 1081/385/961 1082/386/962
f 1082/386/962 1081/385/961 1083/387/963
f 1083/387/963 1084/388/964 1082/386/962
f 1084/388/964 1080/384/960 1082/386/962
f 1083/387/963 1085/389/965 1084/388/964
f 1084/388/964 1085/389/965 1086/390/966
f 1084/388/964 1086/390/966 1087/391/967
f 1087/391/967 1088/392/968 1084/388/964
f 1087/391/967 1089/393/969 1088/392/968
f 1044/351/926 1047/354/929 1081/385/961
f 1084/388/964 1090/394/970 1080/384/960
f 1084/388/964 1088/392/968 1090/394/970
f 1047/354/929 1091/395/971 1081/385/961
f 1081/385/961 1091/395/971 1083/387/963
f 1092/396/972 1093/398/973 1094/397/974
f 1095/399/975 1093/398/973 1092/396/972
f 1093/398/973 1095/399/975 1096/400/976
f 1093/398/973 1096/400/976 1097/401/977
f 1096/400/976 1098/402/978 1097/401/977
f 1097/401/977 1098/402/978 1099/403/979
f 1100/404/980 1093/398/973 1097/401/977
f 1093/398/973 1100/404/980 1101/405/981
f 1097/401/977 1102/406/982 1100/404/980
f 1097/401/977 1099/403/979 1102/406/982
f 1102/406/982 1099/403/979 1103/407/983
f 1104/408/984 1098/402/978 1096/400/976
f 1104/408/984 1105/409/985 1098/402/978
f 1106/410/986 1105/409/985 1104/408/984
f 1106/410/986 1107/411/987 1105/409/985
f 1108/412/988 1107/411/987 1106/410/986
f 1108/412/988 1109/413/989 1107/411/987
f 1102/406/982 1110/414/990 1100/404/980
f 1102/406/982 1111/415/991 1110/414/990
f 1111/415/991 1112/416/992 1110/414/990
f 1111/415/991 1113/417/993 1112/416/992
f 1112/416/992 1113/417/993 1114/418/994
f 1115/419/995 1112/416/992 1114/418/994
f 1116/420/996 1112/416/992 1115/419/995
f 1110/414/990 1112/416/992 1116/420/996
f 1114/418/994 1113/417/993 1117/421/997
f 1110/414/990 1116/420/996 1118/422/998
f 1119/423/999 1116/420/1000 1120/424/1001
f 1121/425/1002 1119/423/999 1120/424/1001
f 1121/425/1002 1120/424/1001 1122/426/1003
f 1123/427/1004 1121/425/1002 1122/426/1003
f 1124/428/1005 1121/425/1002 1123/427/1004
f 1121/425/1002 1124/428/1005 1119/423/999
f 1124/428/1005 1123/427/1004 1125/429/1006
f 1123/427/1004 1122/426/1003 1126/430/1007
f 1125/429/1006 1127/431/1008 1124/428/1005
f 1124/428/1005 1127/431/1008 1128/432/1009
f 1124/428/1005 1128/432/1009 1129/433/1010
f 1119/423/999 1124/428/1005 1129/433/1010
f 1129/433/1010 1130/422/1011 1119/423/999
f 1131/405/1012 1130/422/1011 1129/433/1010
f 1128/432/1009 1131/405/1012 1129/433/1010
f 1123/427/1004 1126/430/1007 1132/434/1013
f 1123/427/1004 1132/434/1013 1133/435/1014
f 1134/429/1006 1123/427/1004 1133/435/1014
f 1134/429/1006 1133/435/1014 1135/436/1015
f 1094/397/1016 1131/405/1012 1128/432/1009
f 1128/432/1009 1127/431/1008 1136/437/1017
f 1137/438/1018 1136/437/1017 1127/431/1008
f 1137/438/1018 1127/431/1008 1138/439/1019
f 1139/429/1006 1138/439/1019 1127/431/1008
f 1140/440/1020 1138/439/1019 1139/429/1006
f 1138/439/1019 1140/440/1020 1141/441/983
f 1138/439/1019 1141/441/983 1142/442/1021
f 1138/439/1019 1142/442/1021 1143/443/1022
f 1137/438/1018 1138/439/1019 1143/443/1022
f 1144/444/1023 1143/443/1022 1142/442/1021
f 1143/443/1022 1144/444/1023 1145/445/1024
f 1143/443/1022 1145/445/1024 1146/446/1025
f 1147/447/1026 1143/443/1022 1146/446/1025
f 1145/445/1024 1147/447/1026 1146/446/1025
f 1145/445/1024 1148/448/1027 1147/447/1026
f 1144/444/1023 1142/442/1021 1149/449/1028
f 1145/445/1024 1144/444/1023 1150/450/1029
f 1145/445/1024 1150/450/1029 1151/451/1030
f 1148/448/1027 1145/445/1024 1151/451/1030
f 1151/451/1030 1150/450/1029 1152/452/1031
f 1151/451/1030 1152/452/1031 1153/453/1032
f 1148/448/1027 1151/451/1030 1154/454/1033
f 1154/454/1033 1151/451/1030 1153/453/1032
f 1154/454/1033 1153/453/1032 1155/455/1034
f 1156/456/1035 1152/452/1031 1150/450/1029
f 1156/456/1035 1150/450/1029 1157/457/1036
f 1157/457/1036 1150/450/1029 1144/444/1023
f 1157/457/1036 1144/444/1023 1149/449/1028
f 1137/438/1018 1143/443/1022 1158/458/1037
f 1159/459/1038 1160/461/1039 1161/460/1040
f 1159/459/1038 1162/462/1041 1160/461/1039
f 1139/429/1006 1159/459/1038 1161/460/1040
f 1139/429/1006 1161/460/1040 1140/440/1020
f 1161/460/1040 1160/461/1039 1163/463/1042
f 1161/460/1040 1163/463/1042 1164/464/1043
f 1140/440/1020 1161/460/1040 1164/464/1043
f 1140/440/1020 1164/464/1043 1141/441/983
f 1159/459/1038 1165/465/1044 1162/462/1041
f 1159/459/1038 1166/466/1045 1165/465/1044
f 1167/429/1006 1166/466/1045 1159/459/1038
f 1167/429/1006 1168/436/1046 1166/466/1045
f 1169/422/1047 1170/420/1048 1119/423/1049
f 1100/404/980 1118/422/1050 1101/405/981
f 1100/404/980 1110/414/990 1171/422/1051
f 1172/467/1052 1173/469/1053 1174/468/1054
f 1172/467/1052 1175/470/1055 1173/469/1053
f 1176/471/1056 1172/467/1052 1174/468/1054
f 1176/471/1056 1174/468/1054 1177/472/1057
f 1102/406/982 1176/471/1056 1177/472/1057
f 1103/407/983 1176/471/1056 1102/406/982
f 1094/397/974 1093/398/973 1178/405/981
f 1094/397/1016 1128/432/1009 1179/473/1058
f 1128/432/1009 1136/437/1017 1179/473/1058
f 1180/397/1059 1179/473/1060 1181/474/1061
f 1182/475/1062 1180/397/1059 1181/474/1061
f 1182/475/1062 1092/396/1063 1180/397/1059
f 1183/476/1064 1008/321/889 1184/319/916
f 1183/476/1064 1185/477/1065 1008/321/889
f 1185/477/1065 1016/328/897 1008/321/889
f 1186/478/1066 1187/481/1067 1188/480/1068
f 1186/478/1066 1188/480/1068 1189/479/1069
f 1189/479/1069 1188/480/1068 1190/482/1070
f 1189/479/1069 1190/482/1070 1191/483/1071
f 1188/480/1068 1187/481/1067 1192/484/1072
f 1187/481/1067 1193/485/1073 1192/484/1072
f 1188/480/1068 1192/484/1072 1194/486/1074
f 1188/480/1068 1195/487/1075 1190/482/1070
f 1188/480/1068 1194/486/1074 1195/487/1075
f 1196/488/1076 1195/487/1075 1194/486/1074
f 1190/482/1070 1195/487/1075 1196/488/1076
f 1196/488/1076 1194/486/1074 1197/489/1077
f 1190/482/1070 1196/488/1076 1198/490/1078
f 1199/483/1079 1190/482/1070 1198/490/1078
f 1199/483/1079 1198/490/1078 1200/491/1080
f 1200/491/1080 1198/490/1078 1201/492/1081
f 1200/491/1080 1201/492/1081 1202/493/1082
f 1201/492/1081 1198/490/1078 1203/494/1083
f 1198/490/1078 1196/488/1076 1204/495/1084
f 1204/495/1084 1205/496/1085 1198/490/1078
f 1196/488/1076 1205/496/1085 1204/495/1084
f 1196/488/1076 1197/489/1077 1205/496/1085
f 1198/490/1078 1205/496/1085 1203/494/1083
f 1201/492/1086 1206/494/1087 1207/497/1088
f 1208/498/1089 1209/496/1090 1210/499/1091
f 1211/500/1092 1209/496/1090 1208/498/1089
f 1211/500/1092 1212/494/1093 1209/496/1090
f 1213/501/1088 1212/494/1093 1211/500/1092
f 910/525/796 1214/527/782 1215/535/1094
f 1215/535/1094 1216/534/1095 910/525/796
f 1217/538/1096 1216/534/1095 1215/535/1094
f 1218/539/1097 1216/534/1095 1217/538/1096
f 910/525/796 1216/534/1095 912/504/798
f 1214/527/1098 907/526/1099 1219/536/1100
f 1219/536/1100 907/526/1099 1220/537/1101
f 1221/537/1102 907/526/1103 1222/533/1104
f 1223/533/1105 907/526/792 896/532/794
f 1224/347/1106 1030/344/1065 1225/547/1064
f 1226/548/1107 1227/550/1108 1228/549/1109
f 1228/549/1109 1227/550/1108 1229/551/1110
f 1230/552/1111 1231/554/1112 1232/553/1113
f 1232/553/1113 1231/554/1112 1233/549/1114
f 1234/548/1115 1233/549/1114 1231/554/1112
f 1235/555/1116 987/299/868 1236/556/1117
f 990/302/871 987/299/868 1235/555/1116
f 1236/556/1117 987/299/868 994/306/875
