# Blender 5.1.2
# www.blender.org
mtllib monstro0009.mtl
o Object_33
v 4.565014 -132.905014 81.523972
v 4.338254 -132.559113 81.425369
v 6.325670 -132.440353 81.552483
v 6.325670 -132.918106 81.552483
v 7.102668 -132.467285 81.580780
v 7.102668 -132.936066 81.580780
v 4.604606 -132.289001 81.881615
v 5.673593 -132.345871 81.938492
v 7.098910 -132.480667 81.850616
v 7.098910 -132.718765 81.968033
v 5.673593 -132.678268 82.065178
v 4.188889 -132.890106 81.536995
v 7.098910 -132.925232 81.850616
v 5.354472 -133.015778 81.832832
v 7.098910 -132.718765 81.968033
v 5.673593 -132.678268 82.065178
v 4.604605 -132.949631 81.941986
v 4.228481 -132.949234 81.966881
v 2.392396 -133.100464 81.685524
v 3.052271 -133.067551 82.195854
v 1.939022 -133.067551 82.412827
v 4.416542 -132.597885 82.148407
v 3.241556 -132.678268 82.294983
v 2.372585 -132.678268 82.496277
v 2.392396 -132.244522 81.606728
v 1.900582 -132.319397 81.549591
v 1.900582 -133.096832 81.549591
v 1.605497 -133.076324 82.409904
v 1.939022 -132.346130 82.464088
v 3.052271 -132.289001 82.107231
v 2.372585 -132.678268 82.496277
v 3.241556 -132.678268 82.294983
v 4.151087 -132.272736 81.893082
v 4.416542 -132.597885 82.148407
v 1.633513 -132.371201 81.323006
v 1.526906 -133.167282 81.323006
v 1.605497 -132.325760 82.426895
v 1.942397 -132.678268 82.536102
v 1.607806 -132.678268 82.516968
v 4.379998 -132.272202 81.886894
v 0.619154 -132.449768 68.875793
v 0.414365 -132.308167 71.593933
v 0.935154 -132.266754 71.382149
v 0.993650 -132.513153 73.058838
v 0.487022 -132.523544 72.977684
v 0.994998 -132.511032 73.598366
v 0.464458 -132.539154 73.509979
v 1.172612 -133.127411 73.350433
v 1.172613 -133.171326 73.623421
v 1.172612 -133.095306 73.087509
v 0.308060 -133.138672 73.254631
v 0.308060 -133.095306 72.949013
v 0.740336 -133.327408 73.018265
v 0.740336 -133.369629 73.285431
v 1.172612 -133.095306 73.087509
v 1.172612 -133.127411 73.350433
v 0.740337 -133.412094 73.554169
v 1.172613 -133.171326 73.623421
v 0.308061 -133.171326 73.484924
v 0.830301 -133.629517 76.088402
v 0.306055 -133.237137 76.277496
v 1.230235 -133.237137 76.416039
v 0.334208 -132.405548 76.120567
v 0.012404 -133.560760 76.376801
v 0.012404 -132.527084 76.250900
v 1.165215 -132.951279 71.227577
v 0.715179 -133.245193 71.333466
v 0.333095 -132.951279 71.439354
v 0.619154 -133.154327 68.875793
v 0.372845 -132.879669 68.875793
v 0.619154 -132.449768 68.875793
v 0.619154 -133.154327 68.875793
v 1.294992 -132.310837 76.166573
v 1.294992 -132.310837 76.166573
v 1.294992 -132.310837 76.166573
v 1.230235 -133.237137 76.416039
v 0.968926 -133.528076 78.856369
v 0.846803 -133.735321 77.065964
v 1.250908 -133.261337 77.246635
v 0.012404 -134.118225 78.877609
v 0.012404 -133.861694 76.941177
v 1.115779 -132.679794 78.887535
v 1.245259 -132.425232 77.246635
v 1.230235 -133.237137 76.416039
v 0.012404 -133.560760 76.376801
v 0.306055 -133.237137 76.277496
v 0.830301 -133.629517 76.088402
v 0.760325 -132.216232 77.589539
v 0.831511 -132.105301 77.072639
v 0.012404 -132.278580 77.794662
v 0.012404 -132.310715 78.877609
v 0.012404 -132.254700 76.695053
v 0.193570 -132.208344 76.437347
v 0.899084 -132.132019 76.541748
v 0.334208 -132.405548 76.120567
v 1.294992 -132.310837 76.166573
v 0.012404 -132.527084 76.250900
v 0.012404 -132.527084 76.250900
v 1.280284 -132.421356 77.007362
v 1.294992 -132.310837 76.166573
v 1.294992 -132.310837 76.166573
v 0.012404 -132.197815 79.766899
v 1.178962 -132.571777 79.716705
v 1.633513 -132.371201 81.323006
v 0.012404 -131.796722 81.336067
v 0.966596 -132.178238 82.548309
v 1.605497 -132.325760 82.426895
v 1.607806 -132.678268 82.516968
v 0.957743 -132.678268 82.564018
v 0.467534 -132.733658 82.711540
v 0.012404 -132.288986 82.641838
v 1.050097 -133.475220 79.716705
v 1.526906 -133.167282 81.323006
v 0.542687 -133.922379 79.783081
v 0.871952 -133.728806 81.226639
v 0.012404 -133.906128 81.418457
v 0.966596 -133.067551 82.416367
v 0.012404 -133.111694 82.547127
v 0.467534 -132.733658 82.711540
v 0.957743 -132.678268 82.564018
v 1.605497 -133.076324 82.409904
v 1.607806 -132.678268 82.516968
v 1.900582 -133.096832 81.549591
v 0.012404 -134.090424 79.786514
v 7.304121 -132.976486 81.539520
v 7.304121 -132.432266 81.539520
v 7.452557 -132.662125 81.548004
v 7.471015 -132.844849 81.398323
v 7.696621 -132.936188 81.390800
v 7.722791 -132.771652 81.550415
v 7.814222 -132.987167 81.503250
v 7.732298 -133.018936 81.643456
v 7.998094 -132.651062 81.764587
v 7.924614 -132.317245 81.640755
v 8.008974 -132.868790 81.784622
v 8.016235 -133.040833 81.797997
v 7.952839 -132.976318 81.351234
v 7.976388 -133.031403 81.470039
v 8.094219 -132.966843 81.358345
v 8.104343 -133.019913 81.451134
v 8.187252 -133.033829 81.308746
v 8.197563 -133.087860 81.403229
v 8.153023 -132.647873 81.636078
v 8.201752 -132.844437 81.635910
v 8.200872 -132.660660 81.448280
v 8.219378 -132.841660 81.454140
v 8.336580 -132.645706 81.376869
v 8.252338 -132.421677 81.386719
v 8.151924 -132.412354 81.434792
v 8.352680 -132.813370 81.379700
v 8.087557 -132.318771 81.625534
v 8.194149 -132.314926 81.691910
v 8.252338 -132.421677 81.386719
v 8.348555 -132.648483 81.680092
v 8.336580 -132.645706 81.376869
v 8.341963 -132.848007 81.679138
v 8.046482 -132.672836 81.948761
v 8.044224 -132.872360 81.942497
v 8.352680 -132.813370 81.379700
v 7.304121 -132.709824 81.981804
v 7.304121 -132.432266 81.840729
v 7.963366 -132.302612 81.818100
v 8.087557 -132.318771 81.625534
v 7.924614 -132.317245 81.640755
v 8.219378 -132.841660 81.454140
v 8.201752 -132.844437 81.635910
v 8.044224 -132.872360 81.942497
v 8.008974 -132.868790 81.784622
v 7.098910 -132.718765 81.968033
v 7.098910 -132.925232 81.850616
v 7.304121 -132.976486 81.828369
v 8.044224 -132.872360 81.942497
v 8.042400 -133.033569 81.937431
v 8.016235 -133.040833 81.797997
v 7.732298 -133.018936 81.643456
v 7.304121 -132.976486 81.539520
v 7.704122 -133.117828 81.460487
v 7.670760 -133.044693 81.334610
v 7.422751 -132.983292 81.389915
v 7.471015 -132.844849 81.398323
v 7.696621 -132.936188 81.390800
v 7.814222 -132.987167 81.503250
v 7.961060 -133.152039 81.418671
v 7.930259 -133.077530 81.288940
v 8.197563 -133.087860 81.403229
v 8.187252 -133.033829 81.308746
v 7.952839 -132.976318 81.351234
v 8.094219 -132.966843 81.358345
v 8.104343 -133.019913 81.451134
v 7.976388 -133.031403 81.470039
v 7.102668 -132.936066 81.580780
v 8.393637 -132.844879 81.783943
v 8.388773 -133.006104 81.781639
v 8.486700 -132.989838 81.489441
v 8.490694 -132.861145 81.487854
v 8.346937 -133.003601 81.520737
v 8.271900 -133.013351 81.701218
v 8.335295 -132.851074 81.527557
v 8.257322 -132.841324 81.696854
v 8.044224 -132.872360 81.942497
v 8.008974 -132.868790 81.784622
v 8.087557 -132.318771 81.625534
v 8.151924 -132.412354 81.434792
v 8.087557 -132.318771 81.625534
v 8.346937 -133.003601 81.520737
v 8.335295 -132.851074 81.527557
v 8.490694 -132.861145 81.487854
v 8.486700 -132.989838 81.489441
v 8.271900 -133.013351 81.701218
v 8.257322 -132.841324 81.696854
v 7.924614 -132.317245 81.640755
v 7.098910 -132.480667 81.850616
v 7.304121 -132.432266 81.539520
v 7.102668 -132.467285 81.580780
v 7.102668 -132.936066 81.580780
v 0.881024 -132.879669 68.875793
v 0.619154 -132.449768 68.875793
v 1.165215 -132.951279 71.227577
v 0.619154 -132.449768 68.875793
v 0.881024 -132.879669 68.875793
v 0.881024 -132.879669 68.505905
v 0.619154 -132.449768 68.505905
v 0.619154 -133.228241 68.523651
v 0.619154 -133.154327 68.875793
v 0.905084 -132.523376 67.862648
v 0.619154 -132.354263 67.868217
v 1.063068 -134.537628 67.862648
v 0.780535 -134.328842 68.173485
v 0.426572 -134.625900 68.047722
v 0.394534 -134.811234 67.910217
v 0.357284 -132.879669 68.505905
v 0.619154 -133.154327 68.875793
v 0.372845 -132.879669 68.875793
v 0.619154 -132.449768 68.505905
v 0.619154 -132.449768 68.875793
v 0.336893 -132.543274 67.862648
v 0.265768 -134.507355 68.073181
v 0.130052 -134.634689 67.862648
v 0.619154 -132.354263 67.868217
v 0.336893 -132.543274 67.862648
v 1.063068 -134.537628 67.862648
v 0.394534 -134.811234 67.910217
v 0.130052 -134.634689 67.862648
v 0.905084 -132.523376 67.862648
v 0.336893 -132.543274 67.862648
v 0.619154 -132.354263 67.868217
v 0.405199 -133.561996 83.966873
v 0.310331 -133.536453 83.667122
v 0.704464 -133.208313 83.822868
v 0.152816 -133.639984 83.902161
v 0.012404 -133.697296 83.667122
v 0.012404 -133.636566 83.628479
v 0.012404 -133.675201 83.821686
v 0.012404 -133.802536 83.920486
v 0.599341 -133.406342 84.225418
v 0.780101 -133.212219 84.501984
v 0.081631 -133.638153 84.178062
v 0.012404 -133.712006 84.108688
v 0.012404 -133.653183 84.311424
v 0.344696 -133.614853 84.239166
v 0.372842 -133.648376 84.430214
v 0.012404 -133.688522 84.457870
v 0.012404 -133.677429 84.637306
v 0.372842 -133.629730 84.653969
v 0.012404 -133.404358 85.181091
v 0.644279 -133.357361 84.980812
v 0.668668 -132.680145 85.130341
v 0.829423 -132.693283 84.495117
v 0.676726 -132.778183 83.826881
v 0.350000 -133.358963 83.234306
v 0.458957 -132.767426 83.215637
v 0.012404 -133.099030 83.176239
v 0.674152 -132.173843 84.400513
v 0.012404 -131.828552 84.815338
v 0.012404 -131.939865 83.860649
v 0.644992 -132.369202 83.821320
v 0.012404 -132.351837 83.319336
v 0.012404 -132.351837 83.319336
v 0.012404 -132.288986 82.641838
v 0.271007 -133.516525 83.574463
v 0.012404 -133.580765 83.166397
v 0.012404 -133.099030 83.176239
v 0.012404 -133.111694 82.547127
v 0.467534 -132.733658 82.711540
v 0.012404 -133.640717 83.473259
v 0.012404 -133.613129 83.542259
v 0.467534 -132.733658 82.711540
v 0.012404 -132.288986 82.641838
v -0.434149 -132.767426 83.215637
v -0.620183 -132.369202 83.821320
v -0.651917 -132.778183 83.826881
v -0.325192 -133.358963 83.234306
v 0.012404 -133.099030 83.176239
v -0.679655 -133.208313 83.822868
v -0.804614 -132.693283 84.495117
v -0.755293 -133.212219 84.501984
v -0.574532 -133.406342 84.225418
v -0.380390 -133.561996 83.966873
v -0.285523 -133.536453 83.667122
v -0.128008 -133.639984 83.902161
v 0.012404 -133.697296 83.667122
v 0.012404 -133.636566 83.628479
v 0.012404 -133.675201 83.821686
v 0.012404 -133.802536 83.920486
v -0.056822 -133.638153 84.178062
v 0.012404 -133.712006 84.108688
v 0.012404 -133.653183 84.311424
v -0.319888 -133.614853 84.239166
v -0.348034 -133.648376 84.430214
v 0.012404 -133.688522 84.457870
v 0.012404 -133.677429 84.637306
v -0.348034 -133.629730 84.653969
v -0.619471 -133.357361 84.980812
v -0.643859 -132.680145 85.130341
v -0.649343 -132.173843 84.400513
v 0.012404 -131.828552 84.815338
v 0.012404 -131.939865 83.860649
v 0.012404 -132.351837 83.319336
v -0.322313 -133.379333 85.102745
v -0.459236 -132.805405 85.302948
v -0.643859 -132.680145 85.130341
v 0.012404 -132.245300 85.295799
v 0.012404 -131.828552 84.815338
v 0.012404 -133.404358 85.181091
v 0.012404 -132.919510 85.405190
v 0.012404 -132.245300 85.295799
v 0.012404 -132.245300 85.295799
v 0.668668 -132.680145 85.130341
v 0.484045 -132.805405 85.302948
v 0.347122 -133.379333 85.102745
v 0.012404 -132.919510 85.405190
v 0.012404 -132.245300 85.295799
v 0.012404 -133.802536 83.920486
v 0.012404 -133.805237 83.956894
v 0.012404 -133.712006 84.108688
v 0.619154 -133.154327 68.875793
v 0.881024 -132.879669 68.875793
v 0.012404 -132.676636 83.603111
v 0.704464 -133.208313 83.822868
v 0.012404 -133.636566 83.628479
v 0.310331 -133.536453 83.667122
v 0.012404 -133.613129 83.542259
v 0.271007 -133.516525 83.574463
v 0.012404 -133.422791 83.322845
v 0.704464 -133.208313 83.822868
v 0.012404 -132.676636 83.603111
v 1.942397 -132.678268 82.536102
v 1.607806 -132.678268 82.516968
v -4.540206 -132.904984 81.523941
v -6.300860 -132.918076 81.552452
v -6.300860 -132.440323 81.552452
v -4.313445 -132.559067 81.425354
v -7.077860 -132.467255 81.580750
v -7.077861 -132.936035 81.580750
v -4.579795 -132.288956 81.881599
v -5.648786 -132.345840 81.938461
v -7.074100 -132.480637 81.850586
v -7.074100 -132.718735 81.968002
v -5.648786 -132.678238 82.065147
v -4.164080 -132.890076 81.536972
v -7.074100 -132.925201 81.850586
v -5.329665 -133.015747 81.832802
v -7.074100 -132.718735 81.968002
v -5.648786 -132.678238 82.065147
v -4.579799 -132.949600 81.941956
v -4.203672 -132.949203 81.966858
v -2.367586 -133.100433 81.685501
v -3.027462 -133.067520 82.195831
v -1.914213 -133.067520 82.412804
v -4.391735 -132.597839 82.148392
v -3.216747 -132.678238 82.294952
v -2.347774 -132.678238 82.496254
v -2.367586 -132.244492 81.606705
v -1.875772 -132.319366 81.549568
v -1.875772 -133.096802 81.549568
v -1.580689 -133.076309 82.409889
v -1.914213 -132.346100 82.464066
v -3.027462 -132.288971 82.107208
v -2.347774 -132.678238 82.496254
v -3.216747 -132.678238 82.294952
v -4.126278 -132.272705 81.893059
v -4.391735 -132.597839 82.148392
v -1.608704 -132.371185 81.322998
v -1.502098 -133.167267 81.322998
v -1.580689 -132.325745 82.426880
v -1.917587 -132.678238 82.536079
v -1.582998 -132.678253 82.516953
v -4.355187 -132.272156 81.886879
v -0.594346 -132.449753 68.875793
v -0.910346 -132.266739 71.382149
v -0.389556 -132.308151 71.593925
v -0.968841 -132.513138 73.058838
v -0.462213 -132.523529 72.977684
v -0.970189 -132.511002 73.598358
v -0.439649 -132.539124 73.509972
v -1.147803 -133.127396 73.350426
v -1.147804 -133.171295 73.623413
v -1.147803 -133.095291 73.087509
v -0.283251 -133.138657 73.254623
v -0.283252 -133.095291 72.949013
v -0.715527 -133.327393 73.018265
v -0.715527 -133.369614 73.285423
v -1.147803 -133.095291 73.087509
v -1.147803 -133.127396 73.350426
v -0.715528 -133.412064 73.554161
v -1.147804 -133.171295 73.623413
v -0.283251 -133.171295 73.484917
v -0.805492 -133.629486 76.088394
v -0.281246 -133.237106 76.277489
v -1.205426 -133.237106 76.416031
v -0.309400 -132.405533 76.120560
v -1.140407 -132.951263 71.227577
v -0.690371 -133.245178 71.333466
v -0.308287 -132.951263 71.439354
v -0.594346 -133.154312 68.875793
v -0.348036 -132.879654 68.875793
v -0.594346 -132.449753 68.875793
v -0.594346 -133.154312 68.875793
v 0.012404 -133.560760 76.376801
v -0.309400 -132.405533 76.120560
v 0.012404 -132.527084 76.250900
v -1.270182 -132.393051 76.156235
v -1.270182 -132.393051 76.156235
v -1.270182 -132.393051 76.156235
v -1.205426 -133.237106 76.416031
v -0.944117 -133.528076 78.856369
v -1.226099 -133.261337 77.246635
v -0.821995 -133.735321 77.065964
v 0.012404 -134.118225 78.877609
v 0.012404 -133.861694 76.941177
v -1.090970 -132.679794 78.887535
v -1.220450 -132.425232 77.246635
v -1.205426 -133.237106 76.416031
v -0.805492 -133.629486 76.088394
v -0.281246 -133.237106 76.277489
v 0.012404 -133.560760 76.376801
v -1.259399 -132.421356 77.014854
v -1.270182 -132.393051 76.156235
v -0.806702 -132.105301 77.072639
v -1.270182 -132.393051 76.156235
v -0.735517 -132.216232 77.589539
v 0.012404 -132.278580 77.794662
v 0.012404 -132.310715 78.877609
v 0.012404 -132.254700 76.695053
v -0.168761 -132.208344 76.437347
v -0.874276 -132.132019 76.541748
v -0.309400 -132.405533 76.120560
v -1.270182 -132.393051 76.156235
v 0.012404 -132.527084 76.250900
v 0.012404 -132.527084 76.250900
v -1.154153 -132.571777 79.716705
v 0.012404 -132.197815 79.766899
v -1.608704 -132.371185 81.322998
v 0.012404 -131.796722 81.336067
v -0.941788 -132.178223 82.548302
v -1.580689 -132.325745 82.426880
v -1.582998 -132.678253 82.516953
v -0.932935 -132.678253 82.564003
v -0.442726 -132.733658 82.711540
v 0.012404 -132.288986 82.641838
v -1.025290 -133.475220 79.716705
v -1.502098 -133.167267 81.322998
v -0.517879 -133.922379 79.783081
v -0.847144 -133.728790 81.226631
v 0.012404 -133.906128 81.418457
v -0.941788 -133.067535 82.416359
v 0.012404 -133.111694 82.547127
v -0.442726 -132.733658 82.711540
v -0.932935 -132.678253 82.564003
v -1.580689 -133.076309 82.409889
v -1.582998 -132.678253 82.516953
v -1.875772 -133.096802 81.549568
v 0.012404 -134.090424 79.786514
v -7.279314 -132.976471 81.539482
v -7.427750 -132.662109 81.547966
v -7.279313 -132.432251 81.539482
v -7.446208 -132.844833 81.398285
v -7.671814 -132.936172 81.390762
v -7.697984 -132.771637 81.550377
v -7.789415 -132.987152 81.503204
v -7.707491 -133.018921 81.643417
v -7.973287 -132.651047 81.764542
v -7.899807 -132.317230 81.640717
v -7.984167 -132.868774 81.784584
v -7.991427 -133.040817 81.797958
v -7.928032 -132.976303 81.351196
v -7.951581 -133.031387 81.470001
v -8.069410 -132.966827 81.358307
v -8.079535 -133.019897 81.451096
v -8.162444 -133.033813 81.308708
v -8.172755 -133.087845 81.403191
v -8.128216 -132.647858 81.636040
v -8.176944 -132.844421 81.635872
v -8.176064 -132.660645 81.448242
v -8.194570 -132.841644 81.454102
v -8.311772 -132.645691 81.376831
v -8.227530 -132.421661 81.386681
v -8.127116 -132.412338 81.434753
v -8.327873 -132.813354 81.379662
v -8.062750 -132.318756 81.625496
v -8.169342 -132.314911 81.691872
v -8.227530 -132.421661 81.386681
v -8.323747 -132.648468 81.680054
v -8.311772 -132.645691 81.376831
v -8.317156 -132.847992 81.679100
v -8.021675 -132.672821 81.948723
v -8.019417 -132.872345 81.942459
v -8.327873 -132.813354 81.379662
v -7.279314 -132.709808 81.981766
v -7.279313 -132.432251 81.840691
v -7.938558 -132.302597 81.818062
v -8.062750 -132.318756 81.625496
v -7.899807 -132.317230 81.640717
v -8.194570 -132.841644 81.454102
v -8.176944 -132.844421 81.635872
v -8.019417 -132.872345 81.942459
v -7.984167 -132.868774 81.784584
v -7.074100 -132.718735 81.968002
v -7.074100 -132.925201 81.850586
v -7.279314 -132.976471 81.828331
v -8.019417 -132.872345 81.942459
v -8.017591 -133.033554 81.937393
v -7.991427 -133.040817 81.797958
v -7.707491 -133.018921 81.643417
v -7.279314 -132.976471 81.539482
v -7.679315 -133.117813 81.460449
v -7.645953 -133.044678 81.334572
v -7.397944 -132.983276 81.389877
v -7.446208 -132.844833 81.398285
v -7.671814 -132.936172 81.390762
v -7.789415 -132.987152 81.503204
v -7.936253 -133.152023 81.418633
v -7.905452 -133.077515 81.288902
v -8.172755 -133.087845 81.403191
v -8.162444 -133.033813 81.308708
v -7.928032 -132.976303 81.351196
v -8.069410 -132.966827 81.358307
v -8.079535 -133.019897 81.451096
v -7.951581 -133.031387 81.470001
v -7.077861 -132.936035 81.580750
v -8.368830 -132.844864 81.783905
v -8.461892 -132.989822 81.489403
v -8.363965 -133.006088 81.781601
v -8.465886 -132.861130 81.487816
v -8.322128 -133.003586 81.520699
v -8.247092 -133.013336 81.701180
v -8.310487 -132.851059 81.527512
v -8.232514 -132.841309 81.696815
v -8.019417 -132.872345 81.942459
v -7.984167 -132.868774 81.784584
v -8.062750 -132.318756 81.625496
v -8.127116 -132.412338 81.434753
v -8.062750 -132.318756 81.625496
v -8.322128 -133.003586 81.520699
v -8.465886 -132.861130 81.487816
v -8.310487 -132.851059 81.527512
v -8.461892 -132.989822 81.489403
v -8.247092 -133.013336 81.701180
v -8.232514 -132.841309 81.696815
v -7.899807 -132.317230 81.640717
v -7.074100 -132.480637 81.850586
v -7.279313 -132.432251 81.539482
v -7.077860 -132.467255 81.580750
v -7.077861 -132.936035 81.580750
v -0.856215 -132.879654 68.875793
v -0.594346 -132.449753 68.875793
v -1.140407 -132.951263 71.227577
v -0.594346 -132.449753 68.875793
v -0.594346 -132.449753 68.505898
v -0.856215 -132.879654 68.505898
v -0.856215 -132.879654 68.875793
v -0.594346 -133.228226 68.523643
v -0.594346 -133.154312 68.875793
v -0.880275 -132.523361 67.862640
v -0.594346 -132.354248 67.868210
v -1.038260 -134.537613 67.862640
v -0.755726 -134.328827 68.173477
v -0.401764 -134.625885 68.047714
v -0.369725 -134.811218 67.910210
v -0.332474 -132.879654 68.505898
v -0.594346 -133.154312 68.875793
v -0.348036 -132.879654 68.875793
v -0.594346 -132.449753 68.505898
v -0.594346 -132.449753 68.875793
v -0.312085 -132.543259 67.862640
v -0.240959 -134.507339 68.073174
v -0.105244 -134.634674 67.862640
v -0.312085 -132.543259 67.862640
v -0.594346 -132.354248 67.868210
v -1.038260 -134.537613 67.862640
v -0.105244 -134.634674 67.862640
v -0.369725 -134.811218 67.910210
v -0.880275 -132.523361 67.862640
v -0.312085 -132.543259 67.862640
v -0.594346 -132.354248 67.868210
v 0.012404 -133.099030 83.176239
v 0.012404 -133.580765 83.166397
v -0.246199 -133.516525 83.574463
v 0.012404 -133.640717 83.473259
v 0.012404 -133.613129 83.542259
v 0.012404 -133.111694 82.547127
v -0.442726 -132.733658 82.711540
v -0.442726 -132.733658 82.711540
v 0.012404 -132.288986 82.641838
v 0.012404 -132.288986 82.641838
v -0.594346 -133.154312 68.875793
v -0.856215 -132.879654 68.875793
v 0.012404 -132.676636 83.603111
v 0.012404 -133.636566 83.628479
v -0.679655 -133.208313 83.822868
v -0.285523 -133.536453 83.667122
v 0.012404 -133.613129 83.542259
v 0.012404 -133.422791 83.322845
v -0.246199 -133.516525 83.574463
v -0.679655 -133.208313 83.822868
v 0.012404 -132.676636 83.603111
v -1.917587 -132.678238 82.536079
v -1.582998 -132.678253 82.516953
vn -0.0207 -0.7165 -0.6973
vn -0.0255 0.4064 -0.9133
vn 0.0683 0.6544 -0.7530
vn 0.0512 -0.6648 -0.7453
vn -0.1115 0.7019 -0.7035
vn -0.1555 -0.7151 -0.6815
vn 0.0472 0.9698 0.2394
vn 0.0518 0.9233 0.3806
vn -0.0312 0.8305 0.5561
vn -0.0001 -0.0580 0.9983
vn 0.0606 -0.0828 0.9947
vn -0.0238 -0.7149 -0.6988
vn -0.0640 -0.8396 0.5394
vn 0.0233 -0.9588 0.2831
vn -0.0001 -0.0581 0.9983
vn -0.0115 -0.8846 0.4663
vn 0.1045 -0.8851 0.4535
vn 0.0490 -0.7943 -0.6056
vn 0.1574 -0.8370 0.5241
vn 0.0418 -0.7795 0.6250
vn 0.0899 0.0816 0.9926
vn 0.1888 0.0760 0.9791
vn 0.2012 0.0172 0.9794
vn 0.0137 0.7476 -0.6640
vn 0.1449 0.7695 -0.6219
vn 0.3050 -0.7575 -0.5772
vn 0.0124 -0.7983 0.6022
vn 0.0300 0.7354 0.6770
vn 0.1404 0.8973 0.4186
vn 0.2012 0.0173 0.9794
vn 0.1889 0.0761 0.9791
vn -0.0079 0.9899 0.1419
vn 0.6213 0.6579 -0.4257
vn 0.7451 -0.6489 -0.1545
vn 0.1109 0.7805 0.6153
vn 0.0129 -0.0413 0.9991
vn 0.0187 -0.0621 0.9979
vn 0.0393 0.9860 0.1620
vn -0.0206 0.9945 -0.1031
vn -0.6581 0.7515 0.0467
vn 0.5405 0.8413 -0.0098
vn 0.5989 0.7992 0.0513
vn -0.6142 0.7848 0.0826
vn 0.5776 0.8144 -0.0562
vn -0.6432 0.7654 -0.0186
vn 0.9292 -0.3643 -0.0629
vn 0.9067 -0.4114 -0.0934
vn 0.9319 -0.3599 -0.0451
vn -0.9159 -0.3950 -0.0722
vn -0.9221 -0.3855 -0.0344
vn 0.0129 -0.9934 -0.1143
vn 0.0202 -0.9888 -0.1481
vn 0.9292 -0.3642 -0.0629
vn 0.0090 -0.9930 -0.1175
vn 0.9067 -0.4113 -0.0933
vn -0.9071 -0.4178 -0.0508
vn 0.0748 -0.9950 -0.0661
vn -0.5270 -0.5581 -0.6409
vn 0.9194 -0.3915 -0.0375
vn -0.5005 0.6828 -0.5322
vn -0.0000 -0.6392 -0.7690
vn -0.0000 0.2789 -0.9603
vn 0.9489 -0.3090 -0.0648
vn -0.0413 -0.9983 -0.0408
vn -0.9262 -0.3765 -0.0197
vn -0.0250 -0.9996 0.0114
vn -0.9950 -0.0997 -0.0033
vn -0.0249 -0.9996 0.0115
vn 0.7460 0.6550 -0.1201
vn 0.7460 0.6551 -0.1201
vn 0.9194 -0.3914 -0.0375
vn 0.8248 -0.5653 0.0116
vn 0.4632 -0.8745 -0.1438
vn 0.9380 -0.3454 0.0288
vn -0.0000 -0.9994 -0.0357
vn -0.0000 -0.9489 -0.3156
vn 0.8721 0.4870 0.0470
vn 0.8568 0.4909 0.1581
vn 0.2500 0.9487 0.1934
vn 0.2160 0.9709 0.1033
vn -0.0000 0.9986 0.0535
vn -0.0000 0.9997 0.0243
vn -0.0000 0.9962 -0.0874
vn -0.3488 0.8709 -0.3462
vn 0.1281 0.9719 -0.1977
vn -0.5004 0.6826 -0.5326
vn -0.0000 0.2788 -0.9604
vn 0.9046 0.4169 0.0894
vn -0.0000 0.9822 -0.1880
vn 0.8165 0.5309 -0.2269
vn 0.6213 0.6579 -0.4256
vn 0.0001 0.9997 -0.0245
vn 0.2083 0.7123 0.6703
vn 0.0188 -0.0621 0.9979
vn 0.2018 -0.1235 0.9716
vn 0.5848 -0.1700 0.7931
vn -0.0000 0.8650 0.5019
vn 0.8616 -0.4983 -0.0966
vn 0.7450 -0.6489 -0.1545
vn 0.4752 -0.8799 -0.0013
vn 0.4556 -0.8692 0.1920
vn 0.0001 -0.9450 0.3271
vn 0.1917 -0.6954 0.6926
vn -0.0000 -0.8719 0.4896
vn 0.5848 -0.1699 0.7932
vn 0.2018 -0.1236 0.9716
vn 0.0124 -0.7983 0.6021
vn 0.0187 -0.0622 0.9979
vn 0.3049 -0.7575 -0.5773
vn -0.0000 -0.9975 0.0711
vn -0.4408 -0.7146 -0.5433
vn -0.1428 0.6660 -0.7322
vn 0.0664 0.2244 -0.9722
vn -0.2909 0.4654 -0.8359
vn 0.2663 0.6342 -0.7258
vn 0.5293 0.4611 -0.7122
vn 0.7577 0.2611 0.5981
vn 0.3919 -0.9200 -0.0021
vn -0.0710 -0.1191 -0.9903
vn 0.0048 0.6478 -0.7618
vn 0.0565 -0.1729 -0.9833
vn 0.0364 -0.8601 -0.5089
vn 0.0372 0.9298 -0.3662
vn 0.1574 0.3023 0.9401
vn 0.2300 0.9586 -0.1679
vn 0.3412 0.3901 0.8552
vn 0.7614 0.1076 -0.6393
vn 0.8707 -0.4075 0.2752
vn -0.8262 -0.1853 -0.5320
vn -0.4532 -0.8363 -0.3085
vn -0.7808 -0.1605 -0.6038
vn -0.5755 -0.6788 -0.4561
vn 0.5409 0.1107 -0.8338
vn 0.3291 0.5226 -0.7865
vn -0.6583 0.4081 -0.6326
vn 0.5062 -0.4561 -0.7319
vn -0.2582 0.7436 -0.6168
vn 0.5537 0.7935 0.2526
vn -0.6583 0.4080 -0.6326
vn 0.9119 0.1643 0.3761
vn 0.7131 -0.6401 0.2860
vn 0.3472 0.1581 0.9244
vn 0.2479 -0.0155 0.9687
vn -0.0382 -0.0074 0.9992
vn -0.1313 0.8359 0.5330
vn 0.0834 0.8229 0.5620
vn -0.2582 0.7435 -0.6168
vn -0.5756 -0.6787 -0.4561
vn -0.1428 0.6659 -0.7322
vn -0.0002 -0.0580 0.9983
vn -0.1279 -0.8683 0.4793
vn 0.2478 -0.0155 0.9687
vn 0.1066 -0.6639 0.7402
vn 0.3918 -0.9201 -0.0020
vn -0.4408 -0.7146 -0.5432
vn -0.0846 -0.9894 0.1179
vn -0.2199 -0.3368 -0.9156
vn -0.5528 -0.4068 -0.7272
vn 0.2663 0.6342 -0.7259
vn 0.7577 0.2611 0.5980
vn 0.0964 -0.9590 0.2667
vn -0.0475 -0.2948 -0.9544
vn 0.8707 -0.4075 0.2753
vn 0.2299 0.9586 -0.1678
vn 0.3413 0.3901 0.8552
vn 0.1573 0.3024 0.9401
vn -0.1555 -0.7151 -0.6816
vn 0.5824 0.6226 0.5227
vn 0.5984 -0.6225 0.5044
vn 0.6294 -0.5263 -0.5717
vn 0.6350 0.5145 -0.5763
vn -0.4564 -0.6399 -0.6182
vn -0.3260 -0.8379 -0.4377
vn -0.5050 0.6148 -0.6058
vn -0.4123 0.8067 -0.4234
vn 0.0565 -0.1728 -0.9833
vn -0.2581 0.7436 -0.6168
vn 0.5537 0.7935 0.2525
vn -0.6582 0.4080 -0.6326
vn -0.2581 0.7435 -0.6169
vn 0.6350 0.5144 -0.5763
vn 0.6295 -0.5263 -0.5717
vn -0.4122 0.8067 -0.4235
vn 0.0048 0.6479 -0.7617
vn -0.1115 0.7019 -0.7034
vn -0.4407 -0.7146 -0.5432
vn 0.9936 -0.0970 -0.0580
vn -0.0205 0.9945 -0.1031
vn 0.9488 -0.3090 -0.0648
vn 0.9707 0.0618 0.2320
vn -0.0073 0.9718 0.2357
vn -0.0146 -0.5522 0.8336
vn -0.0250 -0.9996 0.0115
vn 0.7029 0.4519 -0.5492
vn -0.0227 0.8451 -0.5341
vn 0.7602 -0.5759 -0.3009
vn 0.3118 -0.3877 0.8675
vn -0.0509 -0.5387 0.8410
vn -0.1106 -0.9868 -0.1181
vn -0.9677 0.0694 0.2422
vn -0.0249 -0.9996 0.0114
vn -0.7060 0.4350 -0.5589
vn -0.4635 -0.3405 0.8181
vn -0.7877 -0.5043 -0.3540
vn -0.0226 0.8451 -0.5342
vn 0.7602 -0.5758 -0.3009
vn -0.7876 -0.5043 -0.3540
vn 0.5204 -0.8431 -0.1356
vn 0.3902 -0.3321 -0.8588
vn 0.8660 -0.3393 -0.3673
vn 0.4696 -0.8810 -0.0579
vn 0.0001 -0.9060 -0.4233
vn -0.0000 -0.2956 -0.9553
vn -0.0000 -0.9721 -0.2347
vn -0.0001 -0.9207 -0.3902
vn 0.7290 -0.6804 -0.0754
vn 0.9295 -0.3665 0.0422
vn 0.3696 -0.9278 0.0501
vn -0.0001 -0.9486 0.3164
vn -0.0000 -0.9958 -0.0920
vn 0.3630 -0.9175 -0.1626
vn 0.4282 -0.9022 -0.0520
vn -0.0000 -0.9968 -0.0794
vn -0.0000 -0.9670 0.2547
vn 0.3939 -0.8925 0.2199
vn -0.0000 -0.6636 0.7481
vn 0.7030 -0.5379 0.4653
vn 0.7993 0.2380 0.5517
vn 0.9929 0.1153 0.0301
vn 0.9537 0.0578 -0.2953
vn 0.6052 -0.4003 -0.6881
vn 0.9124 0.1030 -0.3960
vn -0.0000 -0.5389 -0.8424
vn 0.7735 0.6333 0.0229
vn -0.0000 0.9397 0.3419
vn -0.0000 0.9230 -0.3848
vn 0.8148 0.4648 -0.3465
vn -0.0000 0.9164 -0.4002
vn -0.0000 0.8650 0.5018
vn 0.0980 -0.6530 0.7510
vn -0.0000 -0.6883 -0.7254
vn -0.0000 -0.8719 0.4897
vn 0.9125 0.1029 -0.3960
vn 0.5849 -0.1700 0.7931
vn -0.0000 -0.9995 0.0322
vn -0.0000 -0.3630 0.9318
vn 0.5849 -0.1699 0.7931
vn -0.0000 0.8649 0.5019
vn 0.9124 0.1029 -0.3961
vn -0.9124 0.1030 -0.3960
vn -0.8148 0.4648 -0.3465
vn -0.0000 0.9164 -0.4003
vn -0.9537 0.0578 -0.2953
vn -0.6052 -0.4003 -0.6881
vn -0.8660 -0.3393 -0.3673
vn -0.9929 0.1153 0.0301
vn -0.9295 -0.3665 0.0422
vn -0.7290 -0.6804 -0.0754
vn -0.5204 -0.8431 -0.1356
vn -0.3901 -0.3321 -0.8588
vn -0.4696 -0.8810 -0.0579
vn -0.0001 -0.9060 -0.4233
vn 0.0001 -0.9208 -0.3901
vn -0.3696 -0.9278 0.0501
vn -0.0000 -0.9486 0.3164
vn -0.0000 -0.9958 -0.0921
vn -0.3630 -0.9175 -0.1626
vn -0.4282 -0.9022 -0.0520
vn -0.3939 -0.8925 0.2199
vn -0.7030 -0.5379 0.4653
vn -0.7994 0.2380 0.5517
vn -0.7735 0.6333 0.0229
vn -0.0000 0.9230 -0.3849
vn -0.2775 -0.6404 0.7162
vn -0.4654 -0.0145 0.8850
vn -0.7993 0.2380 0.5518
vn -0.0000 0.5765 0.8171
vn -0.0000 -0.1608 0.9870
vn -0.0000 0.5766 0.8171
vn 0.7993 0.2380 0.5518
vn -0.0001 0.9397 0.3419
vn 0.4654 -0.0144 0.8850
vn 0.2775 -0.6404 0.7162
vn -0.0000 -0.1609 0.9870
vn -0.0000 -0.9208 -0.3901
vn -0.0000 -0.9693 0.2460
vn -0.4696 -0.8810 -0.0580
vn 0.9936 -0.0970 -0.0581
vn -0.0000 -0.9997 -0.0252
vn 0.8660 -0.3392 -0.3673
vn 0.3902 -0.3322 -0.8587
vn 0.0001 -0.3630 0.9318
vn 0.0980 -0.6529 0.7510
vn -0.0000 0.2087 0.9780
vn 0.8660 -0.3393 -0.3674
vn -0.0001 -0.9997 -0.0253
vn 0.0129 -0.0414 0.9991
vn 0.0206 -0.7165 -0.6973
vn -0.0512 -0.6648 -0.7453
vn -0.0684 0.6545 -0.7530
vn 0.0255 0.4064 -0.9133
vn 0.1115 0.7020 -0.7034
vn 0.1554 -0.7151 -0.6815
vn -0.0472 0.9698 0.2394
vn -0.0518 0.9233 0.3806
vn 0.0312 0.8305 0.5561
vn 0.0001 -0.0580 0.9983
vn -0.0606 -0.0828 0.9947
vn 0.0238 -0.7149 -0.6988
vn 0.0640 -0.8396 0.5394
vn -0.0233 -0.9588 0.2831
vn 0.0002 -0.0581 0.9983
vn 0.0115 -0.8846 0.4663
vn -0.1045 -0.8851 0.4535
vn -0.0490 -0.7943 -0.6056
vn -0.1574 -0.8370 0.5241
vn -0.0418 -0.7795 0.6250
vn -0.0899 0.0816 0.9926
vn -0.1888 0.0761 0.9791
vn -0.2012 0.0172 0.9794
vn -0.0138 0.7477 -0.6639
vn -0.1449 0.7695 -0.6219
vn -0.3050 -0.7575 -0.5772
vn -0.0124 -0.7983 0.6021
vn -0.0300 0.7354 0.6770
vn -0.1404 0.8972 0.4186
vn -0.1889 0.0761 0.9790
vn 0.0079 0.9899 0.1419
vn -0.6213 0.6579 -0.4257
vn -0.7450 -0.6489 -0.1545
vn -0.1108 0.7805 0.6153
vn -0.0129 -0.0413 0.9991
vn -0.0187 -0.0621 0.9979
vn -0.0393 0.9860 0.1620
vn 0.0206 0.9945 -0.1031
vn -0.5405 0.8413 -0.0098
vn 0.6581 0.7515 0.0467
vn -0.5989 0.7992 0.0513
vn 0.6142 0.7848 0.0826
vn -0.5787 0.8139 -0.0515
vn 0.6432 0.7654 -0.0186
vn -0.9292 -0.3642 -0.0629
vn -0.9073 -0.4103 -0.0921
vn -0.9319 -0.3600 -0.0451
vn 0.9158 -0.3950 -0.0722
vn 0.9221 -0.3855 -0.0343
vn -0.0129 -0.9934 -0.1143
vn -0.0202 -0.9888 -0.1481
vn -0.9319 -0.3599 -0.0452
vn -0.0090 -0.9930 -0.1174
vn -0.9073 -0.4103 -0.0920
vn 0.9071 -0.4178 -0.0508
vn -0.0791 -0.9950 -0.0610
vn 0.5270 -0.5581 -0.6409
vn -0.9190 -0.3927 -0.0351
vn 0.4751 0.6905 -0.5455
vn -0.9489 -0.3090 -0.0648
vn 0.0413 -0.9983 -0.0408
vn 0.9262 -0.3765 -0.0197
vn 0.0250 -0.9996 0.0114
vn 0.9950 -0.0997 -0.0033
vn 0.0249 -0.9996 0.0114
vn -0.0000 -0.6392 -0.7691
vn -0.7847 0.6061 -0.1301
vn -0.9073 -0.4102 -0.0921
vn -0.9190 -0.3926 -0.0351
vn -0.8248 -0.5653 0.0116
vn -0.9359 -0.3513 0.0240
vn -0.4613 -0.8752 -0.1456
vn -0.8721 0.4870 0.0470
vn -0.8543 0.4923 0.1670
vn -0.0790 -0.9950 -0.0610
vn -0.8987 0.4321 0.0746
vn -0.2246 0.9701 0.0923
vn -0.7846 0.6061 -0.1301
vn -0.2500 0.9487 0.1934
vn 0.3489 0.8709 -0.3462
vn -0.2186 0.9527 -0.2111
vn 0.4750 0.6905 -0.5455
vn -0.7847 0.6060 -0.1302
vn -0.0000 0.2788 -0.9603
vn -0.8165 0.5309 -0.2268
vn -0.0000 0.9997 -0.0245
vn -0.2083 0.7123 0.6703
vn -0.1109 0.7805 0.6153
vn -0.2018 -0.1235 0.9716
vn -0.5848 -0.1700 0.7931
vn -0.8616 -0.4983 -0.0966
vn -0.7450 -0.6489 -0.1544
vn -0.4749 -0.8800 -0.0010
vn -0.4559 -0.8691 0.1918
vn -0.0001 -0.9450 0.3271
vn -0.1916 -0.6954 0.6926
vn -0.5849 -0.1699 0.7931
vn -0.2018 -0.1236 0.9716
vn -0.0188 -0.0622 0.9979
vn -0.3050 -0.7575 -0.5773
vn 0.4407 -0.7146 -0.5433
vn -0.0664 0.2244 -0.9722
vn 0.1427 0.6660 -0.7322
vn 0.2909 0.4655 -0.8359
vn -0.2663 0.6342 -0.7258
vn -0.5293 0.4611 -0.7122
vn -0.7577 0.2611 0.5981
vn -0.3918 -0.9200 -0.0020
vn 0.0710 -0.1191 -0.9903
vn -0.0048 0.6478 -0.7618
vn -0.0565 -0.1729 -0.9833
vn -0.0364 -0.8601 -0.5089
vn -0.0373 0.9298 -0.3662
vn -0.1574 0.3024 0.9401
vn -0.2299 0.9586 -0.1678
vn -0.3412 0.3901 0.8552
vn -0.7614 0.1076 -0.6393
vn -0.8707 -0.4075 0.2752
vn 0.8262 -0.1853 -0.5320
vn 0.4532 -0.8363 -0.3085
vn 0.7808 -0.1605 -0.6038
vn 0.5755 -0.6788 -0.4562
vn -0.5409 0.1107 -0.8338
vn -0.3291 0.5226 -0.7865
vn 0.6582 0.4081 -0.6327
vn -0.5062 -0.4561 -0.7320
vn 0.2582 0.7436 -0.6168
vn -0.5537 0.7935 0.2525
vn 0.6582 0.4080 -0.6326
vn -0.9119 0.1643 0.3761
vn -0.7131 -0.6401 0.2860
vn -0.3472 0.1581 0.9244
vn -0.2479 -0.0155 0.9687
vn 0.0382 -0.0074 0.9992
vn 0.1312 0.8359 0.5330
vn -0.0834 0.8229 0.5620
vn 0.2581 0.7436 -0.6169
vn 0.5756 -0.6787 -0.4562
vn -0.2478 -0.0155 0.9687
vn 0.1427 0.6659 -0.7322
vn 0.1279 -0.8683 0.4793
vn -0.1066 -0.6639 0.7401
vn -0.3918 -0.9201 -0.0020
vn 0.4408 -0.7146 -0.5432
vn 0.0847 -0.9894 0.1179
vn 0.2199 -0.3368 -0.9156
vn 0.5528 -0.4068 -0.7272
vn 0.2909 0.4654 -0.8359
vn -0.2663 0.6342 -0.7259
vn -0.7577 0.2612 0.5981
vn -0.0963 -0.9590 0.2667
vn 0.0475 -0.2948 -0.9544
vn -0.8707 -0.4076 0.2752
vn -0.2300 0.9586 -0.1678
vn -0.3412 0.3902 0.8552
vn -0.1573 0.3024 0.9401
vn 0.1555 -0.7151 -0.6816
vn -0.5823 0.6226 0.5228
vn -0.6295 -0.5263 -0.5717
vn -0.5983 -0.6225 0.5044
vn -0.6350 0.5145 -0.5763
vn 0.4564 -0.6399 -0.6183
vn 0.3261 -0.8379 -0.4377
vn 0.5051 0.6148 -0.6057
vn 0.4123 0.8067 -0.4235
vn 0.2581 0.7436 -0.6168
vn 0.6582 0.4081 -0.6326
vn -0.5537 0.7935 0.2526
vn 0.4564 -0.6399 -0.6182
vn -0.6294 -0.5263 -0.5717
vn 0.4123 0.8067 -0.4234
vn -0.0048 0.6479 -0.7617
vn 0.0313 0.8305 0.5561
vn 0.1428 0.6659 -0.7322
vn 0.1116 0.7020 -0.7034
vn 0.1555 -0.7151 -0.6815
vn -0.9936 -0.0970 -0.0581
vn 0.0205 0.9945 -0.1031
vn -0.9488 -0.3090 -0.0648
vn 0.0073 0.9718 0.2356
vn -0.9707 0.0618 0.2321
vn -0.9936 -0.0970 -0.0580
vn 0.0146 -0.5522 0.8336
vn -0.7029 0.4519 -0.5493
vn 0.0226 0.8451 -0.5342
vn -0.7602 -0.5759 -0.3009
vn -0.3118 -0.3877 0.8675
vn 0.0509 -0.5386 0.8410
vn 0.1106 -0.9868 -0.1181
vn 0.9677 0.0694 0.2422
vn 0.0073 0.9718 0.2357
vn 0.7060 0.4350 -0.5589
vn 0.4635 -0.3405 0.8181
vn 0.7877 -0.5043 -0.3540
vn 0.7061 0.4349 -0.5589
vn -0.7601 -0.5759 -0.3009
vn 0.7876 -0.5043 -0.3540
vn -0.7029 0.4519 -0.5492
vn -0.0980 -0.6530 0.7510
vn -0.0000 -0.5389 -0.8423
vn -0.9125 0.1029 -0.3960
vn -0.5849 -0.1700 0.7931
vn -0.9124 0.1029 -0.3961
vn -0.0000 -0.2955 -0.9553
vn -0.8660 -0.3394 -0.3674
vn -0.3902 -0.3322 -0.8587
vn -0.0000 0.2088 0.9780
vn -0.0980 -0.6529 0.7510
vn -0.0129 -0.0414 0.9991
vn -0.0187 -0.0622 0.9979
vt 0.730382 0.103619
vt 0.705649 0.144477
vt 0.906050 0.162418
vt 0.907543 0.101904
vt 0.999984 0.166941
vt 1.001061 0.095946
vt 0.733494 0.205318
vt 0.838940 0.209383
vt 0.991053 0.210366
vt 0.981648 0.252295
vt 0.840260 0.252371
vt 0.689743 0.104698
vt 0.991405 0.052870
vt 0.810174 0.064464
vt 0.981657 0.011468
vt 0.840250 0.011429
vt 0.734207 0.056759
vt 0.693123 0.056174
vt 0.518060 0.096757
vt 0.575201 0.047645
vt 0.473165 0.043970
vt 0.716055 0.011396
vt 0.597290 0.011359
vt 0.510869 0.011322
vt 0.522475 0.164896
vt 0.485011 0.157654
vt 0.479927 0.107408
vt 0.445175 0.049232
vt 0.473366 0.225391
vt 0.579352 0.211659
vt 0.510849 0.252622
vt 0.597275 0.252464
vt 0.688056 0.203710
vt 0.716059 0.252303
vt 0.459430 0.138427
vt 0.448360 0.105872
vt 0.445220 0.217118
vt 0.468555 0.252667
vt 0.435264 0.252667
vt 0.710772 0.204691
vt 0.809314 0.993189
vt 0.844593 0.748486
vt 0.799681 0.766537
vt 0.795370 0.616810
vt 0.844460 0.624653
vt 0.796731 0.566457
vt 0.846052 0.573862
vt 0.737687 0.589384
vt 0.737679 0.566887
vt 0.737691 0.611583
vt 0.903594 0.595045
vt 0.902086 0.622902
vt 0.947494 0.615460
vt 0.947980 0.591500
vt 0.993009 0.611673
vt 0.993010 0.589483
vt 0.948583 0.568105
vt 0.993012 0.566905
vt 0.904969 0.574145
vt 0.939443 0.344499
vt 0.898532 0.361084
vt 0.993076 0.320695
vt 0.854260 0.365264
vt 0.915162 0.347050
vt 0.854851 0.350073
vt 0.993004 0.780156
vt 0.944441 0.769131
vt 0.900724 0.759988
vt 0.936461 0.995025
vt 0.880074 0.997653
vt 0.789589 0.353336
vt 0.737576 0.320774
vt 0.459999 0.699940
vt 0.421847 0.911548
vt 0.493482 0.874305
vt 0.334346 0.703269
vt 0.334346 0.906337
vt 0.574509 0.696105
vt 0.570429 0.874521
vt 0.490508 0.948126
vt 0.334346 0.965522
vt 0.365140 0.975937
vt 0.420117 0.965795
vt 0.650541 0.838561
vt 0.643075 0.892767
vt 0.726515 0.817051
vt 0.726515 0.703484
vt 0.726515 0.932364
vt 0.709975 0.959389
vt 0.635989 0.948441
vt 0.695226 0.983366
vt 0.579503 0.979625
vt 0.726515 0.978941
vt 0.572418 0.925007
vt 0.726515 0.610225
vt 0.575486 0.609180
vt 0.574131 0.447552
vt 0.726515 0.445670
vt 0.628909 0.318546
vt 0.561909 0.331279
vt 0.561667 0.289065
vt 0.629838 0.284131
vt 0.681244 0.268659
vt 0.726515 0.308737
vt 0.465542 0.609718
vt 0.497836 0.448231
vt 0.389955 0.608312
vt 0.424485 0.456931
vt 0.334346 0.436815
vt 0.434410 0.332167
vt 0.334346 0.318454
vt 0.382074 0.269755
vt 0.433481 0.285227
vt 0.501409 0.332846
vt 0.501652 0.290161
vt 0.532354 0.423067
vt 0.334346 0.607952
vt 0.079805 0.232283
vt 0.164710 0.210607
vt 0.122523 0.194649
vt 0.082536 0.195321
vt 0.065738 0.163787
vt 0.098907 0.148763
vt 0.061632 0.142152
vt 0.067395 0.121429
vt 0.123677 0.114515
vt 0.175785 0.114562
vt 0.094627 0.115280
vt 0.071940 0.113520
vt 0.035702 0.148111
vt 0.041923 0.132093
vt 0.020229 0.138299
vt 0.026355 0.125859
vt 0.005702 0.131286
vt 0.011940 0.118620
vt 0.124248 0.087244
vt 0.097369 0.085301
vt 0.124231 0.055219
vt 0.098622 0.055224
vt 0.124118 0.033753
vt 0.158367 0.040381
vt 0.164154 0.054336
vt 0.099739 0.035139
vt 0.171577 0.088395
vt 0.192231 0.080816
vt 0.172887 0.036601
vt 0.229659 0.051083
vt 0.207206 0.014433
vt 0.253565 0.037615
vt 0.259273 0.099604
vt 0.295568 0.088781
vt 0.225257 0.005464
vt 0.257519 0.214069
vt 0.210893 0.208562
vt 0.203087 0.112287
vt 0.256732 0.004405
vt 0.275505 0.029551
vt 0.296663 0.056271
vt 0.254448 0.243670
vt 0.287294 0.248875
vt 0.299549 0.220380
vt 0.323300 0.104611
vt 0.343328 0.116239
vt 0.349575 0.166371
vt 0.341191 0.234380
vt 0.379236 0.180734
vt 0.393815 0.198439
vt 0.369935 0.227020
vt 0.383913 0.245331
vt 0.408148 0.211617
vt 0.372524 0.153454
vt 0.406401 0.154959
vt 0.418570 0.170953
vt 0.432503 0.130104
vt 0.445823 0.142555
vt 0.433494 0.180403
vt 0.448844 0.163198
vt 0.412154 0.127150
vt 0.395815 0.139939
vt 0.325332 0.261049
vt 0.344700 0.051550
vt 0.359289 0.070966
vt 0.389947 0.045029
vt 0.374202 0.026325
vt 0.391323 0.064504
vt 0.369359 0.086828
vt 0.352694 0.023153
vt 0.330809 0.036634
vt 0.068269 0.054545
vt 0.088448 0.054365
vt 0.085147 0.033440
vt 0.068311 0.035581
vt 0.069129 0.082960
vt 0.091835 0.081384
vt 0.214759 0.239928
vt 0.170727 0.242683
vt 0.094294 0.262400
vt 0.737783 0.987757
vt 0.737708 0.780107
vt 0.274783 0.263290
vt 0.251897 0.284556
vt 0.265085 0.304716
vt 0.290410 0.280108
vt 0.230808 0.322133
vt 0.234686 0.293532
vt 0.317161 0.315098
vt 0.326877 0.296848
vt 0.247112 0.446506
vt 0.230894 0.421947
vt 0.204488 0.436013
vt 0.200804 0.450038
vt 0.202857 0.296193
vt 0.220949 0.280878
vt 0.186739 0.265822
vt 0.206200 0.254811
vt 0.152216 0.291162
vt 0.194174 0.426648
vt 0.177297 0.438725
vt 0.148125 0.271043
vt 0.109679 0.437051
vt 0.158639 0.453515
vt 0.110675 0.292890
vt 0.130164 0.279394
vt 0.048936 0.787641
vt 0.037433 0.823986
vt 0.095670 0.805101
vt 0.018334 0.795488
vt 0.001309 0.823986
vt 0.001309 0.828672
vt 0.001309 0.805245
vt 0.001309 0.793266
vt 0.072476 0.756292
vt 0.104842 0.722758
vt 0.009703 0.762035
vt 0.001309 0.770446
vt 0.001309 0.745864
vt 0.041600 0.754625
vt 0.045013 0.731461
vt 0.001309 0.728107
vt 0.001309 0.706350
vt 0.045012 0.704329
vt 0.000634 0.640415
vt 0.080537 0.664700
vt 0.172489 0.654188
vt 0.168984 0.731210
vt 0.146949 0.810560
vt 0.044855 0.876465
vt 0.134665 0.883862
vt 0.053879 0.921862
vt 0.230813 0.753236
vt 0.327296 0.709405
vt 0.289853 0.844016
vt 0.198004 0.819694
vt 0.222406 0.906637
vt 0.208321 0.985394
vt 0.032665 0.835220
vt 0.001309 0.884699
vt 0.068912 0.997425
vt 0.136690 0.961832
vt 0.001309 0.847491
vt 0.001309 0.839125
vt 0.041894 0.649915
vt 0.070649 0.583980
vt 0.103642 0.580263
vt 0.049090 0.502723
vt 0.103028 0.449168
vt 0.013527 0.576938
vt 0.001309 0.788851
vt 0.992969 0.987765
vt 0.232379 0.916718
vt 0.282941 0.969753
vt 0.311768 0.908112
vt 0.306313 0.933309
vt 0.220304 0.994415
vt 0.243005 0.989735
vt 0.222758 0.978624
vt 0.468563 0.011307
vt 0.435273 0.011298
s 1
usemtl enemy_tonnel
f 1/1/1 2/2/2 3/3/3
f 1/1/1 3/3/3 4/4/4
f 4/4/4 3/3/3 5/5/5
f 4/4/4 5/5/5 6/6/6
f 3/3/3 2/2/2 7/7/7
f 3/3/3 7/7/7 8/8/8
f 5/5/5 3/3/3 8/8/8
f 5/5/5 8/8/8 9/9/9
f 10/10/10 9/9/9 8/8/8
f 10/10/10 8/8/8 11/11/11
f 11/11/11 8/8/8 7/7/7
f 1/1/1 12/12/12 2/2/2
f 4/4/4 6/6/6 13/13/13
f 14/14/14 4/4/4 13/13/13
f 1/1/1 4/4/4 14/14/14
f 14/14/14 13/13/13 15/15/15
f 14/14/14 15/15/15 16/16/11
f 16/16/11 17/17/16 14/14/14
f 1/1/1 14/14/14 17/17/16
f 18/18/17 12/12/12 1/1/1
f 18/18/17 1/1/1 17/17/16
f 18/18/17 19/19/18 12/12/12
f 18/18/17 20/20/19 19/19/18
f 20/20/19 21/21/20 19/19/18
f 22/22/21 20/20/19 18/18/17
f 16/16/11 22/22/21 17/17/16
f 18/18/17 17/17/16 22/22/21
f 22/22/21 23/23/22 20/20/19
f 24/24/23 21/21/20 20/20/19
f 24/24/23 20/20/19 23/23/22
f 25/25/24 12/12/12 19/19/18
f 26/26/25 25/25/24 19/19/18
f 26/26/25 19/19/18 27/27/26
f 19/19/18 21/21/20 27/27/26
f 21/21/20 28/28/27 27/27/26
f 29/29/28 25/25/24 26/26/25
f 29/29/28 30/30/29 25/25/24
f 30/30/29 29/29/28 31/31/30
f 30/30/29 31/31/30 32/32/31
f 33/33/32 30/30/29 32/32/31
f 33/33/32 32/32/31 34/34/21
f 27/27/26 35/35/33 26/26/25
f 27/27/26 36/36/34 35/35/33
f 35/35/33 37/37/35 26/26/25
f 37/37/35 29/29/28 26/26/25
f 37/37/35 38/38/36 29/29/28
f 31/31/30 29/29/28 38/38/36
f 37/37/35 39/39/37 38/38/36
f 30/30/29 33/33/32 2/2/2
f 30/30/29 2/2/2 25/25/24
f 25/25/24 2/2/2 12/12/12
f 2/2/2 33/33/32 40/40/38
f 40/40/38 33/33/32 34/34/21
f 7/7/7 40/40/38 34/34/21
f 7/7/7 2/2/2 40/40/38
f 11/11/11 7/7/7 34/34/21
f 41/41/39 42/42/40 43/43/41
f 42/42/40 44/44/42 43/43/41
f 42/42/40 45/45/43 44/44/42
f 45/45/43 46/46/44 44/44/42
f 45/45/43 47/47/45 46/46/44
f 48/48/46 44/44/42 46/46/44
f 49/49/47 48/48/46 46/46/44
f 48/48/46 50/50/48 44/44/42
f 43/43/41 44/44/42 50/50/48
f 51/51/49 47/47/45 45/45/43
f 52/52/50 51/51/49 45/45/43
f 52/52/50 45/45/43 42/42/40
f 51/51/49 52/52/50 53/53/51
f 51/51/49 53/53/51 54/54/52
f 54/54/52 53/53/51 55/55/48
f 54/54/52 55/55/48 56/56/53
f 57/57/54 54/54/52 56/56/53
f 57/57/54 56/56/53 58/58/55
f 59/59/56 51/51/49 54/54/52
f 59/59/56 54/54/52 57/57/54
f 51/51/49 59/59/56 47/47/45
f 59/59/56 57/57/54 60/60/57
f 60/60/57 57/57/54 58/58/55
f 59/59/56 60/60/57 61/61/58
f 47/47/45 59/59/56 61/61/58
f 60/60/57 58/58/55 62/62/59
f 47/47/45 61/61/58 63/63/60
f 64/64/61 63/63/60 61/61/58
f 64/64/61 65/65/62 63/63/60
f 53/53/51 66/66/63 55/55/48
f 53/53/51 67/67/64 66/66/63
f 53/53/51 52/52/50 68/68/65
f 53/53/51 68/68/65 67/67/64
f 69/69/66 66/66/63 67/67/64
f 68/68/65 69/69/66 67/67/64
f 52/52/50 42/42/40 68/68/65
f 42/42/40 70/70/67 68/68/65
f 42/42/40 71/41/39 70/70/67
f 68/68/65 70/70/67 72/69/68
f 63/63/60 73/71/69 46/46/44
f 63/63/60 46/46/44 47/47/45
f 74/71/69 49/49/47 46/46/44
f 75/71/70 76/72/71 49/49/55
f 77/73/72 78/74/73 79/75/74
f 77/73/72 80/76/75 78/74/73
f 80/76/75 81/77/76 78/74/73
f 79/75/74 82/78/77 77/73/72
f 79/75/74 83/79/78 82/78/77
f 79/75/74 78/74/73 84/80/59
f 78/74/73 81/77/76 85/81/61
f 78/74/73 85/81/61 86/82/58
f 86/82/58 87/83/57 78/74/73
f 78/74/73 87/83/57 84/80/59
f 82/78/77 83/79/78 88/84/79
f 89/85/80 88/84/79 83/79/78
f 89/85/80 90/86/81 88/84/79
f 91/87/82 88/84/79 90/86/81
f 91/87/82 82/78/77 88/84/79
f 92/88/83 90/86/81 89/85/80
f 92/88/83 89/85/80 93/89/84
f 89/85/80 94/90/85 93/89/84
f 93/89/84 94/90/85 95/91/86
f 94/90/85 89/85/80 96/92/70
f 97/93/62 92/88/83 93/89/84
f 98/93/87 93/89/84 95/91/86
f 89/85/80 83/79/78 99/94/88
f 89/85/80 99/94/88 96/92/70
f 99/94/88 83/79/78 79/75/74
f 99/94/88 79/75/74 84/80/59
f 100/92/70 99/94/88 84/80/59
f 94/90/85 101/92/70 95/91/86
f 91/87/82 102/95/89 103/96/90
f 91/87/82 103/96/90 82/78/77
f 102/95/89 104/97/91 103/96/90
f 102/95/89 105/98/92 104/97/91
f 105/98/92 106/99/93 104/97/91
f 107/100/35 104/97/91 106/99/93
f 106/99/93 108/101/94 107/100/35
f 106/99/93 109/102/95 108/101/94
f 110/103/96 109/102/95 106/99/93
f 106/99/93 111/104/97 110/103/96
f 105/98/92 111/104/97 106/99/93
f 77/73/72 82/78/77 103/96/90
f 77/73/72 103/96/90 112/105/98
f 113/106/99 112/105/98 103/96/90
f 113/106/99 103/96/90 104/97/91
f 113/106/99 114/107/100 112/105/98
f 77/73/72 112/105/98 114/107/100
f 113/106/99 115/108/101 114/107/100
f 115/108/101 116/109/102 114/107/100
f 116/109/102 115/108/101 117/110/103
f 117/110/103 115/108/101 113/106/99
f 116/109/102 117/110/103 118/111/104
f 117/110/103 119/112/105 118/111/104
f 117/110/103 120/113/106 119/112/105
f 120/113/106 117/110/103 121/114/107
f 120/113/106 121/114/107 122/115/108
f 77/73/72 114/107/100 80/76/75
f 117/110/103 113/106/99 123/116/109
f 117/110/103 123/116/109 121/114/107
f 80/76/75 114/107/100 124/117/110
f 114/107/100 116/109/102 124/117/110
f 125/118/111 126/119/112 127/120/113
f 128/121/114 125/118/111 127/120/113
f 127/120/113 129/122/115 128/121/114
f 127/120/113 130/123/116 129/122/115
f 129/122/115 130/123/116 131/124/117
f 130/123/116 132/125/118 131/124/117
f 133/126/119 130/123/116 127/120/113
f 127/120/113 134/127/120 133/126/119
f 130/123/116 133/126/119 135/128/121
f 130/123/116 135/128/121 132/125/118
f 135/128/121 136/129/122 132/125/118
f 137/130/123 129/122/115 131/124/117
f 137/130/123 131/124/117 138/131/124
f 139/132/125 137/130/123 138/131/124
f 139/132/125 138/131/124 140/133/126
f 141/134/127 139/132/125 140/133/126
f 141/134/127 140/133/126 142/135/128
f 135/128/121 133/126/119 143/136/129
f 135/128/121 143/136/129 144/137/130
f 144/137/130 143/136/129 145/138/131
f 144/137/130 145/138/131 146/139/132
f 145/138/131 147/140/133 146/139/132
f 148/141/134 147/140/133 145/138/131
f 149/142/135 148/141/134 145/138/131
f 143/136/129 149/142/135 145/138/131
f 147/140/133 150/143/136 146/139/132
f 143/136/129 151/144/137 149/142/135
f 152/145/138 153/146/134 149/142/139
f 154/147/140 153/146/134 152/145/138
f 154/147/140 155/148/133 153/146/134
f 156/149/141 155/148/133 154/147/140
f 157/150/142 156/149/141 154/147/140
f 154/147/140 152/145/138 157/150/142
f 157/150/142 158/151/143 156/149/141
f 156/149/141 159/152/136 155/148/133
f 158/151/143 157/150/142 160/153/144
f 157/150/142 161/154/145 160/153/144
f 157/150/142 162/155/146 161/154/145
f 152/145/138 162/155/146 157/150/142
f 162/155/146 152/145/138 163/144/147
f 164/127/120 162/155/146 163/144/147
f 161/154/145 162/155/146 164/127/120
f 156/149/141 165/156/148 159/152/136
f 156/149/141 166/157/130 165/156/148
f 167/151/143 166/157/130 156/149/141
f 167/151/143 168/158/121 166/157/130
f 126/119/149 161/154/145 164/127/120
f 161/154/145 169/159/150 160/153/144
f 170/160/13 160/153/144 169/159/150
f 170/160/13 171/161/151 160/153/144
f 172/151/152 160/153/144 171/161/151
f 173/162/153 172/151/152 171/161/151
f 171/161/151 174/163/122 173/162/153
f 171/161/151 175/164/154 174/163/122
f 171/161/151 176/165/155 175/164/154
f 170/160/13 176/165/155 171/161/151
f 177/166/156 175/164/154 176/165/155
f 176/165/155 178/167/157 177/166/156
f 176/165/155 179/168/158 178/167/157
f 180/169/114 179/168/158 176/165/155
f 178/167/157 179/168/158 180/169/114
f 178/167/157 180/169/114 181/170/159
f 177/166/156 182/171/160 175/164/154
f 178/167/157 183/172/161 177/166/156
f 178/167/157 184/173/162 183/172/161
f 181/170/159 184/173/162 178/167/157
f 184/173/162 185/174/163 183/172/161
f 184/173/162 186/175/127 185/174/163
f 181/170/159 187/176/123 184/173/162
f 187/176/123 186/175/127 184/173/162
f 187/176/123 188/177/164 186/175/127
f 189/178/165 183/172/161 185/174/163
f 189/178/165 190/179/166 183/172/161
f 190/179/166 182/171/160 177/166/156
f 190/179/166 177/166/156 183/172/161
f 170/160/13 191/180/167 176/165/155
f 192/181/168 193/182/169 194/183/170
f 192/181/168 194/183/170 195/184/171
f 172/151/152 193/182/169 192/181/168
f 172/151/152 173/162/153 193/182/169
f 193/182/169 196/185/172 194/183/170
f 193/182/169 197/186/173 196/185/172
f 173/162/153 197/186/173 193/182/169
f 173/162/153 174/163/122 197/186/173
f 192/181/168 195/184/171 198/187/174
f 192/181/168 198/187/174 199/188/175
f 200/151/143 192/181/168 199/188/175
f 200/151/143 199/188/175 201/158/176
f 202/144/177 152/145/178 203/142/179
f 133/126/119 134/127/120 151/144/180
f 133/126/119 204/144/137 143/136/129
f 205/189/172 206/190/174 207/191/181
f 205/189/172 207/191/181 208/192/182
f 209/193/173 206/190/174 205/189/172
f 209/193/173 210/194/183 206/190/174
f 135/128/121 210/194/183 209/193/173
f 136/129/122 135/128/121 209/193/173
f 126/119/112 211/127/184 127/120/113
f 161/154/145 212/195/9 169/159/150
f 213/119/112 212/195/9 161/154/145
f 213/119/112 214/196/185 212/195/9
f 215/197/6 214/196/185 213/119/112
f 215/197/6 213/119/112 125/118/186
f 216/198/187 217/41/188 43/43/41
f 216/198/187 43/43/41 218/199/189
f 218/199/189 43/43/41 50/50/48
f 219/200/188 220/201/187 221/202/190
f 219/200/188 221/202/190 222/203/191
f 220/201/187 223/204/192 221/202/190
f 220/201/187 224/205/193 223/204/192
f 221/202/190 225/206/194 222/203/191
f 222/203/191 225/206/194 226/207/195
f 221/202/190 227/208/196 225/206/194
f 221/202/190 223/204/192 228/209/197
f 221/202/190 228/209/197 227/208/196
f 229/210/198 227/208/196 228/209/197
f 223/204/192 229/210/198 228/209/197
f 229/210/198 230/211/199 227/208/196
f 223/204/192 231/212/200 229/210/198
f 232/205/201 231/212/200 223/204/192
f 232/205/201 233/213/67 231/212/200
f 233/213/67 234/214/191 231/212/200
f 233/213/67 235/215/39 234/214/191
f 234/214/191 236/216/202 231/212/200
f 231/212/200 237/217/203 229/210/198
f 237/217/203 231/212/200 238/218/204
f 229/210/198 237/217/203 238/218/204
f 229/210/198 238/218/204 230/211/199
f 231/212/200 236/216/202 238/218/204
f 234/214/191 239/219/205 240/216/202
f 241/220/206 242/221/199 243/218/207
f 244/222/194 241/220/206 243/218/207
f 244/222/194 243/218/207 245/216/202
f 246/223/205 244/222/194 245/216/202
f 247/224/208 248/225/209 249/226/210
f 247/224/208 250/227/211 248/225/209
f 250/227/211 251/228/212 248/225/209
f 252/229/213 248/225/209 251/228/212
f 251/228/212 250/227/211 253/230/214
f 253/230/214 250/227/211 254/231/215
f 249/226/210 255/232/216 247/224/208
f 249/226/210 256/233/217 255/232/216
f 250/227/211 247/224/208 257/234/218
f 258/235/219 250/227/211 257/234/218
f 258/235/219 257/234/218 259/236/220
f 247/224/208 260/237/221 257/234/218
f 247/224/208 255/232/216 260/237/221
f 261/238/222 259/236/220 257/234/218
f 257/234/218 260/237/221 261/238/222
f 260/237/221 255/232/216 261/238/222
f 255/232/216 256/233/217 261/238/222
f 259/236/220 261/238/222 262/239/223
f 262/239/223 261/238/222 263/240/224
f 261/238/222 264/241/225 263/240/224
f 256/233/217 264/241/225 261/238/222
f 263/240/224 264/241/225 265/242/226
f 266/243/227 264/241/225 256/233/217
f 266/243/227 256/233/217 267/244/228
f 256/233/217 268/245/229 267/244/228
f 249/226/210 268/245/229 256/233/217
f 249/226/210 269/246/230 268/245/229
f 270/247/231 269/246/230 249/226/210
f 270/247/231 271/248/232 269/246/230
f 270/247/231 272/249/233 271/248/232
f 268/245/229 273/250/234 267/244/228
f 269/246/230 273/250/234 268/245/229
f 274/251/235 267/244/228 273/250/234
f 274/251/235 273/250/234 275/252/236
f 275/252/236 273/250/234 276/253/237
f 271/248/232 276/253/237 269/246/230
f 269/246/230 276/253/237 273/250/234
f 275/252/236 276/253/237 277/254/238
f 271/248/232 278/254/238 276/253/237
f 279/255/239 278/254/238 271/248/232
f 270/247/231 249/226/210 280/256/240
f 281/257/241 270/247/231 280/256/240
f 270/247/231 281/257/241 282/249/233
f 282/249/233 283/258/242 271/248/243
f 283/258/242 284/259/244 271/248/243
f 285/260/245 281/257/241 280/256/240
f 286/261/246 285/260/245 280/256/240
f 287/259/247 288/255/248 271/248/249
f 289/248/250 290/253/251 278/254/252
f 289/248/250 291/246/253 290/253/251
f 292/247/254 291/246/253 289/248/250
f 292/247/254 289/248/250 293/249/233
f 292/247/254 294/226/255 291/246/253
f 294/226/255 295/245/256 291/246/253
f 294/226/255 296/233/257 295/245/256
f 294/226/255 297/232/258 296/233/257
f 294/226/255 298/224/259 297/232/258
f 298/224/259 294/226/255 299/225/260
f 298/224/259 299/225/260 300/227/261
f 300/227/261 299/225/260 301/228/262
f 302/229/213 301/228/262 299/225/260
f 301/228/262 303/230/214 300/227/261
f 303/230/214 304/231/263 300/227/261
f 300/227/261 305/234/264 298/224/259
f 306/235/265 305/234/264 300/227/261
f 306/235/265 307/236/266 305/234/264
f 298/224/259 305/234/264 308/237/267
f 298/224/259 308/237/267 297/232/258
f 309/238/268 305/234/264 307/236/266
f 305/234/264 309/238/268 308/237/267
f 308/237/267 309/238/268 297/232/258
f 297/232/258 309/238/268 296/233/257
f 307/236/266 310/239/223 309/238/268
f 310/239/223 311/240/224 309/238/268
f 309/238/268 311/240/224 312/241/269
f 296/233/257 309/238/268 312/241/269
f 313/243/270 296/233/257 312/241/269
f 313/243/270 314/244/271 296/233/257
f 296/233/257 314/244/271 295/245/256
f 295/245/256 314/244/271 315/250/272
f 316/251/235 315/250/272 314/244/271
f 316/251/235 317/252/273 315/250/272
f 317/252/273 290/253/251 315/250/272
f 317/252/273 318/254/252 290/253/251
f 291/246/253 295/245/256 315/250/272
f 291/246/253 315/250/272 290/253/251
f 313/243/270 312/241/269 319/262/274
f 319/262/274 320/263/275 313/243/270
f 313/243/270 320/263/275 321/264/276
f 321/264/276 320/263/275 322/265/277
f 322/265/277 323/266/235 321/264/276
f 319/262/274 312/241/269 324/242/226
f 320/263/275 319/262/274 324/242/226
f 311/240/224 324/242/226 312/241/269
f 320/263/275 324/242/226 325/267/278
f 326/265/279 320/263/275 325/267/278
f 327/265/277 328/264/280 323/266/281
f 328/264/280 327/265/277 329/263/282
f 266/243/227 328/264/280 329/263/282
f 330/262/283 266/243/227 329/263/282
f 266/243/227 330/262/283 264/241/225
f 330/262/283 265/242/226 264/241/225
f 329/263/282 265/242/226 330/262/283
f 329/263/282 331/267/284 265/242/226
f 332/265/279 331/267/284 329/263/282
f 333/231/285 250/227/211 334/268/286
f 250/227/211 335/235/265 334/268/286
f 333/231/285 334/268/286 300/227/287
f 300/227/287 334/268/286 335/235/265
f 336/69/66 337/269/288 66/66/189
f 338/270/289 339/271/290 340/272/213
f 339/271/290 341/273/291 340/272/213
f 342/274/292 343/275/293 344/276/294
f 343/275/293 345/271/295 344/276/294
f 346/270/296 344/276/294 345/271/295
f 347/277/297 348/278/37 21/21/20
f 24/24/23 347/277/297 21/21/20
f 348/278/37 28/28/27 21/21/20
f 349/1/298 350/4/299 351/3/300
f 349/1/298 351/3/300 352/2/301
f 350/4/299 353/5/302 351/3/300
f 350/4/299 354/6/303 353/5/302
f 351/3/300 355/7/304 352/2/301
f 351/3/300 356/8/305 355/7/304
f 353/5/302 356/8/305 351/3/300
f 353/5/302 357/9/306 356/8/305
f 358/10/307 356/8/305 357/9/306
f 358/10/307 359/11/308 356/8/305
f 359/11/308 355/7/304 356/8/305
f 349/1/298 352/2/301 360/12/309
f 350/4/299 361/13/310 354/6/303
f 362/14/311 361/13/310 350/4/299
f 349/1/298 362/14/311 350/4/299
f 362/14/311 363/15/312 361/13/310
f 362/14/311 364/16/308 363/15/312
f 364/16/308 362/14/311 365/17/313
f 349/1/298 365/17/313 362/14/311
f 366/18/314 365/17/313 349/1/298
f 366/18/314 349/1/298 360/12/309
f 366/18/314 360/12/309 367/19/315
f 366/18/314 367/19/315 368/20/316
f 368/20/316 367/19/315 369/21/317
f 370/22/318 366/18/314 368/20/316
f 364/16/308 365/17/313 370/22/318
f 366/18/314 370/22/318 365/17/313
f 370/22/318 368/20/316 371/23/319
f 372/24/320 368/20/316 369/21/317
f 372/24/320 371/23/319 368/20/316
f 373/25/321 367/19/315 360/12/309
f 374/26/322 367/19/315 373/25/321
f 374/26/322 375/27/323 367/19/315
f 367/19/315 375/27/323 369/21/317
f 369/21/317 375/27/323 376/28/324
f 377/29/325 374/26/322 373/25/321
f 377/29/325 373/25/321 378/30/326
f 378/30/326 379/31/320 377/29/325
f 378/30/326 380/32/327 379/31/320
f 381/33/328 380/32/327 378/30/326
f 381/33/328 382/34/318 380/32/327
f 375/27/323 374/26/322 383/35/329
f 375/27/323 383/35/329 384/36/330
f 383/35/329 374/26/322 385/37/331
f 385/37/331 374/26/322 377/29/325
f 385/37/331 377/29/325 386/38/332
f 379/31/320 386/38/332 377/29/325
f 385/37/331 386/38/332 387/39/333
f 378/30/326 352/2/301 381/33/328
f 378/30/326 373/25/321 352/2/301
f 373/25/321 360/12/309 352/2/301
f 352/2/301 388/40/334 381/33/328
f 388/40/334 382/34/318 381/33/328
f 355/7/304 382/34/318 388/40/334
f 355/7/304 388/40/334 352/2/301
f 359/11/308 382/34/318 355/7/304
f 389/41/335 390/43/336 391/42/337
f 391/42/337 390/43/336 392/44/338
f 391/42/337 392/44/338 393/45/339
f 393/45/339 392/44/338 394/46/340
f 393/45/339 394/46/340 395/47/341
f 396/48/342 394/46/340 392/44/338
f 397/49/343 394/46/340 396/48/342
f 396/48/342 392/44/338 398/50/344
f 390/43/336 398/50/344 392/44/338
f 399/51/345 393/45/339 395/47/341
f 400/52/346 393/45/339 399/51/345
f 400/52/346 391/42/337 393/45/339
f 399/51/345 401/53/347 400/52/346
f 399/51/345 402/54/348 401/53/347
f 402/54/348 403/55/349 401/53/347
f 402/54/348 404/56/342 403/55/349
f 405/57/350 404/56/342 402/54/348
f 405/57/350 406/58/351 404/56/342
f 407/59/352 405/57/350 402/54/348
f 407/59/352 402/54/348 399/51/345
f 399/51/345 395/47/341 407/59/352
f 407/59/352 408/60/353 405/57/350
f 408/60/353 406/58/351 405/57/350
f 407/59/352 409/61/354 408/60/353
f 395/47/341 409/61/354 407/59/352
f 408/60/353 410/62/355 406/58/351
f 395/47/341 411/63/356 409/61/354
f 401/53/347 403/55/349 412/66/357
f 401/53/347 412/66/357 413/67/358
f 401/53/347 414/68/359 400/52/346
f 401/53/347 413/67/358 414/68/359
f 415/69/360 413/67/358 412/66/357
f 414/68/359 413/67/358 415/69/360
f 400/52/346 414/68/359 391/42/337
f 391/42/337 414/68/359 416/70/361
f 391/42/337 416/70/361 417/41/335
f 414/68/359 418/69/362 416/70/361
f 419/64/363 409/61/354 420/63/356
f 419/64/363 420/63/356 421/65/62
f 411/63/356 394/46/340 422/71/364
f 411/63/356 395/47/341 394/46/340
f 423/71/364 394/46/340 397/49/343
f 424/71/364 397/49/365 425/72/366
f 426/73/367 427/75/368 428/74/369
f 426/73/367 428/74/369 429/76/75
f 429/76/75 428/74/369 430/77/76
f 427/75/368 426/73/367 431/78/370
f 427/75/368 431/78/370 432/79/371
f 428/74/369 427/75/368 433/80/355
f 428/74/369 433/80/355 434/83/372
f 435/82/354 428/74/369 434/83/372
f 428/74/369 436/81/61 430/77/76
f 428/74/369 435/82/354 436/81/61
f 437/94/373 433/80/355 427/75/368
f 437/94/373 427/75/368 432/79/371
f 438/92/364 433/80/355 437/94/373
f 439/85/374 437/94/373 432/79/371
f 437/94/373 439/85/374 440/92/375
f 439/85/374 432/79/371 441/84/376
f 431/78/370 441/84/376 432/79/371
f 439/85/374 441/84/376 442/86/81
f 443/87/82 442/86/81 441/84/376
f 443/87/82 441/84/376 431/78/370
f 444/88/83 439/85/374 442/86/81
f 444/88/83 445/89/377 439/85/374
f 439/85/374 445/89/377 446/90/378
f 439/85/374 446/90/378 440/92/375
f 446/90/378 445/89/377 447/91/379
f 448/92/380 446/90/378 447/91/379
f 449/93/381 445/89/377 444/88/83
f 450/93/62 447/91/379 445/89/377
f 443/87/82 431/78/370 451/96/382
f 443/87/82 451/96/382 452/95/89
f 452/95/89 451/96/382 453/97/329
f 452/95/89 453/97/329 454/98/383
f 454/98/383 453/97/329 455/99/384
f 456/100/385 455/99/384 453/97/329
f 455/99/384 456/100/385 457/101/333
f 455/99/384 457/101/333 458/102/386
f 459/103/387 455/99/384 458/102/386
f 455/99/384 459/103/387 460/104/97
f 454/98/383 455/99/384 460/104/97
f 426/73/367 451/96/382 431/78/370
f 426/73/367 461/105/388 451/96/382
f 462/106/389 453/97/329 451/96/382
f 462/106/389 451/96/382 461/105/388
f 462/106/389 461/105/388 463/107/390
f 426/73/367 463/107/390 461/105/388
f 462/106/389 463/107/390 464/108/391
f 464/108/391 463/107/390 465/109/392
f 465/109/392 466/110/393 464/108/391
f 466/110/393 462/106/389 464/108/391
f 465/109/392 467/111/104 466/110/393
f 466/110/393 467/111/104 468/112/394
f 466/110/393 468/112/394 469/113/395
f 469/113/395 470/114/324 466/110/393
f 469/113/395 471/115/396 470/114/324
f 426/73/367 429/76/75 463/107/390
f 466/110/393 472/116/397 462/106/389
f 466/110/393 470/114/324 472/116/397
f 429/76/75 473/117/110 463/107/390
f 463/107/390 473/117/110 465/109/392
f 474/118/398 475/120/399 476/119/400
f 477/121/401 475/120/399 474/118/398
f 475/120/399 477/121/401 478/122/402
f 475/120/399 478/122/402 479/123/403
f 478/122/402 480/124/404 479/123/403
f 479/123/403 480/124/404 481/125/405
f 482/126/406 475/120/399 479/123/403
f 475/120/399 482/126/406 483/127/407
f 479/123/403 484/128/408 482/126/406
f 479/123/403 481/125/405 484/128/408
f 484/128/408 481/125/405 485/129/409
f 486/130/410 480/124/404 478/122/402
f 486/130/410 487/131/411 480/124/404
f 488/132/412 487/131/411 486/130/410
f 488/132/412 489/133/413 487/131/411
f 490/134/414 489/133/413 488/132/412
f 490/134/414 491/135/415 489/133/413
f 484/128/408 492/136/416 482/126/406
f 484/128/408 493/137/417 492/136/416
f 493/137/417 494/138/418 492/136/416
f 493/137/417 495/139/419 494/138/418
f 494/138/418 495/139/419 496/140/420
f 497/141/421 494/138/418 496/140/420
f 498/142/422 494/138/418 497/141/421
f 492/136/416 494/138/418 498/142/422
f 496/140/420 495/139/419 499/143/423
f 492/136/416 498/142/422 500/144/424
f 501/145/425 498/142/426 502/146/421
f 503/147/427 501/145/425 502/146/421
f 503/147/427 502/146/421 504/148/420
f 505/149/428 503/147/427 504/148/420
f 506/150/429 503/147/427 505/149/428
f 503/147/427 506/150/429 501/145/425
f 506/150/429 505/149/428 507/151/430
f 505/149/428 504/148/420 508/152/423
f 507/151/430 509/153/431 506/150/429
f 506/150/429 509/153/431 510/154/432
f 506/150/429 510/154/432 511/155/433
f 501/145/425 506/150/429 511/155/433
f 511/155/433 512/144/434 501/145/425
f 513/127/407 512/144/434 511/155/433
f 510/154/432 513/127/407 511/155/433
f 505/149/428 508/152/423 514/156/435
f 505/149/428 514/156/435 515/157/417
f 516/151/436 505/149/428 515/157/417
f 516/151/436 515/157/417 517/158/408
f 476/119/437 513/127/407 510/154/432
f 510/154/432 509/153/431 518/159/312
f 519/160/310 518/159/312 509/153/431
f 519/160/310 509/153/431 520/161/438
f 521/151/430 520/161/438 509/153/431
f 522/162/439 520/161/438 521/151/430
f 520/161/438 522/162/439 523/163/409
f 520/161/438 523/163/409 524/164/440
f 520/161/438 524/164/440 525/165/441
f 519/160/310 520/161/438 525/165/441
f 526/166/442 525/165/441 524/164/440
f 525/165/441 526/166/442 527/167/443
f 525/165/441 527/167/443 528/168/444
f 529/169/445 525/165/441 528/168/444
f 527/167/443 529/169/445 528/168/444
f 527/167/443 530/170/446 529/169/445
f 526/166/442 524/164/440 531/171/447
f 527/167/443 526/166/442 532/172/448
f 527/167/443 532/172/448 533/173/449
f 530/170/446 527/167/443 533/173/449
f 533/173/449 532/172/448 534/174/450
f 533/173/449 534/174/450 535/175/414
f 530/170/446 533/173/449 536/176/410
f 536/176/410 533/173/449 535/175/414
f 536/176/410 535/175/414 537/177/451
f 538/178/452 534/174/450 532/172/448
f 538/178/452 532/172/448 539/179/453
f 539/179/453 532/172/448 526/166/442
f 539/179/453 526/166/442 531/171/447
f 519/160/310 525/165/441 540/180/454
f 541/181/455 542/183/456 543/182/457
f 541/181/455 544/184/458 542/183/456
f 521/151/430 541/181/455 543/182/457
f 521/151/430 543/182/457 522/162/439
f 543/182/457 542/183/456 545/185/459
f 543/182/457 545/185/459 546/186/460
f 522/162/439 543/182/457 546/186/460
f 522/162/439 546/186/460 523/163/409
f 541/181/455 547/187/461 544/184/458
f 541/181/455 548/188/462 547/187/461
f 549/151/430 548/188/462 541/181/455
f 549/151/430 550/158/408 548/188/462
f 551/144/463 552/142/464 501/145/465
f 482/126/406 500/144/434 483/127/407
f 482/126/406 492/136/416 553/144/424
f 554/189/466 555/191/458 556/190/461
f 554/189/466 557/192/467 555/191/458
f 558/193/460 554/189/466 556/190/461
f 558/193/460 556/190/461 559/194/468
f 484/128/408 558/193/460 559/194/468
f 485/129/409 558/193/460 484/128/408
f 476/119/400 475/120/399 560/127/469
f 476/119/437 510/154/432 561/195/470
f 510/154/432 518/159/312 561/195/470
f 562/119/471 561/195/470 563/196/472
f 564/197/473 562/119/471 563/196/472
f 564/197/473 474/118/441 562/119/471
f 565/198/474 390/43/336 566/41/475
f 565/198/474 567/199/476 390/43/336
f 567/199/476 398/50/344 390/43/336
f 568/200/335 569/203/477 570/202/478
f 568/200/335 570/202/478 571/201/479
f 571/201/479 570/202/478 572/204/480
f 571/201/479 572/204/480 573/205/360
f 570/202/478 569/203/477 574/206/481
f 569/203/477 575/207/482 574/206/481
f 570/202/478 574/206/481 576/208/483
f 570/202/478 577/209/484 572/204/480
f 570/202/478 576/208/483 577/209/484
f 578/210/485 577/209/484 576/208/483
f 572/204/480 577/209/484 578/210/485
f 578/210/485 576/208/483 579/211/486
f 572/204/480 578/210/485 580/212/487
f 581/205/362 572/204/480 580/212/487
f 581/205/362 580/212/487 582/213/361
f 582/213/361 580/212/487 583/214/488
f 582/213/361 583/214/488 584/215/335
f 583/214/488 580/212/487 585/216/489
f 580/212/487 578/210/485 586/217/490
f 586/217/490 587/218/491 580/212/487
f 578/210/485 587/218/491 586/217/490
f 578/210/485 579/211/486 587/218/491
f 580/212/487 587/218/491 585/216/489
f 583/214/488 588/216/492 589/219/482
f 590/220/493 591/218/494 592/221/486
f 593/222/495 591/218/494 590/220/493
f 593/222/495 594/216/489 591/218/494
f 595/223/482 594/216/489 593/222/495
f 292/247/254 596/249/233 597/257/241
f 597/257/241 598/256/496 292/247/254
f 599/260/245 598/256/496 597/257/241
f 600/261/246 598/256/496 599/260/245
f 292/247/254 598/256/496 294/226/255
f 596/249/497 289/248/498 601/258/104
f 601/258/104 289/248/498 602/259/499
f 603/259/394 289/248/500 604/255/248
f 605/255/248 289/248/250 278/254/252
f 606/69/360 412/66/476 607/269/479
f 608/270/289 609/272/501 610/271/502
f 610/271/502 609/272/501 611/273/503
f 612/274/292 613/276/504 614/275/505
f 614/275/505 613/276/504 615/271/255
f 616/270/289 615/271/255 613/276/504
f 617/277/506 369/21/317 618/278/507
f 372/24/320 369/21/317 617/277/506
f 618/278/507 369/21/317 376/28/324
o Object_33.001
v 0.176685 1.774845 -0.161409
v 0.130563 1.776439 -0.220256
v 0.322715 1.478308 -0.141777
v 0.337969 1.515661 -0.064849
v 0.397009 1.366667 -0.096768
v 0.411977 1.403318 -0.021289
v 0.201629 1.766937 -0.295158
v 0.321742 1.594687 -0.217492
v 0.439032 1.386913 -0.112186
v 0.464880 1.413642 -0.081404
v 0.352039 1.629427 -0.172123
v 0.172346 1.786618 -0.162710
v 0.453226 1.421672 -0.040604
v 0.298358 1.687283 -0.120276
v 0.464880 1.413642 -0.081404
v 0.352039 1.629427 -0.172123
v 0.246581 1.801314 -0.178959
v 0.245703 1.807416 -0.184219
v 0.152734 2.057624 0.024521
v 0.251624 1.995613 -0.072512
v 0.247409 2.181313 0.017072
v 0.250054 1.815748 -0.261258
v 0.239211 2.000074 -0.152167
v 0.240884 2.147316 -0.084201
v 0.065142 2.109746 -0.093953
v 0.046096 2.175756 -0.034207
v 0.114531 2.123280 0.077795
v 0.155912 2.193097 0.102800
v 0.191872 2.233686 -0.090005
v 0.169319 2.041805 -0.179234
v 0.240884 2.147316 -0.084201
v 0.239211 2.000074 -0.152167
v 0.174561 1.836078 -0.289804
v 0.250054 1.815748 -0.261258
v 0.091734 2.175095 -0.094569
v 0.087056 2.069902 0.005947
v 0.143423 2.304459 0.024854
v 0.232414 2.215918 -0.046883
v 0.156576 2.262349 0.074149
v 0.187638 1.801106 -0.293815
v -0.159151 0.117814 -0.243064
v -0.220256 0.591349 -0.107683
v -0.123415 0.558270 -0.113448
v -0.136245 0.830058 0.031549
v -0.226763 0.814942 0.014678
v -0.137433 0.859644 0.020182
v -0.234550 0.847487 0.023340
v -0.121018 0.869772 0.148081
v -0.118039 0.940520 0.112708
v -0.118959 0.799366 0.136662
v -0.276969 0.852202 0.131818
v -0.272981 0.774658 0.104867
v -0.201789 0.772737 0.160050
v -0.204257 0.864727 0.176879
v -0.118959 0.799366 0.136662
v -0.121018 0.869772 0.148081
v -0.201400 0.956190 0.145232
v -0.118039 0.940520 0.112708
v -0.275355 0.916183 0.110843
v -0.167148 1.337141 -0.115246
v -0.252479 1.315299 -0.202419
v -0.084396 1.339979 -0.199334
v -0.236935 1.244449 -0.347855
v -0.311631 1.302205 -0.185110
v -0.298213 1.318116 -0.373298
v -0.097631 0.489988 -0.000742
v -0.186997 0.489500 0.043251
v -0.249409 0.525248 -0.010411
v -0.176816 0.074476 -0.123813
v -0.214214 0.091082 -0.176964
v -0.159151 0.117814 -0.243064
v -0.176816 0.074476 -0.123813
v -0.056803 1.198264 -0.297908
v -0.056803 1.198264 -0.297908
v -0.056803 1.198264 -0.297908
v -0.084396 1.339979 -0.199334
v -0.084253 1.716697 -0.084950
v -0.149097 1.396467 -0.118614
v -0.065013 1.435720 -0.191372
v -0.265004 1.722526 0.010292
v -0.303854 1.390606 -0.109955
v -0.043862 1.749804 -0.232618
v -0.052921 1.466683 -0.339720
v -0.084396 1.339979 -0.199334
v -0.311631 1.302205 -0.185110
v -0.252479 1.315299 -0.202419
v -0.167148 1.337141 -0.115246
v -0.129237 1.546925 -0.368743
v -0.126144 1.458115 -0.407606
v -0.260139 1.599429 -0.357779
v -0.236667 1.789160 -0.310276
v -0.284109 1.406459 -0.404460
v -0.256517 1.358221 -0.420687
v -0.126167 1.361855 -0.422638
v -0.236935 1.244449 -0.347855
v -0.056803 1.198264 -0.297908
v -0.298213 1.318116 -0.373298
v -0.298213 1.318116 -0.373298
v -0.051861 1.423772 -0.349267
v -0.056803 1.198264 -0.297908
v -0.056803 1.198264 -0.297908
v -0.238282 2.014921 -0.218697
v -0.028022 1.940875 -0.220356
v 0.091734 2.175095 -0.094569
v -0.183033 2.270922 -0.084048
v 0.041113 2.361136 0.071031
v 0.143423 2.304459 0.024854
v 0.156576 2.262349 0.074149
v 0.051558 2.285618 0.123883
v -0.033514 2.326799 0.186017
v -0.123837 2.381146 0.136686
v -0.036345 1.830746 -0.096524
v 0.087056 2.069902 0.005947
v -0.116289 1.792906 -0.010241
v -0.021087 1.997710 0.095357
v -0.146032 2.019212 0.203346
v 0.049101 2.225309 0.160515
v -0.114391 2.266315 0.233626
v -0.033514 2.326799 0.186017
v 0.051558 2.285618 0.123883
v 0.155912 2.193097 0.102800
v 0.156576 2.262349 0.074149
v 0.114531 2.123280 0.077795
v -0.207218 1.781949 0.032678
v 0.441739 1.339904 0.004826
v 0.398067 1.369457 -0.078904
v 0.420981 1.332649 -0.054454
v 0.411806 1.312409 -0.017549
v 0.422621 1.269491 -0.018714
v 0.435793 1.281787 -0.056596
v 0.447360 1.252567 -0.026632
v 0.470889 1.271278 -0.025475
v 0.466511 1.252824 -0.108751
v 0.418154 1.277202 -0.146654
v 0.487452 1.240157 -0.077359
v 0.503571 1.230253 -0.052295
v 0.424779 1.222701 -0.027731
v 0.448916 1.221534 -0.028891
v 0.428117 1.200000 -0.039519
v 0.447601 1.199922 -0.038304
v 0.427406 1.178460 -0.032356
v 0.447246 1.178379 -0.031121
v 0.448688 1.220962 -0.111387
v 0.465451 1.202160 -0.084531
v 0.420323 1.203206 -0.100112
v 0.436182 1.190577 -0.073949
v 0.410397 1.177948 -0.107061
v 0.392258 1.204628 -0.136323
v 0.397196 1.224192 -0.133995
v 0.424646 1.166298 -0.082578
v 0.419211 1.249231 -0.156748
v 0.431865 1.234889 -0.169235
v 0.392258 1.204628 -0.136323
v 0.459936 1.190475 -0.127880
v 0.410397 1.177948 -0.107061
v 0.475655 1.180693 -0.096660
v 0.499071 1.252491 -0.121169
v 0.514019 1.241730 -0.089894
v 0.424646 1.166298 -0.082578
v 0.491913 1.375788 -0.065973
v 0.446810 1.384034 -0.099179
v 0.446486 1.280122 -0.163542
v 0.419211 1.249231 -0.156748
v 0.418154 1.277202 -0.146654
v 0.436182 1.190577 -0.073949
v 0.465451 1.202160 -0.084531
v 0.514019 1.241730 -0.089894
v 0.487452 1.240157 -0.077359
v 0.464880 1.413642 -0.081404
v 0.453226 1.421672 -0.040604
v 0.488481 1.353883 -0.014617
v 0.514019 1.241730 -0.089894
v 0.526099 1.233034 -0.064625
v 0.503571 1.230253 -0.052295
v 0.470889 1.271278 -0.025475
v 0.441739 1.339904 0.004826
v 0.448630 1.261749 0.004019
v 0.421697 1.265189 0.003567
v 0.420548 1.312527 0.007678
v 0.411806 1.312409 -0.017549
v 0.422621 1.269491 -0.018714
v 0.447360 1.252567 -0.026632
v 0.449965 1.215052 -0.005805
v 0.422349 1.217953 -0.006391
v 0.447246 1.178379 -0.031121
v 0.427406 1.178460 -0.032356
v 0.424779 1.222701 -0.027731
v 0.428117 1.200000 -0.039519
v 0.447601 1.199922 -0.038304
v 0.448916 1.221534 -0.028891
v 0.411977 1.403318 -0.021289
v 0.493442 1.177324 -0.107799
v 0.505904 1.169268 -0.082497
v 0.459356 1.139692 -0.072154
v 0.448855 1.145938 -0.092127
v 0.462610 1.163750 -0.062405
v 0.491037 1.184459 -0.067823
v 0.451233 1.174302 -0.085521
v 0.476221 1.196017 -0.092981
v 0.514019 1.241730 -0.089894
v 0.487452 1.240157 -0.077359
v 0.419211 1.249231 -0.156748
v 0.397196 1.224192 -0.133995
v 0.419211 1.249231 -0.156748
v 0.462610 1.163750 -0.062405
v 0.451233 1.174302 -0.085521
v 0.448855 1.145938 -0.092127
v 0.459356 1.139692 -0.072154
v 0.491037 1.184459 -0.067823
v 0.476221 1.196017 -0.092981
v 0.418154 1.277202 -0.146654
v 0.439032 1.386913 -0.112186
v 0.398067 1.369457 -0.078904
v 0.397009 1.366667 -0.096768
v 0.411977 1.403318 -0.021289
v -0.122847 0.091676 -0.163215
v -0.159151 0.117814 -0.243064
v -0.097631 0.489988 -0.000742
v -0.159151 0.117814 -0.243064
v -0.122847 0.091676 -0.163215
v -0.115770 0.036502 -0.177494
v -0.143553 0.055235 -0.262665
v -0.175403 0.010149 -0.132291
v -0.176816 0.074476 -0.123813
v -0.068451 -0.049090 -0.268763
v -0.111016 -0.046245 -0.311532
v -0.121687 -0.168764 0.074455
v -0.175839 -0.111965 0.041051
v -0.242754 -0.162055 0.065455
v -0.249448 -0.197610 0.087489
v -0.205631 0.020866 -0.204855
v -0.176816 0.074476 -0.123813
v -0.214214 0.091082 -0.176964
v -0.143553 0.055235 -0.262665
v -0.159151 0.117814 -0.243064
v -0.166733 -0.067283 -0.295133
v -0.266762 -0.155248 0.038657
v -0.285642 -0.202614 0.041853
v -0.111016 -0.046245 -0.311532
v -0.166733 -0.067283 -0.295133
v -0.121687 -0.168764 0.074455
v -0.249448 -0.197610 0.087489
v -0.285642 -0.202614 0.041853
v -0.068451 -0.049090 -0.268763
v -0.166733 -0.067283 -0.295133
v -0.111016 -0.046245 -0.311532
v -0.013088 2.441464 0.445346
v -0.039598 2.400796 0.414806
v 0.032565 2.412036 0.372380
v -0.061201 2.433256 0.453281
v -0.094715 2.396727 0.441920
v -0.095246 2.396209 0.428853
v -0.089338 2.422559 0.452393
v -0.087637 2.426390 0.481396
v 0.031994 2.488570 0.443007
v 0.075757 2.542371 0.436307
v -0.064762 2.478470 0.478328
v -0.080309 2.463548 0.484115
v -0.072889 2.500107 0.493146
v -0.015534 2.480848 0.478627
v -0.004613 2.506344 0.501000
v -0.068485 2.519538 0.511945
v -0.062421 2.548222 0.526399
v 0.003007 2.542544 0.518265
v -0.041104 2.656620 0.532442
v 0.065566 2.607968 0.503236
v 0.083171 2.690913 0.409795
v 0.090699 2.586125 0.353562
v 0.036264 2.459115 0.310545
v -0.053507 2.299888 0.313747
v -0.018560 2.394910 0.251887
v -0.107814 2.335147 0.269923
v 0.066256 2.623495 0.264013
v -0.033838 2.741461 0.250907
v -0.066743 2.584160 0.182247
v 0.039522 2.517614 0.242689
v -0.089684 2.463691 0.198333
v -0.089684 2.463691 0.198333
v -0.123837 2.381146 0.136686
v -0.065435 2.327619 0.376520
v -0.121231 2.274973 0.332166
v -0.107814 2.335147 0.269923
v -0.114391 2.266315 0.233626
v -0.033514 2.326799 0.186017
v -0.116999 2.307703 0.378456
v -0.114920 2.320083 0.383453
v -0.033514 2.326799 0.186017
v -0.123837 2.381146 0.136686
v -0.177865 2.425947 0.257127
v -0.186151 2.561579 0.250114
v -0.200955 2.503976 0.309901
v -0.174172 2.322019 0.309130
v -0.107814 2.335147 0.269923
v -0.214559 2.458769 0.371712
v -0.200768 2.642910 0.363153
v -0.198116 2.595727 0.445318
v -0.177393 2.529363 0.449896
v -0.153215 2.468764 0.449957
v -0.145882 2.421503 0.418302
v -0.111293 2.443015 0.454929
v -0.094715 2.396727 0.441920
v -0.095246 2.396209 0.428853
v -0.089338 2.422559 0.452393
v -0.087637 2.426390 0.481396
v -0.089458 2.483281 0.479138
v -0.080309 2.463548 0.484115
v -0.072889 2.500107 0.493146
v -0.134077 2.503943 0.482528
v -0.133198 2.531395 0.505231
v -0.068485 2.519538 0.511945
v -0.062421 2.548222 0.526399
v -0.125577 2.567595 0.522496
v -0.159853 2.651885 0.510652
v -0.150948 2.736525 0.417500
v -0.169819 2.669487 0.271782
v -0.033838 2.741461 0.250907
v -0.066743 2.584160 0.182247
v -0.089684 2.463691 0.198333
v -0.103090 2.658403 0.523384
v -0.113852 2.745513 0.451758
v -0.150948 2.736525 0.417500
v -0.023083 2.778238 0.360015
v -0.033838 2.741461 0.250907
v -0.041104 2.656620 0.532442
v -0.027748 2.734671 0.476217
v -0.023083 2.778238 0.360015
v -0.023083 2.778238 0.360015
v 0.083171 2.690913 0.409795
v 0.054403 2.712734 0.446220
v 0.016319 2.635140 0.519455
v -0.027748 2.734671 0.476217
v -0.023083 2.778238 0.360015
v -0.087637 2.426390 0.481396
v -0.086468 2.431766 0.485108
v -0.080309 2.463548 0.484115
v -0.176816 0.074476 -0.123813
v -0.122847 0.091676 -0.163215
v -0.086167 2.460434 0.271424
v 0.032565 2.412036 0.372380
v -0.095246 2.396209 0.428853
v -0.039598 2.400796 0.414806
v -0.114920 2.320083 0.383453
v -0.065435 2.327619 0.376520
v -0.113896 2.314707 0.330923
v 0.032565 2.412036 0.372380
v -0.086167 2.460434 0.271424
v 0.232414 2.215918 -0.046883
v 0.156576 2.262349 0.074149
v -0.583028 1.873278 -0.109750
v -0.845132 1.694526 -0.066625
v -0.824457 1.648334 -0.137224
v -0.526797 1.854245 -0.152470
v -0.942582 1.573276 -0.116683
v -0.962869 1.618601 -0.047410
v -0.573929 1.863227 -0.244407
v -0.762338 1.750872 -0.207258
v -0.969033 1.605579 -0.142571
v -0.990834 1.641927 -0.119471
v -0.789129 1.797386 -0.171177
v -0.576978 1.883981 -0.107872
v -0.988271 1.648563 -0.076876
v -0.734085 1.836868 -0.105386
v -0.990834 1.641927 -0.119471
v -0.789129 1.797386 -0.171177
v -0.631709 1.920906 -0.145190
v -0.629272 1.926750 -0.149257
v -0.511292 2.148403 0.078280
v -0.596243 2.115352 -0.043093
v -0.549173 2.295907 0.044722
v -0.608835 1.928767 -0.224639
v -0.562329 2.107288 -0.115920
v -0.528671 2.251891 -0.050653
v -0.382639 2.154776 -0.010222
v -0.357659 2.215622 0.052734
v -0.467601 2.201614 0.140468
v -0.438734 2.290208 0.159417
v -0.452101 2.314792 -0.041953
v -0.477583 2.119203 -0.121854
v -0.528671 2.251891 -0.050653
v -0.562329 2.107288 -0.115920
v -0.526364 1.919200 -0.230959
v -0.608835 1.928767 -0.224639
v -0.431195 2.218631 -0.003405
v -0.423034 2.123831 0.104451
v -0.406802 2.374467 0.056879
v -0.506232 2.316606 -0.012200
v -0.423295 2.349102 0.115709
v -0.549525 1.890559 -0.238844
v -0.254077 0.110517 -0.726586
v -0.364690 0.525002 -0.559120
v -0.278995 0.558115 -0.513673
v -0.423943 0.771158 -0.383183
v -0.332615 0.760089 -0.367591
v -0.428718 0.836724 -0.370438
v -0.335821 0.824662 -0.341901
v -0.484333 0.776853 -0.269681
v -0.489384 0.839773 -0.261868
v -0.475787 0.724298 -0.297125
v -0.330540 0.765654 -0.234940
v -0.319343 0.706941 -0.273291
v -0.405324 0.695504 -0.248929
v -0.416349 0.758054 -0.213655
v -0.475787 0.724298 -0.297125
v -0.484333 0.776853 -0.269681
v -0.423342 0.830395 -0.200200
v -0.489384 0.839773 -0.261868
v -0.336017 0.821133 -0.223460
v -0.467496 1.290041 -0.169873
v -0.359170 1.328445 -0.216222
v -0.523044 1.346642 -0.257263
v -0.341634 1.303785 -0.383605
v -0.424560 0.439714 -0.474435
v -0.357265 0.433638 -0.401247
v -0.282353 0.478134 -0.422718
v -0.277628 0.049453 -0.616463
v -0.224834 0.074616 -0.649312
v -0.254077 0.110517 -0.726586
v -0.277628 0.049453 -0.616463
v -0.311631 1.302205 -0.185110
v -0.341634 1.303785 -0.383605
v -0.298213 1.318116 -0.373298
v -0.512016 1.318750 -0.411518
v -0.512016 1.318750 -0.411518
v -0.512016 1.318750 -0.411518
v -0.523044 1.346642 -0.257263
v -0.428192 1.764378 -0.105441
v -0.510344 1.497455 -0.217906
v -0.449123 1.438060 -0.136489
v -0.265004 1.722526 0.010292
v -0.303854 1.390606 -0.109955
v -0.440605 1.804804 -0.256256
v -0.496221 1.528139 -0.366132
v -0.523044 1.346642 -0.257263
v -0.467496 1.290041 -0.169873
v -0.359170 1.328445 -0.216222
v -0.311631 1.302205 -0.185110
v -0.508294 1.488391 -0.376181
v -0.512016 1.318750 -0.411518
v -0.420671 1.498945 -0.425154
v -0.512016 1.318750 -0.411518
v -0.398168 1.584207 -0.384768
v -0.260139 1.599429 -0.357779
v -0.236667 1.789160 -0.310276
v -0.284109 1.406459 -0.404460
v -0.321659 1.367251 -0.424569
v -0.444992 1.406054 -0.441634
v -0.341634 1.303785 -0.383605
v -0.512016 1.318750 -0.411518
v -0.298213 1.318116 -0.373298
v -0.298213 1.318116 -0.373298
v -0.440516 1.982698 -0.130616
v -0.238282 2.014921 -0.218697
v -0.431195 2.218631 -0.003405
v -0.183033 2.270922 -0.084048
v -0.293573 2.398380 0.111659
v -0.406802 2.374467 0.056879
v -0.423295 2.349102 0.115709
v -0.309170 2.344625 0.147312
v -0.194448 2.343117 0.221027
v -0.123837 2.381146 0.136686
v -0.403273 1.867950 -0.016700
v -0.423034 2.123831 0.104451
v -0.303797 1.811919 0.030550
v -0.316261 2.033447 0.170126
v -0.146032 2.019212 0.203346
v -0.307345 2.276379 0.216893
v -0.114391 2.266315 0.233626
v -0.194448 2.343117 0.221027
v -0.309170 2.344625 0.147312
v -0.438734 2.290208 0.159417
v -0.423295 2.349102 0.115709
v -0.467601 2.201614 0.140468
v -0.207218 1.781949 0.032678
v -1.017584 1.581853 -0.028472
v -0.981331 1.563936 -0.077076
v -0.946588 1.593930 -0.096330
v -0.987044 1.548092 -0.037427
v -1.003654 1.507053 -0.037894
v -1.002661 1.515435 -0.078985
v -1.027200 1.492298 -0.051641
v -1.046709 1.513688 -0.059822
v -1.020389 1.483387 -0.135213
v -0.959633 1.496218 -0.157866
v -1.051553 1.477850 -0.111076
v -1.075840 1.473562 -0.091636
v -1.010371 1.460068 -0.042641
v -1.032893 1.461670 -0.051319
v -1.013542 1.436514 -0.052667
v -1.032241 1.438955 -0.057725
v -1.018444 1.416258 -0.043639
v -1.037482 1.418744 -0.048791
v -1.007882 1.449553 -0.128993
v -1.034719 1.436849 -0.107220
v -0.987427 1.430257 -0.107633
v -1.012230 1.423414 -0.086814
v -0.979994 1.403265 -0.108626
v -0.949889 1.423209 -0.132977
v -0.952137 1.443359 -0.134214
v -1.002619 1.396954 -0.088970
v -0.962005 1.467444 -0.165065
v -0.972403 1.453131 -0.179511
v -0.949889 1.423209 -0.132977
v -1.018305 1.418642 -0.145237
v -0.979994 1.403265 -0.108626
v -1.044052 1.415288 -0.119873
v -1.047303 1.485251 -0.157269
v -1.072500 1.480848 -0.131515
v -1.002619 1.396954 -0.088970
v -1.037712 1.613278 -0.114641
v -0.983986 1.611302 -0.132369
v -0.980707 1.500145 -0.183099
v -0.962005 1.467444 -0.165065
v -0.959633 1.496218 -0.157866
v -1.012230 1.423414 -0.086814
v -1.034719 1.436849 -0.107220
v -1.072500 1.480848 -0.131515
v -1.051553 1.477850 -0.111076
v -0.990834 1.641927 -0.119471
v -0.988271 1.648563 -0.076876
v -1.053451 1.598512 -0.063032
v -1.072500 1.480848 -0.131515
v -1.092858 1.477291 -0.110704
v -1.075840 1.473562 -0.091636
v -1.046709 1.513688 -0.059822
v -1.017584 1.581853 -0.028472
v -1.036189 1.505759 -0.024008
v -1.010188 1.505827 -0.016179
v -1.002858 1.552787 -0.016431
v -0.987044 1.548092 -0.037427
v -1.003654 1.507053 -0.037894
v -1.027200 1.492298 -0.051641
v -1.041871 1.458652 -0.029265
v -1.015276 1.458090 -0.021292
v -1.037482 1.418744 -0.048791
v -1.018444 1.416258 -0.043639
v -1.010371 1.460068 -0.042641
v -1.013542 1.436514 -0.052667
v -1.032241 1.438955 -0.057725
v -1.032893 1.461670 -0.051319
v -0.962869 1.618601 -0.047410
v -1.057946 1.412565 -0.135723
v -1.042612 1.376450 -0.087674
v -1.078570 1.409687 -0.115071
v -1.025724 1.378532 -0.103757
v -1.044806 1.401849 -0.081801
v -1.066615 1.424872 -0.097937
v -1.025463 1.407617 -0.100977
v -1.043266 1.430931 -0.118040
v -1.072500 1.480848 -0.131515
v -1.051553 1.477850 -0.111076
v -0.962005 1.467444 -0.165065
v -0.952137 1.443359 -0.134214
v -0.962005 1.467444 -0.165065
v -1.044806 1.401849 -0.081801
v -1.025724 1.378532 -0.103757
v -1.025463 1.407617 -0.100977
v -1.042612 1.376450 -0.087674
v -1.066615 1.424872 -0.097937
v -1.043266 1.430931 -0.118040
v -0.959633 1.496218 -0.157866
v -0.969033 1.605579 -0.142571
v -0.946588 1.593930 -0.096330
v -0.942582 1.573276 -0.116683
v -0.962869 1.618601 -0.047410
v -0.314816 0.071813 -0.670111
v -0.254077 0.110517 -0.726586
v -0.424560 0.439714 -0.474435
v -0.254077 0.110517 -0.726586
v -0.259636 0.038587 -0.759690
v -0.302396 0.004117 -0.686477
v -0.314816 0.071813 -0.670111
v -0.253389 -0.002967 -0.624492
v -0.277628 0.049453 -0.616463
v -0.286165 -0.084738 -0.785151
v -0.237019 -0.063343 -0.813014
v -0.296406 -0.205950 -0.438518
v -0.259448 -0.131003 -0.455583
v -0.189240 -0.155836 -0.410461
v -0.176840 -0.188392 -0.386357
v -0.209255 0.023861 -0.684713
v -0.277628 0.049453 -0.616463
v -0.224834 0.074616 -0.649312
v -0.259636 0.038587 -0.759690
v -0.254077 0.110517 -0.726586
v -0.184942 -0.064457 -0.779807
v -0.162630 -0.138703 -0.428880
v -0.129619 -0.176331 -0.418645
v -0.184942 -0.064457 -0.779807
v -0.237019 -0.063343 -0.813014
v -0.296406 -0.205950 -0.438518
v -0.129619 -0.176331 -0.418645
v -0.176840 -0.188392 -0.386357
v -0.286165 -0.084738 -0.785151
v -0.184942 -0.064457 -0.779807
v -0.237019 -0.063343 -0.813014
v -0.107814 2.335147 0.269923
v -0.121231 2.274973 0.332166
v -0.157865 2.344573 0.372985
v -0.116999 2.307703 0.378456
v -0.114920 2.320083 0.383453
v -0.114391 2.266315 0.233626
v -0.194448 2.343117 0.221027
v -0.194448 2.343117 0.221027
v -0.123837 2.381146 0.136686
v -0.123837 2.381146 0.136686
v -0.277628 0.049453 -0.616463
v -0.314816 0.071813 -0.670111
v -0.086167 2.460434 0.271424
v -0.095246 2.396209 0.428853
v -0.214559 2.458769 0.371712
v -0.145882 2.421503 0.418302
v -0.114920 2.320083 0.383453
v -0.113896 2.314707 0.330923
v -0.157865 2.344573 0.372985
v -0.214559 2.458769 0.371712
v -0.086167 2.460434 0.271424
v -0.506232 2.316606 -0.012200
v -0.423295 2.349102 0.115709
vn -0.4639 -0.0191 0.8857
vn -0.9254 -0.3428 -0.1618
vn -0.7245 -0.6244 -0.2919
vn -0.4952 -0.0392 0.8679
vn -0.7789 -0.4778 -0.4062
vn -0.5328 0.1759 0.8277
vn -0.0556 -0.2214 -0.9736
vn 0.2047 -0.2995 -0.9319
vn 0.3141 -0.1203 -0.9417
vn 0.8633 0.4044 -0.3020
vn 0.8958 0.3628 -0.2568
vn -0.3799 -0.3123 0.8707
vn 0.5772 0.6184 0.5333
vn 0.4217 0.5007 0.7559
vn 0.8947 0.3617 -0.2619
vn 0.4719 0.6286 0.6182
vn 0.8960 0.0788 0.4369
vn -0.1238 -0.5750 0.8087
vn 0.8826 -0.2359 0.4066
vn 0.8938 0.1235 0.4311
vn 0.8369 0.2772 -0.4720
vn 0.8353 0.2553 -0.4870
vn 0.8665 0.2237 -0.4463
vn -0.9271 0.0049 -0.3748
vn -0.6496 0.7550 0.0895
vn 0.4183 -0.3270 0.8474
vn 0.6073 -0.2637 0.7494
vn 0.1838 0.6746 -0.7149
vn -0.0502 0.3900 -0.9195
vn 0.8664 0.2237 -0.4464
vn 0.8442 0.2611 -0.4682
vn -0.3125 0.2664 -0.9118
vn 0.8977 0.2989 -0.3236
vn 0.8639 0.1474 0.4816
vn 0.6470 -0.3625 0.6708
vn 0.6850 0.7223 -0.0954
vn 0.8840 0.4524 -0.1181
vn 0.8792 0.2811 0.3848
vn -0.2082 -0.0056 -0.9781
vn 0.1226 0.2393 -0.9632
vn -0.5498 0.2940 -0.7819
vn 0.6511 0.2788 -0.7060
vn 0.8065 0.0662 -0.5875
vn -0.5286 0.2433 -0.8133
vn 0.7204 -0.3871 -0.5755
vn -0.6965 -0.2219 -0.6824
vn 0.8746 0.0645 0.4804
vn 0.8492 0.1982 0.4894
vn 0.8767 -0.1060 0.4691
vn -0.9195 -0.0147 0.3929
vn -0.9585 -0.1528 0.2406
vn -0.1243 -0.3156 0.9407
vn -0.1156 0.0818 0.9899
vn 0.8802 -0.0933 0.4653
vn 0.8973 0.0392 0.4397
vn -0.1081 0.4746 0.8735
vn 0.8564 0.1959 0.4777
vn -0.9335 0.1745 0.3133
vn -0.0358 0.5842 0.8108
vn -0.7263 -0.2462 0.6418
vn 0.8691 0.2489 0.4274
vn -0.4283 -0.8652 -0.2606
vn -0.0986 -0.5664 0.8182
vn -0.3207 -0.9104 -0.2615
vn 0.8993 -0.1594 0.4072
vn -0.1762 -0.3764 0.9096
vn -0.9667 -0.1519 0.2061
vn -0.1632 -0.3276 0.9306
vn -0.9975 -0.0432 -0.0564
vn -0.1631 -0.3275 0.9307
vn 0.7947 -0.5457 -0.2659
vn 0.8054 -0.4858 -0.3396
vn 0.8053 -0.4859 -0.3396
vn 0.8692 0.2488 0.4273
vn 0.8517 0.2180 0.4765
vn 0.7886 -0.2501 0.5617
vn 0.3764 -0.2764 0.8843
vn 0.9065 -0.1623 0.3898
vn -0.0065 -0.2651 0.9642
vn -0.1202 -0.4984 0.8586
vn 0.9196 0.0750 -0.3855
vn 0.9087 0.1354 -0.3948
vn 0.9133 -0.1258 0.3875
vn -0.0969 -0.9096 0.4039
vn -0.1254 -0.9912 -0.0426
vn -0.1081 0.1254 0.9862
vn 0.3526 0.3456 -0.8696
vn 0.3472 0.2103 -0.9139
vn 0.0926 0.2543 -0.9627
vn 0.0058 0.3102 -0.9507
vn 0.0752 0.1172 -0.9903
vn -0.2840 -0.1856 -0.9407
vn 0.4566 -0.1417 -0.8783
vn -0.2768 -0.3914 -0.8776
vn 0.8822 -0.2401 -0.4050
vn -0.0928 -0.8745 -0.4760
vn -0.2655 -0.9435 -0.1981
vn 0.8974 -0.0475 -0.4387
vn 0.8230 -0.4127 -0.3904
vn 0.8409 -0.4210 -0.3400
vn -0.1917 0.4197 -0.8872
vn 0.6585 0.0520 -0.7508
vn 0.3684 0.1659 -0.9147
vn -0.1351 0.6819 -0.7188
vn 0.3788 0.9246 -0.0405
vn 0.2434 0.9594 -0.1424
vn 0.4262 0.5032 0.7518
vn 0.5702 0.3969 0.7193
vn 0.8125 0.3089 0.4944
vn 0.0532 0.9507 -0.3056
vn 0.8928 -0.4465 0.0595
vn 0.8346 -0.5499 0.0329
vn 0.5459 -0.5370 0.6432
vn 0.6303 -0.4955 0.5976
vn 0.2766 -0.4218 0.8635
vn 0.5441 -0.0008 0.8390
vn 0.2488 -0.2706 0.9300
vn 0.8380 0.2713 0.4734
vn 0.5976 0.5513 0.5821
vn 0.4462 0.0106 0.8949
vn 0.4098 0.5214 0.7485
vn 0.3564 -0.9322 0.0625
vn 0.1387 -0.5495 0.8239
vn -0.2187 0.0460 0.9747
vn -0.9619 0.1349 -0.2377
vn -0.9567 -0.2526 0.1446
vn -0.9827 0.1832 0.0272
vn -0.8953 -0.2478 -0.3701
vn -0.7766 -0.5370 -0.3294
vn 0.5040 -0.4572 -0.7328
vn 0.4491 -0.6344 0.6291
vn -0.8370 -0.2341 0.4946
vn -0.9633 -0.0137 -0.2680
vn -0.7924 -0.3652 0.4887
vn -0.0692 -0.4257 0.9022
vn -0.7319 0.1461 -0.6656
vn 0.7214 0.1962 -0.6641
vn -0.5460 0.0308 -0.8372
vn 0.6282 0.0315 -0.7774
vn -0.5291 -0.8359 -0.1462
vn 0.5246 -0.8465 -0.0910
vn -0.4864 0.5603 0.6704
vn 0.0426 0.0834 0.9956
vn -0.5561 0.5069 0.6586
vn -0.1723 0.2034 0.9638
vn -0.7289 -0.6846 0.0078
vn -0.8929 -0.3548 -0.2771
vn -0.8185 0.5568 0.1412
vn -0.3921 -0.7949 0.4631
vn -0.9067 0.2945 -0.3019
vn -0.0619 -0.2033 -0.9772
vn -0.8929 -0.3549 -0.2771
vn -0.8186 0.5568 0.1411
vn 0.3668 -0.6865 -0.6278
vn -0.7289 -0.6846 0.0077
vn 0.6188 -0.7686 0.1624
vn 0.7927 -0.0250 -0.6091
vn 0.8974 0.0260 -0.4406
vn -0.3921 -0.7949 0.4630
vn 0.8942 0.3930 -0.2141
vn 0.5335 -0.0615 -0.8436
vn 0.1465 0.3189 -0.9364
vn -0.1724 0.2034 0.9638
vn 0.0425 0.0835 0.9956
vn 0.8974 0.0260 -0.4405
vn -0.9619 0.1348 -0.2377
vn 0.8707 0.3376 -0.3577
vn 0.5897 0.5139 0.6230
vn 0.7150 0.2244 0.6621
vn 0.8973 0.0260 -0.4406
vn 0.9640 -0.0990 0.2469
vn -0.0691 -0.4257 0.9022
vn 0.4492 -0.6344 0.6292
vn -0.3477 0.2251 0.9102
vn 0.5319 -0.1865 0.8260
vn -0.6914 -0.1427 0.7083
vn -0.5311 0.1916 0.8254
vn -0.9827 0.1831 0.0272
vn -0.8954 -0.2478 -0.3699
vn 0.5039 -0.4573 -0.7328
vn 0.6716 -0.3038 0.6758
vn -0.7248 -0.2985 0.6209
vn 0.5247 -0.8465 -0.0908
vn -0.5292 -0.8358 -0.1462
vn -0.7319 0.1461 -0.6655
vn -0.5462 0.0309 -0.8371
vn 0.6280 0.0314 -0.7776
vn 0.7212 0.1964 -0.6643
vn -0.4421 0.0423 0.8960
vn 0.2573 -0.2086 -0.9435
vn 0.7922 -0.6001 0.1107
vn -0.2044 -0.8862 0.4158
vn -0.6672 -0.5817 -0.4653
vn -0.3202 0.0627 0.9453
vn -0.0572 -0.0679 0.9961
vn -0.8684 0.4852 -0.1023
vn -0.7801 0.5062 -0.3677
vn 0.8973 0.0261 -0.4405
vn -0.7924 -0.3651 0.4887
vn -0.9067 0.2947 -0.3017
vn -0.0621 -0.2031 -0.9772
vn -0.8185 0.5569 0.1414
vn -0.9068 0.2944 -0.3018
vn -0.3201 0.0626 0.9453
vn -0.8684 0.4852 -0.1024
vn -0.6671 -0.5817 -0.4653
vn -0.2044 -0.8862 0.4157
vn -0.0571 -0.0680 0.9960
vn -0.7801 0.5061 -0.3678
vn -0.9633 -0.0136 -0.2680
vn 0.4525 -0.8492 -0.2724
vn -0.9591 -0.2660 0.0970
vn 0.4352 -0.8794 0.1930
vn -0.4319 0.0960 0.8968
vn -0.3981 0.2354 0.8866
vn 0.9724 -0.0810 0.2188
vn 0.8993 -0.1594 0.4073
vn 0.2061 0.2432 -0.9478
vn 0.9713 -0.0290 0.2363
vn 0.8887 0.3617 0.2818
vn 0.1513 0.5489 -0.8221
vn -0.3609 0.5958 0.7175
vn -0.1641 -0.3237 0.9318
vn 0.8985 -0.2397 -0.3677
vn 0.2963 -0.2114 -0.9314
vn 0.6656 -0.3494 0.6595
vn -0.0057 0.7229 0.6909
vn -0.3746 0.5876 0.7173
vn -0.2916 -0.4627 0.8372
vn -0.9560 0.1453 -0.2548
vn -0.2337 -0.3567 0.9045
vn -0.9823 -0.1552 -0.1049
vn 0.1252 0.5582 -0.8202
vn 0.1398 0.2049 -0.9688
vn -0.4323 -0.4858 -0.7597
vn -0.7148 0.5659 0.4110
vn -0.7662 -0.6284 0.1342
vn 0.1479 0.5472 -0.8238
vn 0.2964 -0.2114 -0.9314
vn 0.6656 -0.3495 0.6594
vn -0.7661 -0.6285 0.1342
vn 0.8985 -0.2397 -0.3676
vn -0.4323 -0.4857 -0.7597
vn 0.3939 -0.6084 0.6890
vn 0.1041 -0.9926 -0.0628
vn 0.7862 -0.6119 0.0866
vn 0.3906 -0.5733 0.7202
vn -0.1380 -0.8060 0.5756
vn -0.1935 -0.9566 -0.2181
vn -0.1082 -0.6786 0.7265
vn -0.1331 -0.7852 0.6048
vn 0.6384 -0.5154 0.5716
vn 0.8961 -0.3130 0.3148
vn 0.3090 -0.4857 0.8177
vn -0.0067 -0.1992 0.9799
vn -0.0839 -0.5691 0.8179
vn 0.2646 -0.6598 0.7033
vn 0.3497 -0.5708 0.7429
vn -0.0818 -0.5590 0.8251
vn -0.0190 -0.2606 0.9652
vn 0.3661 -0.3287 0.8706
vn 0.0911 0.3077 0.9471
vn 0.7379 -0.0047 0.6749
vn 0.9005 0.4329 0.0418
vn 0.9881 -0.1009 -0.1157
vn 0.8880 -0.3761 -0.2645
vn 0.5161 -0.8288 -0.2164
vn 0.8099 -0.4322 -0.3965
vn 0.0491 -0.9121 -0.4069
vn 0.8053 0.1850 -0.5633
vn 0.1256 0.7536 -0.6452
vn -0.0076 0.1286 -0.9917
vn 0.7659 -0.2113 -0.6073
vn -0.0109 0.1123 -0.9936
vn -0.0464 0.1355 -0.9897
vn 0.2065 0.8415 -0.4991
vn 0.0488 0.1053 0.9932
vn -0.1803 -0.9836 -0.0003
vn -0.1701 -0.9671 -0.1890
vn -0.1329 -0.9900 0.0463
vn 0.0090 -0.0567 0.9983
vn 0.8802 -0.2652 -0.3936
vn 0.7216 0.4428 0.5322
vn -0.1475 -0.6489 0.7465
vn 0.0433 0.4250 0.9042
vn 0.7263 0.4423 0.5262
vn 0.0179 0.9498 -0.3125
vn 0.8187 -0.2930 -0.4938
vn -0.9340 -0.0685 -0.3506
vn -0.8224 0.1022 -0.5597
vn -0.0563 0.1121 -0.9921
vn -0.9712 -0.0097 -0.2380
vn -0.7625 -0.5861 -0.2741
vn -0.3590 -0.8086 -0.4662
vn -0.9601 -0.2656 0.0876
vn -0.9570 0.2859 -0.0485
vn -0.9244 0.0433 0.3790
vn -0.7540 -0.2489 0.6079
vn -0.5576 -0.4252 0.7129
vn -0.4561 -0.8887 -0.0470
vn -0.5307 -0.3938 0.7505
vn -0.1382 -0.8060 0.5756
vn -0.1936 -0.9565 -0.2181
vn -0.1084 -0.6786 0.7265
vn -0.4162 -0.3444 0.8415
vn -0.0065 -0.1992 0.9799
vn -0.0841 -0.5691 0.8179
vn -0.4476 -0.5211 0.7267
vn -0.4904 -0.4072 0.7705
vn -0.0817 -0.5590 0.8251
vn -0.0190 -0.2606 0.9653
vn -0.4067 -0.1782 0.8960
vn -0.6415 0.2640 0.7203
vn -0.6679 0.7384 0.0934
vn -0.7092 0.4824 -0.5142
vn 0.1256 0.7536 -0.6453
vn -0.0076 0.1285 -0.9917
vn -0.0108 0.1122 -0.9936
vn -0.1853 0.3451 0.9201
vn -0.2968 0.8329 0.4671
vn -0.6678 0.7385 0.0935
vn 0.1874 0.9778 -0.0942
vn 0.1684 0.7584 0.6297
vn 0.1874 0.9777 -0.0943
vn 0.1255 0.7536 -0.6452
vn 0.6163 0.6551 0.4370
vn 0.3591 0.2390 0.9022
vn 0.1685 0.7583 0.6297
vn -0.1330 -0.7850 0.6050
vn 0.3907 -0.5733 0.7202
vn -0.0208 -0.2691 0.9629
vn -0.0066 -0.1993 0.9799
vn -0.5307 -0.3939 0.7505
vn 0.9724 -0.0811 0.2188
vn -0.0707 -0.4213 0.9041
vn 0.6876 -0.6927 0.2175
vn -0.2893 -0.9568 0.0287
vn 0.3294 -0.7211 0.6095
vn 0.0434 0.4249 0.9042
vn 0.0707 0.0204 0.9973
vn 0.0763 0.8301 0.5523
vn 0.8328 -0.5518 -0.0449
vn -0.1518 -0.7340 0.6619
vn 0.7925 0.5781 -0.1944
vn 0.6981 0.6006 0.3898
vn 0.1648 -0.1732 0.9710
vn 0.2018 -0.1409 0.9692
vn 0.5053 -0.8576 -0.0959
vn 0.7471 -0.6568 0.1028
vn 0.6360 -0.7485 -0.1877
vn 0.3224 0.0439 0.9456
vn 0.2391 -0.3055 -0.9217
vn -0.0423 -0.2808 -0.9588
vn -0.0766 -0.0767 -0.9941
vn -0.5514 0.6540 -0.5180
vn -0.6062 0.6300 -0.4854
vn -0.0775 -0.3737 0.9243
vn -0.4386 0.8198 0.3682
vn -0.3996 0.6732 0.6222
vn -0.5513 0.6540 -0.5180
vn -0.6052 0.6283 -0.4888
vn -0.4306 0.7441 0.5108
vn -0.9692 0.2134 0.1231
vn -0.3126 -0.4989 0.8083
vn -0.9822 0.1271 0.1380
vn -0.8386 0.4985 0.2196
vn -0.5292 0.5007 -0.6850
vn -0.5245 0.4801 -0.7031
vn -0.5745 0.4656 -0.6732
vn 0.9302 -0.3545 -0.0955
vn 0.8727 0.1721 0.4570
vn -0.5777 -0.0202 0.8160
vn -0.6800 0.2627 0.6845
vn 0.2483 0.5921 -0.7667
vn 0.4297 0.2585 -0.8651
vn -0.5744 0.4656 -0.6733
vn -0.5361 0.4915 -0.6863
vn 0.6157 0.0580 -0.7858
vn -0.6128 0.5587 -0.5589
vn -0.6313 0.5925 0.5004
vn -0.7599 -0.1723 0.6267
vn -0.3734 0.9277 0.0001
vn -0.6034 0.7172 -0.3486
vn -0.7608 0.5659 0.3178
vn 0.4428 -0.1643 -0.8815
vn 0.2166 0.3841 -0.8975
vn -0.3704 0.3760 -0.8494
vn 0.7728 0.4192 -0.4764
vn -0.4774 0.2869 -0.8305
vn 0.7608 0.3982 -0.5125
vn -0.3993 -0.0026 -0.9168
vn 0.8441 0.1231 -0.5218
vn -0.9806 -0.1599 0.1131
vn -0.9734 -0.1442 0.1780
vn -0.9709 -0.2241 0.0838
vn 0.7711 -0.1594 0.6165
vn 0.8271 -0.1813 0.5320
vn -0.1887 -0.5298 0.8269
vn -0.2240 -0.3514 0.9090
vn -0.9724 -0.2193 0.0801
vn -0.9850 -0.1550 0.0762
vn -0.2411 -0.1330 0.9613
vn -0.9749 -0.1288 0.1816
vn 0.7726 -0.0294 0.6342
vn -0.3160 -0.0656 0.9465
vn 0.4452 -0.6223 0.6439
vn -0.9847 -0.0737 0.1580
vn 0.5269 -0.4964 -0.6899
vn -0.9722 -0.2330 0.0222
vn -0.1378 -0.5105 0.8488
vn 0.8354 -0.1687 0.5231
vn -0.1610 -0.4657 0.8702
vn 0.9511 -0.0203 0.3082
vn -0.3723 -0.7125 0.5948
vn 0.0602 -0.9401 0.3356
vn 0.3517 -0.4420 -0.8252
vn -0.0617 -0.9149 -0.3990
vn -0.6854 -0.1596 -0.7105
vn -0.6053 -0.1798 -0.7754
vn -0.6857 -0.1321 -0.7158
vn -0.9518 -0.1305 0.2774
vn -0.9625 -0.0855 0.2573
vn -0.8819 -0.0549 0.4683
vn -0.9537 0.0737 0.2917
vn -0.5518 -0.2271 0.8025
vn -0.0117 -0.4541 0.8909
vn -0.1203 -0.4984 0.8586
vn -0.7290 0.4263 -0.5356
vn -0.7819 0.3788 -0.4951
vn -0.9708 0.0218 0.2389
vn -0.3932 -0.1389 0.9089
vn 0.0732 -0.9630 0.2594
vn -0.2053 -0.9049 0.3729
vn -0.8452 0.2380 -0.4785
vn -0.6825 -0.0081 -0.7308
vn -0.1404 0.3042 -0.9422
vn -0.7759 0.0240 -0.6304
vn -0.1418 0.4142 -0.8991
vn 0.0814 0.4175 -0.9050
vn 0.0753 0.1172 -0.9903
vn 0.3309 -0.2619 -0.9066
vn -0.2626 0.0276 -0.9645
vn 0.4412 -0.4967 -0.7474
vn -0.7089 -0.0665 -0.7022
vn -0.0929 -0.8746 -0.4759
vn -0.0985 -0.9335 -0.3448
vn -0.8875 0.2218 -0.4040
vn -0.0917 0.4091 -0.9079
vn -0.6422 0.2325 -0.7305
vn -0.0052 0.6529 -0.7575
vn -0.1795 0.9834 0.0276
vn 0.2891 0.8098 -0.5105
vn -0.2030 0.7036 0.6810
vn -0.3638 0.4584 0.8109
vn -0.6154 0.5734 0.5408
vn 0.0430 0.9659 -0.2553
vn -0.7953 -0.2815 0.5368
vn -0.8417 -0.3352 0.4234
vn -0.4239 -0.4441 0.7894
vn -0.4512 -0.3480 0.8218
vn 0.0474 -0.3720 0.9270
vn -0.3186 0.2180 0.9225
vn 0.0067 -0.2832 0.9590
vn -0.5546 0.5213 0.6486
vn -0.2546 0.8063 0.5339
vn -0.3221 0.3646 0.8737
vn -0.0938 0.7576 0.6460
vn -0.6617 -0.7084 0.2455
vn 0.0970 -0.5452 0.8327
vn -0.0812 0.1550 0.9846
vn 0.8158 -0.3435 0.4652
vn 0.9974 -0.0168 0.0694
vn 0.9447 0.0652 0.3213
vn 0.9142 -0.4033 -0.0401
vn 0.7446 -0.6674 -0.0122
vn -0.3251 -0.4910 -0.8082
vn -0.7125 -0.4815 0.5104
vn 0.6006 -0.2619 0.7554
vn 0.9844 -0.1671 0.0555
vn 0.5397 -0.3862 0.7481
vn -0.2747 -0.3006 0.9133
vn 0.9121 -0.0377 -0.4082
vn -0.4466 0.1872 -0.8749
vn 0.7710 -0.1524 -0.6184
vn -0.3510 -0.0020 -0.9364
vn 0.4093 -0.9057 0.1102
vn -0.5998 -0.7814 -0.1723
vn 0.3437 0.5857 0.7340
vn -0.3272 0.2263 0.9174
vn 0.4043 0.5232 0.7502
vn -0.0966 0.3137 0.9446
vn 0.5746 -0.7596 0.3046
vn 0.8669 -0.4953 0.0569
vn 0.8151 0.4681 0.3412
vn 0.1033 -0.7638 0.6371
vn 0.9902 0.1379 -0.0238
vn 0.3210 -0.3437 -0.8825
vn 0.8151 0.4681 0.3411
vn 0.8669 -0.4952 0.0569
vn -0.2641 -0.7182 -0.6437
vn 0.5746 -0.7597 0.3046
vn -0.7524 -0.6580 0.0290
vn -0.5654 -0.0141 -0.8247
vn -0.7066 0.0722 -0.7039
vn 0.1031 -0.7639 0.6370
vn -0.6667 0.5665 -0.4843
vn -0.2411 0.1301 -0.9617
vn 0.1953 0.2002 -0.9601
vn 0.9902 0.1379 -0.0237
vn 0.9844 -0.1671 0.0556
vn -0.7066 0.0723 -0.7039
vn 0.5397 -0.3861 0.7481
vn 0.9973 0.0342 -0.0642
vn -0.5441 0.6360 -0.5472
vn -0.4919 0.7648 0.4160
vn -0.8135 0.4472 0.3717
vn -0.9965 0.0535 -0.0649
vn -0.2746 -0.3006 0.9134
vn -0.7125 -0.4814 0.5105
vn 0.1405 0.2933 0.9457
vn -0.7788 -0.0037 0.6272
vn 0.4137 -0.1248 0.9018
vn 0.2806 0.2395 0.9295
vn 0.9447 0.0652 0.3214
vn 0.9142 -0.4034 -0.0400
vn -0.3250 -0.4910 -0.8083
vn -0.8834 -0.1230 0.4522
vn 0.4468 -0.2940 0.8450
vn -0.5999 -0.7813 -0.1723
vn 0.4093 -0.9057 0.1101
vn 0.7709 -0.1525 -0.6185
vn -0.3510 -0.0019 -0.9364
vn -0.4466 0.1872 -0.8750
vn 0.2272 -0.0088 0.9738
vn 0.0098 -0.3059 -0.9520
vn -0.0736 -0.8376 0.5414
vn -0.8732 -0.4788 -0.0911
vn 0.6756 -0.7172 -0.1711
vn 0.0257 0.1551 0.9876
vn -0.2577 0.0655 0.9640
vn 0.9241 0.3580 0.1341
vn 0.9245 0.3519 -0.1463
vn 0.5396 -0.3862 0.7481
vn 0.9901 0.1381 -0.0236
vn 0.8150 0.4683 0.3413
vn 0.3211 -0.3436 -0.8825
vn 0.0257 0.1550 0.9876
vn 0.9241 0.3579 0.1340
vn -0.0735 -0.8376 0.5414
vn -0.2576 0.0655 0.9640
vn 0.9245 0.3519 -0.1464
vn -0.4608 -0.8680 -0.1850
vn -0.9852 0.0393 -0.1669
vn -0.9974 0.0214 0.0684
vn -0.9317 -0.2773 0.2347
vn 0.2481 -0.1169 0.9617
vn 0.2992 0.0699 0.9516
vn -0.9777 -0.1274 -0.1669
vn -0.9722 -0.2330 0.0224
vn 0.0216 0.2937 -0.9556
vn -0.0056 0.5777 -0.8162
vn -0.9959 0.0902 -0.0017
vn -0.9322 -0.2554 -0.2566
vn -0.1174 0.6325 0.7656
vn -0.1549 -0.4813 0.8628
vn -0.5984 -0.5123 -0.6160
vn 0.0889 -0.2242 -0.9705
vn -0.6546 -0.6175 0.4361
vn -0.4616 0.6169 0.6375
vn -0.0942 0.6200 0.7789
vn 0.1802 -0.3970 0.9000
vn 0.8730 0.4872 0.0243
vn 0.0581 -0.3936 0.9175
vn 0.9618 -0.0623 0.2667
vn 0.0088 0.6322 -0.7748
vn 0.2003 0.2951 -0.9342
vn 0.7824 -0.2344 -0.5770
vn 0.3044 0.7467 0.5915
vn 0.8666 -0.3233 0.3801
vn -0.0879 0.5257 -0.8461
vn 0.7825 -0.2344 -0.5768
vn 0.0890 -0.2241 -0.9705
vn -0.6545 -0.6176 0.4361
vn 0.8666 -0.3233 0.3800
vn 0.1802 -0.3971 0.8999
vn -0.5984 -0.5122 -0.6160
vn -0.1702 -0.9671 -0.1890
vn -0.1804 -0.9836 -0.0003
vn -0.0628 0.1048 0.9925
vn -0.1476 -0.6488 0.7465
vn 0.0434 0.4250 0.9042
vn -0.0899 -0.9951 0.0419
vn -0.9825 -0.1861 -0.0101
vn 0.1711 0.0213 0.9850
vn -0.3751 0.6990 0.6088
vn -0.4375 0.7033 0.5603
vn -0.9622 -0.2677 -0.0494
vn -0.1072 0.8555 -0.5065
vn 0.1927 0.8529 -0.4852
vn -0.0531 -0.4245 0.9039
vn -0.0647 -0.9966 0.0513
vn -0.8941 -0.3819 0.2338
vn -0.5345 -0.4572 0.7108
vn 0.0434 0.4248 0.9042
vn 0.2093 0.8004 0.5618
vn -0.1276 0.0044 0.9918
vn -0.9749 -0.2050 -0.0874
vn -0.1298 -0.7382 0.6620
vn -0.4243 0.8121 -0.4005
vn -0.4684 0.8413 0.2700
vt 0.730382 0.103619
vt 0.705649 0.144477
vt 0.906050 0.162418
vt 0.907543 0.101904
vt 0.999984 0.166941
vt 1.001061 0.095946
vt 0.733494 0.205318
vt 0.838940 0.209383
vt 0.991053 0.210366
vt 0.981648 0.252295
vt 0.840260 0.252371
vt 0.689743 0.104698
vt 0.991405 0.052870
vt 0.810174 0.064464
vt 0.981657 0.011468
vt 0.840250 0.011429
vt 0.734207 0.056759
vt 0.693123 0.056174
vt 0.518060 0.096757
vt 0.575201 0.047645
vt 0.473165 0.043970
vt 0.716055 0.011396
vt 0.597290 0.011359
vt 0.510869 0.011322
vt 0.522475 0.164896
vt 0.485011 0.157654
vt 0.479927 0.107408
vt 0.445175 0.049232
vt 0.473366 0.225391
vt 0.579352 0.211659
vt 0.510849 0.252622
vt 0.597275 0.252464
vt 0.688056 0.203710
vt 0.716059 0.252303
vt 0.459430 0.138427
vt 0.448360 0.105872
vt 0.445220 0.217118
vt 0.468555 0.252667
vt 0.435264 0.252667
vt 0.710772 0.204691
vt 0.809314 0.993189
vt 0.844593 0.748486
vt 0.799681 0.766537
vt 0.795370 0.616810
vt 0.844460 0.624653
vt 0.796731 0.566457
vt 0.846052 0.573862
vt 0.737687 0.589384
vt 0.737679 0.566887
vt 0.737691 0.611583
vt 0.903594 0.595045
vt 0.902086 0.622902
vt 0.947494 0.615460
vt 0.947980 0.591500
vt 0.993009 0.611673
vt 0.993010 0.589483
vt 0.948583 0.568105
vt 0.993012 0.566905
vt 0.904969 0.574145
vt 0.939443 0.344499
vt 0.898532 0.361084
vt 0.993076 0.320695
vt 0.854260 0.365264
vt 0.915162 0.347050
vt 0.854851 0.350073
vt 0.993004 0.780156
vt 0.944441 0.769131
vt 0.900724 0.759988
vt 0.936461 0.995025
vt 0.880074 0.997653
vt 0.789589 0.353336
vt 0.737576 0.320774
vt 0.459999 0.699940
vt 0.421847 0.911548
vt 0.493482 0.874305
vt 0.334346 0.703269
vt 0.334346 0.906337
vt 0.574509 0.696105
vt 0.570429 0.874521
vt 0.490508 0.948126
vt 0.334346 0.965522
vt 0.365140 0.975937
vt 0.420117 0.965795
vt 0.650541 0.838561
vt 0.643075 0.892767
vt 0.726515 0.817051
vt 0.726515 0.703484
vt 0.726515 0.932364
vt 0.709975 0.959389
vt 0.635989 0.948441
vt 0.695226 0.983366
vt 0.579503 0.979625
vt 0.726515 0.978941
vt 0.572418 0.925007
vt 0.726515 0.610225
vt 0.575486 0.609180
vt 0.574131 0.447552
vt 0.726515 0.445670
vt 0.628909 0.318546
vt 0.561909 0.331279
vt 0.561667 0.289065
vt 0.629838 0.284131
vt 0.681244 0.268659
vt 0.726515 0.308737
vt 0.465542 0.609718
vt 0.497836 0.448231
vt 0.389955 0.608312
vt 0.424485 0.456931
vt 0.334346 0.436815
vt 0.434410 0.332167
vt 0.334346 0.318454
vt 0.382074 0.269755
vt 0.433481 0.285227
vt 0.501409 0.332846
vt 0.501652 0.290161
vt 0.532354 0.423067
vt 0.334346 0.607952
vt 0.079805 0.232283
vt 0.164710 0.210607
vt 0.122523 0.194649
vt 0.082536 0.195321
vt 0.065738 0.163787
vt 0.098907 0.148763
vt 0.061632 0.142152
vt 0.067395 0.121429
vt 0.123677 0.114515
vt 0.175785 0.114562
vt 0.094627 0.115280
vt 0.071940 0.113520
vt 0.035702 0.148111
vt 0.041923 0.132093
vt 0.020229 0.138299
vt 0.026355 0.125859
vt 0.005702 0.131286
vt 0.011940 0.118620
vt 0.124248 0.087244
vt 0.097369 0.085301
vt 0.124231 0.055219
vt 0.098622 0.055224
vt 0.124118 0.033753
vt 0.158367 0.040381
vt 0.164154 0.054336
vt 0.099739 0.035139
vt 0.171577 0.088395
vt 0.192231 0.080816
vt 0.172887 0.036601
vt 0.229659 0.051083
vt 0.207206 0.014433
vt 0.253565 0.037615
vt 0.259273 0.099604
vt 0.295568 0.088781
vt 0.225257 0.005464
vt 0.257519 0.214069
vt 0.210893 0.208562
vt 0.203087 0.112287
vt 0.256732 0.004405
vt 0.275505 0.029551
vt 0.296663 0.056271
vt 0.254448 0.243670
vt 0.287294 0.248875
vt 0.299549 0.220380
vt 0.323300 0.104611
vt 0.343328 0.116239
vt 0.349575 0.166371
vt 0.341191 0.234380
vt 0.379236 0.180734
vt 0.393815 0.198439
vt 0.369935 0.227020
vt 0.383913 0.245331
vt 0.408148 0.211617
vt 0.372524 0.153454
vt 0.406401 0.154959
vt 0.418570 0.170953
vt 0.432503 0.130104
vt 0.445823 0.142555
vt 0.433494 0.180403
vt 0.448844 0.163198
vt 0.412154 0.127150
vt 0.395815 0.139939
vt 0.325332 0.261049
vt 0.344700 0.051550
vt 0.359289 0.070966
vt 0.389947 0.045029
vt 0.374202 0.026325
vt 0.391323 0.064504
vt 0.369359 0.086828
vt 0.352694 0.023153
vt 0.330809 0.036634
vt 0.068269 0.054545
vt 0.088448 0.054365
vt 0.085147 0.033440
vt 0.068311 0.035581
vt 0.069129 0.082960
vt 0.091835 0.081384
vt 0.214759 0.239928
vt 0.170727 0.242683
vt 0.094294 0.262400
vt 0.737783 0.987757
vt 0.737708 0.780107
vt 0.274783 0.263290
vt 0.251897 0.284556
vt 0.265085 0.304716
vt 0.290410 0.280108
vt 0.230808 0.322133
vt 0.234686 0.293532
vt 0.317161 0.315098
vt 0.326877 0.296848
vt 0.247112 0.446506
vt 0.230894 0.421947
vt 0.204488 0.436013
vt 0.200804 0.450038
vt 0.202857 0.296193
vt 0.220949 0.280878
vt 0.186739 0.265822
vt 0.206200 0.254811
vt 0.152216 0.291162
vt 0.194174 0.426648
vt 0.177297 0.438725
vt 0.148125 0.271043
vt 0.109679 0.437051
vt 0.158639 0.453515
vt 0.110675 0.292890
vt 0.130164 0.279394
vt 0.048936 0.787641
vt 0.037433 0.823986
vt 0.095670 0.805101
vt 0.018334 0.795488
vt 0.001309 0.823986
vt 0.001309 0.828672
vt 0.001309 0.805245
vt 0.001309 0.793266
vt 0.072476 0.756292
vt 0.104842 0.722758
vt 0.009703 0.762035
vt 0.001309 0.770446
vt 0.001309 0.745864
vt 0.041600 0.754625
vt 0.045013 0.731461
vt 0.001309 0.728107
vt 0.001309 0.706350
vt 0.045012 0.704329
vt 0.000634 0.640415
vt 0.080537 0.664700
vt 0.172489 0.654188
vt 0.168984 0.731210
vt 0.146949 0.810560
vt 0.044855 0.876465
vt 0.134665 0.883862
vt 0.053879 0.921862
vt 0.230813 0.753236
vt 0.327296 0.709405
vt 0.289853 0.844016
vt 0.198004 0.819694
vt 0.222406 0.906637
vt 0.208321 0.985394
vt 0.032665 0.835220
vt 0.001309 0.884699
vt 0.068912 0.997425
vt 0.136690 0.961832
vt 0.001309 0.847491
vt 0.001309 0.839125
vt 0.041894 0.649915
vt 0.070649 0.583980
vt 0.103642 0.580263
vt 0.049090 0.502723
vt 0.103028 0.449168
vt 0.013527 0.576938
vt 0.001309 0.788851
vt 0.992969 0.987765
vt 0.232379 0.916718
vt 0.282941 0.969753
vt 0.311768 0.908112
vt 0.306313 0.933309
vt 0.220304 0.994415
vt 0.243005 0.989735
vt 0.222758 0.978624
vt 0.468563 0.011307
vt 0.435273 0.011298
s 1
usemtl enemy_tonnel.001
f 619/279/508 620/280/509 621/281/510
f 619/279/508 621/281/510 622/282/511
f 622/282/511 621/281/510 623/283/512
f 622/282/511 623/283/512 624/284/513
f 621/281/510 620/280/509 625/285/514
f 621/281/510 625/285/514 626/286/515
f 623/283/512 621/281/510 626/286/515
f 623/283/512 626/286/515 627/287/516
f 628/288/517 627/287/516 626/286/515
f 628/288/517 626/286/515 629/289/518
f 629/289/518 626/286/515 625/285/514
f 619/279/508 630/290/519 620/280/509
f 622/282/511 624/284/513 631/291/520
f 632/292/521 622/282/511 631/291/520
f 619/279/508 622/282/511 632/292/521
f 632/292/521 631/291/520 633/293/517
f 632/292/521 633/293/517 634/294/522
f 634/294/522 635/295/523 632/292/521
f 619/279/508 632/292/521 635/295/523
f 636/296/524 630/290/519 619/279/508
f 636/296/524 619/279/508 635/295/523
f 636/296/524 637/297/525 630/290/519
f 636/296/524 638/298/526 637/297/525
f 638/298/526 639/299/527 637/297/525
f 640/300/528 638/298/526 636/296/524
f 634/294/522 640/300/528 635/295/523
f 636/296/524 635/295/523 640/300/528
f 640/300/528 641/301/529 638/298/526
f 642/302/530 639/299/527 638/298/526
f 642/302/530 638/298/526 641/301/529
f 643/303/531 630/290/519 637/297/525
f 644/304/532 643/303/531 637/297/525
f 644/304/532 637/297/525 645/305/533
f 637/297/525 639/299/527 645/305/533
f 639/299/527 646/306/534 645/305/533
f 647/307/535 643/303/531 644/304/532
f 647/307/535 648/308/536 643/303/531
f 648/308/536 647/307/535 649/309/537
f 648/308/536 649/309/537 650/310/538
f 651/311/539 648/308/536 650/310/538
f 651/311/539 650/310/538 652/312/540
f 645/305/533 653/313/541 644/304/532
f 645/305/533 654/314/542 653/313/541
f 653/313/541 655/315/543 644/304/532
f 655/315/543 647/307/535 644/304/532
f 655/315/543 656/316/544 647/307/535
f 649/309/537 647/307/535 656/316/544
f 655/315/543 657/317/545 656/316/544
f 648/308/536 651/311/539 620/280/509
f 648/308/536 620/280/509 643/303/531
f 643/303/531 620/280/509 630/290/519
f 620/280/509 651/311/539 658/318/546
f 658/318/546 651/311/539 652/312/540
f 625/285/514 658/318/546 652/312/540
f 625/285/514 620/280/509 658/318/546
f 629/289/518 625/285/514 652/312/540
f 659/319/547 660/320/548 661/321/549
f 660/320/548 662/322/550 661/321/549
f 660/320/548 663/323/551 662/322/550
f 663/323/551 664/324/552 662/322/550
f 663/323/551 665/325/553 664/324/552
f 666/326/554 662/322/550 664/324/552
f 667/327/555 666/326/554 664/324/552
f 666/326/554 668/328/556 662/322/550
f 661/321/549 662/322/550 668/328/556
f 669/329/557 665/325/553 663/323/551
f 670/330/558 669/329/557 663/323/551
f 670/330/558 663/323/551 660/320/548
f 669/329/557 670/330/558 671/331/559
f 669/329/557 671/331/559 672/332/560
f 672/332/560 671/331/559 673/333/561
f 672/332/560 673/333/561 674/334/562
f 675/335/563 672/332/560 674/334/562
f 675/335/563 674/334/562 676/336/564
f 677/337/565 669/329/557 672/332/560
f 677/337/565 672/332/560 675/335/563
f 669/329/557 677/337/565 665/325/553
f 677/337/565 675/335/563 678/338/566
f 678/338/566 675/335/563 676/336/564
f 677/337/565 678/338/566 679/339/567
f 665/325/553 677/337/565 679/339/567
f 678/338/566 676/336/564 680/340/568
f 665/325/553 679/339/567 681/341/569
f 682/342/570 681/341/569 679/339/567
f 682/342/570 683/343/571 681/341/569
f 671/331/559 684/344/572 673/333/561
f 671/331/559 685/345/573 684/344/572
f 671/331/559 670/330/558 686/346/574
f 671/331/559 686/346/574 685/345/573
f 687/347/575 684/344/572 685/345/573
f 686/346/574 687/347/575 685/345/573
f 670/330/558 660/320/548 686/346/574
f 660/320/548 688/348/576 686/346/574
f 660/320/548 689/319/547 688/348/576
f 686/346/574 688/348/576 690/347/577
f 681/341/569 691/349/578 664/324/552
f 681/341/569 664/324/552 665/325/553
f 692/349/579 667/327/555 664/324/552
f 693/349/580 694/350/581 667/327/582
f 695/351/583 696/352/584 697/353/585
f 695/351/583 698/354/586 696/352/584
f 698/354/586 699/355/587 696/352/584
f 697/353/585 700/356/588 695/351/583
f 697/353/585 701/357/589 700/356/588
f 697/353/585 696/352/584 702/358/590
f 696/352/584 699/355/587 703/359/591
f 696/352/584 703/359/591 704/360/592
f 704/360/592 705/361/593 696/352/584
f 696/352/584 705/361/593 702/358/590
f 700/356/588 701/357/589 706/362/594
f 707/363/595 706/362/594 701/357/589
f 707/363/595 708/364/596 706/362/594
f 709/365/597 706/362/594 708/364/596
f 709/365/597 700/356/588 706/362/594
f 710/366/598 708/364/596 707/363/595
f 710/366/598 707/363/595 711/367/599
f 707/363/595 712/368/600 711/367/599
f 711/367/599 712/368/600 713/369/601
f 712/368/600 707/363/595 714/370/602
f 715/371/603 710/366/598 711/367/599
f 716/371/604 711/367/599 713/369/601
f 707/363/595 701/357/589 717/372/605
f 707/363/595 717/372/605 714/370/602
f 717/372/605 701/357/589 697/353/585
f 717/372/605 697/353/585 702/358/590
f 718/370/606 717/372/605 702/358/590
f 712/368/600 719/370/607 713/369/601
f 709/365/597 720/373/608 721/374/609
f 709/365/597 721/374/609 700/356/588
f 720/373/608 722/375/610 721/374/609
f 720/373/608 723/376/611 722/375/610
f 723/376/611 724/377/612 722/375/610
f 725/378/613 722/375/610 724/377/612
f 724/377/612 726/379/614 725/378/613
f 724/377/612 727/380/615 726/379/614
f 728/381/616 727/380/615 724/377/612
f 724/377/612 729/382/617 728/381/616
f 723/376/611 729/382/617 724/377/612
f 695/351/583 700/356/588 721/374/609
f 695/351/583 721/374/609 730/383/618
f 731/384/619 730/383/618 721/374/609
f 731/384/619 721/374/609 722/375/610
f 731/384/619 732/385/620 730/383/618
f 695/351/583 730/383/618 732/385/620
f 731/384/619 733/386/621 732/385/620
f 733/386/621 734/387/622 732/385/620
f 734/387/622 733/386/621 735/388/623
f 735/388/623 733/386/621 731/384/619
f 734/387/622 735/388/623 736/389/624
f 735/388/623 737/390/625 736/389/624
f 735/388/623 738/391/626 737/390/625
f 738/391/626 735/388/623 739/392/627
f 738/391/626 739/392/627 740/393/628
f 695/351/583 732/385/620 698/354/586
f 735/388/623 731/384/619 741/394/629
f 735/388/623 741/394/629 739/392/627
f 698/354/586 732/385/620 742/395/630
f 732/385/620 734/387/622 742/395/630
f 743/396/631 744/397/632 745/398/633
f 746/399/634 743/396/631 745/398/633
f 745/398/633 747/400/635 746/399/634
f 745/398/633 748/401/636 747/400/635
f 747/400/635 748/401/636 749/402/637
f 748/401/636 750/403/638 749/402/637
f 751/404/639 748/401/636 745/398/633
f 745/398/633 752/405/640 751/404/639
f 748/401/636 751/404/639 753/406/641
f 748/401/636 753/406/641 750/403/638
f 753/406/641 754/407/642 750/403/638
f 755/408/643 747/400/635 749/402/637
f 755/408/643 749/402/637 756/409/644
f 757/410/645 755/408/643 756/409/644
f 757/410/645 756/409/644 758/411/646
f 759/412/647 757/410/645 758/411/646
f 759/412/647 758/411/646 760/413/648
f 753/406/641 751/404/639 761/414/649
f 753/406/641 761/414/649 762/415/650
f 762/415/650 761/414/649 763/416/651
f 762/415/650 763/416/651 764/417/652
f 763/416/651 765/418/653 764/417/652
f 766/419/654 765/418/653 763/416/651
f 767/420/655 766/419/654 763/416/651
f 761/414/649 767/420/655 763/416/651
f 765/418/653 768/421/656 764/417/652
f 761/414/649 769/422/657 767/420/655
f 770/423/658 771/424/659 767/420/660
f 772/425/661 771/424/659 770/423/658
f 772/425/661 773/426/662 771/424/659
f 774/427/663 773/426/662 772/425/661
f 775/428/664 774/427/663 772/425/661
f 772/425/661 770/423/658 775/428/664
f 775/428/664 776/429/665 774/427/663
f 774/427/663 777/430/666 773/426/662
f 776/429/665 775/428/664 778/431/667
f 775/428/664 779/432/668 778/431/667
f 775/428/664 780/433/669 779/432/668
f 770/423/658 780/433/669 775/428/664
f 780/433/669 770/423/658 781/422/657
f 782/405/640 780/433/669 781/422/657
f 779/432/668 780/433/669 782/405/640
f 774/427/663 783/434/670 777/430/666
f 774/427/663 784/435/671 783/434/670
f 785/429/672 784/435/671 774/427/663
f 785/429/672 786/436/641 784/435/671
f 744/397/673 779/432/668 782/405/640
f 779/432/668 787/437/674 778/431/667
f 788/438/675 778/431/667 787/437/674
f 788/438/675 789/439/676 778/431/667
f 790/429/677 778/431/667 789/439/676
f 791/440/678 790/429/677 789/439/676
f 789/439/676 792/441/679 791/440/678
f 789/439/676 793/442/680 792/441/679
f 789/439/676 794/443/681 793/442/680
f 788/438/675 794/443/681 789/439/676
f 795/444/682 793/442/680 794/443/681
f 794/443/681 796/445/683 795/444/682
f 794/443/681 797/446/684 796/445/683
f 798/447/685 797/446/684 794/443/681
f 796/445/683 797/446/684 798/447/685
f 796/445/683 798/447/685 799/448/686
f 795/444/682 800/449/687 793/442/680
f 796/445/683 801/450/688 795/444/682
f 796/445/683 802/451/689 801/450/688
f 799/448/686 802/451/689 796/445/683
f 802/451/689 803/452/690 801/450/688
f 802/451/689 804/453/691 803/452/690
f 799/448/686 805/454/692 802/451/689
f 805/454/692 804/453/691 802/451/689
f 805/454/692 806/455/693 804/453/691
f 807/456/694 801/450/688 803/452/690
f 807/456/694 808/457/695 801/450/688
f 808/457/695 800/449/687 795/444/682
f 808/457/695 795/444/682 801/450/688
f 788/438/675 809/458/696 794/443/681
f 810/459/697 811/460/698 812/461/699
f 810/459/697 812/461/699 813/462/700
f 790/429/677 811/460/698 810/459/697
f 790/429/677 791/440/678 811/460/698
f 811/460/698 814/463/701 812/461/699
f 811/460/698 815/464/702 814/463/701
f 791/440/678 815/464/702 811/460/698
f 791/440/678 792/441/679 815/464/702
f 810/459/697 813/462/700 816/465/703
f 810/459/697 816/465/703 817/466/704
f 818/429/705 810/459/697 817/466/704
f 818/429/705 817/466/704 819/436/706
f 820/422/707 770/423/708 821/420/709
f 751/404/639 752/405/640 769/422/710
f 751/404/639 822/422/657 761/414/649
f 823/467/711 824/468/712 825/469/713
f 823/467/711 825/469/713 826/470/714
f 827/471/715 824/468/712 823/467/711
f 827/471/715 828/472/716 824/468/712
f 753/406/641 828/472/716 827/471/715
f 754/407/642 753/406/641 827/471/715
f 744/397/632 829/405/717 745/398/633
f 779/432/668 830/473/718 787/437/674
f 831/397/719 830/473/718 779/432/668
f 831/397/719 832/474/720 830/473/718
f 833/475/721 832/474/720 831/397/719
f 833/475/721 831/397/719 743/396/722
f 834/476/723 835/319/547 661/321/549
f 834/476/723 661/321/549 836/477/724
f 836/477/724 661/321/549 668/328/556
f 837/478/725 838/479/726 839/480/727
f 837/478/725 839/480/727 840/481/728
f 838/479/726 841/482/729 839/480/727
f 838/479/726 842/483/730 841/482/729
f 839/480/727 843/484/731 840/481/728
f 840/481/728 843/484/731 844/485/732
f 839/480/727 845/486/733 843/484/731
f 839/480/727 841/482/729 846/487/734
f 839/480/727 846/487/734 845/486/733
f 847/488/735 845/486/733 846/487/734
f 841/482/729 847/488/735 846/487/734
f 847/488/735 848/489/736 845/486/733
f 841/482/729 849/490/737 847/488/735
f 850/483/738 849/490/737 841/482/729
f 850/483/738 851/491/739 849/490/737
f 851/491/739 852/492/740 849/490/737
f 851/491/739 853/493/741 852/492/740
f 852/492/740 854/494/742 849/490/737
f 849/490/737 855/495/743 847/488/735
f 855/495/743 849/490/737 856/496/744
f 847/488/735 855/495/743 856/496/744
f 847/488/735 856/496/744 848/489/736
f 849/490/737 854/494/742 856/496/744
f 852/492/745 857/497/746 858/494/742
f 859/498/747 860/499/736 861/496/748
f 862/500/749 859/498/747 861/496/748
f 862/500/749 861/496/748 863/494/750
f 864/501/746 862/500/749 863/494/750
f 865/502/751 866/503/752 867/504/753
f 865/502/751 868/505/754 866/503/752
f 868/505/754 869/506/755 866/503/752
f 870/507/756 866/503/752 869/506/755
f 869/506/755 868/505/754 871/508/757
f 871/508/757 868/505/754 872/509/758
f 867/504/753 873/510/759 865/502/751
f 867/504/753 874/511/760 873/510/759
f 868/505/754 865/502/751 875/512/761
f 876/513/762 868/505/754 875/512/761
f 876/513/762 875/512/761 877/514/763
f 865/502/751 878/515/764 875/512/761
f 865/502/751 873/510/759 878/515/764
f 879/516/765 877/514/763 875/512/761
f 875/512/761 878/515/764 879/516/765
f 878/515/764 873/510/759 879/516/765
f 873/510/759 874/511/760 879/516/765
f 877/514/763 879/516/765 880/517/766
f 880/517/766 879/516/765 881/518/767
f 879/516/765 882/519/768 881/518/767
f 874/511/760 882/519/768 879/516/765
f 881/518/767 882/519/768 883/520/769
f 884/521/770 882/519/768 874/511/760
f 884/521/770 874/511/760 885/522/771
f 874/511/760 886/523/772 885/522/771
f 867/504/753 886/523/772 874/511/760
f 867/504/753 887/524/773 886/523/772
f 888/525/774 887/524/773 867/504/753
f 888/525/774 889/526/775 887/524/773
f 888/525/774 890/527/776 889/526/775
f 886/523/772 891/528/777 885/522/771
f 887/524/773 891/528/777 886/523/772
f 892/529/778 885/522/771 891/528/777
f 892/529/778 891/528/777 893/530/779
f 893/530/779 891/528/777 894/531/780
f 889/526/775 894/531/780 887/524/773
f 887/524/773 894/531/780 891/528/777
f 893/530/779 894/531/780 895/532/781
f 889/526/775 896/532/782 894/531/780
f 897/533/783 896/532/782 889/526/775
f 888/525/774 867/504/753 898/534/784
f 899/535/785 888/525/774 898/534/784
f 888/525/774 899/535/785 900/527/786
f 900/527/787 901/536/788 889/526/789
f 901/536/788 902/537/790 889/526/789
f 903/538/791 899/535/785 898/534/784
f 904/539/792 903/538/791 898/534/784
f 905/537/793 906/533/794 889/526/795
f 907/526/796 908/531/797 896/532/798
f 907/526/796 909/524/799 908/531/797
f 910/525/800 909/524/799 907/526/796
f 910/525/800 907/526/796 911/527/801
f 910/525/800 912/504/802 909/524/799
f 912/504/802 913/523/803 909/524/799
f 912/504/802 914/511/804 913/523/803
f 912/504/802 915/510/805 914/511/804
f 912/504/802 916/502/806 915/510/805
f 916/502/806 912/504/802 917/503/807
f 916/502/806 917/503/807 918/505/808
f 918/505/808 917/503/807 919/506/809
f 920/507/810 919/506/809 917/503/807
f 919/506/809 921/508/811 918/505/808
f 921/508/811 922/509/758 918/505/808
f 918/505/808 923/512/812 916/502/806
f 924/513/813 923/512/812 918/505/808
f 924/513/813 925/514/814 923/512/812
f 916/502/806 923/512/812 926/515/815
f 916/502/806 926/515/815 915/510/805
f 927/516/816 923/512/812 925/514/814
f 923/512/812 927/516/816 926/515/815
f 926/515/815 927/516/816 915/510/805
f 915/510/805 927/516/816 914/511/804
f 925/514/814 928/517/817 927/516/816
f 928/517/817 929/518/818 927/516/816
f 927/516/816 929/518/818 930/519/819
f 914/511/804 927/516/816 930/519/819
f 931/521/820 914/511/804 930/519/819
f 931/521/820 932/522/821 914/511/804
f 914/511/804 932/522/821 913/523/803
f 913/523/803 932/522/821 933/528/822
f 934/529/823 933/528/822 932/522/821
f 934/529/823 935/530/824 933/528/822
f 935/530/824 908/531/797 933/528/822
f 935/530/824 936/532/825 908/531/797
f 909/524/799 913/523/803 933/528/822
f 909/524/799 933/528/822 908/531/797
f 931/521/820 930/519/819 937/540/826
f 937/540/826 938/541/827 931/521/820
f 931/521/820 938/541/827 939/542/828
f 939/542/828 938/541/827 940/543/829
f 940/543/829 941/544/823 939/542/828
f 937/540/826 930/519/819 942/520/769
f 938/541/827 937/540/826 942/520/769
f 929/518/818 942/520/769 930/519/819
f 938/541/827 942/520/769 943/545/830
f 944/543/831 938/541/827 943/545/830
f 945/543/829 946/542/771 941/544/832
f 946/542/771 945/543/829 947/541/833
f 884/521/770 946/542/771 947/541/833
f 948/540/834 884/521/770 947/541/833
f 884/521/770 948/540/834 882/519/768
f 948/540/834 883/520/769 882/519/768
f 947/541/833 883/520/769 948/540/834
f 947/541/833 949/545/835 883/520/769
f 950/543/831 949/545/835 947/541/833
f 951/509/836 868/505/837 952/546/838
f 868/505/837 953/513/839 952/546/838
f 951/509/836 952/546/838 918/505/840
f 918/505/840 952/546/838 953/513/839
f 954/347/575 955/547/841 684/344/724
f 956/548/842 957/549/843 958/550/844
f 957/549/843 959/551/845 958/550/844
f 960/552/846 961/553/847 962/554/848
f 961/553/847 963/549/849 962/554/848
f 964/548/850 962/554/848 963/549/849
f 965/555/851 966/556/852 639/299/527
f 642/302/530 965/555/851 639/299/527
f 966/556/852 646/306/534 639/299/527
f 967/279/853 968/282/854 969/281/855
f 967/279/853 969/281/855 970/280/856
f 968/282/854 971/283/857 969/281/855
f 968/282/854 972/284/858 971/283/857
f 969/281/855 973/285/859 970/280/856
f 969/281/855 974/286/860 973/285/859
f 971/283/857 974/286/860 969/281/855
f 971/283/857 975/287/861 974/286/860
f 976/288/862 974/286/860 975/287/861
f 976/288/862 977/289/863 974/286/860
f 977/289/863 973/285/859 974/286/860
f 967/279/853 970/280/856 978/290/864
f 968/282/854 979/291/865 972/284/858
f 980/292/866 979/291/865 968/282/854
f 967/279/853 980/292/866 968/282/854
f 980/292/866 981/293/867 979/291/865
f 980/292/866 982/294/868 981/293/867
f 982/294/868 980/292/866 983/295/869
f 967/279/853 983/295/869 980/292/866
f 984/296/870 983/295/869 967/279/853
f 984/296/870 967/279/853 978/290/864
f 984/296/870 978/290/864 985/297/871
f 984/296/870 985/297/871 986/298/872
f 986/298/872 985/297/871 987/299/873
f 988/300/874 984/296/870 986/298/872
f 982/294/868 983/295/869 988/300/874
f 984/296/870 988/300/874 983/295/869
f 988/300/874 986/298/872 989/301/875
f 990/302/876 986/298/872 987/299/873
f 990/302/876 989/301/875 986/298/872
f 991/303/877 985/297/871 978/290/864
f 992/304/878 985/297/871 991/303/877
f 992/304/878 993/305/879 985/297/871
f 985/297/871 993/305/879 987/299/873
f 987/299/873 993/305/879 994/306/880
f 995/307/881 992/304/878 991/303/877
f 995/307/881 991/303/877 996/308/882
f 996/308/882 997/309/883 995/307/881
f 996/308/882 998/310/884 997/309/883
f 999/311/885 998/310/884 996/308/882
f 999/311/885 1000/312/886 998/310/884
f 993/305/879 992/304/878 1001/313/887
f 993/305/879 1001/313/887 1002/314/888
f 1001/313/887 992/304/878 1003/315/889
f 1003/315/889 992/304/878 995/307/881
f 1003/315/889 995/307/881 1004/316/890
f 997/309/883 1004/316/890 995/307/881
f 1003/315/889 1004/316/890 1005/317/891
f 996/308/882 970/280/856 999/311/885
f 996/308/882 991/303/877 970/280/856
f 991/303/877 978/290/864 970/280/856
f 970/280/856 1006/318/892 999/311/885
f 1006/318/892 1000/312/886 999/311/885
f 973/285/859 1000/312/886 1006/318/892
f 973/285/859 1006/318/892 970/280/856
f 977/289/863 1000/312/886 973/285/859
f 1007/319/893 1008/321/894 1009/320/895
f 1009/320/895 1008/321/894 1010/322/896
f 1009/320/895 1010/322/896 1011/323/897
f 1011/323/897 1010/322/896 1012/324/898
f 1011/323/897 1012/324/898 1013/325/899
f 1014/326/900 1012/324/898 1010/322/896
f 1015/327/901 1012/324/898 1014/326/900
f 1014/326/900 1010/322/896 1016/328/902
f 1008/321/894 1016/328/902 1010/322/896
f 1017/329/903 1011/323/897 1013/325/899
f 1018/330/904 1011/323/897 1017/329/903
f 1018/330/904 1009/320/895 1011/323/897
f 1017/329/903 1019/331/905 1018/330/904
f 1017/329/903 1020/332/906 1019/331/905
f 1020/332/906 1021/333/907 1019/331/905
f 1020/332/906 1022/334/908 1021/333/907
f 1023/335/909 1022/334/908 1020/332/906
f 1023/335/909 1024/336/910 1022/334/908
f 1025/337/911 1023/335/909 1020/332/906
f 1025/337/911 1020/332/906 1017/329/903
f 1017/329/903 1013/325/899 1025/337/911
f 1025/337/911 1026/338/912 1023/335/909
f 1026/338/912 1024/336/910 1023/335/909
f 1025/337/911 1027/339/913 1026/338/912
f 1013/325/899 1027/339/913 1025/337/911
f 1026/338/912 1028/340/914 1024/336/910
f 1013/325/899 1029/341/915 1027/339/913
f 1019/331/905 1021/333/907 1030/344/916
f 1019/331/905 1030/344/916 1031/345/917
f 1019/331/905 1032/346/918 1018/330/904
f 1019/331/905 1031/345/917 1032/346/918
f 1033/347/919 1031/345/917 1030/344/916
f 1032/346/918 1031/345/917 1033/347/919
f 1018/330/904 1032/346/918 1009/320/895
f 1009/320/895 1032/346/918 1034/348/920
f 1009/320/895 1034/348/920 1035/319/893
f 1032/346/918 1036/347/919 1034/348/920
f 1037/342/921 1027/339/922 1038/341/923
f 1037/342/921 1038/341/923 1039/343/924
f 1029/341/915 1012/324/898 1040/349/925
f 1029/341/915 1013/325/899 1012/324/898
f 1041/349/926 1012/324/898 1015/327/901
f 1042/349/927 1015/327/928 1043/350/929
f 1044/351/930 1045/353/931 1046/352/932
f 1044/351/930 1046/352/932 1047/354/933
f 1047/354/933 1046/352/932 1048/355/934
f 1045/353/931 1044/351/930 1049/356/935
f 1045/353/931 1049/356/935 1050/357/936
f 1046/352/932 1045/353/931 1051/358/937
f 1046/352/932 1051/358/937 1052/361/938
f 1053/360/939 1046/352/932 1052/361/938
f 1046/352/932 1054/359/940 1048/355/934
f 1046/352/932 1053/360/939 1054/359/940
f 1055/372/941 1051/358/937 1045/353/931
f 1055/372/941 1045/353/931 1050/357/936
f 1056/370/942 1051/358/937 1055/372/941
f 1057/363/943 1055/372/941 1050/357/936
f 1055/372/941 1057/363/943 1058/370/944
f 1057/363/943 1050/357/936 1059/362/945
f 1049/356/935 1059/362/945 1050/357/936
f 1057/363/943 1059/362/945 1060/364/596
f 1061/365/946 1060/364/596 1059/362/945
f 1061/365/946 1059/362/945 1049/356/935
f 1062/366/947 1057/363/943 1060/364/596
f 1062/366/947 1063/367/948 1057/363/943
f 1057/363/943 1063/367/948 1064/368/949
f 1057/363/943 1064/368/949 1058/370/944
f 1064/368/949 1063/367/948 1065/369/950
f 1066/370/951 1064/368/949 1065/369/950
f 1067/371/952 1063/367/948 1062/366/947
f 1068/371/953 1065/369/950 1063/367/948
f 1061/365/946 1049/356/935 1069/374/954
f 1061/365/946 1069/374/954 1070/373/955
f 1070/373/955 1069/374/954 1071/375/956
f 1070/373/955 1071/375/956 1072/376/957
f 1072/376/957 1071/375/956 1073/377/958
f 1074/378/959 1073/377/958 1071/375/956
f 1073/377/958 1074/378/959 1075/379/960
f 1073/377/958 1075/379/960 1076/380/961
f 1077/381/962 1073/377/958 1076/380/961
f 1073/377/958 1077/381/962 1078/382/963
f 1072/376/957 1073/377/958 1078/382/963
f 1044/351/930 1069/374/954 1049/356/935
f 1044/351/930 1079/383/964 1069/374/954
f 1080/384/965 1071/375/956 1069/374/954
f 1080/384/965 1069/374/954 1079/383/964
f 1080/384/965 1079/383/964 1081/385/966
f 1044/351/930 1081/385/966 1079/383/964
f 1080/384/965 1081/385/966 1082/386/967
f 1082/386/967 1081/385/966 1083/387/968
f 1083/387/968 1084/388/969 1082/386/967
f 1084/388/969 1080/384/965 1082/386/967
f 1083/387/968 1085/389/970 1084/388/969
f 1084/388/969 1085/389/970 1086/390/971
f 1084/388/969 1086/390/971 1087/391/972
f 1087/391/972 1088/392/973 1084/388/969
f 1087/391/972 1089/393/974 1088/392/973
f 1044/351/930 1047/354/933 1081/385/966
f 1084/388/969 1090/394/975 1080/384/965
f 1084/388/969 1088/392/973 1090/394/975
f 1047/354/933 1091/395/976 1081/385/966
f 1081/385/966 1091/395/976 1083/387/968
f 1092/396/977 1093/398/978 1094/397/979
f 1095/399/980 1093/398/978 1092/396/977
f 1093/398/978 1095/399/980 1096/400/981
f 1093/398/978 1096/400/981 1097/401/982
f 1096/400/981 1098/402/983 1097/401/982
f 1097/401/982 1098/402/983 1099/403/984
f 1100/404/985 1093/398/978 1097/401/982
f 1093/398/978 1100/404/985 1101/405/986
f 1097/401/982 1102/406/987 1100/404/985
f 1097/401/982 1099/403/984 1102/406/987
f 1102/406/987 1099/403/984 1103/407/988
f 1104/408/989 1098/402/983 1096/400/981
f 1104/408/989 1105/409/990 1098/402/983
f 1106/410/991 1105/409/990 1104/408/989
f 1106/410/991 1107/411/992 1105/409/990
f 1108/412/993 1107/411/992 1106/410/991
f 1108/412/993 1109/413/994 1107/411/992
f 1102/406/987 1110/414/995 1100/404/985
f 1102/406/987 1111/415/996 1110/414/995
f 1111/415/996 1112/416/997 1110/414/995
f 1111/415/996 1113/417/998 1112/416/997
f 1112/416/997 1113/417/998 1114/418/999
f 1115/419/1000 1112/416/997 1114/418/999
f 1116/420/1001 1112/416/997 1115/419/1000
f 1110/414/995 1112/416/997 1116/420/1001
f 1114/418/999 1113/417/998 1117/421/1002
f 1110/414/995 1116/420/1001 1118/422/1003
f 1119/423/1004 1116/420/1005 1120/424/1006
f 1121/425/1007 1119/423/1004 1120/424/1006
f 1121/425/1007 1120/424/1006 1122/426/1008
f 1123/427/1009 1121/425/1007 1122/426/1008
f 1124/428/1010 1121/425/1007 1123/427/1009
f 1121/425/1007 1124/428/1010 1119/423/1004
f 1124/428/1010 1123/427/1009 1125/429/1011
f 1123/427/1009 1122/426/1008 1126/430/1012
f 1125/429/1011 1127/431/1013 1124/428/1010
f 1124/428/1010 1127/431/1013 1128/432/1014
f 1124/428/1010 1128/432/1014 1129/433/1015
f 1119/423/1004 1124/428/1010 1129/433/1015
f 1129/433/1015 1130/422/1016 1119/423/1004
f 1131/405/1017 1130/422/1016 1129/433/1015
f 1128/432/1014 1131/405/1017 1129/433/1015
f 1123/427/1009 1126/430/1012 1132/434/998
f 1123/427/1009 1132/434/998 1133/435/996
f 1134/429/1018 1123/427/1009 1133/435/996
f 1134/429/1018 1133/435/996 1135/436/1019
f 1094/397/1020 1131/405/1017 1128/432/1014
f 1128/432/1014 1127/431/1013 1136/437/1021
f 1137/438/1022 1136/437/1021 1127/431/1013
f 1137/438/1022 1127/431/1013 1138/439/1023
f 1139/429/1018 1138/439/1023 1127/431/1013
f 1140/440/1024 1138/439/1023 1139/429/1018
f 1138/439/1023 1140/440/1024 1141/441/1025
f 1138/439/1023 1141/441/1025 1142/442/1026
f 1138/439/1023 1142/442/1026 1143/443/1027
f 1137/438/1022 1138/439/1023 1143/443/1027
f 1144/444/1028 1143/443/1027 1142/442/1026
f 1143/443/1027 1144/444/1028 1145/445/1029
f 1143/443/1027 1145/445/1029 1146/446/1030
f 1147/447/1031 1143/443/1027 1146/446/1030
f 1145/445/1029 1147/447/1031 1146/446/1030
f 1145/445/1029 1148/448/1032 1147/447/1031
f 1144/444/1028 1142/442/1026 1149/449/1033
f 1145/445/1029 1144/444/1028 1150/450/1034
f 1145/445/1029 1150/450/1034 1151/451/1035
f 1148/448/1032 1145/445/1029 1151/451/1035
f 1151/451/1035 1150/450/1034 1152/452/1036
f 1151/451/1035 1152/452/1036 1153/453/1037
f 1148/448/1032 1151/451/1035 1154/454/989
f 1154/454/989 1151/451/1035 1153/453/1037
f 1154/454/989 1153/453/1037 1155/455/1038
f 1156/456/1039 1152/452/1036 1150/450/1034
f 1156/456/1039 1150/450/1034 1157/457/1040
f 1157/457/1040 1150/450/1034 1144/444/1028
f 1157/457/1040 1144/444/1028 1149/449/1033
f 1137/438/1022 1143/443/1027 1158/458/1041
f 1159/459/1042 1160/461/1043 1161/460/1044
f 1159/459/1042 1162/462/1045 1160/461/1043
f 1139/429/1018 1159/459/1042 1161/460/1044
f 1139/429/1018 1161/460/1044 1140/440/1024
f 1161/460/1044 1160/461/1043 1163/463/1046
f 1161/460/1044 1163/463/1046 1164/464/1047
f 1140/440/1024 1161/460/1044 1164/464/1047
f 1140/440/1024 1164/464/1047 1141/441/1025
f 1159/459/1042 1165/465/1048 1162/462/1045
f 1159/459/1042 1166/466/1049 1165/465/1048
f 1167/429/1011 1166/466/1049 1159/459/1042
f 1167/429/1011 1168/436/1050 1166/466/1049
f 1169/422/1051 1170/420/1052 1119/423/1053
f 1100/404/985 1118/422/1016 1101/405/986
f 1100/404/985 1110/414/995 1171/422/1016
f 1172/467/1054 1173/469/1045 1174/468/1055
f 1172/467/1054 1175/470/1056 1173/469/1045
f 1176/471/1057 1172/467/1054 1174/468/1055
f 1176/471/1057 1174/468/1055 1177/472/1058
f 1102/406/987 1176/471/1057 1177/472/1058
f 1103/407/988 1176/471/1057 1102/406/987
f 1094/397/979 1093/398/978 1178/405/986
f 1094/397/1020 1128/432/1014 1179/473/1059
f 1128/432/1014 1136/437/1021 1179/473/1059
f 1180/397/1060 1179/473/1061 1181/474/1062
f 1182/475/1063 1180/397/1060 1181/474/1062
f 1182/475/1063 1092/396/1064 1180/397/1060
f 1183/476/1065 1008/321/894 1184/319/893
f 1183/476/1065 1185/477/1066 1008/321/894
f 1185/477/1066 1016/328/902 1008/321/894
f 1186/478/1067 1187/481/1068 1188/480/1069
f 1186/478/1067 1188/480/1069 1189/479/1070
f 1189/479/1070 1188/480/1069 1190/482/1071
f 1189/479/1070 1190/482/1071 1191/483/1072
f 1188/480/1069 1187/481/1068 1192/484/1073
f 1187/481/1068 1193/485/1074 1192/484/1073
f 1188/480/1069 1192/484/1073 1194/486/1075
f 1188/480/1069 1195/487/1076 1190/482/1071
f 1188/480/1069 1194/486/1075 1195/487/1076
f 1196/488/1077 1195/487/1076 1194/486/1075
f 1190/482/1071 1195/487/1076 1196/488/1077
f 1196/488/1077 1194/486/1075 1197/489/1078
f 1190/482/1071 1196/488/1077 1198/490/1079
f 1199/483/1080 1190/482/1071 1198/490/1079
f 1199/483/1080 1198/490/1079 1200/491/1081
f 1200/491/1081 1198/490/1079 1201/492/1082
f 1200/491/1081 1201/492/1082 1202/493/1083
f 1201/492/1082 1198/490/1079 1203/494/1084
f 1198/490/1079 1196/488/1077 1204/495/1085
f 1204/495/1085 1205/496/1086 1198/490/1079
f 1196/488/1077 1205/496/1086 1204/495/1085
f 1196/488/1077 1197/489/1078 1205/496/1086
f 1198/490/1079 1205/496/1086 1203/494/1084
f 1201/492/1087 1206/494/1088 1207/497/1089
f 1208/498/1090 1209/496/1091 1210/499/1092
f 1211/500/1093 1209/496/1091 1208/498/1090
f 1211/500/1093 1212/494/1084 1209/496/1091
f 1213/501/1089 1212/494/1084 1211/500/1093
f 910/525/800 1214/527/1094 1215/535/1095
f 1215/535/1095 1216/534/1096 910/525/800
f 1217/538/1097 1216/534/1096 1215/535/1095
f 1218/539/1098 1216/534/1096 1217/538/1097
f 910/525/800 1216/534/1096 912/504/802
f 1214/527/1099 907/526/1100 1219/536/1101
f 1219/536/1101 907/526/1100 1220/537/1102
f 1221/537/1103 907/526/1104 1222/533/1105
f 1223/533/1106 907/526/796 896/532/798
f 1224/347/919 1030/344/1066 1225/547/1065
f 1226/548/1107 1227/550/1108 1228/549/1109
f 1228/549/1109 1227/550/1108 1229/551/1110
f 1230/552/1111 1231/554/1112 1232/553/1113
f 1232/553/1113 1231/554/1112 1233/549/1114
f 1234/548/1115 1233/549/1114 1231/554/1112
f 1235/555/1116 987/299/873 1236/556/1117
f 990/302/876 987/299/873 1235/555/1116
f 1236/556/1117 987/299/873 994/306/880
