# Blender 5.1.2
# www.blender.org
mtllib monstro0013.mtl
o Object_33
v 4.565014 -132.905014 81.523972
v 4.338254 -132.559113 81.425369
v 6.325670 -132.440353 81.552483
v 6.325670 -132.918106 81.552483
v 7.102668 -132.467285 81.580780
v 7.102668 -132.936066 81.580780
v 4.604606 -132.289001 81.881615
v 5.673593 -132.345871 81.938492
v 7.098910 -132.480667 81.850616
v 7.098910 -132.718765 81.968033
v 5.673593 -132.678268 82.065178
v 4.188889 -132.890106 81.536995
v 7.098910 -132.925232 81.850616
v 5.354472 -133.015778 81.832832
v 7.098910 -132.718765 81.968033
v 5.673593 -132.678268 82.065178
v 4.604605 -132.949631 81.941986
v 4.228481 -132.949234 81.966881
v 2.392396 -133.100464 81.685524
v 3.052271 -133.067551 82.195854
v 1.939022 -133.067551 82.412827
v 4.416542 -132.597885 82.148407
v 3.241556 -132.678268 82.294983
v 2.372585 -132.678268 82.496277
v 2.392396 -132.244522 81.606728
v 1.900582 -132.319397 81.549591
v 1.900582 -133.096832 81.549591
v 1.605497 -133.076324 82.409904
v 1.939022 -132.346130 82.464088
v 3.052271 -132.289001 82.107231
v 2.372585 -132.678268 82.496277
v 3.241556 -132.678268 82.294983
v 4.151087 -132.272736 81.893082
v 4.416542 -132.597885 82.148407
v 1.633513 -132.371201 81.323006
v 1.526906 -133.167282 81.323006
v 1.605497 -132.325760 82.426895
v 1.942397 -132.678268 82.536102
v 1.607806 -132.678268 82.516968
v 4.379998 -132.272202 81.886894
v 0.619154 -132.449768 68.875793
v 0.414365 -132.308167 71.593933
v 0.935154 -132.266754 71.382149
v 0.993650 -132.513153 73.058838
v 0.487022 -132.523544 72.977684
v 0.994998 -132.511032 73.598366
v 0.464458 -132.539154 73.509979
v 1.172612 -133.127411 73.350433
v 1.172613 -133.171326 73.623421
v 1.172612 -133.095306 73.087509
v 0.308060 -133.138672 73.254631
v 0.308060 -133.095306 72.949013
v 0.740336 -133.327408 73.018265
v 0.740336 -133.369629 73.285431
v 1.172612 -133.095306 73.087509
v 1.172612 -133.127411 73.350433
v 0.740337 -133.412094 73.554169
v 1.172613 -133.171326 73.623421
v 0.308061 -133.171326 73.484924
v 0.830301 -133.629517 76.088402
v 0.306055 -133.237137 76.277496
v 1.230235 -133.237137 76.416039
v 0.334208 -132.405548 76.120567
v 0.012404 -133.560760 76.376801
v 0.012404 -132.527084 76.250900
v 1.165215 -132.951279 71.227577
v 0.715179 -133.245193 71.333466
v 0.333095 -132.951279 71.439354
v 0.619154 -133.154327 68.875793
v 0.372845 -132.879669 68.875793
v 0.619154 -132.449768 68.875793
v 0.619154 -133.154327 68.875793
v 1.294992 -132.310837 76.166573
v 1.294992 -132.310837 76.166573
v 1.294992 -132.310837 76.166573
v 1.230235 -133.237137 76.416039
v 0.968926 -133.528076 78.856369
v 0.846803 -133.735321 77.065964
v 1.250908 -133.261337 77.246635
v 0.012404 -134.118225 78.877609
v 0.012404 -133.861694 76.941177
v 1.115779 -132.679794 78.887535
v 1.245259 -132.425232 77.246635
v 1.230235 -133.237137 76.416039
v 0.012404 -133.560760 76.376801
v 0.306055 -133.237137 76.277496
v 0.830301 -133.629517 76.088402
v 0.760325 -132.216232 77.589539
v 0.831511 -132.105301 77.072639
v 0.012404 -132.278580 77.794662
v 0.012404 -132.310715 78.877609
v 0.012404 -132.254700 76.695053
v 0.193570 -132.208344 76.437347
v 0.899084 -132.132019 76.541748
v 0.334208 -132.405548 76.120567
v 1.294992 -132.310837 76.166573
v 0.012404 -132.527084 76.250900
v 0.012404 -132.527084 76.250900
v 1.280284 -132.421356 77.007362
v 1.294992 -132.310837 76.166573
v 1.294992 -132.310837 76.166573
v 0.012404 -132.197815 79.766899
v 1.178962 -132.571777 79.716705
v 1.633513 -132.371201 81.323006
v 0.012404 -131.796722 81.336067
v 0.966596 -132.178238 82.548309
v 1.605497 -132.325760 82.426895
v 1.607806 -132.678268 82.516968
v 0.957743 -132.678268 82.564018
v 0.467534 -132.733658 82.711540
v 0.012404 -132.288986 82.641838
v 1.050097 -133.475220 79.716705
v 1.526906 -133.167282 81.323006
v 0.542687 -133.922379 79.783081
v 0.871952 -133.728806 81.226639
v 0.012404 -133.906128 81.418457
v 0.966596 -133.067551 82.416367
v 0.012404 -133.111694 82.547127
v 0.467534 -132.733658 82.711540
v 0.957743 -132.678268 82.564018
v 1.605497 -133.076324 82.409904
v 1.607806 -132.678268 82.516968
v 1.900582 -133.096832 81.549591
v 0.012404 -134.090424 79.786514
v 7.304121 -132.976486 81.539520
v 7.304121 -132.432266 81.539520
v 7.452557 -132.662125 81.548004
v 7.471015 -132.844849 81.398323
v 7.696621 -132.936188 81.390800
v 7.722791 -132.771652 81.550415
v 7.814222 -132.987167 81.503250
v 7.732298 -133.018936 81.643456
v 7.998094 -132.651062 81.764587
v 7.924614 -132.317245 81.640755
v 8.008974 -132.868790 81.784622
v 8.016235 -133.040833 81.797997
v 7.952839 -132.976318 81.351234
v 7.976388 -133.031403 81.470039
v 8.094219 -132.966843 81.358345
v 8.104343 -133.019913 81.451134
v 8.187252 -133.033829 81.308746
v 8.197563 -133.087860 81.403229
v 8.153023 -132.647873 81.636078
v 8.201752 -132.844437 81.635910
v 8.200872 -132.660660 81.448280
v 8.219378 -132.841660 81.454140
v 8.336580 -132.645706 81.376869
v 8.252338 -132.421677 81.386719
v 8.151924 -132.412354 81.434792
v 8.352680 -132.813370 81.379700
v 8.087557 -132.318771 81.625534
v 8.194149 -132.314926 81.691910
v 8.252338 -132.421677 81.386719
v 8.348555 -132.648483 81.680092
v 8.336580 -132.645706 81.376869
v 8.341963 -132.848007 81.679138
v 8.046482 -132.672836 81.948761
v 8.044224 -132.872360 81.942497
v 8.352680 -132.813370 81.379700
v 7.304121 -132.709824 81.981804
v 7.304121 -132.432266 81.840729
v 7.963366 -132.302612 81.818100
v 8.087557 -132.318771 81.625534
v 7.924614 -132.317245 81.640755
v 8.219378 -132.841660 81.454140
v 8.201752 -132.844437 81.635910
v 8.044224 -132.872360 81.942497
v 8.008974 -132.868790 81.784622
v 7.098910 -132.718765 81.968033
v 7.098910 -132.925232 81.850616
v 7.304121 -132.976486 81.828369
v 8.044224 -132.872360 81.942497
v 8.042400 -133.033569 81.937431
v 8.016235 -133.040833 81.797997
v 7.732298 -133.018936 81.643456
v 7.304121 -132.976486 81.539520
v 7.704122 -133.117828 81.460487
v 7.670760 -133.044693 81.334610
v 7.422751 -132.983292 81.389915
v 7.471015 -132.844849 81.398323
v 7.696621 -132.936188 81.390800
v 7.814222 -132.987167 81.503250
v 7.961060 -133.152039 81.418671
v 7.930259 -133.077530 81.288940
v 8.197563 -133.087860 81.403229
v 8.187252 -133.033829 81.308746
v 7.952839 -132.976318 81.351234
v 8.094219 -132.966843 81.358345
v 8.104343 -133.019913 81.451134
v 7.976388 -133.031403 81.470039
v 7.102668 -132.936066 81.580780
v 8.393637 -132.844879 81.783943
v 8.388773 -133.006104 81.781639
v 8.486700 -132.989838 81.489441
v 8.490694 -132.861145 81.487854
v 8.346937 -133.003601 81.520737
v 8.271900 -133.013351 81.701218
v 8.335295 -132.851074 81.527557
v 8.257322 -132.841324 81.696854
v 8.044224 -132.872360 81.942497
v 8.008974 -132.868790 81.784622
v 8.087557 -132.318771 81.625534
v 8.151924 -132.412354 81.434792
v 8.087557 -132.318771 81.625534
v 8.346937 -133.003601 81.520737
v 8.335295 -132.851074 81.527557
v 8.490694 -132.861145 81.487854
v 8.486700 -132.989838 81.489441
v 8.271900 -133.013351 81.701218
v 8.257322 -132.841324 81.696854
v 7.924614 -132.317245 81.640755
v 7.098910 -132.480667 81.850616
v 7.304121 -132.432266 81.539520
v 7.102668 -132.467285 81.580780
v 7.102668 -132.936066 81.580780
v 0.881024 -132.879669 68.875793
v 0.619154 -132.449768 68.875793
v 1.165215 -132.951279 71.227577
v 0.619154 -132.449768 68.875793
v 0.881024 -132.879669 68.875793
v 0.881024 -132.879669 68.505905
v 0.619154 -132.449768 68.505905
v 0.619154 -133.228241 68.523651
v 0.619154 -133.154327 68.875793
v 0.905084 -132.523376 67.862648
v 0.619154 -132.354263 67.868217
v 1.063068 -134.537628 67.862648
v 0.780535 -134.328842 68.173485
v 0.426572 -134.625900 68.047722
v 0.394534 -134.811234 67.910217
v 0.357284 -132.879669 68.505905
v 0.619154 -133.154327 68.875793
v 0.372845 -132.879669 68.875793
v 0.619154 -132.449768 68.505905
v 0.619154 -132.449768 68.875793
v 0.336893 -132.543274 67.862648
v 0.265768 -134.507355 68.073181
v 0.130052 -134.634689 67.862648
v 0.619154 -132.354263 67.868217
v 0.336893 -132.543274 67.862648
v 1.063068 -134.537628 67.862648
v 0.394534 -134.811234 67.910217
v 0.130052 -134.634689 67.862648
v 0.905084 -132.523376 67.862648
v 0.336893 -132.543274 67.862648
v 0.619154 -132.354263 67.868217
v 0.405199 -133.561996 83.966873
v 0.310331 -133.536453 83.667122
v 0.704464 -133.208313 83.822868
v 0.152816 -133.639984 83.902161
v 0.012404 -133.697296 83.667122
v 0.012404 -133.636566 83.628479
v 0.012404 -133.675201 83.821686
v 0.012404 -133.802536 83.920486
v 0.599341 -133.406342 84.225418
v 0.780101 -133.212219 84.501984
v 0.081631 -133.638153 84.178062
v 0.012404 -133.712006 84.108688
v 0.012404 -133.653183 84.311424
v 0.344696 -133.614853 84.239166
v 0.372842 -133.648376 84.430214
v 0.012404 -133.688522 84.457870
v 0.012404 -133.677429 84.637306
v 0.372842 -133.629730 84.653969
v 0.012404 -133.404358 85.181091
v 0.644279 -133.357361 84.980812
v 0.668668 -132.680145 85.130341
v 0.829423 -132.693283 84.495117
v 0.676726 -132.778183 83.826881
v 0.350000 -133.358963 83.234306
v 0.458957 -132.767426 83.215637
v 0.012404 -133.099030 83.176239
v 0.674152 -132.173843 84.400513
v 0.012404 -131.828552 84.815338
v 0.012404 -131.939865 83.860649
v 0.644992 -132.369202 83.821320
v 0.012404 -132.351837 83.319336
v 0.012404 -132.351837 83.319336
v 0.012404 -132.288986 82.641838
v 0.271007 -133.516525 83.574463
v 0.012404 -133.580765 83.166397
v 0.012404 -133.099030 83.176239
v 0.012404 -133.111694 82.547127
v 0.467534 -132.733658 82.711540
v 0.012404 -133.640717 83.473259
v 0.012404 -133.613129 83.542259
v 0.467534 -132.733658 82.711540
v 0.012404 -132.288986 82.641838
v -0.434149 -132.767426 83.215637
v -0.620183 -132.369202 83.821320
v -0.651917 -132.778183 83.826881
v -0.325192 -133.358963 83.234306
v 0.012404 -133.099030 83.176239
v -0.679655 -133.208313 83.822868
v -0.804614 -132.693283 84.495117
v -0.755293 -133.212219 84.501984
v -0.574532 -133.406342 84.225418
v -0.380390 -133.561996 83.966873
v -0.285523 -133.536453 83.667122
v -0.128008 -133.639984 83.902161
v 0.012404 -133.697296 83.667122
v 0.012404 -133.636566 83.628479
v 0.012404 -133.675201 83.821686
v 0.012404 -133.802536 83.920486
v -0.056822 -133.638153 84.178062
v 0.012404 -133.712006 84.108688
v 0.012404 -133.653183 84.311424
v -0.319888 -133.614853 84.239166
v -0.348034 -133.648376 84.430214
v 0.012404 -133.688522 84.457870
v 0.012404 -133.677429 84.637306
v -0.348034 -133.629730 84.653969
v -0.619471 -133.357361 84.980812
v -0.643859 -132.680145 85.130341
v -0.649343 -132.173843 84.400513
v 0.012404 -131.828552 84.815338
v 0.012404 -131.939865 83.860649
v 0.012404 -132.351837 83.319336
v -0.322313 -133.379333 85.102745
v -0.459236 -132.805405 85.302948
v -0.643859 -132.680145 85.130341
v 0.012404 -132.245300 85.295799
v 0.012404 -131.828552 84.815338
v 0.012404 -133.404358 85.181091
v 0.012404 -132.919510 85.405190
v 0.012404 -132.245300 85.295799
v 0.012404 -132.245300 85.295799
v 0.668668 -132.680145 85.130341
v 0.484045 -132.805405 85.302948
v 0.347122 -133.379333 85.102745
v 0.012404 -132.919510 85.405190
v 0.012404 -132.245300 85.295799
v 0.012404 -133.802536 83.920486
v 0.012404 -133.805237 83.956894
v 0.012404 -133.712006 84.108688
v 0.619154 -133.154327 68.875793
v 0.881024 -132.879669 68.875793
v 0.012404 -132.676636 83.603111
v 0.704464 -133.208313 83.822868
v 0.012404 -133.636566 83.628479
v 0.310331 -133.536453 83.667122
v 0.012404 -133.613129 83.542259
v 0.271007 -133.516525 83.574463
v 0.012404 -133.422791 83.322845
v 0.704464 -133.208313 83.822868
v 0.012404 -132.676636 83.603111
v 1.942397 -132.678268 82.536102
v 1.607806 -132.678268 82.516968
v -4.540206 -132.904984 81.523941
v -6.300860 -132.918076 81.552452
v -6.300860 -132.440323 81.552452
v -4.313445 -132.559067 81.425354
v -7.077860 -132.467255 81.580750
v -7.077861 -132.936035 81.580750
v -4.579795 -132.288956 81.881599
v -5.648786 -132.345840 81.938461
v -7.074100 -132.480637 81.850586
v -7.074100 -132.718735 81.968002
v -5.648786 -132.678238 82.065147
v -4.164080 -132.890076 81.536972
v -7.074100 -132.925201 81.850586
v -5.329665 -133.015747 81.832802
v -7.074100 -132.718735 81.968002
v -5.648786 -132.678238 82.065147
v -4.579799 -132.949600 81.941956
v -4.203672 -132.949203 81.966858
v -2.367586 -133.100433 81.685501
v -3.027462 -133.067520 82.195831
v -1.914213 -133.067520 82.412804
v -4.391735 -132.597839 82.148392
v -3.216747 -132.678238 82.294952
v -2.347774 -132.678238 82.496254
v -2.367586 -132.244492 81.606705
v -1.875772 -132.319366 81.549568
v -1.875772 -133.096802 81.549568
v -1.580689 -133.076309 82.409889
v -1.914213 -132.346100 82.464066
v -3.027462 -132.288971 82.107208
v -2.347774 -132.678238 82.496254
v -3.216747 -132.678238 82.294952
v -4.126278 -132.272705 81.893059
v -4.391735 -132.597839 82.148392
v -1.608704 -132.371185 81.322998
v -1.502098 -133.167267 81.322998
v -1.580689 -132.325745 82.426880
v -1.917587 -132.678238 82.536079
v -1.582998 -132.678253 82.516953
v -4.355187 -132.272156 81.886879
v -0.594346 -132.449753 68.875793
v -0.910346 -132.266739 71.382149
v -0.389556 -132.308151 71.593925
v -0.968841 -132.513138 73.058838
v -0.462213 -132.523529 72.977684
v -0.970189 -132.511002 73.598358
v -0.439649 -132.539124 73.509972
v -1.147803 -133.127396 73.350426
v -1.147804 -133.171295 73.623413
v -1.147803 -133.095291 73.087509
v -0.283251 -133.138657 73.254623
v -0.283252 -133.095291 72.949013
v -0.715527 -133.327393 73.018265
v -0.715527 -133.369614 73.285423
v -1.147803 -133.095291 73.087509
v -1.147803 -133.127396 73.350426
v -0.715528 -133.412064 73.554161
v -1.147804 -133.171295 73.623413
v -0.283251 -133.171295 73.484917
v -0.805492 -133.629486 76.088394
v -0.281246 -133.237106 76.277489
v -1.205426 -133.237106 76.416031
v -0.309400 -132.405533 76.120560
v -1.140407 -132.951263 71.227577
v -0.690371 -133.245178 71.333466
v -0.308287 -132.951263 71.439354
v -0.594346 -133.154312 68.875793
v -0.348036 -132.879654 68.875793
v -0.594346 -132.449753 68.875793
v -0.594346 -133.154312 68.875793
v 0.012404 -133.560760 76.376801
v -0.309400 -132.405533 76.120560
v 0.012404 -132.527084 76.250900
v -1.270182 -132.393051 76.156235
v -1.270182 -132.393051 76.156235
v -1.270182 -132.393051 76.156235
v -1.205426 -133.237106 76.416031
v -0.944117 -133.528076 78.856369
v -1.226099 -133.261337 77.246635
v -0.821995 -133.735321 77.065964
v 0.012404 -134.118225 78.877609
v 0.012404 -133.861694 76.941177
v -1.090970 -132.679794 78.887535
v -1.220450 -132.425232 77.246635
v -1.205426 -133.237106 76.416031
v -0.805492 -133.629486 76.088394
v -0.281246 -133.237106 76.277489
v 0.012404 -133.560760 76.376801
v -1.259399 -132.421356 77.014854
v -1.270182 -132.393051 76.156235
v -0.806702 -132.105301 77.072639
v -1.270182 -132.393051 76.156235
v -0.735517 -132.216232 77.589539
v 0.012404 -132.278580 77.794662
v 0.012404 -132.310715 78.877609
v 0.012404 -132.254700 76.695053
v -0.168761 -132.208344 76.437347
v -0.874276 -132.132019 76.541748
v -0.309400 -132.405533 76.120560
v -1.270182 -132.393051 76.156235
v 0.012404 -132.527084 76.250900
v 0.012404 -132.527084 76.250900
v -1.154153 -132.571777 79.716705
v 0.012404 -132.197815 79.766899
v -1.608704 -132.371185 81.322998
v 0.012404 -131.796722 81.336067
v -0.941788 -132.178223 82.548302
v -1.580689 -132.325745 82.426880
v -1.582998 -132.678253 82.516953
v -0.932935 -132.678253 82.564003
v -0.442726 -132.733658 82.711540
v 0.012404 -132.288986 82.641838
v -1.025290 -133.475220 79.716705
v -1.502098 -133.167267 81.322998
v -0.517879 -133.922379 79.783081
v -0.847144 -133.728790 81.226631
v 0.012404 -133.906128 81.418457
v -0.941788 -133.067535 82.416359
v 0.012404 -133.111694 82.547127
v -0.442726 -132.733658 82.711540
v -0.932935 -132.678253 82.564003
v -1.580689 -133.076309 82.409889
v -1.582998 -132.678253 82.516953
v -1.875772 -133.096802 81.549568
v 0.012404 -134.090424 79.786514
v -7.279314 -132.976471 81.539482
v -7.427750 -132.662109 81.547966
v -7.279313 -132.432251 81.539482
v -7.446208 -132.844833 81.398285
v -7.671814 -132.936172 81.390762
v -7.697984 -132.771637 81.550377
v -7.789415 -132.987152 81.503204
v -7.707491 -133.018921 81.643417
v -7.973287 -132.651047 81.764542
v -7.899807 -132.317230 81.640717
v -7.984167 -132.868774 81.784584
v -7.991427 -133.040817 81.797958
v -7.928032 -132.976303 81.351196
v -7.951581 -133.031387 81.470001
v -8.069410 -132.966827 81.358307
v -8.079535 -133.019897 81.451096
v -8.162444 -133.033813 81.308708
v -8.172755 -133.087845 81.403191
v -8.128216 -132.647858 81.636040
v -8.176944 -132.844421 81.635872
v -8.176064 -132.660645 81.448242
v -8.194570 -132.841644 81.454102
v -8.311772 -132.645691 81.376831
v -8.227530 -132.421661 81.386681
v -8.127116 -132.412338 81.434753
v -8.327873 -132.813354 81.379662
v -8.062750 -132.318756 81.625496
v -8.169342 -132.314911 81.691872
v -8.227530 -132.421661 81.386681
v -8.323747 -132.648468 81.680054
v -8.311772 -132.645691 81.376831
v -8.317156 -132.847992 81.679100
v -8.021675 -132.672821 81.948723
v -8.019417 -132.872345 81.942459
v -8.327873 -132.813354 81.379662
v -7.279314 -132.709808 81.981766
v -7.279313 -132.432251 81.840691
v -7.938558 -132.302597 81.818062
v -8.062750 -132.318756 81.625496
v -7.899807 -132.317230 81.640717
v -8.194570 -132.841644 81.454102
v -8.176944 -132.844421 81.635872
v -8.019417 -132.872345 81.942459
v -7.984167 -132.868774 81.784584
v -7.074100 -132.718735 81.968002
v -7.074100 -132.925201 81.850586
v -7.279314 -132.976471 81.828331
v -8.019417 -132.872345 81.942459
v -8.017591 -133.033554 81.937393
v -7.991427 -133.040817 81.797958
v -7.707491 -133.018921 81.643417
v -7.279314 -132.976471 81.539482
v -7.679315 -133.117813 81.460449
v -7.645953 -133.044678 81.334572
v -7.397944 -132.983276 81.389877
v -7.446208 -132.844833 81.398285
v -7.671814 -132.936172 81.390762
v -7.789415 -132.987152 81.503204
v -7.936253 -133.152023 81.418633
v -7.905452 -133.077515 81.288902
v -8.172755 -133.087845 81.403191
v -8.162444 -133.033813 81.308708
v -7.928032 -132.976303 81.351196
v -8.069410 -132.966827 81.358307
v -8.079535 -133.019897 81.451096
v -7.951581 -133.031387 81.470001
v -7.077861 -132.936035 81.580750
v -8.368830 -132.844864 81.783905
v -8.461892 -132.989822 81.489403
v -8.363965 -133.006088 81.781601
v -8.465886 -132.861130 81.487816
v -8.322128 -133.003586 81.520699
v -8.247092 -133.013336 81.701180
v -8.310487 -132.851059 81.527512
v -8.232514 -132.841309 81.696815
v -8.019417 -132.872345 81.942459
v -7.984167 -132.868774 81.784584
v -8.062750 -132.318756 81.625496
v -8.127116 -132.412338 81.434753
v -8.062750 -132.318756 81.625496
v -8.322128 -133.003586 81.520699
v -8.465886 -132.861130 81.487816
v -8.310487 -132.851059 81.527512
v -8.461892 -132.989822 81.489403
v -8.247092 -133.013336 81.701180
v -8.232514 -132.841309 81.696815
v -7.899807 -132.317230 81.640717
v -7.074100 -132.480637 81.850586
v -7.279313 -132.432251 81.539482
v -7.077860 -132.467255 81.580750
v -7.077861 -132.936035 81.580750
v -0.856215 -132.879654 68.875793
v -0.594346 -132.449753 68.875793
v -1.140407 -132.951263 71.227577
v -0.594346 -132.449753 68.875793
v -0.594346 -132.449753 68.505898
v -0.856215 -132.879654 68.505898
v -0.856215 -132.879654 68.875793
v -0.594346 -133.228226 68.523643
v -0.594346 -133.154312 68.875793
v -0.880275 -132.523361 67.862640
v -0.594346 -132.354248 67.868210
v -1.038260 -134.537613 67.862640
v -0.755726 -134.328827 68.173477
v -0.401764 -134.625885 68.047714
v -0.369725 -134.811218 67.910210
v -0.332474 -132.879654 68.505898
v -0.594346 -133.154312 68.875793
v -0.348036 -132.879654 68.875793
v -0.594346 -132.449753 68.505898
v -0.594346 -132.449753 68.875793
v -0.312085 -132.543259 67.862640
v -0.240959 -134.507339 68.073174
v -0.105244 -134.634674 67.862640
v -0.312085 -132.543259 67.862640
v -0.594346 -132.354248 67.868210
v -1.038260 -134.537613 67.862640
v -0.105244 -134.634674 67.862640
v -0.369725 -134.811218 67.910210
v -0.880275 -132.523361 67.862640
v -0.312085 -132.543259 67.862640
v -0.594346 -132.354248 67.868210
v 0.012404 -133.099030 83.176239
v 0.012404 -133.580765 83.166397
v -0.246199 -133.516525 83.574463
v 0.012404 -133.640717 83.473259
v 0.012404 -133.613129 83.542259
v 0.012404 -133.111694 82.547127
v -0.442726 -132.733658 82.711540
v -0.442726 -132.733658 82.711540
v 0.012404 -132.288986 82.641838
v 0.012404 -132.288986 82.641838
v -0.594346 -133.154312 68.875793
v -0.856215 -132.879654 68.875793
v 0.012404 -132.676636 83.603111
v 0.012404 -133.636566 83.628479
v -0.679655 -133.208313 83.822868
v -0.285523 -133.536453 83.667122
v 0.012404 -133.613129 83.542259
v 0.012404 -133.422791 83.322845
v -0.246199 -133.516525 83.574463
v -0.679655 -133.208313 83.822868
v 0.012404 -132.676636 83.603111
v -1.917587 -132.678238 82.536079
v -1.582998 -132.678253 82.516953
vn -0.0207 -0.7165 -0.6973
vn -0.0255 0.4064 -0.9133
vn 0.0683 0.6544 -0.7530
vn 0.0512 -0.6648 -0.7453
vn -0.1115 0.7019 -0.7035
vn -0.1555 -0.7151 -0.6815
vn 0.0472 0.9698 0.2394
vn 0.0518 0.9233 0.3806
vn -0.0312 0.8305 0.5561
vn -0.0001 -0.0580 0.9983
vn 0.0606 -0.0828 0.9947
vn -0.0238 -0.7149 -0.6988
vn -0.0640 -0.8396 0.5394
vn 0.0233 -0.9588 0.2831
vn -0.0001 -0.0581 0.9983
vn -0.0115 -0.8846 0.4663
vn 0.1045 -0.8851 0.4535
vn 0.0490 -0.7943 -0.6056
vn 0.1574 -0.8370 0.5241
vn 0.0418 -0.7795 0.6250
vn 0.0899 0.0816 0.9926
vn 0.1888 0.0760 0.9791
vn 0.2012 0.0172 0.9794
vn 0.0137 0.7476 -0.6640
vn 0.1449 0.7695 -0.6219
vn 0.3050 -0.7575 -0.5772
vn 0.0124 -0.7983 0.6022
vn 0.0300 0.7354 0.6770
vn 0.1404 0.8973 0.4186
vn 0.2012 0.0173 0.9794
vn 0.1889 0.0761 0.9791
vn -0.0079 0.9899 0.1419
vn 0.6213 0.6579 -0.4257
vn 0.7451 -0.6489 -0.1545
vn 0.1109 0.7805 0.6153
vn 0.0129 -0.0413 0.9991
vn 0.0187 -0.0621 0.9979
vn 0.0393 0.9860 0.1620
vn -0.0206 0.9945 -0.1031
vn -0.6581 0.7515 0.0467
vn 0.5405 0.8413 -0.0098
vn 0.5989 0.7992 0.0513
vn -0.6142 0.7848 0.0826
vn 0.5776 0.8144 -0.0562
vn -0.6432 0.7654 -0.0186
vn 0.9292 -0.3643 -0.0629
vn 0.9067 -0.4114 -0.0934
vn 0.9319 -0.3599 -0.0451
vn -0.9159 -0.3950 -0.0722
vn -0.9221 -0.3855 -0.0344
vn 0.0129 -0.9934 -0.1143
vn 0.0202 -0.9888 -0.1481
vn 0.9292 -0.3642 -0.0629
vn 0.0090 -0.9930 -0.1175
vn 0.9067 -0.4113 -0.0933
vn -0.9071 -0.4178 -0.0508
vn 0.0748 -0.9950 -0.0661
vn -0.5270 -0.5581 -0.6409
vn 0.9194 -0.3915 -0.0375
vn -0.5005 0.6828 -0.5322
vn -0.0000 -0.6392 -0.7690
vn -0.0000 0.2789 -0.9603
vn 0.9489 -0.3090 -0.0648
vn -0.0413 -0.9983 -0.0408
vn -0.9262 -0.3765 -0.0197
vn -0.0250 -0.9996 0.0114
vn -0.9950 -0.0997 -0.0033
vn -0.0249 -0.9996 0.0115
vn 0.7460 0.6550 -0.1201
vn 0.7460 0.6551 -0.1201
vn 0.9194 -0.3914 -0.0375
vn 0.8248 -0.5653 0.0116
vn 0.4632 -0.8745 -0.1438
vn 0.9380 -0.3454 0.0288
vn -0.0000 -0.9994 -0.0357
vn -0.0000 -0.9489 -0.3156
vn 0.8721 0.4870 0.0470
vn 0.8568 0.4909 0.1581
vn 0.2500 0.9487 0.1934
vn 0.2160 0.9709 0.1033
vn -0.0000 0.9986 0.0535
vn -0.0000 0.9997 0.0243
vn -0.0000 0.9962 -0.0874
vn -0.3488 0.8709 -0.3462
vn 0.1281 0.9719 -0.1977
vn -0.5004 0.6826 -0.5326
vn -0.0000 0.2788 -0.9604
vn 0.9046 0.4169 0.0894
vn -0.0000 0.9822 -0.1880
vn 0.8165 0.5309 -0.2269
vn 0.6213 0.6579 -0.4256
vn 0.0001 0.9997 -0.0245
vn 0.2083 0.7123 0.6703
vn 0.0188 -0.0621 0.9979
vn 0.2018 -0.1235 0.9716
vn 0.5848 -0.1700 0.7931
vn -0.0000 0.8650 0.5019
vn 0.8616 -0.4983 -0.0966
vn 0.7450 -0.6489 -0.1545
vn 0.4752 -0.8799 -0.0013
vn 0.4556 -0.8692 0.1920
vn 0.0001 -0.9450 0.3271
vn 0.1917 -0.6954 0.6926
vn -0.0000 -0.8719 0.4896
vn 0.5848 -0.1699 0.7932
vn 0.2018 -0.1236 0.9716
vn 0.0124 -0.7983 0.6021
vn 0.0187 -0.0622 0.9979
vn 0.3049 -0.7575 -0.5773
vn -0.0000 -0.9975 0.0711
vn -0.4408 -0.7146 -0.5433
vn -0.1428 0.6660 -0.7322
vn 0.0664 0.2244 -0.9722
vn -0.2909 0.4654 -0.8359
vn 0.2663 0.6342 -0.7258
vn 0.5293 0.4611 -0.7122
vn 0.7577 0.2611 0.5981
vn 0.3919 -0.9200 -0.0021
vn -0.0710 -0.1191 -0.9903
vn 0.0048 0.6478 -0.7618
vn 0.0565 -0.1729 -0.9833
vn 0.0364 -0.8601 -0.5089
vn 0.0372 0.9298 -0.3662
vn 0.1574 0.3023 0.9401
vn 0.2300 0.9586 -0.1679
vn 0.3412 0.3901 0.8552
vn 0.7614 0.1076 -0.6393
vn 0.8707 -0.4075 0.2752
vn -0.8262 -0.1853 -0.5320
vn -0.4532 -0.8363 -0.3085
vn -0.7808 -0.1605 -0.6038
vn -0.5755 -0.6788 -0.4561
vn 0.5409 0.1107 -0.8338
vn 0.3291 0.5226 -0.7865
vn -0.6583 0.4081 -0.6326
vn 0.5062 -0.4561 -0.7319
vn -0.2582 0.7436 -0.6168
vn 0.5537 0.7935 0.2526
vn -0.6583 0.4080 -0.6326
vn 0.9119 0.1643 0.3761
vn 0.7131 -0.6401 0.2860
vn 0.3472 0.1581 0.9244
vn 0.2479 -0.0155 0.9687
vn -0.0382 -0.0074 0.9992
vn -0.1313 0.8359 0.5330
vn 0.0834 0.8229 0.5620
vn -0.2582 0.7435 -0.6168
vn -0.5756 -0.6787 -0.4561
vn -0.1428 0.6659 -0.7322
vn -0.0002 -0.0580 0.9983
vn -0.1279 -0.8683 0.4793
vn 0.2478 -0.0155 0.9687
vn 0.1066 -0.6639 0.7402
vn 0.3918 -0.9201 -0.0020
vn -0.4408 -0.7146 -0.5432
vn -0.0846 -0.9894 0.1179
vn -0.2199 -0.3368 -0.9156
vn -0.5528 -0.4068 -0.7272
vn 0.2663 0.6342 -0.7259
vn 0.7577 0.2611 0.5980
vn 0.0964 -0.9590 0.2667
vn -0.0475 -0.2948 -0.9544
vn 0.8707 -0.4075 0.2753
vn 0.2299 0.9586 -0.1678
vn 0.3413 0.3901 0.8552
vn 0.1573 0.3024 0.9401
vn -0.1555 -0.7151 -0.6816
vn 0.5824 0.6226 0.5227
vn 0.5984 -0.6225 0.5044
vn 0.6294 -0.5263 -0.5717
vn 0.6350 0.5145 -0.5763
vn -0.4564 -0.6399 -0.6182
vn -0.3260 -0.8379 -0.4377
vn -0.5050 0.6148 -0.6058
vn -0.4123 0.8067 -0.4234
vn 0.0565 -0.1728 -0.9833
vn -0.2581 0.7436 -0.6168
vn 0.5537 0.7935 0.2525
vn -0.6582 0.4080 -0.6326
vn -0.2581 0.7435 -0.6169
vn 0.6350 0.5144 -0.5763
vn 0.6295 -0.5263 -0.5717
vn -0.4122 0.8067 -0.4235
vn 0.0048 0.6479 -0.7617
vn -0.1115 0.7019 -0.7034
vn -0.4407 -0.7146 -0.5432
vn 0.9936 -0.0970 -0.0580
vn -0.0205 0.9945 -0.1031
vn 0.9488 -0.3090 -0.0648
vn 0.9707 0.0618 0.2320
vn -0.0073 0.9718 0.2357
vn -0.0146 -0.5522 0.8336
vn -0.0250 -0.9996 0.0115
vn 0.7029 0.4519 -0.5492
vn -0.0227 0.8451 -0.5341
vn 0.7602 -0.5759 -0.3009
vn 0.3118 -0.3877 0.8675
vn -0.0509 -0.5387 0.8410
vn -0.1106 -0.9868 -0.1181
vn -0.9677 0.0694 0.2422
vn -0.0249 -0.9996 0.0114
vn -0.7060 0.4350 -0.5589
vn -0.4635 -0.3405 0.8181
vn -0.7877 -0.5043 -0.3540
vn -0.0226 0.8451 -0.5342
vn 0.7602 -0.5758 -0.3009
vn -0.7876 -0.5043 -0.3540
vn 0.5204 -0.8431 -0.1356
vn 0.3902 -0.3321 -0.8588
vn 0.8660 -0.3393 -0.3673
vn 0.4696 -0.8810 -0.0579
vn 0.0001 -0.9060 -0.4233
vn -0.0000 -0.2956 -0.9553
vn -0.0000 -0.9721 -0.2347
vn -0.0001 -0.9207 -0.3902
vn 0.7290 -0.6804 -0.0754
vn 0.9295 -0.3665 0.0422
vn 0.3696 -0.9278 0.0501
vn -0.0001 -0.9486 0.3164
vn -0.0000 -0.9958 -0.0920
vn 0.3630 -0.9175 -0.1626
vn 0.4282 -0.9022 -0.0520
vn -0.0000 -0.9968 -0.0794
vn -0.0000 -0.9670 0.2547
vn 0.3939 -0.8925 0.2199
vn -0.0000 -0.6636 0.7481
vn 0.7030 -0.5379 0.4653
vn 0.7993 0.2380 0.5517
vn 0.9929 0.1153 0.0301
vn 0.9537 0.0578 -0.2953
vn 0.6052 -0.4003 -0.6881
vn 0.9124 0.1030 -0.3960
vn -0.0000 -0.5389 -0.8424
vn 0.7735 0.6333 0.0229
vn -0.0000 0.9397 0.3419
vn -0.0000 0.9230 -0.3848
vn 0.8148 0.4648 -0.3465
vn -0.0000 0.9164 -0.4002
vn -0.0000 0.8650 0.5018
vn 0.0980 -0.6530 0.7510
vn -0.0000 -0.6883 -0.7254
vn -0.0000 -0.8719 0.4897
vn 0.9125 0.1029 -0.3960
vn 0.5849 -0.1700 0.7931
vn -0.0000 -0.9995 0.0322
vn -0.0000 -0.3630 0.9318
vn 0.5849 -0.1699 0.7931
vn -0.0000 0.8649 0.5019
vn 0.9124 0.1029 -0.3961
vn -0.9124 0.1030 -0.3960
vn -0.8148 0.4648 -0.3465
vn -0.0000 0.9164 -0.4003
vn -0.9537 0.0578 -0.2953
vn -0.6052 -0.4003 -0.6881
vn -0.8660 -0.3393 -0.3673
vn -0.9929 0.1153 0.0301
vn -0.9295 -0.3665 0.0422
vn -0.7290 -0.6804 -0.0754
vn -0.5204 -0.8431 -0.1356
vn -0.3901 -0.3321 -0.8588
vn -0.4696 -0.8810 -0.0579
vn -0.0001 -0.9060 -0.4233
vn 0.0001 -0.9208 -0.3901
vn -0.3696 -0.9278 0.0501
vn -0.0000 -0.9486 0.3164
vn -0.0000 -0.9958 -0.0921
vn -0.3630 -0.9175 -0.1626
vn -0.4282 -0.9022 -0.0520
vn -0.3939 -0.8925 0.2199
vn -0.7030 -0.5379 0.4653
vn -0.7994 0.2380 0.5517
vn -0.7735 0.6333 0.0229
vn -0.0000 0.9230 -0.3849
vn -0.2775 -0.6404 0.7162
vn -0.4654 -0.0145 0.8850
vn -0.7993 0.2380 0.5518
vn -0.0000 0.5765 0.8171
vn -0.0000 -0.1608 0.9870
vn -0.0000 0.5766 0.8171
vn 0.7993 0.2380 0.5518
vn -0.0001 0.9397 0.3419
vn 0.4654 -0.0144 0.8850
vn 0.2775 -0.6404 0.7162
vn -0.0000 -0.1609 0.9870
vn -0.0000 -0.9208 -0.3901
vn -0.0000 -0.9693 0.2460
vn -0.4696 -0.8810 -0.0580
vn 0.9936 -0.0970 -0.0581
vn -0.0000 -0.9997 -0.0252
vn 0.8660 -0.3392 -0.3673
vn 0.3902 -0.3322 -0.8587
vn 0.0001 -0.3630 0.9318
vn 0.0980 -0.6529 0.7510
vn -0.0000 0.2087 0.9780
vn 0.8660 -0.3393 -0.3674
vn -0.0001 -0.9997 -0.0253
vn 0.0129 -0.0414 0.9991
vn 0.0206 -0.7165 -0.6973
vn -0.0512 -0.6648 -0.7453
vn -0.0684 0.6545 -0.7530
vn 0.0255 0.4064 -0.9133
vn 0.1115 0.7020 -0.7034
vn 0.1554 -0.7151 -0.6815
vn -0.0472 0.9698 0.2394
vn -0.0518 0.9233 0.3806
vn 0.0312 0.8305 0.5561
vn 0.0001 -0.0580 0.9983
vn -0.0606 -0.0828 0.9947
vn 0.0238 -0.7149 -0.6988
vn 0.0640 -0.8396 0.5394
vn -0.0233 -0.9588 0.2831
vn 0.0002 -0.0581 0.9983
vn 0.0115 -0.8846 0.4663
vn -0.1045 -0.8851 0.4535
vn -0.0490 -0.7943 -0.6056
vn -0.1574 -0.8370 0.5241
vn -0.0418 -0.7795 0.6250
vn -0.0899 0.0816 0.9926
vn -0.1888 0.0761 0.9791
vn -0.2012 0.0172 0.9794
vn -0.0138 0.7477 -0.6639
vn -0.1449 0.7695 -0.6219
vn -0.3050 -0.7575 -0.5772
vn -0.0124 -0.7983 0.6021
vn -0.0300 0.7354 0.6770
vn -0.1404 0.8972 0.4186
vn -0.1889 0.0761 0.9790
vn 0.0079 0.9899 0.1419
vn -0.6213 0.6579 -0.4257
vn -0.7450 -0.6489 -0.1545
vn -0.1108 0.7805 0.6153
vn -0.0129 -0.0413 0.9991
vn -0.0187 -0.0621 0.9979
vn -0.0393 0.9860 0.1620
vn 0.0206 0.9945 -0.1031
vn -0.5405 0.8413 -0.0098
vn 0.6581 0.7515 0.0467
vn -0.5989 0.7992 0.0513
vn 0.6142 0.7848 0.0826
vn -0.5787 0.8139 -0.0515
vn 0.6432 0.7654 -0.0186
vn -0.9292 -0.3642 -0.0629
vn -0.9073 -0.4103 -0.0921
vn -0.9319 -0.3600 -0.0451
vn 0.9158 -0.3950 -0.0722
vn 0.9221 -0.3855 -0.0343
vn -0.0129 -0.9934 -0.1143
vn -0.0202 -0.9888 -0.1481
vn -0.9319 -0.3599 -0.0452
vn -0.0090 -0.9930 -0.1174
vn -0.9073 -0.4103 -0.0920
vn 0.9071 -0.4178 -0.0508
vn -0.0791 -0.9950 -0.0610
vn 0.5270 -0.5581 -0.6409
vn -0.9190 -0.3927 -0.0351
vn 0.4751 0.6905 -0.5455
vn -0.9489 -0.3090 -0.0648
vn 0.0413 -0.9983 -0.0408
vn 0.9262 -0.3765 -0.0197
vn 0.0250 -0.9996 0.0114
vn 0.9950 -0.0997 -0.0033
vn 0.0249 -0.9996 0.0114
vn -0.0000 -0.6392 -0.7691
vn -0.7847 0.6061 -0.1301
vn -0.9073 -0.4102 -0.0921
vn -0.9190 -0.3926 -0.0351
vn -0.8248 -0.5653 0.0116
vn -0.9359 -0.3513 0.0240
vn -0.4613 -0.8752 -0.1456
vn -0.8721 0.4870 0.0470
vn -0.8543 0.4923 0.1670
vn -0.0790 -0.9950 -0.0610
vn -0.8987 0.4321 0.0746
vn -0.2246 0.9701 0.0923
vn -0.7846 0.6061 -0.1301
vn -0.2500 0.9487 0.1934
vn 0.3489 0.8709 -0.3462
vn -0.2186 0.9527 -0.2111
vn 0.4750 0.6905 -0.5455
vn -0.7847 0.6060 -0.1302
vn -0.0000 0.2788 -0.9603
vn -0.8165 0.5309 -0.2268
vn -0.0000 0.9997 -0.0245
vn -0.2083 0.7123 0.6703
vn -0.1109 0.7805 0.6153
vn -0.2018 -0.1235 0.9716
vn -0.5848 -0.1700 0.7931
vn -0.8616 -0.4983 -0.0966
vn -0.7450 -0.6489 -0.1544
vn -0.4749 -0.8800 -0.0010
vn -0.4559 -0.8691 0.1918
vn -0.0001 -0.9450 0.3271
vn -0.1916 -0.6954 0.6926
vn -0.5849 -0.1699 0.7931
vn -0.2018 -0.1236 0.9716
vn -0.0188 -0.0622 0.9979
vn -0.3050 -0.7575 -0.5773
vn 0.4407 -0.7146 -0.5433
vn -0.0664 0.2244 -0.9722
vn 0.1427 0.6660 -0.7322
vn 0.2909 0.4655 -0.8359
vn -0.2663 0.6342 -0.7258
vn -0.5293 0.4611 -0.7122
vn -0.7577 0.2611 0.5981
vn -0.3918 -0.9200 -0.0020
vn 0.0710 -0.1191 -0.9903
vn -0.0048 0.6478 -0.7618
vn -0.0565 -0.1729 -0.9833
vn -0.0364 -0.8601 -0.5089
vn -0.0373 0.9298 -0.3662
vn -0.1574 0.3024 0.9401
vn -0.2299 0.9586 -0.1678
vn -0.3412 0.3901 0.8552
vn -0.7614 0.1076 -0.6393
vn -0.8707 -0.4075 0.2752
vn 0.8262 -0.1853 -0.5320
vn 0.4532 -0.8363 -0.3085
vn 0.7808 -0.1605 -0.6038
vn 0.5755 -0.6788 -0.4562
vn -0.5409 0.1107 -0.8338
vn -0.3291 0.5226 -0.7865
vn 0.6582 0.4081 -0.6327
vn -0.5062 -0.4561 -0.7320
vn 0.2582 0.7436 -0.6168
vn -0.5537 0.7935 0.2525
vn 0.6582 0.4080 -0.6326
vn -0.9119 0.1643 0.3761
vn -0.7131 -0.6401 0.2860
vn -0.3472 0.1581 0.9244
vn -0.2479 -0.0155 0.9687
vn 0.0382 -0.0074 0.9992
vn 0.1312 0.8359 0.5330
vn -0.0834 0.8229 0.5620
vn 0.2581 0.7436 -0.6169
vn 0.5756 -0.6787 -0.4562
vn -0.2478 -0.0155 0.9687
vn 0.1427 0.6659 -0.7322
vn 0.1279 -0.8683 0.4793
vn -0.1066 -0.6639 0.7401
vn -0.3918 -0.9201 -0.0020
vn 0.4408 -0.7146 -0.5432
vn 0.0847 -0.9894 0.1179
vn 0.2199 -0.3368 -0.9156
vn 0.5528 -0.4068 -0.7272
vn 0.2909 0.4654 -0.8359
vn -0.2663 0.6342 -0.7259
vn -0.7577 0.2612 0.5981
vn -0.0963 -0.9590 0.2667
vn 0.0475 -0.2948 -0.9544
vn -0.8707 -0.4076 0.2752
vn -0.2300 0.9586 -0.1678
vn -0.3412 0.3902 0.8552
vn -0.1573 0.3024 0.9401
vn 0.1555 -0.7151 -0.6816
vn -0.5823 0.6226 0.5228
vn -0.6295 -0.5263 -0.5717
vn -0.5983 -0.6225 0.5044
vn -0.6350 0.5145 -0.5763
vn 0.4564 -0.6399 -0.6183
vn 0.3261 -0.8379 -0.4377
vn 0.5051 0.6148 -0.6057
vn 0.4123 0.8067 -0.4235
vn 0.2581 0.7436 -0.6168
vn 0.6582 0.4081 -0.6326
vn -0.5537 0.7935 0.2526
vn 0.4564 -0.6399 -0.6182
vn -0.6294 -0.5263 -0.5717
vn 0.4123 0.8067 -0.4234
vn -0.0048 0.6479 -0.7617
vn 0.0313 0.8305 0.5561
vn 0.1428 0.6659 -0.7322
vn 0.1116 0.7020 -0.7034
vn 0.1555 -0.7151 -0.6815
vn -0.9936 -0.0970 -0.0581
vn 0.0205 0.9945 -0.1031
vn -0.9488 -0.3090 -0.0648
vn 0.0073 0.9718 0.2356
vn -0.9707 0.0618 0.2321
vn -0.9936 -0.0970 -0.0580
vn 0.0146 -0.5522 0.8336
vn -0.7029 0.4519 -0.5493
vn 0.0226 0.8451 -0.5342
vn -0.7602 -0.5759 -0.3009
vn -0.3118 -0.3877 0.8675
vn 0.0509 -0.5386 0.8410
vn 0.1106 -0.9868 -0.1181
vn 0.9677 0.0694 0.2422
vn 0.0073 0.9718 0.2357
vn 0.7060 0.4350 -0.5589
vn 0.4635 -0.3405 0.8181
vn 0.7877 -0.5043 -0.3540
vn 0.7061 0.4349 -0.5589
vn -0.7601 -0.5759 -0.3009
vn 0.7876 -0.5043 -0.3540
vn -0.7029 0.4519 -0.5492
vn -0.0980 -0.6530 0.7510
vn -0.0000 -0.5389 -0.8423
vn -0.9125 0.1029 -0.3960
vn -0.5849 -0.1700 0.7931
vn -0.9124 0.1029 -0.3961
vn -0.0000 -0.2955 -0.9553
vn -0.8660 -0.3394 -0.3674
vn -0.3902 -0.3322 -0.8587
vn -0.0000 0.2088 0.9780
vn -0.0980 -0.6529 0.7510
vn -0.0129 -0.0414 0.9991
vn -0.0187 -0.0622 0.9979
vt 0.730382 0.103619
vt 0.705649 0.144477
vt 0.906050 0.162418
vt 0.907543 0.101904
vt 0.999984 0.166941
vt 1.001061 0.095946
vt 0.733494 0.205318
vt 0.838940 0.209383
vt 0.991053 0.210366
vt 0.981648 0.252295
vt 0.840260 0.252371
vt 0.689743 0.104698
vt 0.991405 0.052870
vt 0.810174 0.064464
vt 0.981657 0.011468
vt 0.840250 0.011429
vt 0.734207 0.056759
vt 0.693123 0.056174
vt 0.518060 0.096757
vt 0.575201 0.047645
vt 0.473165 0.043970
vt 0.716055 0.011396
vt 0.597290 0.011359
vt 0.510869 0.011322
vt 0.522475 0.164896
vt 0.485011 0.157654
vt 0.479927 0.107408
vt 0.445175 0.049232
vt 0.473366 0.225391
vt 0.579352 0.211659
vt 0.510849 0.252622
vt 0.597275 0.252464
vt 0.688056 0.203710
vt 0.716059 0.252303
vt 0.459430 0.138427
vt 0.448360 0.105872
vt 0.445220 0.217118
vt 0.468555 0.252667
vt 0.435264 0.252667
vt 0.710772 0.204691
vt 0.809314 0.993189
vt 0.844593 0.748486
vt 0.799681 0.766537
vt 0.795370 0.616810
vt 0.844460 0.624653
vt 0.796731 0.566457
vt 0.846052 0.573862
vt 0.737687 0.589384
vt 0.737679 0.566887
vt 0.737691 0.611583
vt 0.903594 0.595045
vt 0.902086 0.622902
vt 0.947494 0.615460
vt 0.947980 0.591500
vt 0.993009 0.611673
vt 0.993010 0.589483
vt 0.948583 0.568105
vt 0.993012 0.566905
vt 0.904969 0.574145
vt 0.939443 0.344499
vt 0.898532 0.361084
vt 0.993076 0.320695
vt 0.854260 0.365264
vt 0.915162 0.347050
vt 0.854851 0.350073
vt 0.993004 0.780156
vt 0.944441 0.769131
vt 0.900724 0.759988
vt 0.936461 0.995025
vt 0.880074 0.997653
vt 0.789589 0.353336
vt 0.737576 0.320774
vt 0.459999 0.699940
vt 0.421847 0.911548
vt 0.493482 0.874305
vt 0.334346 0.703269
vt 0.334346 0.906337
vt 0.574509 0.696105
vt 0.570429 0.874521
vt 0.490508 0.948126
vt 0.334346 0.965522
vt 0.365140 0.975937
vt 0.420117 0.965795
vt 0.650541 0.838561
vt 0.643075 0.892767
vt 0.726515 0.817051
vt 0.726515 0.703484
vt 0.726515 0.932364
vt 0.709975 0.959389
vt 0.635989 0.948441
vt 0.695226 0.983366
vt 0.579503 0.979625
vt 0.726515 0.978941
vt 0.572418 0.925007
vt 0.726515 0.610225
vt 0.575486 0.609180
vt 0.574131 0.447552
vt 0.726515 0.445670
vt 0.628909 0.318546
vt 0.561909 0.331279
vt 0.561667 0.289065
vt 0.629838 0.284131
vt 0.681244 0.268659
vt 0.726515 0.308737
vt 0.465542 0.609718
vt 0.497836 0.448231
vt 0.389955 0.608312
vt 0.424485 0.456931
vt 0.334346 0.436815
vt 0.434410 0.332167
vt 0.334346 0.318454
vt 0.382074 0.269755
vt 0.433481 0.285227
vt 0.501409 0.332846
vt 0.501652 0.290161
vt 0.532354 0.423067
vt 0.334346 0.607952
vt 0.079805 0.232283
vt 0.164710 0.210607
vt 0.122523 0.194649
vt 0.082536 0.195321
vt 0.065738 0.163787
vt 0.098907 0.148763
vt 0.061632 0.142152
vt 0.067395 0.121429
vt 0.123677 0.114515
vt 0.175785 0.114562
vt 0.094627 0.115280
vt 0.071940 0.113520
vt 0.035702 0.148111
vt 0.041923 0.132093
vt 0.020229 0.138299
vt 0.026355 0.125859
vt 0.005702 0.131286
vt 0.011940 0.118620
vt 0.124248 0.087244
vt 0.097369 0.085301
vt 0.124231 0.055219
vt 0.098622 0.055224
vt 0.124118 0.033753
vt 0.158367 0.040381
vt 0.164154 0.054336
vt 0.099739 0.035139
vt 0.171577 0.088395
vt 0.192231 0.080816
vt 0.172887 0.036601
vt 0.229659 0.051083
vt 0.207206 0.014433
vt 0.253565 0.037615
vt 0.259273 0.099604
vt 0.295568 0.088781
vt 0.225257 0.005464
vt 0.257519 0.214069
vt 0.210893 0.208562
vt 0.203087 0.112287
vt 0.256732 0.004405
vt 0.275505 0.029551
vt 0.296663 0.056271
vt 0.254448 0.243670
vt 0.287294 0.248875
vt 0.299549 0.220380
vt 0.323300 0.104611
vt 0.343328 0.116239
vt 0.349575 0.166371
vt 0.341191 0.234380
vt 0.379236 0.180734
vt 0.393815 0.198439
vt 0.369935 0.227020
vt 0.383913 0.245331
vt 0.408148 0.211617
vt 0.372524 0.153454
vt 0.406401 0.154959
vt 0.418570 0.170953
vt 0.432503 0.130104
vt 0.445823 0.142555
vt 0.433494 0.180403
vt 0.448844 0.163198
vt 0.412154 0.127150
vt 0.395815 0.139939
vt 0.325332 0.261049
vt 0.344700 0.051550
vt 0.359289 0.070966
vt 0.389947 0.045029
vt 0.374202 0.026325
vt 0.391323 0.064504
vt 0.369359 0.086828
vt 0.352694 0.023153
vt 0.330809 0.036634
vt 0.068269 0.054545
vt 0.088448 0.054365
vt 0.085147 0.033440
vt 0.068311 0.035581
vt 0.069129 0.082960
vt 0.091835 0.081384
vt 0.214759 0.239928
vt 0.170727 0.242683
vt 0.094294 0.262400
vt 0.737783 0.987757
vt 0.737708 0.780107
vt 0.274783 0.263290
vt 0.251897 0.284556
vt 0.265085 0.304716
vt 0.290410 0.280108
vt 0.230808 0.322133
vt 0.234686 0.293532
vt 0.317161 0.315098
vt 0.326877 0.296848
vt 0.247112 0.446506
vt 0.230894 0.421947
vt 0.204488 0.436013
vt 0.200804 0.450038
vt 0.202857 0.296193
vt 0.220949 0.280878
vt 0.186739 0.265822
vt 0.206200 0.254811
vt 0.152216 0.291162
vt 0.194174 0.426648
vt 0.177297 0.438725
vt 0.148125 0.271043
vt 0.109679 0.437051
vt 0.158639 0.453515
vt 0.110675 0.292890
vt 0.130164 0.279394
vt 0.048936 0.787641
vt 0.037433 0.823986
vt 0.095670 0.805101
vt 0.018334 0.795488
vt 0.001309 0.823986
vt 0.001309 0.828672
vt 0.001309 0.805245
vt 0.001309 0.793266
vt 0.072476 0.756292
vt 0.104842 0.722758
vt 0.009703 0.762035
vt 0.001309 0.770446
vt 0.001309 0.745864
vt 0.041600 0.754625
vt 0.045013 0.731461
vt 0.001309 0.728107
vt 0.001309 0.706350
vt 0.045012 0.704329
vt 0.000634 0.640415
vt 0.080537 0.664700
vt 0.172489 0.654188
vt 0.168984 0.731210
vt 0.146949 0.810560
vt 0.044855 0.876465
vt 0.134665 0.883862
vt 0.053879 0.921862
vt 0.230813 0.753236
vt 0.327296 0.709405
vt 0.289853 0.844016
vt 0.198004 0.819694
vt 0.222406 0.906637
vt 0.208321 0.985394
vt 0.032665 0.835220
vt 0.001309 0.884699
vt 0.068912 0.997425
vt 0.136690 0.961832
vt 0.001309 0.847491
vt 0.001309 0.839125
vt 0.041894 0.649915
vt 0.070649 0.583980
vt 0.103642 0.580263
vt 0.049090 0.502723
vt 0.103028 0.449168
vt 0.013527 0.576938
vt 0.001309 0.788851
vt 0.992969 0.987765
vt 0.232379 0.916718
vt 0.282941 0.969753
vt 0.311768 0.908112
vt 0.306313 0.933309
vt 0.220304 0.994415
vt 0.243005 0.989735
vt 0.222758 0.978624
vt 0.468563 0.011307
vt 0.435273 0.011298
s 1
usemtl enemy_tonnel
f 1/1/1 2/2/2 3/3/3
f 1/1/1 3/3/3 4/4/4
f 4/4/4 3/3/3 5/5/5
f 4/4/4 5/5/5 6/6/6
f 3/3/3 2/2/2 7/7/7
f 3/3/3 7/7/7 8/8/8
f 5/5/5 3/3/3 8/8/8
f 5/5/5 8/8/8 9/9/9
f 10/10/10 9/9/9 8/8/8
f 10/10/10 8/8/8 11/11/11
f 11/11/11 8/8/8 7/7/7
f 1/1/1 12/12/12 2/2/2
f 4/4/4 6/6/6 13/13/13
f 14/14/14 4/4/4 13/13/13
f 1/1/1 4/4/4 14/14/14
f 14/14/14 13/13/13 15/15/15
f 14/14/14 15/15/15 16/16/11
f 16/16/11 17/17/16 14/14/14
f 1/1/1 14/14/14 17/17/16
f 18/18/17 12/12/12 1/1/1
f 18/18/17 1/1/1 17/17/16
f 18/18/17 19/19/18 12/12/12
f 18/18/17 20/20/19 19/19/18
f 20/20/19 21/21/20 19/19/18
f 22/22/21 20/20/19 18/18/17
f 16/16/11 22/22/21 17/17/16
f 18/18/17 17/17/16 22/22/21
f 22/22/21 23/23/22 20/20/19
f 24/24/23 21/21/20 20/20/19
f 24/24/23 20/20/19 23/23/22
f 25/25/24 12/12/12 19/19/18
f 26/26/25 25/25/24 19/19/18
f 26/26/25 19/19/18 27/27/26
f 19/19/18 21/21/20 27/27/26
f 21/21/20 28/28/27 27/27/26
f 29/29/28 25/25/24 26/26/25
f 29/29/28 30/30/29 25/25/24
f 30/30/29 29/29/28 31/31/30
f 30/30/29 31/31/30 32/32/31
f 33/33/32 30/30/29 32/32/31
f 33/33/32 32/32/31 34/34/21
f 27/27/26 35/35/33 26/26/25
f 27/27/26 36/36/34 35/35/33
f 35/35/33 37/37/35 26/26/25
f 37/37/35 29/29/28 26/26/25
f 37/37/35 38/38/36 29/29/28
f 31/31/30 29/29/28 38/38/36
f 37/37/35 39/39/37 38/38/36
f 30/30/29 33/33/32 2/2/2
f 30/30/29 2/2/2 25/25/24
f 25/25/24 2/2/2 12/12/12
f 2/2/2 33/33/32 40/40/38
f 40/40/38 33/33/32 34/34/21
f 7/7/7 40/40/38 34/34/21
f 7/7/7 2/2/2 40/40/38
f 11/11/11 7/7/7 34/34/21
f 41/41/39 42/42/40 43/43/41
f 42/42/40 44/44/42 43/43/41
f 42/42/40 45/45/43 44/44/42
f 45/45/43 46/46/44 44/44/42
f 45/45/43 47/47/45 46/46/44
f 48/48/46 44/44/42 46/46/44
f 49/49/47 48/48/46 46/46/44
f 48/48/46 50/50/48 44/44/42
f 43/43/41 44/44/42 50/50/48
f 51/51/49 47/47/45 45/45/43
f 52/52/50 51/51/49 45/45/43
f 52/52/50 45/45/43 42/42/40
f 51/51/49 52/52/50 53/53/51
f 51/51/49 53/53/51 54/54/52
f 54/54/52 53/53/51 55/55/48
f 54/54/52 55/55/48 56/56/53
f 57/57/54 54/54/52 56/56/53
f 57/57/54 56/56/53 58/58/55
f 59/59/56 51/51/49 54/54/52
f 59/59/56 54/54/52 57/57/54
f 51/51/49 59/59/56 47/47/45
f 59/59/56 57/57/54 60/60/57
f 60/60/57 57/57/54 58/58/55
f 59/59/56 60/60/57 61/61/58
f 47/47/45 59/59/56 61/61/58
f 60/60/57 58/58/55 62/62/59
f 47/47/45 61/61/58 63/63/60
f 64/64/61 63/63/60 61/61/58
f 64/64/61 65/65/62 63/63/60
f 53/53/51 66/66/63 55/55/48
f 53/53/51 67/67/64 66/66/63
f 53/53/51 52/52/50 68/68/65
f 53/53/51 68/68/65 67/67/64
f 69/69/66 66/66/63 67/67/64
f 68/68/65 69/69/66 67/67/64
f 52/52/50 42/42/40 68/68/65
f 42/42/40 70/70/67 68/68/65
f 42/42/40 71/41/39 70/70/67
f 68/68/65 70/70/67 72/69/68
f 63/63/60 73/71/69 46/46/44
f 63/63/60 46/46/44 47/47/45
f 74/71/69 49/49/47 46/46/44
f 75/71/70 76/72/71 49/49/55
f 77/73/72 78/74/73 79/75/74
f 77/73/72 80/76/75 78/74/73
f 80/76/75 81/77/76 78/74/73
f 79/75/74 82/78/77 77/73/72
f 79/75/74 83/79/78 82/78/77
f 79/75/74 78/74/73 84/80/59
f 78/74/73 81/77/76 85/81/61
f 78/74/73 85/81/61 86/82/58
f 86/82/58 87/83/57 78/74/73
f 78/74/73 87/83/57 84/80/59
f 82/78/77 83/79/78 88/84/79
f 89/85/80 88/84/79 83/79/78
f 89/85/80 90/86/81 88/84/79
f 91/87/82 88/84/79 90/86/81
f 91/87/82 82/78/77 88/84/79
f 92/88/83 90/86/81 89/85/80
f 92/88/83 89/85/80 93/89/84
f 89/85/80 94/90/85 93/89/84
f 93/89/84 94/90/85 95/91/86
f 94/90/85 89/85/80 96/92/70
f 97/93/62 92/88/83 93/89/84
f 98/93/87 93/89/84 95/91/86
f 89/85/80 83/79/78 99/94/88
f 89/85/80 99/94/88 96/92/70
f 99/94/88 83/79/78 79/75/74
f 99/94/88 79/75/74 84/80/59
f 100/92/70 99/94/88 84/80/59
f 94/90/85 101/92/70 95/91/86
f 91/87/82 102/95/89 103/96/90
f 91/87/82 103/96/90 82/78/77
f 102/95/89 104/97/91 103/96/90
f 102/95/89 105/98/92 104/97/91
f 105/98/92 106/99/93 104/97/91
f 107/100/35 104/97/91 106/99/93
f 106/99/93 108/101/94 107/100/35
f 106/99/93 109/102/95 108/101/94
f 110/103/96 109/102/95 106/99/93
f 106/99/93 111/104/97 110/103/96
f 105/98/92 111/104/97 106/99/93
f 77/73/72 82/78/77 103/96/90
f 77/73/72 103/96/90 112/105/98
f 113/106/99 112/105/98 103/96/90
f 113/106/99 103/96/90 104/97/91
f 113/106/99 114/107/100 112/105/98
f 77/73/72 112/105/98 114/107/100
f 113/106/99 115/108/101 114/107/100
f 115/108/101 116/109/102 114/107/100
f 116/109/102 115/108/101 117/110/103
f 117/110/103 115/108/101 113/106/99
f 116/109/102 117/110/103 118/111/104
f 117/110/103 119/112/105 118/111/104
f 117/110/103 120/113/106 119/112/105
f 120/113/106 117/110/103 121/114/107
f 120/113/106 121/114/107 122/115/108
f 77/73/72 114/107/100 80/76/75
f 117/110/103 113/106/99 123/116/109
f 117/110/103 123/116/109 121/114/107
f 80/76/75 114/107/100 124/117/110
f 114/107/100 116/109/102 124/117/110
f 125/118/111 126/119/112 127/120/113
f 128/121/114 125/118/111 127/120/113
f 127/120/113 129/122/115 128/121/114
f 127/120/113 130/123/116 129/122/115
f 129/122/115 130/123/116 131/124/117
f 130/123/116 132/125/118 131/124/117
f 133/126/119 130/123/116 127/120/113
f 127/120/113 134/127/120 133/126/119
f 130/123/116 133/126/119 135/128/121
f 130/123/116 135/128/121 132/125/118
f 135/128/121 136/129/122 132/125/118
f 137/130/123 129/122/115 131/124/117
f 137/130/123 131/124/117 138/131/124
f 139/132/125 137/130/123 138/131/124
f 139/132/125 138/131/124 140/133/126
f 141/134/127 139/132/125 140/133/126
f 141/134/127 140/133/126 142/135/128
f 135/128/121 133/126/119 143/136/129
f 135/128/121 143/136/129 144/137/130
f 144/137/130 143/136/129 145/138/131
f 144/137/130 145/138/131 146/139/132
f 145/138/131 147/140/133 146/139/132
f 148/141/134 147/140/133 145/138/131
f 149/142/135 148/141/134 145/138/131
f 143/136/129 149/142/135 145/138/131
f 147/140/133 150/143/136 146/139/132
f 143/136/129 151/144/137 149/142/135
f 152/145/138 153/146/134 149/142/139
f 154/147/140 153/146/134 152/145/138
f 154/147/140 155/148/133 153/146/134
f 156/149/141 155/148/133 154/147/140
f 157/150/142 156/149/141 154/147/140
f 154/147/140 152/145/138 157/150/142
f 157/150/142 158/151/143 156/149/141
f 156/149/141 159/152/136 155/148/133
f 158/151/143 157/150/142 160/153/144
f 157/150/142 161/154/145 160/153/144
f 157/150/142 162/155/146 161/154/145
f 152/145/138 162/155/146 157/150/142
f 162/155/146 152/145/138 163/144/147
f 164/127/120 162/155/146 163/144/147
f 161/154/145 162/155/146 164/127/120
f 156/149/141 165/156/148 159/152/136
f 156/149/141 166/157/130 165/156/148
f 167/151/143 166/157/130 156/149/141
f 167/151/143 168/158/121 166/157/130
f 126/119/149 161/154/145 164/127/120
f 161/154/145 169/159/150 160/153/144
f 170/160/13 160/153/144 169/159/150
f 170/160/13 171/161/151 160/153/144
f 172/151/152 160/153/144 171/161/151
f 173/162/153 172/151/152 171/161/151
f 171/161/151 174/163/122 173/162/153
f 171/161/151 175/164/154 174/163/122
f 171/161/151 176/165/155 175/164/154
f 170/160/13 176/165/155 171/161/151
f 177/166/156 175/164/154 176/165/155
f 176/165/155 178/167/157 177/166/156
f 176/165/155 179/168/158 178/167/157
f 180/169/114 179/168/158 176/165/155
f 178/167/157 179/168/158 180/169/114
f 178/167/157 180/169/114 181/170/159
f 177/166/156 182/171/160 175/164/154
f 178/167/157 183/172/161 177/166/156
f 178/167/157 184/173/162 183/172/161
f 181/170/159 184/173/162 178/167/157
f 184/173/162 185/174/163 183/172/161
f 184/173/162 186/175/127 185/174/163
f 181/170/159 187/176/123 184/173/162
f 187/176/123 186/175/127 184/173/162
f 187/176/123 188/177/164 186/175/127
f 189/178/165 183/172/161 185/174/163
f 189/178/165 190/179/166 183/172/161
f 190/179/166 182/171/160 177/166/156
f 190/179/166 177/166/156 183/172/161
f 170/160/13 191/180/167 176/165/155
f 192/181/168 193/182/169 194/183/170
f 192/181/168 194/183/170 195/184/171
f 172/151/152 193/182/169 192/181/168
f 172/151/152 173/162/153 193/182/169
f 193/182/169 196/185/172 194/183/170
f 193/182/169 197/186/173 196/185/172
f 173/162/153 197/186/173 193/182/169
f 173/162/153 174/163/122 197/186/173
f 192/181/168 195/184/171 198/187/174
f 192/181/168 198/187/174 199/188/175
f 200/151/143 192/181/168 199/188/175
f 200/151/143 199/188/175 201/158/176
f 202/144/177 152/145/178 203/142/179
f 133/126/119 134/127/120 151/144/180
f 133/126/119 204/144/137 143/136/129
f 205/189/172 206/190/174 207/191/181
f 205/189/172 207/191/181 208/192/182
f 209/193/173 206/190/174 205/189/172
f 209/193/173 210/194/183 206/190/174
f 135/128/121 210/194/183 209/193/173
f 136/129/122 135/128/121 209/193/173
f 126/119/112 211/127/184 127/120/113
f 161/154/145 212/195/9 169/159/150
f 213/119/112 212/195/9 161/154/145
f 213/119/112 214/196/185 212/195/9
f 215/197/6 214/196/185 213/119/112
f 215/197/6 213/119/112 125/118/186
f 216/198/187 217/41/188 43/43/41
f 216/198/187 43/43/41 218/199/189
f 218/199/189 43/43/41 50/50/48
f 219/200/188 220/201/187 221/202/190
f 219/200/188 221/202/190 222/203/191
f 220/201/187 223/204/192 221/202/190
f 220/201/187 224/205/193 223/204/192
f 221/202/190 225/206/194 222/203/191
f 222/203/191 225/206/194 226/207/195
f 221/202/190 227/208/196 225/206/194
f 221/202/190 223/204/192 228/209/197
f 221/202/190 228/209/197 227/208/196
f 229/210/198 227/208/196 228/209/197
f 223/204/192 229/210/198 228/209/197
f 229/210/198 230/211/199 227/208/196
f 223/204/192 231/212/200 229/210/198
f 232/205/201 231/212/200 223/204/192
f 232/205/201 233/213/67 231/212/200
f 233/213/67 234/214/191 231/212/200
f 233/213/67 235/215/39 234/214/191
f 234/214/191 236/216/202 231/212/200
f 231/212/200 237/217/203 229/210/198
f 237/217/203 231/212/200 238/218/204
f 229/210/198 237/217/203 238/218/204
f 229/210/198 238/218/204 230/211/199
f 231/212/200 236/216/202 238/218/204
f 234/214/191 239/219/205 240/216/202
f 241/220/206 242/221/199 243/218/207
f 244/222/194 241/220/206 243/218/207
f 244/222/194 243/218/207 245/216/202
f 246/223/205 244/222/194 245/216/202
f 247/224/208 248/225/209 249/226/210
f 247/224/208 250/227/211 248/225/209
f 250/227/211 251/228/212 248/225/209
f 252/229/213 248/225/209 251/228/212
f 251/228/212 250/227/211 253/230/214
f 253/230/214 250/227/211 254/231/215
f 249/226/210 255/232/216 247/224/208
f 249/226/210 256/233/217 255/232/216
f 250/227/211 247/224/208 257/234/218
f 258/235/219 250/227/211 257/234/218
f 258/235/219 257/234/218 259/236/220
f 247/224/208 260/237/221 257/234/218
f 247/224/208 255/232/216 260/237/221
f 261/238/222 259/236/220 257/234/218
f 257/234/218 260/237/221 261/238/222
f 260/237/221 255/232/216 261/238/222
f 255/232/216 256/233/217 261/238/222
f 259/236/220 261/238/222 262/239/223
f 262/239/223 261/238/222 263/240/224
f 261/238/222 264/241/225 263/240/224
f 256/233/217 264/241/225 261/238/222
f 263/240/224 264/241/225 265/242/226
f 266/243/227 264/241/225 256/233/217
f 266/243/227 256/233/217 267/244/228
f 256/233/217 268/245/229 267/244/228
f 249/226/210 268/245/229 256/233/217
f 249/226/210 269/246/230 268/245/229
f 270/247/231 269/246/230 249/226/210
f 270/247/231 271/248/232 269/246/230
f 270/247/231 272/249/233 271/248/232
f 268/245/229 273/250/234 267/244/228
f 269/246/230 273/250/234 268/245/229
f 274/251/235 267/244/228 273/250/234
f 274/251/235 273/250/234 275/252/236
f 275/252/236 273/250/234 276/253/237
f 271/248/232 276/253/237 269/246/230
f 269/246/230 276/253/237 273/250/234
f 275/252/236 276/253/237 277/254/238
f 271/248/232 278/254/238 276/253/237
f 279/255/239 278/254/238 271/248/232
f 270/247/231 249/226/210 280/256/240
f 281/257/241 270/247/231 280/256/240
f 270/247/231 281/257/241 282/249/233
f 282/249/233 283/258/242 271/248/243
f 283/258/242 284/259/244 271/248/243
f 285/260/245 281/257/241 280/256/240
f 286/261/246 285/260/245 280/256/240
f 287/259/247 288/255/248 271/248/249
f 289/248/250 290/253/251 278/254/252
f 289/248/250 291/246/253 290/253/251
f 292/247/254 291/246/253 289/248/250
f 292/247/254 289/248/250 293/249/233
f 292/247/254 294/226/255 291/246/253
f 294/226/255 295/245/256 291/246/253
f 294/226/255 296/233/257 295/245/256
f 294/226/255 297/232/258 296/233/257
f 294/226/255 298/224/259 297/232/258
f 298/224/259 294/226/255 299/225/260
f 298/224/259 299/225/260 300/227/261
f 300/227/261 299/225/260 301/228/262
f 302/229/213 301/228/262 299/225/260
f 301/228/262 303/230/214 300/227/261
f 303/230/214 304/231/263 300/227/261
f 300/227/261 305/234/264 298/224/259
f 306/235/265 305/234/264 300/227/261
f 306/235/265 307/236/266 305/234/264
f 298/224/259 305/234/264 308/237/267
f 298/224/259 308/237/267 297/232/258
f 309/238/268 305/234/264 307/236/266
f 305/234/264 309/238/268 308/237/267
f 308/237/267 309/238/268 297/232/258
f 297/232/258 309/238/268 296/233/257
f 307/236/266 310/239/223 309/238/268
f 310/239/223 311/240/224 309/238/268
f 309/238/268 311/240/224 312/241/269
f 296/233/257 309/238/268 312/241/269
f 313/243/270 296/233/257 312/241/269
f 313/243/270 314/244/271 296/233/257
f 296/233/257 314/244/271 295/245/256
f 295/245/256 314/244/271 315/250/272
f 316/251/235 315/250/272 314/244/271
f 316/251/235 317/252/273 315/250/272
f 317/252/273 290/253/251 315/250/272
f 317/252/273 318/254/252 290/253/251
f 291/246/253 295/245/256 315/250/272
f 291/246/253 315/250/272 290/253/251
f 313/243/270 312/241/269 319/262/274
f 319/262/274 320/263/275 313/243/270
f 313/243/270 320/263/275 321/264/276
f 321/264/276 320/263/275 322/265/277
f 322/265/277 323/266/235 321/264/276
f 319/262/274 312/241/269 324/242/226
f 320/263/275 319/262/274 324/242/226
f 311/240/224 324/242/226 312/241/269
f 320/263/275 324/242/226 325/267/278
f 326/265/279 320/263/275 325/267/278
f 327/265/277 328/264/280 323/266/281
f 328/264/280 327/265/277 329/263/282
f 266/243/227 328/264/280 329/263/282
f 330/262/283 266/243/227 329/263/282
f 266/243/227 330/262/283 264/241/225
f 330/262/283 265/242/226 264/241/225
f 329/263/282 265/242/226 330/262/283
f 329/263/282 331/267/284 265/242/226
f 332/265/279 331/267/284 329/263/282
f 333/231/285 250/227/211 334/268/286
f 250/227/211 335/235/265 334/268/286
f 333/231/285 334/268/286 300/227/287
f 300/227/287 334/268/286 335/235/265
f 336/69/66 337/269/288 66/66/189
f 338/270/289 339/271/290 340/272/213
f 339/271/290 341/273/291 340/272/213
f 342/274/292 343/275/293 344/276/294
f 343/275/293 345/271/295 344/276/294
f 346/270/296 344/276/294 345/271/295
f 347/277/297 348/278/37 21/21/20
f 24/24/23 347/277/297 21/21/20
f 348/278/37 28/28/27 21/21/20
f 349/1/298 350/4/299 351/3/300
f 349/1/298 351/3/300 352/2/301
f 350/4/299 353/5/302 351/3/300
f 350/4/299 354/6/303 353/5/302
f 351/3/300 355/7/304 352/2/301
f 351/3/300 356/8/305 355/7/304
f 353/5/302 356/8/305 351/3/300
f 353/5/302 357/9/306 356/8/305
f 358/10/307 356/8/305 357/9/306
f 358/10/307 359/11/308 356/8/305
f 359/11/308 355/7/304 356/8/305
f 349/1/298 352/2/301 360/12/309
f 350/4/299 361/13/310 354/6/303
f 362/14/311 361/13/310 350/4/299
f 349/1/298 362/14/311 350/4/299
f 362/14/311 363/15/312 361/13/310
f 362/14/311 364/16/308 363/15/312
f 364/16/308 362/14/311 365/17/313
f 349/1/298 365/17/313 362/14/311
f 366/18/314 365/17/313 349/1/298
f 366/18/314 349/1/298 360/12/309
f 366/18/314 360/12/309 367/19/315
f 366/18/314 367/19/315 368/20/316
f 368/20/316 367/19/315 369/21/317
f 370/22/318 366/18/314 368/20/316
f 364/16/308 365/17/313 370/22/318
f 366/18/314 370/22/318 365/17/313
f 370/22/318 368/20/316 371/23/319
f 372/24/320 368/20/316 369/21/317
f 372/24/320 371/23/319 368/20/316
f 373/25/321 367/19/315 360/12/309
f 374/26/322 367/19/315 373/25/321
f 374/26/322 375/27/323 367/19/315
f 367/19/315 375/27/323 369/21/317
f 369/21/317 375/27/323 376/28/324
f 377/29/325 374/26/322 373/25/321
f 377/29/325 373/25/321 378/30/326
f 378/30/326 379/31/320 377/29/325
f 378/30/326 380/32/327 379/31/320
f 381/33/328 380/32/327 378/30/326
f 381/33/328 382/34/318 380/32/327
f 375/27/323 374/26/322 383/35/329
f 375/27/323 383/35/329 384/36/330
f 383/35/329 374/26/322 385/37/331
f 385/37/331 374/26/322 377/29/325
f 385/37/331 377/29/325 386/38/332
f 379/31/320 386/38/332 377/29/325
f 385/37/331 386/38/332 387/39/333
f 378/30/326 352/2/301 381/33/328
f 378/30/326 373/25/321 352/2/301
f 373/25/321 360/12/309 352/2/301
f 352/2/301 388/40/334 381/33/328
f 388/40/334 382/34/318 381/33/328
f 355/7/304 382/34/318 388/40/334
f 355/7/304 388/40/334 352/2/301
f 359/11/308 382/34/318 355/7/304
f 389/41/335 390/43/336 391/42/337
f 391/42/337 390/43/336 392/44/338
f 391/42/337 392/44/338 393/45/339
f 393/45/339 392/44/338 394/46/340
f 393/45/339 394/46/340 395/47/341
f 396/48/342 394/46/340 392/44/338
f 397/49/343 394/46/340 396/48/342
f 396/48/342 392/44/338 398/50/344
f 390/43/336 398/50/344 392/44/338
f 399/51/345 393/45/339 395/47/341
f 400/52/346 393/45/339 399/51/345
f 400/52/346 391/42/337 393/45/339
f 399/51/345 401/53/347 400/52/346
f 399/51/345 402/54/348 401/53/347
f 402/54/348 403/55/349 401/53/347
f 402/54/348 404/56/342 403/55/349
f 405/57/350 404/56/342 402/54/348
f 405/57/350 406/58/351 404/56/342
f 407/59/352 405/57/350 402/54/348
f 407/59/352 402/54/348 399/51/345
f 399/51/345 395/47/341 407/59/352
f 407/59/352 408/60/353 405/57/350
f 408/60/353 406/58/351 405/57/350
f 407/59/352 409/61/354 408/60/353
f 395/47/341 409/61/354 407/59/352
f 408/60/353 410/62/355 406/58/351
f 395/47/341 411/63/356 409/61/354
f 401/53/347 403/55/349 412/66/357
f 401/53/347 412/66/357 413/67/358
f 401/53/347 414/68/359 400/52/346
f 401/53/347 413/67/358 414/68/359
f 415/69/360 413/67/358 412/66/357
f 414/68/359 413/67/358 415/69/360
f 400/52/346 414/68/359 391/42/337
f 391/42/337 414/68/359 416/70/361
f 391/42/337 416/70/361 417/41/335
f 414/68/359 418/69/362 416/70/361
f 419/64/363 409/61/354 420/63/356
f 419/64/363 420/63/356 421/65/62
f 411/63/356 394/46/340 422/71/364
f 411/63/356 395/47/341 394/46/340
f 423/71/364 394/46/340 397/49/343
f 424/71/364 397/49/365 425/72/366
f 426/73/367 427/75/368 428/74/369
f 426/73/367 428/74/369 429/76/75
f 429/76/75 428/74/369 430/77/76
f 427/75/368 426/73/367 431/78/370
f 427/75/368 431/78/370 432/79/371
f 428/74/369 427/75/368 433/80/355
f 428/74/369 433/80/355 434/83/372
f 435/82/354 428/74/369 434/83/372
f 428/74/369 436/81/61 430/77/76
f 428/74/369 435/82/354 436/81/61
f 437/94/373 433/80/355 427/75/368
f 437/94/373 427/75/368 432/79/371
f 438/92/364 433/80/355 437/94/373
f 439/85/374 437/94/373 432/79/371
f 437/94/373 439/85/374 440/92/375
f 439/85/374 432/79/371 441/84/376
f 431/78/370 441/84/376 432/79/371
f 439/85/374 441/84/376 442/86/81
f 443/87/82 442/86/81 441/84/376
f 443/87/82 441/84/376 431/78/370
f 444/88/83 439/85/374 442/86/81
f 444/88/83 445/89/377 439/85/374
f 439/85/374 445/89/377 446/90/378
f 439/85/374 446/90/378 440/92/375
f 446/90/378 445/89/377 447/91/379
f 448/92/380 446/90/378 447/91/379
f 449/93/381 445/89/377 444/88/83
f 450/93/62 447/91/379 445/89/377
f 443/87/82 431/78/370 451/96/382
f 443/87/82 451/96/382 452/95/89
f 452/95/89 451/96/382 453/97/329
f 452/95/89 453/97/329 454/98/383
f 454/98/383 453/97/329 455/99/384
f 456/100/385 455/99/384 453/97/329
f 455/99/384 456/100/385 457/101/333
f 455/99/384 457/101/333 458/102/386
f 459/103/387 455/99/384 458/102/386
f 455/99/384 459/103/387 460/104/97
f 454/98/383 455/99/384 460/104/97
f 426/73/367 451/96/382 431/78/370
f 426/73/367 461/105/388 451/96/382
f 462/106/389 453/97/329 451/96/382
f 462/106/389 451/96/382 461/105/388
f 462/106/389 461/105/388 463/107/390
f 426/73/367 463/107/390 461/105/388
f 462/106/389 463/107/390 464/108/391
f 464/108/391 463/107/390 465/109/392
f 465/109/392 466/110/393 464/108/391
f 466/110/393 462/106/389 464/108/391
f 465/109/392 467/111/104 466/110/393
f 466/110/393 467/111/104 468/112/394
f 466/110/393 468/112/394 469/113/395
f 469/113/395 470/114/324 466/110/393
f 469/113/395 471/115/396 470/114/324
f 426/73/367 429/76/75 463/107/390
f 466/110/393 472/116/397 462/106/389
f 466/110/393 470/114/324 472/116/397
f 429/76/75 473/117/110 463/107/390
f 463/107/390 473/117/110 465/109/392
f 474/118/398 475/120/399 476/119/400
f 477/121/401 475/120/399 474/118/398
f 475/120/399 477/121/401 478/122/402
f 475/120/399 478/122/402 479/123/403
f 478/122/402 480/124/404 479/123/403
f 479/123/403 480/124/404 481/125/405
f 482/126/406 475/120/399 479/123/403
f 475/120/399 482/126/406 483/127/407
f 479/123/403 484/128/408 482/126/406
f 479/123/403 481/125/405 484/128/408
f 484/128/408 481/125/405 485/129/409
f 486/130/410 480/124/404 478/122/402
f 486/130/410 487/131/411 480/124/404
f 488/132/412 487/131/411 486/130/410
f 488/132/412 489/133/413 487/131/411
f 490/134/414 489/133/413 488/132/412
f 490/134/414 491/135/415 489/133/413
f 484/128/408 492/136/416 482/126/406
f 484/128/408 493/137/417 492/136/416
f 493/137/417 494/138/418 492/136/416
f 493/137/417 495/139/419 494/138/418
f 494/138/418 495/139/419 496/140/420
f 497/141/421 494/138/418 496/140/420
f 498/142/422 494/138/418 497/141/421
f 492/136/416 494/138/418 498/142/422
f 496/140/420 495/139/419 499/143/423
f 492/136/416 498/142/422 500/144/424
f 501/145/425 498/142/426 502/146/421
f 503/147/427 501/145/425 502/146/421
f 503/147/427 502/146/421 504/148/420
f 505/149/428 503/147/427 504/148/420
f 506/150/429 503/147/427 505/149/428
f 503/147/427 506/150/429 501/145/425
f 506/150/429 505/149/428 507/151/430
f 505/149/428 504/148/420 508/152/423
f 507/151/430 509/153/431 506/150/429
f 506/150/429 509/153/431 510/154/432
f 506/150/429 510/154/432 511/155/433
f 501/145/425 506/150/429 511/155/433
f 511/155/433 512/144/434 501/145/425
f 513/127/407 512/144/434 511/155/433
f 510/154/432 513/127/407 511/155/433
f 505/149/428 508/152/423 514/156/435
f 505/149/428 514/156/435 515/157/417
f 516/151/436 505/149/428 515/157/417
f 516/151/436 515/157/417 517/158/408
f 476/119/437 513/127/407 510/154/432
f 510/154/432 509/153/431 518/159/312
f 519/160/310 518/159/312 509/153/431
f 519/160/310 509/153/431 520/161/438
f 521/151/430 520/161/438 509/153/431
f 522/162/439 520/161/438 521/151/430
f 520/161/438 522/162/439 523/163/409
f 520/161/438 523/163/409 524/164/440
f 520/161/438 524/164/440 525/165/441
f 519/160/310 520/161/438 525/165/441
f 526/166/442 525/165/441 524/164/440
f 525/165/441 526/166/442 527/167/443
f 525/165/441 527/167/443 528/168/444
f 529/169/445 525/165/441 528/168/444
f 527/167/443 529/169/445 528/168/444
f 527/167/443 530/170/446 529/169/445
f 526/166/442 524/164/440 531/171/447
f 527/167/443 526/166/442 532/172/448
f 527/167/443 532/172/448 533/173/449
f 530/170/446 527/167/443 533/173/449
f 533/173/449 532/172/448 534/174/450
f 533/173/449 534/174/450 535/175/414
f 530/170/446 533/173/449 536/176/410
f 536/176/410 533/173/449 535/175/414
f 536/176/410 535/175/414 537/177/451
f 538/178/452 534/174/450 532/172/448
f 538/178/452 532/172/448 539/179/453
f 539/179/453 532/172/448 526/166/442
f 539/179/453 526/166/442 531/171/447
f 519/160/310 525/165/441 540/180/454
f 541/181/455 542/183/456 543/182/457
f 541/181/455 544/184/458 542/183/456
f 521/151/430 541/181/455 543/182/457
f 521/151/430 543/182/457 522/162/439
f 543/182/457 542/183/456 545/185/459
f 543/182/457 545/185/459 546/186/460
f 522/162/439 543/182/457 546/186/460
f 522/162/439 546/186/460 523/163/409
f 541/181/455 547/187/461 544/184/458
f 541/181/455 548/188/462 547/187/461
f 549/151/430 548/188/462 541/181/455
f 549/151/430 550/158/408 548/188/462
f 551/144/463 552/142/464 501/145/465
f 482/126/406 500/144/434 483/127/407
f 482/126/406 492/136/416 553/144/424
f 554/189/466 555/191/458 556/190/461
f 554/189/466 557/192/467 555/191/458
f 558/193/460 554/189/466 556/190/461
f 558/193/460 556/190/461 559/194/468
f 484/128/408 558/193/460 559/194/468
f 485/129/409 558/193/460 484/128/408
f 476/119/400 475/120/399 560/127/469
f 476/119/437 510/154/432 561/195/470
f 510/154/432 518/159/312 561/195/470
f 562/119/471 561/195/470 563/196/472
f 564/197/473 562/119/471 563/196/472
f 564/197/473 474/118/441 562/119/471
f 565/198/474 390/43/336 566/41/475
f 565/198/474 567/199/476 390/43/336
f 567/199/476 398/50/344 390/43/336
f 568/200/335 569/203/477 570/202/478
f 568/200/335 570/202/478 571/201/479
f 571/201/479 570/202/478 572/204/480
f 571/201/479 572/204/480 573/205/360
f 570/202/478 569/203/477 574/206/481
f 569/203/477 575/207/482 574/206/481
f 570/202/478 574/206/481 576/208/483
f 570/202/478 577/209/484 572/204/480
f 570/202/478 576/208/483 577/209/484
f 578/210/485 577/209/484 576/208/483
f 572/204/480 577/209/484 578/210/485
f 578/210/485 576/208/483 579/211/486
f 572/204/480 578/210/485 580/212/487
f 581/205/362 572/204/480 580/212/487
f 581/205/362 580/212/487 582/213/361
f 582/213/361 580/212/487 583/214/488
f 582/213/361 583/214/488 584/215/335
f 583/214/488 580/212/487 585/216/489
f 580/212/487 578/210/485 586/217/490
f 586/217/490 587/218/491 580/212/487
f 578/210/485 587/218/491 586/217/490
f 578/210/485 579/211/486 587/218/491
f 580/212/487 587/218/491 585/216/489
f 583/214/488 588/216/492 589/219/482
f 590/220/493 591/218/494 592/221/486
f 593/222/495 591/218/494 590/220/493
f 593/222/495 594/216/489 591/218/494
f 595/223/482 594/216/489 593/222/495
f 292/247/254 596/249/233 597/257/241
f 597/257/241 598/256/496 292/247/254
f 599/260/245 598/256/496 597/257/241
f 600/261/246 598/256/496 599/260/245
f 292/247/254 598/256/496 294/226/255
f 596/249/497 289/248/498 601/258/104
f 601/258/104 289/248/498 602/259/499
f 603/259/394 289/248/500 604/255/248
f 605/255/248 289/248/250 278/254/252
f 606/69/360 412/66/476 607/269/479
f 608/270/289 609/272/501 610/271/502
f 610/271/502 609/272/501 611/273/503
f 612/274/292 613/276/504 614/275/505
f 614/275/505 613/276/504 615/271/255
f 616/270/289 615/271/255 613/276/504
f 617/277/506 369/21/317 618/278/507
f 372/24/320 369/21/317 617/277/506
f 618/278/507 369/21/317 376/28/324
o Object_33.001
v 0.343917 1.663471 -0.149579
v 0.295813 1.657494 -0.205940
v 0.467635 1.365372 -0.075586
v 0.488889 1.415596 -0.007972
v 0.535025 1.258866 -0.011368
v 0.555880 1.308148 0.054976
v 0.361247 1.631401 -0.280479
v 0.472365 1.464453 -0.172739
v 0.577788 1.272170 -0.031565
v 0.606858 1.302144 -0.007351
v 0.507089 1.504728 -0.135923
v 0.342778 1.667637 -0.152223
v 0.597565 1.318904 0.031352
v 0.460181 1.575820 -0.095146
v 0.606858 1.302144 -0.007351
v 0.507089 1.504728 -0.135923
v 0.414831 1.680132 -0.173824
v 0.416280 1.676872 -0.180310
v 0.370627 1.954285 0.008846
v 0.453567 1.871814 -0.087902
v 0.478842 2.063652 -0.016581
v 0.415814 1.677981 -0.257679
v 0.435781 1.870830 -0.166652
v 0.460550 2.022027 -0.113468
v 0.281309 2.006634 -0.108232
v 0.275045 2.079525 -0.054038
v 0.344870 2.028720 0.057875
v 0.394466 2.081904 0.071963
v 0.422142 2.113131 -0.124418
v 0.369651 1.918659 -0.193075
v 0.460550 2.022027 -0.113468
v 0.435781 1.870830 -0.166652
v 0.342115 1.700900 -0.284039
v 0.415814 1.677981 -0.257679
v 0.313824 2.084024 -0.120148
v 0.294303 1.978982 -0.021270
v 0.400161 2.195810 -0.003045
v 0.463369 2.094153 -0.082478
v 0.407660 2.150351 0.044425
v 0.351122 1.665631 -0.283459
v -0.167441 -0.009726 -0.056415
v -0.156346 0.486045 -0.076094
v -0.066601 0.438395 -0.089552
v -0.022825 0.740034 -0.043123
v -0.115687 0.734512 -0.035860
v -0.019293 0.802259 -0.063151
v -0.115070 0.799429 -0.042946
v 0.022602 0.802176 0.060094
v 0.026535 0.863134 0.035192
v 0.016217 0.740535 0.060630
v -0.134513 0.801245 0.077285
v -0.142439 0.731153 0.069813
v -0.060639 0.735269 0.107345
v -0.052471 0.809242 0.109423
v 0.016217 0.740535 0.060630
v 0.022602 0.802176 0.060094
v -0.046998 0.880987 0.085455
v 0.026535 0.863134 0.035192
v -0.130449 0.855238 0.060444
v -0.009748 1.296752 -0.114289
v -0.111240 1.299271 -0.185360
v 0.056509 1.306218 -0.211483
v -0.117316 1.238161 -0.348115
v -0.181842 1.294163 -0.184344
v -0.166000 1.307025 -0.372574
v -0.020583 0.404568 0.031971
v -0.096793 0.431152 0.090344
v -0.166992 0.457963 0.041293
v -0.159937 -0.011471 0.071458
v -0.207343 -0.006324 0.024280
v -0.167441 -0.009726 -0.056415
v -0.159937 -0.011471 0.071458
v 0.047496 1.182179 -0.334343
v 0.047496 1.182179 -0.334343
v 0.047496 1.182179 -0.334343
v 0.056509 1.306218 -0.211483
v 0.065128 1.697995 -0.087072
v -0.015378 1.381012 -0.117471
v 0.071199 1.415097 -0.189910
v -0.115929 1.714042 0.006396
v -0.170303 1.382999 -0.110191
v 0.108415 1.727188 -0.234744
v 0.086122 1.443558 -0.338499
v 0.056509 1.306218 -0.211483
v -0.181842 1.294163 -0.184344
v -0.111240 1.299271 -0.185360
v -0.009748 1.296752 -0.114289
v 0.014178 1.527143 -0.369203
v 0.013158 1.437811 -0.406963
v -0.114021 1.586257 -0.360101
v -0.081491 1.775156 -0.314673
v -0.147218 1.394154 -0.404668
v -0.121936 1.344399 -0.420055
v 0.008444 1.341488 -0.420829
v -0.117316 1.238161 -0.348115
v 0.047496 1.182179 -0.334343
v -0.166000 1.307025 -0.372574
v -0.166000 1.307025 -0.372574
v 0.085115 1.400531 -0.347519
v 0.047496 1.182179 -0.334343
v 0.047496 1.182179 -0.334343
v -0.050667 2.000772 -0.221035
v 0.138504 1.884397 -0.240176
v 0.313824 2.084024 -0.120148
v 0.067028 2.235005 -0.086867
v 0.315755 2.271162 0.051832
v 0.400161 2.195810 -0.003045
v 0.407660 2.150351 0.044425
v 0.313801 2.193507 0.102487
v 0.244068 2.249522 0.171707
v 0.163959 2.323159 0.130416
v 0.116040 1.774504 -0.117901
v 0.294303 1.978982 -0.021270
v 0.036342 1.751482 -0.026330
v 0.180100 1.928225 0.075073
v 0.070610 1.971951 0.192620
v 0.301310 2.133879 0.138246
v 0.155882 2.205819 0.224429
v 0.244068 2.249522 0.171707
v 0.313801 2.193507 0.102487
v 0.394466 2.081904 0.071963
v 0.407660 2.150351 0.044425
v 0.344870 2.028720 0.057875
v -0.051509 1.758440 0.023309
v 0.581721 1.247726 0.092247
v 0.536932 1.264584 0.005636
v 0.558291 1.231303 0.035860
v 0.549222 1.218825 0.076080
v 0.557146 1.175752 0.082572
v 0.569644 1.179976 0.042752
v 0.580403 1.155946 0.077282
v 0.605137 1.172826 0.074374
v 0.596395 1.139882 -0.003938
v 0.548334 1.160344 -0.044444
v 0.617638 1.131680 0.028708
v 0.634015 1.125376 0.054751
v 0.555889 1.128070 0.082278
v 0.579832 1.124991 0.080736
v 0.557279 1.103424 0.074796
v 0.576746 1.102175 0.075506
v 0.555428 1.083652 0.085816
v 0.575254 1.082382 0.086540
v 0.576436 1.109428 -0.000207
v 0.592935 1.094681 0.029224
v 0.547416 1.096093 0.014864
v 0.563393 1.087338 0.042497
v 0.535597 1.070767 0.012938
v 0.518146 1.092899 -0.020265
v 0.524441 1.112159 -0.021711
v 0.549968 1.062781 0.038779
v 0.547169 1.131000 -0.049235
v 0.558372 1.113757 -0.059184
v 0.518146 1.092899 -0.020265
v 0.585022 1.075725 -0.011082
v 0.535597 1.070767 0.012938
v 0.601244 1.070691 0.021001
v 0.628366 1.134969 -0.016903
v 0.643756 1.129041 0.015430
v 0.549968 1.062781 0.038779
v 0.631410 1.266445 0.014797
v 0.585719 1.271706 -0.018207
v 0.576133 1.158110 -0.062294
v 0.547169 1.131000 -0.049235
v 0.548334 1.160344 -0.044444
v 0.563393 1.087338 0.042497
v 0.592935 1.094681 0.029224
v 0.643756 1.129041 0.015430
v 0.617638 1.131680 0.028708
v 0.606858 1.302144 -0.007351
v 0.597565 1.318904 0.031352
v 0.628505 1.254556 0.069380
v 0.643756 1.129041 0.015430
v 0.656191 1.124251 0.041556
v 0.634015 1.125376 0.054751
v 0.605137 1.172826 0.074374
v 0.581721 1.247726 0.092247
v 0.583436 1.170440 0.105677
v 0.556790 1.175655 0.105281
v 0.558905 1.222909 0.100628
v 0.549222 1.218825 0.076080
v 0.557146 1.175752 0.082572
v 0.580403 1.155946 0.077282
v 0.581333 1.122761 0.104590
v 0.553966 1.127472 0.104182
v 0.575254 1.082382 0.086540
v 0.555428 1.083652 0.085816
v 0.555889 1.128070 0.082278
v 0.557279 1.103424 0.074796
v 0.576746 1.102175 0.075506
v 0.579832 1.124991 0.080736
v 0.555880 1.308148 0.054976
v 0.618332 1.064089 0.010228
v 0.631194 1.059904 0.036252
v 0.583233 1.036108 0.053045
v 0.572413 1.039347 0.032537
v 0.588429 1.061242 0.058108
v 0.617924 1.078534 0.048251
v 0.576896 1.068196 0.033744
v 0.602950 1.086349 0.021775
v 0.643756 1.129041 0.015430
v 0.617638 1.131680 0.028708
v 0.547169 1.131000 -0.049235
v 0.524441 1.112159 -0.021711
v 0.547169 1.131000 -0.049235
v 0.588429 1.061242 0.058108
v 0.576896 1.068196 0.033744
v 0.572413 1.039347 0.032537
v 0.583233 1.036108 0.053045
v 0.617924 1.078534 0.048251
v 0.602950 1.086349 0.021775
v 0.548334 1.160344 -0.044444
v 0.577788 1.272170 -0.031565
v 0.536932 1.264584 0.005636
v 0.535025 1.258866 -0.011368
v 0.555880 1.308148 0.054976
v -0.115571 -0.015537 0.018770
v -0.167441 -0.009726 -0.056415
v -0.020583 0.404568 0.031971
v -0.167441 -0.009726 -0.056415
v -0.115571 -0.015537 0.018770
v -0.116759 -0.072156 0.025618
v -0.163107 -0.086712 -0.051951
v -0.165344 -0.064783 0.087899
v -0.159937 -0.011471 0.071458
v -0.101301 -0.195815 -0.023006
v -0.152750 -0.203478 -0.053727
v -0.077747 -0.144778 0.340023
v -0.133324 -0.098546 0.294770
v -0.196181 -0.119653 0.351212
v -0.200267 -0.140387 0.387923
v -0.211614 -0.080566 0.025421
v -0.159937 -0.011471 0.071458
v -0.207343 -0.006324 0.024280
v -0.163107 -0.086712 -0.051951
v -0.167441 -0.009726 -0.056415
v -0.204256 -0.204460 -0.019635
v -0.225411 -0.120519 0.329173
v -0.246969 -0.157423 0.357163
v -0.152750 -0.203478 -0.053727
v -0.204256 -0.204460 -0.019635
v -0.077747 -0.144778 0.340023
v -0.200267 -0.140387 0.387923
v -0.246969 -0.157423 0.357163
v -0.101301 -0.195815 -0.023006
v -0.204256 -0.204460 -0.019635
v -0.152750 -0.203478 -0.053727
v 0.329563 2.307767 0.425304
v 0.283838 2.286499 0.397988
v 0.348088 2.261690 0.349095
v 0.284615 2.324275 0.437650
v 0.236551 2.309518 0.429982
v 0.234708 2.309709 0.417025
v 0.254924 2.328970 0.439470
v 0.260798 2.330613 0.468129
v 0.391686 2.326361 0.418110
v 0.455617 2.351545 0.406569
v 0.306146 2.364559 0.462098
v 0.285810 2.359150 0.469519
v 0.311147 2.386940 0.477196
v 0.349874 2.342199 0.457961
v 0.373896 2.358269 0.478811
v 0.326220 2.401078 0.495174
v 0.346945 2.422549 0.508513
v 0.399940 2.385408 0.494677
v 0.419691 2.505879 0.510688
v 0.485157 2.411601 0.472954
v 0.533471 2.477553 0.376847
v 0.483099 2.384497 0.322050
v 0.369315 2.302501 0.286341
v 0.213006 2.208733 0.300394
v 0.285022 2.275657 0.233972
v 0.179816 2.267532 0.260973
v 0.472805 2.431633 0.234386
v 0.443776 2.584035 0.228157
v 0.331337 2.465811 0.165537
v 0.395311 2.353615 0.217432
v 0.253107 2.372169 0.185759
v 0.253107 2.372169 0.185759
v 0.163959 2.323159 0.130416
v 0.221891 2.236908 0.363475
v 0.143730 2.220165 0.325230
v 0.179816 2.267532 0.260973
v 0.155882 2.205819 0.224429
v 0.244068 2.249522 0.171707
v 0.167631 2.245136 0.370363
v 0.176004 2.254706 0.374933
v 0.244068 2.249522 0.171707
v 0.163959 2.323159 0.130416
v 0.163277 2.381442 0.252855
v 0.222846 2.503470 0.244182
v 0.186626 2.459093 0.306073
v 0.119366 2.287912 0.306173
v 0.179816 2.267532 0.260973
v 0.157770 2.424821 0.369647
v 0.260354 2.578042 0.356600
v 0.246317 2.533408 0.439034
v 0.231668 2.465403 0.442930
v 0.222474 2.400818 0.441917
v 0.202613 2.357076 0.410586
v 0.246334 2.357538 0.443587
v 0.236551 2.309518 0.429982
v 0.234708 2.309709 0.417025
v 0.254924 2.328970 0.439470
v 0.260798 2.330613 0.468129
v 0.287273 2.380958 0.465028
v 0.285810 2.359150 0.469519
v 0.311147 2.386940 0.477196
v 0.259280 2.420916 0.472013
v 0.275629 2.443653 0.494053
v 0.326220 2.401078 0.495174
v 0.346945 2.422549 0.508513
v 0.301673 2.470795 0.509920
v 0.312886 2.561288 0.499674
v 0.354552 2.633018 0.404602
v 0.292391 2.588398 0.262371
v 0.443776 2.584035 0.228157
v 0.331337 2.465811 0.165537
v 0.253107 2.372169 0.185759
v 0.366254 2.538428 0.507170
v 0.394015 2.621435 0.435242
v 0.354552 2.633018 0.404602
v 0.480743 2.607471 0.335193
v 0.443776 2.584035 0.228157
v 0.419691 2.505879 0.510688
v 0.465119 2.568619 0.452110
v 0.480743 2.607471 0.335193
v 0.480743 2.607471 0.335193
v 0.533471 2.477553 0.376847
v 0.522600 2.509707 0.415300
v 0.457508 2.459137 0.493015
v 0.465119 2.568619 0.452110
v 0.480743 2.607471 0.335193
v 0.260798 2.330613 0.468129
v 0.264798 2.334593 0.471628
v 0.285810 2.359150 0.469519
v -0.159937 -0.011471 0.071458
v -0.115571 -0.015537 0.018770
v 0.260839 2.365488 0.258290
v 0.348088 2.261690 0.349095
v 0.234708 2.309709 0.417025
v 0.283838 2.286499 0.397988
v 0.176004 2.254706 0.374933
v 0.221891 2.236908 0.363475
v 0.169684 2.251048 0.322625
v 0.348088 2.261690 0.349095
v 0.260839 2.365488 0.258290
v 0.463369 2.094153 -0.082478
v 0.407660 2.150351 0.044425
v -0.337148 1.905360 -0.108823
v -0.602205 1.734714 -0.052825
v -0.589586 1.691875 -0.127331
v -0.285671 1.886652 -0.157117
v -0.708709 1.620396 -0.100697
v -0.721091 1.662428 -0.027592
v -0.339348 1.903164 -0.244057
v -0.529196 1.795775 -0.196871
v -0.735819 1.655131 -0.122423
v -0.753994 1.690910 -0.095601
v -0.550800 1.841150 -0.156154
v -0.331604 1.914697 -0.107037
v -0.747562 1.694993 -0.053094
v -0.488738 1.874637 -0.093351
v -0.753994 1.690910 -0.095601
v -0.550800 1.841150 -0.156154
v -0.386529 1.956791 -0.137297
v -0.385264 1.961626 -0.141605
v -0.244528 2.163820 0.091059
v -0.338801 2.141520 -0.025797
v -0.279885 2.314262 0.070201
v -0.370095 1.968283 -0.217934
v -0.310358 2.137544 -0.101260
v -0.267555 2.276350 -0.029121
v -0.122256 2.172715 -0.005875
v -0.090972 2.228390 0.059018
v -0.194889 2.211420 0.153330
v -0.160565 2.299677 0.175738
v -0.188575 2.336379 -0.021805
v -0.225895 2.147507 -0.112483
v -0.267555 2.276350 -0.029121
v -0.310358 2.137544 -0.101260
v -0.289067 1.956304 -0.231162
v -0.370095 1.968283 -0.217934
v -0.180035 2.233363 0.011765
v -0.184404 2.135516 0.117080
v -0.118909 2.378630 0.072468
v -0.240397 2.337633 0.011829
v -0.136159 2.355400 0.131962
v -0.313705 1.929136 -0.238850
v -0.197534 0.183655 -0.769992
v -0.298907 0.567829 -0.537155
v -0.214502 0.587883 -0.482575
v -0.356955 0.782286 -0.323390
v -0.267217 0.763815 -0.305720
v -0.355559 0.828464 -0.314909
v -0.266455 0.808925 -0.279294
v -0.422767 0.778999 -0.214954
v -0.421108 0.849996 -0.211386
v -0.415537 0.723950 -0.249536
v -0.272639 0.754676 -0.172434
v -0.261586 0.694387 -0.221804
v -0.349213 0.683470 -0.203937
v -0.359369 0.753762 -0.157907
v -0.415537 0.723950 -0.249536
v -0.422767 0.778999 -0.214954
v -0.360063 0.839717 -0.144901
v -0.421108 0.849996 -0.211386
v -0.273386 0.818072 -0.161356
v -0.349852 1.301994 -0.163367
v -0.235362 1.322555 -0.206109
v -0.393413 1.354971 -0.259399
v -0.211654 1.287008 -0.375379
v -0.367116 0.472379 -0.471836
v -0.304343 0.450040 -0.397790
v -0.226457 0.493542 -0.407487
v -0.229865 0.105645 -0.673660
v -0.174260 0.133307 -0.699006
v -0.197534 0.183655 -0.769992
v -0.229865 0.105645 -0.673660
v -0.181842 1.294163 -0.184344
v -0.211654 1.287008 -0.375379
v -0.166000 1.307025 -0.372574
v -0.379222 1.313504 -0.409615
v -0.379222 1.313504 -0.409615
v -0.379222 1.313504 -0.409615
v -0.393413 1.354971 -0.259399
v -0.275798 1.762544 -0.111353
v -0.370232 1.498675 -0.221352
v -0.312776 1.437318 -0.138653
v -0.115929 1.714042 0.006396
v -0.170303 1.382999 -0.110191
v -0.284853 1.801647 -0.262754
v -0.353295 1.526754 -0.369797
v -0.393413 1.354971 -0.259399
v -0.349852 1.301994 -0.163367
v -0.235362 1.322555 -0.206109
v -0.181842 1.294163 -0.184344
v -0.367256 1.487536 -0.379480
v -0.379222 1.313504 -0.409615
v -0.278790 1.493084 -0.427756
v -0.379222 1.313504 -0.409615
v -0.252399 1.577615 -0.388188
v -0.114021 1.586257 -0.360101
v -0.081491 1.775156 -0.314673
v -0.147218 1.394154 -0.404668
v -0.186507 1.356626 -0.424655
v -0.307589 1.401326 -0.443337
v -0.211654 1.287008 -0.375379
v -0.379222 1.313504 -0.409615
v -0.166000 1.307025 -0.372574
v -0.166000 1.307025 -0.372574
v -0.248248 2.008811 -0.118117
v -0.050667 2.000772 -0.221035
v -0.180035 2.233363 0.011765
v 0.067028 2.235005 -0.086867
v 0.000404 2.376411 0.118839
v -0.118909 2.378630 0.072468
v -0.136159 2.355400 0.131962
v -0.023616 2.326031 0.154645
v 0.093178 2.298061 0.219327
v 0.163959 2.323159 0.130416
v -0.227988 1.885174 -0.009329
v -0.184404 2.135516 0.117080
v -0.139464 1.808038 0.029155
v -0.094758 2.022663 0.172828
v 0.070610 1.971951 0.192620
v -0.031288 2.256674 0.222783
v 0.155882 2.205819 0.224429
v 0.093178 2.298061 0.219327
v -0.023616 2.326031 0.154645
v -0.160565 2.299677 0.175738
v -0.136159 2.355400 0.131962
v -0.194889 2.211420 0.153330
v -0.051509 1.758440 0.023309
v -0.775631 1.626804 -0.005988
v -0.744267 1.610432 -0.058393
v -0.710076 1.640240 -0.078882
v -0.747299 1.592561 -0.019314
v -0.765505 1.552221 -0.020579
v -0.767588 1.562894 -0.061096
v -0.790677 1.539107 -0.033050
v -0.809934 1.561600 -0.038379
v -0.791173 1.534747 -0.117257
v -0.732040 1.546716 -0.144266
v -0.820426 1.528936 -0.090895
v -0.843168 1.524399 -0.069721
v -0.774449 1.505848 -0.027265
v -0.797535 1.508730 -0.033899
v -0.779374 1.483029 -0.038240
v -0.798314 1.486409 -0.041550
v -0.784312 1.462475 -0.029934
v -0.803597 1.465916 -0.033308
v -0.779546 1.500198 -0.113956
v -0.804970 1.487218 -0.090698
v -0.758175 1.479009 -0.095484
v -0.781416 1.471862 -0.073031
v -0.751927 1.451874 -0.098558
v -0.723173 1.472110 -0.124268
v -0.724716 1.492364 -0.124221
v -0.773079 1.445247 -0.077420
v -0.736146 1.518499 -0.152778
v -0.748265 1.505407 -0.167041
v -0.723173 1.472110 -0.124268
v -0.792499 1.470648 -0.130899
v -0.751927 1.451874 -0.098558
v -0.816165 1.466754 -0.103657
v -0.819730 1.538807 -0.136814
v -0.842860 1.533827 -0.109286
v -0.773079 1.445247 -0.077420
v -0.801566 1.663780 -0.088312
v -0.749616 1.660938 -0.110624
v -0.754965 1.552811 -0.167368
v -0.736146 1.518499 -0.152778
v -0.732040 1.546716 -0.144266
v -0.781416 1.471862 -0.073031
v -0.804970 1.487218 -0.090698
v -0.842860 1.533827 -0.109286
v -0.820426 1.528936 -0.090895
v -0.753994 1.690910 -0.095601
v -0.747562 1.694993 -0.053094
v -0.813546 1.646651 -0.036426
v -0.842860 1.533827 -0.109286
v -0.861545 1.529803 -0.087044
v -0.843168 1.524399 -0.069721
v -0.809934 1.561600 -0.038379
v -0.775631 1.626804 -0.005988
v -0.796805 1.551277 -0.004068
v -0.770260 1.549987 0.001516
v -0.761119 1.596602 0.003175
v -0.747299 1.592561 -0.019314
v -0.765505 1.552221 -0.020579
v -0.790677 1.539107 -0.033050
v -0.804765 1.504774 -0.011354
v -0.777643 1.502828 -0.005714
v -0.803597 1.465916 -0.033308
v -0.784312 1.462475 -0.029934
v -0.774449 1.505848 -0.027265
v -0.779374 1.483029 -0.038240
v -0.798314 1.486409 -0.041550
v -0.797535 1.508730 -0.033899
v -0.721091 1.662428 -0.027592
v -0.831424 1.465428 -0.118395
v -0.813607 1.426115 -0.073838
v -0.850364 1.462100 -0.096250
v -0.798040 1.428519 -0.091162
v -0.814295 1.451200 -0.066439
v -0.836437 1.475855 -0.079398
v -0.796395 1.457371 -0.086850
v -0.814614 1.482230 -0.101058
v -0.842860 1.533827 -0.109286
v -0.820426 1.528936 -0.090895
v -0.736146 1.518499 -0.152778
v -0.724716 1.492364 -0.124221
v -0.736146 1.518499 -0.152778
v -0.814295 1.451200 -0.066439
v -0.798040 1.428519 -0.091162
v -0.796395 1.457371 -0.086850
v -0.813607 1.426115 -0.073838
v -0.836437 1.475855 -0.079398
v -0.814614 1.482230 -0.101058
v -0.732040 1.546716 -0.144266
v -0.735819 1.655131 -0.122423
v -0.710076 1.640240 -0.078882
v -0.708709 1.620396 -0.100697
v -0.721091 1.662428 -0.027592
v -0.262978 0.138978 -0.724189
v -0.197534 0.183655 -0.769992
v -0.367116 0.472379 -0.471836
v -0.197534 0.183655 -0.769992
v -0.205114 0.134655 -0.812489
v -0.250904 0.076210 -0.758972
v -0.262978 0.138978 -0.724189
v -0.204591 0.046100 -0.702025
v -0.229865 0.105645 -0.673660
v -0.230238 0.029778 -0.882711
v -0.179989 0.059260 -0.898684
v -0.255099 -0.210535 -0.605976
v -0.217615 -0.135090 -0.592662
v -0.149355 -0.175770 -0.557059
v -0.137928 -0.215086 -0.546183
v -0.157970 0.092633 -0.746246
v -0.229865 0.105645 -0.673660
v -0.174260 0.133307 -0.699006
v -0.205114 0.134655 -0.812489
v -0.197534 0.183655 -0.769992
v -0.129386 0.045269 -0.866135
v -0.122017 -0.153421 -0.566755
v -0.089390 -0.192622 -0.569785
v -0.129386 0.045269 -0.866135
v -0.179989 0.059260 -0.898684
v -0.255099 -0.210535 -0.605976
v -0.089390 -0.192622 -0.569785
v -0.137928 -0.215086 -0.546183
v -0.230238 0.029778 -0.882711
v -0.129386 0.045269 -0.866135
v -0.179989 0.059260 -0.898684
v 0.179816 2.267532 0.260973
v 0.143730 2.220165 0.325230
v 0.150162 2.297559 0.367902
v 0.167631 2.245136 0.370363
v 0.176004 2.254706 0.374933
v 0.155882 2.205819 0.224429
v 0.093178 2.298061 0.219327
v 0.093178 2.298061 0.219327
v 0.163959 2.323159 0.130416
v 0.163959 2.323159 0.130416
v -0.229865 0.105645 -0.673660
v -0.262978 0.138978 -0.724189
v 0.260839 2.365488 0.258290
v 0.234708 2.309709 0.417025
v 0.157770 2.424821 0.369647
v 0.202613 2.357076 0.410586
v 0.176004 2.254706 0.374933
v 0.169684 2.251048 0.322625
v 0.150162 2.297559 0.367902
v 0.157770 2.424821 0.369647
v 0.260839 2.365488 0.258290
v -0.240397 2.337633 0.011829
v -0.136159 2.355400 0.131962
vn -0.4400 0.3097 0.8429
vn -0.9609 -0.2643 -0.0827
vn -0.7818 -0.6067 -0.1442
vn -0.4600 0.1718 0.8711
vn -0.8293 -0.4815 -0.2834
vn -0.4829 0.3773 0.7903
vn -0.1271 -0.3761 -0.9178
vn 0.1355 -0.4906 -0.8608
vn 0.2645 -0.3270 -0.9073
vn 0.8782 0.2648 -0.3982
vn 0.9088 0.2307 -0.3475
vn -0.4065 0.0088 0.9136
vn 0.6444 0.6604 0.3855
vn 0.4898 0.6017 0.6309
vn 0.8782 0.2649 -0.3983
vn 0.9080 0.2282 -0.3515
vn 0.2669 0.9600 0.0849
vn -0.0723 -0.8414 0.5356
vn -0.1313 -0.4812 0.8667
vn 0.8755 -0.3108 0.3700
vn 0.9336 0.0479 0.3550
vn 0.8206 0.1104 -0.5607
vn 0.8208 0.1021 -0.5621
vn 0.8509 0.0705 -0.5206
vn -0.9453 0.0911 -0.3131
vn -0.5799 0.8136 0.0434
vn 0.4032 -0.3607 0.8410
vn 0.5829 -0.3911 0.7122
vn 0.1996 0.5976 -0.7765
vn -0.0718 0.3105 -0.9479
vn 0.8315 0.1081 -0.5449
vn -0.3401 0.1925 -0.9205
vn 0.9058 0.1524 -0.3954
vn 0.9331 -0.0892 0.3485
vn 0.6052 -0.5165 0.6058
vn 0.8152 0.5537 -0.1702
vn 0.9269 0.3075 -0.2151
vn 0.9429 0.0821 0.3228
vn -0.2664 -0.1222 -0.9561
vn -0.0890 -0.0870 -0.9922
vn -0.6930 0.1223 -0.7105
vn 0.4866 -0.0522 -0.8720
vn 0.5929 -0.1232 -0.7958
vn -0.6789 0.0794 -0.7299
vn 0.5236 -0.4221 -0.7401
vn -0.7724 -0.1953 -0.6044
vn 0.9554 -0.0288 0.2940
vn 0.9427 0.0460 0.3304
vn 0.9459 -0.1210 0.3010
vn -0.8422 0.1191 0.5259
vn -0.8930 0.0606 0.4459
vn 0.0684 -0.0705 0.9952
vn 0.1016 0.1448 0.9842
vn 0.9486 -0.1186 0.2933
vn 0.9657 -0.0448 0.2559
vn 0.1134 0.3762 0.9196
vn 0.9428 0.0452 0.3302
vn -0.8480 0.2363 0.4744
vn 0.1846 0.4319 0.8828
vn -0.7125 -0.1416 0.6873
vn 0.9559 0.0818 0.2821
vn -0.5330 -0.7837 -0.3191
vn -0.2698 -0.5958 0.7565
vn -0.3880 -0.8870 -0.2505
vn 0.9540 -0.1632 0.2513
vn 0.0133 -0.0501 0.9987
vn -0.8999 0.0676 0.4309
vn 0.0349 0.0003 0.9994
vn -0.9828 0.0945 0.1589
vn -0.0891 -0.0869 -0.9922
vn 0.0350 0.0003 0.9994
vn 0.7091 -0.5387 -0.4549
vn 0.6622 -0.4954 -0.5622
vn 0.6622 -0.4955 -0.5622
vn 0.9559 0.0817 0.2820
vn 0.9435 0.0445 0.3283
vn 0.7630 -0.2969 0.5742
vn 0.3367 -0.2647 0.9037
vn 0.8921 -0.1816 0.4138
vn -0.0231 -0.2415 0.9701
vn -0.1525 -0.4810 0.8633
vn 0.9264 -0.0201 -0.3759
vn 0.9178 0.0848 -0.3879
vn 0.9379 -0.1454 0.3151
vn -0.1985 -0.8252 0.5288
vn -0.3504 -0.8998 0.2600
vn 0.2833 0.0483 0.9578
vn 0.3770 0.3167 -0.8704
vn 0.3593 0.1886 -0.9140
vn 0.1137 0.2373 -0.9648
vn 0.0175 0.3010 -0.9535
vn 0.0896 0.1009 -0.9909
vn -0.2823 -0.1857 -0.9412
vn 0.4602 -0.1477 -0.8755
vn -0.3492 -0.3313 -0.8765
vn 0.8504 -0.3026 -0.4304
vn -0.1324 -0.8747 -0.4662
vn -0.3317 -0.9241 -0.1898
vn 0.9077 -0.0751 -0.4128
vn 0.6890 -0.4567 -0.5627
vn 0.7313 -0.4878 -0.4768
vn -0.1671 0.4653 -0.8692
vn 0.5984 -0.0481 -0.7997
vn 0.3284 0.1141 -0.9376
vn -0.0392 0.7179 -0.6950
vn 0.5617 0.8255 -0.0548
vn 0.4295 0.8912 -0.1458
vn 0.5762 0.3787 0.7243
vn 0.6917 0.2455 0.6792
vn 0.8931 0.1159 0.4348
vn 0.2308 0.9278 -0.2930
vn 0.7635 -0.6424 -0.0662
vn 0.6982 -0.7149 -0.0381
vn 0.4609 -0.6400 0.6148
vn 0.5525 -0.6357 0.5391
vn 0.2423 -0.4980 0.8326
vn 0.5884 -0.1389 0.7965
vn 0.2523 -0.3467 0.9034
vn 0.9084 0.0746 0.4114
vn 0.7410 0.3952 0.5429
vn 0.5191 -0.0736 0.8515
vn 0.5637 0.4002 0.7226
vn 0.1757 -0.9842 0.0218
vn 0.0859 -0.5797 0.8103
vn -0.1780 0.2381 0.9548
vn -0.9593 0.1577 -0.2341
vn -0.9650 -0.1531 0.2129
vn -0.9668 0.2547 0.0179
vn -0.9231 -0.2465 -0.2952
vn -0.8221 -0.5311 -0.2050
vn 0.4446 -0.6178 -0.6486
vn 0.4302 -0.5398 0.7236
vn -0.8311 -0.0798 0.5504
vn -0.9716 0.0066 -0.2363
vn -0.7955 -0.2125 0.5675
vn -0.0626 -0.2483 0.9667
vn -0.7457 0.0743 -0.6622
vn 0.7068 0.0200 -0.7071
vn -0.5744 -0.0831 -0.8144
vn 0.5987 -0.1555 -0.7857
vn -0.5880 -0.8085 0.0237
vn 0.4642 -0.8842 0.0532
vn -0.4228 0.7063 0.5678
vn 0.0858 0.2601 0.9617
vn -0.4962 0.6568 0.5678
vn -0.1219 0.3872 0.9139
vn -0.7714 -0.6179 0.1522
vn -0.9241 -0.3347 -0.1843
vn -0.7743 0.6302 0.0569
vn -0.4256 -0.6673 0.6113
vn -0.8962 0.2987 -0.3279
vn -0.1122 -0.3728 -0.9211
vn -0.9241 -0.3348 -0.1843
vn -0.7744 0.6301 0.0567
vn 0.2969 -0.8138 -0.4997
vn 0.5728 -0.7684 0.2855
vn 0.7656 -0.1920 -0.6140
vn 0.8797 -0.1188 -0.4604
vn -0.4256 -0.6673 0.6112
vn 0.9111 0.2773 -0.3051
vn 0.5055 -0.2774 -0.8170
vn 0.1314 0.1318 -0.9825
vn -0.8963 0.2987 -0.3279
vn -0.9716 0.0066 -0.2364
vn 0.0857 0.2601 0.9618
vn 0.8798 -0.1188 -0.4603
vn -0.9594 0.1577 -0.2340
vn 0.8785 0.1801 -0.4425
vn 0.6515 0.5728 0.4974
vn 0.7520 0.2899 0.5920
vn 0.9641 -0.1210 0.2364
vn -0.0626 -0.2482 0.9667
vn 0.4302 -0.5397 0.7237
vn -0.2959 0.4147 0.8605
vn 0.5495 -0.0706 0.8325
vn -0.6718 0.0383 0.7397
vn -0.4857 0.3761 0.7891
vn -0.9669 0.2547 0.0179
vn -0.9231 -0.2464 -0.2951
vn 0.4446 -0.6178 -0.6485
vn 0.6755 -0.2229 0.7029
vn -0.7186 -0.1280 0.6835
vn 0.4642 -0.8841 0.0534
vn -0.5881 -0.8084 0.0238
vn -0.7456 0.0744 -0.6623
vn -0.5743 -0.0829 -0.8144
vn 0.5986 -0.1556 -0.7858
vn 0.7067 0.0201 -0.7072
vn -0.3974 0.2480 0.8835
vn 0.2069 -0.3948 -0.8952
vn 0.7548 -0.6250 0.1992
vn -0.2460 -0.7788 0.5770
vn -0.7211 -0.6075 -0.3331
vn -0.2791 0.2564 0.9254
vn -0.0235 0.1187 0.9926
vn -0.8379 0.5193 -0.1680
vn -0.7587 0.4851 -0.4348
vn -0.7955 -0.2124 0.5675
vn -0.8962 0.2989 -0.3278
vn -0.1124 -0.3726 -0.9212
vn -0.7742 0.6303 0.0571
vn -0.8963 0.2986 -0.3278
vn -0.8963 0.2986 -0.3279
vn -0.2791 0.2563 0.9254
vn -0.8380 0.5193 -0.1679
vn -0.2462 -0.7788 0.5770
vn -0.0235 0.1187 0.9927
vn -0.7588 0.4850 -0.4348
vn -0.9716 0.0067 -0.2364
vn 0.3839 -0.9194 -0.0861
vn -0.9685 -0.1757 0.1764
vn 0.3588 -0.8704 0.3372
vn -0.3829 0.3036 0.8725
vn -0.3374 0.4327 0.8361
vn 0.9867 -0.1581 0.0371
vn -0.0890 -0.0869 -0.9922
vn 0.9540 -0.1633 0.2514
vn -0.0226 -0.1419 -0.9896
vn 0.9943 -0.1066 0.0099
vn 0.9588 0.2681 -0.0944
vn -0.0257 0.1431 -0.9894
vn -0.1205 0.8940 0.4315
vn 0.0327 0.0819 0.9961
vn 0.7543 -0.5400 -0.3733
vn 0.0357 -0.6412 -0.7665
vn 0.7755 -0.1536 0.6124
vn 0.2295 0.9353 0.2694
vn -0.1315 0.8971 0.4218
vn -0.1135 0.0043 0.9935
vn -0.9728 0.1966 -0.1225
vn -0.0426 0.0518 0.9977
vn -0.9921 -0.0114 0.1252
vn -0.0142 0.1609 -0.9869
vn -0.0755 -0.1675 -0.9830
vn -0.6484 -0.6717 -0.3582
vn -0.5377 0.8118 0.2276
vn -0.7607 -0.3523 0.5453
vn -0.0144 0.1034 -0.9945
vn 0.0358 -0.6412 -0.7665
vn 0.7755 -0.1537 0.6123
vn -0.7606 -0.3523 0.5453
vn 0.7544 -0.5400 -0.3733
vn -0.6485 -0.6717 -0.3582
vn 0.0977 -0.7432 0.6619
vn -0.4082 -0.9113 -0.0541
vn 0.3828 -0.9234 0.0270
vn 0.1150 -0.7121 0.6926
vn -0.4696 -0.6477 0.5999
vn -0.6608 -0.7279 -0.1829
vn -0.3676 -0.5563 0.7453
vn -0.4525 -0.6329 0.6282
vn 0.3449 -0.7804 0.5215
vn 0.6458 -0.7251 0.2391
vn 0.0965 -0.5984 0.7954
vn -0.0200 -0.1979 0.9800
vn -0.2844 -0.4760 0.8322
vn -0.0383 -0.7241 0.6886
vn 0.0828 -0.6903 0.7188
vn -0.2769 -0.4684 0.8390
vn -0.0625 -0.2446 0.9676
vn 0.2282 -0.4920 0.8402
vn 0.3132 0.1945 0.9295
vn 0.6933 -0.3895 0.6063
vn 0.9963 -0.0721 -0.0465
vn 0.7935 -0.5742 -0.2017
vn 0.5575 -0.7591 -0.3359
vn 0.0156 -0.9690 -0.2467
vn 0.4418 -0.7683 -0.4632
vn -0.4455 -0.8042 -0.3933
vn 0.7388 -0.2226 -0.6361
vn 0.4269 0.6104 -0.6673
vn -0.0284 0.1440 -0.9892
vn 0.5042 -0.5457 -0.6694
vn -0.0395 0.1315 -0.9905
vn -0.0922 0.1848 -0.9784
vn 0.5602 0.6029 -0.5681
vn 0.1802 0.0385 0.9829
vn -0.6441 -0.7642 0.0334
vn -0.6434 -0.7495 -0.1558
vn -0.4427 -0.8961 0.0304
vn -0.0375 -0.1360 0.9900
vn 0.6499 -0.4354 -0.6230
vn 0.9089 -0.0261 0.4163
vn -0.3851 -0.5116 0.7681
vn 0.3265 0.3213 0.8889
vn 0.8950 -0.0132 0.4458
vn 0.2580 0.9530 -0.1587
vn 0.5704 -0.3846 -0.7258
vn -0.8620 0.4332 -0.2634
vn -0.7079 0.5126 -0.4858
vn -0.1170 0.1476 -0.9821
vn -0.8643 0.4801 -0.1501
vn -0.9732 -0.1226 -0.1944
vn -0.7517 -0.5103 -0.4178
vn -0.9536 0.2431 0.1777
vn -0.6889 0.7241 0.0320
vn -0.7442 0.4851 0.4592
vn -0.7223 0.1404 0.6771
vn -0.6312 -0.1131 0.7674
vn -0.8392 -0.5438 0.0099
vn -0.5891 -0.1003 0.8018
vn -0.4698 -0.6476 0.6000
vn -0.6609 -0.7279 -0.1828
vn -0.3678 -0.5561 0.7453
vn -0.4578 -0.1168 0.8814
vn -0.0199 -0.1980 0.9800
vn -0.2845 -0.4758 0.8322
vn -0.5825 -0.2512 0.7730
vn -0.5592 -0.1324 0.8184
vn -0.2768 -0.4684 0.8390
vn -0.0624 -0.2446 0.9676
vn -0.3624 0.0212 0.9318
vn -0.3608 0.5265 0.7698
vn -0.2023 0.9693 0.1394
vn -0.4175 0.7852 -0.4574
vn 0.4268 0.6104 -0.6673
vn -0.0284 0.1439 -0.9892
vn -0.0394 0.1314 -0.9905
vn 0.0907 0.3648 0.9266
vn 0.1974 0.8566 0.4767
vn -0.2022 0.9694 0.1395
vn 0.6391 0.7584 -0.1281
vn 0.3132 0.1946 0.9295
vn 0.5763 0.5565 0.5985
vn 0.9963 -0.0720 -0.0465
vn 0.4268 0.6104 -0.6672
vn 0.8953 0.2503 0.3685
vn 0.5067 0.0033 0.8621
vn 0.5764 0.5564 0.5985
vn -0.4524 -0.6330 0.6282
vn -0.0685 -0.2511 0.9655
vn -0.0200 -0.1980 0.9800
vn -0.5892 -0.1003 0.8017
vn 0.9867 -0.1582 0.0371
vn -0.1922 -0.3567 0.9142
vn 0.2688 -0.9485 0.1676
vn -0.7224 -0.6878 0.0716
vn -0.0209 -0.8068 0.5905
vn 0.3265 0.3212 0.8890
vn 0.1574 -0.0461 0.9865
vn 0.5257 0.6667 0.5283
vn 0.4415 -0.8906 -0.1091
vn -0.4384 -0.5809 0.6859
vn 0.8403 0.4556 -0.2940
vn 0.8009 0.4782 0.3604
vn 0.2419 -0.2377 0.9407
vn 0.2765 -0.2039 0.9391
vn 0.4577 -0.8696 -0.1853
vn 0.7273 -0.6863 0.0010
vn 0.5848 -0.7606 -0.2820
vn 0.4027 -0.0229 0.9151
vn 0.1519 -0.2583 -0.9540
vn -0.1341 -0.2240 -0.9653
vn -0.1635 -0.0166 -0.9864
vn -0.5641 0.7034 -0.4323
vn -0.6169 0.6798 -0.3966
vn -0.0237 -0.4277 0.9036
vn -0.3699 0.8137 0.4483
vn -0.3160 0.6514 0.6898
vn -0.5641 0.7035 -0.4324
vn -0.6164 0.6782 -0.4000
vn -0.2779 0.7663 0.5792
vn -0.9727 0.1624 0.1655
vn -0.2711 -0.5444 0.7938
vn -0.9655 0.1443 0.2167
vn -0.7931 0.5186 0.3193
vn -0.5598 0.5584 -0.6122
vn -0.5568 0.5414 -0.6299
vn -0.6050 0.5263 -0.5975
vn 0.9093 -0.3725 -0.1857
vn 0.9058 0.0830 0.4156
vn -0.5342 0.0613 0.8431
vn -0.5989 0.3173 0.7353
vn 0.1958 0.6492 -0.7350
vn 0.3761 0.3054 -0.8748
vn -0.6049 0.5263 -0.5976
vn -0.5667 0.5520 -0.6116
vn 0.5573 0.0909 -0.8253
vn -0.6336 0.6127 -0.4724
vn -0.4261 0.7112 0.5592
vn -0.6664 0.0477 0.7440
vn -0.1930 0.9799 0.0494
vn -0.5710 0.7856 -0.2381
vn -0.6102 0.6921 0.3855
vn 0.3669 -0.1231 -0.9221
vn 0.2831 0.5228 -0.8041
vn -0.3055 0.5377 -0.7858
vn 0.8159 0.4542 -0.3577
vn -0.4477 0.3777 -0.8105
vn 0.8151 0.4134 -0.4058
vn -0.3664 -0.0079 -0.9304
vn 0.9051 0.0355 -0.4236
vn -0.9960 -0.0710 0.0550
vn -0.9917 -0.0228 0.1262
vn -0.9854 -0.1705 0.0024
vn 0.6991 -0.2526 0.6689
vn 0.7805 -0.3121 0.5416
vn -0.2624 -0.6209 0.7387
vn -0.3033 -0.3520 0.8855
vn -0.9868 -0.1618 0.0027
vn -0.9976 -0.0686 0.0071
vn -0.3067 -0.0321 0.9513
vn -0.9923 -0.0029 0.1236
vn 0.7161 -0.0719 0.6943
vn -0.3716 0.0722 0.9256
vn 0.3494 -0.6067 0.7140
vn -0.9934 0.0571 0.0997
vn 0.4769 -0.6276 -0.6154
vn -0.9813 -0.1811 -0.0652
vn -0.2074 -0.6427 0.7375
vn 0.7967 -0.3017 0.5237
vn -0.2297 -0.6012 0.7654
vn 0.9306 -0.1244 0.3442
vn -0.2297 -0.6012 0.7653
vn -0.2940 -0.7123 0.6374
vn 0.1126 -0.9559 0.2711
vn 0.2991 -0.4531 -0.8398
vn -0.0232 -0.9470 -0.3203
vn -0.6842 -0.1611 -0.7112
vn -0.5805 -0.1918 -0.7914
vn -0.6658 -0.1202 -0.7364
vn -0.9714 0.0106 0.2374
vn -0.9758 0.0521 0.2123
vn -0.8836 0.0435 0.4661
vn -0.9492 0.1335 0.2850
vn -0.5632 -0.1695 0.8088
vn -0.0416 -0.4621 0.8858
vn -0.1526 -0.4810 0.8633
vn -0.7014 0.4820 -0.5250
vn -0.7576 0.4112 -0.5069
vn -0.9735 0.1167 0.1967
vn -0.4765 -0.0210 0.8789
vn 0.0303 -0.9539 0.2985
vn -0.2261 -0.8624 0.4529
vn -0.8237 0.2729 -0.4970
vn -0.6558 -0.0106 -0.7548
vn -0.1198 0.2964 -0.9475
vn -0.7788 0.0453 -0.6256
vn -0.1131 0.4095 -0.9053
vn 0.1136 0.2373 -0.9648
vn 0.1120 0.4130 -0.9038
vn 0.0897 0.1009 -0.9908
vn 0.3193 -0.2970 -0.8999
vn -0.2771 0.0257 -0.9605
vn 0.4002 -0.4928 -0.7727
vn -0.6983 -0.0616 -0.7132
vn -0.1324 -0.8748 -0.4661
vn -0.0743 -0.9639 -0.2557
vn -0.8549 0.3859 -0.3467
vn -0.0680 0.4347 -0.8980
vn -0.6291 0.3855 -0.6750
vn 0.0786 0.6635 -0.7440
vn 0.0352 0.9977 0.0578
vn 0.4175 0.7465 -0.5180
vn -0.0001 0.7081 0.7061
vn -0.1997 0.4978 0.8440
vn -0.4397 0.6721 0.5958
vn 0.2280 0.9431 -0.2419
vn -0.8118 -0.1372 0.5675
vn -0.8722 -0.1448 0.4672
vn -0.4564 -0.3779 0.8055
vn -0.4545 -0.2719 0.8482
vn 0.0341 -0.4033 0.9144
vn -0.2037 0.2497 0.9466
vn 0.0155 -0.3092 0.9509
vn -0.3836 0.6048 0.6979
vn -0.0392 0.8240 0.5652
vn -0.1840 0.3719 0.9099
vn 0.1152 0.7390 0.6638
vn -0.7983 -0.5347 0.2773
vn 0.0449 -0.5708 0.8199
vn 0.0068 0.1013 0.9948
vn 0.8373 -0.3978 0.3751
vn 0.9983 -0.0556 -0.0165
vn 0.9699 0.0137 0.2429
vn 0.8910 -0.4321 -0.1393
vn 0.7139 -0.6913 -0.1113
vn -0.4102 -0.4324 -0.8030
vn -0.6863 -0.4846 0.5424
vn 0.6503 -0.3255 0.6864
vn 0.9782 -0.2044 -0.0374
vn 0.5841 -0.4468 0.6776
vn -0.2097 -0.3424 0.9158
vn 0.8729 -0.0462 -0.4857
vn -0.5099 0.2523 -0.8224
vn 0.7103 -0.1438 -0.6890
vn -0.4272 0.0637 -0.9019
vn 0.3807 -0.9243 0.0260
vn -0.6426 -0.7487 -0.1626
vn 0.4263 0.5304 0.7327
vn -0.2408 0.1849 0.9528
vn 0.4855 0.4651 0.7403
vn -0.0054 0.2625 0.9649
vn 0.5673 -0.7954 0.2133
vn 0.8483 -0.5277 -0.0437
vn 0.8585 0.4191 0.2954
vn 0.1252 -0.8021 0.5839
vn 0.9895 0.1043 -0.1004
vn 0.2328 -0.3038 -0.9238
vn 0.8585 0.4192 0.2954
vn 0.8483 -0.5277 -0.0438
vn -0.3449 -0.6706 -0.6568
vn 0.5672 -0.7955 0.2132
vn -0.7729 -0.6319 0.0573
vn -0.6320 0.0528 -0.7732
vn -0.7591 0.1369 -0.6364
vn 0.1252 -0.8022 0.5838
vn -0.6809 0.6174 -0.3939
vn -0.3162 0.1951 -0.9284
vn 0.1228 0.2477 -0.9610
vn 0.9895 0.1042 -0.1003
vn -0.7591 0.1370 -0.6364
vn 0.9891 0.0036 -0.1469
vn -0.5604 0.6870 -0.4627
vn -0.4220 0.7579 0.4975
vn -0.7610 0.4543 0.4631
vn -0.9955 0.0920 0.0230
vn -0.6863 -0.4845 0.5424
vn 0.2309 0.2339 0.9444
vn -0.7237 -0.0122 0.6900
vn 0.4818 -0.1904 0.8553
vn 0.3659 0.1762 0.9138
vn 0.8910 -0.4321 -0.1392
vn -0.4100 -0.4324 -0.8031
vn -0.8470 -0.1177 0.5184
vn 0.5033 -0.3572 0.7868
vn -0.6427 -0.7487 -0.1626
vn 0.8729 -0.0463 -0.4857
vn 0.7103 -0.1439 -0.6891
vn -0.4272 0.0638 -0.9019
vn -0.5098 0.2522 -0.8225
vn 0.3077 -0.0735 0.9486
vn -0.0813 -0.2512 -0.9645
vn -0.0616 -0.8640 0.4997
vn -0.8961 -0.4419 -0.0423
vn 0.6301 -0.7295 -0.2662
vn 0.1136 0.0975 0.9887
vn -0.1741 0.0193 0.9845
vn 0.9455 0.3172 0.0742
vn 0.9225 0.3271 -0.2052
vn 0.5841 -0.4469 0.6776
vn 0.9895 0.1046 -0.1001
vn 0.8584 0.4194 0.2956
vn 0.2330 -0.3037 -0.9238
vn 0.9895 0.1041 -0.1003
vn 0.9895 0.1043 -0.1003
vn 0.1136 0.0974 0.9887
vn 0.6300 -0.7295 -0.2663
vn 0.9455 0.3171 0.0740
vn -0.0617 -0.8640 0.4997
vn -0.1740 0.0194 0.9846
vn 0.9224 0.3271 -0.2053
vn 0.9782 -0.2043 -0.0374
vn -0.5131 -0.8385 -0.1835
vn -0.9936 0.0831 -0.0764
vn -0.9861 0.0569 0.1559
vn -0.9201 -0.2517 0.3000
vn 0.3232 -0.1846 0.9282
vn 0.3815 0.0011 0.9244
vn -0.9716 -0.0440 -0.2327
vn -0.9813 -0.1812 -0.0651
vn 0.0491 0.5230 -0.8509
vn 0.0304 0.8089 -0.5872
vn -0.9951 0.0987 0.0076
vn -0.9358 -0.1722 -0.3075
vn -0.1640 0.3183 0.9337
vn -0.2038 -0.6843 0.7002
vn -0.5701 -0.2408 -0.7855
vn 0.1311 0.1482 -0.9802
vn -0.6713 -0.7258 0.1504
vn -0.4900 0.3447 0.8007
vn -0.1290 0.2904 0.9482
vn 0.1422 -0.7033 0.6965
vn 0.8772 0.4138 0.2434
vn -0.0298 -0.6412 0.7668
vn 0.9295 -0.1933 0.3142
vn 0.0981 0.8450 -0.5257
vn 0.2686 0.4947 -0.8265
vn 0.8070 -0.0159 -0.5903
vn 0.2770 0.4718 0.8371
vn 0.8502 -0.4525 0.2691
vn -0.0527 0.8017 -0.5954
vn 0.8071 -0.0160 -0.5902
vn 0.1312 0.1482 -0.9802
vn -0.6712 -0.7258 0.1504
vn 0.8502 -0.4525 0.2690
vn -0.5702 -0.2408 -0.7854
vn 0.1312 0.1483 -0.9802
vn 0.0835 0.0934 0.9921
vn -0.3851 -0.5115 0.7682
vn -0.4582 -0.8888 0.0035
vn -0.9582 0.2395 0.1564
vn 0.2132 0.0137 0.9769
vn 0.0745 0.7657 0.6389
vn 0.0072 0.7882 0.6154
vn -0.9718 0.1546 0.1780
vn 0.1457 0.8608 -0.4877
vn 0.5550 0.6299 -0.5433
vn -0.9715 -0.0440 -0.2327
vn -0.1785 -0.3681 0.9125
vn -0.5462 -0.8343 0.0747
vn -0.9417 0.1052 0.3194
vn -0.6273 -0.1522 0.7637
vn 0.3265 0.3211 0.8890
vn 0.6266 0.5746 0.5265
vn -0.0224 0.0384 0.9990
vn -0.9514 0.3080 0.0036
vn -0.4214 -0.5954 0.6840
vn -0.4090 0.8606 -0.3037
vn -0.3421 0.8892 0.3039
vt 0.730382 0.103619
vt 0.705649 0.144477
vt 0.906050 0.162418
vt 0.907543 0.101904
vt 0.999984 0.166941
vt 1.001061 0.095946
vt 0.733494 0.205318
vt 0.838940 0.209383
vt 0.991053 0.210366
vt 0.981648 0.252295
vt 0.840260 0.252371
vt 0.689743 0.104698
vt 0.991405 0.052870
vt 0.810174 0.064464
vt 0.981657 0.011468
vt 0.840250 0.011429
vt 0.734207 0.056759
vt 0.693123 0.056174
vt 0.518060 0.096757
vt 0.575201 0.047645
vt 0.473165 0.043970
vt 0.716055 0.011396
vt 0.597290 0.011359
vt 0.510869 0.011322
vt 0.522475 0.164896
vt 0.485011 0.157654
vt 0.479927 0.107408
vt 0.445175 0.049232
vt 0.473366 0.225391
vt 0.579352 0.211659
vt 0.510849 0.252622
vt 0.597275 0.252464
vt 0.688056 0.203710
vt 0.716059 0.252303
vt 0.459430 0.138427
vt 0.448360 0.105872
vt 0.445220 0.217118
vt 0.468555 0.252667
vt 0.435264 0.252667
vt 0.710772 0.204691
vt 0.809314 0.993189
vt 0.844593 0.748486
vt 0.799681 0.766537
vt 0.795370 0.616810
vt 0.844460 0.624653
vt 0.796731 0.566457
vt 0.846052 0.573862
vt 0.737687 0.589384
vt 0.737679 0.566887
vt 0.737691 0.611583
vt 0.903594 0.595045
vt 0.902086 0.622902
vt 0.947494 0.615460
vt 0.947980 0.591500
vt 0.993009 0.611673
vt 0.993010 0.589483
vt 0.948583 0.568105
vt 0.993012 0.566905
vt 0.904969 0.574145
vt 0.939443 0.344499
vt 0.898532 0.361084
vt 0.993076 0.320695
vt 0.854260 0.365264
vt 0.915162 0.347050
vt 0.854851 0.350073
vt 0.993004 0.780156
vt 0.944441 0.769131
vt 0.900724 0.759988
vt 0.936461 0.995025
vt 0.880074 0.997653
vt 0.789589 0.353336
vt 0.737576 0.320774
vt 0.459999 0.699940
vt 0.421847 0.911548
vt 0.493482 0.874305
vt 0.334346 0.703269
vt 0.334346 0.906337
vt 0.574509 0.696105
vt 0.570429 0.874521
vt 0.490508 0.948126
vt 0.334346 0.965522
vt 0.365140 0.975937
vt 0.420117 0.965795
vt 0.650541 0.838561
vt 0.643075 0.892767
vt 0.726515 0.817051
vt 0.726515 0.703484
vt 0.726515 0.932364
vt 0.709975 0.959389
vt 0.635989 0.948441
vt 0.695226 0.983366
vt 0.579503 0.979625
vt 0.726515 0.978941
vt 0.572418 0.925007
vt 0.726515 0.610225
vt 0.575486 0.609180
vt 0.574131 0.447552
vt 0.726515 0.445670
vt 0.628909 0.318546
vt 0.561909 0.331279
vt 0.561667 0.289065
vt 0.629838 0.284131
vt 0.681244 0.268659
vt 0.726515 0.308737
vt 0.465542 0.609718
vt 0.497836 0.448231
vt 0.389955 0.608312
vt 0.424485 0.456931
vt 0.334346 0.436815
vt 0.434410 0.332167
vt 0.334346 0.318454
vt 0.382074 0.269755
vt 0.433481 0.285227
vt 0.501409 0.332846
vt 0.501652 0.290161
vt 0.532354 0.423067
vt 0.334346 0.607952
vt 0.079805 0.232283
vt 0.164710 0.210607
vt 0.122523 0.194649
vt 0.082536 0.195321
vt 0.065738 0.163787
vt 0.098907 0.148763
vt 0.061632 0.142152
vt 0.067395 0.121429
vt 0.123677 0.114515
vt 0.175785 0.114562
vt 0.094627 0.115280
vt 0.071940 0.113520
vt 0.035702 0.148111
vt 0.041923 0.132093
vt 0.020229 0.138299
vt 0.026355 0.125859
vt 0.005702 0.131286
vt 0.011940 0.118620
vt 0.124248 0.087244
vt 0.097369 0.085301
vt 0.124231 0.055219
vt 0.098622 0.055224
vt 0.124118 0.033753
vt 0.158367 0.040381
vt 0.164154 0.054336
vt 0.099739 0.035139
vt 0.171577 0.088395
vt 0.192231 0.080816
vt 0.172887 0.036601
vt 0.229659 0.051083
vt 0.207206 0.014433
vt 0.253565 0.037615
vt 0.259273 0.099604
vt 0.295568 0.088781
vt 0.225257 0.005464
vt 0.257519 0.214069
vt 0.210893 0.208562
vt 0.203087 0.112287
vt 0.256732 0.004405
vt 0.275505 0.029551
vt 0.296663 0.056271
vt 0.254448 0.243670
vt 0.287294 0.248875
vt 0.299549 0.220380
vt 0.323300 0.104611
vt 0.343328 0.116239
vt 0.349575 0.166371
vt 0.341191 0.234380
vt 0.379236 0.180734
vt 0.393815 0.198439
vt 0.369935 0.227020
vt 0.383913 0.245331
vt 0.408148 0.211617
vt 0.372524 0.153454
vt 0.406401 0.154959
vt 0.418570 0.170953
vt 0.432503 0.130104
vt 0.445823 0.142555
vt 0.433494 0.180403
vt 0.448844 0.163198
vt 0.412154 0.127150
vt 0.395815 0.139939
vt 0.325332 0.261049
vt 0.344700 0.051550
vt 0.359289 0.070966
vt 0.389947 0.045029
vt 0.374202 0.026325
vt 0.391323 0.064504
vt 0.369359 0.086828
vt 0.352694 0.023153
vt 0.330809 0.036634
vt 0.068269 0.054545
vt 0.088448 0.054365
vt 0.085147 0.033440
vt 0.068311 0.035581
vt 0.069129 0.082960
vt 0.091835 0.081384
vt 0.214759 0.239928
vt 0.170727 0.242683
vt 0.094294 0.262400
vt 0.737783 0.987757
vt 0.737708 0.780107
vt 0.274783 0.263290
vt 0.251897 0.284556
vt 0.265085 0.304716
vt 0.290410 0.280108
vt 0.230808 0.322133
vt 0.234686 0.293532
vt 0.317161 0.315098
vt 0.326877 0.296848
vt 0.247112 0.446506
vt 0.230894 0.421947
vt 0.204488 0.436013
vt 0.200804 0.450038
vt 0.202857 0.296193
vt 0.220949 0.280878
vt 0.186739 0.265822
vt 0.206200 0.254811
vt 0.152216 0.291162
vt 0.194174 0.426648
vt 0.177297 0.438725
vt 0.148125 0.271043
vt 0.109679 0.437051
vt 0.158639 0.453515
vt 0.110675 0.292890
vt 0.130164 0.279394
vt 0.048936 0.787641
vt 0.037433 0.823986
vt 0.095670 0.805101
vt 0.018334 0.795488
vt 0.001309 0.823986
vt 0.001309 0.828672
vt 0.001309 0.805245
vt 0.001309 0.793266
vt 0.072476 0.756292
vt 0.104842 0.722758
vt 0.009703 0.762035
vt 0.001309 0.770446
vt 0.001309 0.745864
vt 0.041600 0.754625
vt 0.045013 0.731461
vt 0.001309 0.728107
vt 0.001309 0.706350
vt 0.045012 0.704329
vt 0.000634 0.640415
vt 0.080537 0.664700
vt 0.172489 0.654188
vt 0.168984 0.731210
vt 0.146949 0.810560
vt 0.044855 0.876465
vt 0.134665 0.883862
vt 0.053879 0.921862
vt 0.230813 0.753236
vt 0.327296 0.709405
vt 0.289853 0.844016
vt 0.198004 0.819694
vt 0.222406 0.906637
vt 0.208321 0.985394
vt 0.032665 0.835220
vt 0.001309 0.884699
vt 0.068912 0.997425
vt 0.136690 0.961832
vt 0.001309 0.847491
vt 0.001309 0.839125
vt 0.041894 0.649915
vt 0.070649 0.583980
vt 0.103642 0.580263
vt 0.049090 0.502723
vt 0.103028 0.449168
vt 0.013527 0.576938
vt 0.001309 0.788851
vt 0.992969 0.987765
vt 0.232379 0.916718
vt 0.282941 0.969753
vt 0.311768 0.908112
vt 0.306313 0.933309
vt 0.220304 0.994415
vt 0.243005 0.989735
vt 0.222758 0.978624
vt 0.468563 0.011307
vt 0.435273 0.011298
s 1
usemtl enemy_tonnel.001
f 619/279/508 620/280/509 621/281/510
f 619/279/508 621/281/510 622/282/511
f 622/282/511 621/281/510 623/283/512
f 622/282/511 623/283/512 624/284/513
f 621/281/510 620/280/509 625/285/514
f 621/281/510 625/285/514 626/286/515
f 623/283/512 621/281/510 626/286/515
f 623/283/512 626/286/515 627/287/516
f 628/288/517 627/287/516 626/286/515
f 628/288/517 626/286/515 629/289/518
f 629/289/518 626/286/515 625/285/514
f 619/279/508 630/290/519 620/280/509
f 622/282/511 624/284/513 631/291/520
f 632/292/521 622/282/511 631/291/520
f 619/279/508 622/282/511 632/292/521
f 632/292/521 631/291/520 633/293/522
f 632/292/521 633/293/522 634/294/523
f 634/294/523 635/295/524 632/292/521
f 619/279/508 632/292/521 635/295/524
f 636/296/525 630/290/519 619/279/508
f 636/296/525 619/279/508 635/295/524
f 636/296/525 637/297/526 630/290/519
f 636/296/525 638/298/527 637/297/526
f 638/298/527 639/299/528 637/297/526
f 640/300/529 638/298/527 636/296/525
f 634/294/523 640/300/529 635/295/524
f 636/296/525 635/295/524 640/300/529
f 640/300/529 641/301/530 638/298/527
f 642/302/531 639/299/528 638/298/527
f 642/302/531 638/298/527 641/301/530
f 643/303/532 630/290/519 637/297/526
f 644/304/533 643/303/532 637/297/526
f 644/304/533 637/297/526 645/305/534
f 637/297/526 639/299/528 645/305/534
f 639/299/528 646/306/535 645/305/534
f 647/307/536 643/303/532 644/304/533
f 647/307/536 648/308/537 643/303/532
f 648/308/537 647/307/536 649/309/531
f 648/308/537 649/309/531 650/310/538
f 651/311/539 648/308/537 650/310/538
f 651/311/539 650/310/538 652/312/540
f 645/305/534 653/313/541 644/304/533
f 645/305/534 654/314/542 653/313/541
f 653/313/541 655/315/543 644/304/533
f 655/315/543 647/307/536 644/304/533
f 655/315/543 656/316/544 647/307/536
f 649/309/531 647/307/536 656/316/544
f 655/315/543 657/317/545 656/316/544
f 648/308/537 651/311/539 620/280/509
f 648/308/537 620/280/509 643/303/532
f 643/303/532 620/280/509 630/290/519
f 620/280/509 651/311/539 658/318/546
f 658/318/546 651/311/539 652/312/540
f 625/285/514 658/318/546 652/312/540
f 625/285/514 620/280/509 658/318/546
f 629/289/518 625/285/514 652/312/540
f 659/319/547 660/320/548 661/321/549
f 660/320/548 662/322/550 661/321/549
f 660/320/548 663/323/551 662/322/550
f 663/323/551 664/324/552 662/322/550
f 663/323/551 665/325/553 664/324/552
f 666/326/554 662/322/550 664/324/552
f 667/327/555 666/326/554 664/324/552
f 666/326/554 668/328/556 662/322/550
f 661/321/549 662/322/550 668/328/556
f 669/329/557 665/325/553 663/323/551
f 670/330/558 669/329/557 663/323/551
f 670/330/558 663/323/551 660/320/548
f 669/329/557 670/330/558 671/331/559
f 669/329/557 671/331/559 672/332/560
f 672/332/560 671/331/559 673/333/561
f 672/332/560 673/333/561 674/334/562
f 675/335/563 672/332/560 674/334/562
f 675/335/563 674/334/562 676/336/564
f 677/337/565 669/329/557 672/332/560
f 677/337/565 672/332/560 675/335/563
f 669/329/557 677/337/565 665/325/553
f 677/337/565 675/335/563 678/338/566
f 678/338/566 675/335/563 676/336/564
f 677/337/565 678/338/566 679/339/567
f 665/325/553 677/337/565 679/339/567
f 678/338/566 676/336/564 680/340/568
f 665/325/553 679/339/567 681/341/569
f 682/342/570 681/341/569 679/339/567
f 682/342/570 683/343/571 681/341/569
f 671/331/559 684/344/572 673/333/561
f 671/331/559 685/345/573 684/344/572
f 671/331/559 670/330/558 686/346/574
f 671/331/559 686/346/574 685/345/573
f 687/347/575 684/344/572 685/345/573
f 686/346/574 687/347/575 685/345/573
f 670/330/558 660/320/548 686/346/574
f 660/320/548 688/348/576 686/346/574
f 660/320/548 689/319/577 688/348/576
f 686/346/574 688/348/576 690/347/578
f 681/341/569 691/349/579 664/324/552
f 681/341/569 664/324/552 665/325/553
f 692/349/580 667/327/555 664/324/552
f 693/349/581 694/350/582 667/327/583
f 695/351/584 696/352/585 697/353/586
f 695/351/584 698/354/587 696/352/585
f 698/354/587 699/355/588 696/352/585
f 697/353/586 700/356/589 695/351/584
f 697/353/586 701/357/590 700/356/589
f 697/353/586 696/352/585 702/358/591
f 696/352/585 699/355/588 703/359/592
f 696/352/585 703/359/592 704/360/593
f 704/360/593 705/361/594 696/352/585
f 696/352/585 705/361/594 702/358/591
f 700/356/589 701/357/590 706/362/595
f 707/363/596 706/362/595 701/357/590
f 707/363/596 708/364/597 706/362/595
f 709/365/598 706/362/595 708/364/597
f 709/365/598 700/356/589 706/362/595
f 710/366/599 708/364/597 707/363/596
f 710/366/599 707/363/596 711/367/600
f 707/363/596 712/368/601 711/367/600
f 711/367/600 712/368/601 713/369/602
f 712/368/601 707/363/596 714/370/603
f 715/371/604 710/366/599 711/367/600
f 716/371/605 711/367/600 713/369/602
f 707/363/596 701/357/590 717/372/606
f 707/363/596 717/372/606 714/370/603
f 717/372/606 701/357/590 697/353/586
f 717/372/606 697/353/586 702/358/591
f 718/370/607 717/372/606 702/358/591
f 712/368/601 719/370/608 713/369/602
f 709/365/598 720/373/609 721/374/610
f 709/365/598 721/374/610 700/356/589
f 720/373/609 722/375/611 721/374/610
f 720/373/609 723/376/612 722/375/611
f 723/376/612 724/377/613 722/375/611
f 725/378/614 722/375/611 724/377/613
f 724/377/613 726/379/615 725/378/614
f 724/377/613 727/380/616 726/379/615
f 728/381/617 727/380/616 724/377/613
f 724/377/613 729/382/618 728/381/617
f 723/376/612 729/382/618 724/377/613
f 695/351/584 700/356/589 721/374/610
f 695/351/584 721/374/610 730/383/619
f 731/384/620 730/383/619 721/374/610
f 731/384/620 721/374/610 722/375/611
f 731/384/620 732/385/621 730/383/619
f 695/351/584 730/383/619 732/385/621
f 731/384/620 733/386/622 732/385/621
f 733/386/622 734/387/623 732/385/621
f 734/387/623 733/386/622 735/388/624
f 735/388/624 733/386/622 731/384/620
f 734/387/623 735/388/624 736/389/625
f 735/388/624 737/390/626 736/389/625
f 735/388/624 738/391/627 737/390/626
f 738/391/627 735/388/624 739/392/628
f 738/391/627 739/392/628 740/393/629
f 695/351/584 732/385/621 698/354/587
f 735/388/624 731/384/620 741/394/630
f 735/388/624 741/394/630 739/392/628
f 698/354/587 732/385/621 742/395/631
f 732/385/621 734/387/623 742/395/631
f 743/396/632 744/397/633 745/398/634
f 746/399/635 743/396/632 745/398/634
f 745/398/634 747/400/636 746/399/635
f 745/398/634 748/401/637 747/400/636
f 747/400/636 748/401/637 749/402/638
f 748/401/637 750/403/639 749/402/638
f 751/404/640 748/401/637 745/398/634
f 745/398/634 752/405/641 751/404/640
f 748/401/637 751/404/640 753/406/642
f 748/401/637 753/406/642 750/403/639
f 753/406/642 754/407/643 750/403/639
f 755/408/644 747/400/636 749/402/638
f 755/408/644 749/402/638 756/409/645
f 757/410/646 755/408/644 756/409/645
f 757/410/646 756/409/645 758/411/647
f 759/412/648 757/410/646 758/411/647
f 759/412/648 758/411/647 760/413/649
f 753/406/642 751/404/640 761/414/650
f 753/406/642 761/414/650 762/415/651
f 762/415/651 761/414/650 763/416/652
f 762/415/651 763/416/652 764/417/653
f 763/416/652 765/418/654 764/417/653
f 766/419/655 765/418/654 763/416/652
f 767/420/656 766/419/655 763/416/652
f 761/414/650 767/420/656 763/416/652
f 765/418/654 768/421/657 764/417/653
f 761/414/650 769/422/658 767/420/656
f 770/423/659 771/424/660 767/420/661
f 772/425/662 771/424/660 770/423/659
f 772/425/662 773/426/654 771/424/660
f 774/427/663 773/426/654 772/425/662
f 775/428/664 774/427/663 772/425/662
f 772/425/662 770/423/659 775/428/664
f 775/428/664 776/429/665 774/427/663
f 774/427/663 777/430/666 773/426/654
f 776/429/665 775/428/664 778/431/667
f 775/428/664 779/432/668 778/431/667
f 775/428/664 780/433/669 779/432/668
f 770/423/659 780/433/669 775/428/664
f 780/433/669 770/423/659 781/422/670
f 782/405/671 780/433/669 781/422/670
f 779/432/668 780/433/669 782/405/671
f 774/427/663 783/434/653 777/430/666
f 774/427/663 784/435/672 783/434/653
f 785/429/673 784/435/672 774/427/663
f 785/429/673 786/436/642 784/435/672
f 744/397/674 779/432/668 782/405/671
f 779/432/668 787/437/675 778/431/667
f 788/438/676 778/431/667 787/437/675
f 788/438/676 789/439/677 778/431/667
f 790/429/665 778/431/667 789/439/677
f 791/440/678 790/429/665 789/439/677
f 789/439/677 792/441/679 791/440/678
f 789/439/677 793/442/680 792/441/679
f 789/439/677 794/443/681 793/442/680
f 788/438/676 794/443/681 789/439/677
f 795/444/682 793/442/680 794/443/681
f 794/443/681 796/445/683 795/444/682
f 794/443/681 797/446/684 796/445/683
f 798/447/685 797/446/684 794/443/681
f 796/445/683 797/446/684 798/447/685
f 796/445/683 798/447/685 799/448/686
f 795/444/682 800/449/687 793/442/680
f 796/445/683 801/450/688 795/444/682
f 796/445/683 802/451/689 801/450/688
f 799/448/686 802/451/689 796/445/683
f 802/451/689 803/452/690 801/450/688
f 802/451/689 804/453/691 803/452/690
f 799/448/686 805/454/692 802/451/689
f 805/454/692 804/453/691 802/451/689
f 805/454/692 806/455/693 804/453/691
f 807/456/694 801/450/688 803/452/690
f 807/456/694 808/457/695 801/450/688
f 808/457/695 800/449/687 795/444/682
f 808/457/695 795/444/682 801/450/688
f 788/438/676 809/458/696 794/443/681
f 810/459/697 811/460/698 812/461/699
f 810/459/697 812/461/699 813/462/700
f 790/429/665 811/460/698 810/459/697
f 790/429/665 791/440/678 811/460/698
f 811/460/698 814/463/701 812/461/699
f 811/460/698 815/464/702 814/463/701
f 791/440/678 815/464/702 811/460/698
f 791/440/678 792/441/679 815/464/702
f 810/459/697 813/462/700 816/465/703
f 810/459/697 816/465/703 817/466/704
f 818/429/673 810/459/697 817/466/704
f 818/429/673 817/466/704 819/436/705
f 820/422/706 770/423/707 821/420/708
f 751/404/640 752/405/641 769/422/709
f 751/404/640 822/422/710 761/414/650
f 823/467/711 824/468/712 825/469/700
f 823/467/711 825/469/700 826/470/713
f 827/471/714 824/468/712 823/467/711
f 827/471/714 828/472/715 824/468/712
f 753/406/642 828/472/715 827/471/714
f 754/407/643 753/406/642 827/471/714
f 744/397/633 829/405/716 745/398/634
f 779/432/668 830/473/717 787/437/675
f 831/397/718 830/473/717 779/432/668
f 831/397/718 832/474/719 830/473/717
f 833/475/720 832/474/719 831/397/718
f 833/475/720 831/397/718 743/396/721
f 834/476/722 835/319/723 661/321/549
f 834/476/722 661/321/549 836/477/724
f 836/477/724 661/321/549 668/328/556
f 837/478/725 838/479/726 839/480/727
f 837/478/725 839/480/727 840/481/728
f 838/479/726 841/482/729 839/480/727
f 838/479/726 842/483/730 841/482/729
f 839/480/727 843/484/731 840/481/728
f 840/481/728 843/484/731 844/485/732
f 839/480/727 845/486/733 843/484/731
f 839/480/727 841/482/729 846/487/734
f 839/480/727 846/487/734 845/486/733
f 847/488/735 845/486/733 846/487/734
f 841/482/729 847/488/735 846/487/734
f 847/488/735 848/489/736 845/486/733
f 841/482/729 849/490/737 847/488/735
f 850/483/738 849/490/737 841/482/729
f 850/483/738 851/491/739 849/490/737
f 851/491/739 852/492/740 849/490/737
f 851/491/739 853/493/741 852/492/740
f 852/492/740 854/494/742 849/490/737
f 849/490/737 855/495/743 847/488/735
f 855/495/743 849/490/737 856/496/744
f 847/488/735 855/495/743 856/496/744
f 847/488/735 856/496/744 848/489/736
f 849/490/737 854/494/742 856/496/744
f 852/492/745 857/497/746 858/494/742
f 859/498/747 860/499/736 861/496/748
f 862/500/749 859/498/747 861/496/748
f 862/500/749 861/496/748 863/494/750
f 864/501/746 862/500/749 863/494/750
f 865/502/751 866/503/752 867/504/753
f 865/502/751 868/505/754 866/503/752
f 868/505/754 869/506/755 866/503/752
f 870/507/756 866/503/752 869/506/755
f 869/506/755 868/505/754 871/508/757
f 871/508/757 868/505/754 872/509/758
f 867/504/753 873/510/759 865/502/751
f 867/504/753 874/511/760 873/510/759
f 868/505/754 865/502/751 875/512/761
f 876/513/762 868/505/754 875/512/761
f 876/513/762 875/512/761 877/514/763
f 865/502/751 878/515/764 875/512/761
f 865/502/751 873/510/759 878/515/764
f 879/516/765 877/514/763 875/512/761
f 875/512/761 878/515/764 879/516/765
f 878/515/764 873/510/759 879/516/765
f 873/510/759 874/511/760 879/516/765
f 877/514/763 879/516/765 880/517/766
f 880/517/766 879/516/765 881/518/767
f 879/516/765 882/519/768 881/518/767
f 874/511/760 882/519/768 879/516/765
f 881/518/767 882/519/768 883/520/769
f 884/521/770 882/519/768 874/511/760
f 884/521/770 874/511/760 885/522/771
f 874/511/760 886/523/772 885/522/771
f 867/504/753 886/523/772 874/511/760
f 867/504/753 887/524/773 886/523/772
f 888/525/774 887/524/773 867/504/753
f 888/525/774 889/526/775 887/524/773
f 888/525/774 890/527/776 889/526/775
f 886/523/772 891/528/777 885/522/771
f 887/524/773 891/528/777 886/523/772
f 892/529/778 885/522/771 891/528/777
f 892/529/778 891/528/777 893/530/779
f 893/530/779 891/528/777 894/531/780
f 889/526/775 894/531/780 887/524/773
f 887/524/773 894/531/780 891/528/777
f 893/530/779 894/531/780 895/532/781
f 889/526/775 896/532/782 894/531/780
f 897/533/783 896/532/782 889/526/775
f 888/525/774 867/504/753 898/534/784
f 899/535/785 888/525/774 898/534/784
f 888/525/774 899/535/785 900/527/786
f 900/527/787 901/536/788 889/526/789
f 901/536/788 902/537/790 889/526/789
f 903/538/791 899/535/785 898/534/784
f 904/539/792 903/538/791 898/534/784
f 905/537/793 906/533/794 889/526/795
f 907/526/796 908/531/797 896/532/798
f 907/526/796 909/524/799 908/531/797
f 910/525/800 909/524/799 907/526/796
f 910/525/800 907/526/796 911/527/801
f 910/525/800 912/504/802 909/524/799
f 912/504/802 913/523/803 909/524/799
f 912/504/802 914/511/804 913/523/803
f 912/504/802 915/510/805 914/511/804
f 912/504/802 916/502/806 915/510/805
f 916/502/806 912/504/802 917/503/807
f 916/502/806 917/503/807 918/505/808
f 918/505/808 917/503/807 919/506/809
f 920/507/810 919/506/809 917/503/807
f 919/506/809 921/508/811 918/505/808
f 921/508/811 922/509/758 918/505/808
f 918/505/808 923/512/812 916/502/806
f 924/513/813 923/512/812 918/505/808
f 924/513/813 925/514/814 923/512/812
f 916/502/806 923/512/812 926/515/815
f 916/502/806 926/515/815 915/510/805
f 927/516/816 923/512/812 925/514/814
f 923/512/812 927/516/816 926/515/815
f 926/515/815 927/516/816 915/510/805
f 915/510/805 927/516/816 914/511/804
f 925/514/814 928/517/817 927/516/816
f 928/517/817 929/518/818 927/516/816
f 927/516/816 929/518/818 930/519/819
f 914/511/804 927/516/816 930/519/819
f 931/521/820 914/511/804 930/519/819
f 931/521/820 932/522/821 914/511/804
f 914/511/804 932/522/821 913/523/803
f 913/523/803 932/522/821 933/528/822
f 934/529/823 933/528/822 932/522/821
f 934/529/823 935/530/824 933/528/822
f 935/530/824 908/531/797 933/528/822
f 935/530/824 936/532/825 908/531/797
f 909/524/799 913/523/803 933/528/822
f 909/524/799 933/528/822 908/531/797
f 931/521/820 930/519/819 937/540/826
f 937/540/826 938/541/827 931/521/820
f 931/521/820 938/541/827 939/542/828
f 939/542/828 938/541/827 940/543/829
f 940/543/829 941/544/778 939/542/828
f 937/540/826 930/519/819 942/520/830
f 938/541/827 937/540/826 942/520/830
f 929/518/818 942/520/830 930/519/819
f 938/541/827 942/520/830 943/545/831
f 944/543/829 938/541/827 943/545/831
f 945/543/829 946/542/832 941/544/833
f 946/542/832 945/543/829 947/541/834
f 884/521/770 946/542/832 947/541/834
f 948/540/835 884/521/770 947/541/834
f 884/521/770 948/540/835 882/519/768
f 948/540/835 883/520/769 882/519/768
f 947/541/834 883/520/769 948/540/835
f 947/541/834 949/545/836 883/520/769
f 950/543/829 949/545/836 947/541/834
f 951/509/837 868/505/754 952/546/838
f 868/505/754 953/513/839 952/546/838
f 951/509/837 952/546/838 918/505/840
f 918/505/840 952/546/838 953/513/839
f 954/347/575 955/547/841 684/344/724
f 956/548/842 957/549/843 958/550/844
f 957/549/843 959/551/845 958/550/844
f 960/552/846 961/553/847 962/554/848
f 961/553/847 963/549/849 962/554/848
f 964/548/850 962/554/848 963/549/849
f 965/555/851 966/556/852 639/299/528
f 642/302/531 965/555/851 639/299/528
f 966/556/852 646/306/535 639/299/528
f 967/279/853 968/282/854 969/281/855
f 967/279/853 969/281/855 970/280/856
f 968/282/854 971/283/857 969/281/855
f 968/282/854 972/284/858 971/283/857
f 969/281/855 973/285/859 970/280/856
f 969/281/855 974/286/860 973/285/859
f 971/283/857 974/286/860 969/281/855
f 971/283/857 975/287/861 974/286/860
f 976/288/862 974/286/860 975/287/861
f 976/288/862 977/289/863 974/286/860
f 977/289/863 973/285/859 974/286/860
f 967/279/853 970/280/856 978/290/864
f 968/282/854 979/291/865 972/284/858
f 980/292/866 979/291/865 968/282/854
f 967/279/853 980/292/866 968/282/854
f 980/292/866 981/293/867 979/291/865
f 980/292/866 982/294/868 981/293/867
f 982/294/868 980/292/866 983/295/869
f 967/279/853 983/295/869 980/292/866
f 984/296/870 983/295/869 967/279/853
f 984/296/870 967/279/853 978/290/864
f 984/296/870 978/290/864 985/297/871
f 984/296/870 985/297/871 986/298/872
f 986/298/872 985/297/871 987/299/873
f 988/300/874 984/296/870 986/298/872
f 982/294/868 983/295/869 988/300/874
f 984/296/870 988/300/874 983/295/869
f 988/300/874 986/298/872 989/301/875
f 990/302/876 986/298/872 987/299/873
f 990/302/876 989/301/875 986/298/872
f 991/303/877 985/297/871 978/290/864
f 992/304/878 985/297/871 991/303/877
f 992/304/878 993/305/879 985/297/871
f 985/297/871 993/305/879 987/299/873
f 987/299/873 993/305/879 994/306/880
f 995/307/881 992/304/878 991/303/877
f 995/307/881 991/303/877 996/308/882
f 996/308/882 997/309/883 995/307/881
f 996/308/882 998/310/884 997/309/883
f 999/311/885 998/310/884 996/308/882
f 999/311/885 1000/312/886 998/310/884
f 993/305/879 992/304/878 1001/313/887
f 993/305/879 1001/313/887 1002/314/888
f 1001/313/887 992/304/878 1003/315/889
f 1003/315/889 992/304/878 995/307/881
f 1003/315/889 995/307/881 1004/316/890
f 997/309/883 1004/316/890 995/307/881
f 1003/315/889 1004/316/890 1005/317/891
f 996/308/882 970/280/856 999/311/885
f 996/308/882 991/303/877 970/280/856
f 991/303/877 978/290/864 970/280/856
f 970/280/856 1006/318/892 999/311/885
f 1006/318/892 1000/312/886 999/311/885
f 973/285/859 1000/312/886 1006/318/892
f 973/285/859 1006/318/892 970/280/856
f 977/289/863 1000/312/886 973/285/859
f 1007/319/893 1008/321/894 1009/320/895
f 1009/320/895 1008/321/894 1010/322/896
f 1009/320/895 1010/322/896 1011/323/897
f 1011/323/897 1010/322/896 1012/324/898
f 1011/323/897 1012/324/898 1013/325/899
f 1014/326/900 1012/324/898 1010/322/896
f 1015/327/901 1012/324/898 1014/326/900
f 1014/326/900 1010/322/896 1016/328/902
f 1008/321/894 1016/328/902 1010/322/896
f 1017/329/903 1011/323/897 1013/325/899
f 1018/330/904 1011/323/897 1017/329/903
f 1018/330/904 1009/320/895 1011/323/897
f 1017/329/903 1019/331/905 1018/330/904
f 1017/329/903 1020/332/906 1019/331/905
f 1020/332/906 1021/333/907 1019/331/905
f 1020/332/906 1022/334/908 1021/333/907
f 1023/335/909 1022/334/908 1020/332/906
f 1023/335/909 1024/336/910 1022/334/908
f 1025/337/911 1023/335/909 1020/332/906
f 1025/337/911 1020/332/906 1017/329/903
f 1017/329/903 1013/325/899 1025/337/911
f 1025/337/911 1026/338/912 1023/335/909
f 1026/338/912 1024/336/910 1023/335/909
f 1025/337/911 1027/339/913 1026/338/912
f 1013/325/899 1027/339/913 1025/337/911
f 1026/338/912 1028/340/914 1024/336/910
f 1013/325/899 1029/341/915 1027/339/913
f 1019/331/905 1021/333/907 1030/344/916
f 1019/331/905 1030/344/916 1031/345/917
f 1019/331/905 1032/346/918 1018/330/904
f 1019/331/905 1031/345/917 1032/346/918
f 1033/347/919 1031/345/917 1030/344/916
f 1032/346/918 1031/345/917 1033/347/919
f 1018/330/904 1032/346/918 1009/320/895
f 1009/320/895 1032/346/918 1034/348/920
f 1009/320/895 1034/348/920 1035/319/893
f 1032/346/918 1036/347/921 1034/348/920
f 1037/342/922 1027/339/923 1038/341/924
f 1037/342/922 1038/341/924 1039/343/925
f 1029/341/915 1012/324/898 1040/349/926
f 1029/341/915 1013/325/899 1012/324/898
f 1041/349/927 1012/324/898 1015/327/901
f 1042/349/928 1015/327/929 1043/350/930
f 1044/351/931 1045/353/932 1046/352/933
f 1044/351/931 1046/352/933 1047/354/934
f 1047/354/934 1046/352/933 1048/355/935
f 1045/353/932 1044/351/931 1049/356/936
f 1045/353/932 1049/356/936 1050/357/937
f 1046/352/933 1045/353/932 1051/358/938
f 1046/352/933 1051/358/938 1052/361/939
f 1053/360/940 1046/352/933 1052/361/939
f 1046/352/933 1054/359/941 1048/355/935
f 1046/352/933 1053/360/940 1054/359/941
f 1055/372/942 1051/358/938 1045/353/932
f 1055/372/942 1045/353/932 1050/357/937
f 1056/370/943 1051/358/938 1055/372/942
f 1057/363/944 1055/372/942 1050/357/937
f 1055/372/942 1057/363/944 1058/370/945
f 1057/363/944 1050/357/937 1059/362/946
f 1049/356/936 1059/362/946 1050/357/937
f 1057/363/944 1059/362/946 1060/364/947
f 1061/365/948 1060/364/947 1059/362/946
f 1061/365/948 1059/362/946 1049/356/936
f 1062/366/949 1057/363/944 1060/364/947
f 1062/366/949 1063/367/950 1057/363/944
f 1057/363/944 1063/367/950 1064/368/951
f 1057/363/944 1064/368/951 1058/370/945
f 1064/368/951 1063/367/950 1065/369/952
f 1066/370/953 1064/368/951 1065/369/952
f 1067/371/954 1063/367/950 1062/366/949
f 1068/371/955 1065/369/952 1063/367/950
f 1061/365/948 1049/356/936 1069/374/956
f 1061/365/948 1069/374/956 1070/373/957
f 1070/373/957 1069/374/956 1071/375/958
f 1070/373/957 1071/375/958 1072/376/959
f 1072/376/959 1071/375/958 1073/377/960
f 1074/378/961 1073/377/960 1071/375/958
f 1073/377/960 1074/378/961 1075/379/962
f 1073/377/960 1075/379/962 1076/380/963
f 1077/381/964 1073/377/960 1076/380/963
f 1073/377/960 1077/381/964 1078/382/965
f 1072/376/959 1073/377/960 1078/382/965
f 1044/351/931 1069/374/956 1049/356/936
f 1044/351/931 1079/383/966 1069/374/956
f 1080/384/967 1071/375/958 1069/374/956
f 1080/384/967 1069/374/956 1079/383/966
f 1080/384/967 1079/383/966 1081/385/968
f 1044/351/931 1081/385/968 1079/383/966
f 1080/384/967 1081/385/968 1082/386/969
f 1082/386/969 1081/385/968 1083/387/970
f 1083/387/970 1084/388/971 1082/386/969
f 1084/388/971 1080/384/967 1082/386/969
f 1083/387/970 1085/389/972 1084/388/971
f 1084/388/971 1085/389/972 1086/390/973
f 1084/388/971 1086/390/973 1087/391/974
f 1087/391/974 1088/392/975 1084/388/971
f 1087/391/974 1089/393/976 1088/392/975
f 1044/351/931 1047/354/934 1081/385/968
f 1084/388/971 1090/394/977 1080/384/967
f 1084/388/971 1088/392/975 1090/394/977
f 1047/354/934 1091/395/978 1081/385/968
f 1081/385/968 1091/395/978 1083/387/970
f 1092/396/979 1093/398/980 1094/397/981
f 1095/399/982 1093/398/980 1092/396/979
f 1093/398/980 1095/399/982 1096/400/983
f 1093/398/980 1096/400/983 1097/401/984
f 1096/400/983 1098/402/985 1097/401/984
f 1097/401/984 1098/402/985 1099/403/986
f 1100/404/987 1093/398/980 1097/401/984
f 1093/398/980 1100/404/987 1101/405/988
f 1097/401/984 1102/406/989 1100/404/987
f 1097/401/984 1099/403/986 1102/406/989
f 1102/406/989 1099/403/986 1103/407/990
f 1104/408/991 1098/402/985 1096/400/983
f 1104/408/991 1105/409/992 1098/402/985
f 1106/410/993 1105/409/992 1104/408/991
f 1106/410/993 1107/411/994 1105/409/992
f 1108/412/995 1107/411/994 1106/410/993
f 1108/412/995 1109/413/996 1107/411/994
f 1102/406/989 1110/414/997 1100/404/987
f 1102/406/989 1111/415/998 1110/414/997
f 1111/415/998 1112/416/999 1110/414/997
f 1111/415/998 1113/417/1000 1112/416/999
f 1112/416/999 1113/417/1000 1114/418/1001
f 1115/419/1002 1112/416/999 1114/418/1001
f 1116/420/1003 1112/416/999 1115/419/1002
f 1110/414/997 1112/416/999 1116/420/1003
f 1114/418/1001 1113/417/1000 1117/421/1004
f 1110/414/997 1116/420/1003 1118/422/1005
f 1119/423/1006 1116/420/1007 1120/424/1008
f 1121/425/1009 1119/423/1006 1120/424/1008
f 1121/425/1009 1120/424/1008 1122/426/1010
f 1123/427/1011 1121/425/1009 1122/426/1010
f 1124/428/1012 1121/425/1009 1123/427/1011
f 1121/425/1009 1124/428/1012 1119/423/1006
f 1124/428/1012 1123/427/1011 1125/429/1013
f 1123/427/1011 1122/426/1010 1126/430/1014
f 1125/429/1013 1127/431/1015 1124/428/1012
f 1124/428/1012 1127/431/1015 1128/432/1016
f 1124/428/1012 1128/432/1016 1129/433/1017
f 1119/423/1006 1124/428/1012 1129/433/1017
f 1129/433/1017 1130/422/1018 1119/423/1006
f 1131/405/988 1130/422/1018 1129/433/1017
f 1128/432/1016 1131/405/988 1129/433/1017
f 1123/427/1011 1126/430/1014 1132/434/1000
f 1123/427/1011 1132/434/1000 1133/435/998
f 1134/429/1019 1123/427/1011 1133/435/998
f 1134/429/1019 1133/435/998 1135/436/989
f 1094/397/1020 1131/405/988 1128/432/1016
f 1128/432/1016 1127/431/1015 1136/437/1021
f 1137/438/1022 1136/437/1021 1127/431/1015
f 1137/438/1022 1127/431/1015 1138/439/1023
f 1139/429/1019 1138/439/1023 1127/431/1015
f 1140/440/1024 1138/439/1023 1139/429/1019
f 1138/439/1023 1140/440/1024 1141/441/990
f 1138/439/1023 1141/441/990 1142/442/1025
f 1138/439/1023 1142/442/1025 1143/443/1026
f 1137/438/1022 1138/439/1023 1143/443/1026
f 1144/444/1027 1143/443/1026 1142/442/1025
f 1143/443/1026 1144/444/1027 1145/445/1028
f 1143/443/1026 1145/445/1028 1146/446/1029
f 1147/447/982 1143/443/1026 1146/446/1029
f 1145/445/1028 1147/447/982 1146/446/1029
f 1145/445/1028 1148/448/1030 1147/447/982
f 1144/444/1027 1142/442/1025 1149/449/1031
f 1145/445/1028 1144/444/1027 1150/450/1032
f 1145/445/1028 1150/450/1032 1151/451/1033
f 1148/448/1030 1145/445/1028 1151/451/1033
f 1151/451/1033 1150/450/1032 1152/452/1034
f 1151/451/1033 1152/452/1034 1153/453/995
f 1148/448/1030 1151/451/1033 1154/454/1035
f 1154/454/1035 1151/451/1033 1153/453/995
f 1154/454/1035 1153/453/995 1155/455/1036
f 1156/456/1037 1152/452/1034 1150/450/1032
f 1156/456/1037 1150/450/1032 1157/457/1038
f 1157/457/1038 1150/450/1032 1144/444/1027
f 1157/457/1038 1144/444/1027 1149/449/1031
f 1137/438/1022 1143/443/1026 1158/458/1039
f 1159/459/1040 1160/461/1041 1161/460/1042
f 1159/459/1040 1162/462/1043 1160/461/1041
f 1139/429/1019 1159/459/1040 1161/460/1042
f 1139/429/1019 1161/460/1042 1140/440/1024
f 1161/460/1042 1160/461/1041 1163/463/1044
f 1161/460/1042 1163/463/1044 1164/464/1045
f 1140/440/1024 1161/460/1042 1164/464/1045
f 1140/440/1024 1164/464/1045 1141/441/990
f 1159/459/1040 1165/465/1046 1162/462/1043
f 1159/459/1040 1166/466/1047 1165/465/1046
f 1167/429/1019 1166/466/1047 1159/459/1040
f 1167/429/1019 1168/436/1048 1166/466/1047
f 1169/422/1049 1170/420/1050 1119/423/1051
f 1100/404/987 1118/422/1052 1101/405/988
f 1100/404/987 1110/414/997 1171/422/1053
f 1172/467/1054 1173/469/1055 1174/468/1056
f 1172/467/1054 1175/470/1057 1173/469/1055
f 1176/471/1058 1172/467/1054 1174/468/1056
f 1176/471/1058 1174/468/1056 1177/472/1059
f 1102/406/989 1176/471/1058 1177/472/1059
f 1103/407/990 1176/471/1058 1102/406/989
f 1094/397/981 1093/398/980 1178/405/1060
f 1094/397/1020 1128/432/1016 1179/473/1061
f 1128/432/1016 1136/437/1021 1179/473/1061
f 1180/397/1062 1179/473/1063 1181/474/1064
f 1182/475/1065 1180/397/1062 1181/474/1064
f 1182/475/1065 1092/396/1066 1180/397/1062
f 1183/476/1067 1008/321/894 1184/319/893
f 1183/476/1067 1185/477/1068 1008/321/894
f 1185/477/1068 1016/328/902 1008/321/894
f 1186/478/1069 1187/481/1070 1188/480/1071
f 1186/478/1069 1188/480/1071 1189/479/1072
f 1189/479/1072 1188/480/1071 1190/482/1073
f 1189/479/1072 1190/482/1073 1191/483/1074
f 1188/480/1071 1187/481/1070 1192/484/1075
f 1187/481/1070 1193/485/1076 1192/484/1075
f 1188/480/1071 1192/484/1075 1194/486/1077
f 1188/480/1071 1195/487/1078 1190/482/1073
f 1188/480/1071 1194/486/1077 1195/487/1078
f 1196/488/1079 1195/487/1078 1194/486/1077
f 1190/482/1073 1195/487/1078 1196/488/1079
f 1196/488/1079 1194/486/1077 1197/489/1080
f 1190/482/1073 1196/488/1079 1198/490/1081
f 1199/483/1082 1190/482/1073 1198/490/1081
f 1199/483/1082 1198/490/1081 1200/491/1083
f 1200/491/1083 1198/490/1081 1201/492/1084
f 1200/491/1083 1201/492/1084 1202/493/1085
f 1201/492/1084 1198/490/1081 1203/494/1086
f 1198/490/1081 1196/488/1079 1204/495/1087
f 1204/495/1087 1205/496/1088 1198/490/1081
f 1196/488/1079 1205/496/1088 1204/495/1087
f 1196/488/1079 1197/489/1080 1205/496/1088
f 1198/490/1081 1205/496/1088 1203/494/1086
f 1201/492/1089 1206/494/1090 1207/497/1091
f 1208/498/1092 1209/496/1093 1210/499/1080
f 1211/500/1094 1209/496/1093 1208/498/1092
f 1211/500/1094 1212/494/1086 1209/496/1093
f 1213/501/1095 1212/494/1086 1211/500/1094
f 910/525/800 1214/527/786 1215/535/785
f 1215/535/785 1216/534/1096 910/525/800
f 1217/538/1097 1216/534/1096 1215/535/785
f 1218/539/792 1216/534/1096 1217/538/1097
f 910/525/800 1216/534/1096 912/504/802
f 1214/527/1098 907/526/1099 1219/536/1100
f 1219/536/1100 907/526/1099 1220/537/1101
f 1221/537/1102 907/526/1103 1222/533/1104
f 1223/533/1105 907/526/796 896/532/798
f 1224/347/919 1030/344/1068 1225/547/1106
f 1226/548/1107 1227/550/1108 1228/549/1109
f 1228/549/1109 1227/550/1108 1229/551/1110
f 1230/552/1111 1231/554/1112 1232/553/1113
f 1232/553/1113 1231/554/1112 1233/549/1114
f 1234/548/1115 1233/549/1114 1231/554/1112
f 1235/555/1116 987/299/873 1236/556/1117
f 990/302/876 987/299/873 1235/555/1116
f 1236/556/1117 987/299/873 994/306/880
