# Blender 5.1.2
# www.blender.org
mtllib monstro0001.mtl
o Object_33
v 4.565014 -132.905014 81.523972
v 4.338254 -132.559113 81.425369
v 6.325670 -132.440353 81.552483
v 6.325670 -132.918106 81.552483
v 7.102668 -132.467285 81.580780
v 7.102668 -132.936066 81.580780
v 4.604606 -132.289001 81.881615
v 5.673593 -132.345871 81.938492
v 7.098910 -132.480667 81.850616
v 7.098910 -132.718765 81.968033
v 5.673593 -132.678268 82.065178
v 4.188889 -132.890106 81.536995
v 7.098910 -132.925232 81.850616
v 5.354472 -133.015778 81.832832
v 7.098910 -132.718765 81.968033
v 5.673593 -132.678268 82.065178
v 4.604605 -132.949631 81.941986
v 4.228481 -132.949234 81.966881
v 2.392396 -133.100464 81.685524
v 3.052271 -133.067551 82.195854
v 1.939022 -133.067551 82.412827
v 4.416542 -132.597885 82.148407
v 3.241556 -132.678268 82.294983
v 2.372585 -132.678268 82.496277
v 2.392396 -132.244522 81.606728
v 1.900582 -132.319397 81.549591
v 1.900582 -133.096832 81.549591
v 1.605497 -133.076324 82.409904
v 1.939022 -132.346130 82.464088
v 3.052271 -132.289001 82.107231
v 2.372585 -132.678268 82.496277
v 3.241556 -132.678268 82.294983
v 4.151087 -132.272736 81.893082
v 4.416542 -132.597885 82.148407
v 1.633513 -132.371201 81.323006
v 1.526906 -133.167282 81.323006
v 1.605497 -132.325760 82.426895
v 1.942397 -132.678268 82.536102
v 1.607806 -132.678268 82.516968
v 4.379998 -132.272202 81.886894
v 0.619154 -132.449768 68.875793
v 0.414365 -132.308167 71.593933
v 0.935154 -132.266754 71.382149
v 0.993650 -132.513153 73.058838
v 0.487022 -132.523544 72.977684
v 0.994998 -132.511032 73.598366
v 0.464458 -132.539154 73.509979
v 1.172612 -133.127411 73.350433
v 1.172613 -133.171326 73.623421
v 1.172612 -133.095306 73.087509
v 0.308060 -133.138672 73.254631
v 0.308060 -133.095306 72.949013
v 0.740336 -133.327408 73.018265
v 0.740336 -133.369629 73.285431
v 1.172612 -133.095306 73.087509
v 1.172612 -133.127411 73.350433
v 0.740337 -133.412094 73.554169
v 1.172613 -133.171326 73.623421
v 0.308061 -133.171326 73.484924
v 0.830301 -133.629517 76.088402
v 0.306055 -133.237137 76.277496
v 1.230235 -133.237137 76.416039
v 0.334208 -132.405548 76.120567
v 0.012404 -133.560760 76.376801
v 0.012404 -132.527084 76.250900
v 1.165215 -132.951279 71.227577
v 0.715179 -133.245193 71.333466
v 0.333095 -132.951279 71.439354
v 0.619154 -133.154327 68.875793
v 0.372845 -132.879669 68.875793
v 0.619154 -132.449768 68.875793
v 0.619154 -133.154327 68.875793
v 1.294992 -132.310837 76.166573
v 1.294992 -132.310837 76.166573
v 1.294992 -132.310837 76.166573
v 1.230235 -133.237137 76.416039
v 0.968926 -133.528076 78.856369
v 0.846803 -133.735321 77.065964
v 1.250908 -133.261337 77.246635
v 0.012404 -134.118225 78.877609
v 0.012404 -133.861694 76.941177
v 1.115779 -132.679794 78.887535
v 1.245259 -132.425232 77.246635
v 1.230235 -133.237137 76.416039
v 0.012404 -133.560760 76.376801
v 0.306055 -133.237137 76.277496
v 0.830301 -133.629517 76.088402
v 0.760325 -132.216232 77.589539
v 0.831511 -132.105301 77.072639
v 0.012404 -132.278580 77.794662
v 0.012404 -132.310715 78.877609
v 0.012404 -132.254700 76.695053
v 0.193570 -132.208344 76.437347
v 0.899084 -132.132019 76.541748
v 0.334208 -132.405548 76.120567
v 1.294992 -132.310837 76.166573
v 0.012404 -132.527084 76.250900
v 0.012404 -132.527084 76.250900
v 1.280284 -132.421356 77.007362
v 1.294992 -132.310837 76.166573
v 1.294992 -132.310837 76.166573
v 0.012404 -132.197815 79.766899
v 1.178962 -132.571777 79.716705
v 1.633513 -132.371201 81.323006
v 0.012404 -131.796722 81.336067
v 0.966596 -132.178238 82.548309
v 1.605497 -132.325760 82.426895
v 1.607806 -132.678268 82.516968
v 0.957743 -132.678268 82.564018
v 0.467534 -132.733658 82.711540
v 0.012404 -132.288986 82.641838
v 1.050097 -133.475220 79.716705
v 1.526906 -133.167282 81.323006
v 0.542687 -133.922379 79.783081
v 0.871952 -133.728806 81.226639
v 0.012404 -133.906128 81.418457
v 0.966596 -133.067551 82.416367
v 0.012404 -133.111694 82.547127
v 0.467534 -132.733658 82.711540
v 0.957743 -132.678268 82.564018
v 1.605497 -133.076324 82.409904
v 1.607806 -132.678268 82.516968
v 1.900582 -133.096832 81.549591
v 0.012404 -134.090424 79.786514
v 7.304121 -132.976486 81.539520
v 7.304121 -132.432266 81.539520
v 7.452557 -132.662125 81.548004
v 7.471015 -132.844849 81.398323
v 7.696621 -132.936188 81.390800
v 7.722791 -132.771652 81.550415
v 7.814222 -132.987167 81.503250
v 7.732298 -133.018936 81.643456
v 7.998094 -132.651062 81.764587
v 7.924614 -132.317245 81.640755
v 8.008974 -132.868790 81.784622
v 8.016235 -133.040833 81.797997
v 7.952839 -132.976318 81.351234
v 7.976388 -133.031403 81.470039
v 8.094219 -132.966843 81.358345
v 8.104343 -133.019913 81.451134
v 8.187252 -133.033829 81.308746
v 8.197563 -133.087860 81.403229
v 8.153023 -132.647873 81.636078
v 8.201752 -132.844437 81.635910
v 8.200872 -132.660660 81.448280
v 8.219378 -132.841660 81.454140
v 8.336580 -132.645706 81.376869
v 8.252338 -132.421677 81.386719
v 8.151924 -132.412354 81.434792
v 8.352680 -132.813370 81.379700
v 8.087557 -132.318771 81.625534
v 8.194149 -132.314926 81.691910
v 8.252338 -132.421677 81.386719
v 8.348555 -132.648483 81.680092
v 8.336580 -132.645706 81.376869
v 8.341963 -132.848007 81.679138
v 8.046482 -132.672836 81.948761
v 8.044224 -132.872360 81.942497
v 8.352680 -132.813370 81.379700
v 7.304121 -132.709824 81.981804
v 7.304121 -132.432266 81.840729
v 7.963366 -132.302612 81.818100
v 8.087557 -132.318771 81.625534
v 7.924614 -132.317245 81.640755
v 8.219378 -132.841660 81.454140
v 8.201752 -132.844437 81.635910
v 8.044224 -132.872360 81.942497
v 8.008974 -132.868790 81.784622
v 7.098910 -132.718765 81.968033
v 7.098910 -132.925232 81.850616
v 7.304121 -132.976486 81.828369
v 8.044224 -132.872360 81.942497
v 8.042400 -133.033569 81.937431
v 8.016235 -133.040833 81.797997
v 7.732298 -133.018936 81.643456
v 7.304121 -132.976486 81.539520
v 7.704122 -133.117828 81.460487
v 7.670760 -133.044693 81.334610
v 7.422751 -132.983292 81.389915
v 7.471015 -132.844849 81.398323
v 7.696621 -132.936188 81.390800
v 7.814222 -132.987167 81.503250
v 7.961060 -133.152039 81.418671
v 7.930259 -133.077530 81.288940
v 8.197563 -133.087860 81.403229
v 8.187252 -133.033829 81.308746
v 7.952839 -132.976318 81.351234
v 8.094219 -132.966843 81.358345
v 8.104343 -133.019913 81.451134
v 7.976388 -133.031403 81.470039
v 7.102668 -132.936066 81.580780
v 8.393637 -132.844879 81.783943
v 8.388773 -133.006104 81.781639
v 8.486700 -132.989838 81.489441
v 8.490694 -132.861145 81.487854
v 8.346937 -133.003601 81.520737
v 8.271900 -133.013351 81.701218
v 8.335295 -132.851074 81.527557
v 8.257322 -132.841324 81.696854
v 8.044224 -132.872360 81.942497
v 8.008974 -132.868790 81.784622
v 8.087557 -132.318771 81.625534
v 8.151924 -132.412354 81.434792
v 8.087557 -132.318771 81.625534
v 8.346937 -133.003601 81.520737
v 8.335295 -132.851074 81.527557
v 8.490694 -132.861145 81.487854
v 8.486700 -132.989838 81.489441
v 8.271900 -133.013351 81.701218
v 8.257322 -132.841324 81.696854
v 7.924614 -132.317245 81.640755
v 7.098910 -132.480667 81.850616
v 7.304121 -132.432266 81.539520
v 7.102668 -132.467285 81.580780
v 7.102668 -132.936066 81.580780
v 0.881024 -132.879669 68.875793
v 0.619154 -132.449768 68.875793
v 1.165215 -132.951279 71.227577
v 0.619154 -132.449768 68.875793
v 0.881024 -132.879669 68.875793
v 0.881024 -132.879669 68.505905
v 0.619154 -132.449768 68.505905
v 0.619154 -133.228241 68.523651
v 0.619154 -133.154327 68.875793
v 0.905084 -132.523376 67.862648
v 0.619154 -132.354263 67.868217
v 1.063068 -134.537628 67.862648
v 0.780535 -134.328842 68.173485
v 0.426572 -134.625900 68.047722
v 0.394534 -134.811234 67.910217
v 0.357284 -132.879669 68.505905
v 0.619154 -133.154327 68.875793
v 0.372845 -132.879669 68.875793
v 0.619154 -132.449768 68.505905
v 0.619154 -132.449768 68.875793
v 0.336893 -132.543274 67.862648
v 0.265768 -134.507355 68.073181
v 0.130052 -134.634689 67.862648
v 0.619154 -132.354263 67.868217
v 0.336893 -132.543274 67.862648
v 1.063068 -134.537628 67.862648
v 0.394534 -134.811234 67.910217
v 0.130052 -134.634689 67.862648
v 0.905084 -132.523376 67.862648
v 0.336893 -132.543274 67.862648
v 0.619154 -132.354263 67.868217
v 0.405199 -133.561996 83.966873
v 0.310331 -133.536453 83.667122
v 0.704464 -133.208313 83.822868
v 0.152816 -133.639984 83.902161
v 0.012404 -133.697296 83.667122
v 0.012404 -133.636566 83.628479
v 0.012404 -133.675201 83.821686
v 0.012404 -133.802536 83.920486
v 0.599341 -133.406342 84.225418
v 0.780101 -133.212219 84.501984
v 0.081631 -133.638153 84.178062
v 0.012404 -133.712006 84.108688
v 0.012404 -133.653183 84.311424
v 0.344696 -133.614853 84.239166
v 0.372842 -133.648376 84.430214
v 0.012404 -133.688522 84.457870
v 0.012404 -133.677429 84.637306
v 0.372842 -133.629730 84.653969
v 0.012404 -133.404358 85.181091
v 0.644279 -133.357361 84.980812
v 0.668668 -132.680145 85.130341
v 0.829423 -132.693283 84.495117
v 0.676726 -132.778183 83.826881
v 0.350000 -133.358963 83.234306
v 0.458957 -132.767426 83.215637
v 0.012404 -133.099030 83.176239
v 0.674152 -132.173843 84.400513
v 0.012404 -131.828552 84.815338
v 0.012404 -131.939865 83.860649
v 0.644992 -132.369202 83.821320
v 0.012404 -132.351837 83.319336
v 0.012404 -132.351837 83.319336
v 0.012404 -132.288986 82.641838
v 0.271007 -133.516525 83.574463
v 0.012404 -133.580765 83.166397
v 0.012404 -133.099030 83.176239
v 0.012404 -133.111694 82.547127
v 0.467534 -132.733658 82.711540
v 0.012404 -133.640717 83.473259
v 0.012404 -133.613129 83.542259
v 0.467534 -132.733658 82.711540
v 0.012404 -132.288986 82.641838
v -0.434149 -132.767426 83.215637
v -0.620183 -132.369202 83.821320
v -0.651917 -132.778183 83.826881
v -0.325192 -133.358963 83.234306
v 0.012404 -133.099030 83.176239
v -0.679655 -133.208313 83.822868
v -0.804614 -132.693283 84.495117
v -0.755293 -133.212219 84.501984
v -0.574532 -133.406342 84.225418
v -0.380390 -133.561996 83.966873
v -0.285523 -133.536453 83.667122
v -0.128008 -133.639984 83.902161
v 0.012404 -133.697296 83.667122
v 0.012404 -133.636566 83.628479
v 0.012404 -133.675201 83.821686
v 0.012404 -133.802536 83.920486
v -0.056822 -133.638153 84.178062
v 0.012404 -133.712006 84.108688
v 0.012404 -133.653183 84.311424
v -0.319888 -133.614853 84.239166
v -0.348034 -133.648376 84.430214
v 0.012404 -133.688522 84.457870
v 0.012404 -133.677429 84.637306
v -0.348034 -133.629730 84.653969
v -0.619471 -133.357361 84.980812
v -0.643859 -132.680145 85.130341
v -0.649343 -132.173843 84.400513
v 0.012404 -131.828552 84.815338
v 0.012404 -131.939865 83.860649
v 0.012404 -132.351837 83.319336
v -0.322313 -133.379333 85.102745
v -0.459236 -132.805405 85.302948
v -0.643859 -132.680145 85.130341
v 0.012404 -132.245300 85.295799
v 0.012404 -131.828552 84.815338
v 0.012404 -133.404358 85.181091
v 0.012404 -132.919510 85.405190
v 0.012404 -132.245300 85.295799
v 0.012404 -132.245300 85.295799
v 0.668668 -132.680145 85.130341
v 0.484045 -132.805405 85.302948
v 0.347122 -133.379333 85.102745
v 0.012404 -132.919510 85.405190
v 0.012404 -132.245300 85.295799
v 0.012404 -133.802536 83.920486
v 0.012404 -133.805237 83.956894
v 0.012404 -133.712006 84.108688
v 0.619154 -133.154327 68.875793
v 0.881024 -132.879669 68.875793
v 0.012404 -132.676636 83.603111
v 0.704464 -133.208313 83.822868
v 0.012404 -133.636566 83.628479
v 0.310331 -133.536453 83.667122
v 0.012404 -133.613129 83.542259
v 0.271007 -133.516525 83.574463
v 0.012404 -133.422791 83.322845
v 0.704464 -133.208313 83.822868
v 0.012404 -132.676636 83.603111
v 1.942397 -132.678268 82.536102
v 1.607806 -132.678268 82.516968
v -4.540206 -132.904984 81.523941
v -6.300860 -132.918076 81.552452
v -6.300860 -132.440323 81.552452
v -4.313445 -132.559067 81.425354
v -7.077860 -132.467255 81.580750
v -7.077861 -132.936035 81.580750
v -4.579795 -132.288956 81.881599
v -5.648786 -132.345840 81.938461
v -7.074100 -132.480637 81.850586
v -7.074100 -132.718735 81.968002
v -5.648786 -132.678238 82.065147
v -4.164080 -132.890076 81.536972
v -7.074100 -132.925201 81.850586
v -5.329665 -133.015747 81.832802
v -7.074100 -132.718735 81.968002
v -5.648786 -132.678238 82.065147
v -4.579799 -132.949600 81.941956
v -4.203672 -132.949203 81.966858
v -2.367586 -133.100433 81.685501
v -3.027462 -133.067520 82.195831
v -1.914213 -133.067520 82.412804
v -4.391735 -132.597839 82.148392
v -3.216747 -132.678238 82.294952
v -2.347774 -132.678238 82.496254
v -2.367586 -132.244492 81.606705
v -1.875772 -132.319366 81.549568
v -1.875772 -133.096802 81.549568
v -1.580689 -133.076309 82.409889
v -1.914213 -132.346100 82.464066
v -3.027462 -132.288971 82.107208
v -2.347774 -132.678238 82.496254
v -3.216747 -132.678238 82.294952
v -4.126278 -132.272705 81.893059
v -4.391735 -132.597839 82.148392
v -1.608704 -132.371185 81.322998
v -1.502098 -133.167267 81.322998
v -1.580689 -132.325745 82.426880
v -1.917587 -132.678238 82.536079
v -1.582998 -132.678253 82.516953
v -4.355187 -132.272156 81.886879
v -0.594346 -132.449753 68.875793
v -0.910346 -132.266739 71.382149
v -0.389556 -132.308151 71.593925
v -0.968841 -132.513138 73.058838
v -0.462213 -132.523529 72.977684
v -0.970189 -132.511002 73.598358
v -0.439649 -132.539124 73.509972
v -1.147803 -133.127396 73.350426
v -1.147804 -133.171295 73.623413
v -1.147803 -133.095291 73.087509
v -0.283251 -133.138657 73.254623
v -0.283252 -133.095291 72.949013
v -0.715527 -133.327393 73.018265
v -0.715527 -133.369614 73.285423
v -1.147803 -133.095291 73.087509
v -1.147803 -133.127396 73.350426
v -0.715528 -133.412064 73.554161
v -1.147804 -133.171295 73.623413
v -0.283251 -133.171295 73.484917
v -0.805492 -133.629486 76.088394
v -0.281246 -133.237106 76.277489
v -1.205426 -133.237106 76.416031
v -0.309400 -132.405533 76.120560
v -1.140407 -132.951263 71.227577
v -0.690371 -133.245178 71.333466
v -0.308287 -132.951263 71.439354
v -0.594346 -133.154312 68.875793
v -0.348036 -132.879654 68.875793
v -0.594346 -132.449753 68.875793
v -0.594346 -133.154312 68.875793
v 0.012404 -133.560760 76.376801
v -0.309400 -132.405533 76.120560
v 0.012404 -132.527084 76.250900
v -1.270182 -132.393051 76.156235
v -1.270182 -132.393051 76.156235
v -1.270182 -132.393051 76.156235
v -1.205426 -133.237106 76.416031
v -0.944117 -133.528076 78.856369
v -1.226099 -133.261337 77.246635
v -0.821995 -133.735321 77.065964
v 0.012404 -134.118225 78.877609
v 0.012404 -133.861694 76.941177
v -1.090970 -132.679794 78.887535
v -1.220450 -132.425232 77.246635
v -1.205426 -133.237106 76.416031
v -0.805492 -133.629486 76.088394
v -0.281246 -133.237106 76.277489
v 0.012404 -133.560760 76.376801
v -1.259399 -132.421356 77.014854
v -1.270182 -132.393051 76.156235
v -0.806702 -132.105301 77.072639
v -1.270182 -132.393051 76.156235
v -0.735517 -132.216232 77.589539
v 0.012404 -132.278580 77.794662
v 0.012404 -132.310715 78.877609
v 0.012404 -132.254700 76.695053
v -0.168761 -132.208344 76.437347
v -0.874276 -132.132019 76.541748
v -0.309400 -132.405533 76.120560
v -1.270182 -132.393051 76.156235
v 0.012404 -132.527084 76.250900
v 0.012404 -132.527084 76.250900
v -1.154153 -132.571777 79.716705
v 0.012404 -132.197815 79.766899
v -1.608704 -132.371185 81.322998
v 0.012404 -131.796722 81.336067
v -0.941788 -132.178223 82.548302
v -1.580689 -132.325745 82.426880
v -1.582998 -132.678253 82.516953
v -0.932935 -132.678253 82.564003
v -0.442726 -132.733658 82.711540
v 0.012404 -132.288986 82.641838
v -1.025290 -133.475220 79.716705
v -1.502098 -133.167267 81.322998
v -0.517879 -133.922379 79.783081
v -0.847144 -133.728790 81.226631
v 0.012404 -133.906128 81.418457
v -0.941788 -133.067535 82.416359
v 0.012404 -133.111694 82.547127
v -0.442726 -132.733658 82.711540
v -0.932935 -132.678253 82.564003
v -1.580689 -133.076309 82.409889
v -1.582998 -132.678253 82.516953
v -1.875772 -133.096802 81.549568
v 0.012404 -134.090424 79.786514
v -7.279314 -132.976471 81.539482
v -7.427750 -132.662109 81.547966
v -7.279313 -132.432251 81.539482
v -7.446208 -132.844833 81.398285
v -7.671814 -132.936172 81.390762
v -7.697984 -132.771637 81.550377
v -7.789415 -132.987152 81.503204
v -7.707491 -133.018921 81.643417
v -7.973287 -132.651047 81.764542
v -7.899807 -132.317230 81.640717
v -7.984167 -132.868774 81.784584
v -7.991427 -133.040817 81.797958
v -7.928032 -132.976303 81.351196
v -7.951581 -133.031387 81.470001
v -8.069410 -132.966827 81.358307
v -8.079535 -133.019897 81.451096
v -8.162444 -133.033813 81.308708
v -8.172755 -133.087845 81.403191
v -8.128216 -132.647858 81.636040
v -8.176944 -132.844421 81.635872
v -8.176064 -132.660645 81.448242
v -8.194570 -132.841644 81.454102
v -8.311772 -132.645691 81.376831
v -8.227530 -132.421661 81.386681
v -8.127116 -132.412338 81.434753
v -8.327873 -132.813354 81.379662
v -8.062750 -132.318756 81.625496
v -8.169342 -132.314911 81.691872
v -8.227530 -132.421661 81.386681
v -8.323747 -132.648468 81.680054
v -8.311772 -132.645691 81.376831
v -8.317156 -132.847992 81.679100
v -8.021675 -132.672821 81.948723
v -8.019417 -132.872345 81.942459
v -8.327873 -132.813354 81.379662
v -7.279314 -132.709808 81.981766
v -7.279313 -132.432251 81.840691
v -7.938558 -132.302597 81.818062
v -8.062750 -132.318756 81.625496
v -7.899807 -132.317230 81.640717
v -8.194570 -132.841644 81.454102
v -8.176944 -132.844421 81.635872
v -8.019417 -132.872345 81.942459
v -7.984167 -132.868774 81.784584
v -7.074100 -132.718735 81.968002
v -7.074100 -132.925201 81.850586
v -7.279314 -132.976471 81.828331
v -8.019417 -132.872345 81.942459
v -8.017591 -133.033554 81.937393
v -7.991427 -133.040817 81.797958
v -7.707491 -133.018921 81.643417
v -7.279314 -132.976471 81.539482
v -7.679315 -133.117813 81.460449
v -7.645953 -133.044678 81.334572
v -7.397944 -132.983276 81.389877
v -7.446208 -132.844833 81.398285
v -7.671814 -132.936172 81.390762
v -7.789415 -132.987152 81.503204
v -7.936253 -133.152023 81.418633
v -7.905452 -133.077515 81.288902
v -8.172755 -133.087845 81.403191
v -8.162444 -133.033813 81.308708
v -7.928032 -132.976303 81.351196
v -8.069410 -132.966827 81.358307
v -8.079535 -133.019897 81.451096
v -7.951581 -133.031387 81.470001
v -7.077861 -132.936035 81.580750
v -8.368830 -132.844864 81.783905
v -8.461892 -132.989822 81.489403
v -8.363965 -133.006088 81.781601
v -8.465886 -132.861130 81.487816
v -8.322128 -133.003586 81.520699
v -8.247092 -133.013336 81.701180
v -8.310487 -132.851059 81.527512
v -8.232514 -132.841309 81.696815
v -8.019417 -132.872345 81.942459
v -7.984167 -132.868774 81.784584
v -8.062750 -132.318756 81.625496
v -8.127116 -132.412338 81.434753
v -8.062750 -132.318756 81.625496
v -8.322128 -133.003586 81.520699
v -8.465886 -132.861130 81.487816
v -8.310487 -132.851059 81.527512
v -8.461892 -132.989822 81.489403
v -8.247092 -133.013336 81.701180
v -8.232514 -132.841309 81.696815
v -7.899807 -132.317230 81.640717
v -7.074100 -132.480637 81.850586
v -7.279313 -132.432251 81.539482
v -7.077860 -132.467255 81.580750
v -7.077861 -132.936035 81.580750
v -0.856215 -132.879654 68.875793
v -0.594346 -132.449753 68.875793
v -1.140407 -132.951263 71.227577
v -0.594346 -132.449753 68.875793
v -0.594346 -132.449753 68.505898
v -0.856215 -132.879654 68.505898
v -0.856215 -132.879654 68.875793
v -0.594346 -133.228226 68.523643
v -0.594346 -133.154312 68.875793
v -0.880275 -132.523361 67.862640
v -0.594346 -132.354248 67.868210
v -1.038260 -134.537613 67.862640
v -0.755726 -134.328827 68.173477
v -0.401764 -134.625885 68.047714
v -0.369725 -134.811218 67.910210
v -0.332474 -132.879654 68.505898
v -0.594346 -133.154312 68.875793
v -0.348036 -132.879654 68.875793
v -0.594346 -132.449753 68.505898
v -0.594346 -132.449753 68.875793
v -0.312085 -132.543259 67.862640
v -0.240959 -134.507339 68.073174
v -0.105244 -134.634674 67.862640
v -0.312085 -132.543259 67.862640
v -0.594346 -132.354248 67.868210
v -1.038260 -134.537613 67.862640
v -0.105244 -134.634674 67.862640
v -0.369725 -134.811218 67.910210
v -0.880275 -132.523361 67.862640
v -0.312085 -132.543259 67.862640
v -0.594346 -132.354248 67.868210
v 0.012404 -133.099030 83.176239
v 0.012404 -133.580765 83.166397
v -0.246199 -133.516525 83.574463
v 0.012404 -133.640717 83.473259
v 0.012404 -133.613129 83.542259
v 0.012404 -133.111694 82.547127
v -0.442726 -132.733658 82.711540
v -0.442726 -132.733658 82.711540
v 0.012404 -132.288986 82.641838
v 0.012404 -132.288986 82.641838
v -0.594346 -133.154312 68.875793
v -0.856215 -132.879654 68.875793
v 0.012404 -132.676636 83.603111
v 0.012404 -133.636566 83.628479
v -0.679655 -133.208313 83.822868
v -0.285523 -133.536453 83.667122
v 0.012404 -133.613129 83.542259
v 0.012404 -133.422791 83.322845
v -0.246199 -133.516525 83.574463
v -0.679655 -133.208313 83.822868
v 0.012404 -132.676636 83.603111
v -1.917587 -132.678238 82.536079
v -1.582998 -132.678253 82.516953
vn -0.0207 -0.7165 -0.6973
vn -0.0255 0.4064 -0.9133
vn 0.0683 0.6544 -0.7530
vn 0.0512 -0.6648 -0.7453
vn -0.1115 0.7019 -0.7035
vn -0.1555 -0.7151 -0.6815
vn 0.0472 0.9698 0.2394
vn 0.0518 0.9233 0.3806
vn -0.0312 0.8305 0.5561
vn -0.0001 -0.0580 0.9983
vn 0.0606 -0.0828 0.9947
vn -0.0238 -0.7149 -0.6988
vn -0.0640 -0.8396 0.5394
vn 0.0233 -0.9588 0.2831
vn -0.0001 -0.0581 0.9983
vn -0.0115 -0.8846 0.4663
vn 0.1045 -0.8851 0.4535
vn 0.0490 -0.7943 -0.6056
vn 0.1574 -0.8370 0.5241
vn 0.0418 -0.7795 0.6250
vn 0.0899 0.0816 0.9926
vn 0.1888 0.0760 0.9791
vn 0.2012 0.0172 0.9794
vn 0.0137 0.7476 -0.6640
vn 0.1449 0.7695 -0.6219
vn 0.3050 -0.7575 -0.5772
vn 0.0124 -0.7983 0.6022
vn 0.0300 0.7354 0.6770
vn 0.1404 0.8973 0.4186
vn 0.2012 0.0173 0.9794
vn 0.1889 0.0761 0.9791
vn -0.0079 0.9899 0.1419
vn 0.6213 0.6579 -0.4257
vn 0.7451 -0.6489 -0.1545
vn 0.1109 0.7805 0.6153
vn 0.0129 -0.0413 0.9991
vn 0.0187 -0.0621 0.9979
vn 0.0393 0.9860 0.1620
vn -0.0206 0.9945 -0.1031
vn -0.6581 0.7515 0.0467
vn 0.5405 0.8413 -0.0098
vn 0.5989 0.7992 0.0513
vn -0.6142 0.7848 0.0826
vn 0.5776 0.8144 -0.0562
vn -0.6432 0.7654 -0.0186
vn 0.9292 -0.3643 -0.0629
vn 0.9067 -0.4114 -0.0934
vn 0.9319 -0.3599 -0.0451
vn -0.9159 -0.3950 -0.0722
vn -0.9221 -0.3855 -0.0344
vn 0.0129 -0.9934 -0.1143
vn 0.0202 -0.9888 -0.1481
vn 0.9292 -0.3642 -0.0629
vn 0.0090 -0.9930 -0.1175
vn 0.9067 -0.4113 -0.0933
vn -0.9071 -0.4178 -0.0508
vn 0.0748 -0.9950 -0.0661
vn -0.5270 -0.5581 -0.6409
vn 0.9194 -0.3915 -0.0375
vn -0.5005 0.6828 -0.5322
vn -0.0000 -0.6392 -0.7690
vn -0.0000 0.2789 -0.9603
vn 0.9489 -0.3090 -0.0648
vn -0.0413 -0.9983 -0.0408
vn -0.9262 -0.3765 -0.0197
vn -0.0250 -0.9996 0.0114
vn -0.9950 -0.0997 -0.0033
vn -0.0249 -0.9996 0.0115
vn 0.7460 0.6550 -0.1201
vn 0.7460 0.6551 -0.1201
vn 0.9194 -0.3914 -0.0375
vn 0.8248 -0.5653 0.0116
vn 0.4632 -0.8745 -0.1438
vn 0.9380 -0.3454 0.0288
vn -0.0000 -0.9994 -0.0357
vn -0.0000 -0.9489 -0.3156
vn 0.8721 0.4870 0.0470
vn 0.8568 0.4909 0.1581
vn 0.2500 0.9487 0.1934
vn 0.2160 0.9709 0.1033
vn -0.0000 0.9986 0.0535
vn -0.0000 0.9997 0.0243
vn -0.0000 0.9962 -0.0874
vn -0.3488 0.8709 -0.3462
vn 0.1281 0.9719 -0.1977
vn -0.5004 0.6826 -0.5326
vn -0.0000 0.2788 -0.9604
vn 0.9046 0.4169 0.0894
vn -0.0000 0.9822 -0.1880
vn 0.8165 0.5309 -0.2269
vn 0.6213 0.6579 -0.4256
vn 0.0001 0.9997 -0.0245
vn 0.2083 0.7123 0.6703
vn 0.0188 -0.0621 0.9979
vn 0.2018 -0.1235 0.9716
vn 0.5848 -0.1700 0.7931
vn -0.0000 0.8650 0.5019
vn 0.8616 -0.4983 -0.0966
vn 0.7450 -0.6489 -0.1545
vn 0.4752 -0.8799 -0.0013
vn 0.4556 -0.8692 0.1920
vn 0.0001 -0.9450 0.3271
vn 0.1917 -0.6954 0.6926
vn -0.0000 -0.8719 0.4896
vn 0.5848 -0.1699 0.7932
vn 0.2018 -0.1236 0.9716
vn 0.0124 -0.7983 0.6021
vn 0.0187 -0.0622 0.9979
vn 0.3049 -0.7575 -0.5773
vn -0.0000 -0.9975 0.0711
vn -0.4408 -0.7146 -0.5433
vn -0.1428 0.6660 -0.7322
vn 0.0664 0.2244 -0.9722
vn -0.2909 0.4654 -0.8359
vn 0.2663 0.6342 -0.7258
vn 0.5293 0.4611 -0.7122
vn 0.7577 0.2611 0.5981
vn 0.3919 -0.9200 -0.0021
vn -0.0710 -0.1191 -0.9903
vn 0.0048 0.6478 -0.7618
vn 0.0565 -0.1729 -0.9833
vn 0.0364 -0.8601 -0.5089
vn 0.0372 0.9298 -0.3662
vn 0.1574 0.3023 0.9401
vn 0.2300 0.9586 -0.1679
vn 0.3412 0.3901 0.8552
vn 0.7614 0.1076 -0.6393
vn 0.8707 -0.4075 0.2752
vn -0.8262 -0.1853 -0.5320
vn -0.4532 -0.8363 -0.3085
vn -0.7808 -0.1605 -0.6038
vn -0.5755 -0.6788 -0.4561
vn 0.5409 0.1107 -0.8338
vn 0.3291 0.5226 -0.7865
vn -0.6583 0.4081 -0.6326
vn 0.5062 -0.4561 -0.7319
vn -0.2582 0.7436 -0.6168
vn 0.5537 0.7935 0.2526
vn -0.6583 0.4080 -0.6326
vn 0.9119 0.1643 0.3761
vn 0.7131 -0.6401 0.2860
vn 0.3472 0.1581 0.9244
vn 0.2479 -0.0155 0.9687
vn -0.0382 -0.0074 0.9992
vn -0.1313 0.8359 0.5330
vn 0.0834 0.8229 0.5620
vn -0.2582 0.7435 -0.6168
vn -0.5756 -0.6787 -0.4561
vn -0.1428 0.6659 -0.7322
vn -0.0002 -0.0580 0.9983
vn -0.1279 -0.8683 0.4793
vn 0.2478 -0.0155 0.9687
vn 0.1066 -0.6639 0.7402
vn 0.3918 -0.9201 -0.0020
vn -0.4408 -0.7146 -0.5432
vn -0.0846 -0.9894 0.1179
vn -0.2199 -0.3368 -0.9156
vn -0.5528 -0.4068 -0.7272
vn 0.2663 0.6342 -0.7259
vn 0.7577 0.2611 0.5980
vn 0.0964 -0.9590 0.2667
vn -0.0475 -0.2948 -0.9544
vn 0.8707 -0.4075 0.2753
vn 0.2299 0.9586 -0.1678
vn 0.3413 0.3901 0.8552
vn 0.1573 0.3024 0.9401
vn -0.1555 -0.7151 -0.6816
vn 0.5824 0.6226 0.5227
vn 0.5984 -0.6225 0.5044
vn 0.6294 -0.5263 -0.5717
vn 0.6350 0.5145 -0.5763
vn -0.4564 -0.6399 -0.6182
vn -0.3260 -0.8379 -0.4377
vn -0.5050 0.6148 -0.6058
vn -0.4123 0.8067 -0.4234
vn 0.0565 -0.1728 -0.9833
vn -0.2581 0.7436 -0.6168
vn 0.5537 0.7935 0.2525
vn -0.6582 0.4080 -0.6326
vn -0.2581 0.7435 -0.6169
vn 0.6350 0.5144 -0.5763
vn 0.6295 -0.5263 -0.5717
vn -0.4122 0.8067 -0.4235
vn 0.0048 0.6479 -0.7617
vn -0.1115 0.7019 -0.7034
vn -0.4407 -0.7146 -0.5432
vn 0.9936 -0.0970 -0.0580
vn -0.0205 0.9945 -0.1031
vn 0.9488 -0.3090 -0.0648
vn 0.9707 0.0618 0.2320
vn -0.0073 0.9718 0.2357
vn -0.0146 -0.5522 0.8336
vn -0.0250 -0.9996 0.0115
vn 0.7029 0.4519 -0.5492
vn -0.0227 0.8451 -0.5341
vn 0.7602 -0.5759 -0.3009
vn 0.3118 -0.3877 0.8675
vn -0.0509 -0.5387 0.8410
vn -0.1106 -0.9868 -0.1181
vn -0.9677 0.0694 0.2422
vn -0.0249 -0.9996 0.0114
vn -0.7060 0.4350 -0.5589
vn -0.4635 -0.3405 0.8181
vn -0.7877 -0.5043 -0.3540
vn -0.0226 0.8451 -0.5342
vn 0.7602 -0.5758 -0.3009
vn -0.7876 -0.5043 -0.3540
vn 0.5204 -0.8431 -0.1356
vn 0.3902 -0.3321 -0.8588
vn 0.8660 -0.3393 -0.3673
vn 0.4696 -0.8810 -0.0579
vn 0.0001 -0.9060 -0.4233
vn -0.0000 -0.2956 -0.9553
vn -0.0000 -0.9721 -0.2347
vn -0.0001 -0.9207 -0.3902
vn 0.7290 -0.6804 -0.0754
vn 0.9295 -0.3665 0.0422
vn 0.3696 -0.9278 0.0501
vn -0.0001 -0.9486 0.3164
vn -0.0000 -0.9958 -0.0920
vn 0.3630 -0.9175 -0.1626
vn 0.4282 -0.9022 -0.0520
vn -0.0000 -0.9968 -0.0794
vn -0.0000 -0.9670 0.2547
vn 0.3939 -0.8925 0.2199
vn -0.0000 -0.6636 0.7481
vn 0.7030 -0.5379 0.4653
vn 0.7993 0.2380 0.5517
vn 0.9929 0.1153 0.0301
vn 0.9537 0.0578 -0.2953
vn 0.6052 -0.4003 -0.6881
vn 0.9124 0.1030 -0.3960
vn -0.0000 -0.5389 -0.8424
vn 0.7735 0.6333 0.0229
vn -0.0000 0.9397 0.3419
vn -0.0000 0.9230 -0.3848
vn 0.8148 0.4648 -0.3465
vn -0.0000 0.9164 -0.4002
vn -0.0000 0.8650 0.5018
vn 0.0980 -0.6530 0.7510
vn -0.0000 -0.6883 -0.7254
vn -0.0000 -0.8719 0.4897
vn 0.9125 0.1029 -0.3960
vn 0.5849 -0.1700 0.7931
vn -0.0000 -0.9995 0.0322
vn -0.0000 -0.3630 0.9318
vn 0.5849 -0.1699 0.7931
vn -0.0000 0.8649 0.5019
vn 0.9124 0.1029 -0.3961
vn -0.9124 0.1030 -0.3960
vn -0.8148 0.4648 -0.3465
vn -0.0000 0.9164 -0.4003
vn -0.9537 0.0578 -0.2953
vn -0.6052 -0.4003 -0.6881
vn -0.8660 -0.3393 -0.3673
vn -0.9929 0.1153 0.0301
vn -0.9295 -0.3665 0.0422
vn -0.7290 -0.6804 -0.0754
vn -0.5204 -0.8431 -0.1356
vn -0.3901 -0.3321 -0.8588
vn -0.4696 -0.8810 -0.0579
vn -0.0001 -0.9060 -0.4233
vn 0.0001 -0.9208 -0.3901
vn -0.3696 -0.9278 0.0501
vn -0.0000 -0.9486 0.3164
vn -0.0000 -0.9958 -0.0921
vn -0.3630 -0.9175 -0.1626
vn -0.4282 -0.9022 -0.0520
vn -0.3939 -0.8925 0.2199
vn -0.7030 -0.5379 0.4653
vn -0.7994 0.2380 0.5517
vn -0.7735 0.6333 0.0229
vn -0.0000 0.9230 -0.3849
vn -0.2775 -0.6404 0.7162
vn -0.4654 -0.0145 0.8850
vn -0.7993 0.2380 0.5518
vn -0.0000 0.5765 0.8171
vn -0.0000 -0.1608 0.9870
vn -0.0000 0.5766 0.8171
vn 0.7993 0.2380 0.5518
vn -0.0001 0.9397 0.3419
vn 0.4654 -0.0144 0.8850
vn 0.2775 -0.6404 0.7162
vn -0.0000 -0.1609 0.9870
vn -0.0000 -0.9208 -0.3901
vn -0.0000 -0.9693 0.2460
vn -0.4696 -0.8810 -0.0580
vn 0.9936 -0.0970 -0.0581
vn -0.0000 -0.9997 -0.0252
vn 0.8660 -0.3392 -0.3673
vn 0.3902 -0.3322 -0.8587
vn 0.0001 -0.3630 0.9318
vn 0.0980 -0.6529 0.7510
vn -0.0000 0.2087 0.9780
vn 0.8660 -0.3393 -0.3674
vn -0.0001 -0.9997 -0.0253
vn 0.0129 -0.0414 0.9991
vn 0.0206 -0.7165 -0.6973
vn -0.0512 -0.6648 -0.7453
vn -0.0684 0.6545 -0.7530
vn 0.0255 0.4064 -0.9133
vn 0.1115 0.7020 -0.7034
vn 0.1554 -0.7151 -0.6815
vn -0.0472 0.9698 0.2394
vn -0.0518 0.9233 0.3806
vn 0.0312 0.8305 0.5561
vn 0.0001 -0.0580 0.9983
vn -0.0606 -0.0828 0.9947
vn 0.0238 -0.7149 -0.6988
vn 0.0640 -0.8396 0.5394
vn -0.0233 -0.9588 0.2831
vn 0.0002 -0.0581 0.9983
vn 0.0115 -0.8846 0.4663
vn -0.1045 -0.8851 0.4535
vn -0.0490 -0.7943 -0.6056
vn -0.1574 -0.8370 0.5241
vn -0.0418 -0.7795 0.6250
vn -0.0899 0.0816 0.9926
vn -0.1888 0.0761 0.9791
vn -0.2012 0.0172 0.9794
vn -0.0138 0.7477 -0.6639
vn -0.1449 0.7695 -0.6219
vn -0.3050 -0.7575 -0.5772
vn -0.0124 -0.7983 0.6021
vn -0.0300 0.7354 0.6770
vn -0.1404 0.8972 0.4186
vn -0.1889 0.0761 0.9790
vn 0.0079 0.9899 0.1419
vn -0.6213 0.6579 -0.4257
vn -0.7450 -0.6489 -0.1545
vn -0.1108 0.7805 0.6153
vn -0.0129 -0.0413 0.9991
vn -0.0187 -0.0621 0.9979
vn -0.0393 0.9860 0.1620
vn 0.0206 0.9945 -0.1031
vn -0.5405 0.8413 -0.0098
vn 0.6581 0.7515 0.0467
vn -0.5989 0.7992 0.0513
vn 0.6142 0.7848 0.0826
vn -0.5787 0.8139 -0.0515
vn 0.6432 0.7654 -0.0186
vn -0.9292 -0.3642 -0.0629
vn -0.9073 -0.4103 -0.0921
vn -0.9319 -0.3600 -0.0451
vn 0.9158 -0.3950 -0.0722
vn 0.9221 -0.3855 -0.0343
vn -0.0129 -0.9934 -0.1143
vn -0.0202 -0.9888 -0.1481
vn -0.9319 -0.3599 -0.0452
vn -0.0090 -0.9930 -0.1174
vn -0.9073 -0.4103 -0.0920
vn 0.9071 -0.4178 -0.0508
vn -0.0791 -0.9950 -0.0610
vn 0.5270 -0.5581 -0.6409
vn -0.9190 -0.3927 -0.0351
vn 0.4751 0.6905 -0.5455
vn -0.9489 -0.3090 -0.0648
vn 0.0413 -0.9983 -0.0408
vn 0.9262 -0.3765 -0.0197
vn 0.0250 -0.9996 0.0114
vn 0.9950 -0.0997 -0.0033
vn 0.0249 -0.9996 0.0114
vn -0.0000 -0.6392 -0.7691
vn -0.7847 0.6061 -0.1301
vn -0.9073 -0.4102 -0.0921
vn -0.9190 -0.3926 -0.0351
vn -0.8248 -0.5653 0.0116
vn -0.9359 -0.3513 0.0240
vn -0.4613 -0.8752 -0.1456
vn -0.8721 0.4870 0.0470
vn -0.8543 0.4923 0.1670
vn -0.0790 -0.9950 -0.0610
vn -0.8987 0.4321 0.0746
vn -0.2246 0.9701 0.0923
vn -0.7846 0.6061 -0.1301
vn -0.2500 0.9487 0.1934
vn 0.3489 0.8709 -0.3462
vn -0.2186 0.9527 -0.2111
vn 0.4750 0.6905 -0.5455
vn -0.7847 0.6060 -0.1302
vn -0.0000 0.2788 -0.9603
vn -0.8165 0.5309 -0.2268
vn -0.0000 0.9997 -0.0245
vn -0.2083 0.7123 0.6703
vn -0.1109 0.7805 0.6153
vn -0.2018 -0.1235 0.9716
vn -0.5848 -0.1700 0.7931
vn -0.8616 -0.4983 -0.0966
vn -0.7450 -0.6489 -0.1544
vn -0.4749 -0.8800 -0.0010
vn -0.4559 -0.8691 0.1918
vn -0.0001 -0.9450 0.3271
vn -0.1916 -0.6954 0.6926
vn -0.5849 -0.1699 0.7931
vn -0.2018 -0.1236 0.9716
vn -0.0188 -0.0622 0.9979
vn -0.3050 -0.7575 -0.5773
vn 0.4407 -0.7146 -0.5433
vn -0.0664 0.2244 -0.9722
vn 0.1427 0.6660 -0.7322
vn 0.2909 0.4655 -0.8359
vn -0.2663 0.6342 -0.7258
vn -0.5293 0.4611 -0.7122
vn -0.7577 0.2611 0.5981
vn -0.3918 -0.9200 -0.0020
vn 0.0710 -0.1191 -0.9903
vn -0.0048 0.6478 -0.7618
vn -0.0565 -0.1729 -0.9833
vn -0.0364 -0.8601 -0.5089
vn -0.0373 0.9298 -0.3662
vn -0.1574 0.3024 0.9401
vn -0.2299 0.9586 -0.1678
vn -0.3412 0.3901 0.8552
vn -0.7614 0.1076 -0.6393
vn -0.8707 -0.4075 0.2752
vn 0.8262 -0.1853 -0.5320
vn 0.4532 -0.8363 -0.3085
vn 0.7808 -0.1605 -0.6038
vn 0.5755 -0.6788 -0.4562
vn -0.5409 0.1107 -0.8338
vn -0.3291 0.5226 -0.7865
vn 0.6582 0.4081 -0.6327
vn -0.5062 -0.4561 -0.7320
vn 0.2582 0.7436 -0.6168
vn -0.5537 0.7935 0.2525
vn 0.6582 0.4080 -0.6326
vn -0.9119 0.1643 0.3761
vn -0.7131 -0.6401 0.2860
vn -0.3472 0.1581 0.9244
vn -0.2479 -0.0155 0.9687
vn 0.0382 -0.0074 0.9992
vn 0.1312 0.8359 0.5330
vn -0.0834 0.8229 0.5620
vn 0.2581 0.7436 -0.6169
vn 0.5756 -0.6787 -0.4562
vn -0.2478 -0.0155 0.9687
vn 0.1427 0.6659 -0.7322
vn 0.1279 -0.8683 0.4793
vn -0.1066 -0.6639 0.7401
vn -0.3918 -0.9201 -0.0020
vn 0.4408 -0.7146 -0.5432
vn 0.0847 -0.9894 0.1179
vn 0.2199 -0.3368 -0.9156
vn 0.5528 -0.4068 -0.7272
vn 0.2909 0.4654 -0.8359
vn -0.2663 0.6342 -0.7259
vn -0.7577 0.2612 0.5981
vn -0.0963 -0.9590 0.2667
vn 0.0475 -0.2948 -0.9544
vn -0.8707 -0.4076 0.2752
vn -0.2300 0.9586 -0.1678
vn -0.3412 0.3902 0.8552
vn -0.1573 0.3024 0.9401
vn 0.1555 -0.7151 -0.6816
vn -0.5823 0.6226 0.5228
vn -0.6295 -0.5263 -0.5717
vn -0.5983 -0.6225 0.5044
vn -0.6350 0.5145 -0.5763
vn 0.4564 -0.6399 -0.6183
vn 0.3261 -0.8379 -0.4377
vn 0.5051 0.6148 -0.6057
vn 0.4123 0.8067 -0.4235
vn 0.2581 0.7436 -0.6168
vn 0.6582 0.4081 -0.6326
vn -0.5537 0.7935 0.2526
vn 0.4564 -0.6399 -0.6182
vn -0.6294 -0.5263 -0.5717
vn 0.4123 0.8067 -0.4234
vn -0.0048 0.6479 -0.7617
vn 0.0313 0.8305 0.5561
vn 0.1428 0.6659 -0.7322
vn 0.1116 0.7020 -0.7034
vn 0.1555 -0.7151 -0.6815
vn -0.9936 -0.0970 -0.0581
vn 0.0205 0.9945 -0.1031
vn -0.9488 -0.3090 -0.0648
vn 0.0073 0.9718 0.2356
vn -0.9707 0.0618 0.2321
vn -0.9936 -0.0970 -0.0580
vn 0.0146 -0.5522 0.8336
vn -0.7029 0.4519 -0.5493
vn 0.0226 0.8451 -0.5342
vn -0.7602 -0.5759 -0.3009
vn -0.3118 -0.3877 0.8675
vn 0.0509 -0.5386 0.8410
vn 0.1106 -0.9868 -0.1181
vn 0.9677 0.0694 0.2422
vn 0.0073 0.9718 0.2357
vn 0.7060 0.4350 -0.5589
vn 0.4635 -0.3405 0.8181
vn 0.7877 -0.5043 -0.3540
vn 0.7061 0.4349 -0.5589
vn -0.7601 -0.5759 -0.3009
vn 0.7876 -0.5043 -0.3540
vn -0.7029 0.4519 -0.5492
vn -0.0980 -0.6530 0.7510
vn -0.0000 -0.5389 -0.8423
vn -0.9125 0.1029 -0.3960
vn -0.5849 -0.1700 0.7931
vn -0.9124 0.1029 -0.3961
vn -0.0000 -0.2955 -0.9553
vn -0.8660 -0.3394 -0.3674
vn -0.3902 -0.3322 -0.8587
vn -0.0000 0.2088 0.9780
vn -0.0980 -0.6529 0.7510
vn -0.0129 -0.0414 0.9991
vn -0.0187 -0.0622 0.9979
vt 0.730382 0.103619
vt 0.705649 0.144477
vt 0.906050 0.162418
vt 0.907543 0.101904
vt 0.999984 0.166941
vt 1.001061 0.095946
vt 0.733494 0.205318
vt 0.838940 0.209383
vt 0.991053 0.210366
vt 0.981648 0.252295
vt 0.840260 0.252371
vt 0.689743 0.104698
vt 0.991405 0.052870
vt 0.810174 0.064464
vt 0.981657 0.011468
vt 0.840250 0.011429
vt 0.734207 0.056759
vt 0.693123 0.056174
vt 0.518060 0.096757
vt 0.575201 0.047645
vt 0.473165 0.043970
vt 0.716055 0.011396
vt 0.597290 0.011359
vt 0.510869 0.011322
vt 0.522475 0.164896
vt 0.485011 0.157654
vt 0.479927 0.107408
vt 0.445175 0.049232
vt 0.473366 0.225391
vt 0.579352 0.211659
vt 0.510849 0.252622
vt 0.597275 0.252464
vt 0.688056 0.203710
vt 0.716059 0.252303
vt 0.459430 0.138427
vt 0.448360 0.105872
vt 0.445220 0.217118
vt 0.468555 0.252667
vt 0.435264 0.252667
vt 0.710772 0.204691
vt 0.809314 0.993189
vt 0.844593 0.748486
vt 0.799681 0.766537
vt 0.795370 0.616810
vt 0.844460 0.624653
vt 0.796731 0.566457
vt 0.846052 0.573862
vt 0.737687 0.589384
vt 0.737679 0.566887
vt 0.737691 0.611583
vt 0.903594 0.595045
vt 0.902086 0.622902
vt 0.947494 0.615460
vt 0.947980 0.591500
vt 0.993009 0.611673
vt 0.993010 0.589483
vt 0.948583 0.568105
vt 0.993012 0.566905
vt 0.904969 0.574145
vt 0.939443 0.344499
vt 0.898532 0.361084
vt 0.993076 0.320695
vt 0.854260 0.365264
vt 0.915162 0.347050
vt 0.854851 0.350073
vt 0.993004 0.780156
vt 0.944441 0.769131
vt 0.900724 0.759988
vt 0.936461 0.995025
vt 0.880074 0.997653
vt 0.789589 0.353336
vt 0.737576 0.320774
vt 0.459999 0.699940
vt 0.421847 0.911548
vt 0.493482 0.874305
vt 0.334346 0.703269
vt 0.334346 0.906337
vt 0.574509 0.696105
vt 0.570429 0.874521
vt 0.490508 0.948126
vt 0.334346 0.965522
vt 0.365140 0.975937
vt 0.420117 0.965795
vt 0.650541 0.838561
vt 0.643075 0.892767
vt 0.726515 0.817051
vt 0.726515 0.703484
vt 0.726515 0.932364
vt 0.709975 0.959389
vt 0.635989 0.948441
vt 0.695226 0.983366
vt 0.579503 0.979625
vt 0.726515 0.978941
vt 0.572418 0.925007
vt 0.726515 0.610225
vt 0.575486 0.609180
vt 0.574131 0.447552
vt 0.726515 0.445670
vt 0.628909 0.318546
vt 0.561909 0.331279
vt 0.561667 0.289065
vt 0.629838 0.284131
vt 0.681244 0.268659
vt 0.726515 0.308737
vt 0.465542 0.609718
vt 0.497836 0.448231
vt 0.389955 0.608312
vt 0.424485 0.456931
vt 0.334346 0.436815
vt 0.434410 0.332167
vt 0.334346 0.318454
vt 0.382074 0.269755
vt 0.433481 0.285227
vt 0.501409 0.332846
vt 0.501652 0.290161
vt 0.532354 0.423067
vt 0.334346 0.607952
vt 0.079805 0.232283
vt 0.164710 0.210607
vt 0.122523 0.194649
vt 0.082536 0.195321
vt 0.065738 0.163787
vt 0.098907 0.148763
vt 0.061632 0.142152
vt 0.067395 0.121429
vt 0.123677 0.114515
vt 0.175785 0.114562
vt 0.094627 0.115280
vt 0.071940 0.113520
vt 0.035702 0.148111
vt 0.041923 0.132093
vt 0.020229 0.138299
vt 0.026355 0.125859
vt 0.005702 0.131286
vt 0.011940 0.118620
vt 0.124248 0.087244
vt 0.097369 0.085301
vt 0.124231 0.055219
vt 0.098622 0.055224
vt 0.124118 0.033753
vt 0.158367 0.040381
vt 0.164154 0.054336
vt 0.099739 0.035139
vt 0.171577 0.088395
vt 0.192231 0.080816
vt 0.172887 0.036601
vt 0.229659 0.051083
vt 0.207206 0.014433
vt 0.253565 0.037615
vt 0.259273 0.099604
vt 0.295568 0.088781
vt 0.225257 0.005464
vt 0.257519 0.214069
vt 0.210893 0.208562
vt 0.203087 0.112287
vt 0.256732 0.004405
vt 0.275505 0.029551
vt 0.296663 0.056271
vt 0.254448 0.243670
vt 0.287294 0.248875
vt 0.299549 0.220380
vt 0.323300 0.104611
vt 0.343328 0.116239
vt 0.349575 0.166371
vt 0.341191 0.234380
vt 0.379236 0.180734
vt 0.393815 0.198439
vt 0.369935 0.227020
vt 0.383913 0.245331
vt 0.408148 0.211617
vt 0.372524 0.153454
vt 0.406401 0.154959
vt 0.418570 0.170953
vt 0.432503 0.130104
vt 0.445823 0.142555
vt 0.433494 0.180403
vt 0.448844 0.163198
vt 0.412154 0.127150
vt 0.395815 0.139939
vt 0.325332 0.261049
vt 0.344700 0.051550
vt 0.359289 0.070966
vt 0.389947 0.045029
vt 0.374202 0.026325
vt 0.391323 0.064504
vt 0.369359 0.086828
vt 0.352694 0.023153
vt 0.330809 0.036634
vt 0.068269 0.054545
vt 0.088448 0.054365
vt 0.085147 0.033440
vt 0.068311 0.035581
vt 0.069129 0.082960
vt 0.091835 0.081384
vt 0.214759 0.239928
vt 0.170727 0.242683
vt 0.094294 0.262400
vt 0.737783 0.987757
vt 0.737708 0.780107
vt 0.274783 0.263290
vt 0.251897 0.284556
vt 0.265085 0.304716
vt 0.290410 0.280108
vt 0.230808 0.322133
vt 0.234686 0.293532
vt 0.317161 0.315098
vt 0.326877 0.296848
vt 0.247112 0.446506
vt 0.230894 0.421947
vt 0.204488 0.436013
vt 0.200804 0.450038
vt 0.202857 0.296193
vt 0.220949 0.280878
vt 0.186739 0.265822
vt 0.206200 0.254811
vt 0.152216 0.291162
vt 0.194174 0.426648
vt 0.177297 0.438725
vt 0.148125 0.271043
vt 0.109679 0.437051
vt 0.158639 0.453515
vt 0.110675 0.292890
vt 0.130164 0.279394
vt 0.048936 0.787641
vt 0.037433 0.823986
vt 0.095670 0.805101
vt 0.018334 0.795488
vt 0.001309 0.823986
vt 0.001309 0.828672
vt 0.001309 0.805245
vt 0.001309 0.793266
vt 0.072476 0.756292
vt 0.104842 0.722758
vt 0.009703 0.762035
vt 0.001309 0.770446
vt 0.001309 0.745864
vt 0.041600 0.754625
vt 0.045013 0.731461
vt 0.001309 0.728107
vt 0.001309 0.706350
vt 0.045012 0.704329
vt 0.000634 0.640415
vt 0.080537 0.664700
vt 0.172489 0.654188
vt 0.168984 0.731210
vt 0.146949 0.810560
vt 0.044855 0.876465
vt 0.134665 0.883862
vt 0.053879 0.921862
vt 0.230813 0.753236
vt 0.327296 0.709405
vt 0.289853 0.844016
vt 0.198004 0.819694
vt 0.222406 0.906637
vt 0.208321 0.985394
vt 0.032665 0.835220
vt 0.001309 0.884699
vt 0.068912 0.997425
vt 0.136690 0.961832
vt 0.001309 0.847491
vt 0.001309 0.839125
vt 0.041894 0.649915
vt 0.070649 0.583980
vt 0.103642 0.580263
vt 0.049090 0.502723
vt 0.103028 0.449168
vt 0.013527 0.576938
vt 0.001309 0.788851
vt 0.992969 0.987765
vt 0.232379 0.916718
vt 0.282941 0.969753
vt 0.311768 0.908112
vt 0.306313 0.933309
vt 0.220304 0.994415
vt 0.243005 0.989735
vt 0.222758 0.978624
vt 0.468563 0.011307
vt 0.435273 0.011298
s 1
usemtl enemy_tonnel
f 1/1/1 2/2/2 3/3/3
f 1/1/1 3/3/3 4/4/4
f 4/4/4 3/3/3 5/5/5
f 4/4/4 5/5/5 6/6/6
f 3/3/3 2/2/2 7/7/7
f 3/3/3 7/7/7 8/8/8
f 5/5/5 3/3/3 8/8/8
f 5/5/5 8/8/8 9/9/9
f 10/10/10 9/9/9 8/8/8
f 10/10/10 8/8/8 11/11/11
f 11/11/11 8/8/8 7/7/7
f 1/1/1 12/12/12 2/2/2
f 4/4/4 6/6/6 13/13/13
f 14/14/14 4/4/4 13/13/13
f 1/1/1 4/4/4 14/14/14
f 14/14/14 13/13/13 15/15/15
f 14/14/14 15/15/15 16/16/11
f 16/16/11 17/17/16 14/14/14
f 1/1/1 14/14/14 17/17/16
f 18/18/17 12/12/12 1/1/1
f 18/18/17 1/1/1 17/17/16
f 18/18/17 19/19/18 12/12/12
f 18/18/17 20/20/19 19/19/18
f 20/20/19 21/21/20 19/19/18
f 22/22/21 20/20/19 18/18/17
f 16/16/11 22/22/21 17/17/16
f 18/18/17 17/17/16 22/22/21
f 22/22/21 23/23/22 20/20/19
f 24/24/23 21/21/20 20/20/19
f 24/24/23 20/20/19 23/23/22
f 25/25/24 12/12/12 19/19/18
f 26/26/25 25/25/24 19/19/18
f 26/26/25 19/19/18 27/27/26
f 19/19/18 21/21/20 27/27/26
f 21/21/20 28/28/27 27/27/26
f 29/29/28 25/25/24 26/26/25
f 29/29/28 30/30/29 25/25/24
f 30/30/29 29/29/28 31/31/30
f 30/30/29 31/31/30 32/32/31
f 33/33/32 30/30/29 32/32/31
f 33/33/32 32/32/31 34/34/21
f 27/27/26 35/35/33 26/26/25
f 27/27/26 36/36/34 35/35/33
f 35/35/33 37/37/35 26/26/25
f 37/37/35 29/29/28 26/26/25
f 37/37/35 38/38/36 29/29/28
f 31/31/30 29/29/28 38/38/36
f 37/37/35 39/39/37 38/38/36
f 30/30/29 33/33/32 2/2/2
f 30/30/29 2/2/2 25/25/24
f 25/25/24 2/2/2 12/12/12
f 2/2/2 33/33/32 40/40/38
f 40/40/38 33/33/32 34/34/21
f 7/7/7 40/40/38 34/34/21
f 7/7/7 2/2/2 40/40/38
f 11/11/11 7/7/7 34/34/21
f 41/41/39 42/42/40 43/43/41
f 42/42/40 44/44/42 43/43/41
f 42/42/40 45/45/43 44/44/42
f 45/45/43 46/46/44 44/44/42
f 45/45/43 47/47/45 46/46/44
f 48/48/46 44/44/42 46/46/44
f 49/49/47 48/48/46 46/46/44
f 48/48/46 50/50/48 44/44/42
f 43/43/41 44/44/42 50/50/48
f 51/51/49 47/47/45 45/45/43
f 52/52/50 51/51/49 45/45/43
f 52/52/50 45/45/43 42/42/40
f 51/51/49 52/52/50 53/53/51
f 51/51/49 53/53/51 54/54/52
f 54/54/52 53/53/51 55/55/48
f 54/54/52 55/55/48 56/56/53
f 57/57/54 54/54/52 56/56/53
f 57/57/54 56/56/53 58/58/55
f 59/59/56 51/51/49 54/54/52
f 59/59/56 54/54/52 57/57/54
f 51/51/49 59/59/56 47/47/45
f 59/59/56 57/57/54 60/60/57
f 60/60/57 57/57/54 58/58/55
f 59/59/56 60/60/57 61/61/58
f 47/47/45 59/59/56 61/61/58
f 60/60/57 58/58/55 62/62/59
f 47/47/45 61/61/58 63/63/60
f 64/64/61 63/63/60 61/61/58
f 64/64/61 65/65/62 63/63/60
f 53/53/51 66/66/63 55/55/48
f 53/53/51 67/67/64 66/66/63
f 53/53/51 52/52/50 68/68/65
f 53/53/51 68/68/65 67/67/64
f 69/69/66 66/66/63 67/67/64
f 68/68/65 69/69/66 67/67/64
f 52/52/50 42/42/40 68/68/65
f 42/42/40 70/70/67 68/68/65
f 42/42/40 71/41/39 70/70/67
f 68/68/65 70/70/67 72/69/68
f 63/63/60 73/71/69 46/46/44
f 63/63/60 46/46/44 47/47/45
f 74/71/69 49/49/47 46/46/44
f 75/71/70 76/72/71 49/49/55
f 77/73/72 78/74/73 79/75/74
f 77/73/72 80/76/75 78/74/73
f 80/76/75 81/77/76 78/74/73
f 79/75/74 82/78/77 77/73/72
f 79/75/74 83/79/78 82/78/77
f 79/75/74 78/74/73 84/80/59
f 78/74/73 81/77/76 85/81/61
f 78/74/73 85/81/61 86/82/58
f 86/82/58 87/83/57 78/74/73
f 78/74/73 87/83/57 84/80/59
f 82/78/77 83/79/78 88/84/79
f 89/85/80 88/84/79 83/79/78
f 89/85/80 90/86/81 88/84/79
f 91/87/82 88/84/79 90/86/81
f 91/87/82 82/78/77 88/84/79
f 92/88/83 90/86/81 89/85/80
f 92/88/83 89/85/80 93/89/84
f 89/85/80 94/90/85 93/89/84
f 93/89/84 94/90/85 95/91/86
f 94/90/85 89/85/80 96/92/70
f 97/93/62 92/88/83 93/89/84
f 98/93/87 93/89/84 95/91/86
f 89/85/80 83/79/78 99/94/88
f 89/85/80 99/94/88 96/92/70
f 99/94/88 83/79/78 79/75/74
f 99/94/88 79/75/74 84/80/59
f 100/92/70 99/94/88 84/80/59
f 94/90/85 101/92/70 95/91/86
f 91/87/82 102/95/89 103/96/90
f 91/87/82 103/96/90 82/78/77
f 102/95/89 104/97/91 103/96/90
f 102/95/89 105/98/92 104/97/91
f 105/98/92 106/99/93 104/97/91
f 107/100/35 104/97/91 106/99/93
f 106/99/93 108/101/94 107/100/35
f 106/99/93 109/102/95 108/101/94
f 110/103/96 109/102/95 106/99/93
f 106/99/93 111/104/97 110/103/96
f 105/98/92 111/104/97 106/99/93
f 77/73/72 82/78/77 103/96/90
f 77/73/72 103/96/90 112/105/98
f 113/106/99 112/105/98 103/96/90
f 113/106/99 103/96/90 104/97/91
f 113/106/99 114/107/100 112/105/98
f 77/73/72 112/105/98 114/107/100
f 113/106/99 115/108/101 114/107/100
f 115/108/101 116/109/102 114/107/100
f 116/109/102 115/108/101 117/110/103
f 117/110/103 115/108/101 113/106/99
f 116/109/102 117/110/103 118/111/104
f 117/110/103 119/112/105 118/111/104
f 117/110/103 120/113/106 119/112/105
f 120/113/106 117/110/103 121/114/107
f 120/113/106 121/114/107 122/115/108
f 77/73/72 114/107/100 80/76/75
f 117/110/103 113/106/99 123/116/109
f 117/110/103 123/116/109 121/114/107
f 80/76/75 114/107/100 124/117/110
f 114/107/100 116/109/102 124/117/110
f 125/118/111 126/119/112 127/120/113
f 128/121/114 125/118/111 127/120/113
f 127/120/113 129/122/115 128/121/114
f 127/120/113 130/123/116 129/122/115
f 129/122/115 130/123/116 131/124/117
f 130/123/116 132/125/118 131/124/117
f 133/126/119 130/123/116 127/120/113
f 127/120/113 134/127/120 133/126/119
f 130/123/116 133/126/119 135/128/121
f 130/123/116 135/128/121 132/125/118
f 135/128/121 136/129/122 132/125/118
f 137/130/123 129/122/115 131/124/117
f 137/130/123 131/124/117 138/131/124
f 139/132/125 137/130/123 138/131/124
f 139/132/125 138/131/124 140/133/126
f 141/134/127 139/132/125 140/133/126
f 141/134/127 140/133/126 142/135/128
f 135/128/121 133/126/119 143/136/129
f 135/128/121 143/136/129 144/137/130
f 144/137/130 143/136/129 145/138/131
f 144/137/130 145/138/131 146/139/132
f 145/138/131 147/140/133 146/139/132
f 148/141/134 147/140/133 145/138/131
f 149/142/135 148/141/134 145/138/131
f 143/136/129 149/142/135 145/138/131
f 147/140/133 150/143/136 146/139/132
f 143/136/129 151/144/137 149/142/135
f 152/145/138 153/146/134 149/142/139
f 154/147/140 153/146/134 152/145/138
f 154/147/140 155/148/133 153/146/134
f 156/149/141 155/148/133 154/147/140
f 157/150/142 156/149/141 154/147/140
f 154/147/140 152/145/138 157/150/142
f 157/150/142 158/151/143 156/149/141
f 156/149/141 159/152/136 155/148/133
f 158/151/143 157/150/142 160/153/144
f 157/150/142 161/154/145 160/153/144
f 157/150/142 162/155/146 161/154/145
f 152/145/138 162/155/146 157/150/142
f 162/155/146 152/145/138 163/144/147
f 164/127/120 162/155/146 163/144/147
f 161/154/145 162/155/146 164/127/120
f 156/149/141 165/156/148 159/152/136
f 156/149/141 166/157/130 165/156/148
f 167/151/143 166/157/130 156/149/141
f 167/151/143 168/158/121 166/157/130
f 126/119/149 161/154/145 164/127/120
f 161/154/145 169/159/150 160/153/144
f 170/160/13 160/153/144 169/159/150
f 170/160/13 171/161/151 160/153/144
f 172/151/152 160/153/144 171/161/151
f 173/162/153 172/151/152 171/161/151
f 171/161/151 174/163/122 173/162/153
f 171/161/151 175/164/154 174/163/122
f 171/161/151 176/165/155 175/164/154
f 170/160/13 176/165/155 171/161/151
f 177/166/156 175/164/154 176/165/155
f 176/165/155 178/167/157 177/166/156
f 176/165/155 179/168/158 178/167/157
f 180/169/114 179/168/158 176/165/155
f 178/167/157 179/168/158 180/169/114
f 178/167/157 180/169/114 181/170/159
f 177/166/156 182/171/160 175/164/154
f 178/167/157 183/172/161 177/166/156
f 178/167/157 184/173/162 183/172/161
f 181/170/159 184/173/162 178/167/157
f 184/173/162 185/174/163 183/172/161
f 184/173/162 186/175/127 185/174/163
f 181/170/159 187/176/123 184/173/162
f 187/176/123 186/175/127 184/173/162
f 187/176/123 188/177/164 186/175/127
f 189/178/165 183/172/161 185/174/163
f 189/178/165 190/179/166 183/172/161
f 190/179/166 182/171/160 177/166/156
f 190/179/166 177/166/156 183/172/161
f 170/160/13 191/180/167 176/165/155
f 192/181/168 193/182/169 194/183/170
f 192/181/168 194/183/170 195/184/171
f 172/151/152 193/182/169 192/181/168
f 172/151/152 173/162/153 193/182/169
f 193/182/169 196/185/172 194/183/170
f 193/182/169 197/186/173 196/185/172
f 173/162/153 197/186/173 193/182/169
f 173/162/153 174/163/122 197/186/173
f 192/181/168 195/184/171 198/187/174
f 192/181/168 198/187/174 199/188/175
f 200/151/143 192/181/168 199/188/175
f 200/151/143 199/188/175 201/158/176
f 202/144/177 152/145/178 203/142/179
f 133/126/119 134/127/120 151/144/180
f 133/126/119 204/144/137 143/136/129
f 205/189/172 206/190/174 207/191/181
f 205/189/172 207/191/181 208/192/182
f 209/193/173 206/190/174 205/189/172
f 209/193/173 210/194/183 206/190/174
f 135/128/121 210/194/183 209/193/173
f 136/129/122 135/128/121 209/193/173
f 126/119/112 211/127/184 127/120/113
f 161/154/145 212/195/9 169/159/150
f 213/119/112 212/195/9 161/154/145
f 213/119/112 214/196/185 212/195/9
f 215/197/6 214/196/185 213/119/112
f 215/197/6 213/119/112 125/118/186
f 216/198/187 217/41/188 43/43/41
f 216/198/187 43/43/41 218/199/189
f 218/199/189 43/43/41 50/50/48
f 219/200/188 220/201/187 221/202/190
f 219/200/188 221/202/190 222/203/191
f 220/201/187 223/204/192 221/202/190
f 220/201/187 224/205/193 223/204/192
f 221/202/190 225/206/194 222/203/191
f 222/203/191 225/206/194 226/207/195
f 221/202/190 227/208/196 225/206/194
f 221/202/190 223/204/192 228/209/197
f 221/202/190 228/209/197 227/208/196
f 229/210/198 227/208/196 228/209/197
f 223/204/192 229/210/198 228/209/197
f 229/210/198 230/211/199 227/208/196
f 223/204/192 231/212/200 229/210/198
f 232/205/201 231/212/200 223/204/192
f 232/205/201 233/213/67 231/212/200
f 233/213/67 234/214/191 231/212/200
f 233/213/67 235/215/39 234/214/191
f 234/214/191 236/216/202 231/212/200
f 231/212/200 237/217/203 229/210/198
f 237/217/203 231/212/200 238/218/204
f 229/210/198 237/217/203 238/218/204
f 229/210/198 238/218/204 230/211/199
f 231/212/200 236/216/202 238/218/204
f 234/214/191 239/219/205 240/216/202
f 241/220/206 242/221/199 243/218/207
f 244/222/194 241/220/206 243/218/207
f 244/222/194 243/218/207 245/216/202
f 246/223/205 244/222/194 245/216/202
f 247/224/208 248/225/209 249/226/210
f 247/224/208 250/227/211 248/225/209
f 250/227/211 251/228/212 248/225/209
f 252/229/213 248/225/209 251/228/212
f 251/228/212 250/227/211 253/230/214
f 253/230/214 250/227/211 254/231/215
f 249/226/210 255/232/216 247/224/208
f 249/226/210 256/233/217 255/232/216
f 250/227/211 247/224/208 257/234/218
f 258/235/219 250/227/211 257/234/218
f 258/235/219 257/234/218 259/236/220
f 247/224/208 260/237/221 257/234/218
f 247/224/208 255/232/216 260/237/221
f 261/238/222 259/236/220 257/234/218
f 257/234/218 260/237/221 261/238/222
f 260/237/221 255/232/216 261/238/222
f 255/232/216 256/233/217 261/238/222
f 259/236/220 261/238/222 262/239/223
f 262/239/223 261/238/222 263/240/224
f 261/238/222 264/241/225 263/240/224
f 256/233/217 264/241/225 261/238/222
f 263/240/224 264/241/225 265/242/226
f 266/243/227 264/241/225 256/233/217
f 266/243/227 256/233/217 267/244/228
f 256/233/217 268/245/229 267/244/228
f 249/226/210 268/245/229 256/233/217
f 249/226/210 269/246/230 268/245/229
f 270/247/231 269/246/230 249/226/210
f 270/247/231 271/248/232 269/246/230
f 270/247/231 272/249/233 271/248/232
f 268/245/229 273/250/234 267/244/228
f 269/246/230 273/250/234 268/245/229
f 274/251/235 267/244/228 273/250/234
f 274/251/235 273/250/234 275/252/236
f 275/252/236 273/250/234 276/253/237
f 271/248/232 276/253/237 269/246/230
f 269/246/230 276/253/237 273/250/234
f 275/252/236 276/253/237 277/254/238
f 271/248/232 278/254/238 276/253/237
f 279/255/239 278/254/238 271/248/232
f 270/247/231 249/226/210 280/256/240
f 281/257/241 270/247/231 280/256/240
f 270/247/231 281/257/241 282/249/233
f 282/249/233 283/258/242 271/248/243
f 283/258/242 284/259/244 271/248/243
f 285/260/245 281/257/241 280/256/240
f 286/261/246 285/260/245 280/256/240
f 287/259/247 288/255/248 271/248/249
f 289/248/250 290/253/251 278/254/252
f 289/248/250 291/246/253 290/253/251
f 292/247/254 291/246/253 289/248/250
f 292/247/254 289/248/250 293/249/233
f 292/247/254 294/226/255 291/246/253
f 294/226/255 295/245/256 291/246/253
f 294/226/255 296/233/257 295/245/256
f 294/226/255 297/232/258 296/233/257
f 294/226/255 298/224/259 297/232/258
f 298/224/259 294/226/255 299/225/260
f 298/224/259 299/225/260 300/227/261
f 300/227/261 299/225/260 301/228/262
f 302/229/213 301/228/262 299/225/260
f 301/228/262 303/230/214 300/227/261
f 303/230/214 304/231/263 300/227/261
f 300/227/261 305/234/264 298/224/259
f 306/235/265 305/234/264 300/227/261
f 306/235/265 307/236/266 305/234/264
f 298/224/259 305/234/264 308/237/267
f 298/224/259 308/237/267 297/232/258
f 309/238/268 305/234/264 307/236/266
f 305/234/264 309/238/268 308/237/267
f 308/237/267 309/238/268 297/232/258
f 297/232/258 309/238/268 296/233/257
f 307/236/266 310/239/223 309/238/268
f 310/239/223 311/240/224 309/238/268
f 309/238/268 311/240/224 312/241/269
f 296/233/257 309/238/268 312/241/269
f 313/243/270 296/233/257 312/241/269
f 313/243/270 314/244/271 296/233/257
f 296/233/257 314/244/271 295/245/256
f 295/245/256 314/244/271 315/250/272
f 316/251/235 315/250/272 314/244/271
f 316/251/235 317/252/273 315/250/272
f 317/252/273 290/253/251 315/250/272
f 317/252/273 318/254/252 290/253/251
f 291/246/253 295/245/256 315/250/272
f 291/246/253 315/250/272 290/253/251
f 313/243/270 312/241/269 319/262/274
f 319/262/274 320/263/275 313/243/270
f 313/243/270 320/263/275 321/264/276
f 321/264/276 320/263/275 322/265/277
f 322/265/277 323/266/235 321/264/276
f 319/262/274 312/241/269 324/242/226
f 320/263/275 319/262/274 324/242/226
f 311/240/224 324/242/226 312/241/269
f 320/263/275 324/242/226 325/267/278
f 326/265/279 320/263/275 325/267/278
f 327/265/277 328/264/280 323/266/281
f 328/264/280 327/265/277 329/263/282
f 266/243/227 328/264/280 329/263/282
f 330/262/283 266/243/227 329/263/282
f 266/243/227 330/262/283 264/241/225
f 330/262/283 265/242/226 264/241/225
f 329/263/282 265/242/226 330/262/283
f 329/263/282 331/267/284 265/242/226
f 332/265/279 331/267/284 329/263/282
f 333/231/285 250/227/211 334/268/286
f 250/227/211 335/235/265 334/268/286
f 333/231/285 334/268/286 300/227/287
f 300/227/287 334/268/286 335/235/265
f 336/69/66 337/269/288 66/66/189
f 338/270/289 339/271/290 340/272/213
f 339/271/290 341/273/291 340/272/213
f 342/274/292 343/275/293 344/276/294
f 343/275/293 345/271/295 344/276/294
f 346/270/296 344/276/294 345/271/295
f 347/277/297 348/278/37 21/21/20
f 24/24/23 347/277/297 21/21/20
f 348/278/37 28/28/27 21/21/20
f 349/1/298 350/4/299 351/3/300
f 349/1/298 351/3/300 352/2/301
f 350/4/299 353/5/302 351/3/300
f 350/4/299 354/6/303 353/5/302
f 351/3/300 355/7/304 352/2/301
f 351/3/300 356/8/305 355/7/304
f 353/5/302 356/8/305 351/3/300
f 353/5/302 357/9/306 356/8/305
f 358/10/307 356/8/305 357/9/306
f 358/10/307 359/11/308 356/8/305
f 359/11/308 355/7/304 356/8/305
f 349/1/298 352/2/301 360/12/309
f 350/4/299 361/13/310 354/6/303
f 362/14/311 361/13/310 350/4/299
f 349/1/298 362/14/311 350/4/299
f 362/14/311 363/15/312 361/13/310
f 362/14/311 364/16/308 363/15/312
f 364/16/308 362/14/311 365/17/313
f 349/1/298 365/17/313 362/14/311
f 366/18/314 365/17/313 349/1/298
f 366/18/314 349/1/298 360/12/309
f 366/18/314 360/12/309 367/19/315
f 366/18/314 367/19/315 368/20/316
f 368/20/316 367/19/315 369/21/317
f 370/22/318 366/18/314 368/20/316
f 364/16/308 365/17/313 370/22/318
f 366/18/314 370/22/318 365/17/313
f 370/22/318 368/20/316 371/23/319
f 372/24/320 368/20/316 369/21/317
f 372/24/320 371/23/319 368/20/316
f 373/25/321 367/19/315 360/12/309
f 374/26/322 367/19/315 373/25/321
f 374/26/322 375/27/323 367/19/315
f 367/19/315 375/27/323 369/21/317
f 369/21/317 375/27/323 376/28/324
f 377/29/325 374/26/322 373/25/321
f 377/29/325 373/25/321 378/30/326
f 378/30/326 379/31/320 377/29/325
f 378/30/326 380/32/327 379/31/320
f 381/33/328 380/32/327 378/30/326
f 381/33/328 382/34/318 380/32/327
f 375/27/323 374/26/322 383/35/329
f 375/27/323 383/35/329 384/36/330
f 383/35/329 374/26/322 385/37/331
f 385/37/331 374/26/322 377/29/325
f 385/37/331 377/29/325 386/38/332
f 379/31/320 386/38/332 377/29/325
f 385/37/331 386/38/332 387/39/333
f 378/30/326 352/2/301 381/33/328
f 378/30/326 373/25/321 352/2/301
f 373/25/321 360/12/309 352/2/301
f 352/2/301 388/40/334 381/33/328
f 388/40/334 382/34/318 381/33/328
f 355/7/304 382/34/318 388/40/334
f 355/7/304 388/40/334 352/2/301
f 359/11/308 382/34/318 355/7/304
f 389/41/335 390/43/336 391/42/337
f 391/42/337 390/43/336 392/44/338
f 391/42/337 392/44/338 393/45/339
f 393/45/339 392/44/338 394/46/340
f 393/45/339 394/46/340 395/47/341
f 396/48/342 394/46/340 392/44/338
f 397/49/343 394/46/340 396/48/342
f 396/48/342 392/44/338 398/50/344
f 390/43/336 398/50/344 392/44/338
f 399/51/345 393/45/339 395/47/341
f 400/52/346 393/45/339 399/51/345
f 400/52/346 391/42/337 393/45/339
f 399/51/345 401/53/347 400/52/346
f 399/51/345 402/54/348 401/53/347
f 402/54/348 403/55/349 401/53/347
f 402/54/348 404/56/342 403/55/349
f 405/57/350 404/56/342 402/54/348
f 405/57/350 406/58/351 404/56/342
f 407/59/352 405/57/350 402/54/348
f 407/59/352 402/54/348 399/51/345
f 399/51/345 395/47/341 407/59/352
f 407/59/352 408/60/353 405/57/350
f 408/60/353 406/58/351 405/57/350
f 407/59/352 409/61/354 408/60/353
f 395/47/341 409/61/354 407/59/352
f 408/60/353 410/62/355 406/58/351
f 395/47/341 411/63/356 409/61/354
f 401/53/347 403/55/349 412/66/357
f 401/53/347 412/66/357 413/67/358
f 401/53/347 414/68/359 400/52/346
f 401/53/347 413/67/358 414/68/359
f 415/69/360 413/67/358 412/66/357
f 414/68/359 413/67/358 415/69/360
f 400/52/346 414/68/359 391/42/337
f 391/42/337 414/68/359 416/70/361
f 391/42/337 416/70/361 417/41/335
f 414/68/359 418/69/362 416/70/361
f 419/64/363 409/61/354 420/63/356
f 419/64/363 420/63/356 421/65/62
f 411/63/356 394/46/340 422/71/364
f 411/63/356 395/47/341 394/46/340
f 423/71/364 394/46/340 397/49/343
f 424/71/364 397/49/365 425/72/366
f 426/73/367 427/75/368 428/74/369
f 426/73/367 428/74/369 429/76/75
f 429/76/75 428/74/369 430/77/76
f 427/75/368 426/73/367 431/78/370
f 427/75/368 431/78/370 432/79/371
f 428/74/369 427/75/368 433/80/355
f 428/74/369 433/80/355 434/83/372
f 435/82/354 428/74/369 434/83/372
f 428/74/369 436/81/61 430/77/76
f 428/74/369 435/82/354 436/81/61
f 437/94/373 433/80/355 427/75/368
f 437/94/373 427/75/368 432/79/371
f 438/92/364 433/80/355 437/94/373
f 439/85/374 437/94/373 432/79/371
f 437/94/373 439/85/374 440/92/375
f 439/85/374 432/79/371 441/84/376
f 431/78/370 441/84/376 432/79/371
f 439/85/374 441/84/376 442/86/81
f 443/87/82 442/86/81 441/84/376
f 443/87/82 441/84/376 431/78/370
f 444/88/83 439/85/374 442/86/81
f 444/88/83 445/89/377 439/85/374
f 439/85/374 445/89/377 446/90/378
f 439/85/374 446/90/378 440/92/375
f 446/90/378 445/89/377 447/91/379
f 448/92/380 446/90/378 447/91/379
f 449/93/381 445/89/377 444/88/83
f 450/93/62 447/91/379 445/89/377
f 443/87/82 431/78/370 451/96/382
f 443/87/82 451/96/382 452/95/89
f 452/95/89 451/96/382 453/97/329
f 452/95/89 453/97/329 454/98/383
f 454/98/383 453/97/329 455/99/384
f 456/100/385 455/99/384 453/97/329
f 455/99/384 456/100/385 457/101/333
f 455/99/384 457/101/333 458/102/386
f 459/103/387 455/99/384 458/102/386
f 455/99/384 459/103/387 460/104/97
f 454/98/383 455/99/384 460/104/97
f 426/73/367 451/96/382 431/78/370
f 426/73/367 461/105/388 451/96/382
f 462/106/389 453/97/329 451/96/382
f 462/106/389 451/96/382 461/105/388
f 462/106/389 461/105/388 463/107/390
f 426/73/367 463/107/390 461/105/388
f 462/106/389 463/107/390 464/108/391
f 464/108/391 463/107/390 465/109/392
f 465/109/392 466/110/393 464/108/391
f 466/110/393 462/106/389 464/108/391
f 465/109/392 467/111/104 466/110/393
f 466/110/393 467/111/104 468/112/394
f 466/110/393 468/112/394 469/113/395
f 469/113/395 470/114/324 466/110/393
f 469/113/395 471/115/396 470/114/324
f 426/73/367 429/76/75 463/107/390
f 466/110/393 472/116/397 462/106/389
f 466/110/393 470/114/324 472/116/397
f 429/76/75 473/117/110 463/107/390
f 463/107/390 473/117/110 465/109/392
f 474/118/398 475/120/399 476/119/400
f 477/121/401 475/120/399 474/118/398
f 475/120/399 477/121/401 478/122/402
f 475/120/399 478/122/402 479/123/403
f 478/122/402 480/124/404 479/123/403
f 479/123/403 480/124/404 481/125/405
f 482/126/406 475/120/399 479/123/403
f 475/120/399 482/126/406 483/127/407
f 479/123/403 484/128/408 482/126/406
f 479/123/403 481/125/405 484/128/408
f 484/128/408 481/125/405 485/129/409
f 486/130/410 480/124/404 478/122/402
f 486/130/410 487/131/411 480/124/404
f 488/132/412 487/131/411 486/130/410
f 488/132/412 489/133/413 487/131/411
f 490/134/414 489/133/413 488/132/412
f 490/134/414 491/135/415 489/133/413
f 484/128/408 492/136/416 482/126/406
f 484/128/408 493/137/417 492/136/416
f 493/137/417 494/138/418 492/136/416
f 493/137/417 495/139/419 494/138/418
f 494/138/418 495/139/419 496/140/420
f 497/141/421 494/138/418 496/140/420
f 498/142/422 494/138/418 497/141/421
f 492/136/416 494/138/418 498/142/422
f 496/140/420 495/139/419 499/143/423
f 492/136/416 498/142/422 500/144/424
f 501/145/425 498/142/426 502/146/421
f 503/147/427 501/145/425 502/146/421
f 503/147/427 502/146/421 504/148/420
f 505/149/428 503/147/427 504/148/420
f 506/150/429 503/147/427 505/149/428
f 503/147/427 506/150/429 501/145/425
f 506/150/429 505/149/428 507/151/430
f 505/149/428 504/148/420 508/152/423
f 507/151/430 509/153/431 506/150/429
f 506/150/429 509/153/431 510/154/432
f 506/150/429 510/154/432 511/155/433
f 501/145/425 506/150/429 511/155/433
f 511/155/433 512/144/434 501/145/425
f 513/127/407 512/144/434 511/155/433
f 510/154/432 513/127/407 511/155/433
f 505/149/428 508/152/423 514/156/435
f 505/149/428 514/156/435 515/157/417
f 516/151/436 505/149/428 515/157/417
f 516/151/436 515/157/417 517/158/408
f 476/119/437 513/127/407 510/154/432
f 510/154/432 509/153/431 518/159/312
f 519/160/310 518/159/312 509/153/431
f 519/160/310 509/153/431 520/161/438
f 521/151/430 520/161/438 509/153/431
f 522/162/439 520/161/438 521/151/430
f 520/161/438 522/162/439 523/163/409
f 520/161/438 523/163/409 524/164/440
f 520/161/438 524/164/440 525/165/441
f 519/160/310 520/161/438 525/165/441
f 526/166/442 525/165/441 524/164/440
f 525/165/441 526/166/442 527/167/443
f 525/165/441 527/167/443 528/168/444
f 529/169/445 525/165/441 528/168/444
f 527/167/443 529/169/445 528/168/444
f 527/167/443 530/170/446 529/169/445
f 526/166/442 524/164/440 531/171/447
f 527/167/443 526/166/442 532/172/448
f 527/167/443 532/172/448 533/173/449
f 530/170/446 527/167/443 533/173/449
f 533/173/449 532/172/448 534/174/450
f 533/173/449 534/174/450 535/175/414
f 530/170/446 533/173/449 536/176/410
f 536/176/410 533/173/449 535/175/414
f 536/176/410 535/175/414 537/177/451
f 538/178/452 534/174/450 532/172/448
f 538/178/452 532/172/448 539/179/453
f 539/179/453 532/172/448 526/166/442
f 539/179/453 526/166/442 531/171/447
f 519/160/310 525/165/441 540/180/454
f 541/181/455 542/183/456 543/182/457
f 541/181/455 544/184/458 542/183/456
f 521/151/430 541/181/455 543/182/457
f 521/151/430 543/182/457 522/162/439
f 543/182/457 542/183/456 545/185/459
f 543/182/457 545/185/459 546/186/460
f 522/162/439 543/182/457 546/186/460
f 522/162/439 546/186/460 523/163/409
f 541/181/455 547/187/461 544/184/458
f 541/181/455 548/188/462 547/187/461
f 549/151/430 548/188/462 541/181/455
f 549/151/430 550/158/408 548/188/462
f 551/144/463 552/142/464 501/145/465
f 482/126/406 500/144/434 483/127/407
f 482/126/406 492/136/416 553/144/424
f 554/189/466 555/191/458 556/190/461
f 554/189/466 557/192/467 555/191/458
f 558/193/460 554/189/466 556/190/461
f 558/193/460 556/190/461 559/194/468
f 484/128/408 558/193/460 559/194/468
f 485/129/409 558/193/460 484/128/408
f 476/119/400 475/120/399 560/127/469
f 476/119/437 510/154/432 561/195/470
f 510/154/432 518/159/312 561/195/470
f 562/119/471 561/195/470 563/196/472
f 564/197/473 562/119/471 563/196/472
f 564/197/473 474/118/441 562/119/471
f 565/198/474 390/43/336 566/41/475
f 565/198/474 567/199/476 390/43/336
f 567/199/476 398/50/344 390/43/336
f 568/200/335 569/203/477 570/202/478
f 568/200/335 570/202/478 571/201/479
f 571/201/479 570/202/478 572/204/480
f 571/201/479 572/204/480 573/205/360
f 570/202/478 569/203/477 574/206/481
f 569/203/477 575/207/482 574/206/481
f 570/202/478 574/206/481 576/208/483
f 570/202/478 577/209/484 572/204/480
f 570/202/478 576/208/483 577/209/484
f 578/210/485 577/209/484 576/208/483
f 572/204/480 577/209/484 578/210/485
f 578/210/485 576/208/483 579/211/486
f 572/204/480 578/210/485 580/212/487
f 581/205/362 572/204/480 580/212/487
f 581/205/362 580/212/487 582/213/361
f 582/213/361 580/212/487 583/214/488
f 582/213/361 583/214/488 584/215/335
f 583/214/488 580/212/487 585/216/489
f 580/212/487 578/210/485 586/217/490
f 586/217/490 587/218/491 580/212/487
f 578/210/485 587/218/491 586/217/490
f 578/210/485 579/211/486 587/218/491
f 580/212/487 587/218/491 585/216/489
f 583/214/488 588/216/492 589/219/482
f 590/220/493 591/218/494 592/221/486
f 593/222/495 591/218/494 590/220/493
f 593/222/495 594/216/489 591/218/494
f 595/223/482 594/216/489 593/222/495
f 292/247/254 596/249/233 597/257/241
f 597/257/241 598/256/496 292/247/254
f 599/260/245 598/256/496 597/257/241
f 600/261/246 598/256/496 599/260/245
f 292/247/254 598/256/496 294/226/255
f 596/249/497 289/248/498 601/258/104
f 601/258/104 289/248/498 602/259/499
f 603/259/394 289/248/500 604/255/248
f 605/255/248 289/248/250 278/254/252
f 606/69/360 412/66/476 607/269/479
f 608/270/289 609/272/501 610/271/502
f 610/271/502 609/272/501 611/273/503
f 612/274/292 613/276/504 614/275/505
f 614/275/505 613/276/504 615/271/255
f 616/270/289 615/271/255 613/276/504
f 617/277/506 369/21/317 618/278/507
f 372/24/320 369/21/317 617/277/506
f 618/278/507 369/21/317 376/28/324
o Object_33.001
v 0.080457 1.974278 -0.299883
v 0.020408 1.987143 -0.343516
v 0.289972 1.771151 -0.456366
v 0.317053 1.771631 -0.373831
v 0.397332 1.683923 -0.485932
v 0.423905 1.684395 -0.404946
v 0.071719 2.034328 -0.421989
v 0.241390 1.901187 -0.459265
v 0.427620 1.721852 -0.493529
v 0.454179 1.738397 -0.456779
v 0.274329 1.919114 -0.406569
v 0.067217 1.989450 -0.289537
v 0.452820 1.722299 -0.416728
v 0.225435 1.924636 -0.325970
v 0.454179 1.738397 -0.456779
v 0.274329 1.919114 -0.406569
v 0.134730 2.027729 -0.309466
v 0.125168 2.041444 -0.304194
v 0.000929 2.146293 -0.006882
v 0.093901 2.164077 -0.125542
v 0.049772 2.289076 0.032428
v 0.112054 2.078413 -0.371531
v 0.065907 2.192743 -0.195642
v 0.035015 2.294773 -0.073422
v -0.119165 2.203259 -0.089086
v -0.145946 2.231160 -0.006660
v -0.044829 2.169419 0.070440
v -0.078948 2.285848 0.133468
v -0.038356 2.353530 -0.040862
v -0.017221 2.213526 -0.199737
v 0.035015 2.294773 -0.073422
v 0.065907 2.192743 -0.195642
v 0.027603 2.082462 -0.381247
v 0.112054 2.078413 -0.371531
v -0.058832 2.225475 -0.072468
v -0.053945 2.132847 0.040233
v -0.104226 2.368508 0.027820
v 0.013064 2.336927 -0.010877
v -0.094715 2.343584 0.088357
v 0.049011 2.058453 -0.402984
v -0.190870 0.194687 -0.824219
v -0.154006 0.568985 -0.500434
v -0.068073 0.544007 -0.550406
v -0.004934 0.731871 -0.314229
v -0.097284 0.722391 -0.304835
v -0.005625 0.767571 -0.309449
v -0.097906 0.751974 -0.280626
v 0.050308 0.719021 -0.202927
v 0.050774 0.796670 -0.202447
v 0.040782 0.661264 -0.242018
v -0.104037 0.705081 -0.173086
v -0.117208 0.647326 -0.228276
v -0.033025 0.624995 -0.205219
v -0.019882 0.698838 -0.152927
v 0.040782 0.661264 -0.242018
v 0.050308 0.719021 -0.202927
v -0.016158 0.792484 -0.141169
v 0.050774 0.796670 -0.202447
v -0.101398 0.770551 -0.163650
v -0.016141 1.251839 -0.197190
v -0.125944 1.270157 -0.251645
v 0.036815 1.296386 -0.292781
v -0.144090 1.233353 -0.420016
v -0.187125 1.257275 -0.230962
v -0.195124 1.272010 -0.419553
v -0.016121 0.436270 -0.489381
v -0.086781 0.415184 -0.422416
v -0.158469 0.467978 -0.433657
v -0.175122 0.105744 -0.733381
v -0.225161 0.141604 -0.760020
v -0.190870 0.194687 -0.824219
v -0.175122 0.105744 -0.733381
v 0.015478 1.217937 -0.447546
v 0.015478 1.217937 -0.447546
v 0.015478 1.217937 -0.447546
v 0.036815 1.296386 -0.292781
v -0.024729 1.705874 -0.154001
v -0.037233 1.378765 -0.180990
v 0.031417 1.430411 -0.261763
v -0.193620 1.682704 -0.041245
v -0.187140 1.346990 -0.156967
v -0.005226 1.742804 -0.304963
v 0.023468 1.460436 -0.410583
v 0.036815 1.296386 -0.292781
v -0.187125 1.257275 -0.230962
v -0.125944 1.270157 -0.251645
v -0.016141 1.251839 -0.197190
v -0.067839 1.526123 -0.431879
v -0.053535 1.438462 -0.470845
v -0.204041 1.555935 -0.407947
v -0.208586 1.747686 -0.363053
v -0.199353 1.360920 -0.451982
v -0.165696 1.317766 -0.470865
v -0.038686 1.343340 -0.485780
v -0.144090 1.233353 -0.420016
v 0.015478 1.217937 -0.447546
v -0.195124 1.272010 -0.419553
v -0.195124 1.272010 -0.419553
v 0.030859 1.418165 -0.420182
v 0.015478 1.217937 -0.447546
v 0.015478 1.217937 -0.447546
v -0.251287 1.964123 -0.281456
v -0.038399 1.982611 -0.217961
v -0.058832 2.225475 -0.072468
v -0.345295 2.214541 -0.158285
v -0.230658 2.379693 0.036826
v -0.104226 2.368508 0.027820
v -0.094715 2.343584 0.088357
v -0.210813 2.322564 0.099438
v -0.316088 2.315433 0.137319
v -0.402127 2.330106 0.060330
v -0.037148 1.873682 -0.092801
v -0.053945 2.132847 0.040233
v -0.116323 1.802944 -0.029595
v -0.147576 2.025429 0.107300
v -0.295045 1.988292 0.147673
v -0.199071 2.264254 0.148136
v -0.375769 2.225266 0.165143
v -0.316088 2.315433 0.137319
v -0.210813 2.322564 0.099438
v -0.078948 2.285848 0.133468
v -0.094715 2.343584 0.088357
v -0.044829 2.169419 0.070440
v -0.203307 1.754019 -0.013160
v 0.461052 1.677018 -0.398373
v 0.403590 1.680365 -0.478858
v 0.434591 1.653435 -0.450731
v 0.433123 1.641627 -0.409329
v 0.450072 1.601265 -0.402687
v 0.456536 1.605659 -0.443906
v 0.475934 1.586005 -0.410394
v 0.496331 1.607112 -0.416981
v 0.484718 1.568963 -0.492508
v 0.428992 1.577686 -0.526979
v 0.510980 1.566722 -0.462683
v 0.531333 1.565061 -0.438826
v 0.458153 1.554273 -0.401444
v 0.481871 1.555739 -0.406003
v 0.463425 1.529979 -0.408336
v 0.482698 1.532507 -0.410131
v 0.466845 1.510838 -0.396603
v 0.486471 1.513412 -0.398429
v 0.471720 1.535504 -0.485333
v 0.494262 1.525772 -0.457892
v 0.447941 1.517705 -0.466234
v 0.468579 1.513651 -0.440679
v 0.441171 1.490524 -0.465874
v 0.415797 1.507114 -0.497146
v 0.417972 1.527115 -0.499951
v 0.459876 1.486821 -0.441906
v 0.433026 1.548444 -0.530736
v 0.446093 1.533148 -0.541558
v 0.415797 1.507114 -0.497146
v 0.485356 1.503526 -0.496261
v 0.441171 1.490524 -0.465874
v 0.506042 1.503404 -0.466434
v 0.515203 1.569551 -0.509381
v 0.535289 1.568407 -0.479168
v 0.459876 1.486821 -0.441906
v 0.496268 1.700699 -0.482140
v 0.446748 1.695375 -0.509048
v 0.454300 1.579842 -0.548228
v 0.433026 1.548444 -0.530736
v 0.428992 1.577686 -0.526979
v 0.468579 1.513651 -0.440679
v 0.494262 1.525772 -0.457892
v 0.535289 1.568407 -0.479168
v 0.510980 1.566722 -0.462683
v 0.454179 1.738397 -0.456779
v 0.452820 1.722299 -0.416728
v 0.502441 1.691413 -0.427327
v 0.535289 1.568407 -0.479168
v 0.551516 1.567482 -0.454759
v 0.531333 1.565061 -0.438826
v 0.496331 1.607112 -0.416981
v 0.461052 1.677018 -0.398373
v 0.479513 1.602310 -0.383064
v 0.452513 1.602317 -0.380134
v 0.444745 1.648790 -0.386382
v 0.433123 1.641627 -0.409329
v 0.450072 1.601265 -0.402687
v 0.475934 1.586005 -0.410394
v 0.486677 1.555115 -0.382495
v 0.459077 1.554491 -0.379471
v 0.486471 1.513412 -0.398429
v 0.466845 1.510838 -0.396603
v 0.458153 1.554273 -0.401444
v 0.463425 1.529979 -0.408336
v 0.482698 1.532507 -0.410131
v 0.481871 1.555739 -0.406003
v 0.423905 1.684395 -0.404946
v 0.522646 1.499615 -0.479149
v 0.539162 1.499359 -0.454909
v 0.499214 1.467785 -0.431335
v 0.485545 1.467799 -0.450345
v 0.499960 1.493682 -0.427715
v 0.524061 1.515730 -0.441828
v 0.484399 1.496995 -0.450562
v 0.504732 1.519118 -0.466340
v 0.535289 1.568407 -0.479168
v 0.510980 1.566722 -0.462683
v 0.433026 1.548444 -0.530736
v 0.417972 1.527115 -0.499951
v 0.433026 1.548444 -0.530736
v 0.499960 1.493682 -0.427715
v 0.484399 1.496995 -0.450562
v 0.485545 1.467799 -0.450345
v 0.499214 1.467785 -0.431335
v 0.524061 1.515730 -0.441828
v 0.504732 1.519118 -0.466340
v 0.428992 1.577686 -0.526979
v 0.427620 1.721852 -0.493529
v 0.403590 1.680365 -0.478858
v 0.397332 1.683923 -0.485932
v 0.423905 1.684395 -0.404946
v -0.134587 0.139153 -0.778123
v -0.190870 0.194687 -0.824219
v -0.016121 0.436270 -0.489381
v -0.190870 0.194687 -0.824219
v -0.134587 0.139153 -0.778123
v -0.138555 0.092936 -0.811679
v -0.190094 0.135850 -0.873961
v -0.182932 0.055493 -0.757615
v -0.175122 0.105744 -0.733381
v -0.133089 0.036678 -0.932925
v -0.186592 0.052351 -0.956185
v -0.085576 -0.176231 -0.637349
v -0.140938 -0.111448 -0.633814
v -0.201518 -0.165500 -0.602342
v -0.204649 -0.205806 -0.589685
v -0.233587 0.087134 -0.809837
v -0.175122 0.105744 -0.733381
v -0.225161 0.141604 -0.760020
v -0.190094 0.135850 -0.873961
v -0.190870 0.194687 -0.824219
v -0.236001 0.028265 -0.927997
v -0.231980 -0.150908 -0.616483
v -0.253963 -0.196910 -0.619795
v -0.186592 0.052351 -0.956185
v -0.236001 0.028265 -0.927997
v -0.085576 -0.176231 -0.637349
v -0.204649 -0.205806 -0.589685
v -0.253963 -0.196910 -0.619795
v -0.133089 0.036678 -0.932925
v -0.236001 0.028265 -0.927997
v -0.186592 0.052351 -0.956185
v -0.423304 2.437504 0.369958
v -0.412787 2.389219 0.340847
v -0.358847 2.444155 0.306117
v -0.455685 2.400260 0.373074
v -0.456045 2.350695 0.361688
v -0.454108 2.349914 0.348765
v -0.470020 2.373954 0.370033
v -0.475629 2.378074 0.398498
v -0.418818 2.502565 0.368069
v -0.418918 2.571886 0.361044
v -0.490986 2.432636 0.392822
v -0.494140 2.411228 0.398260
v -0.513172 2.444003 0.404330
v -0.455320 2.466163 0.398559
v -0.466720 2.492773 0.419339
v -0.525091 2.461763 0.421439
v -0.540973 2.487658 0.433511
v -0.486637 2.525430 0.433608
v -0.594730 2.584322 0.430939
v -0.478636 2.615720 0.419339
v -0.503719 2.690196 0.320624
v -0.422728 2.614706 0.276565
v -0.376490 2.482347 0.240664
v -0.343583 2.302737 0.249625
v -0.368089 2.397727 0.182891
v -0.400340 2.294582 0.196474
v -0.451215 2.627249 0.181465
v -0.599923 2.652970 0.144976
v -0.514195 2.511226 0.089306
v -0.400805 2.528968 0.168056
v -0.457388 2.404351 0.114780
v -0.457388 2.404351 0.114780
v -0.402127 2.330106 0.060330
v -0.379893 2.316476 0.307460
v -0.381779 2.240118 0.262535
v -0.400340 2.294582 0.196474
v -0.375769 2.225266 0.165143
v -0.316088 2.315433 0.137319
v -0.406513 2.268034 0.305440
v -0.413583 2.278860 0.309360
v -0.316088 2.315433 0.137319
v -0.402127 2.330106 0.060330
v -0.509098 2.318874 0.166522
v -0.600558 2.417265 0.144868
v -0.584302 2.363862 0.208082
v -0.448192 2.241929 0.228881
v -0.400340 2.294582 0.196474
v -0.575335 2.320726 0.272173
v -0.680718 2.470433 0.246615
v -0.661333 2.436325 0.332904
v -0.604155 2.398923 0.346556
v -0.547337 2.368143 0.355559
v -0.506864 2.336610 0.329927
v -0.500023 2.375467 0.367927
v -0.456045 2.350695 0.361688
v -0.454108 2.349914 0.348765
v -0.470020 2.373954 0.370033
v -0.475629 2.378074 0.398498
v -0.512846 2.420409 0.390283
v -0.494140 2.411228 0.398260
v -0.513172 2.444003 0.404330
v -0.560247 2.407485 0.386380
v -0.580535 2.429127 0.406128
v -0.525091 2.461763 0.421439
v -0.540973 2.487658 0.433511
v -0.600452 2.461781 0.420393
v -0.678163 2.504141 0.396176
v -0.710947 2.574312 0.296568
v -0.660175 2.510395 0.157208
v -0.599923 2.652970 0.144976
v -0.514195 2.511226 0.089306
v -0.457388 2.404351 0.114780
v -0.641345 2.545733 0.414650
v -0.693881 2.605195 0.333789
v -0.710947 2.574312 0.296568
v -0.631957 2.688389 0.250297
v -0.599923 2.652970 0.144976
v -0.594730 2.584322 0.430939
v -0.625635 2.652444 0.369001
v -0.631957 2.688389 0.250297
v -0.631957 2.688389 0.250297
v -0.503719 2.690196 0.320624
v -0.544951 2.688479 0.351079
v -0.535651 2.604838 0.426919
v -0.625635 2.652444 0.369001
v -0.631957 2.688389 0.250297
v -0.475629 2.378074 0.398498
v -0.478735 2.382951 0.401758
v -0.494140 2.411228 0.398260
v -0.175122 0.105744 -0.733381
v -0.134587 0.139153 -0.778123
v -0.463894 2.404366 0.187738
v -0.358847 2.444155 0.306117
v -0.454108 2.349914 0.348765
v -0.412787 2.389219 0.340847
v -0.413583 2.278860 0.309360
v -0.379893 2.316476 0.307460
v -0.401315 2.275234 0.258121
v -0.358847 2.444155 0.306117
v -0.463894 2.404366 0.187738
v 0.013064 2.336927 -0.010877
v -0.094715 2.343584 0.088357
v -0.488248 1.673210 -0.176337
v -0.651794 1.430303 -0.046877
v -0.616804 1.376433 -0.105352
v -0.432145 1.664857 -0.219515
v -0.692729 1.272100 -0.047390
v -0.727062 1.324960 0.009987
v -0.477969 1.638051 -0.304311
v -0.605161 1.468446 -0.208673
v -0.731128 1.282406 -0.076246
v -0.764997 1.312853 -0.060252
v -0.647233 1.509811 -0.182178
v -0.493403 1.662317 -0.176976
v -0.763689 1.332534 -0.021833
v -0.610692 1.585199 -0.138603
v -0.764997 1.312853 -0.060252
v -0.647233 1.509811 -0.182178
v -0.553575 1.685542 -0.214738
v -0.558318 1.665016 -0.222317
v -0.605293 1.920866 -0.005164
v -0.647769 1.840490 -0.126718
v -0.720086 2.017088 -0.048547
v -0.538692 1.676899 -0.296701
v -0.611361 1.851504 -0.197936
v -0.672255 1.990411 -0.140498
v -0.499648 1.998562 -0.090185
v -0.518569 2.064476 -0.030292
v -0.604558 1.991531 0.054951
v -0.638913 2.089441 0.067474
v -0.647433 2.086479 -0.133393
v -0.549318 1.910598 -0.202150
v -0.672255 1.990411 -0.140498
v -0.611361 1.851504 -0.197936
v -0.466223 1.704355 -0.303481
v -0.538692 1.676899 -0.296701
v -0.574860 2.035382 -0.118054
v -0.545949 1.959072 0.002238
v -0.642800 2.165216 -0.045998
v -0.694073 2.057192 -0.105355
v -0.650715 2.142119 0.015485
v -0.471293 1.670794 -0.304869
v -0.372366 -0.011773 -0.063867
v -0.410880 0.445094 -0.107081
v -0.317943 0.481135 -0.083221
v -0.420946 0.750371 -0.065113
v -0.330995 0.733209 -0.047204
v -0.415384 0.806828 -0.085818
v -0.323100 0.796094 -0.054864
v -0.469958 0.818862 0.031643
v -0.464805 0.878368 0.003153
v -0.471253 0.757037 0.033449
v -0.316862 0.801202 0.066584
v -0.317191 0.727728 0.060838
v -0.401564 0.742621 0.088698
v -0.400618 0.819437 0.088621
v -0.471253 0.757037 0.033449
v -0.469958 0.818862 0.031643
v -0.395557 0.892365 0.060264
v -0.464805 0.878368 0.003153
v -0.313053 0.857017 0.046273
v -0.368079 1.295317 -0.165612
v -0.259919 1.283171 -0.224869
v -0.422323 1.304573 -0.270009
v -0.249553 1.212816 -0.388197
v -0.474467 0.418801 0.008225
v -0.402699 0.436195 0.075076
v -0.324497 0.453311 0.034526
v -0.394654 -0.011052 0.062281
v -0.341881 -0.012513 0.020898
v -0.372366 -0.011773 -0.063867
v -0.394654 -0.011052 0.062281
v -0.187125 1.257275 -0.230962
v -0.249553 1.212816 -0.388197
v -0.195124 1.272010 -0.419553
v -0.422218 1.215685 -0.404122
v -0.422218 1.215685 -0.404122
v -0.422218 1.215685 -0.404122
v -0.422323 1.304573 -0.270009
v -0.372096 1.694400 -0.140162
v -0.418354 1.415555 -0.243846
v -0.340250 1.368755 -0.168919
v -0.193620 1.682704 -0.041245
v -0.187140 1.346990 -0.156967
v -0.405923 1.729568 -0.289002
v -0.424251 1.445647 -0.392747
v -0.422323 1.304573 -0.270009
v -0.368079 1.295317 -0.165612
v -0.259919 1.283171 -0.224869
v -0.187125 1.257275 -0.230962
v -0.430325 1.404266 -0.401541
v -0.422218 1.215685 -0.404122
v -0.350999 1.428636 -0.458996
v -0.422218 1.215685 -0.404122
v -0.339452 1.517151 -0.421059
v -0.204041 1.555935 -0.407947
v -0.208586 1.747686 -0.363053
v -0.199353 1.360920 -0.451982
v -0.231487 1.315593 -0.468246
v -0.360689 1.332703 -0.472954
v -0.249553 1.212816 -0.388197
v -0.422218 1.215685 -0.404122
v -0.195124 1.272010 -0.419553
v -0.195124 1.272010 -0.419553
v -0.439451 1.848452 -0.251301
v -0.251287 1.964123 -0.281456
v -0.574860 2.035382 -0.118054
v -0.345295 2.214541 -0.158285
v -0.560075 2.261606 -0.003139
v -0.642800 2.165216 -0.045998
v -0.650715 2.142119 0.015485
v -0.554744 2.201506 0.051624
v -0.472558 2.263092 0.124313
v -0.402127 2.330106 0.060330
v -0.393898 1.754344 -0.122459
v -0.545949 1.959072 0.002238
v -0.298630 1.741961 -0.044752
v -0.423744 1.933144 0.095973
v -0.295045 1.988292 0.147673
v -0.537387 2.150885 0.114308
v -0.375769 2.225266 0.165143
v -0.472558 2.263092 0.124313
v -0.554744 2.201506 0.051624
v -0.638913 2.089441 0.067474
v -0.650715 2.142119 0.015485
v -0.604558 1.991531 0.054951
v -0.203307 1.754019 -0.013160
v -0.756338 1.273550 0.046558
v -0.724777 1.249140 -0.002490
v -0.698487 1.277738 -0.033613
v -0.722202 1.242807 0.040044
v -0.731719 1.201111 0.051497
v -0.737872 1.199315 0.010039
v -0.754191 1.180578 0.045646
v -0.777912 1.196668 0.036501
v -0.757748 1.152572 -0.033810
v -0.703708 1.167161 -0.068964
v -0.783893 1.149135 -0.003991
v -0.804182 1.146635 0.019847
v -0.731189 1.153920 0.058419
v -0.754657 1.150477 0.053666
v -0.731804 1.128428 0.054518
v -0.751167 1.127162 0.052387
v -0.731990 1.110518 0.068481
v -0.751705 1.109228 0.066312
v -0.739093 1.123146 -0.022598
v -0.760156 1.112794 0.005772
v -0.712953 1.112391 -0.001430
v -0.733131 1.107703 0.024383
v -0.701384 1.087143 0.002243
v -0.678678 1.104248 -0.030755
v -0.684368 1.123036 -0.035974
v -0.719689 1.082962 0.026441
v -0.702288 1.137439 -0.069150
v -0.712098 1.118838 -0.078064
v -0.678678 1.104248 -0.030755
v -0.746439 1.088144 -0.029593
v -0.701384 1.087143 0.002243
v -0.767480 1.087795 -0.000015
v -0.787420 1.145569 -0.050697
v -0.807695 1.144378 -0.020612
v -0.719689 1.082962 0.026441
v -0.793210 1.280262 -0.039539
v -0.742905 1.280912 -0.065496
v -0.728461 1.162116 -0.090374
v -0.702288 1.137439 -0.069150
v -0.703708 1.167161 -0.068964
v -0.733131 1.107703 0.024383
v -0.760156 1.112794 0.005772
v -0.807695 1.144378 -0.020612
v -0.783893 1.149135 -0.003991
v -0.764997 1.312853 -0.060252
v -0.763689 1.332534 -0.021833
v -0.798930 1.276593 0.015982
v -0.807695 1.144378 -0.020612
v -0.824077 1.143415 0.003691
v -0.804182 1.146635 0.019847
v -0.777912 1.196668 0.036501
v -0.756338 1.273550 0.046558
v -0.761332 1.199089 0.070784
v -0.734859 1.204375 0.073750
v -0.735481 1.250406 0.061926
v -0.722202 1.242807 0.040044
v -0.731719 1.201111 0.051497
v -0.754191 1.180578 0.045646
v -0.759845 1.151788 0.077065
v -0.732670 1.156579 0.080203
v -0.751705 1.109228 0.066312
v -0.731990 1.110518 0.068481
v -0.731189 1.153920 0.058419
v -0.731804 1.128428 0.054518
v -0.751167 1.127162 0.052387
v -0.754657 1.150477 0.053666
v -0.727062 1.324960 0.009987
v -0.782811 1.079552 -0.012214
v -0.755173 1.058456 0.039162
v -0.799591 1.079169 0.011840
v -0.741273 1.058705 0.020321
v -0.760683 1.084026 0.039608
v -0.788027 1.099461 0.022871
v -0.745427 1.087383 0.016562
v -0.769039 1.103382 -0.001827
v -0.807695 1.144378 -0.020612
v -0.783893 1.149135 -0.003991
v -0.702288 1.137439 -0.069150
v -0.684368 1.123036 -0.035974
v -0.702288 1.137439 -0.069150
v -0.760683 1.084026 0.039608
v -0.741273 1.058705 0.020321
v -0.745427 1.087383 0.016562
v -0.755173 1.058456 0.039162
v -0.788027 1.099461 0.022871
v -0.769039 1.103382 -0.001827
v -0.703708 1.167161 -0.068964
v -0.731128 1.282406 -0.076246
v -0.698487 1.277738 -0.033613
v -0.692729 1.272100 -0.047390
v -0.727062 1.324960 0.009987
v -0.432836 -0.010081 0.004812
v -0.372366 -0.011773 -0.063867
v -0.474467 0.418801 0.008225
v -0.372366 -0.011773 -0.063867
v -0.389994 -0.082719 -0.063223
v -0.431003 -0.080321 0.018568
v -0.432836 -0.010081 0.004812
v -0.378616 -0.070981 0.077409
v -0.394654 -0.011052 0.062281
v -0.434410 -0.201041 -0.038964
v -0.385232 -0.199364 -0.074007
v -0.433115 -0.180381 0.327810
v -0.388098 -0.123831 0.282535
v -0.318421 -0.140258 0.332108
v -0.308541 -0.162875 0.366538
v -0.336229 -0.075707 0.010514
v -0.394654 -0.011052 0.062281
v -0.341881 -0.012513 0.020898
v -0.389994 -0.082719 -0.063223
v -0.372366 -0.011773 -0.063867
v -0.331297 -0.195818 -0.044100
v -0.291328 -0.135525 0.307932
v -0.262840 -0.171100 0.331023
v -0.331297 -0.195818 -0.044100
v -0.385232 -0.199364 -0.074007
v -0.433115 -0.180381 0.327810
v -0.262840 -0.171100 0.331023
v -0.308541 -0.162875 0.366538
v -0.434410 -0.201041 -0.038964
v -0.331297 -0.195818 -0.044100
v -0.385232 -0.199364 -0.074007
v -0.400340 2.294582 0.196474
v -0.381779 2.240118 0.262535
v -0.460025 2.269896 0.291571
v -0.406513 2.268034 0.305440
v -0.413583 2.278860 0.309360
v -0.375769 2.225266 0.165143
v -0.472558 2.263092 0.124313
v -0.472558 2.263092 0.124313
v -0.402127 2.330106 0.060330
v -0.402127 2.330106 0.060330
v -0.394654 -0.011052 0.062281
v -0.432836 -0.010081 0.004812
v -0.463894 2.404366 0.187738
v -0.454108 2.349914 0.348765
v -0.575335 2.320726 0.272173
v -0.506864 2.336610 0.329927
v -0.413583 2.278860 0.309360
v -0.401315 2.275234 0.258121
v -0.460025 2.269896 0.291571
v -0.575335 2.320726 0.272173
v -0.463894 2.404366 0.187738
v -0.694073 2.057192 -0.105355
v -0.650715 2.142119 0.015485
vn -0.1760 -0.5923 0.7863
vn -0.8082 -0.5513 -0.2072
vn -0.6140 -0.6241 -0.4833
vn -0.2116 -0.5986 0.7726
vn -0.7303 -0.4692 -0.4964
vn -0.3071 -0.4162 0.8558
vn -0.2443 0.2257 -0.9431
vn 0.0061 0.2529 -0.9675
vn 0.0587 0.4403 -0.8959
vn 0.6289 0.7629 -0.1497
vn 0.6820 0.7184 -0.1370
vn -0.0432 -0.7623 0.6457
vn 0.5453 0.4580 0.7020
vn 0.4892 0.2065 0.8474
vn 0.6289 0.7629 -0.1498
vn 0.6791 0.7202 -0.1417
vn 0.6048 0.3245 0.7273
vn 0.9054 0.0939 0.4140
vn 0.2141 -0.8352 0.5066
vn 0.9725 -0.0364 0.2301
vn 0.8423 0.2637 0.4700
vn 0.6052 0.7196 -0.3406
vn 0.6084 0.6969 -0.3796
vn 0.6550 0.6659 -0.3572
vn -0.9369 -0.1896 -0.2939
vn -0.8209 0.0803 0.5654
vn 0.5922 -0.2697 0.7594
vn 0.6093 0.1719 0.7741
vn -0.0850 0.8856 -0.4566
vn -0.3406 0.6547 -0.6748
vn 0.6549 0.6659 -0.3573
vn 0.6182 0.6982 -0.3610
vn -0.5646 0.4722 -0.6769
vn 0.6736 0.7018 -0.2317
vn 0.5254 0.5565 0.6436
vn 0.6713 -0.1298 0.7297
vn 0.2009 0.9775 0.0645
vn 0.6143 0.7882 0.0367
vn 0.5287 0.6960 0.4858
vn -0.4220 0.3287 -0.8449
vn -0.1584 0.6169 -0.7710
vn -0.7302 0.5728 -0.3723
vn 0.4249 0.5627 -0.7091
vn 0.5757 0.3448 -0.7414
vn -0.7289 0.5341 -0.4283
vn 0.4625 -0.0637 -0.8843
vn -0.8863 0.0752 -0.4569
vn 0.9812 -0.1263 0.1461
vn 0.9755 -0.0193 0.2192
vn 0.9611 -0.2673 0.0689
vn -0.7531 -0.2132 0.6224
vn -0.8479 -0.2660 0.4586
vn 0.1400 -0.6849 0.7151
vn 0.2052 -0.3654 0.9079
vn 0.9645 -0.2549 0.0685
vn 0.9873 -0.1285 0.0933
vn 0.2215 0.0175 0.9750
vn 0.9780 -0.0164 0.2080
vn -0.7682 -0.0181 0.6400
vn 0.2846 0.1377 0.9487
vn -0.4727 -0.4610 0.7510
vn 0.9816 0.0512 0.1839
vn -0.5052 -0.7124 -0.4870
vn 0.0512 -0.7306 0.6809
vn -0.1852 -0.9331 -0.3084
vn 0.9581 -0.2863 -0.0107
vn 0.0759 -0.7214 0.6884
vn -0.8647 -0.2510 0.4351
vn 0.1002 -0.6852 0.7215
vn -0.9636 -0.0452 0.2634
vn -0.1584 0.6169 -0.7709
vn 0.1002 -0.6851 0.7215
vn 0.6805 -0.2684 -0.6818
vn 0.5978 -0.2434 -0.7638
vn 0.5977 -0.2435 -0.7638
vn 0.9816 0.0512 0.1838
vn 0.9763 0.0004 0.2165
vn 0.8696 -0.0499 0.4912
vn 0.4993 -0.2325 0.8347
vn 0.9505 0.0064 0.3106
vn 0.0488 -0.3435 0.9379
vn 0.0510 -0.4968 0.8663
vn 0.8154 0.3168 -0.4844
vn 0.8294 0.2802 -0.4833
vn 0.9776 -0.0088 0.2104
vn 0.0433 -0.8593 0.5096
vn -0.2386 -0.9110 0.3365
vn 0.3814 -0.0461 0.9233
vn 0.2017 0.3854 -0.9004
vn 0.1972 0.2667 -0.9434
vn -0.0468 0.2498 -0.9672
vn -0.0707 0.3527 -0.9331
vn -0.0432 0.1113 -0.9928
vn -0.3452 -0.2284 -0.9103
vn 0.3716 0.0063 -0.9284
vn -0.4642 -0.3559 -0.8111
vn 0.8029 -0.1187 -0.5842
vn 0.0108 -0.8857 -0.4642
vn -0.1342 -0.9595 -0.2476
vn 0.8660 0.1298 -0.4830
vn 0.6098 -0.2165 -0.7624
vn 0.6850 -0.2713 -0.6761
vn -0.0844 0.3765 -0.9226
vn 0.7685 0.3350 -0.5451
vn 0.5999 0.2956 -0.7435
vn -0.1445 0.5986 -0.7879
vn -0.0230 0.9963 -0.0825
vn -0.1214 0.9419 -0.3133
vn -0.0713 0.7184 0.6920
vn 0.1026 0.6406 0.7610
vn 0.4480 0.6546 0.6089
vn -0.2413 0.9057 -0.3485
vn 0.9289 -0.0908 0.3589
vn 0.8861 -0.2351 0.3995
vn 0.5662 -0.3423 0.7498
vn 0.5160 -0.2405 0.8222
vn 0.0662 -0.3307 0.9414
vn 0.1850 0.2388 0.9533
vn 0.0346 -0.1852 0.9821
vn 0.4388 0.6386 0.6322
vn 0.0713 0.7908 0.6079
vn 0.0787 0.1568 0.9845
vn -0.1255 0.7404 0.6604
vn 0.6170 -0.7442 0.2559
vn 0.0855 -0.4418 0.8930
vn -0.1033 0.2505 0.9626
vn -0.9929 -0.0409 -0.1115
vn -0.8829 -0.3227 0.3411
vn -0.9885 0.0662 0.1363
vn -0.8859 -0.4334 -0.1652
vn -0.7209 -0.6883 -0.0808
vn 0.4744 -0.5554 -0.6830
vn 0.6127 -0.4083 0.6766
vn -0.7258 -0.2072 0.6560
vn -0.9755 -0.1915 -0.1079
vn -0.6630 -0.3297 0.6721
vn 0.1059 -0.2036 0.9733
vn -0.8210 -0.1048 -0.5613
vn 0.5974 0.1165 -0.7934
vn -0.6420 -0.2346 -0.7299
vn 0.5171 -0.0803 -0.8521
vn -0.4108 -0.9033 0.1234
vn 0.6314 -0.7753 0.0179
vn -0.4804 0.6420 0.5975
vn 0.1500 0.3228 0.9345
vn -0.5421 0.5795 0.6085
vn -0.0828 0.4052 0.9105
vn -0.6108 -0.7446 0.2691
vn -0.8561 -0.5141 -0.0527
vn -0.8699 0.4731 0.1391
vn -0.2086 -0.7024 0.6805
vn -0.9706 0.1042 -0.2168
vn -0.1487 -0.4361 -0.8875
vn -0.8560 -0.5142 -0.0526
vn -0.8700 0.4731 0.1391
vn 0.3873 -0.7678 -0.5104
vn 0.7428 -0.6286 0.2305
vn 0.7076 -0.0750 -0.7027
vn 0.8230 0.0267 -0.5674
vn -0.2085 -0.7025 0.6804
vn 0.7013 0.5658 -0.4336
vn -0.0252 0.3996 -0.9163
vn -0.0180 0.1017 -0.9947
vn -0.9706 0.1042 -0.2169
vn 0.1499 0.3228 0.9345
vn -0.6630 -0.3296 0.6722
vn 0.6790 0.7195 -0.1457
vn 0.5096 0.5689 0.6455
vn 0.7741 0.4660 0.4285
vn 0.8230 0.0268 -0.5675
vn 0.9906 0.0780 0.1122
vn 0.6128 -0.4082 0.6766
vn -0.2473 0.1214 0.9613
vn 0.6502 0.0802 0.7555
vn -0.5709 -0.0510 0.8195
vn -0.4498 0.3182 0.8345
vn -0.9884 0.0662 0.1364
vn -0.8859 -0.4335 -0.1653
vn 0.4745 -0.5555 -0.6829
vn 0.7867 -0.0520 0.6151
vn -0.5906 -0.2259 0.7747
vn 0.6314 -0.7752 0.0179
vn -0.8209 -0.1047 -0.5614
vn -0.6419 -0.2344 -0.7300
vn 0.5171 -0.0804 -0.8521
vn 0.5974 0.1166 -0.7934
vn -0.2457 -0.3907 0.8871
vn 0.1693 -0.3953 -0.9028
vn 0.8812 -0.4579 0.1171
vn -0.0163 -0.7794 0.6263
vn -0.6232 -0.7508 -0.2187
vn -0.2088 0.2476 0.9461
vn 0.0750 0.1651 0.9834
vn -0.9376 0.3402 -0.0722
vn -0.8864 0.3076 -0.3460
vn -0.6631 -0.3296 0.6721
vn -0.9707 0.1043 -0.2167
vn -0.1488 -0.4361 -0.8875
vn -0.8700 0.4731 0.1392
vn -0.9707 0.1041 -0.2167
vn -0.9706 0.1043 -0.2168
vn -0.2088 0.2475 0.9461
vn -0.9376 0.3401 -0.0722
vn -0.6232 -0.7509 -0.2188
vn -0.0163 -0.7795 0.6262
vn 0.0751 0.1650 0.9834
vn -0.8864 0.3074 -0.3461
vn -0.9756 -0.1914 -0.1079
vn 0.1049 0.3534 -0.9296
vn -0.3222 -0.9142 -0.2456
vn 0.3779 -0.7478 -0.5459
vn -0.0784 -0.6036 0.7934
vn -0.2971 -0.4796 0.8257
vn 0.9769 -0.1355 -0.1652
vn 0.9581 -0.2863 -0.0106
vn -0.0894 0.5756 -0.8128
vn 0.9847 -0.0829 -0.1534
vn 0.9651 0.2591 0.0385
vn -0.0766 0.7840 -0.6160
vn -0.0438 0.3536 0.9344
vn 0.1018 -0.6263 0.7729
vn 0.6990 -0.1360 -0.7020
vn -0.0459 0.0624 -0.9970
vn 0.7997 -0.5343 0.2740
vn 0.2982 0.4926 0.8175
vn -0.0549 0.3606 0.9311
vn -0.0551 -0.6806 0.7306
vn -0.9652 0.2289 0.1264
vn 0.0199 -0.6483 0.7611
vn -0.9809 -0.1000 0.1671
vn -0.0665 0.7961 -0.6015
vn -0.1483 0.5520 -0.8205
vn -0.7057 -0.2396 -0.6667
vn -0.4760 0.4331 0.7654
vn -0.7467 -0.6295 0.2148
vn -0.0662 0.7596 -0.6470
vn -0.0458 0.0624 -0.9970
vn 0.7997 -0.5343 0.2739
vn -0.7466 -0.6296 0.2148
vn 0.6991 -0.1360 -0.7020
vn -0.7058 -0.2396 -0.6667
vn -0.0458 0.0623 -0.9970
vn 0.5789 -0.2094 0.7881
vn 0.7197 -0.6924 0.0507
vn 0.9704 0.0386 0.2385
vn 0.5494 -0.1846 0.8149
vn 0.3198 -0.7035 0.6346
vn 0.4956 -0.8570 -0.1408
vn 0.2381 -0.5863 0.7743
vn 0.3058 -0.6843 0.6619
vn 0.7227 0.0188 0.6909
vn 0.8283 0.3388 0.4463
vn 0.4169 -0.1697 0.8930
vn -0.0290 -0.1535 0.9877
vn 0.1728 -0.4867 0.8563
vn 0.5117 -0.3319 0.7925
vn 0.5133 -0.2090 0.8324
vn 0.1669 -0.4775 0.8626
vn 0.0030 -0.2085 0.9780
vn 0.3521 -0.0128 0.9359
vn -0.2724 0.2972 0.9151
vn 0.4572 0.4739 0.7526
vn 0.3992 0.9113 0.1014
vn 0.8291 0.5589 0.0100
vn 0.9514 0.2834 -0.1206
vn 0.9506 -0.3023 -0.0701
vn 0.9441 0.2147 -0.2503
vn 0.6799 -0.6674 -0.3038
vn 0.5779 0.6584 -0.4823
vn -0.2852 0.6552 -0.6996
vn 0.0650 0.0902 -0.9938
vn 0.8069 0.3296 -0.4902
vn 0.0731 0.0756 -0.9945
vn 0.0899 0.0861 -0.9922
vn -0.3724 0.7482 -0.5490
vn -0.1828 0.1153 0.9764
vn 0.4893 -0.8686 0.0787
vn 0.5156 -0.8500 -0.1083
vn 0.3567 -0.9269 0.1168
vn -0.1408 0.0667 0.9878
vn 0.9797 0.1937 -0.0519
vn 0.1348 0.7952 0.5912
vn 0.1864 -0.5889 0.7864
vn -0.3766 0.3560 0.8552
vn 0.1763 0.8073 0.5632
vn -0.2450 0.8298 -0.5014
vn 0.9893 0.1151 -0.0896
vn -0.5877 -0.6728 -0.4494
vn -0.6008 -0.4534 -0.6584
vn 0.0805 0.0925 -0.9925
vn -0.6917 -0.6338 -0.3463
vn -0.1617 -0.9403 -0.2994
vn 0.3145 -0.8513 -0.4201
vn -0.5705 -0.8213 0.0027
vn -0.8981 -0.3979 -0.1875
vn -0.7848 -0.5610 0.2634
vn -0.5053 -0.6740 0.5389
vn -0.2608 -0.6820 0.6832
vn 0.2277 -0.9737 -0.0088
vn -0.2661 -0.6406 0.7203
vn 0.3197 -0.7036 0.6346
vn 0.4956 -0.8571 -0.1408
vn 0.2380 -0.5864 0.7743
vn -0.2250 -0.5287 0.8185
vn -0.0287 -0.1533 0.9878
vn 0.1727 -0.4868 0.8563
vn -0.1188 -0.6845 0.7193
vn -0.2303 -0.6248 0.7461
vn 0.0030 -0.2084 0.9780
vn -0.3319 -0.3953 0.8565
vn -0.7637 -0.2088 0.6108
vn -0.9891 0.1349 -0.0598
vn -0.7640 -0.0895 -0.6390
vn 0.0650 0.0901 -0.9938
vn 0.0732 0.0756 -0.9944
vn -0.5011 0.1476 0.8527
vn -0.8260 0.4475 0.3427
vn -0.9890 0.1350 -0.0597
vn -0.4657 0.8683 -0.1707
vn -0.4518 0.6907 0.5647
vn -0.4657 0.8683 -0.1708
vn 0.3991 0.9113 0.1014
vn -0.0178 0.8995 0.4365
vn -0.0192 0.4171 0.9087
vn 0.3059 -0.6844 0.6619
vn 0.5494 -0.1845 0.8149
vn 0.0075 -0.2162 0.9763
vn -0.0289 -0.1534 0.9877
vn -0.2661 -0.6407 0.7202
vn 0.0755 -0.3648 0.9280
vn 0.9272 -0.0863 0.3646
vn 0.3854 -0.9181 0.0921
vn 0.6140 -0.3375 0.7135
vn -0.3764 0.3560 0.8553
vn -0.1128 0.0645 0.9915
vn -0.5553 0.6860 0.4703
vn 0.9876 0.1141 0.1079
vn 0.2503 -0.6571 0.7111
vn 0.5091 0.8605 0.0199
vn 0.4181 0.8118 0.4077
vn 0.5848 0.7877 0.1937
vn 0.2804 0.2474 0.9274
vn 0.8097 -0.5846 0.0507
vn 0.9764 -0.1847 0.1116
vn 0.8794 -0.4685 -0.0849
vn 0.3135 0.4477 0.8375
vn 0.3558 -0.3749 -0.8560
vn 0.0629 -0.5482 -0.8340
vn -0.0780 -0.3974 -0.9143
vn -0.7916 0.2044 -0.5758
vn -0.8278 0.1736 -0.5334
vn 0.5602 -0.8176 0.1332
vn -0.7216 0.6607 0.2067
vn -0.6157 0.6245 0.4806
vn -0.8289 0.1695 -0.5330
vn -0.1300 0.9531 -0.2735
vn -0.1366 -0.9824 -0.1276
vn -0.0091 -0.5615 0.8274
vn -0.8778 -0.4680 0.1020
vn -0.9828 -0.0820 0.1653
vn -0.6400 0.0289 -0.7678
vn -0.6641 0.0591 -0.7453
vn -0.6979 0.0193 -0.7159
vn 0.9658 0.2548 -0.0473
vn 0.4881 0.7832 0.3852
vn -0.5019 -0.2176 0.8371
vn -0.7770 -0.1039 0.6209
vn -0.1077 0.5858 -0.8032
vn 0.2470 0.4319 -0.8674
vn -0.6978 0.0193 -0.7160
vn -0.6792 0.0615 -0.7313
vn 0.5111 0.2915 -0.8086
vn -0.8145 0.0737 -0.5755
vn -0.9106 0.0631 0.4084
vn -0.5082 -0.5962 0.6215
vn -0.8301 0.5168 -0.2095
vn -0.8809 0.2343 -0.4112
vn -0.9669 0.1479 0.2080
vn 0.4830 -0.0744 -0.8724
vn 0.1905 -0.1092 -0.9756
vn -0.3860 -0.0004 -0.9225
vn 0.7798 0.0252 -0.6255
vn -0.5141 -0.0751 -0.8544
vn 0.7649 -0.0188 -0.6439
vn -0.4842 -0.4079 -0.7740
vn 0.8136 -0.3015 -0.4972
vn -0.9797 0.0874 0.1806
vn -0.9636 0.1484 0.2224
vn -0.9821 0.0019 0.1885
vn 0.7856 0.0447 0.6172
vn 0.8351 -0.0444 0.5483
vn -0.1882 -0.0407 0.9813
vn -0.1908 0.1959 0.9619
vn -0.9831 0.0059 0.1830
vn -0.9872 0.0707 0.1427
vn -0.1702 0.4418 0.8808
vn -0.9631 0.1589 0.2171
vn 0.8106 0.1792 0.5575
vn -0.2350 0.5107 0.8271
vn 0.4650 -0.3261 0.8231
vn -0.9662 0.1956 0.1677
vn 0.3428 -0.8825 -0.3221
vn -0.9896 -0.0381 0.1391
vn -0.1341 -0.0362 0.9903
vn 0.8457 -0.0420 0.5320
vn -0.1491 0.0164 0.9887
vn 0.9620 -0.0289 0.2714
vn 0.1592 -0.6151 0.7722
vn 0.3403 -0.9131 0.2248
vn 0.1470 -0.4974 -0.8549
vn 0.2686 -0.9434 -0.1947
vn -0.7581 -0.4302 -0.4902
vn -0.6933 -0.4558 -0.5582
vn -0.7343 -0.3549 -0.5787
vn -0.9430 0.1911 0.2725
vn -0.9494 0.2042 0.2385
vn -0.8015 -0.2605 0.5383
vn -0.9178 -0.0467 0.3943
vn -0.3927 -0.1979 0.8981
vn 0.0710 -0.3446 0.9361
vn 0.0509 -0.4968 0.8664
vn -0.8639 0.1170 -0.4898
vn -0.8796 0.2328 -0.4149
vn -0.9642 0.0142 0.2649
vn -0.4468 0.1835 0.8756
vn 0.1372 -0.9582 0.2510
vn 0.0339 -0.8487 0.5279
vn -0.8997 0.0847 -0.4282
vn -0.7444 -0.2457 -0.6209
vn -0.2927 0.2466 -0.9239
vn -0.8647 -0.1329 -0.4844
vn -0.2976 0.3689 -0.8806
vn -0.0202 0.3483 -0.9372
vn 0.2687 -0.2491 -0.9305
vn -0.4092 -0.0954 -0.9074
vn 0.2878 -0.4207 -0.8603
vn -0.7636 -0.2601 -0.5909
vn 0.0108 -0.8857 -0.4641
vn 0.1888 -0.9712 -0.1451
vn -0.7672 -0.0648 -0.6382
vn -0.0438 0.3928 -0.9186
vn -0.5543 -0.1189 -0.8238
vn -0.1439 0.5926 -0.7926
vn -0.6123 0.7738 -0.1621
vn -0.3626 0.7860 -0.5008
vn -0.6055 0.5707 0.5547
vn -0.6531 0.3500 0.6715
vn -0.8894 0.2131 0.4045
vn -0.3308 0.8748 -0.3541
vn -0.7819 -0.5403 0.3109
vn -0.6013 -0.7411 0.2987
vn -0.3638 -0.6204 0.6948
vn -0.3704 -0.5232 0.7675
vn 0.0332 -0.3304 0.9433
vn -0.5083 0.0909 0.8563
vn -0.0847 -0.2352 0.9682
vn -0.8538 0.2098 0.4764
vn -0.6921 0.5947 0.4091
vn -0.4943 0.2029 0.8453
vn -0.5402 0.6678 0.5120
vn -0.0549 -0.9649 0.2568
vn 0.0619 -0.4566 0.8875
vn 0.0327 0.3779 0.9253
vn 0.9182 -0.1131 0.3797
vn 0.9863 0.1280 -0.1036
vn 0.9565 0.2613 0.1293
vn 0.9535 -0.2809 -0.1095
vn 0.8353 -0.5497 0.0049
vn -0.3493 -0.7100 -0.6115
vn -0.5449 -0.4299 0.7199
vn 0.7351 0.0083 0.6779
vn 0.9964 -0.0216 -0.0817
vn 0.6951 -0.1207 0.7087
vn -0.0910 -0.1022 0.9906
vn 0.8397 -0.0190 -0.5426
vn -0.5892 -0.0896 -0.8030
vn 0.6915 -0.1984 -0.6946
vn -0.4731 -0.2743 -0.8372
vn 0.5644 -0.7919 0.2331
vn -0.4809 -0.8697 0.1107
vn 0.3416 0.7854 0.5162
vn -0.2286 0.3988 0.8881
vn 0.4133 0.7370 0.5348
vn -0.0140 0.5188 0.8548
vn 0.7289 -0.5831 0.3589
vn 0.9360 -0.3517 0.0122
vn 0.7663 0.6371 0.0826
vn 0.3157 -0.5666 0.7611
vn 0.9407 0.2532 -0.2258
vn 0.2468 -0.5040 -0.8277
vn 0.7664 0.6371 0.0825
vn 0.9360 -0.3518 0.0120
vn -0.2294 -0.8808 -0.4143
vn 0.7288 -0.5832 0.3588
vn -0.6221 -0.7218 0.3035
vn -0.6650 -0.2861 -0.6899
vn -0.8002 -0.1918 -0.5683
vn -0.8446 0.2262 -0.4854
vn -0.2905 -0.3021 -0.9079
vn 0.0235 -0.0158 -0.9996
vn 0.9407 0.2532 -0.2257
vn 0.9964 -0.0215 -0.0817
vn -0.0139 0.5189 0.8547
vn -0.8002 -0.1917 -0.5682
vn 0.6951 -0.1206 0.7087
vn 0.9660 0.1335 -0.2214
vn -0.7722 0.1393 -0.6200
vn -0.7273 0.6200 0.2942
vn -0.8323 0.3600 0.4214
vn -0.8001 -0.1917 -0.5684
vn -0.9908 -0.0915 0.0997
vn -0.0909 -0.1022 0.9906
vn -0.5450 -0.4298 0.7199
vn 0.1594 0.5310 0.8322
vn -0.6722 0.0494 0.7387
vn 0.5506 0.1519 0.8208
vn 0.3644 0.4920 0.7907
vn 0.9565 0.2614 0.1294
vn 0.9535 -0.2809 -0.1094
vn -0.3492 -0.7100 -0.6116
vn -0.7790 -0.1212 0.6152
vn 0.6027 -0.0204 0.7977
vn -0.4810 -0.8697 0.1106
vn 0.5643 -0.7920 0.2330
vn 0.8397 -0.0191 -0.5426
vn 0.6913 -0.1986 -0.6947
vn -0.4731 -0.2742 -0.8373
vn -0.5890 -0.0897 -0.8031
vn 0.2413 0.3605 0.9010
vn -0.0730 -0.5241 -0.8485
vn 0.1419 -0.6832 0.7163
vn -0.7864 -0.5940 0.1699
vn 0.7540 -0.6450 -0.1246
vn 0.1375 0.3924 0.9095
vn -0.1277 0.2643 0.9559
vn 0.8619 0.4948 -0.1109
vn 0.8242 0.4209 -0.3789
vn -0.8002 -0.1917 -0.5683
vn 0.9406 0.2535 -0.2257
vn 0.7661 0.6373 0.0827
vn 0.2469 -0.5038 -0.8278
vn 0.1374 0.3923 0.9095
vn 0.7540 -0.6450 -0.1247
vn 0.8619 0.4947 -0.1111
vn -0.1277 0.2644 0.9559
vn 0.8242 0.4209 -0.3790
vn -0.1267 -0.9575 -0.2592
vn 0.9049 -0.2603 0.3367
vn -0.8115 -0.5830 0.0384
vn -0.3550 -0.8808 0.3133
vn 0.2386 0.3888 0.8899
vn 0.2090 0.5367 0.8175
vn -0.9965 -0.0314 -0.0774
vn -0.9895 -0.0381 0.1392
vn -0.0291 -0.1473 -0.9887
vn 0.0012 0.2006 -0.9797
vn -0.9716 0.2365 -0.0078
vn -0.9796 -0.1839 -0.0815
vn 0.0217 0.8854 0.4643
vn -0.1428 -0.0407 0.9889
vn -0.7072 -0.6089 -0.3594
vn -0.0181 -0.5824 -0.8127
vn -0.6935 -0.3021 0.6540
vn -0.3249 0.8731 0.3635
vn 0.0498 0.8734 0.4845
vn 0.1968 -0.0530 0.9790
vn 0.9318 0.3172 -0.1765
vn 0.0624 0.0153 0.9979
vn 0.9585 -0.0921 0.2699
vn 0.0497 0.2605 -0.9642
vn 0.1648 -0.1736 -0.9709
vn 0.6969 -0.5492 -0.4612
vn 0.4455 0.8586 0.2538
vn 0.8439 -0.2844 0.4549
vn -0.0846 0.1768 -0.9806
vn 0.6970 -0.5492 -0.4611
vn -0.0179 -0.5824 -0.8127
vn -0.6935 -0.3022 0.6540
vn 0.8439 -0.2845 0.4549
vn 0.1969 -0.0531 0.9790
vn -0.7072 -0.6088 -0.3594
vn 0.5155 -0.8500 -0.1083
vn -0.2667 0.0430 0.9628
vn -0.3765 0.3561 0.8553
vn 0.3855 -0.9135 0.1299
vn -0.6926 -0.6264 -0.3576
vn 0.0492 0.0489 0.9976
vn -0.8716 0.2399 0.4276
vn -0.8742 0.2258 0.4299
vn -0.6059 -0.6706 -0.4280
vn -0.3486 0.7951 -0.4963
vn -0.3795 0.7402 -0.5550
vn -0.1490 0.0164 0.9887
vn -0.9895 -0.0380 0.1392
vn -0.9965 -0.0313 -0.0774
vn 0.0909 -0.3559 0.9301
vn 0.5771 -0.8038 0.1444
vn -0.4691 -0.8673 0.1665
vn -0.2226 -0.6917 0.6870
vn -0.3764 0.3559 0.8554
vn -0.4372 0.7489 0.4981
vn -0.2517 -0.0756 0.9649
vn -0.5933 -0.7850 -0.1782
vn 0.2696 -0.6461 0.7140
vn -0.7938 0.3932 -0.4640
vn -0.8749 0.4676 0.1261
vt 0.730382 0.103619
vt 0.705649 0.144477
vt 0.906050 0.162418
vt 0.907543 0.101904
vt 0.999984 0.166941
vt 1.001061 0.095946
vt 0.733494 0.205318
vt 0.838940 0.209383
vt 0.991053 0.210366
vt 0.981648 0.252295
vt 0.840260 0.252371
vt 0.689743 0.104698
vt 0.991405 0.052870
vt 0.810174 0.064464
vt 0.981657 0.011468
vt 0.840250 0.011429
vt 0.734207 0.056759
vt 0.693123 0.056174
vt 0.518060 0.096757
vt 0.575201 0.047645
vt 0.473165 0.043970
vt 0.716055 0.011396
vt 0.597290 0.011359
vt 0.510869 0.011322
vt 0.522475 0.164896
vt 0.485011 0.157654
vt 0.479927 0.107408
vt 0.445175 0.049232
vt 0.473366 0.225391
vt 0.579352 0.211659
vt 0.510849 0.252622
vt 0.597275 0.252464
vt 0.688056 0.203710
vt 0.716059 0.252303
vt 0.459430 0.138427
vt 0.448360 0.105872
vt 0.445220 0.217118
vt 0.468555 0.252667
vt 0.435264 0.252667
vt 0.710772 0.204691
vt 0.809314 0.993189
vt 0.844593 0.748486
vt 0.799681 0.766537
vt 0.795370 0.616810
vt 0.844460 0.624653
vt 0.796731 0.566457
vt 0.846052 0.573862
vt 0.737687 0.589384
vt 0.737679 0.566887
vt 0.737691 0.611583
vt 0.903594 0.595045
vt 0.902086 0.622902
vt 0.947494 0.615460
vt 0.947980 0.591500
vt 0.993009 0.611673
vt 0.993010 0.589483
vt 0.948583 0.568105
vt 0.993012 0.566905
vt 0.904969 0.574145
vt 0.939443 0.344499
vt 0.898532 0.361084
vt 0.993076 0.320695
vt 0.854260 0.365264
vt 0.915162 0.347050
vt 0.854851 0.350073
vt 0.993004 0.780156
vt 0.944441 0.769131
vt 0.900724 0.759988
vt 0.936461 0.995025
vt 0.880074 0.997653
vt 0.789589 0.353336
vt 0.737576 0.320774
vt 0.459999 0.699940
vt 0.421847 0.911548
vt 0.493482 0.874305
vt 0.334346 0.703269
vt 0.334346 0.906337
vt 0.574509 0.696105
vt 0.570429 0.874521
vt 0.490508 0.948126
vt 0.334346 0.965522
vt 0.365140 0.975937
vt 0.420117 0.965795
vt 0.650541 0.838561
vt 0.643075 0.892767
vt 0.726515 0.817051
vt 0.726515 0.703484
vt 0.726515 0.932364
vt 0.709975 0.959389
vt 0.635989 0.948441
vt 0.695226 0.983366
vt 0.579503 0.979625
vt 0.726515 0.978941
vt 0.572418 0.925007
vt 0.726515 0.610225
vt 0.575486 0.609180
vt 0.574131 0.447552
vt 0.726515 0.445670
vt 0.628909 0.318546
vt 0.561909 0.331279
vt 0.561667 0.289065
vt 0.629838 0.284131
vt 0.681244 0.268659
vt 0.726515 0.308737
vt 0.465542 0.609718
vt 0.497836 0.448231
vt 0.389955 0.608312
vt 0.424485 0.456931
vt 0.334346 0.436815
vt 0.434410 0.332167
vt 0.334346 0.318454
vt 0.382074 0.269755
vt 0.433481 0.285227
vt 0.501409 0.332846
vt 0.501652 0.290161
vt 0.532354 0.423067
vt 0.334346 0.607952
vt 0.079805 0.232283
vt 0.164710 0.210607
vt 0.122523 0.194649
vt 0.082536 0.195321
vt 0.065738 0.163787
vt 0.098907 0.148763
vt 0.061632 0.142152
vt 0.067395 0.121429
vt 0.123677 0.114515
vt 0.175785 0.114562
vt 0.094627 0.115280
vt 0.071940 0.113520
vt 0.035702 0.148111
vt 0.041923 0.132093
vt 0.020229 0.138299
vt 0.026355 0.125859
vt 0.005702 0.131286
vt 0.011940 0.118620
vt 0.124248 0.087244
vt 0.097369 0.085301
vt 0.124231 0.055219
vt 0.098622 0.055224
vt 0.124118 0.033753
vt 0.158367 0.040381
vt 0.164154 0.054336
vt 0.099739 0.035139
vt 0.171577 0.088395
vt 0.192231 0.080816
vt 0.172887 0.036601
vt 0.229659 0.051083
vt 0.207206 0.014433
vt 0.253565 0.037615
vt 0.259273 0.099604
vt 0.295568 0.088781
vt 0.225257 0.005464
vt 0.257519 0.214069
vt 0.210893 0.208562
vt 0.203087 0.112287
vt 0.256732 0.004405
vt 0.275505 0.029551
vt 0.296663 0.056271
vt 0.254448 0.243670
vt 0.287294 0.248875
vt 0.299549 0.220380
vt 0.323300 0.104611
vt 0.343328 0.116239
vt 0.349575 0.166371
vt 0.341191 0.234380
vt 0.379236 0.180734
vt 0.393815 0.198439
vt 0.369935 0.227020
vt 0.383913 0.245331
vt 0.408148 0.211617
vt 0.372524 0.153454
vt 0.406401 0.154959
vt 0.418570 0.170953
vt 0.432503 0.130104
vt 0.445823 0.142555
vt 0.433494 0.180403
vt 0.448844 0.163198
vt 0.412154 0.127150
vt 0.395815 0.139939
vt 0.325332 0.261049
vt 0.344700 0.051550
vt 0.359289 0.070966
vt 0.389947 0.045029
vt 0.374202 0.026325
vt 0.391323 0.064504
vt 0.369359 0.086828
vt 0.352694 0.023153
vt 0.330809 0.036634
vt 0.068269 0.054545
vt 0.088448 0.054365
vt 0.085147 0.033440
vt 0.068311 0.035581
vt 0.069129 0.082960
vt 0.091835 0.081384
vt 0.214759 0.239928
vt 0.170727 0.242683
vt 0.094294 0.262400
vt 0.737783 0.987757
vt 0.737708 0.780107
vt 0.274783 0.263290
vt 0.251897 0.284556
vt 0.265085 0.304716
vt 0.290410 0.280108
vt 0.230808 0.322133
vt 0.234686 0.293532
vt 0.317161 0.315098
vt 0.326877 0.296848
vt 0.247112 0.446506
vt 0.230894 0.421947
vt 0.204488 0.436013
vt 0.200804 0.450038
vt 0.202857 0.296193
vt 0.220949 0.280878
vt 0.186739 0.265822
vt 0.206200 0.254811
vt 0.152216 0.291162
vt 0.194174 0.426648
vt 0.177297 0.438725
vt 0.148125 0.271043
vt 0.109679 0.437051
vt 0.158639 0.453515
vt 0.110675 0.292890
vt 0.130164 0.279394
vt 0.048936 0.787641
vt 0.037433 0.823986
vt 0.095670 0.805101
vt 0.018334 0.795488
vt 0.001309 0.823986
vt 0.001309 0.828672
vt 0.001309 0.805245
vt 0.001309 0.793266
vt 0.072476 0.756292
vt 0.104842 0.722758
vt 0.009703 0.762035
vt 0.001309 0.770446
vt 0.001309 0.745864
vt 0.041600 0.754625
vt 0.045013 0.731461
vt 0.001309 0.728107
vt 0.001309 0.706350
vt 0.045012 0.704329
vt 0.000634 0.640415
vt 0.080537 0.664700
vt 0.172489 0.654188
vt 0.168984 0.731210
vt 0.146949 0.810560
vt 0.044855 0.876465
vt 0.134665 0.883862
vt 0.053879 0.921862
vt 0.230813 0.753236
vt 0.327296 0.709405
vt 0.289853 0.844016
vt 0.198004 0.819694
vt 0.222406 0.906637
vt 0.208321 0.985394
vt 0.032665 0.835220
vt 0.001309 0.884699
vt 0.068912 0.997425
vt 0.136690 0.961832
vt 0.001309 0.847491
vt 0.001309 0.839125
vt 0.041894 0.649915
vt 0.070649 0.583980
vt 0.103642 0.580263
vt 0.049090 0.502723
vt 0.103028 0.449168
vt 0.013527 0.576938
vt 0.001309 0.788851
vt 0.992969 0.987765
vt 0.232379 0.916718
vt 0.282941 0.969753
vt 0.311768 0.908112
vt 0.306313 0.933309
vt 0.220304 0.994415
vt 0.243005 0.989735
vt 0.222758 0.978624
vt 0.468563 0.011307
vt 0.435273 0.011298
s 1
usemtl enemy_tonnel.001
f 619/279/508 620/280/509 621/281/510
f 619/279/508 621/281/510 622/282/511
f 622/282/511 621/281/510 623/283/512
f 622/282/511 623/283/512 624/284/513
f 621/281/510 620/280/509 625/285/514
f 621/281/510 625/285/514 626/286/515
f 623/283/512 621/281/510 626/286/515
f 623/283/512 626/286/515 627/287/516
f 628/288/517 627/287/516 626/286/515
f 628/288/517 626/286/515 629/289/518
f 629/289/518 626/286/515 625/285/514
f 619/279/508 630/290/519 620/280/509
f 622/282/511 624/284/513 631/291/520
f 632/292/521 622/282/511 631/291/520
f 619/279/508 622/282/511 632/292/521
f 632/292/521 631/291/520 633/293/522
f 632/292/521 633/293/522 634/294/523
f 634/294/523 635/295/524 632/292/521
f 619/279/508 632/292/521 635/295/524
f 636/296/525 630/290/519 619/279/508
f 636/296/525 619/279/508 635/295/524
f 636/296/525 637/297/526 630/290/519
f 636/296/525 638/298/527 637/297/526
f 638/298/527 639/299/528 637/297/526
f 640/300/529 638/298/527 636/296/525
f 634/294/523 640/300/529 635/295/524
f 636/296/525 635/295/524 640/300/529
f 640/300/529 641/301/530 638/298/527
f 642/302/531 639/299/528 638/298/527
f 642/302/531 638/298/527 641/301/530
f 643/303/532 630/290/519 637/297/526
f 644/304/533 643/303/532 637/297/526
f 644/304/533 637/297/526 645/305/534
f 637/297/526 639/299/528 645/305/534
f 639/299/528 646/306/535 645/305/534
f 647/307/536 643/303/532 644/304/533
f 647/307/536 648/308/537 643/303/532
f 648/308/537 647/307/536 649/309/538
f 648/308/537 649/309/538 650/310/539
f 651/311/540 648/308/537 650/310/539
f 651/311/540 650/310/539 652/312/541
f 645/305/534 653/313/542 644/304/533
f 645/305/534 654/314/543 653/313/542
f 653/313/542 655/315/544 644/304/533
f 655/315/544 647/307/536 644/304/533
f 655/315/544 656/316/545 647/307/536
f 649/309/538 647/307/536 656/316/545
f 655/315/544 657/317/546 656/316/545
f 648/308/537 651/311/540 620/280/509
f 648/308/537 620/280/509 643/303/532
f 643/303/532 620/280/509 630/290/519
f 620/280/509 651/311/540 658/318/547
f 658/318/547 651/311/540 652/312/541
f 625/285/514 658/318/547 652/312/541
f 625/285/514 620/280/509 658/318/547
f 629/289/518 625/285/514 652/312/541
f 659/319/548 660/320/549 661/321/550
f 660/320/549 662/322/551 661/321/550
f 660/320/549 663/323/552 662/322/551
f 663/323/552 664/324/553 662/322/551
f 663/323/552 665/325/554 664/324/553
f 666/326/555 662/322/551 664/324/553
f 667/327/556 666/326/555 664/324/553
f 666/326/555 668/328/557 662/322/551
f 661/321/550 662/322/551 668/328/557
f 669/329/558 665/325/554 663/323/552
f 670/330/559 669/329/558 663/323/552
f 670/330/559 663/323/552 660/320/549
f 669/329/558 670/330/559 671/331/560
f 669/329/558 671/331/560 672/332/561
f 672/332/561 671/331/560 673/333/562
f 672/332/561 673/333/562 674/334/563
f 675/335/564 672/332/561 674/334/563
f 675/335/564 674/334/563 676/336/565
f 677/337/566 669/329/558 672/332/561
f 677/337/566 672/332/561 675/335/564
f 669/329/558 677/337/566 665/325/554
f 677/337/566 675/335/564 678/338/567
f 678/338/567 675/335/564 676/336/565
f 677/337/566 678/338/567 679/339/568
f 665/325/554 677/337/566 679/339/568
f 678/338/567 676/336/565 680/340/569
f 665/325/554 679/339/568 681/341/570
f 682/342/571 681/341/570 679/339/568
f 682/342/571 683/343/572 681/341/570
f 671/331/560 684/344/573 673/333/562
f 671/331/560 685/345/574 684/344/573
f 671/331/560 670/330/559 686/346/575
f 671/331/560 686/346/575 685/345/574
f 687/347/576 684/344/573 685/345/574
f 686/346/575 687/347/576 685/345/574
f 670/330/559 660/320/549 686/346/575
f 660/320/549 688/348/577 686/346/575
f 660/320/549 689/319/578 688/348/577
f 686/346/575 688/348/577 690/347/579
f 681/341/570 691/349/580 664/324/553
f 681/341/570 664/324/553 665/325/554
f 692/349/581 667/327/556 664/324/553
f 693/349/582 694/350/583 667/327/584
f 695/351/585 696/352/586 697/353/587
f 695/351/585 698/354/588 696/352/586
f 698/354/588 699/355/589 696/352/586
f 697/353/587 700/356/590 695/351/585
f 697/353/587 701/357/591 700/356/590
f 697/353/587 696/352/586 702/358/592
f 696/352/586 699/355/589 703/359/593
f 696/352/586 703/359/593 704/360/594
f 704/360/594 705/361/595 696/352/586
f 696/352/586 705/361/595 702/358/592
f 700/356/590 701/357/591 706/362/596
f 707/363/597 706/362/596 701/357/591
f 707/363/597 708/364/598 706/362/596
f 709/365/599 706/362/596 708/364/598
f 709/365/599 700/356/590 706/362/596
f 710/366/600 708/364/598 707/363/597
f 710/366/600 707/363/597 711/367/601
f 707/363/597 712/368/602 711/367/601
f 711/367/601 712/368/602 713/369/603
f 712/368/602 707/363/597 714/370/604
f 715/371/605 710/366/600 711/367/601
f 716/371/606 711/367/601 713/369/603
f 707/363/597 701/357/591 717/372/607
f 707/363/597 717/372/607 714/370/604
f 717/372/607 701/357/591 697/353/587
f 717/372/607 697/353/587 702/358/592
f 718/370/608 717/372/607 702/358/592
f 712/368/602 719/370/609 713/369/603
f 709/365/599 720/373/610 721/374/611
f 709/365/599 721/374/611 700/356/590
f 720/373/610 722/375/612 721/374/611
f 720/373/610 723/376/613 722/375/612
f 723/376/613 724/377/614 722/375/612
f 725/378/615 722/375/612 724/377/614
f 724/377/614 726/379/616 725/378/615
f 724/377/614 727/380/617 726/379/616
f 728/381/618 727/380/617 724/377/614
f 724/377/614 729/382/619 728/381/618
f 723/376/613 729/382/619 724/377/614
f 695/351/585 700/356/590 721/374/611
f 695/351/585 721/374/611 730/383/620
f 731/384/621 730/383/620 721/374/611
f 731/384/621 721/374/611 722/375/612
f 731/384/621 732/385/622 730/383/620
f 695/351/585 730/383/620 732/385/622
f 731/384/621 733/386/623 732/385/622
f 733/386/623 734/387/624 732/385/622
f 734/387/624 733/386/623 735/388/625
f 735/388/625 733/386/623 731/384/621
f 734/387/624 735/388/625 736/389/626
f 735/388/625 737/390/627 736/389/626
f 735/388/625 738/391/628 737/390/627
f 738/391/628 735/388/625 739/392/629
f 738/391/628 739/392/629 740/393/630
f 695/351/585 732/385/622 698/354/588
f 735/388/625 731/384/621 741/394/631
f 735/388/625 741/394/631 739/392/629
f 698/354/588 732/385/622 742/395/632
f 732/385/622 734/387/624 742/395/632
f 743/396/633 744/397/634 745/398/635
f 746/399/636 743/396/633 745/398/635
f 745/398/635 747/400/637 746/399/636
f 745/398/635 748/401/638 747/400/637
f 747/400/637 748/401/638 749/402/639
f 748/401/638 750/403/640 749/402/639
f 751/404/641 748/401/638 745/398/635
f 745/398/635 752/405/642 751/404/641
f 748/401/638 751/404/641 753/406/643
f 748/401/638 753/406/643 750/403/640
f 753/406/643 754/407/644 750/403/640
f 755/408/645 747/400/637 749/402/639
f 755/408/645 749/402/639 756/409/646
f 757/410/647 755/408/645 756/409/646
f 757/410/647 756/409/646 758/411/648
f 759/412/649 757/410/647 758/411/648
f 759/412/649 758/411/648 760/413/650
f 753/406/643 751/404/641 761/414/651
f 753/406/643 761/414/651 762/415/652
f 762/415/652 761/414/651 763/416/653
f 762/415/652 763/416/653 764/417/654
f 763/416/653 765/418/655 764/417/654
f 766/419/656 765/418/655 763/416/653
f 767/420/657 766/419/656 763/416/653
f 761/414/651 767/420/657 763/416/653
f 765/418/655 768/421/658 764/417/654
f 761/414/651 769/422/659 767/420/657
f 770/423/660 771/424/661 767/420/662
f 772/425/663 771/424/661 770/423/660
f 772/425/663 773/426/655 771/424/661
f 774/427/664 773/426/655 772/425/663
f 775/428/665 774/427/664 772/425/663
f 772/425/663 770/423/660 775/428/665
f 775/428/665 776/429/666 774/427/664
f 774/427/664 777/430/667 773/426/655
f 776/429/666 775/428/665 778/431/668
f 775/428/665 779/432/669 778/431/668
f 775/428/665 780/433/670 779/432/669
f 770/423/660 780/433/670 775/428/665
f 780/433/670 770/423/660 781/422/671
f 782/405/642 780/433/670 781/422/671
f 779/432/669 780/433/670 782/405/642
f 774/427/664 783/434/654 777/430/667
f 774/427/664 784/435/672 783/434/654
f 785/429/666 784/435/672 774/427/664
f 785/429/666 786/436/673 784/435/672
f 744/397/634 779/432/669 782/405/642
f 779/432/669 787/437/674 778/431/668
f 788/438/675 778/431/668 787/437/674
f 788/438/675 789/439/676 778/431/668
f 790/429/677 778/431/668 789/439/676
f 791/440/678 790/429/677 789/439/676
f 789/439/676 792/441/644 791/440/678
f 789/439/676 793/442/679 792/441/644
f 789/439/676 794/443/680 793/442/679
f 788/438/675 794/443/680 789/439/676
f 795/444/681 793/442/679 794/443/680
f 794/443/680 796/445/682 795/444/681
f 794/443/680 797/446/683 796/445/682
f 798/447/684 797/446/683 794/443/680
f 796/445/682 797/446/683 798/447/684
f 796/445/682 798/447/684 799/448/685
f 795/444/681 800/449/686 793/442/679
f 796/445/682 801/450/687 795/444/681
f 796/445/682 802/451/688 801/450/687
f 799/448/685 802/451/688 796/445/682
f 802/451/688 803/452/689 801/450/687
f 802/451/688 804/453/649 803/452/689
f 799/448/685 805/454/690 802/451/688
f 805/454/690 804/453/649 802/451/688
f 805/454/690 806/455/691 804/453/649
f 807/456/692 801/450/687 803/452/689
f 807/456/692 808/457/693 801/450/687
f 808/457/693 800/449/686 795/444/681
f 808/457/693 795/444/681 801/450/687
f 788/438/675 809/458/694 794/443/680
f 810/459/695 811/460/696 812/461/697
f 810/459/695 812/461/697 813/462/698
f 790/429/677 811/460/696 810/459/695
f 790/429/677 791/440/678 811/460/696
f 811/460/696 814/463/699 812/461/697
f 811/460/696 815/464/700 814/463/699
f 791/440/678 815/464/700 811/460/696
f 791/440/678 792/441/644 815/464/700
f 810/459/695 813/462/698 816/465/701
f 810/459/695 816/465/701 817/466/702
f 818/429/666 810/459/695 817/466/702
f 818/429/666 817/466/702 819/436/703
f 820/422/704 770/423/705 821/420/706
f 751/404/641 752/405/642 769/422/707
f 751/404/641 822/422/708 761/414/651
f 823/467/709 824/468/710 825/469/711
f 823/467/709 825/469/711 826/470/712
f 827/471/713 824/468/710 823/467/709
f 827/471/713 828/472/714 824/468/710
f 753/406/643 828/472/714 827/471/713
f 754/407/644 753/406/643 827/471/713
f 744/397/634 829/405/715 745/398/635
f 779/432/669 830/473/716 787/437/674
f 831/397/717 830/473/716 779/432/669
f 831/397/717 832/474/718 830/473/716
f 833/475/719 832/474/718 831/397/717
f 833/475/719 831/397/717 743/396/720
f 834/476/721 835/319/578 661/321/550
f 834/476/721 661/321/550 836/477/722
f 836/477/722 661/321/550 668/328/557
f 837/478/723 838/479/724 839/480/725
f 837/478/723 839/480/725 840/481/726
f 838/479/724 841/482/727 839/480/725
f 838/479/724 842/483/728 841/482/727
f 839/480/725 843/484/729 840/481/726
f 840/481/726 843/484/729 844/485/730
f 839/480/725 845/486/731 843/484/729
f 839/480/725 841/482/727 846/487/732
f 839/480/725 846/487/732 845/486/731
f 847/488/733 845/486/731 846/487/732
f 841/482/727 847/488/733 846/487/732
f 847/488/733 848/489/734 845/486/731
f 841/482/727 849/490/735 847/488/733
f 850/483/736 849/490/735 841/482/727
f 850/483/736 851/491/737 849/490/735
f 851/491/737 852/492/738 849/490/735
f 851/491/737 853/493/739 852/492/738
f 852/492/738 854/494/740 849/490/735
f 849/490/735 855/495/741 847/488/733
f 855/495/741 849/490/735 856/496/742
f 847/488/733 855/495/741 856/496/742
f 847/488/733 856/496/742 848/489/734
f 849/490/735 854/494/740 856/496/742
f 852/492/743 857/497/744 858/494/740
f 859/498/745 860/499/734 861/496/746
f 862/500/747 859/498/745 861/496/746
f 862/500/747 861/496/746 863/494/748
f 864/501/749 862/500/747 863/494/748
f 865/502/750 866/503/751 867/504/752
f 865/502/750 868/505/753 866/503/751
f 868/505/753 869/506/754 866/503/751
f 870/507/755 866/503/751 869/506/754
f 869/506/754 868/505/753 871/508/756
f 871/508/756 868/505/753 872/509/757
f 867/504/752 873/510/758 865/502/750
f 867/504/752 874/511/759 873/510/758
f 868/505/753 865/502/750 875/512/760
f 876/513/761 868/505/753 875/512/760
f 876/513/761 875/512/760 877/514/762
f 865/502/750 878/515/763 875/512/760
f 865/502/750 873/510/758 878/515/763
f 879/516/764 877/514/762 875/512/760
f 875/512/760 878/515/763 879/516/764
f 878/515/763 873/510/758 879/516/764
f 873/510/758 874/511/759 879/516/764
f 877/514/762 879/516/764 880/517/765
f 880/517/765 879/516/764 881/518/766
f 879/516/764 882/519/767 881/518/766
f 874/511/759 882/519/767 879/516/764
f 881/518/766 882/519/767 883/520/768
f 884/521/769 882/519/767 874/511/759
f 884/521/769 874/511/759 885/522/770
f 874/511/759 886/523/771 885/522/770
f 867/504/752 886/523/771 874/511/759
f 867/504/752 887/524/772 886/523/771
f 888/525/773 887/524/772 867/504/752
f 888/525/773 889/526/774 887/524/772
f 888/525/773 890/527/775 889/526/774
f 886/523/771 891/528/776 885/522/770
f 887/524/772 891/528/776 886/523/771
f 892/529/777 885/522/770 891/528/776
f 892/529/777 891/528/776 893/530/778
f 893/530/778 891/528/776 894/531/779
f 889/526/774 894/531/779 887/524/772
f 887/524/772 894/531/779 891/528/776
f 893/530/778 894/531/779 895/532/780
f 889/526/774 896/532/781 894/531/779
f 897/533/782 896/532/781 889/526/774
f 888/525/773 867/504/752 898/534/783
f 899/535/784 888/525/773 898/534/783
f 888/525/773 899/535/784 900/527/785
f 900/527/786 901/536/787 889/526/788
f 901/536/787 902/537/789 889/526/788
f 903/538/790 899/535/784 898/534/783
f 904/539/791 903/538/790 898/534/783
f 905/537/792 906/533/793 889/526/794
f 907/526/795 908/531/796 896/532/797
f 907/526/795 909/524/798 908/531/796
f 910/525/799 909/524/798 907/526/795
f 910/525/799 907/526/795 911/527/800
f 910/525/799 912/504/801 909/524/798
f 912/504/801 913/523/802 909/524/798
f 912/504/801 914/511/803 913/523/802
f 912/504/801 915/510/804 914/511/803
f 912/504/801 916/502/805 915/510/804
f 916/502/805 912/504/801 917/503/806
f 916/502/805 917/503/806 918/505/807
f 918/505/807 917/503/806 919/506/808
f 920/507/809 919/506/808 917/503/806
f 919/506/808 921/508/810 918/505/807
f 921/508/810 922/509/757 918/505/807
f 918/505/807 923/512/811 916/502/805
f 924/513/812 923/512/811 918/505/807
f 924/513/812 925/514/813 923/512/811
f 916/502/805 923/512/811 926/515/814
f 916/502/805 926/515/814 915/510/804
f 927/516/815 923/512/811 925/514/813
f 923/512/811 927/516/815 926/515/814
f 926/515/814 927/516/815 915/510/804
f 915/510/804 927/516/815 914/511/803
f 925/514/813 928/517/765 927/516/815
f 928/517/765 929/518/816 927/516/815
f 927/516/815 929/518/816 930/519/817
f 914/511/803 927/516/815 930/519/817
f 931/521/818 914/511/803 930/519/817
f 931/521/818 932/522/819 914/511/803
f 914/511/803 932/522/819 913/523/802
f 913/523/802 932/522/819 933/528/820
f 934/529/777 933/528/820 932/522/819
f 934/529/777 935/530/821 933/528/820
f 935/530/821 908/531/796 933/528/820
f 935/530/821 936/532/822 908/531/796
f 909/524/798 913/523/802 933/528/820
f 909/524/798 933/528/820 908/531/796
f 931/521/818 930/519/817 937/540/823
f 937/540/823 938/541/824 931/521/818
f 931/521/818 938/541/824 939/542/825
f 939/542/825 938/541/824 940/543/826
f 940/543/826 941/544/777 939/542/825
f 937/540/823 930/519/817 942/520/768
f 938/541/824 937/540/823 942/520/768
f 929/518/816 942/520/768 930/519/817
f 938/541/824 942/520/768 943/545/827
f 944/543/828 938/541/824 943/545/827
f 945/543/826 946/542/829 941/544/777
f 946/542/829 945/543/826 947/541/830
f 884/521/769 946/542/829 947/541/830
f 948/540/831 884/521/769 947/541/830
f 884/521/769 948/540/831 882/519/767
f 948/540/831 883/520/768 882/519/767
f 947/541/830 883/520/768 948/540/831
f 947/541/830 949/545/827 883/520/768
f 950/543/828 949/545/827 947/541/830
f 951/509/832 868/505/833 952/546/834
f 868/505/833 953/513/835 952/546/834
f 951/509/832 952/546/834 918/505/836
f 918/505/836 952/546/834 953/513/835
f 954/347/579 955/547/721 684/344/722
f 956/548/837 957/549/838 958/550/839
f 957/549/838 959/551/840 958/550/839
f 960/552/841 961/553/842 962/554/843
f 961/553/842 963/549/844 962/554/843
f 964/548/845 962/554/843 963/549/844
f 965/555/846 966/556/847 639/299/528
f 642/302/531 965/555/846 639/299/528
f 966/556/847 646/306/535 639/299/528
f 967/279/848 968/282/849 969/281/850
f 967/279/848 969/281/850 970/280/851
f 968/282/849 971/283/852 969/281/850
f 968/282/849 972/284/853 971/283/852
f 969/281/850 973/285/854 970/280/851
f 969/281/850 974/286/855 973/285/854
f 971/283/852 974/286/855 969/281/850
f 971/283/852 975/287/856 974/286/855
f 976/288/857 974/286/855 975/287/856
f 976/288/857 977/289/858 974/286/855
f 977/289/858 973/285/854 974/286/855
f 967/279/848 970/280/851 978/290/859
f 968/282/849 979/291/860 972/284/853
f 980/292/861 979/291/860 968/282/849
f 967/279/848 980/292/861 968/282/849
f 980/292/861 981/293/857 979/291/860
f 980/292/861 982/294/862 981/293/857
f 982/294/862 980/292/861 983/295/863
f 967/279/848 983/295/863 980/292/861
f 984/296/864 983/295/863 967/279/848
f 984/296/864 967/279/848 978/290/859
f 984/296/864 978/290/859 985/297/865
f 984/296/864 985/297/865 986/298/866
f 986/298/866 985/297/865 987/299/867
f 988/300/868 984/296/864 986/298/866
f 982/294/862 983/295/863 988/300/868
f 984/296/864 988/300/868 983/295/863
f 988/300/868 986/298/866 989/301/869
f 990/302/870 986/298/866 987/299/867
f 990/302/870 989/301/869 986/298/866
f 991/303/871 985/297/865 978/290/859
f 992/304/872 985/297/865 991/303/871
f 992/304/872 993/305/873 985/297/865
f 985/297/865 993/305/873 987/299/867
f 987/299/867 993/305/873 994/306/874
f 995/307/875 992/304/872 991/303/871
f 995/307/875 991/303/871 996/308/876
f 996/308/876 997/309/877 995/307/875
f 996/308/876 998/310/878 997/309/877
f 999/311/879 998/310/878 996/308/876
f 999/311/879 1000/312/880 998/310/878
f 993/305/873 992/304/872 1001/313/881
f 993/305/873 1001/313/881 1002/314/882
f 1001/313/881 992/304/872 1003/315/883
f 1003/315/883 992/304/872 995/307/875
f 1003/315/883 995/307/875 1004/316/884
f 997/309/877 1004/316/884 995/307/875
f 1003/315/883 1004/316/884 1005/317/885
f 996/308/876 970/280/851 999/311/879
f 996/308/876 991/303/871 970/280/851
f 991/303/871 978/290/859 970/280/851
f 970/280/851 1006/318/886 999/311/879
f 1006/318/886 1000/312/880 999/311/879
f 973/285/854 1000/312/880 1006/318/886
f 973/285/854 1006/318/886 970/280/851
f 977/289/858 1000/312/880 973/285/854
f 1007/319/887 1008/321/888 1009/320/889
f 1009/320/889 1008/321/888 1010/322/890
f 1009/320/889 1010/322/890 1011/323/891
f 1011/323/891 1010/322/890 1012/324/892
f 1011/323/891 1012/324/892 1013/325/893
f 1014/326/894 1012/324/892 1010/322/890
f 1015/327/895 1012/324/892 1014/326/894
f 1014/326/894 1010/322/890 1016/328/896
f 1008/321/888 1016/328/896 1010/322/890
f 1017/329/897 1011/323/891 1013/325/893
f 1018/330/898 1011/323/891 1017/329/897
f 1018/330/898 1009/320/889 1011/323/891
f 1017/329/897 1019/331/899 1018/330/898
f 1017/329/897 1020/332/900 1019/331/899
f 1020/332/900 1021/333/901 1019/331/899
f 1020/332/900 1022/334/902 1021/333/901
f 1023/335/903 1022/334/902 1020/332/900
f 1023/335/903 1024/336/904 1022/334/902
f 1025/337/905 1023/335/903 1020/332/900
f 1025/337/905 1020/332/900 1017/329/897
f 1017/329/897 1013/325/893 1025/337/905
f 1025/337/905 1026/338/906 1023/335/903
f 1026/338/906 1024/336/904 1023/335/903
f 1025/337/905 1027/339/907 1026/338/906
f 1013/325/893 1027/339/907 1025/337/905
f 1026/338/906 1028/340/908 1024/336/904
f 1013/325/893 1029/341/909 1027/339/907
f 1019/331/899 1021/333/901 1030/344/910
f 1019/331/899 1030/344/910 1031/345/911
f 1019/331/899 1032/346/912 1018/330/898
f 1019/331/899 1031/345/911 1032/346/912
f 1033/347/913 1031/345/911 1030/344/910
f 1032/346/912 1031/345/911 1033/347/913
f 1018/330/898 1032/346/912 1009/320/889
f 1009/320/889 1032/346/912 1034/348/914
f 1009/320/889 1034/348/914 1035/319/887
f 1032/346/912 1036/347/913 1034/348/914
f 1037/342/915 1027/339/916 1038/341/917
f 1037/342/915 1038/341/917 1039/343/918
f 1029/341/909 1012/324/892 1040/349/919
f 1029/341/909 1013/325/893 1012/324/892
f 1041/349/920 1012/324/892 1015/327/895
f 1042/349/921 1015/327/922 1043/350/923
f 1044/351/924 1045/353/925 1046/352/926
f 1044/351/924 1046/352/926 1047/354/927
f 1047/354/927 1046/352/926 1048/355/928
f 1045/353/925 1044/351/924 1049/356/929
f 1045/353/925 1049/356/929 1050/357/930
f 1046/352/926 1045/353/925 1051/358/931
f 1046/352/926 1051/358/931 1052/361/932
f 1053/360/933 1046/352/926 1052/361/932
f 1046/352/926 1054/359/934 1048/355/928
f 1046/352/926 1053/360/933 1054/359/934
f 1055/372/935 1051/358/931 1045/353/925
f 1055/372/935 1045/353/925 1050/357/930
f 1056/370/936 1051/358/931 1055/372/935
f 1057/363/937 1055/372/935 1050/357/930
f 1055/372/935 1057/363/937 1058/370/938
f 1057/363/937 1050/357/930 1059/362/939
f 1049/356/929 1059/362/939 1050/357/930
f 1057/363/937 1059/362/939 1060/364/598
f 1061/365/940 1060/364/598 1059/362/939
f 1061/365/940 1059/362/939 1049/356/929
f 1062/366/600 1057/363/937 1060/364/598
f 1062/366/600 1063/367/941 1057/363/937
f 1057/363/937 1063/367/941 1064/368/942
f 1057/363/937 1064/368/942 1058/370/938
f 1064/368/942 1063/367/941 1065/369/943
f 1066/370/944 1064/368/942 1065/369/943
f 1067/371/945 1063/367/941 1062/366/600
f 1068/371/946 1065/369/943 1063/367/941
f 1061/365/940 1049/356/929 1069/374/947
f 1061/365/940 1069/374/947 1070/373/948
f 1070/373/948 1069/374/947 1071/375/949
f 1070/373/948 1071/375/949 1072/376/950
f 1072/376/950 1071/375/949 1073/377/951
f 1074/378/952 1073/377/951 1071/375/949
f 1073/377/951 1074/378/952 1075/379/953
f 1073/377/951 1075/379/953 1076/380/954
f 1077/381/955 1073/377/951 1076/380/954
f 1073/377/951 1077/381/955 1078/382/956
f 1072/376/950 1073/377/951 1078/382/956
f 1044/351/924 1069/374/947 1049/356/929
f 1044/351/924 1079/383/957 1069/374/947
f 1080/384/958 1071/375/949 1069/374/947
f 1080/384/958 1069/374/947 1079/383/957
f 1080/384/958 1079/383/957 1081/385/959
f 1044/351/924 1081/385/959 1079/383/957
f 1080/384/958 1081/385/959 1082/386/960
f 1082/386/960 1081/385/959 1083/387/961
f 1083/387/961 1084/388/962 1082/386/960
f 1084/388/962 1080/384/958 1082/386/960
f 1083/387/961 1085/389/963 1084/388/962
f 1084/388/962 1085/389/963 1086/390/964
f 1084/388/962 1086/390/964 1087/391/965
f 1087/391/965 1088/392/966 1084/388/962
f 1087/391/965 1089/393/967 1088/392/966
f 1044/351/924 1047/354/927 1081/385/959
f 1084/388/962 1090/394/968 1080/384/958
f 1084/388/962 1088/392/966 1090/394/968
f 1047/354/927 1091/395/969 1081/385/959
f 1081/385/959 1091/395/969 1083/387/961
f 1092/396/970 1093/398/971 1094/397/972
f 1095/399/973 1093/398/971 1092/396/970
f 1093/398/971 1095/399/973 1096/400/974
f 1093/398/971 1096/400/974 1097/401/975
f 1096/400/974 1098/402/976 1097/401/975
f 1097/401/975 1098/402/976 1099/403/977
f 1100/404/978 1093/398/971 1097/401/975
f 1093/398/971 1100/404/978 1101/405/979
f 1097/401/975 1102/406/980 1100/404/978
f 1097/401/975 1099/403/977 1102/406/980
f 1102/406/980 1099/403/977 1103/407/981
f 1104/408/982 1098/402/976 1096/400/974
f 1104/408/982 1105/409/983 1098/402/976
f 1106/410/984 1105/409/983 1104/408/982
f 1106/410/984 1107/411/985 1105/409/983
f 1108/412/986 1107/411/985 1106/410/984
f 1108/412/986 1109/413/987 1107/411/985
f 1102/406/980 1110/414/988 1100/404/978
f 1102/406/980 1111/415/989 1110/414/988
f 1111/415/989 1112/416/990 1110/414/988
f 1111/415/989 1113/417/991 1112/416/990
f 1112/416/990 1113/417/991 1114/418/992
f 1115/419/993 1112/416/990 1114/418/992
f 1116/420/994 1112/416/990 1115/419/993
f 1110/414/988 1112/416/990 1116/420/994
f 1114/418/992 1113/417/991 1117/421/995
f 1110/414/988 1116/420/994 1118/422/996
f 1119/423/997 1116/420/998 1120/424/999
f 1121/425/1000 1119/423/997 1120/424/999
f 1121/425/1000 1120/424/999 1122/426/1001
f 1123/427/1002 1121/425/1000 1122/426/1001
f 1124/428/1003 1121/425/1000 1123/427/1002
f 1121/425/1000 1124/428/1003 1119/423/997
f 1124/428/1003 1123/427/1002 1125/429/1004
f 1123/427/1002 1122/426/1001 1126/430/995
f 1125/429/1004 1127/431/1005 1124/428/1003
f 1124/428/1003 1127/431/1005 1128/432/1006
f 1124/428/1003 1128/432/1006 1129/433/1007
f 1119/423/997 1124/428/1003 1129/433/1007
f 1129/433/1007 1130/422/1008 1119/423/997
f 1131/405/1009 1130/422/1008 1129/433/1007
f 1128/432/1006 1131/405/1009 1129/433/1007
f 1123/427/1002 1126/430/995 1132/434/1010
f 1123/427/1002 1132/434/1010 1133/435/989
f 1134/429/1011 1123/427/1002 1133/435/989
f 1134/429/1011 1133/435/989 1135/436/1012
f 1094/397/1013 1131/405/1009 1128/432/1006
f 1128/432/1006 1127/431/1005 1136/437/1014
f 1137/438/1015 1136/437/1014 1127/431/1005
f 1137/438/1015 1127/431/1005 1138/439/1016
f 1139/429/1017 1138/439/1016 1127/431/1005
f 1140/440/1018 1138/439/1016 1139/429/1017
f 1138/439/1016 1140/440/1018 1141/441/1019
f 1138/439/1016 1141/441/1019 1142/442/1020
f 1138/439/1016 1142/442/1020 1143/443/1021
f 1137/438/1015 1138/439/1016 1143/443/1021
f 1144/444/1022 1143/443/1021 1142/442/1020
f 1143/443/1021 1144/444/1022 1145/445/1023
f 1143/443/1021 1145/445/1023 1146/446/1024
f 1147/447/1025 1143/443/1021 1146/446/1024
f 1145/445/1023 1147/447/1025 1146/446/1024
f 1145/445/1023 1148/448/1026 1147/447/1025
f 1144/444/1022 1142/442/1020 1149/449/1027
f 1145/445/1023 1144/444/1022 1150/450/1028
f 1145/445/1023 1150/450/1028 1151/451/1029
f 1148/448/1026 1145/445/1023 1151/451/1029
f 1151/451/1029 1150/450/1028 1152/452/1030
f 1151/451/1029 1152/452/1030 1153/453/1031
f 1148/448/1026 1151/451/1029 1154/454/1032
f 1154/454/1032 1151/451/1029 1153/453/1031
f 1154/454/1032 1153/453/1031 1155/455/1033
f 1156/456/1034 1152/452/1030 1150/450/1028
f 1156/456/1034 1150/450/1028 1157/457/1035
f 1157/457/1035 1150/450/1028 1144/444/1022
f 1157/457/1035 1144/444/1022 1149/449/1027
f 1137/438/1015 1143/443/1021 1158/458/1036
f 1159/459/1037 1160/461/1038 1161/460/1039
f 1159/459/1037 1162/462/1040 1160/461/1038
f 1139/429/1017 1159/459/1037 1161/460/1039
f 1139/429/1017 1161/460/1039 1140/440/1018
f 1161/460/1039 1160/461/1038 1163/463/1041
f 1161/460/1039 1163/463/1041 1164/464/1042
f 1140/440/1018 1161/460/1039 1164/464/1042
f 1140/440/1018 1164/464/1042 1141/441/1019
f 1159/459/1037 1165/465/1043 1162/462/1040
f 1159/459/1037 1166/466/1044 1165/465/1043
f 1167/429/1045 1166/466/1044 1159/459/1037
f 1167/429/1045 1168/436/980 1166/466/1044
f 1169/422/1046 1170/420/1047 1119/423/1048
f 1100/404/978 1118/422/1008 1101/405/979
f 1100/404/978 1110/414/988 1171/422/1008
f 1172/467/1049 1173/469/1050 1174/468/1051
f 1172/467/1049 1175/470/1038 1173/469/1050
f 1176/471/1052 1172/467/1049 1174/468/1051
f 1176/471/1052 1174/468/1051 1177/472/1053
f 1102/406/980 1176/471/1052 1177/472/1053
f 1103/407/981 1176/471/1052 1102/406/980
f 1094/397/972 1093/398/971 1178/405/1009
f 1094/397/1013 1128/432/1006 1179/473/1054
f 1128/432/1006 1136/437/1014 1179/473/1054
f 1180/397/1055 1179/473/1056 1181/474/1057
f 1182/475/1058 1180/397/1055 1181/474/1057
f 1182/475/1058 1092/396/1059 1180/397/1055
f 1183/476/1060 1008/321/888 1184/319/887
f 1183/476/1060 1185/477/1061 1008/321/888
f 1185/477/1061 1016/328/896 1008/321/888
f 1186/478/1062 1187/481/1063 1188/480/1064
f 1186/478/1062 1188/480/1064 1189/479/1065
f 1189/479/1065 1188/480/1064 1190/482/1066
f 1189/479/1065 1190/482/1066 1191/483/1067
f 1188/480/1064 1187/481/1063 1192/484/1068
f 1187/481/1063 1193/485/1069 1192/484/1068
f 1188/480/1064 1192/484/1068 1194/486/1070
f 1188/480/1064 1195/487/1071 1190/482/1066
f 1188/480/1064 1194/486/1070 1195/487/1071
f 1196/488/1072 1195/487/1071 1194/486/1070
f 1190/482/1066 1195/487/1071 1196/488/1072
f 1196/488/1072 1194/486/1070 1197/489/1073
f 1190/482/1066 1196/488/1072 1198/490/1074
f 1199/483/1075 1190/482/1066 1198/490/1074
f 1199/483/1075 1198/490/1074 1200/491/1076
f 1200/491/1076 1198/490/1074 1201/492/1077
f 1200/491/1076 1201/492/1077 1202/493/1078
f 1201/492/1077 1198/490/1074 1203/494/1079
f 1198/490/1074 1196/488/1072 1204/495/1080
f 1204/495/1080 1205/496/1081 1198/490/1074
f 1196/488/1072 1205/496/1081 1204/495/1080
f 1196/488/1072 1197/489/1073 1205/496/1081
f 1198/490/1074 1205/496/1081 1203/494/1079
f 1201/492/1082 1206/494/1083 1207/497/1084
f 1208/498/1085 1209/496/1086 1210/499/1087
f 1211/500/1088 1209/496/1086 1208/498/1085
f 1211/500/1088 1212/494/1079 1209/496/1086
f 1213/501/1084 1212/494/1079 1211/500/1088
f 910/525/799 1214/527/1089 1215/535/784
f 1215/535/784 1216/534/1090 910/525/799
f 1217/538/790 1216/534/1090 1215/535/784
f 1218/539/1091 1216/534/1090 1217/538/790
f 910/525/799 1216/534/1090 912/504/801
f 1214/527/1092 907/526/1093 1219/536/1094
f 1219/536/1094 907/526/1093 1220/537/1095
f 1221/537/1096 907/526/1097 1222/533/1098
f 1223/533/1099 907/526/795 896/532/797
f 1224/347/1100 1030/344/1101 1225/547/1102
f 1226/548/1103 1227/550/1104 1228/549/1105
f 1228/549/1105 1227/550/1104 1229/551/1106
f 1230/552/1107 1231/554/1108 1232/553/1109
f 1232/553/1109 1231/554/1108 1233/549/1110
f 1234/548/1111 1233/549/1110 1231/554/1108
f 1235/555/1112 987/299/867 1236/556/1113
f 990/302/870 987/299/867 1235/555/1112
f 1236/556/1113 987/299/867 994/306/874
