# Blender 5.1.2
# www.blender.org
mtllib monstro0011.mtl
o Object_33
v 4.565014 -132.905014 81.523972
v 4.338254 -132.559113 81.425369
v 6.325670 -132.440353 81.552483
v 6.325670 -132.918106 81.552483
v 7.102668 -132.467285 81.580780
v 7.102668 -132.936066 81.580780
v 4.604606 -132.289001 81.881615
v 5.673593 -132.345871 81.938492
v 7.098910 -132.480667 81.850616
v 7.098910 -132.718765 81.968033
v 5.673593 -132.678268 82.065178
v 4.188889 -132.890106 81.536995
v 7.098910 -132.925232 81.850616
v 5.354472 -133.015778 81.832832
v 7.098910 -132.718765 81.968033
v 5.673593 -132.678268 82.065178
v 4.604605 -132.949631 81.941986
v 4.228481 -132.949234 81.966881
v 2.392396 -133.100464 81.685524
v 3.052271 -133.067551 82.195854
v 1.939022 -133.067551 82.412827
v 4.416542 -132.597885 82.148407
v 3.241556 -132.678268 82.294983
v 2.372585 -132.678268 82.496277
v 2.392396 -132.244522 81.606728
v 1.900582 -132.319397 81.549591
v 1.900582 -133.096832 81.549591
v 1.605497 -133.076324 82.409904
v 1.939022 -132.346130 82.464088
v 3.052271 -132.289001 82.107231
v 2.372585 -132.678268 82.496277
v 3.241556 -132.678268 82.294983
v 4.151087 -132.272736 81.893082
v 4.416542 -132.597885 82.148407
v 1.633513 -132.371201 81.323006
v 1.526906 -133.167282 81.323006
v 1.605497 -132.325760 82.426895
v 1.942397 -132.678268 82.536102
v 1.607806 -132.678268 82.516968
v 4.379998 -132.272202 81.886894
v 0.619154 -132.449768 68.875793
v 0.414365 -132.308167 71.593933
v 0.935154 -132.266754 71.382149
v 0.993650 -132.513153 73.058838
v 0.487022 -132.523544 72.977684
v 0.994998 -132.511032 73.598366
v 0.464458 -132.539154 73.509979
v 1.172612 -133.127411 73.350433
v 1.172613 -133.171326 73.623421
v 1.172612 -133.095306 73.087509
v 0.308060 -133.138672 73.254631
v 0.308060 -133.095306 72.949013
v 0.740336 -133.327408 73.018265
v 0.740336 -133.369629 73.285431
v 1.172612 -133.095306 73.087509
v 1.172612 -133.127411 73.350433
v 0.740337 -133.412094 73.554169
v 1.172613 -133.171326 73.623421
v 0.308061 -133.171326 73.484924
v 0.830301 -133.629517 76.088402
v 0.306055 -133.237137 76.277496
v 1.230235 -133.237137 76.416039
v 0.334208 -132.405548 76.120567
v 0.012404 -133.560760 76.376801
v 0.012404 -132.527084 76.250900
v 1.165215 -132.951279 71.227577
v 0.715179 -133.245193 71.333466
v 0.333095 -132.951279 71.439354
v 0.619154 -133.154327 68.875793
v 0.372845 -132.879669 68.875793
v 0.619154 -132.449768 68.875793
v 0.619154 -133.154327 68.875793
v 1.294992 -132.310837 76.166573
v 1.294992 -132.310837 76.166573
v 1.294992 -132.310837 76.166573
v 1.230235 -133.237137 76.416039
v 0.968926 -133.528076 78.856369
v 0.846803 -133.735321 77.065964
v 1.250908 -133.261337 77.246635
v 0.012404 -134.118225 78.877609
v 0.012404 -133.861694 76.941177
v 1.115779 -132.679794 78.887535
v 1.245259 -132.425232 77.246635
v 1.230235 -133.237137 76.416039
v 0.012404 -133.560760 76.376801
v 0.306055 -133.237137 76.277496
v 0.830301 -133.629517 76.088402
v 0.760325 -132.216232 77.589539
v 0.831511 -132.105301 77.072639
v 0.012404 -132.278580 77.794662
v 0.012404 -132.310715 78.877609
v 0.012404 -132.254700 76.695053
v 0.193570 -132.208344 76.437347
v 0.899084 -132.132019 76.541748
v 0.334208 -132.405548 76.120567
v 1.294992 -132.310837 76.166573
v 0.012404 -132.527084 76.250900
v 0.012404 -132.527084 76.250900
v 1.280284 -132.421356 77.007362
v 1.294992 -132.310837 76.166573
v 1.294992 -132.310837 76.166573
v 0.012404 -132.197815 79.766899
v 1.178962 -132.571777 79.716705
v 1.633513 -132.371201 81.323006
v 0.012404 -131.796722 81.336067
v 0.966596 -132.178238 82.548309
v 1.605497 -132.325760 82.426895
v 1.607806 -132.678268 82.516968
v 0.957743 -132.678268 82.564018
v 0.467534 -132.733658 82.711540
v 0.012404 -132.288986 82.641838
v 1.050097 -133.475220 79.716705
v 1.526906 -133.167282 81.323006
v 0.542687 -133.922379 79.783081
v 0.871952 -133.728806 81.226639
v 0.012404 -133.906128 81.418457
v 0.966596 -133.067551 82.416367
v 0.012404 -133.111694 82.547127
v 0.467534 -132.733658 82.711540
v 0.957743 -132.678268 82.564018
v 1.605497 -133.076324 82.409904
v 1.607806 -132.678268 82.516968
v 1.900582 -133.096832 81.549591
v 0.012404 -134.090424 79.786514
v 7.304121 -132.976486 81.539520
v 7.304121 -132.432266 81.539520
v 7.452557 -132.662125 81.548004
v 7.471015 -132.844849 81.398323
v 7.696621 -132.936188 81.390800
v 7.722791 -132.771652 81.550415
v 7.814222 -132.987167 81.503250
v 7.732298 -133.018936 81.643456
v 7.998094 -132.651062 81.764587
v 7.924614 -132.317245 81.640755
v 8.008974 -132.868790 81.784622
v 8.016235 -133.040833 81.797997
v 7.952839 -132.976318 81.351234
v 7.976388 -133.031403 81.470039
v 8.094219 -132.966843 81.358345
v 8.104343 -133.019913 81.451134
v 8.187252 -133.033829 81.308746
v 8.197563 -133.087860 81.403229
v 8.153023 -132.647873 81.636078
v 8.201752 -132.844437 81.635910
v 8.200872 -132.660660 81.448280
v 8.219378 -132.841660 81.454140
v 8.336580 -132.645706 81.376869
v 8.252338 -132.421677 81.386719
v 8.151924 -132.412354 81.434792
v 8.352680 -132.813370 81.379700
v 8.087557 -132.318771 81.625534
v 8.194149 -132.314926 81.691910
v 8.252338 -132.421677 81.386719
v 8.348555 -132.648483 81.680092
v 8.336580 -132.645706 81.376869
v 8.341963 -132.848007 81.679138
v 8.046482 -132.672836 81.948761
v 8.044224 -132.872360 81.942497
v 8.352680 -132.813370 81.379700
v 7.304121 -132.709824 81.981804
v 7.304121 -132.432266 81.840729
v 7.963366 -132.302612 81.818100
v 8.087557 -132.318771 81.625534
v 7.924614 -132.317245 81.640755
v 8.219378 -132.841660 81.454140
v 8.201752 -132.844437 81.635910
v 8.044224 -132.872360 81.942497
v 8.008974 -132.868790 81.784622
v 7.098910 -132.718765 81.968033
v 7.098910 -132.925232 81.850616
v 7.304121 -132.976486 81.828369
v 8.044224 -132.872360 81.942497
v 8.042400 -133.033569 81.937431
v 8.016235 -133.040833 81.797997
v 7.732298 -133.018936 81.643456
v 7.304121 -132.976486 81.539520
v 7.704122 -133.117828 81.460487
v 7.670760 -133.044693 81.334610
v 7.422751 -132.983292 81.389915
v 7.471015 -132.844849 81.398323
v 7.696621 -132.936188 81.390800
v 7.814222 -132.987167 81.503250
v 7.961060 -133.152039 81.418671
v 7.930259 -133.077530 81.288940
v 8.197563 -133.087860 81.403229
v 8.187252 -133.033829 81.308746
v 7.952839 -132.976318 81.351234
v 8.094219 -132.966843 81.358345
v 8.104343 -133.019913 81.451134
v 7.976388 -133.031403 81.470039
v 7.102668 -132.936066 81.580780
v 8.393637 -132.844879 81.783943
v 8.388773 -133.006104 81.781639
v 8.486700 -132.989838 81.489441
v 8.490694 -132.861145 81.487854
v 8.346937 -133.003601 81.520737
v 8.271900 -133.013351 81.701218
v 8.335295 -132.851074 81.527557
v 8.257322 -132.841324 81.696854
v 8.044224 -132.872360 81.942497
v 8.008974 -132.868790 81.784622
v 8.087557 -132.318771 81.625534
v 8.151924 -132.412354 81.434792
v 8.087557 -132.318771 81.625534
v 8.346937 -133.003601 81.520737
v 8.335295 -132.851074 81.527557
v 8.490694 -132.861145 81.487854
v 8.486700 -132.989838 81.489441
v 8.271900 -133.013351 81.701218
v 8.257322 -132.841324 81.696854
v 7.924614 -132.317245 81.640755
v 7.098910 -132.480667 81.850616
v 7.304121 -132.432266 81.539520
v 7.102668 -132.467285 81.580780
v 7.102668 -132.936066 81.580780
v 0.881024 -132.879669 68.875793
v 0.619154 -132.449768 68.875793
v 1.165215 -132.951279 71.227577
v 0.619154 -132.449768 68.875793
v 0.881024 -132.879669 68.875793
v 0.881024 -132.879669 68.505905
v 0.619154 -132.449768 68.505905
v 0.619154 -133.228241 68.523651
v 0.619154 -133.154327 68.875793
v 0.905084 -132.523376 67.862648
v 0.619154 -132.354263 67.868217
v 1.063068 -134.537628 67.862648
v 0.780535 -134.328842 68.173485
v 0.426572 -134.625900 68.047722
v 0.394534 -134.811234 67.910217
v 0.357284 -132.879669 68.505905
v 0.619154 -133.154327 68.875793
v 0.372845 -132.879669 68.875793
v 0.619154 -132.449768 68.505905
v 0.619154 -132.449768 68.875793
v 0.336893 -132.543274 67.862648
v 0.265768 -134.507355 68.073181
v 0.130052 -134.634689 67.862648
v 0.619154 -132.354263 67.868217
v 0.336893 -132.543274 67.862648
v 1.063068 -134.537628 67.862648
v 0.394534 -134.811234 67.910217
v 0.130052 -134.634689 67.862648
v 0.905084 -132.523376 67.862648
v 0.336893 -132.543274 67.862648
v 0.619154 -132.354263 67.868217
v 0.405199 -133.561996 83.966873
v 0.310331 -133.536453 83.667122
v 0.704464 -133.208313 83.822868
v 0.152816 -133.639984 83.902161
v 0.012404 -133.697296 83.667122
v 0.012404 -133.636566 83.628479
v 0.012404 -133.675201 83.821686
v 0.012404 -133.802536 83.920486
v 0.599341 -133.406342 84.225418
v 0.780101 -133.212219 84.501984
v 0.081631 -133.638153 84.178062
v 0.012404 -133.712006 84.108688
v 0.012404 -133.653183 84.311424
v 0.344696 -133.614853 84.239166
v 0.372842 -133.648376 84.430214
v 0.012404 -133.688522 84.457870
v 0.012404 -133.677429 84.637306
v 0.372842 -133.629730 84.653969
v 0.012404 -133.404358 85.181091
v 0.644279 -133.357361 84.980812
v 0.668668 -132.680145 85.130341
v 0.829423 -132.693283 84.495117
v 0.676726 -132.778183 83.826881
v 0.350000 -133.358963 83.234306
v 0.458957 -132.767426 83.215637
v 0.012404 -133.099030 83.176239
v 0.674152 -132.173843 84.400513
v 0.012404 -131.828552 84.815338
v 0.012404 -131.939865 83.860649
v 0.644992 -132.369202 83.821320
v 0.012404 -132.351837 83.319336
v 0.012404 -132.351837 83.319336
v 0.012404 -132.288986 82.641838
v 0.271007 -133.516525 83.574463
v 0.012404 -133.580765 83.166397
v 0.012404 -133.099030 83.176239
v 0.012404 -133.111694 82.547127
v 0.467534 -132.733658 82.711540
v 0.012404 -133.640717 83.473259
v 0.012404 -133.613129 83.542259
v 0.467534 -132.733658 82.711540
v 0.012404 -132.288986 82.641838
v -0.434149 -132.767426 83.215637
v -0.620183 -132.369202 83.821320
v -0.651917 -132.778183 83.826881
v -0.325192 -133.358963 83.234306
v 0.012404 -133.099030 83.176239
v -0.679655 -133.208313 83.822868
v -0.804614 -132.693283 84.495117
v -0.755293 -133.212219 84.501984
v -0.574532 -133.406342 84.225418
v -0.380390 -133.561996 83.966873
v -0.285523 -133.536453 83.667122
v -0.128008 -133.639984 83.902161
v 0.012404 -133.697296 83.667122
v 0.012404 -133.636566 83.628479
v 0.012404 -133.675201 83.821686
v 0.012404 -133.802536 83.920486
v -0.056822 -133.638153 84.178062
v 0.012404 -133.712006 84.108688
v 0.012404 -133.653183 84.311424
v -0.319888 -133.614853 84.239166
v -0.348034 -133.648376 84.430214
v 0.012404 -133.688522 84.457870
v 0.012404 -133.677429 84.637306
v -0.348034 -133.629730 84.653969
v -0.619471 -133.357361 84.980812
v -0.643859 -132.680145 85.130341
v -0.649343 -132.173843 84.400513
v 0.012404 -131.828552 84.815338
v 0.012404 -131.939865 83.860649
v 0.012404 -132.351837 83.319336
v -0.322313 -133.379333 85.102745
v -0.459236 -132.805405 85.302948
v -0.643859 -132.680145 85.130341
v 0.012404 -132.245300 85.295799
v 0.012404 -131.828552 84.815338
v 0.012404 -133.404358 85.181091
v 0.012404 -132.919510 85.405190
v 0.012404 -132.245300 85.295799
v 0.012404 -132.245300 85.295799
v 0.668668 -132.680145 85.130341
v 0.484045 -132.805405 85.302948
v 0.347122 -133.379333 85.102745
v 0.012404 -132.919510 85.405190
v 0.012404 -132.245300 85.295799
v 0.012404 -133.802536 83.920486
v 0.012404 -133.805237 83.956894
v 0.012404 -133.712006 84.108688
v 0.619154 -133.154327 68.875793
v 0.881024 -132.879669 68.875793
v 0.012404 -132.676636 83.603111
v 0.704464 -133.208313 83.822868
v 0.012404 -133.636566 83.628479
v 0.310331 -133.536453 83.667122
v 0.012404 -133.613129 83.542259
v 0.271007 -133.516525 83.574463
v 0.012404 -133.422791 83.322845
v 0.704464 -133.208313 83.822868
v 0.012404 -132.676636 83.603111
v 1.942397 -132.678268 82.536102
v 1.607806 -132.678268 82.516968
v -4.540206 -132.904984 81.523941
v -6.300860 -132.918076 81.552452
v -6.300860 -132.440323 81.552452
v -4.313445 -132.559067 81.425354
v -7.077860 -132.467255 81.580750
v -7.077861 -132.936035 81.580750
v -4.579795 -132.288956 81.881599
v -5.648786 -132.345840 81.938461
v -7.074100 -132.480637 81.850586
v -7.074100 -132.718735 81.968002
v -5.648786 -132.678238 82.065147
v -4.164080 -132.890076 81.536972
v -7.074100 -132.925201 81.850586
v -5.329665 -133.015747 81.832802
v -7.074100 -132.718735 81.968002
v -5.648786 -132.678238 82.065147
v -4.579799 -132.949600 81.941956
v -4.203672 -132.949203 81.966858
v -2.367586 -133.100433 81.685501
v -3.027462 -133.067520 82.195831
v -1.914213 -133.067520 82.412804
v -4.391735 -132.597839 82.148392
v -3.216747 -132.678238 82.294952
v -2.347774 -132.678238 82.496254
v -2.367586 -132.244492 81.606705
v -1.875772 -132.319366 81.549568
v -1.875772 -133.096802 81.549568
v -1.580689 -133.076309 82.409889
v -1.914213 -132.346100 82.464066
v -3.027462 -132.288971 82.107208
v -2.347774 -132.678238 82.496254
v -3.216747 -132.678238 82.294952
v -4.126278 -132.272705 81.893059
v -4.391735 -132.597839 82.148392
v -1.608704 -132.371185 81.322998
v -1.502098 -133.167267 81.322998
v -1.580689 -132.325745 82.426880
v -1.917587 -132.678238 82.536079
v -1.582998 -132.678253 82.516953
v -4.355187 -132.272156 81.886879
v -0.594346 -132.449753 68.875793
v -0.910346 -132.266739 71.382149
v -0.389556 -132.308151 71.593925
v -0.968841 -132.513138 73.058838
v -0.462213 -132.523529 72.977684
v -0.970189 -132.511002 73.598358
v -0.439649 -132.539124 73.509972
v -1.147803 -133.127396 73.350426
v -1.147804 -133.171295 73.623413
v -1.147803 -133.095291 73.087509
v -0.283251 -133.138657 73.254623
v -0.283252 -133.095291 72.949013
v -0.715527 -133.327393 73.018265
v -0.715527 -133.369614 73.285423
v -1.147803 -133.095291 73.087509
v -1.147803 -133.127396 73.350426
v -0.715528 -133.412064 73.554161
v -1.147804 -133.171295 73.623413
v -0.283251 -133.171295 73.484917
v -0.805492 -133.629486 76.088394
v -0.281246 -133.237106 76.277489
v -1.205426 -133.237106 76.416031
v -0.309400 -132.405533 76.120560
v -1.140407 -132.951263 71.227577
v -0.690371 -133.245178 71.333466
v -0.308287 -132.951263 71.439354
v -0.594346 -133.154312 68.875793
v -0.348036 -132.879654 68.875793
v -0.594346 -132.449753 68.875793
v -0.594346 -133.154312 68.875793
v 0.012404 -133.560760 76.376801
v -0.309400 -132.405533 76.120560
v 0.012404 -132.527084 76.250900
v -1.270182 -132.393051 76.156235
v -1.270182 -132.393051 76.156235
v -1.270182 -132.393051 76.156235
v -1.205426 -133.237106 76.416031
v -0.944117 -133.528076 78.856369
v -1.226099 -133.261337 77.246635
v -0.821995 -133.735321 77.065964
v 0.012404 -134.118225 78.877609
v 0.012404 -133.861694 76.941177
v -1.090970 -132.679794 78.887535
v -1.220450 -132.425232 77.246635
v -1.205426 -133.237106 76.416031
v -0.805492 -133.629486 76.088394
v -0.281246 -133.237106 76.277489
v 0.012404 -133.560760 76.376801
v -1.259399 -132.421356 77.014854
v -1.270182 -132.393051 76.156235
v -0.806702 -132.105301 77.072639
v -1.270182 -132.393051 76.156235
v -0.735517 -132.216232 77.589539
v 0.012404 -132.278580 77.794662
v 0.012404 -132.310715 78.877609
v 0.012404 -132.254700 76.695053
v -0.168761 -132.208344 76.437347
v -0.874276 -132.132019 76.541748
v -0.309400 -132.405533 76.120560
v -1.270182 -132.393051 76.156235
v 0.012404 -132.527084 76.250900
v 0.012404 -132.527084 76.250900
v -1.154153 -132.571777 79.716705
v 0.012404 -132.197815 79.766899
v -1.608704 -132.371185 81.322998
v 0.012404 -131.796722 81.336067
v -0.941788 -132.178223 82.548302
v -1.580689 -132.325745 82.426880
v -1.582998 -132.678253 82.516953
v -0.932935 -132.678253 82.564003
v -0.442726 -132.733658 82.711540
v 0.012404 -132.288986 82.641838
v -1.025290 -133.475220 79.716705
v -1.502098 -133.167267 81.322998
v -0.517879 -133.922379 79.783081
v -0.847144 -133.728790 81.226631
v 0.012404 -133.906128 81.418457
v -0.941788 -133.067535 82.416359
v 0.012404 -133.111694 82.547127
v -0.442726 -132.733658 82.711540
v -0.932935 -132.678253 82.564003
v -1.580689 -133.076309 82.409889
v -1.582998 -132.678253 82.516953
v -1.875772 -133.096802 81.549568
v 0.012404 -134.090424 79.786514
v -7.279314 -132.976471 81.539482
v -7.427750 -132.662109 81.547966
v -7.279313 -132.432251 81.539482
v -7.446208 -132.844833 81.398285
v -7.671814 -132.936172 81.390762
v -7.697984 -132.771637 81.550377
v -7.789415 -132.987152 81.503204
v -7.707491 -133.018921 81.643417
v -7.973287 -132.651047 81.764542
v -7.899807 -132.317230 81.640717
v -7.984167 -132.868774 81.784584
v -7.991427 -133.040817 81.797958
v -7.928032 -132.976303 81.351196
v -7.951581 -133.031387 81.470001
v -8.069410 -132.966827 81.358307
v -8.079535 -133.019897 81.451096
v -8.162444 -133.033813 81.308708
v -8.172755 -133.087845 81.403191
v -8.128216 -132.647858 81.636040
v -8.176944 -132.844421 81.635872
v -8.176064 -132.660645 81.448242
v -8.194570 -132.841644 81.454102
v -8.311772 -132.645691 81.376831
v -8.227530 -132.421661 81.386681
v -8.127116 -132.412338 81.434753
v -8.327873 -132.813354 81.379662
v -8.062750 -132.318756 81.625496
v -8.169342 -132.314911 81.691872
v -8.227530 -132.421661 81.386681
v -8.323747 -132.648468 81.680054
v -8.311772 -132.645691 81.376831
v -8.317156 -132.847992 81.679100
v -8.021675 -132.672821 81.948723
v -8.019417 -132.872345 81.942459
v -8.327873 -132.813354 81.379662
v -7.279314 -132.709808 81.981766
v -7.279313 -132.432251 81.840691
v -7.938558 -132.302597 81.818062
v -8.062750 -132.318756 81.625496
v -7.899807 -132.317230 81.640717
v -8.194570 -132.841644 81.454102
v -8.176944 -132.844421 81.635872
v -8.019417 -132.872345 81.942459
v -7.984167 -132.868774 81.784584
v -7.074100 -132.718735 81.968002
v -7.074100 -132.925201 81.850586
v -7.279314 -132.976471 81.828331
v -8.019417 -132.872345 81.942459
v -8.017591 -133.033554 81.937393
v -7.991427 -133.040817 81.797958
v -7.707491 -133.018921 81.643417
v -7.279314 -132.976471 81.539482
v -7.679315 -133.117813 81.460449
v -7.645953 -133.044678 81.334572
v -7.397944 -132.983276 81.389877
v -7.446208 -132.844833 81.398285
v -7.671814 -132.936172 81.390762
v -7.789415 -132.987152 81.503204
v -7.936253 -133.152023 81.418633
v -7.905452 -133.077515 81.288902
v -8.172755 -133.087845 81.403191
v -8.162444 -133.033813 81.308708
v -7.928032 -132.976303 81.351196
v -8.069410 -132.966827 81.358307
v -8.079535 -133.019897 81.451096
v -7.951581 -133.031387 81.470001
v -7.077861 -132.936035 81.580750
v -8.368830 -132.844864 81.783905
v -8.461892 -132.989822 81.489403
v -8.363965 -133.006088 81.781601
v -8.465886 -132.861130 81.487816
v -8.322128 -133.003586 81.520699
v -8.247092 -133.013336 81.701180
v -8.310487 -132.851059 81.527512
v -8.232514 -132.841309 81.696815
v -8.019417 -132.872345 81.942459
v -7.984167 -132.868774 81.784584
v -8.062750 -132.318756 81.625496
v -8.127116 -132.412338 81.434753
v -8.062750 -132.318756 81.625496
v -8.322128 -133.003586 81.520699
v -8.465886 -132.861130 81.487816
v -8.310487 -132.851059 81.527512
v -8.461892 -132.989822 81.489403
v -8.247092 -133.013336 81.701180
v -8.232514 -132.841309 81.696815
v -7.899807 -132.317230 81.640717
v -7.074100 -132.480637 81.850586
v -7.279313 -132.432251 81.539482
v -7.077860 -132.467255 81.580750
v -7.077861 -132.936035 81.580750
v -0.856215 -132.879654 68.875793
v -0.594346 -132.449753 68.875793
v -1.140407 -132.951263 71.227577
v -0.594346 -132.449753 68.875793
v -0.594346 -132.449753 68.505898
v -0.856215 -132.879654 68.505898
v -0.856215 -132.879654 68.875793
v -0.594346 -133.228226 68.523643
v -0.594346 -133.154312 68.875793
v -0.880275 -132.523361 67.862640
v -0.594346 -132.354248 67.868210
v -1.038260 -134.537613 67.862640
v -0.755726 -134.328827 68.173477
v -0.401764 -134.625885 68.047714
v -0.369725 -134.811218 67.910210
v -0.332474 -132.879654 68.505898
v -0.594346 -133.154312 68.875793
v -0.348036 -132.879654 68.875793
v -0.594346 -132.449753 68.505898
v -0.594346 -132.449753 68.875793
v -0.312085 -132.543259 67.862640
v -0.240959 -134.507339 68.073174
v -0.105244 -134.634674 67.862640
v -0.312085 -132.543259 67.862640
v -0.594346 -132.354248 67.868210
v -1.038260 -134.537613 67.862640
v -0.105244 -134.634674 67.862640
v -0.369725 -134.811218 67.910210
v -0.880275 -132.523361 67.862640
v -0.312085 -132.543259 67.862640
v -0.594346 -132.354248 67.868210
v 0.012404 -133.099030 83.176239
v 0.012404 -133.580765 83.166397
v -0.246199 -133.516525 83.574463
v 0.012404 -133.640717 83.473259
v 0.012404 -133.613129 83.542259
v 0.012404 -133.111694 82.547127
v -0.442726 -132.733658 82.711540
v -0.442726 -132.733658 82.711540
v 0.012404 -132.288986 82.641838
v 0.012404 -132.288986 82.641838
v -0.594346 -133.154312 68.875793
v -0.856215 -132.879654 68.875793
v 0.012404 -132.676636 83.603111
v 0.012404 -133.636566 83.628479
v -0.679655 -133.208313 83.822868
v -0.285523 -133.536453 83.667122
v 0.012404 -133.613129 83.542259
v 0.012404 -133.422791 83.322845
v -0.246199 -133.516525 83.574463
v -0.679655 -133.208313 83.822868
v 0.012404 -132.676636 83.603111
v -1.917587 -132.678238 82.536079
v -1.582998 -132.678253 82.516953
vn -0.0207 -0.7165 -0.6973
vn -0.0255 0.4064 -0.9133
vn 0.0683 0.6544 -0.7530
vn 0.0512 -0.6648 -0.7453
vn -0.1115 0.7019 -0.7035
vn -0.1555 -0.7151 -0.6815
vn 0.0472 0.9698 0.2394
vn 0.0518 0.9233 0.3806
vn -0.0312 0.8305 0.5561
vn -0.0001 -0.0580 0.9983
vn 0.0606 -0.0828 0.9947
vn -0.0238 -0.7149 -0.6988
vn -0.0640 -0.8396 0.5394
vn 0.0233 -0.9588 0.2831
vn -0.0001 -0.0581 0.9983
vn -0.0115 -0.8846 0.4663
vn 0.1045 -0.8851 0.4535
vn 0.0490 -0.7943 -0.6056
vn 0.1574 -0.8370 0.5241
vn 0.0418 -0.7795 0.6250
vn 0.0899 0.0816 0.9926
vn 0.1888 0.0760 0.9791
vn 0.2012 0.0172 0.9794
vn 0.0137 0.7476 -0.6640
vn 0.1449 0.7695 -0.6219
vn 0.3050 -0.7575 -0.5772
vn 0.0124 -0.7983 0.6022
vn 0.0300 0.7354 0.6770
vn 0.1404 0.8973 0.4186
vn 0.2012 0.0173 0.9794
vn 0.1889 0.0761 0.9791
vn -0.0079 0.9899 0.1419
vn 0.6213 0.6579 -0.4257
vn 0.7451 -0.6489 -0.1545
vn 0.1109 0.7805 0.6153
vn 0.0129 -0.0413 0.9991
vn 0.0187 -0.0621 0.9979
vn 0.0393 0.9860 0.1620
vn -0.0206 0.9945 -0.1031
vn -0.6581 0.7515 0.0467
vn 0.5405 0.8413 -0.0098
vn 0.5989 0.7992 0.0513
vn -0.6142 0.7848 0.0826
vn 0.5776 0.8144 -0.0562
vn -0.6432 0.7654 -0.0186
vn 0.9292 -0.3643 -0.0629
vn 0.9067 -0.4114 -0.0934
vn 0.9319 -0.3599 -0.0451
vn -0.9159 -0.3950 -0.0722
vn -0.9221 -0.3855 -0.0344
vn 0.0129 -0.9934 -0.1143
vn 0.0202 -0.9888 -0.1481
vn 0.9292 -0.3642 -0.0629
vn 0.0090 -0.9930 -0.1175
vn 0.9067 -0.4113 -0.0933
vn -0.9071 -0.4178 -0.0508
vn 0.0748 -0.9950 -0.0661
vn -0.5270 -0.5581 -0.6409
vn 0.9194 -0.3915 -0.0375
vn -0.5005 0.6828 -0.5322
vn -0.0000 -0.6392 -0.7690
vn -0.0000 0.2789 -0.9603
vn 0.9489 -0.3090 -0.0648
vn -0.0413 -0.9983 -0.0408
vn -0.9262 -0.3765 -0.0197
vn -0.0250 -0.9996 0.0114
vn -0.9950 -0.0997 -0.0033
vn -0.0249 -0.9996 0.0115
vn 0.7460 0.6550 -0.1201
vn 0.7460 0.6551 -0.1201
vn 0.9194 -0.3914 -0.0375
vn 0.8248 -0.5653 0.0116
vn 0.4632 -0.8745 -0.1438
vn 0.9380 -0.3454 0.0288
vn -0.0000 -0.9994 -0.0357
vn -0.0000 -0.9489 -0.3156
vn 0.8721 0.4870 0.0470
vn 0.8568 0.4909 0.1581
vn 0.2500 0.9487 0.1934
vn 0.2160 0.9709 0.1033
vn -0.0000 0.9986 0.0535
vn -0.0000 0.9997 0.0243
vn -0.0000 0.9962 -0.0874
vn -0.3488 0.8709 -0.3462
vn 0.1281 0.9719 -0.1977
vn -0.5004 0.6826 -0.5326
vn -0.0000 0.2788 -0.9604
vn 0.9046 0.4169 0.0894
vn -0.0000 0.9822 -0.1880
vn 0.8165 0.5309 -0.2269
vn 0.6213 0.6579 -0.4256
vn 0.0001 0.9997 -0.0245
vn 0.2083 0.7123 0.6703
vn 0.0188 -0.0621 0.9979
vn 0.2018 -0.1235 0.9716
vn 0.5848 -0.1700 0.7931
vn -0.0000 0.8650 0.5019
vn 0.8616 -0.4983 -0.0966
vn 0.7450 -0.6489 -0.1545
vn 0.4752 -0.8799 -0.0013
vn 0.4556 -0.8692 0.1920
vn 0.0001 -0.9450 0.3271
vn 0.1917 -0.6954 0.6926
vn -0.0000 -0.8719 0.4896
vn 0.5848 -0.1699 0.7932
vn 0.2018 -0.1236 0.9716
vn 0.0124 -0.7983 0.6021
vn 0.0187 -0.0622 0.9979
vn 0.3049 -0.7575 -0.5773
vn -0.0000 -0.9975 0.0711
vn -0.4408 -0.7146 -0.5433
vn -0.1428 0.6660 -0.7322
vn 0.0664 0.2244 -0.9722
vn -0.2909 0.4654 -0.8359
vn 0.2663 0.6342 -0.7258
vn 0.5293 0.4611 -0.7122
vn 0.7577 0.2611 0.5981
vn 0.3919 -0.9200 -0.0021
vn -0.0710 -0.1191 -0.9903
vn 0.0048 0.6478 -0.7618
vn 0.0565 -0.1729 -0.9833
vn 0.0364 -0.8601 -0.5089
vn 0.0372 0.9298 -0.3662
vn 0.1574 0.3023 0.9401
vn 0.2300 0.9586 -0.1679
vn 0.3412 0.3901 0.8552
vn 0.7614 0.1076 -0.6393
vn 0.8707 -0.4075 0.2752
vn -0.8262 -0.1853 -0.5320
vn -0.4532 -0.8363 -0.3085
vn -0.7808 -0.1605 -0.6038
vn -0.5755 -0.6788 -0.4561
vn 0.5409 0.1107 -0.8338
vn 0.3291 0.5226 -0.7865
vn -0.6583 0.4081 -0.6326
vn 0.5062 -0.4561 -0.7319
vn -0.2582 0.7436 -0.6168
vn 0.5537 0.7935 0.2526
vn -0.6583 0.4080 -0.6326
vn 0.9119 0.1643 0.3761
vn 0.7131 -0.6401 0.2860
vn 0.3472 0.1581 0.9244
vn 0.2479 -0.0155 0.9687
vn -0.0382 -0.0074 0.9992
vn -0.1313 0.8359 0.5330
vn 0.0834 0.8229 0.5620
vn -0.2582 0.7435 -0.6168
vn -0.5756 -0.6787 -0.4561
vn -0.1428 0.6659 -0.7322
vn -0.0002 -0.0580 0.9983
vn -0.1279 -0.8683 0.4793
vn 0.2478 -0.0155 0.9687
vn 0.1066 -0.6639 0.7402
vn 0.3918 -0.9201 -0.0020
vn -0.4408 -0.7146 -0.5432
vn -0.0846 -0.9894 0.1179
vn -0.2199 -0.3368 -0.9156
vn -0.5528 -0.4068 -0.7272
vn 0.2663 0.6342 -0.7259
vn 0.7577 0.2611 0.5980
vn 0.0964 -0.9590 0.2667
vn -0.0475 -0.2948 -0.9544
vn 0.8707 -0.4075 0.2753
vn 0.2299 0.9586 -0.1678
vn 0.3413 0.3901 0.8552
vn 0.1573 0.3024 0.9401
vn -0.1555 -0.7151 -0.6816
vn 0.5824 0.6226 0.5227
vn 0.5984 -0.6225 0.5044
vn 0.6294 -0.5263 -0.5717
vn 0.6350 0.5145 -0.5763
vn -0.4564 -0.6399 -0.6182
vn -0.3260 -0.8379 -0.4377
vn -0.5050 0.6148 -0.6058
vn -0.4123 0.8067 -0.4234
vn 0.0565 -0.1728 -0.9833
vn -0.2581 0.7436 -0.6168
vn 0.5537 0.7935 0.2525
vn -0.6582 0.4080 -0.6326
vn -0.2581 0.7435 -0.6169
vn 0.6350 0.5144 -0.5763
vn 0.6295 -0.5263 -0.5717
vn -0.4122 0.8067 -0.4235
vn 0.0048 0.6479 -0.7617
vn -0.1115 0.7019 -0.7034
vn -0.4407 -0.7146 -0.5432
vn 0.9936 -0.0970 -0.0580
vn -0.0205 0.9945 -0.1031
vn 0.9488 -0.3090 -0.0648
vn 0.9707 0.0618 0.2320
vn -0.0073 0.9718 0.2357
vn -0.0146 -0.5522 0.8336
vn -0.0250 -0.9996 0.0115
vn 0.7029 0.4519 -0.5492
vn -0.0227 0.8451 -0.5341
vn 0.7602 -0.5759 -0.3009
vn 0.3118 -0.3877 0.8675
vn -0.0509 -0.5387 0.8410
vn -0.1106 -0.9868 -0.1181
vn -0.9677 0.0694 0.2422
vn -0.0249 -0.9996 0.0114
vn -0.7060 0.4350 -0.5589
vn -0.4635 -0.3405 0.8181
vn -0.7877 -0.5043 -0.3540
vn -0.0226 0.8451 -0.5342
vn 0.7602 -0.5758 -0.3009
vn -0.7876 -0.5043 -0.3540
vn 0.5204 -0.8431 -0.1356
vn 0.3902 -0.3321 -0.8588
vn 0.8660 -0.3393 -0.3673
vn 0.4696 -0.8810 -0.0579
vn 0.0001 -0.9060 -0.4233
vn -0.0000 -0.2956 -0.9553
vn -0.0000 -0.9721 -0.2347
vn -0.0001 -0.9207 -0.3902
vn 0.7290 -0.6804 -0.0754
vn 0.9295 -0.3665 0.0422
vn 0.3696 -0.9278 0.0501
vn -0.0001 -0.9486 0.3164
vn -0.0000 -0.9958 -0.0920
vn 0.3630 -0.9175 -0.1626
vn 0.4282 -0.9022 -0.0520
vn -0.0000 -0.9968 -0.0794
vn -0.0000 -0.9670 0.2547
vn 0.3939 -0.8925 0.2199
vn -0.0000 -0.6636 0.7481
vn 0.7030 -0.5379 0.4653
vn 0.7993 0.2380 0.5517
vn 0.9929 0.1153 0.0301
vn 0.9537 0.0578 -0.2953
vn 0.6052 -0.4003 -0.6881
vn 0.9124 0.1030 -0.3960
vn -0.0000 -0.5389 -0.8424
vn 0.7735 0.6333 0.0229
vn -0.0000 0.9397 0.3419
vn -0.0000 0.9230 -0.3848
vn 0.8148 0.4648 -0.3465
vn -0.0000 0.9164 -0.4002
vn -0.0000 0.8650 0.5018
vn 0.0980 -0.6530 0.7510
vn -0.0000 -0.6883 -0.7254
vn -0.0000 -0.8719 0.4897
vn 0.9125 0.1029 -0.3960
vn 0.5849 -0.1700 0.7931
vn -0.0000 -0.9995 0.0322
vn -0.0000 -0.3630 0.9318
vn 0.5849 -0.1699 0.7931
vn -0.0000 0.8649 0.5019
vn 0.9124 0.1029 -0.3961
vn -0.9124 0.1030 -0.3960
vn -0.8148 0.4648 -0.3465
vn -0.0000 0.9164 -0.4003
vn -0.9537 0.0578 -0.2953
vn -0.6052 -0.4003 -0.6881
vn -0.8660 -0.3393 -0.3673
vn -0.9929 0.1153 0.0301
vn -0.9295 -0.3665 0.0422
vn -0.7290 -0.6804 -0.0754
vn -0.5204 -0.8431 -0.1356
vn -0.3901 -0.3321 -0.8588
vn -0.4696 -0.8810 -0.0579
vn -0.0001 -0.9060 -0.4233
vn 0.0001 -0.9208 -0.3901
vn -0.3696 -0.9278 0.0501
vn -0.0000 -0.9486 0.3164
vn -0.0000 -0.9958 -0.0921
vn -0.3630 -0.9175 -0.1626
vn -0.4282 -0.9022 -0.0520
vn -0.3939 -0.8925 0.2199
vn -0.7030 -0.5379 0.4653
vn -0.7994 0.2380 0.5517
vn -0.7735 0.6333 0.0229
vn -0.0000 0.9230 -0.3849
vn -0.2775 -0.6404 0.7162
vn -0.4654 -0.0145 0.8850
vn -0.7993 0.2380 0.5518
vn -0.0000 0.5765 0.8171
vn -0.0000 -0.1608 0.9870
vn -0.0000 0.5766 0.8171
vn 0.7993 0.2380 0.5518
vn -0.0001 0.9397 0.3419
vn 0.4654 -0.0144 0.8850
vn 0.2775 -0.6404 0.7162
vn -0.0000 -0.1609 0.9870
vn -0.0000 -0.9208 -0.3901
vn -0.0000 -0.9693 0.2460
vn -0.4696 -0.8810 -0.0580
vn 0.9936 -0.0970 -0.0581
vn -0.0000 -0.9997 -0.0252
vn 0.8660 -0.3392 -0.3673
vn 0.3902 -0.3322 -0.8587
vn 0.0001 -0.3630 0.9318
vn 0.0980 -0.6529 0.7510
vn -0.0000 0.2087 0.9780
vn 0.8660 -0.3393 -0.3674
vn -0.0001 -0.9997 -0.0253
vn 0.0129 -0.0414 0.9991
vn 0.0206 -0.7165 -0.6973
vn -0.0512 -0.6648 -0.7453
vn -0.0684 0.6545 -0.7530
vn 0.0255 0.4064 -0.9133
vn 0.1115 0.7020 -0.7034
vn 0.1554 -0.7151 -0.6815
vn -0.0472 0.9698 0.2394
vn -0.0518 0.9233 0.3806
vn 0.0312 0.8305 0.5561
vn 0.0001 -0.0580 0.9983
vn -0.0606 -0.0828 0.9947
vn 0.0238 -0.7149 -0.6988
vn 0.0640 -0.8396 0.5394
vn -0.0233 -0.9588 0.2831
vn 0.0002 -0.0581 0.9983
vn 0.0115 -0.8846 0.4663
vn -0.1045 -0.8851 0.4535
vn -0.0490 -0.7943 -0.6056
vn -0.1574 -0.8370 0.5241
vn -0.0418 -0.7795 0.6250
vn -0.0899 0.0816 0.9926
vn -0.1888 0.0761 0.9791
vn -0.2012 0.0172 0.9794
vn -0.0138 0.7477 -0.6639
vn -0.1449 0.7695 -0.6219
vn -0.3050 -0.7575 -0.5772
vn -0.0124 -0.7983 0.6021
vn -0.0300 0.7354 0.6770
vn -0.1404 0.8972 0.4186
vn -0.1889 0.0761 0.9790
vn 0.0079 0.9899 0.1419
vn -0.6213 0.6579 -0.4257
vn -0.7450 -0.6489 -0.1545
vn -0.1108 0.7805 0.6153
vn -0.0129 -0.0413 0.9991
vn -0.0187 -0.0621 0.9979
vn -0.0393 0.9860 0.1620
vn 0.0206 0.9945 -0.1031
vn -0.5405 0.8413 -0.0098
vn 0.6581 0.7515 0.0467
vn -0.5989 0.7992 0.0513
vn 0.6142 0.7848 0.0826
vn -0.5787 0.8139 -0.0515
vn 0.6432 0.7654 -0.0186
vn -0.9292 -0.3642 -0.0629
vn -0.9073 -0.4103 -0.0921
vn -0.9319 -0.3600 -0.0451
vn 0.9158 -0.3950 -0.0722
vn 0.9221 -0.3855 -0.0343
vn -0.0129 -0.9934 -0.1143
vn -0.0202 -0.9888 -0.1481
vn -0.9319 -0.3599 -0.0452
vn -0.0090 -0.9930 -0.1174
vn -0.9073 -0.4103 -0.0920
vn 0.9071 -0.4178 -0.0508
vn -0.0791 -0.9950 -0.0610
vn 0.5270 -0.5581 -0.6409
vn -0.9190 -0.3927 -0.0351
vn 0.4751 0.6905 -0.5455
vn -0.9489 -0.3090 -0.0648
vn 0.0413 -0.9983 -0.0408
vn 0.9262 -0.3765 -0.0197
vn 0.0250 -0.9996 0.0114
vn 0.9950 -0.0997 -0.0033
vn 0.0249 -0.9996 0.0114
vn -0.0000 -0.6392 -0.7691
vn -0.7847 0.6061 -0.1301
vn -0.9073 -0.4102 -0.0921
vn -0.9190 -0.3926 -0.0351
vn -0.8248 -0.5653 0.0116
vn -0.9359 -0.3513 0.0240
vn -0.4613 -0.8752 -0.1456
vn -0.8721 0.4870 0.0470
vn -0.8543 0.4923 0.1670
vn -0.0790 -0.9950 -0.0610
vn -0.8987 0.4321 0.0746
vn -0.2246 0.9701 0.0923
vn -0.7846 0.6061 -0.1301
vn -0.2500 0.9487 0.1934
vn 0.3489 0.8709 -0.3462
vn -0.2186 0.9527 -0.2111
vn 0.4750 0.6905 -0.5455
vn -0.7847 0.6060 -0.1302
vn -0.0000 0.2788 -0.9603
vn -0.8165 0.5309 -0.2268
vn -0.0000 0.9997 -0.0245
vn -0.2083 0.7123 0.6703
vn -0.1109 0.7805 0.6153
vn -0.2018 -0.1235 0.9716
vn -0.5848 -0.1700 0.7931
vn -0.8616 -0.4983 -0.0966
vn -0.7450 -0.6489 -0.1544
vn -0.4749 -0.8800 -0.0010
vn -0.4559 -0.8691 0.1918
vn -0.0001 -0.9450 0.3271
vn -0.1916 -0.6954 0.6926
vn -0.5849 -0.1699 0.7931
vn -0.2018 -0.1236 0.9716
vn -0.0188 -0.0622 0.9979
vn -0.3050 -0.7575 -0.5773
vn 0.4407 -0.7146 -0.5433
vn -0.0664 0.2244 -0.9722
vn 0.1427 0.6660 -0.7322
vn 0.2909 0.4655 -0.8359
vn -0.2663 0.6342 -0.7258
vn -0.5293 0.4611 -0.7122
vn -0.7577 0.2611 0.5981
vn -0.3918 -0.9200 -0.0020
vn 0.0710 -0.1191 -0.9903
vn -0.0048 0.6478 -0.7618
vn -0.0565 -0.1729 -0.9833
vn -0.0364 -0.8601 -0.5089
vn -0.0373 0.9298 -0.3662
vn -0.1574 0.3024 0.9401
vn -0.2299 0.9586 -0.1678
vn -0.3412 0.3901 0.8552
vn -0.7614 0.1076 -0.6393
vn -0.8707 -0.4075 0.2752
vn 0.8262 -0.1853 -0.5320
vn 0.4532 -0.8363 -0.3085
vn 0.7808 -0.1605 -0.6038
vn 0.5755 -0.6788 -0.4562
vn -0.5409 0.1107 -0.8338
vn -0.3291 0.5226 -0.7865
vn 0.6582 0.4081 -0.6327
vn -0.5062 -0.4561 -0.7320
vn 0.2582 0.7436 -0.6168
vn -0.5537 0.7935 0.2525
vn 0.6582 0.4080 -0.6326
vn -0.9119 0.1643 0.3761
vn -0.7131 -0.6401 0.2860
vn -0.3472 0.1581 0.9244
vn -0.2479 -0.0155 0.9687
vn 0.0382 -0.0074 0.9992
vn 0.1312 0.8359 0.5330
vn -0.0834 0.8229 0.5620
vn 0.2581 0.7436 -0.6169
vn 0.5756 -0.6787 -0.4562
vn -0.2478 -0.0155 0.9687
vn 0.1427 0.6659 -0.7322
vn 0.1279 -0.8683 0.4793
vn -0.1066 -0.6639 0.7401
vn -0.3918 -0.9201 -0.0020
vn 0.4408 -0.7146 -0.5432
vn 0.0847 -0.9894 0.1179
vn 0.2199 -0.3368 -0.9156
vn 0.5528 -0.4068 -0.7272
vn 0.2909 0.4654 -0.8359
vn -0.2663 0.6342 -0.7259
vn -0.7577 0.2612 0.5981
vn -0.0963 -0.9590 0.2667
vn 0.0475 -0.2948 -0.9544
vn -0.8707 -0.4076 0.2752
vn -0.2300 0.9586 -0.1678
vn -0.3412 0.3902 0.8552
vn -0.1573 0.3024 0.9401
vn 0.1555 -0.7151 -0.6816
vn -0.5823 0.6226 0.5228
vn -0.6295 -0.5263 -0.5717
vn -0.5983 -0.6225 0.5044
vn -0.6350 0.5145 -0.5763
vn 0.4564 -0.6399 -0.6183
vn 0.3261 -0.8379 -0.4377
vn 0.5051 0.6148 -0.6057
vn 0.4123 0.8067 -0.4235
vn 0.2581 0.7436 -0.6168
vn 0.6582 0.4081 -0.6326
vn -0.5537 0.7935 0.2526
vn 0.4564 -0.6399 -0.6182
vn -0.6294 -0.5263 -0.5717
vn 0.4123 0.8067 -0.4234
vn -0.0048 0.6479 -0.7617
vn 0.0313 0.8305 0.5561
vn 0.1428 0.6659 -0.7322
vn 0.1116 0.7020 -0.7034
vn 0.1555 -0.7151 -0.6815
vn -0.9936 -0.0970 -0.0581
vn 0.0205 0.9945 -0.1031
vn -0.9488 -0.3090 -0.0648
vn 0.0073 0.9718 0.2356
vn -0.9707 0.0618 0.2321
vn -0.9936 -0.0970 -0.0580
vn 0.0146 -0.5522 0.8336
vn -0.7029 0.4519 -0.5493
vn 0.0226 0.8451 -0.5342
vn -0.7602 -0.5759 -0.3009
vn -0.3118 -0.3877 0.8675
vn 0.0509 -0.5386 0.8410
vn 0.1106 -0.9868 -0.1181
vn 0.9677 0.0694 0.2422
vn 0.0073 0.9718 0.2357
vn 0.7060 0.4350 -0.5589
vn 0.4635 -0.3405 0.8181
vn 0.7877 -0.5043 -0.3540
vn 0.7061 0.4349 -0.5589
vn -0.7601 -0.5759 -0.3009
vn 0.7876 -0.5043 -0.3540
vn -0.7029 0.4519 -0.5492
vn -0.0980 -0.6530 0.7510
vn -0.0000 -0.5389 -0.8423
vn -0.9125 0.1029 -0.3960
vn -0.5849 -0.1700 0.7931
vn -0.9124 0.1029 -0.3961
vn -0.0000 -0.2955 -0.9553
vn -0.8660 -0.3394 -0.3674
vn -0.3902 -0.3322 -0.8587
vn -0.0000 0.2088 0.9780
vn -0.0980 -0.6529 0.7510
vn -0.0129 -0.0414 0.9991
vn -0.0187 -0.0622 0.9979
vt 0.730382 0.103619
vt 0.705649 0.144477
vt 0.906050 0.162418
vt 0.907543 0.101904
vt 0.999984 0.166941
vt 1.001061 0.095946
vt 0.733494 0.205318
vt 0.838940 0.209383
vt 0.991053 0.210366
vt 0.981648 0.252295
vt 0.840260 0.252371
vt 0.689743 0.104698
vt 0.991405 0.052870
vt 0.810174 0.064464
vt 0.981657 0.011468
vt 0.840250 0.011429
vt 0.734207 0.056759
vt 0.693123 0.056174
vt 0.518060 0.096757
vt 0.575201 0.047645
vt 0.473165 0.043970
vt 0.716055 0.011396
vt 0.597290 0.011359
vt 0.510869 0.011322
vt 0.522475 0.164896
vt 0.485011 0.157654
vt 0.479927 0.107408
vt 0.445175 0.049232
vt 0.473366 0.225391
vt 0.579352 0.211659
vt 0.510849 0.252622
vt 0.597275 0.252464
vt 0.688056 0.203710
vt 0.716059 0.252303
vt 0.459430 0.138427
vt 0.448360 0.105872
vt 0.445220 0.217118
vt 0.468555 0.252667
vt 0.435264 0.252667
vt 0.710772 0.204691
vt 0.809314 0.993189
vt 0.844593 0.748486
vt 0.799681 0.766537
vt 0.795370 0.616810
vt 0.844460 0.624653
vt 0.796731 0.566457
vt 0.846052 0.573862
vt 0.737687 0.589384
vt 0.737679 0.566887
vt 0.737691 0.611583
vt 0.903594 0.595045
vt 0.902086 0.622902
vt 0.947494 0.615460
vt 0.947980 0.591500
vt 0.993009 0.611673
vt 0.993010 0.589483
vt 0.948583 0.568105
vt 0.993012 0.566905
vt 0.904969 0.574145
vt 0.939443 0.344499
vt 0.898532 0.361084
vt 0.993076 0.320695
vt 0.854260 0.365264
vt 0.915162 0.347050
vt 0.854851 0.350073
vt 0.993004 0.780156
vt 0.944441 0.769131
vt 0.900724 0.759988
vt 0.936461 0.995025
vt 0.880074 0.997653
vt 0.789589 0.353336
vt 0.737576 0.320774
vt 0.459999 0.699940
vt 0.421847 0.911548
vt 0.493482 0.874305
vt 0.334346 0.703269
vt 0.334346 0.906337
vt 0.574509 0.696105
vt 0.570429 0.874521
vt 0.490508 0.948126
vt 0.334346 0.965522
vt 0.365140 0.975937
vt 0.420117 0.965795
vt 0.650541 0.838561
vt 0.643075 0.892767
vt 0.726515 0.817051
vt 0.726515 0.703484
vt 0.726515 0.932364
vt 0.709975 0.959389
vt 0.635989 0.948441
vt 0.695226 0.983366
vt 0.579503 0.979625
vt 0.726515 0.978941
vt 0.572418 0.925007
vt 0.726515 0.610225
vt 0.575486 0.609180
vt 0.574131 0.447552
vt 0.726515 0.445670
vt 0.628909 0.318546
vt 0.561909 0.331279
vt 0.561667 0.289065
vt 0.629838 0.284131
vt 0.681244 0.268659
vt 0.726515 0.308737
vt 0.465542 0.609718
vt 0.497836 0.448231
vt 0.389955 0.608312
vt 0.424485 0.456931
vt 0.334346 0.436815
vt 0.434410 0.332167
vt 0.334346 0.318454
vt 0.382074 0.269755
vt 0.433481 0.285227
vt 0.501409 0.332846
vt 0.501652 0.290161
vt 0.532354 0.423067
vt 0.334346 0.607952
vt 0.079805 0.232283
vt 0.164710 0.210607
vt 0.122523 0.194649
vt 0.082536 0.195321
vt 0.065738 0.163787
vt 0.098907 0.148763
vt 0.061632 0.142152
vt 0.067395 0.121429
vt 0.123677 0.114515
vt 0.175785 0.114562
vt 0.094627 0.115280
vt 0.071940 0.113520
vt 0.035702 0.148111
vt 0.041923 0.132093
vt 0.020229 0.138299
vt 0.026355 0.125859
vt 0.005702 0.131286
vt 0.011940 0.118620
vt 0.124248 0.087244
vt 0.097369 0.085301
vt 0.124231 0.055219
vt 0.098622 0.055224
vt 0.124118 0.033753
vt 0.158367 0.040381
vt 0.164154 0.054336
vt 0.099739 0.035139
vt 0.171577 0.088395
vt 0.192231 0.080816
vt 0.172887 0.036601
vt 0.229659 0.051083
vt 0.207206 0.014433
vt 0.253565 0.037615
vt 0.259273 0.099604
vt 0.295568 0.088781
vt 0.225257 0.005464
vt 0.257519 0.214069
vt 0.210893 0.208562
vt 0.203087 0.112287
vt 0.256732 0.004405
vt 0.275505 0.029551
vt 0.296663 0.056271
vt 0.254448 0.243670
vt 0.287294 0.248875
vt 0.299549 0.220380
vt 0.323300 0.104611
vt 0.343328 0.116239
vt 0.349575 0.166371
vt 0.341191 0.234380
vt 0.379236 0.180734
vt 0.393815 0.198439
vt 0.369935 0.227020
vt 0.383913 0.245331
vt 0.408148 0.211617
vt 0.372524 0.153454
vt 0.406401 0.154959
vt 0.418570 0.170953
vt 0.432503 0.130104
vt 0.445823 0.142555
vt 0.433494 0.180403
vt 0.448844 0.163198
vt 0.412154 0.127150
vt 0.395815 0.139939
vt 0.325332 0.261049
vt 0.344700 0.051550
vt 0.359289 0.070966
vt 0.389947 0.045029
vt 0.374202 0.026325
vt 0.391323 0.064504
vt 0.369359 0.086828
vt 0.352694 0.023153
vt 0.330809 0.036634
vt 0.068269 0.054545
vt 0.088448 0.054365
vt 0.085147 0.033440
vt 0.068311 0.035581
vt 0.069129 0.082960
vt 0.091835 0.081384
vt 0.214759 0.239928
vt 0.170727 0.242683
vt 0.094294 0.262400
vt 0.737783 0.987757
vt 0.737708 0.780107
vt 0.274783 0.263290
vt 0.251897 0.284556
vt 0.265085 0.304716
vt 0.290410 0.280108
vt 0.230808 0.322133
vt 0.234686 0.293532
vt 0.317161 0.315098
vt 0.326877 0.296848
vt 0.247112 0.446506
vt 0.230894 0.421947
vt 0.204488 0.436013
vt 0.200804 0.450038
vt 0.202857 0.296193
vt 0.220949 0.280878
vt 0.186739 0.265822
vt 0.206200 0.254811
vt 0.152216 0.291162
vt 0.194174 0.426648
vt 0.177297 0.438725
vt 0.148125 0.271043
vt 0.109679 0.437051
vt 0.158639 0.453515
vt 0.110675 0.292890
vt 0.130164 0.279394
vt 0.048936 0.787641
vt 0.037433 0.823986
vt 0.095670 0.805101
vt 0.018334 0.795488
vt 0.001309 0.823986
vt 0.001309 0.828672
vt 0.001309 0.805245
vt 0.001309 0.793266
vt 0.072476 0.756292
vt 0.104842 0.722758
vt 0.009703 0.762035
vt 0.001309 0.770446
vt 0.001309 0.745864
vt 0.041600 0.754625
vt 0.045013 0.731461
vt 0.001309 0.728107
vt 0.001309 0.706350
vt 0.045012 0.704329
vt 0.000634 0.640415
vt 0.080537 0.664700
vt 0.172489 0.654188
vt 0.168984 0.731210
vt 0.146949 0.810560
vt 0.044855 0.876465
vt 0.134665 0.883862
vt 0.053879 0.921862
vt 0.230813 0.753236
vt 0.327296 0.709405
vt 0.289853 0.844016
vt 0.198004 0.819694
vt 0.222406 0.906637
vt 0.208321 0.985394
vt 0.032665 0.835220
vt 0.001309 0.884699
vt 0.068912 0.997425
vt 0.136690 0.961832
vt 0.001309 0.847491
vt 0.001309 0.839125
vt 0.041894 0.649915
vt 0.070649 0.583980
vt 0.103642 0.580263
vt 0.049090 0.502723
vt 0.103028 0.449168
vt 0.013527 0.576938
vt 0.001309 0.788851
vt 0.992969 0.987765
vt 0.232379 0.916718
vt 0.282941 0.969753
vt 0.311768 0.908112
vt 0.306313 0.933309
vt 0.220304 0.994415
vt 0.243005 0.989735
vt 0.222758 0.978624
vt 0.468563 0.011307
vt 0.435273 0.011298
s 1
usemtl enemy_tonnel
f 1/1/1 2/2/2 3/3/3
f 1/1/1 3/3/3 4/4/4
f 4/4/4 3/3/3 5/5/5
f 4/4/4 5/5/5 6/6/6
f 3/3/3 2/2/2 7/7/7
f 3/3/3 7/7/7 8/8/8
f 5/5/5 3/3/3 8/8/8
f 5/5/5 8/8/8 9/9/9
f 10/10/10 9/9/9 8/8/8
f 10/10/10 8/8/8 11/11/11
f 11/11/11 8/8/8 7/7/7
f 1/1/1 12/12/12 2/2/2
f 4/4/4 6/6/6 13/13/13
f 14/14/14 4/4/4 13/13/13
f 1/1/1 4/4/4 14/14/14
f 14/14/14 13/13/13 15/15/15
f 14/14/14 15/15/15 16/16/11
f 16/16/11 17/17/16 14/14/14
f 1/1/1 14/14/14 17/17/16
f 18/18/17 12/12/12 1/1/1
f 18/18/17 1/1/1 17/17/16
f 18/18/17 19/19/18 12/12/12
f 18/18/17 20/20/19 19/19/18
f 20/20/19 21/21/20 19/19/18
f 22/22/21 20/20/19 18/18/17
f 16/16/11 22/22/21 17/17/16
f 18/18/17 17/17/16 22/22/21
f 22/22/21 23/23/22 20/20/19
f 24/24/23 21/21/20 20/20/19
f 24/24/23 20/20/19 23/23/22
f 25/25/24 12/12/12 19/19/18
f 26/26/25 25/25/24 19/19/18
f 26/26/25 19/19/18 27/27/26
f 19/19/18 21/21/20 27/27/26
f 21/21/20 28/28/27 27/27/26
f 29/29/28 25/25/24 26/26/25
f 29/29/28 30/30/29 25/25/24
f 30/30/29 29/29/28 31/31/30
f 30/30/29 31/31/30 32/32/31
f 33/33/32 30/30/29 32/32/31
f 33/33/32 32/32/31 34/34/21
f 27/27/26 35/35/33 26/26/25
f 27/27/26 36/36/34 35/35/33
f 35/35/33 37/37/35 26/26/25
f 37/37/35 29/29/28 26/26/25
f 37/37/35 38/38/36 29/29/28
f 31/31/30 29/29/28 38/38/36
f 37/37/35 39/39/37 38/38/36
f 30/30/29 33/33/32 2/2/2
f 30/30/29 2/2/2 25/25/24
f 25/25/24 2/2/2 12/12/12
f 2/2/2 33/33/32 40/40/38
f 40/40/38 33/33/32 34/34/21
f 7/7/7 40/40/38 34/34/21
f 7/7/7 2/2/2 40/40/38
f 11/11/11 7/7/7 34/34/21
f 41/41/39 42/42/40 43/43/41
f 42/42/40 44/44/42 43/43/41
f 42/42/40 45/45/43 44/44/42
f 45/45/43 46/46/44 44/44/42
f 45/45/43 47/47/45 46/46/44
f 48/48/46 44/44/42 46/46/44
f 49/49/47 48/48/46 46/46/44
f 48/48/46 50/50/48 44/44/42
f 43/43/41 44/44/42 50/50/48
f 51/51/49 47/47/45 45/45/43
f 52/52/50 51/51/49 45/45/43
f 52/52/50 45/45/43 42/42/40
f 51/51/49 52/52/50 53/53/51
f 51/51/49 53/53/51 54/54/52
f 54/54/52 53/53/51 55/55/48
f 54/54/52 55/55/48 56/56/53
f 57/57/54 54/54/52 56/56/53
f 57/57/54 56/56/53 58/58/55
f 59/59/56 51/51/49 54/54/52
f 59/59/56 54/54/52 57/57/54
f 51/51/49 59/59/56 47/47/45
f 59/59/56 57/57/54 60/60/57
f 60/60/57 57/57/54 58/58/55
f 59/59/56 60/60/57 61/61/58
f 47/47/45 59/59/56 61/61/58
f 60/60/57 58/58/55 62/62/59
f 47/47/45 61/61/58 63/63/60
f 64/64/61 63/63/60 61/61/58
f 64/64/61 65/65/62 63/63/60
f 53/53/51 66/66/63 55/55/48
f 53/53/51 67/67/64 66/66/63
f 53/53/51 52/52/50 68/68/65
f 53/53/51 68/68/65 67/67/64
f 69/69/66 66/66/63 67/67/64
f 68/68/65 69/69/66 67/67/64
f 52/52/50 42/42/40 68/68/65
f 42/42/40 70/70/67 68/68/65
f 42/42/40 71/41/39 70/70/67
f 68/68/65 70/70/67 72/69/68
f 63/63/60 73/71/69 46/46/44
f 63/63/60 46/46/44 47/47/45
f 74/71/69 49/49/47 46/46/44
f 75/71/70 76/72/71 49/49/55
f 77/73/72 78/74/73 79/75/74
f 77/73/72 80/76/75 78/74/73
f 80/76/75 81/77/76 78/74/73
f 79/75/74 82/78/77 77/73/72
f 79/75/74 83/79/78 82/78/77
f 79/75/74 78/74/73 84/80/59
f 78/74/73 81/77/76 85/81/61
f 78/74/73 85/81/61 86/82/58
f 86/82/58 87/83/57 78/74/73
f 78/74/73 87/83/57 84/80/59
f 82/78/77 83/79/78 88/84/79
f 89/85/80 88/84/79 83/79/78
f 89/85/80 90/86/81 88/84/79
f 91/87/82 88/84/79 90/86/81
f 91/87/82 82/78/77 88/84/79
f 92/88/83 90/86/81 89/85/80
f 92/88/83 89/85/80 93/89/84
f 89/85/80 94/90/85 93/89/84
f 93/89/84 94/90/85 95/91/86
f 94/90/85 89/85/80 96/92/70
f 97/93/62 92/88/83 93/89/84
f 98/93/87 93/89/84 95/91/86
f 89/85/80 83/79/78 99/94/88
f 89/85/80 99/94/88 96/92/70
f 99/94/88 83/79/78 79/75/74
f 99/94/88 79/75/74 84/80/59
f 100/92/70 99/94/88 84/80/59
f 94/90/85 101/92/70 95/91/86
f 91/87/82 102/95/89 103/96/90
f 91/87/82 103/96/90 82/78/77
f 102/95/89 104/97/91 103/96/90
f 102/95/89 105/98/92 104/97/91
f 105/98/92 106/99/93 104/97/91
f 107/100/35 104/97/91 106/99/93
f 106/99/93 108/101/94 107/100/35
f 106/99/93 109/102/95 108/101/94
f 110/103/96 109/102/95 106/99/93
f 106/99/93 111/104/97 110/103/96
f 105/98/92 111/104/97 106/99/93
f 77/73/72 82/78/77 103/96/90
f 77/73/72 103/96/90 112/105/98
f 113/106/99 112/105/98 103/96/90
f 113/106/99 103/96/90 104/97/91
f 113/106/99 114/107/100 112/105/98
f 77/73/72 112/105/98 114/107/100
f 113/106/99 115/108/101 114/107/100
f 115/108/101 116/109/102 114/107/100
f 116/109/102 115/108/101 117/110/103
f 117/110/103 115/108/101 113/106/99
f 116/109/102 117/110/103 118/111/104
f 117/110/103 119/112/105 118/111/104
f 117/110/103 120/113/106 119/112/105
f 120/113/106 117/110/103 121/114/107
f 120/113/106 121/114/107 122/115/108
f 77/73/72 114/107/100 80/76/75
f 117/110/103 113/106/99 123/116/109
f 117/110/103 123/116/109 121/114/107
f 80/76/75 114/107/100 124/117/110
f 114/107/100 116/109/102 124/117/110
f 125/118/111 126/119/112 127/120/113
f 128/121/114 125/118/111 127/120/113
f 127/120/113 129/122/115 128/121/114
f 127/120/113 130/123/116 129/122/115
f 129/122/115 130/123/116 131/124/117
f 130/123/116 132/125/118 131/124/117
f 133/126/119 130/123/116 127/120/113
f 127/120/113 134/127/120 133/126/119
f 130/123/116 133/126/119 135/128/121
f 130/123/116 135/128/121 132/125/118
f 135/128/121 136/129/122 132/125/118
f 137/130/123 129/122/115 131/124/117
f 137/130/123 131/124/117 138/131/124
f 139/132/125 137/130/123 138/131/124
f 139/132/125 138/131/124 140/133/126
f 141/134/127 139/132/125 140/133/126
f 141/134/127 140/133/126 142/135/128
f 135/128/121 133/126/119 143/136/129
f 135/128/121 143/136/129 144/137/130
f 144/137/130 143/136/129 145/138/131
f 144/137/130 145/138/131 146/139/132
f 145/138/131 147/140/133 146/139/132
f 148/141/134 147/140/133 145/138/131
f 149/142/135 148/141/134 145/138/131
f 143/136/129 149/142/135 145/138/131
f 147/140/133 150/143/136 146/139/132
f 143/136/129 151/144/137 149/142/135
f 152/145/138 153/146/134 149/142/139
f 154/147/140 153/146/134 152/145/138
f 154/147/140 155/148/133 153/146/134
f 156/149/141 155/148/133 154/147/140
f 157/150/142 156/149/141 154/147/140
f 154/147/140 152/145/138 157/150/142
f 157/150/142 158/151/143 156/149/141
f 156/149/141 159/152/136 155/148/133
f 158/151/143 157/150/142 160/153/144
f 157/150/142 161/154/145 160/153/144
f 157/150/142 162/155/146 161/154/145
f 152/145/138 162/155/146 157/150/142
f 162/155/146 152/145/138 163/144/147
f 164/127/120 162/155/146 163/144/147
f 161/154/145 162/155/146 164/127/120
f 156/149/141 165/156/148 159/152/136
f 156/149/141 166/157/130 165/156/148
f 167/151/143 166/157/130 156/149/141
f 167/151/143 168/158/121 166/157/130
f 126/119/149 161/154/145 164/127/120
f 161/154/145 169/159/150 160/153/144
f 170/160/13 160/153/144 169/159/150
f 170/160/13 171/161/151 160/153/144
f 172/151/152 160/153/144 171/161/151
f 173/162/153 172/151/152 171/161/151
f 171/161/151 174/163/122 173/162/153
f 171/161/151 175/164/154 174/163/122
f 171/161/151 176/165/155 175/164/154
f 170/160/13 176/165/155 171/161/151
f 177/166/156 175/164/154 176/165/155
f 176/165/155 178/167/157 177/166/156
f 176/165/155 179/168/158 178/167/157
f 180/169/114 179/168/158 176/165/155
f 178/167/157 179/168/158 180/169/114
f 178/167/157 180/169/114 181/170/159
f 177/166/156 182/171/160 175/164/154
f 178/167/157 183/172/161 177/166/156
f 178/167/157 184/173/162 183/172/161
f 181/170/159 184/173/162 178/167/157
f 184/173/162 185/174/163 183/172/161
f 184/173/162 186/175/127 185/174/163
f 181/170/159 187/176/123 184/173/162
f 187/176/123 186/175/127 184/173/162
f 187/176/123 188/177/164 186/175/127
f 189/178/165 183/172/161 185/174/163
f 189/178/165 190/179/166 183/172/161
f 190/179/166 182/171/160 177/166/156
f 190/179/166 177/166/156 183/172/161
f 170/160/13 191/180/167 176/165/155
f 192/181/168 193/182/169 194/183/170
f 192/181/168 194/183/170 195/184/171
f 172/151/152 193/182/169 192/181/168
f 172/151/152 173/162/153 193/182/169
f 193/182/169 196/185/172 194/183/170
f 193/182/169 197/186/173 196/185/172
f 173/162/153 197/186/173 193/182/169
f 173/162/153 174/163/122 197/186/173
f 192/181/168 195/184/171 198/187/174
f 192/181/168 198/187/174 199/188/175
f 200/151/143 192/181/168 199/188/175
f 200/151/143 199/188/175 201/158/176
f 202/144/177 152/145/178 203/142/179
f 133/126/119 134/127/120 151/144/180
f 133/126/119 204/144/137 143/136/129
f 205/189/172 206/190/174 207/191/181
f 205/189/172 207/191/181 208/192/182
f 209/193/173 206/190/174 205/189/172
f 209/193/173 210/194/183 206/190/174
f 135/128/121 210/194/183 209/193/173
f 136/129/122 135/128/121 209/193/173
f 126/119/112 211/127/184 127/120/113
f 161/154/145 212/195/9 169/159/150
f 213/119/112 212/195/9 161/154/145
f 213/119/112 214/196/185 212/195/9
f 215/197/6 214/196/185 213/119/112
f 215/197/6 213/119/112 125/118/186
f 216/198/187 217/41/188 43/43/41
f 216/198/187 43/43/41 218/199/189
f 218/199/189 43/43/41 50/50/48
f 219/200/188 220/201/187 221/202/190
f 219/200/188 221/202/190 222/203/191
f 220/201/187 223/204/192 221/202/190
f 220/201/187 224/205/193 223/204/192
f 221/202/190 225/206/194 222/203/191
f 222/203/191 225/206/194 226/207/195
f 221/202/190 227/208/196 225/206/194
f 221/202/190 223/204/192 228/209/197
f 221/202/190 228/209/197 227/208/196
f 229/210/198 227/208/196 228/209/197
f 223/204/192 229/210/198 228/209/197
f 229/210/198 230/211/199 227/208/196
f 223/204/192 231/212/200 229/210/198
f 232/205/201 231/212/200 223/204/192
f 232/205/201 233/213/67 231/212/200
f 233/213/67 234/214/191 231/212/200
f 233/213/67 235/215/39 234/214/191
f 234/214/191 236/216/202 231/212/200
f 231/212/200 237/217/203 229/210/198
f 237/217/203 231/212/200 238/218/204
f 229/210/198 237/217/203 238/218/204
f 229/210/198 238/218/204 230/211/199
f 231/212/200 236/216/202 238/218/204
f 234/214/191 239/219/205 240/216/202
f 241/220/206 242/221/199 243/218/207
f 244/222/194 241/220/206 243/218/207
f 244/222/194 243/218/207 245/216/202
f 246/223/205 244/222/194 245/216/202
f 247/224/208 248/225/209 249/226/210
f 247/224/208 250/227/211 248/225/209
f 250/227/211 251/228/212 248/225/209
f 252/229/213 248/225/209 251/228/212
f 251/228/212 250/227/211 253/230/214
f 253/230/214 250/227/211 254/231/215
f 249/226/210 255/232/216 247/224/208
f 249/226/210 256/233/217 255/232/216
f 250/227/211 247/224/208 257/234/218
f 258/235/219 250/227/211 257/234/218
f 258/235/219 257/234/218 259/236/220
f 247/224/208 260/237/221 257/234/218
f 247/224/208 255/232/216 260/237/221
f 261/238/222 259/236/220 257/234/218
f 257/234/218 260/237/221 261/238/222
f 260/237/221 255/232/216 261/238/222
f 255/232/216 256/233/217 261/238/222
f 259/236/220 261/238/222 262/239/223
f 262/239/223 261/238/222 263/240/224
f 261/238/222 264/241/225 263/240/224
f 256/233/217 264/241/225 261/238/222
f 263/240/224 264/241/225 265/242/226
f 266/243/227 264/241/225 256/233/217
f 266/243/227 256/233/217 267/244/228
f 256/233/217 268/245/229 267/244/228
f 249/226/210 268/245/229 256/233/217
f 249/226/210 269/246/230 268/245/229
f 270/247/231 269/246/230 249/226/210
f 270/247/231 271/248/232 269/246/230
f 270/247/231 272/249/233 271/248/232
f 268/245/229 273/250/234 267/244/228
f 269/246/230 273/250/234 268/245/229
f 274/251/235 267/244/228 273/250/234
f 274/251/235 273/250/234 275/252/236
f 275/252/236 273/250/234 276/253/237
f 271/248/232 276/253/237 269/246/230
f 269/246/230 276/253/237 273/250/234
f 275/252/236 276/253/237 277/254/238
f 271/248/232 278/254/238 276/253/237
f 279/255/239 278/254/238 271/248/232
f 270/247/231 249/226/210 280/256/240
f 281/257/241 270/247/231 280/256/240
f 270/247/231 281/257/241 282/249/233
f 282/249/233 283/258/242 271/248/243
f 283/258/242 284/259/244 271/248/243
f 285/260/245 281/257/241 280/256/240
f 286/261/246 285/260/245 280/256/240
f 287/259/247 288/255/248 271/248/249
f 289/248/250 290/253/251 278/254/252
f 289/248/250 291/246/253 290/253/251
f 292/247/254 291/246/253 289/248/250
f 292/247/254 289/248/250 293/249/233
f 292/247/254 294/226/255 291/246/253
f 294/226/255 295/245/256 291/246/253
f 294/226/255 296/233/257 295/245/256
f 294/226/255 297/232/258 296/233/257
f 294/226/255 298/224/259 297/232/258
f 298/224/259 294/226/255 299/225/260
f 298/224/259 299/225/260 300/227/261
f 300/227/261 299/225/260 301/228/262
f 302/229/213 301/228/262 299/225/260
f 301/228/262 303/230/214 300/227/261
f 303/230/214 304/231/263 300/227/261
f 300/227/261 305/234/264 298/224/259
f 306/235/265 305/234/264 300/227/261
f 306/235/265 307/236/266 305/234/264
f 298/224/259 305/234/264 308/237/267
f 298/224/259 308/237/267 297/232/258
f 309/238/268 305/234/264 307/236/266
f 305/234/264 309/238/268 308/237/267
f 308/237/267 309/238/268 297/232/258
f 297/232/258 309/238/268 296/233/257
f 307/236/266 310/239/223 309/238/268
f 310/239/223 311/240/224 309/238/268
f 309/238/268 311/240/224 312/241/269
f 296/233/257 309/238/268 312/241/269
f 313/243/270 296/233/257 312/241/269
f 313/243/270 314/244/271 296/233/257
f 296/233/257 314/244/271 295/245/256
f 295/245/256 314/244/271 315/250/272
f 316/251/235 315/250/272 314/244/271
f 316/251/235 317/252/273 315/250/272
f 317/252/273 290/253/251 315/250/272
f 317/252/273 318/254/252 290/253/251
f 291/246/253 295/245/256 315/250/272
f 291/246/253 315/250/272 290/253/251
f 313/243/270 312/241/269 319/262/274
f 319/262/274 320/263/275 313/243/270
f 313/243/270 320/263/275 321/264/276
f 321/264/276 320/263/275 322/265/277
f 322/265/277 323/266/235 321/264/276
f 319/262/274 312/241/269 324/242/226
f 320/263/275 319/262/274 324/242/226
f 311/240/224 324/242/226 312/241/269
f 320/263/275 324/242/226 325/267/278
f 326/265/279 320/263/275 325/267/278
f 327/265/277 328/264/280 323/266/281
f 328/264/280 327/265/277 329/263/282
f 266/243/227 328/264/280 329/263/282
f 330/262/283 266/243/227 329/263/282
f 266/243/227 330/262/283 264/241/225
f 330/262/283 265/242/226 264/241/225
f 329/263/282 265/242/226 330/262/283
f 329/263/282 331/267/284 265/242/226
f 332/265/279 331/267/284 329/263/282
f 333/231/285 250/227/211 334/268/286
f 250/227/211 335/235/265 334/268/286
f 333/231/285 334/268/286 300/227/287
f 300/227/287 334/268/286 335/235/265
f 336/69/66 337/269/288 66/66/189
f 338/270/289 339/271/290 340/272/213
f 339/271/290 341/273/291 340/272/213
f 342/274/292 343/275/293 344/276/294
f 343/275/293 345/271/295 344/276/294
f 346/270/296 344/276/294 345/271/295
f 347/277/297 348/278/37 21/21/20
f 24/24/23 347/277/297 21/21/20
f 348/278/37 28/28/27 21/21/20
f 349/1/298 350/4/299 351/3/300
f 349/1/298 351/3/300 352/2/301
f 350/4/299 353/5/302 351/3/300
f 350/4/299 354/6/303 353/5/302
f 351/3/300 355/7/304 352/2/301
f 351/3/300 356/8/305 355/7/304
f 353/5/302 356/8/305 351/3/300
f 353/5/302 357/9/306 356/8/305
f 358/10/307 356/8/305 357/9/306
f 358/10/307 359/11/308 356/8/305
f 359/11/308 355/7/304 356/8/305
f 349/1/298 352/2/301 360/12/309
f 350/4/299 361/13/310 354/6/303
f 362/14/311 361/13/310 350/4/299
f 349/1/298 362/14/311 350/4/299
f 362/14/311 363/15/312 361/13/310
f 362/14/311 364/16/308 363/15/312
f 364/16/308 362/14/311 365/17/313
f 349/1/298 365/17/313 362/14/311
f 366/18/314 365/17/313 349/1/298
f 366/18/314 349/1/298 360/12/309
f 366/18/314 360/12/309 367/19/315
f 366/18/314 367/19/315 368/20/316
f 368/20/316 367/19/315 369/21/317
f 370/22/318 366/18/314 368/20/316
f 364/16/308 365/17/313 370/22/318
f 366/18/314 370/22/318 365/17/313
f 370/22/318 368/20/316 371/23/319
f 372/24/320 368/20/316 369/21/317
f 372/24/320 371/23/319 368/20/316
f 373/25/321 367/19/315 360/12/309
f 374/26/322 367/19/315 373/25/321
f 374/26/322 375/27/323 367/19/315
f 367/19/315 375/27/323 369/21/317
f 369/21/317 375/27/323 376/28/324
f 377/29/325 374/26/322 373/25/321
f 377/29/325 373/25/321 378/30/326
f 378/30/326 379/31/320 377/29/325
f 378/30/326 380/32/327 379/31/320
f 381/33/328 380/32/327 378/30/326
f 381/33/328 382/34/318 380/32/327
f 375/27/323 374/26/322 383/35/329
f 375/27/323 383/35/329 384/36/330
f 383/35/329 374/26/322 385/37/331
f 385/37/331 374/26/322 377/29/325
f 385/37/331 377/29/325 386/38/332
f 379/31/320 386/38/332 377/29/325
f 385/37/331 386/38/332 387/39/333
f 378/30/326 352/2/301 381/33/328
f 378/30/326 373/25/321 352/2/301
f 373/25/321 360/12/309 352/2/301
f 352/2/301 388/40/334 381/33/328
f 388/40/334 382/34/318 381/33/328
f 355/7/304 382/34/318 388/40/334
f 355/7/304 388/40/334 352/2/301
f 359/11/308 382/34/318 355/7/304
f 389/41/335 390/43/336 391/42/337
f 391/42/337 390/43/336 392/44/338
f 391/42/337 392/44/338 393/45/339
f 393/45/339 392/44/338 394/46/340
f 393/45/339 394/46/340 395/47/341
f 396/48/342 394/46/340 392/44/338
f 397/49/343 394/46/340 396/48/342
f 396/48/342 392/44/338 398/50/344
f 390/43/336 398/50/344 392/44/338
f 399/51/345 393/45/339 395/47/341
f 400/52/346 393/45/339 399/51/345
f 400/52/346 391/42/337 393/45/339
f 399/51/345 401/53/347 400/52/346
f 399/51/345 402/54/348 401/53/347
f 402/54/348 403/55/349 401/53/347
f 402/54/348 404/56/342 403/55/349
f 405/57/350 404/56/342 402/54/348
f 405/57/350 406/58/351 404/56/342
f 407/59/352 405/57/350 402/54/348
f 407/59/352 402/54/348 399/51/345
f 399/51/345 395/47/341 407/59/352
f 407/59/352 408/60/353 405/57/350
f 408/60/353 406/58/351 405/57/350
f 407/59/352 409/61/354 408/60/353
f 395/47/341 409/61/354 407/59/352
f 408/60/353 410/62/355 406/58/351
f 395/47/341 411/63/356 409/61/354
f 401/53/347 403/55/349 412/66/357
f 401/53/347 412/66/357 413/67/358
f 401/53/347 414/68/359 400/52/346
f 401/53/347 413/67/358 414/68/359
f 415/69/360 413/67/358 412/66/357
f 414/68/359 413/67/358 415/69/360
f 400/52/346 414/68/359 391/42/337
f 391/42/337 414/68/359 416/70/361
f 391/42/337 416/70/361 417/41/335
f 414/68/359 418/69/362 416/70/361
f 419/64/363 409/61/354 420/63/356
f 419/64/363 420/63/356 421/65/62
f 411/63/356 394/46/340 422/71/364
f 411/63/356 395/47/341 394/46/340
f 423/71/364 394/46/340 397/49/343
f 424/71/364 397/49/365 425/72/366
f 426/73/367 427/75/368 428/74/369
f 426/73/367 428/74/369 429/76/75
f 429/76/75 428/74/369 430/77/76
f 427/75/368 426/73/367 431/78/370
f 427/75/368 431/78/370 432/79/371
f 428/74/369 427/75/368 433/80/355
f 428/74/369 433/80/355 434/83/372
f 435/82/354 428/74/369 434/83/372
f 428/74/369 436/81/61 430/77/76
f 428/74/369 435/82/354 436/81/61
f 437/94/373 433/80/355 427/75/368
f 437/94/373 427/75/368 432/79/371
f 438/92/364 433/80/355 437/94/373
f 439/85/374 437/94/373 432/79/371
f 437/94/373 439/85/374 440/92/375
f 439/85/374 432/79/371 441/84/376
f 431/78/370 441/84/376 432/79/371
f 439/85/374 441/84/376 442/86/81
f 443/87/82 442/86/81 441/84/376
f 443/87/82 441/84/376 431/78/370
f 444/88/83 439/85/374 442/86/81
f 444/88/83 445/89/377 439/85/374
f 439/85/374 445/89/377 446/90/378
f 439/85/374 446/90/378 440/92/375
f 446/90/378 445/89/377 447/91/379
f 448/92/380 446/90/378 447/91/379
f 449/93/381 445/89/377 444/88/83
f 450/93/62 447/91/379 445/89/377
f 443/87/82 431/78/370 451/96/382
f 443/87/82 451/96/382 452/95/89
f 452/95/89 451/96/382 453/97/329
f 452/95/89 453/97/329 454/98/383
f 454/98/383 453/97/329 455/99/384
f 456/100/385 455/99/384 453/97/329
f 455/99/384 456/100/385 457/101/333
f 455/99/384 457/101/333 458/102/386
f 459/103/387 455/99/384 458/102/386
f 455/99/384 459/103/387 460/104/97
f 454/98/383 455/99/384 460/104/97
f 426/73/367 451/96/382 431/78/370
f 426/73/367 461/105/388 451/96/382
f 462/106/389 453/97/329 451/96/382
f 462/106/389 451/96/382 461/105/388
f 462/106/389 461/105/388 463/107/390
f 426/73/367 463/107/390 461/105/388
f 462/106/389 463/107/390 464/108/391
f 464/108/391 463/107/390 465/109/392
f 465/109/392 466/110/393 464/108/391
f 466/110/393 462/106/389 464/108/391
f 465/109/392 467/111/104 466/110/393
f 466/110/393 467/111/104 468/112/394
f 466/110/393 468/112/394 469/113/395
f 469/113/395 470/114/324 466/110/393
f 469/113/395 471/115/396 470/114/324
f 426/73/367 429/76/75 463/107/390
f 466/110/393 472/116/397 462/106/389
f 466/110/393 470/114/324 472/116/397
f 429/76/75 473/117/110 463/107/390
f 463/107/390 473/117/110 465/109/392
f 474/118/398 475/120/399 476/119/400
f 477/121/401 475/120/399 474/118/398
f 475/120/399 477/121/401 478/122/402
f 475/120/399 478/122/402 479/123/403
f 478/122/402 480/124/404 479/123/403
f 479/123/403 480/124/404 481/125/405
f 482/126/406 475/120/399 479/123/403
f 475/120/399 482/126/406 483/127/407
f 479/123/403 484/128/408 482/126/406
f 479/123/403 481/125/405 484/128/408
f 484/128/408 481/125/405 485/129/409
f 486/130/410 480/124/404 478/122/402
f 486/130/410 487/131/411 480/124/404
f 488/132/412 487/131/411 486/130/410
f 488/132/412 489/133/413 487/131/411
f 490/134/414 489/133/413 488/132/412
f 490/134/414 491/135/415 489/133/413
f 484/128/408 492/136/416 482/126/406
f 484/128/408 493/137/417 492/136/416
f 493/137/417 494/138/418 492/136/416
f 493/137/417 495/139/419 494/138/418
f 494/138/418 495/139/419 496/140/420
f 497/141/421 494/138/418 496/140/420
f 498/142/422 494/138/418 497/141/421
f 492/136/416 494/138/418 498/142/422
f 496/140/420 495/139/419 499/143/423
f 492/136/416 498/142/422 500/144/424
f 501/145/425 498/142/426 502/146/421
f 503/147/427 501/145/425 502/146/421
f 503/147/427 502/146/421 504/148/420
f 505/149/428 503/147/427 504/148/420
f 506/150/429 503/147/427 505/149/428
f 503/147/427 506/150/429 501/145/425
f 506/150/429 505/149/428 507/151/430
f 505/149/428 504/148/420 508/152/423
f 507/151/430 509/153/431 506/150/429
f 506/150/429 509/153/431 510/154/432
f 506/150/429 510/154/432 511/155/433
f 501/145/425 506/150/429 511/155/433
f 511/155/433 512/144/434 501/145/425
f 513/127/407 512/144/434 511/155/433
f 510/154/432 513/127/407 511/155/433
f 505/149/428 508/152/423 514/156/435
f 505/149/428 514/156/435 515/157/417
f 516/151/436 505/149/428 515/157/417
f 516/151/436 515/157/417 517/158/408
f 476/119/437 513/127/407 510/154/432
f 510/154/432 509/153/431 518/159/312
f 519/160/310 518/159/312 509/153/431
f 519/160/310 509/153/431 520/161/438
f 521/151/430 520/161/438 509/153/431
f 522/162/439 520/161/438 521/151/430
f 520/161/438 522/162/439 523/163/409
f 520/161/438 523/163/409 524/164/440
f 520/161/438 524/164/440 525/165/441
f 519/160/310 520/161/438 525/165/441
f 526/166/442 525/165/441 524/164/440
f 525/165/441 526/166/442 527/167/443
f 525/165/441 527/167/443 528/168/444
f 529/169/445 525/165/441 528/168/444
f 527/167/443 529/169/445 528/168/444
f 527/167/443 530/170/446 529/169/445
f 526/166/442 524/164/440 531/171/447
f 527/167/443 526/166/442 532/172/448
f 527/167/443 532/172/448 533/173/449
f 530/170/446 527/167/443 533/173/449
f 533/173/449 532/172/448 534/174/450
f 533/173/449 534/174/450 535/175/414
f 530/170/446 533/173/449 536/176/410
f 536/176/410 533/173/449 535/175/414
f 536/176/410 535/175/414 537/177/451
f 538/178/452 534/174/450 532/172/448
f 538/178/452 532/172/448 539/179/453
f 539/179/453 532/172/448 526/166/442
f 539/179/453 526/166/442 531/171/447
f 519/160/310 525/165/441 540/180/454
f 541/181/455 542/183/456 543/182/457
f 541/181/455 544/184/458 542/183/456
f 521/151/430 541/181/455 543/182/457
f 521/151/430 543/182/457 522/162/439
f 543/182/457 542/183/456 545/185/459
f 543/182/457 545/185/459 546/186/460
f 522/162/439 543/182/457 546/186/460
f 522/162/439 546/186/460 523/163/409
f 541/181/455 547/187/461 544/184/458
f 541/181/455 548/188/462 547/187/461
f 549/151/430 548/188/462 541/181/455
f 549/151/430 550/158/408 548/188/462
f 551/144/463 552/142/464 501/145/465
f 482/126/406 500/144/434 483/127/407
f 482/126/406 492/136/416 553/144/424
f 554/189/466 555/191/458 556/190/461
f 554/189/466 557/192/467 555/191/458
f 558/193/460 554/189/466 556/190/461
f 558/193/460 556/190/461 559/194/468
f 484/128/408 558/193/460 559/194/468
f 485/129/409 558/193/460 484/128/408
f 476/119/400 475/120/399 560/127/469
f 476/119/437 510/154/432 561/195/470
f 510/154/432 518/159/312 561/195/470
f 562/119/471 561/195/470 563/196/472
f 564/197/473 562/119/471 563/196/472
f 564/197/473 474/118/441 562/119/471
f 565/198/474 390/43/336 566/41/475
f 565/198/474 567/199/476 390/43/336
f 567/199/476 398/50/344 390/43/336
f 568/200/335 569/203/477 570/202/478
f 568/200/335 570/202/478 571/201/479
f 571/201/479 570/202/478 572/204/480
f 571/201/479 572/204/480 573/205/360
f 570/202/478 569/203/477 574/206/481
f 569/203/477 575/207/482 574/206/481
f 570/202/478 574/206/481 576/208/483
f 570/202/478 577/209/484 572/204/480
f 570/202/478 576/208/483 577/209/484
f 578/210/485 577/209/484 576/208/483
f 572/204/480 577/209/484 578/210/485
f 578/210/485 576/208/483 579/211/486
f 572/204/480 578/210/485 580/212/487
f 581/205/362 572/204/480 580/212/487
f 581/205/362 580/212/487 582/213/361
f 582/213/361 580/212/487 583/214/488
f 582/213/361 583/214/488 584/215/335
f 583/214/488 580/212/487 585/216/489
f 580/212/487 578/210/485 586/217/490
f 586/217/490 587/218/491 580/212/487
f 578/210/485 587/218/491 586/217/490
f 578/210/485 579/211/486 587/218/491
f 580/212/487 587/218/491 585/216/489
f 583/214/488 588/216/492 589/219/482
f 590/220/493 591/218/494 592/221/486
f 593/222/495 591/218/494 590/220/493
f 593/222/495 594/216/489 591/218/494
f 595/223/482 594/216/489 593/222/495
f 292/247/254 596/249/233 597/257/241
f 597/257/241 598/256/496 292/247/254
f 599/260/245 598/256/496 597/257/241
f 600/261/246 598/256/496 599/260/245
f 292/247/254 598/256/496 294/226/255
f 596/249/497 289/248/498 601/258/104
f 601/258/104 289/248/498 602/259/499
f 603/259/394 289/248/500 604/255/248
f 605/255/248 289/248/250 278/254/252
f 606/69/360 412/66/476 607/269/479
f 608/270/289 609/272/501 610/271/502
f 610/271/502 609/272/501 611/273/503
f 612/274/292 613/276/504 614/275/505
f 614/275/505 613/276/504 615/271/255
f 616/270/289 615/271/255 613/276/504
f 617/277/506 369/21/317 618/278/507
f 372/24/320 369/21/317 617/277/506
f 618/278/507 369/21/317 376/28/324
o Object_33.001
v 0.245724 1.664850 -0.133032
v 0.197971 1.660103 -0.190334
v 0.365887 1.364499 -0.062361
v 0.386934 1.413489 0.006213
v 0.431629 1.256397 0.000892
v 0.452281 1.304467 0.068179
v 0.265210 1.631184 -0.263622
v 0.372518 1.464985 -0.157946
v 0.474712 1.269595 -0.018678
v 0.503821 1.298921 0.006274
v 0.407249 1.504368 -0.120184
v 0.242635 1.675793 -0.136262
v 0.494299 1.315182 0.045132
v 0.360608 1.575281 -0.078793
v 0.503821 1.298921 0.006274
v 0.407249 1.504368 -0.120184
v 0.317031 1.681196 -0.156320
v 0.316735 1.685469 -0.162568
v 0.254975 1.975106 0.002104
v 0.344068 1.888342 -0.084933
v 0.360257 2.086016 -0.028450
v 0.318954 1.680245 -0.239948
v 0.329148 1.880482 -0.163894
v 0.346857 2.036217 -0.122232
v 0.168171 2.014726 -0.121674
v 0.157506 2.091394 -0.073739
v 0.224976 2.052189 0.044125
v 0.277121 2.102379 0.054227
v 0.305796 2.124700 -0.141719
v 0.262416 1.923617 -0.196230
v 0.346857 2.036217 -0.122232
v 0.329148 1.880482 -0.163894
v 0.244710 1.702233 -0.270022
v 0.318954 1.680245 -0.239948
v 0.193870 2.096610 -0.135968
v 0.179114 1.994233 -0.033654
v 0.278550 2.214561 -0.023528
v 0.346119 2.110622 -0.097060
v 0.287991 2.170484 0.024890
v 0.254422 1.666126 -0.268053
v -0.172361 0.017781 -0.026208
v -0.198730 0.513317 -0.033085
v -0.104778 0.473080 -0.040809
v -0.088338 0.775663 0.016043
v -0.180764 0.762852 0.016079
v -0.088815 0.827825 -0.004457
v -0.185182 0.818800 0.010430
v -0.055586 0.841034 0.121031
v -0.054770 0.903038 0.088609
v -0.057248 0.776048 0.122451
v -0.212923 0.828281 0.127617
v -0.214923 0.754311 0.119297
v -0.136703 0.763540 0.163038
v -0.134286 0.843893 0.163914
v -0.057248 0.776048 0.122451
v -0.055586 0.841034 0.121031
v -0.132709 0.919784 0.132170
v -0.054770 0.903038 0.088609
v -0.211929 0.884147 0.105586
v -0.116105 1.312496 -0.112064
v -0.212482 1.298139 -0.188631
v -0.044483 1.316949 -0.205749
v -0.208687 1.229978 -0.344167
v -0.280549 1.289347 -0.185290
v -0.264266 1.303378 -0.373401
v -0.065378 0.439256 0.083019
v -0.147550 0.458193 0.136037
v -0.215808 0.481015 0.082442
v -0.174235 0.012801 0.101788
v -0.218274 0.015717 0.051272
v -0.172361 0.017781 -0.026208
v -0.174235 0.012801 0.101788
v -0.035143 1.179745 -0.313680
v -0.035143 1.179745 -0.313680
v -0.035143 1.179745 -0.313680
v -0.044483 1.316949 -0.205749
v -0.043585 1.698483 -0.085335
v -0.116452 1.379817 -0.117379
v -0.030418 1.416245 -0.189322
v -0.225342 1.709854 0.007456
v -0.271410 1.378116 -0.110724
v -0.000411 1.729319 -0.232710
v -0.015579 1.445680 -0.337731
v -0.044483 1.316949 -0.205749
v -0.280549 1.289347 -0.185290
v -0.212482 1.298139 -0.188631
v -0.116105 1.312496 -0.112064
v -0.089356 1.527672 -0.368379
v -0.088113 1.438503 -0.406513
v -0.218951 1.583704 -0.359557
v -0.191078 1.773125 -0.313214
v -0.247420 1.391061 -0.405059
v -0.220907 1.341982 -0.420546
v -0.090493 1.342157 -0.420801
v -0.208687 1.229978 -0.344167
v -0.035143 1.179745 -0.313680
v -0.264266 1.303378 -0.373401
v -0.264266 1.303378 -0.373401
v -0.015532 1.402680 -0.346933
v -0.035143 1.179745 -0.313680
v -0.035143 1.179745 -0.313680
v -0.169238 1.996047 -0.226498
v 0.023423 1.885365 -0.244554
v 0.193870 2.096610 -0.135968
v -0.057347 2.239063 -0.103441
v 0.192533 2.288828 0.030023
v 0.278550 2.214561 -0.023528
v 0.287991 2.170484 0.024890
v 0.193765 2.212389 0.083274
v 0.123335 2.269417 0.151207
v 0.040110 2.338708 0.108574
v 0.006711 1.779587 -0.117812
v 0.179114 1.994233 -0.033654
v -0.070643 1.757486 -0.024030
v 0.068011 1.943036 0.066023
v -0.040258 1.987255 0.185737
v 0.183669 2.154038 0.120792
v 0.037559 2.224880 0.207108
v 0.123335 2.269417 0.151207
v 0.193765 2.212389 0.083274
v 0.277121 2.102379 0.054227
v 0.287991 2.170484 0.024890
v 0.224976 2.052189 0.044125
v -0.157851 1.763433 0.026860
v 0.476952 1.240855 0.104512
v 0.433109 1.260419 0.017991
v 0.454805 1.226363 0.047091
v 0.445419 1.211930 0.086579
v 0.454286 1.168812 0.091328
v 0.467292 1.175065 0.051938
v 0.478098 1.149810 0.085566
v 0.502454 1.167382 0.083801
v 0.495724 1.137693 0.004005
v 0.447813 1.158764 -0.036365
v 0.516654 1.128575 0.036609
v 0.532778 1.121530 0.062619
v 0.454191 1.121172 0.088948
v 0.478226 1.118729 0.087672
v 0.456297 1.096915 0.080428
v 0.475779 1.096097 0.081404
v 0.454757 1.076644 0.090552
v 0.474594 1.075812 0.091548
v 0.476456 1.106641 0.006083
v 0.492855 1.091017 0.035114
v 0.447541 1.091980 0.020080
v 0.463300 1.082405 0.047568
v 0.436372 1.066490 0.016867
v 0.418904 1.089635 -0.015632
v 0.424750 1.109081 -0.016134
v 0.450535 1.057723 0.042572
v 0.447436 1.129638 -0.042444
v 0.459205 1.113116 -0.052942
v 0.418904 1.089635 -0.015632
v 0.486030 1.073658 -0.006099
v 0.436372 1.066490 0.016867
v 0.501869 1.067612 0.025995
v 0.528004 1.134107 -0.008638
v 0.543032 1.127136 0.023659
v 0.450535 1.057723 0.042572
v 0.527363 1.264107 0.028775
v 0.482068 1.269727 -0.004718
v 0.475929 1.157969 -0.053838
v 0.447436 1.129638 -0.042444
v 0.447813 1.158764 -0.036365
v 0.463300 1.082405 0.047568
v 0.492855 1.091017 0.035114
v 0.543032 1.127136 0.023659
v 0.516654 1.128575 0.036609
v 0.503821 1.298921 0.006274
v 0.494299 1.315182 0.045132
v 0.523906 1.249780 0.082736
v 0.543032 1.127136 0.023659
v 0.555173 1.121506 0.049754
v 0.532778 1.121530 0.062619
v 0.502454 1.167382 0.083801
v 0.476952 1.240855 0.104512
v 0.480337 1.163119 0.114608
v 0.453581 1.167713 0.114000
v 0.454621 1.215165 0.111434
v 0.445419 1.211930 0.086579
v 0.454286 1.168812 0.091328
v 0.478098 1.149810 0.085566
v 0.479410 1.115495 0.111426
v 0.451947 1.119572 0.110771
v 0.474594 1.075812 0.091548
v 0.454757 1.076644 0.090552
v 0.454191 1.121172 0.088948
v 0.456297 1.096915 0.080428
v 0.475779 1.096097 0.081404
v 0.478226 1.118729 0.087672
v 0.452281 1.304467 0.068179
v 0.519278 1.061893 0.015230
v 0.531835 1.056880 0.041259
v 0.484213 1.031246 0.056210
v 0.473637 1.035123 0.035688
v 0.488716 1.056251 0.062447
v 0.517930 1.074650 0.053830
v 0.477396 1.063989 0.038216
v 0.503184 1.083257 0.027476
v 0.543032 1.127136 0.023659
v 0.516654 1.128575 0.036609
v 0.447436 1.129638 -0.042444
v 0.424750 1.109081 -0.016134
v 0.447436 1.129638 -0.042444
v 0.488716 1.056251 0.062447
v 0.477396 1.063989 0.038216
v 0.473637 1.035123 0.035688
v 0.484213 1.031246 0.056210
v 0.517930 1.074650 0.053830
v 0.503184 1.083257 0.027476
v 0.447813 1.158764 -0.036365
v 0.474712 1.269595 -0.018678
v 0.433109 1.260419 0.017991
v 0.431629 1.256397 0.000892
v 0.452281 1.304467 0.068179
v -0.125907 0.013705 0.052548
v -0.172361 0.017781 -0.026208
v -0.065378 0.439256 0.083019
v -0.172361 0.017781 -0.026208
v -0.125907 0.013705 0.052548
v -0.123583 -0.042857 0.059662
v -0.162244 -0.062676 -0.020895
v -0.177573 -0.037074 0.117507
v -0.174235 0.012801 0.101788
v -0.096069 -0.166484 0.016601
v -0.144163 -0.178473 -0.017935
v -0.106281 -0.103906 0.378443
v -0.160791 -0.062828 0.327303
v -0.226623 -0.086578 0.379111
v -0.232395 -0.106515 0.416038
v -0.217336 -0.057692 0.052021
v -0.174235 0.012801 0.101788
v -0.218274 0.015717 0.051272
v -0.162244 -0.062676 -0.020895
v -0.172361 0.017781 -0.026208
v -0.198160 -0.182003 0.011865
v -0.253792 -0.090041 0.354805
v -0.275153 -0.127532 0.382160
v -0.144163 -0.178473 -0.017935
v -0.198160 -0.182003 0.011865
v -0.106281 -0.103906 0.378443
v -0.232395 -0.106515 0.416038
v -0.275153 -0.127532 0.382160
v -0.096069 -0.166484 0.016601
v -0.198160 -0.182003 0.011865
v -0.144163 -0.178473 -0.017935
v 0.195035 2.365489 0.405179
v 0.154720 2.334795 0.378309
v 0.223288 2.321251 0.330890
v 0.147558 2.373366 0.416543
v 0.103390 2.349291 0.409046
v 0.101739 2.348666 0.396076
v 0.117496 2.372262 0.417946
v 0.122508 2.376019 0.446572
v 0.252474 2.395539 0.397788
v 0.310472 2.432249 0.385828
v 0.160497 2.417899 0.439642
v 0.141487 2.408906 0.447094
v 0.160835 2.441341 0.453933
v 0.207789 2.404333 0.436687
v 0.227921 2.425485 0.457115
v 0.172607 2.458758 0.471492
v 0.188572 2.484300 0.484187
v 0.247966 2.457709 0.472163
v 0.243733 2.580206 0.483832
v 0.326801 2.499188 0.450160
v 0.362848 2.569866 0.352050
v 0.332310 2.466931 0.300360
v 0.237139 2.363185 0.266832
v 0.101789 2.241374 0.283126
v 0.160451 2.318652 0.214826
v 0.058424 2.291182 0.241272
v 0.314389 2.508070 0.210920
v 0.256451 2.651608 0.198782
v 0.170031 2.511664 0.139719
v 0.253762 2.415930 0.196271
v 0.111153 2.405371 0.162796
v 0.111153 2.405371 0.162796
v 0.040110 2.338708 0.108574
v 0.104091 2.272928 0.345183
v 0.031247 2.239985 0.306966
v 0.058424 2.291182 0.241272
v 0.037559 2.224880 0.207108
v 0.123335 2.269417 0.151207
v 0.049168 2.270690 0.351326
v 0.055457 2.281860 0.355601
v 0.123335 2.269417 0.151207
v 0.040110 2.338708 0.108574
v 0.020230 2.399353 0.228784
v 0.055126 2.530251 0.216044
v 0.027272 2.481874 0.279256
v -0.005505 2.300995 0.285201
v 0.058424 2.291182 0.241272
v 0.004658 2.444896 0.343835
v 0.075762 2.614583 0.325898
v 0.069411 2.570987 0.409823
v 0.068172 2.501608 0.416135
v 0.071695 2.436474 0.417455
v 0.061169 2.388635 0.387623
v 0.103468 2.398742 0.420932
v 0.103390 2.349291 0.409046
v 0.101739 2.348666 0.396076
v 0.117496 2.372262 0.417946
v 0.122508 2.376019 0.446572
v 0.138760 2.430408 0.441806
v 0.141487 2.408906 0.447094
v 0.160835 2.441341 0.453933
v 0.103448 2.464385 0.447075
v 0.114742 2.490623 0.468382
v 0.172607 2.458758 0.471492
v 0.188572 2.484300 0.484187
v 0.134787 2.522848 0.483430
v 0.128389 2.613379 0.469910
v 0.156778 2.688465 0.372563
v 0.106597 2.627661 0.231603
v 0.256451 2.651608 0.198782
v 0.170031 2.511664 0.139719
v 0.111153 2.405371 0.162796
v 0.185057 2.601606 0.478677
v 0.197272 2.685854 0.403928
v 0.156778 2.688465 0.372563
v 0.286556 2.685517 0.305163
v 0.256451 2.651608 0.198782
v 0.243733 2.580206 0.483832
v 0.277007 2.648489 0.423318
v 0.286556 2.685517 0.305163
v 0.286556 2.685517 0.305163
v 0.362848 2.569866 0.352050
v 0.345369 2.600620 0.389185
v 0.290160 2.541117 0.468215
v 0.277007 2.648489 0.423318
v 0.286556 2.685517 0.305163
v 0.122508 2.376019 0.446572
v 0.125608 2.380821 0.449952
v 0.141487 2.408906 0.447094
v -0.174235 0.012801 0.101788
v -0.125907 0.013705 0.052548
v 0.118941 2.402864 0.235590
v 0.223288 2.321251 0.330890
v 0.101739 2.348666 0.396076
v 0.154720 2.334795 0.378309
v 0.055457 2.281860 0.355601
v 0.104091 2.272928 0.345183
v 0.050754 2.275214 0.303418
v 0.223288 2.321251 0.330890
v 0.118941 2.402864 0.235590
v 0.346119 2.110622 -0.097060
v 0.287991 2.170484 0.024890
v -0.503037 1.907023 -0.098663
v -0.775072 1.741650 -0.064591
v -0.757280 1.698536 -0.137874
v -0.447703 1.887179 -0.143237
v -0.879555 1.629424 -0.121094
v -0.897014 1.671730 -0.049188
v -0.497827 1.901968 -0.233972
v -0.689404 1.801191 -0.202156
v -0.904121 1.664676 -0.144915
v -0.923709 1.700819 -0.119618
v -0.713352 1.847001 -0.163284
v -0.490146 1.922296 -0.095448
v -0.920677 1.704797 -0.076724
v -0.655957 1.879295 -0.095603
v -0.923709 1.700819 -0.119618
v -0.713352 1.847001 -0.163284
v -0.548918 1.959399 -0.131004
v -0.540087 1.971168 -0.132785
v -0.377903 2.176471 0.082545
v -0.475877 2.154185 -0.031230
v -0.400251 2.327540 0.050967
v -0.525885 1.970631 -0.209760
v -0.449268 2.142186 -0.106507
v -0.393109 2.281522 -0.045396
v -0.257102 2.167327 -0.016193
v -0.219864 2.224585 0.044014
v -0.323143 2.223879 0.140523
v -0.282747 2.308566 0.156384
v -0.309029 2.334647 -0.043481
v -0.364472 2.143734 -0.119419
v -0.393109 2.281522 -0.045396
v -0.449268 2.142186 -0.106507
v -0.443464 1.954336 -0.220844
v -0.525885 1.970631 -0.209760
v -0.301277 2.234195 -0.002490
v -0.301890 2.140482 0.106354
v -0.243147 2.384492 0.050082
v -0.359925 2.342968 -0.009434
v -0.259757 2.363149 0.110455
v -0.470123 1.927462 -0.228648
v -0.194519 0.157533 -0.819478
v -0.317099 0.547889 -0.608115
v -0.232824 0.577514 -0.557860
v -0.384487 0.771206 -0.406505
v -0.293141 0.760442 -0.390802
v -0.389560 0.830441 -0.391107
v -0.297208 0.817808 -0.361088
v -0.446599 0.764902 -0.294356
v -0.452448 0.829563 -0.283769
v -0.436363 0.713784 -0.327122
v -0.293297 0.753427 -0.257748
v -0.279887 0.697273 -0.302899
v -0.365894 0.681274 -0.281361
v -0.379241 0.743222 -0.239060
v -0.436363 0.713784 -0.327122
v -0.446599 0.764902 -0.294356
v -0.387635 0.818378 -0.221107
v -0.452448 0.829563 -0.283769
v -0.299809 0.810274 -0.242861
v -0.434634 1.276550 -0.176204
v -0.325570 1.316949 -0.218988
v -0.488658 1.335841 -0.262762
v -0.306216 1.293898 -0.385472
v -0.376076 0.452279 -0.534559
v -0.309644 0.439435 -0.461457
v -0.235519 0.487702 -0.476571
v -0.218102 0.083902 -0.717337
v -0.165478 0.113768 -0.746290
v -0.194519 0.157533 -0.819478
v -0.218102 0.083902 -0.717337
v -0.280549 1.289347 -0.185290
v -0.306216 1.293898 -0.385472
v -0.264266 1.303378 -0.373401
v -0.475604 1.311486 -0.416373
v -0.475604 1.311486 -0.416373
v -0.475604 1.311486 -0.416373
v -0.488658 1.335841 -0.262762
v -0.385842 1.755064 -0.110743
v -0.473572 1.489505 -0.222217
v -0.415012 1.429174 -0.139544
v -0.225342 1.709854 0.007456
v -0.271410 1.378116 -0.110724
v -0.395215 1.794584 -0.262018
v -0.456712 1.518606 -0.370477
v -0.488658 1.335841 -0.262762
v -0.434634 1.276550 -0.176204
v -0.325570 1.316949 -0.218988
v -0.280549 1.289347 -0.185290
v -0.469703 1.479111 -0.380381
v -0.475604 1.311486 -0.416373
v -0.381201 1.486954 -0.428270
v -0.475604 1.311486 -0.416373
v -0.356973 1.571914 -0.388247
v -0.218951 1.583704 -0.359557
v -0.191078 1.773125 -0.313214
v -0.247420 1.391061 -0.405059
v -0.285731 1.352698 -0.425359
v -0.407760 1.394605 -0.444353
v -0.306216 1.293898 -0.385472
v -0.475604 1.311486 -0.416373
v -0.264266 1.303378 -0.373401
v -0.264266 1.303378 -0.373401
v -0.365255 2.001489 -0.120467
v -0.169238 1.996047 -0.226498
v -0.301277 2.234195 -0.002490
v -0.057347 2.239063 -0.103441
v -0.124269 2.386483 0.097079
v -0.243147 2.384492 0.050082
v -0.259757 2.363149 0.110455
v -0.146505 2.337415 0.134015
v -0.028307 2.314723 0.199620
v 0.040110 2.338708 0.108574
v -0.339033 1.882885 -0.007431
v -0.301890 2.140482 0.106354
v -0.247326 1.810273 0.032376
v -0.208713 2.032530 0.165387
v -0.040258 1.987255 0.185737
v -0.151542 2.270065 0.205660
v 0.037559 2.224880 0.207108
v -0.028307 2.314723 0.199620
v -0.146505 2.337415 0.134015
v -0.282747 2.308566 0.156384
v -0.259757 2.363149 0.110455
v -0.323143 2.223879 0.140523
v -0.157851 1.763433 0.026860
v -0.953948 1.637732 -0.032042
v -0.918284 1.620833 -0.081443
v -0.882317 1.650344 -0.099138
v -0.924743 1.603273 -0.042641
v -0.942967 1.563001 -0.045174
v -0.941516 1.573375 -0.085793
v -0.967038 1.549896 -0.059664
v -0.985659 1.572427 -0.066789
v -0.960329 1.544900 -0.143569
v -0.899041 1.556416 -0.165487
v -0.991763 1.539411 -0.119774
v -1.016258 1.535129 -0.100600
v -0.951526 1.516615 -0.052268
v -0.973943 1.519544 -0.060879
v -0.955602 1.493735 -0.063459
v -0.974171 1.497167 -0.068409
v -0.961328 1.473264 -0.055461
v -0.980238 1.476760 -0.060502
v -0.949193 1.510327 -0.139033
v -0.976582 1.497632 -0.117951
v -0.929584 1.489191 -0.118642
v -0.954703 1.482311 -0.098217
v -0.923228 1.462007 -0.120975
v -0.892280 1.481929 -0.144266
v -0.893722 1.502188 -0.144496
v -0.946147 1.455630 -0.101682
v -0.902534 1.528154 -0.174118
v -0.913448 1.515003 -0.189274
v -0.892280 1.481929 -0.144266
v -0.960784 1.480704 -0.156811
v -0.923228 1.462007 -0.120975
v -0.986722 1.477115 -0.131676
v -0.987083 1.548930 -0.165534
v -1.012512 1.544255 -0.140060
v -0.946147 1.455630 -0.101682
v -0.972548 1.674190 -0.116555
v -0.918889 1.670963 -0.134306
v -0.919868 1.562431 -0.190517
v -0.902534 1.528154 -0.174118
v -0.899041 1.556416 -0.165487
v -0.954703 1.482311 -0.098217
v -0.976582 1.497632 -0.117951
v -1.012512 1.544255 -0.140060
v -0.991763 1.539411 -0.119774
v -0.923709 1.700819 -0.119618
v -0.920677 1.704797 -0.076724
v -0.989016 1.657507 -0.065768
v -1.012512 1.544255 -0.140060
v -1.033057 1.540478 -0.119474
v -1.016258 1.535129 -0.100600
v -0.985659 1.572427 -0.066789
v -0.953948 1.637732 -0.032042
v -0.975572 1.562312 -0.031404
v -0.949609 1.560954 -0.023553
v -0.940421 1.607541 -0.021453
v -0.924743 1.603273 -0.042641
v -0.942967 1.563001 -0.045174
v -0.967038 1.549896 -0.059664
v -0.983101 1.515788 -0.039014
v -0.956573 1.513773 -0.031049
v -0.980238 1.476760 -0.060502
v -0.961328 1.473264 -0.055461
v -0.951526 1.516615 -0.052268
v -0.955602 1.493735 -0.063459
v -0.974171 1.497167 -0.068409
v -0.973943 1.519544 -0.060879
v -0.897014 1.671730 -0.049188
v -1.000663 1.475742 -0.147659
v -0.986922 1.436695 -0.101454
v -1.021451 1.472659 -0.127195
v -0.969918 1.438901 -0.117396
v -0.988126 1.461837 -0.094324
v -1.008953 1.486484 -0.109314
v -0.968511 1.467779 -0.113165
v -0.985324 1.492604 -0.129062
v -1.012512 1.544255 -0.140060
v -0.991763 1.539411 -0.119774
v -0.902534 1.528154 -0.174118
v -0.893722 1.502188 -0.144496
v -0.902534 1.528154 -0.174118
v -0.988126 1.461837 -0.094324
v -0.969918 1.438901 -0.117396
v -0.968511 1.467779 -0.113165
v -0.986922 1.436695 -0.101454
v -1.008953 1.486484 -0.109314
v -0.985324 1.492604 -0.129062
v -0.899041 1.556416 -0.165487
v -0.904121 1.664676 -0.144915
v -0.882317 1.650344 -0.099138
v -0.879555 1.629424 -0.121094
v -0.897014 1.671730 -0.049188
v -0.255083 0.111369 -0.768707
v -0.194519 0.157533 -0.819478
v -0.376076 0.452279 -0.534559
v -0.194519 0.157533 -0.819478
v -0.198318 0.094535 -0.860267
v -0.240439 0.046502 -0.794728
v -0.255083 0.111369 -0.768707
v -0.191700 0.030346 -0.734249
v -0.218102 0.083902 -0.717337
v -0.220412 -0.023283 -0.907081
v -0.171813 0.004206 -0.930145
v -0.229186 -0.203145 -0.586886
v -0.194684 -0.125216 -0.590196
v -0.124018 -0.155229 -0.549113
v -0.110699 -0.191056 -0.530855
v -0.148045 0.068643 -0.788302
v -0.218102 0.083902 -0.717337
v -0.165478 0.113768 -0.746290
v -0.198318 0.094535 -0.860267
v -0.194519 0.157533 -0.819478
v -0.119987 -0.000974 -0.896930
v -0.097869 -0.134303 -0.563920
v -0.063670 -0.172047 -0.559916
v -0.119987 -0.000974 -0.896930
v -0.171813 0.004206 -0.930145
v -0.229186 -0.203145 -0.586886
v -0.063670 -0.172047 -0.559916
v -0.110699 -0.191056 -0.530855
v -0.220412 -0.023283 -0.907081
v -0.119987 -0.000974 -0.896930
v -0.171813 0.004206 -0.930145
v 0.058424 2.291182 0.241272
v 0.031247 2.239985 0.306966
v 0.021903 2.318600 0.346773
v 0.049168 2.270690 0.351326
v 0.055457 2.281860 0.355601
v 0.037559 2.224880 0.207108
v -0.028307 2.314723 0.199620
v -0.028307 2.314723 0.199620
v 0.040110 2.338708 0.108574
v 0.040110 2.338708 0.108574
v -0.218102 0.083902 -0.717337
v -0.255083 0.111369 -0.768707
v 0.118941 2.402864 0.235590
v 0.101739 2.348666 0.396076
v 0.004658 2.444896 0.343835
v 0.061169 2.388635 0.387623
v 0.055457 2.281860 0.355601
v 0.050754 2.275214 0.303418
v 0.021903 2.318600 0.346773
v 0.004658 2.444896 0.343835
v 0.118941 2.402864 0.235590
v -0.359925 2.342968 -0.009434
v -0.259757 2.363149 0.110455
vn -0.4340 0.1872 0.8813
vn -0.9573 -0.2771 -0.0822
vn -0.7858 -0.5973 -0.1608
vn -0.4671 0.1629 0.8691
vn -0.8309 -0.4693 -0.2989
vn -0.4872 0.3699 0.7911
vn -0.1090 -0.3839 -0.9169
vn 0.1455 -0.4794 -0.8654
vn 0.2704 -0.3158 -0.9095
vn 0.8846 0.2624 -0.3855
vn 0.9148 0.2269 -0.3341
vn -0.3776 -0.1139 0.9189
vn 0.6466 0.6484 0.4019
vn 0.4891 0.5873 0.6448
vn 0.9135 0.2250 -0.3389
vn 0.5243 0.7101 0.4699
vn 0.9231 0.0659 0.3789
vn -0.1458 -0.4156 0.8978
vn 0.8718 -0.2482 0.4223
vn 0.9217 0.1053 0.3734
vn 0.8402 0.1098 -0.5311
vn 0.8364 0.0875 -0.5411
vn 0.8660 0.0603 -0.4963
vn -0.9361 0.0313 -0.3504
vn -0.6141 0.7878 -0.0476
vn 0.4009 -0.3210 0.8580
vn 0.5655 -0.3796 0.7322
vn 0.2036 0.5493 -0.8104
vn -0.0485 0.2322 -0.9714
vn 0.8660 0.0603 -0.4964
vn 0.8465 0.0955 -0.5238
vn -0.3199 0.1347 -0.9378
vn 0.9092 0.1519 -0.3877
vn 0.9376 -0.0553 0.3432
vn 0.6289 -0.4407 0.6404
vn 0.7915 0.5729 -0.2127
vn 0.9229 0.3226 -0.2102
vn 0.9373 0.1286 0.3240
vn -0.2426 -0.1561 -0.9575
vn -0.0082 -0.0639 -0.9979
vn -0.6459 0.0902 -0.7581
vn 0.5525 0.0111 -0.8335
vn 0.6720 -0.0859 -0.7355
vn -0.6322 0.0340 -0.7741
vn 0.6115 -0.4284 -0.6652
vn -0.7279 -0.2843 -0.6240
vn 0.9319 0.0670 0.3564
vn 0.9115 0.1608 0.3787
vn 0.9284 -0.0493 0.3683
vn -0.8766 0.0734 0.4755
vn -0.9240 -0.0174 0.3820
vn 0.0003 -0.0733 0.9973
vn 0.0204 0.1983 0.9799
vn 0.9318 -0.0447 0.3602
vn 0.9477 0.0458 0.3158
vn 0.0205 0.4714 0.8817
vn 0.9129 0.1596 0.3758
vn -0.8906 0.2069 0.4050
vn 0.0894 0.5417 0.8358
vn -0.7429 -0.1620 0.6495
vn 0.9250 0.1967 0.3249
vn -0.4718 -0.8420 -0.2616
vn -0.2455 -0.5730 0.7819
vn -0.3520 -0.9034 -0.2448
vn 0.9426 -0.0973 0.3193
vn -0.0568 -0.0787 0.9953
vn -0.9318 -0.0142 0.3626
vn -0.0393 -0.0269 0.9989
vn -0.9962 0.0145 0.0858
vn -0.0393 -0.0268 0.9989
vn 0.7555 -0.5446 -0.3642
vn 0.7364 -0.4942 -0.4620
vn 0.7364 -0.4943 -0.4620
vn 0.9251 0.1966 0.3248
vn 0.9127 0.1639 0.3743
vn 0.7672 -0.2786 0.5777
vn 0.3421 -0.2506 0.9056
vn 0.8954 -0.1667 0.4129
vn -0.0222 -0.2431 0.9697
vn -0.1445 -0.4881 0.8607
vn 0.9320 0.0015 -0.3624
vn 0.9171 0.1081 -0.3838
vn 0.9306 -0.1169 0.3469
vn -0.1651 -0.8509 0.4986
vn -0.2494 -0.9528 0.1732
vn 0.1692 0.0770 0.9826
vn 0.3729 0.3292 -0.8675
vn 0.3611 0.1981 -0.9113
vn 0.1119 0.2440 -0.9633
vn 0.0095 0.2899 -0.9570
vn 0.0912 0.1072 -0.9901
vn -0.2738 -0.1924 -0.9424
vn 0.4573 -0.1514 -0.8763
vn -0.3031 -0.3729 -0.8770
vn 0.8716 -0.2680 -0.4106
vn -0.1098 -0.8756 -0.4703
vn -0.2937 -0.9382 -0.1832
vn 0.9061 -0.0571 -0.4192
vn 0.7607 -0.4451 -0.4724
vn 0.7887 -0.4602 -0.4076
vn -0.1934 0.4307 -0.8815
vn 0.5906 -0.0586 -0.8049
vn 0.3047 0.0959 -0.9476
vn -0.0772 0.6904 -0.7193
vn 0.5342 0.8405 -0.0902
vn 0.4018 0.8990 -0.1741
vn 0.5733 0.4151 0.7064
vn 0.6934 0.2875 0.6607
vn 0.8939 0.1578 0.4196
vn 0.1939 0.9229 -0.3328
vn 0.7903 -0.6112 -0.0429
vn 0.7294 -0.6832 -0.0360
vn 0.4931 -0.6027 0.6273
vn 0.5861 -0.5958 0.5491
vn 0.2792 -0.4597 0.8431
vn 0.6080 -0.0963 0.7881
vn 0.2802 -0.3040 0.9105
vn 0.9122 0.1136 0.3937
vn 0.7380 0.4322 0.5182
vn 0.5324 -0.0383 0.8456
vn 0.5621 0.4331 0.7046
vn 0.2160 -0.9752 0.0476
vn 0.1116 -0.5547 0.8246
vn -0.1985 0.1919 0.9611
vn -0.9592 0.1451 -0.2428
vn -0.9642 -0.1850 0.1901
vn -0.9729 0.2308 0.0130
vn -0.9122 -0.2550 -0.3208
vn -0.8057 -0.5409 -0.2414
vn 0.4695 -0.5782 -0.6673
vn 0.4319 -0.5606 0.7065
vn -0.8373 -0.1234 0.5326
vn -0.9677 -0.0060 -0.2519
vn -0.7987 -0.2559 0.5446
vn -0.0713 -0.2917 0.9538
vn -0.7369 0.0856 -0.6706
vn 0.7170 0.0675 -0.6938
vn -0.5595 -0.0610 -0.8266
vn 0.6144 -0.1068 -0.7817
vn -0.5685 -0.8224 -0.0209
vn 0.4846 -0.8745 0.0227
vn -0.4485 0.6706 0.5908
vn 0.0646 0.2198 0.9734
vn -0.5207 0.6195 0.5875
vn -0.1454 0.3439 0.9277
vn -0.7584 -0.6420 0.1126
vn -0.9128 -0.3480 -0.2138
vn -0.7902 0.6087 0.0714
vn -0.4185 -0.7032 0.5747
vn -0.8981 0.2915 -0.3294
vn -0.0889 -0.3348 -0.9381
vn -0.9128 -0.3481 -0.2137
vn -0.7903 0.6086 0.0713
vn 0.3242 -0.7839 -0.5295
vn -0.7584 -0.6420 0.1125
vn 0.5868 -0.7664 0.2613
vn 0.7794 -0.1469 -0.6090
vn 0.8893 -0.0778 -0.4506
vn -0.4185 -0.7033 0.5747
vn 0.9138 0.2960 -0.2780
vn 0.5398 -0.2914 -0.7897
vn 0.1433 0.1777 -0.9736
vn -0.8981 0.2914 -0.3293
vn -0.9678 -0.0061 -0.2518
vn -0.1453 0.3439 0.9277
vn 0.0646 0.2197 0.9734
vn 0.8894 -0.0778 -0.4506
vn -0.7987 -0.2558 0.5446
vn -0.9592 0.1450 -0.2427
vn 0.8855 0.1569 -0.4373
vn 0.6488 0.5553 0.5202
vn 0.7337 0.2809 0.6187
vn 0.8894 -0.0778 -0.4505
vn 0.9630 -0.1084 0.2468
vn -0.0714 -0.2917 0.9538
vn 0.4320 -0.5605 0.7066
vn -0.3145 0.3773 0.8711
vn 0.5382 -0.0938 0.8376
vn -0.6839 -0.0099 0.7295
vn -0.5067 0.3296 0.7966
vn -0.9122 -0.2550 -0.3207
vn 0.4695 -0.5783 -0.6672
vn 0.6698 -0.2373 0.7036
vn -0.7258 -0.1746 0.6654
vn 0.4846 -0.8744 0.0227
vn -0.5685 -0.8224 -0.0210
vn -0.7368 0.0856 -0.6706
vn -0.5594 -0.0609 -0.8267
vn 0.6144 -0.1070 -0.7817
vn 0.7169 0.0677 -0.6939
vn -0.3984 0.2281 0.8884
vn 0.2303 -0.3503 -0.9079
vn 0.7666 -0.6150 0.1844
vn -0.2360 -0.8089 0.5385
vn -0.7009 -0.6092 -0.3710
vn -0.2996 0.2090 0.9309
vn -0.0418 0.0748 0.9963
vn -0.8476 0.5062 -0.1591
vn -0.7634 0.4856 -0.4258
vn -0.7988 -0.2558 0.5446
vn -0.8981 0.2917 -0.3292
vn -0.0891 -0.3346 -0.9381
vn -0.7901 0.6088 0.0715
vn -0.8981 0.2914 -0.3294
vn -0.8476 0.5061 -0.1591
vn -0.7008 -0.6093 -0.3710
vn -0.2360 -0.8089 0.5384
vn -0.0417 0.0747 0.9963
vn -0.7635 0.4855 -0.4259
vn 0.3974 -0.9161 -0.0540
vn -0.9610 -0.2154 0.1737
vn 0.2886 -0.9180 0.2721
vn -0.3828 0.2921 0.8764
vn -0.3322 0.4168 0.8461
vn 0.9906 -0.0834 0.1084
vn 0.9426 -0.0974 0.3193
vn 0.0626 -0.1362 -0.9887
vn 0.9967 -0.0390 0.0714
vn 0.9430 0.3313 -0.0300
vn 0.0372 0.1277 -0.9911
vn -0.2162 0.8933 0.3941
vn -0.0521 0.0861 0.9949
vn 0.8165 -0.4977 -0.2925
vn 0.1414 -0.6584 -0.7393
vn 0.7301 -0.0836 0.6782
vn 0.1446 0.9558 0.2559
vn -0.2246 0.8975 0.3796
vn -0.1960 0.0242 0.9803
vn -0.9693 0.1257 -0.2115
vn -0.1307 0.0510 0.9901
vn -0.9956 -0.0854 0.0390
vn 0.0590 0.1510 -0.9868
vn 0.0134 -0.1634 -0.9865
vn -0.5710 -0.7239 -0.3872
vn -0.6068 0.7794 0.1559
vn -0.7788 -0.3878 0.4929
vn 0.0619 0.0745 -0.9953
vn 0.1415 -0.6584 -0.7393
vn -0.7788 -0.3878 0.4930
vn 0.8166 -0.4977 -0.2925
vn 0.2300 -0.6864 0.6899
vn -0.2229 -0.9746 -0.0234
vn 0.5542 -0.8299 0.0645
vn 0.2405 -0.6515 0.7196
vn -0.3441 -0.7052 0.6199
vn -0.5042 -0.8485 -0.1608
vn -0.2640 -0.5905 0.7626
vn -0.3306 -0.6864 0.6478
vn 0.4819 -0.6798 0.5529
vn 0.7705 -0.5769 0.2711
vn 0.1987 -0.5400 0.8179
vn 0.0039 -0.1635 0.9865
vn -0.1992 -0.4927 0.8471
vn 0.0926 -0.6932 0.7148
vn 0.2043 -0.6354 0.7447
vn -0.1934 -0.4836 0.8536
vn -0.0284 -0.2181 0.9755
vn 0.3066 -0.4085 0.8597
vn 0.2555 0.2841 0.9241
vn 0.7465 -0.2258 0.6259
vn 0.9920 0.1213 -0.0358
vn 0.8927 -0.4158 -0.1738
vn 0.6992 -0.6476 -0.3030
vn 0.2070 -0.9555 -0.2103
vn 0.5917 -0.6827 -0.4288
vn -0.2751 -0.8888 -0.3666
vn 0.7774 -0.0969 -0.6215
vn 0.3104 0.6579 -0.6861
vn -0.0408 0.1009 -0.9941
vn 0.6105 -0.4604 -0.6445
vn -0.0493 0.0865 -0.9950
vn -0.0969 0.1274 -0.9871
vn 0.4384 0.6951 -0.5698
vn 0.1545 0.1072 0.9822
vn -0.4841 -0.8732 0.0568
vn -0.4833 -0.8653 -0.1328
vn -0.3509 -0.9332 0.0768
vn 0.0236 -0.0727 0.9971
vn 0.7328 -0.4398 -0.5191
vn 0.8745 0.1867 0.4476
vn -0.2901 -0.5494 0.7836
vn 0.2445 0.4096 0.8789
vn 0.8687 0.1916 0.4568
vn 0.1872 0.9440 -0.2718
vn 0.6526 -0.4259 -0.6266
vn -0.9281 0.2387 -0.2859
vn -0.7865 0.3479 -0.5102
vn -0.1153 0.0949 -0.9888
vn -0.9386 0.2974 -0.1748
vn -0.9279 -0.3162 -0.1974
vn -0.6321 -0.6610 -0.4044
vn -0.9852 0.0592 0.1609
vn -0.8167 0.5771 -0.0005
vn -0.8310 0.3470 0.4349
vn -0.7460 0.0209 0.6657
vn -0.6087 -0.2066 0.7660
vn -0.7178 -0.6958 0.0235
vn -0.5705 -0.1847 0.8003
vn -0.3442 -0.7051 0.6199
vn -0.5043 -0.8484 -0.1608
vn -0.3305 -0.6864 0.6478
vn -0.4396 -0.1726 0.8814
vn 0.0042 -0.1637 0.9865
vn -0.1993 -0.4927 0.8471
vn -0.5343 -0.3324 0.7772
vn -0.5352 -0.2098 0.8183
vn -0.1933 -0.4836 0.8537
vn -0.3736 -0.0170 0.9274
vn -0.4676 0.4729 0.7468
vn -0.3885 0.9158 0.1015
vn -0.5549 0.6725 -0.4897
vn 0.3103 0.6579 -0.6861
vn -0.0409 0.1009 -0.9941
vn -0.0493 0.0864 -0.9950
vn 0.0042 0.4077 0.9131
vn 0.0204 0.8948 0.4460
vn -0.3884 0.9159 0.1016
vn 0.4817 0.8632 -0.1512
vn 0.2555 0.2842 0.9241
vn 0.4484 0.6785 0.5819
vn 0.4818 0.8632 -0.1512
vn 0.4817 0.8632 -0.1511
vn 0.9920 0.1214 -0.0358
vn 0.3103 0.6580 -0.6861
vn 0.8241 0.4323 0.3660
vn 0.4834 0.1319 0.8654
vn 0.2405 -0.6514 0.7196
vn -0.0329 -0.2256 0.9737
vn 0.0041 -0.1635 0.9865
vn -0.5705 -0.1848 0.8003
vn -0.0394 -0.0269 0.9989
vn 0.9906 -0.0834 0.1083
vn -0.1331 -0.3550 0.9254
vn 0.4451 -0.8717 0.2050
vn -0.5763 -0.8121 0.0914
vn 0.1271 -0.7743 0.6200
vn 0.2446 0.4094 0.8789
vn 0.1484 0.0199 0.9887
vn 0.3784 0.7743 0.5073
vn 0.6074 -0.7911 -0.0723
vn -0.3276 -0.6306 0.7035
vn 0.8362 0.4587 -0.3005
vn 0.7779 0.5227 0.3487
vn 0.1520 -0.2219 0.9631
vn 0.1952 -0.2088 0.9583
vn 0.4537 -0.8787 -0.1483
vn 0.6877 -0.7229 0.0660
vn 0.5907 -0.7721 -0.2344
vn 0.3264 -0.0303 0.9447
vn 0.1924 -0.2790 -0.9408
vn -0.0651 -0.2197 -0.9734
vn -0.0830 -0.0139 -0.9965
vn -0.5132 0.7142 -0.4760
vn -0.5699 0.6914 -0.4440
vn -0.0603 -0.3876 0.9198
vn -0.3891 0.8211 0.4177
vn -0.3582 0.6579 0.6625
vn -0.5131 0.7142 -0.4760
vn -0.5683 0.6903 -0.4479
vn -0.4967 0.7001 0.5130
vn -0.8792 0.3782 0.2897
vn -0.3035 -0.4586 0.8352
vn -0.9450 0.2452 0.2165
vn -0.7470 0.6009 0.2845
vn -0.5153 0.5745 -0.6359
vn -0.5182 0.5415 -0.6620
vn -0.5670 0.5330 -0.6280
vn 0.8693 -0.4648 -0.1681
vn 0.9186 0.0413 0.3931
vn -0.5233 0.0867 0.8477
vn -0.5785 0.3671 0.7284
vn 0.2488 0.5643 -0.7872
vn 0.3859 0.2055 -0.8994
vn -0.5669 0.5330 -0.6281
vn -0.5266 0.5540 -0.6448
vn 0.5710 0.0043 -0.8210
vn -0.5760 0.6263 -0.5253
vn -0.4458 0.7227 0.5281
vn -0.7079 0.0202 0.7060
vn -0.1926 0.9812 0.0076
vn -0.5258 0.7966 -0.2983
vn -0.6175 0.6990 0.3608
vn 0.3887 -0.1766 -0.9043
vn 0.2196 0.4878 -0.8449
vn -0.3678 0.4615 -0.8073
vn 0.7691 0.4872 -0.4137
vn -0.4792 0.3474 -0.8060
vn 0.7621 0.4612 -0.4544
vn -0.3863 0.0413 -0.9214
vn 0.8587 0.1638 -0.4855
vn -0.9805 -0.1778 0.0839
vn -0.9757 -0.1575 0.1523
vn -0.9673 -0.2500 0.0438
vn 0.7574 -0.1973 0.6225
vn 0.8223 -0.2213 0.5243
vn -0.1891 -0.6144 0.7660
vn -0.2346 -0.4169 0.8782
vn -0.9689 -0.2439 0.0412
vn -0.9844 -0.1708 0.0432
vn -0.2592 -0.1740 0.9500
vn -0.9778 -0.1403 0.1556
vn 0.7573 -0.0536 0.6509
vn -0.3350 -0.0989 0.9370
vn 0.4308 -0.6392 0.6371
vn -0.9873 -0.0831 0.1351
vn 0.5440 -0.4660 -0.6978
vn -0.9667 -0.2552 -0.0197
vn -0.1372 -0.6061 0.7835
vn 0.8321 -0.2085 0.5140
vn -0.1617 -0.5646 0.8094
vn 0.9471 -0.0342 0.3191
vn 0.2195 0.4878 -0.8449
vn -0.4301 -0.6953 0.5759
vn 0.0107 -0.9387 0.3447
vn 0.3472 -0.4727 -0.8099
vn -0.1314 -0.9019 -0.4114
vn -0.6698 -0.1345 -0.7303
vn -0.5885 -0.1562 -0.7933
vn -0.6761 -0.1134 -0.7280
vn -0.9545 -0.1441 0.2612
vn -0.9653 -0.0972 0.2425
vn -0.8837 0.0232 0.4675
vn -0.9558 0.0967 0.2778
vn -0.5710 -0.2133 0.7928
vn -0.0407 -0.4487 0.8928
vn -0.1446 -0.4881 0.8607
vn -0.7127 0.4625 -0.5274
vn -0.7651 0.3953 -0.5083
vn -0.9730 0.0338 0.2285
vn -0.4099 -0.1451 0.9005
vn 0.0527 -0.9608 0.2721
vn -0.2391 -0.9006 0.3630
vn -0.8341 0.2552 -0.4890
vn -0.6709 0.0114 -0.7414
vn -0.1191 0.3011 -0.9461
vn -0.7626 0.0398 -0.6456
vn -0.1191 0.4105 -0.9040
vn 0.1118 0.2440 -0.9633
vn 0.0990 0.4123 -0.9057
vn 0.0913 0.1072 -0.9900
vn 0.3324 -0.2822 -0.8999
vn -0.2424 0.0274 -0.9698
vn 0.4333 -0.5415 -0.7205
vn -0.6960 -0.0528 -0.7161
vn -0.1098 -0.8757 -0.4703
vn -0.1641 -0.9183 -0.3603
vn -0.8743 0.3464 -0.3401
vn -0.0954 0.4032 -0.9101
vn -0.6447 0.3393 -0.6850
vn 0.0498 0.6345 -0.7713
vn 0.0072 0.9997 0.0222
vn 0.4103 0.7238 -0.5548
vn -0.0168 0.7347 0.6782
vn -0.2124 0.5197 0.8275
vn -0.4539 0.6836 0.5716
vn 0.1967 0.9395 -0.2804
vn -0.7966 -0.1479 0.5862
vn -0.8563 -0.1579 0.4918
vn -0.4329 -0.3657 0.8239
vn -0.4388 -0.2493 0.8633
vn 0.0560 -0.3636 0.9299
vn -0.2022 0.2816 0.9380
vn 0.0352 -0.2719 0.9617
vn -0.3943 0.6195 0.6788
vn -0.0580 0.8445 0.5324
vn -0.1874 0.4199 0.8880
vn 0.0979 0.7665 0.6347
vn -0.7726 -0.5549 0.3086
vn 0.0760 -0.5465 0.8340
vn -0.0780 0.1088 0.9910
vn 0.8001 -0.3984 0.4484
vn 0.9958 -0.0599 0.0696
vn 0.9456 0.0115 0.3252
vn 0.8976 -0.4369 -0.0592
vn 0.7175 -0.6951 -0.0447
vn -0.3418 -0.4368 -0.8321
vn -0.7326 -0.4776 0.4849
vn 0.5874 -0.3229 0.7421
vn 0.9768 -0.2087 0.0482
vn 0.5217 -0.4441 0.7284
vn -0.2892 -0.3346 0.8969
vn 0.9111 -0.0536 -0.4086
vn -0.4362 0.2481 -0.8650
vn 0.7662 -0.1519 -0.6244
vn -0.3479 0.0586 -0.9357
vn 0.3728 -0.9256 0.0653
vn -0.6299 -0.7473 -0.2117
vn 0.3644 0.5342 0.7628
vn -0.3208 0.1931 0.9273
vn 0.4225 0.4686 0.7758
vn -0.0869 0.2698 0.9590
vn 0.5431 -0.7962 0.2669
vn 0.8464 -0.5316 0.0330
vn 0.8320 0.4177 0.3650
vn 0.0709 -0.7982 0.5983
vn 0.9949 0.0994 -0.0158
vn 0.3098 -0.3118 -0.8982
vn 0.8320 0.4178 0.3650
vn 0.8464 -0.5315 0.0330
vn -0.2904 -0.6742 -0.6791
vn -0.7780 -0.6282 -0.0047
vn -0.5630 0.0496 -0.8250
vn -0.7010 0.1353 -0.7002
vn 0.0708 -0.7982 0.5982
vn -0.6384 0.6227 -0.4524
vn -0.2309 0.2043 -0.9513
vn 0.2060 0.2399 -0.9487
vn 0.9949 0.0993 -0.0157
vn -0.7011 0.1353 -0.7002
vn 0.5216 -0.4441 0.7285
vn 0.9981 -0.0007 -0.0622
vn -0.5074 0.7000 -0.5025
vn -0.4473 0.7670 0.4601
vn -0.7939 0.4642 0.3927
vn -0.9934 0.0963 -0.0632
vn -0.2891 -0.3346 0.8969
vn -0.7327 -0.4775 0.4850
vn 0.1539 0.2386 0.9588
vn -0.7803 -0.0040 0.6254
vn 0.4058 -0.1860 0.8949
vn 0.2871 0.1816 0.9405
vn -0.3417 -0.4368 -0.8321
vn -0.8890 -0.1102 0.4445
vn 0.4321 -0.3533 0.8297
vn 0.3727 -0.9256 0.0651
vn 0.7659 -0.1519 -0.6248
vn -0.3478 0.0587 -0.9357
vn -0.4361 0.2481 -0.8650
vn 0.2293 -0.0782 0.9702
vn 0.0006 -0.2581 -0.9661
vn -0.1084 -0.8599 0.4988
vn -0.8912 -0.4385 -0.1157
vn 0.6471 -0.7341 -0.2059
vn 0.0289 0.1046 0.9941
vn -0.2577 0.0276 0.9658
vn 0.9371 0.3138 0.1529
vn 0.9382 0.3217 -0.1275
vn 0.5216 -0.4442 0.7285
vn 0.9949 0.0996 -0.0156
vn 0.8319 0.4180 0.3651
vn 0.3100 -0.3117 -0.8982
vn 0.9949 0.0994 -0.0157
vn 0.0288 0.1045 0.9941
vn 0.9371 0.3137 0.1527
vn -0.1083 -0.8599 0.4989
vn -0.2578 0.0276 0.9658
vn 0.9382 0.3217 -0.1276
vn 0.9768 -0.2087 0.0481
vn -0.5093 -0.8346 -0.2098
vn -0.9861 0.0803 -0.1454
vn -0.9938 0.0799 0.0774
vn -0.9479 -0.2237 0.2266
vn 0.2444 -0.2069 0.9473
vn 0.3093 -0.0174 0.9508
vn -0.9721 -0.1290 -0.1958
vn -0.9667 -0.2553 -0.0196
vn 0.0167 0.4215 -0.9067
vn -0.0192 0.6989 -0.7149
vn -0.9983 0.0573 0.0051
vn -0.9254 -0.2476 -0.2870
vn -0.1491 0.4874 0.8604
vn -0.1481 -0.6002 0.7860
vn -0.5757 -0.4166 -0.7036
vn 0.1040 -0.0491 -0.9934
vn -0.6364 -0.7047 0.3135
vn -0.4874 0.4815 0.7285
vn -0.1214 0.4719 0.8733
vn 0.1867 -0.5413 0.8199
vn 0.8585 0.4979 0.1226
vn 0.0487 -0.5248 0.8498
vn 0.9566 -0.0800 0.2803
vn 0.0093 0.7470 -0.6648
vn 0.2062 0.4209 -0.8834
vn 0.7944 -0.1051 -0.5982
vn 0.2740 0.6420 0.7160
vn 0.8742 -0.3562 0.3300
vn -0.0993 0.6616 -0.7433
vn 0.7945 -0.1052 -0.5981
vn 0.1042 -0.0491 -0.9933
vn -0.6363 -0.7048 0.3135
vn 0.8742 -0.3562 0.3299
vn 0.1867 -0.5414 0.8198
vn -0.5758 -0.4165 -0.7036
vn -0.4834 -0.8653 -0.1328
vn 0.0488 0.1426 0.9886
vn -0.2901 -0.5493 0.7836
vn 0.2446 0.4096 0.8789
vn -0.3343 -0.9404 0.0633
vn -0.9883 0.0888 0.1239
vn 0.2279 0.0380 0.9730
vn -0.0689 0.7910 0.6080
vn -0.1450 0.8123 0.5649
vn -0.9936 0.0074 0.1129
vn 0.0434 0.8469 -0.5300
vn 0.4282 0.7179 -0.5489
vn -0.1616 -0.5646 0.8094
vn -0.9667 -0.2552 -0.0196
vn -0.1175 -0.3636 0.9241
vn -0.3751 -0.9214 0.1014
vn -0.9490 -0.0687 0.3078
vn -0.5973 -0.2444 0.7639
vn 0.2446 0.4094 0.8790
vn 0.4953 0.7035 0.5097
vn -0.0444 0.0683 0.9967
vn -0.9930 0.1172 -0.0154
vn -0.3082 -0.6417 0.7023
vn -0.3481 0.8623 -0.3679
vn -0.3098 0.9088 0.2796
vt 0.730382 0.103619
vt 0.705649 0.144477
vt 0.906050 0.162418
vt 0.907543 0.101904
vt 0.999984 0.166941
vt 1.001061 0.095946
vt 0.733494 0.205318
vt 0.838940 0.209383
vt 0.991053 0.210366
vt 0.981648 0.252295
vt 0.840260 0.252371
vt 0.689743 0.104698
vt 0.991405 0.052870
vt 0.810174 0.064464
vt 0.981657 0.011468
vt 0.840250 0.011429
vt 0.734207 0.056759
vt 0.693123 0.056174
vt 0.518060 0.096757
vt 0.575201 0.047645
vt 0.473165 0.043970
vt 0.716055 0.011396
vt 0.597290 0.011359
vt 0.510869 0.011322
vt 0.522475 0.164896
vt 0.485011 0.157654
vt 0.479927 0.107408
vt 0.445175 0.049232
vt 0.473366 0.225391
vt 0.579352 0.211659
vt 0.510849 0.252622
vt 0.597275 0.252464
vt 0.688056 0.203710
vt 0.716059 0.252303
vt 0.459430 0.138427
vt 0.448360 0.105872
vt 0.445220 0.217118
vt 0.468555 0.252667
vt 0.435264 0.252667
vt 0.710772 0.204691
vt 0.809314 0.993189
vt 0.844593 0.748486
vt 0.799681 0.766537
vt 0.795370 0.616810
vt 0.844460 0.624653
vt 0.796731 0.566457
vt 0.846052 0.573862
vt 0.737687 0.589384
vt 0.737679 0.566887
vt 0.737691 0.611583
vt 0.903594 0.595045
vt 0.902086 0.622902
vt 0.947494 0.615460
vt 0.947980 0.591500
vt 0.993009 0.611673
vt 0.993010 0.589483
vt 0.948583 0.568105
vt 0.993012 0.566905
vt 0.904969 0.574145
vt 0.939443 0.344499
vt 0.898532 0.361084
vt 0.993076 0.320695
vt 0.854260 0.365264
vt 0.915162 0.347050
vt 0.854851 0.350073
vt 0.993004 0.780156
vt 0.944441 0.769131
vt 0.900724 0.759988
vt 0.936461 0.995025
vt 0.880074 0.997653
vt 0.789589 0.353336
vt 0.737576 0.320774
vt 0.459999 0.699940
vt 0.421847 0.911548
vt 0.493482 0.874305
vt 0.334346 0.703269
vt 0.334346 0.906337
vt 0.574509 0.696105
vt 0.570429 0.874521
vt 0.490508 0.948126
vt 0.334346 0.965522
vt 0.365140 0.975937
vt 0.420117 0.965795
vt 0.650541 0.838561
vt 0.643075 0.892767
vt 0.726515 0.817051
vt 0.726515 0.703484
vt 0.726515 0.932364
vt 0.709975 0.959389
vt 0.635989 0.948441
vt 0.695226 0.983366
vt 0.579503 0.979625
vt 0.726515 0.978941
vt 0.572418 0.925007
vt 0.726515 0.610225
vt 0.575486 0.609180
vt 0.574131 0.447552
vt 0.726515 0.445670
vt 0.628909 0.318546
vt 0.561909 0.331279
vt 0.561667 0.289065
vt 0.629838 0.284131
vt 0.681244 0.268659
vt 0.726515 0.308737
vt 0.465542 0.609718
vt 0.497836 0.448231
vt 0.389955 0.608312
vt 0.424485 0.456931
vt 0.334346 0.436815
vt 0.434410 0.332167
vt 0.334346 0.318454
vt 0.382074 0.269755
vt 0.433481 0.285227
vt 0.501409 0.332846
vt 0.501652 0.290161
vt 0.532354 0.423067
vt 0.334346 0.607952
vt 0.079805 0.232283
vt 0.164710 0.210607
vt 0.122523 0.194649
vt 0.082536 0.195321
vt 0.065738 0.163787
vt 0.098907 0.148763
vt 0.061632 0.142152
vt 0.067395 0.121429
vt 0.123677 0.114515
vt 0.175785 0.114562
vt 0.094627 0.115280
vt 0.071940 0.113520
vt 0.035702 0.148111
vt 0.041923 0.132093
vt 0.020229 0.138299
vt 0.026355 0.125859
vt 0.005702 0.131286
vt 0.011940 0.118620
vt 0.124248 0.087244
vt 0.097369 0.085301
vt 0.124231 0.055219
vt 0.098622 0.055224
vt 0.124118 0.033753
vt 0.158367 0.040381
vt 0.164154 0.054336
vt 0.099739 0.035139
vt 0.171577 0.088395
vt 0.192231 0.080816
vt 0.172887 0.036601
vt 0.229659 0.051083
vt 0.207206 0.014433
vt 0.253565 0.037615
vt 0.259273 0.099604
vt 0.295568 0.088781
vt 0.225257 0.005464
vt 0.257519 0.214069
vt 0.210893 0.208562
vt 0.203087 0.112287
vt 0.256732 0.004405
vt 0.275505 0.029551
vt 0.296663 0.056271
vt 0.254448 0.243670
vt 0.287294 0.248875
vt 0.299549 0.220380
vt 0.323300 0.104611
vt 0.343328 0.116239
vt 0.349575 0.166371
vt 0.341191 0.234380
vt 0.379236 0.180734
vt 0.393815 0.198439
vt 0.369935 0.227020
vt 0.383913 0.245331
vt 0.408148 0.211617
vt 0.372524 0.153454
vt 0.406401 0.154959
vt 0.418570 0.170953
vt 0.432503 0.130104
vt 0.445823 0.142555
vt 0.433494 0.180403
vt 0.448844 0.163198
vt 0.412154 0.127150
vt 0.395815 0.139939
vt 0.325332 0.261049
vt 0.344700 0.051550
vt 0.359289 0.070966
vt 0.389947 0.045029
vt 0.374202 0.026325
vt 0.391323 0.064504
vt 0.369359 0.086828
vt 0.352694 0.023153
vt 0.330809 0.036634
vt 0.068269 0.054545
vt 0.088448 0.054365
vt 0.085147 0.033440
vt 0.068311 0.035581
vt 0.069129 0.082960
vt 0.091835 0.081384
vt 0.214759 0.239928
vt 0.170727 0.242683
vt 0.094294 0.262400
vt 0.737783 0.987757
vt 0.737708 0.780107
vt 0.274783 0.263290
vt 0.251897 0.284556
vt 0.265085 0.304716
vt 0.290410 0.280108
vt 0.230808 0.322133
vt 0.234686 0.293532
vt 0.317161 0.315098
vt 0.326877 0.296848
vt 0.247112 0.446506
vt 0.230894 0.421947
vt 0.204488 0.436013
vt 0.200804 0.450038
vt 0.202857 0.296193
vt 0.220949 0.280878
vt 0.186739 0.265822
vt 0.206200 0.254811
vt 0.152216 0.291162
vt 0.194174 0.426648
vt 0.177297 0.438725
vt 0.148125 0.271043
vt 0.109679 0.437051
vt 0.158639 0.453515
vt 0.110675 0.292890
vt 0.130164 0.279394
vt 0.048936 0.787641
vt 0.037433 0.823986
vt 0.095670 0.805101
vt 0.018334 0.795488
vt 0.001309 0.823986
vt 0.001309 0.828672
vt 0.001309 0.805245
vt 0.001309 0.793266
vt 0.072476 0.756292
vt 0.104842 0.722758
vt 0.009703 0.762035
vt 0.001309 0.770446
vt 0.001309 0.745864
vt 0.041600 0.754625
vt 0.045013 0.731461
vt 0.001309 0.728107
vt 0.001309 0.706350
vt 0.045012 0.704329
vt 0.000634 0.640415
vt 0.080537 0.664700
vt 0.172489 0.654188
vt 0.168984 0.731210
vt 0.146949 0.810560
vt 0.044855 0.876465
vt 0.134665 0.883862
vt 0.053879 0.921862
vt 0.230813 0.753236
vt 0.327296 0.709405
vt 0.289853 0.844016
vt 0.198004 0.819694
vt 0.222406 0.906637
vt 0.208321 0.985394
vt 0.032665 0.835220
vt 0.001309 0.884699
vt 0.068912 0.997425
vt 0.136690 0.961832
vt 0.001309 0.847491
vt 0.001309 0.839125
vt 0.041894 0.649915
vt 0.070649 0.583980
vt 0.103642 0.580263
vt 0.049090 0.502723
vt 0.103028 0.449168
vt 0.013527 0.576938
vt 0.001309 0.788851
vt 0.992969 0.987765
vt 0.232379 0.916718
vt 0.282941 0.969753
vt 0.311768 0.908112
vt 0.306313 0.933309
vt 0.220304 0.994415
vt 0.243005 0.989735
vt 0.222758 0.978624
vt 0.468563 0.011307
vt 0.435273 0.011298
s 1
usemtl enemy_tonnel.001
f 619/279/508 620/280/509 621/281/510
f 619/279/508 621/281/510 622/282/511
f 622/282/511 621/281/510 623/283/512
f 622/282/511 623/283/512 624/284/513
f 621/281/510 620/280/509 625/285/514
f 621/281/510 625/285/514 626/286/515
f 623/283/512 621/281/510 626/286/515
f 623/283/512 626/286/515 627/287/516
f 628/288/517 627/287/516 626/286/515
f 628/288/517 626/286/515 629/289/518
f 629/289/518 626/286/515 625/285/514
f 619/279/508 630/290/519 620/280/509
f 622/282/511 624/284/513 631/291/520
f 632/292/521 622/282/511 631/291/520
f 619/279/508 622/282/511 632/292/521
f 632/292/521 631/291/520 633/293/517
f 632/292/521 633/293/517 634/294/522
f 634/294/522 635/295/523 632/292/521
f 619/279/508 632/292/521 635/295/523
f 636/296/524 630/290/519 619/279/508
f 636/296/524 619/279/508 635/295/523
f 636/296/524 637/297/525 630/290/519
f 636/296/524 638/298/526 637/297/525
f 638/298/526 639/299/527 637/297/525
f 640/300/528 638/298/526 636/296/524
f 634/294/522 640/300/528 635/295/523
f 636/296/524 635/295/523 640/300/528
f 640/300/528 641/301/529 638/298/526
f 642/302/530 639/299/527 638/298/526
f 642/302/530 638/298/526 641/301/529
f 643/303/531 630/290/519 637/297/525
f 644/304/532 643/303/531 637/297/525
f 644/304/532 637/297/525 645/305/533
f 637/297/525 639/299/527 645/305/533
f 639/299/527 646/306/534 645/305/533
f 647/307/535 643/303/531 644/304/532
f 647/307/535 648/308/536 643/303/531
f 648/308/536 647/307/535 649/309/537
f 648/308/536 649/309/537 650/310/538
f 651/311/539 648/308/536 650/310/538
f 651/311/539 650/310/538 652/312/540
f 645/305/533 653/313/541 644/304/532
f 645/305/533 654/314/542 653/313/541
f 653/313/541 655/315/543 644/304/532
f 655/315/543 647/307/535 644/304/532
f 655/315/543 656/316/544 647/307/535
f 649/309/537 647/307/535 656/316/544
f 655/315/543 657/317/545 656/316/544
f 648/308/536 651/311/539 620/280/509
f 648/308/536 620/280/509 643/303/531
f 643/303/531 620/280/509 630/290/519
f 620/280/509 651/311/539 658/318/546
f 658/318/546 651/311/539 652/312/540
f 625/285/514 658/318/546 652/312/540
f 625/285/514 620/280/509 658/318/546
f 629/289/518 625/285/514 652/312/540
f 659/319/547 660/320/548 661/321/549
f 660/320/548 662/322/550 661/321/549
f 660/320/548 663/323/551 662/322/550
f 663/323/551 664/324/552 662/322/550
f 663/323/551 665/325/553 664/324/552
f 666/326/554 662/322/550 664/324/552
f 667/327/555 666/326/554 664/324/552
f 666/326/554 668/328/556 662/322/550
f 661/321/549 662/322/550 668/328/556
f 669/329/557 665/325/553 663/323/551
f 670/330/558 669/329/557 663/323/551
f 670/330/558 663/323/551 660/320/548
f 669/329/557 670/330/558 671/331/559
f 669/329/557 671/331/559 672/332/560
f 672/332/560 671/331/559 673/333/561
f 672/332/560 673/333/561 674/334/562
f 675/335/563 672/332/560 674/334/562
f 675/335/563 674/334/562 676/336/564
f 677/337/565 669/329/557 672/332/560
f 677/337/565 672/332/560 675/335/563
f 669/329/557 677/337/565 665/325/553
f 677/337/565 675/335/563 678/338/566
f 678/338/566 675/335/563 676/336/564
f 677/337/565 678/338/566 679/339/567
f 665/325/553 677/337/565 679/339/567
f 678/338/566 676/336/564 680/340/568
f 665/325/553 679/339/567 681/341/569
f 682/342/570 681/341/569 679/339/567
f 682/342/570 683/343/571 681/341/569
f 671/331/559 684/344/572 673/333/561
f 671/331/559 685/345/573 684/344/572
f 671/331/559 670/330/558 686/346/574
f 671/331/559 686/346/574 685/345/573
f 687/347/575 684/344/572 685/345/573
f 686/346/574 687/347/575 685/345/573
f 670/330/558 660/320/548 686/346/574
f 660/320/548 688/348/576 686/346/574
f 660/320/548 689/319/547 688/348/576
f 686/346/574 688/348/576 690/347/577
f 681/341/569 691/349/578 664/324/552
f 681/341/569 664/324/552 665/325/553
f 692/349/579 667/327/555 664/324/552
f 693/349/580 694/350/581 667/327/582
f 695/351/583 696/352/584 697/353/585
f 695/351/583 698/354/586 696/352/584
f 698/354/586 699/355/587 696/352/584
f 697/353/585 700/356/588 695/351/583
f 697/353/585 701/357/589 700/356/588
f 697/353/585 696/352/584 702/358/590
f 696/352/584 699/355/587 703/359/591
f 696/352/584 703/359/591 704/360/592
f 704/360/592 705/361/593 696/352/584
f 696/352/584 705/361/593 702/358/590
f 700/356/588 701/357/589 706/362/594
f 707/363/595 706/362/594 701/357/589
f 707/363/595 708/364/596 706/362/594
f 709/365/597 706/362/594 708/364/596
f 709/365/597 700/356/588 706/362/594
f 710/366/598 708/364/596 707/363/595
f 710/366/598 707/363/595 711/367/599
f 707/363/595 712/368/600 711/367/599
f 711/367/599 712/368/600 713/369/601
f 712/368/600 707/363/595 714/370/602
f 715/371/603 710/366/598 711/367/599
f 716/371/604 711/367/599 713/369/601
f 707/363/595 701/357/589 717/372/605
f 707/363/595 717/372/605 714/370/602
f 717/372/605 701/357/589 697/353/585
f 717/372/605 697/353/585 702/358/590
f 718/370/606 717/372/605 702/358/590
f 712/368/600 719/370/607 713/369/601
f 709/365/597 720/373/608 721/374/609
f 709/365/597 721/374/609 700/356/588
f 720/373/608 722/375/610 721/374/609
f 720/373/608 723/376/611 722/375/610
f 723/376/611 724/377/612 722/375/610
f 725/378/613 722/375/610 724/377/612
f 724/377/612 726/379/614 725/378/613
f 724/377/612 727/380/615 726/379/614
f 728/381/616 727/380/615 724/377/612
f 724/377/612 729/382/617 728/381/616
f 723/376/611 729/382/617 724/377/612
f 695/351/583 700/356/588 721/374/609
f 695/351/583 721/374/609 730/383/618
f 731/384/619 730/383/618 721/374/609
f 731/384/619 721/374/609 722/375/610
f 731/384/619 732/385/620 730/383/618
f 695/351/583 730/383/618 732/385/620
f 731/384/619 733/386/621 732/385/620
f 733/386/621 734/387/622 732/385/620
f 734/387/622 733/386/621 735/388/623
f 735/388/623 733/386/621 731/384/619
f 734/387/622 735/388/623 736/389/624
f 735/388/623 737/390/625 736/389/624
f 735/388/623 738/391/626 737/390/625
f 738/391/626 735/388/623 739/392/627
f 738/391/626 739/392/627 740/393/628
f 695/351/583 732/385/620 698/354/586
f 735/388/623 731/384/619 741/394/629
f 735/388/623 741/394/629 739/392/627
f 698/354/586 732/385/620 742/395/630
f 732/385/620 734/387/622 742/395/630
f 743/396/631 744/397/632 745/398/633
f 746/399/634 743/396/631 745/398/633
f 745/398/633 747/400/635 746/399/634
f 745/398/633 748/401/636 747/400/635
f 747/400/635 748/401/636 749/402/637
f 748/401/636 750/403/638 749/402/637
f 751/404/639 748/401/636 745/398/633
f 745/398/633 752/405/640 751/404/639
f 748/401/636 751/404/639 753/406/641
f 748/401/636 753/406/641 750/403/638
f 753/406/641 754/407/642 750/403/638
f 755/408/643 747/400/635 749/402/637
f 755/408/643 749/402/637 756/409/644
f 757/410/645 755/408/643 756/409/644
f 757/410/645 756/409/644 758/411/646
f 759/412/647 757/410/645 758/411/646
f 759/412/647 758/411/646 760/413/648
f 753/406/641 751/404/639 761/414/649
f 753/406/641 761/414/649 762/415/650
f 762/415/650 761/414/649 763/416/651
f 762/415/650 763/416/651 764/417/652
f 763/416/651 765/418/653 764/417/652
f 766/419/654 765/418/653 763/416/651
f 767/420/655 766/419/654 763/416/651
f 761/414/649 767/420/655 763/416/651
f 765/418/653 768/421/656 764/417/652
f 761/414/649 769/422/657 767/420/655
f 770/423/658 771/424/659 767/420/660
f 772/425/661 771/424/659 770/423/658
f 772/425/661 773/426/662 771/424/659
f 774/427/663 773/426/662 772/425/661
f 775/428/664 774/427/663 772/425/661
f 772/425/661 770/423/658 775/428/664
f 775/428/664 776/429/665 774/427/663
f 774/427/663 777/430/666 773/426/662
f 776/429/665 775/428/664 778/431/667
f 775/428/664 779/432/668 778/431/667
f 775/428/664 780/433/669 779/432/668
f 770/423/658 780/433/669 775/428/664
f 780/433/669 770/423/658 781/422/670
f 782/405/671 780/433/669 781/422/670
f 779/432/668 780/433/669 782/405/671
f 774/427/663 783/434/672 777/430/666
f 774/427/663 784/435/673 783/434/672
f 785/429/674 784/435/673 774/427/663
f 785/429/674 786/436/675 784/435/673
f 744/397/676 779/432/668 782/405/671
f 779/432/668 787/437/677 778/431/667
f 788/438/678 778/431/667 787/437/677
f 788/438/678 789/439/679 778/431/667
f 790/429/680 778/431/667 789/439/679
f 791/440/681 790/429/680 789/439/679
f 789/439/679 792/441/682 791/440/681
f 789/439/679 793/442/683 792/441/682
f 789/439/679 794/443/684 793/442/683
f 788/438/678 794/443/684 789/439/679
f 795/444/685 793/442/683 794/443/684
f 794/443/684 796/445/686 795/444/685
f 794/443/684 797/446/687 796/445/686
f 798/447/634 797/446/687 794/443/684
f 796/445/686 797/446/687 798/447/634
f 796/445/686 798/447/634 799/448/688
f 795/444/685 800/449/689 793/442/683
f 796/445/686 801/450/690 795/444/685
f 796/445/686 802/451/691 801/450/690
f 799/448/688 802/451/691 796/445/686
f 802/451/691 803/452/692 801/450/690
f 802/451/691 804/453/693 803/452/692
f 799/448/688 805/454/694 802/451/691
f 805/454/694 804/453/693 802/451/691
f 805/454/694 806/455/695 804/453/693
f 807/456/696 801/450/690 803/452/692
f 807/456/696 808/457/697 801/450/690
f 808/457/697 800/449/689 795/444/685
f 808/457/697 795/444/685 801/450/690
f 788/438/678 809/458/698 794/443/684
f 810/459/699 811/460/700 812/461/701
f 810/459/699 812/461/701 813/462/702
f 790/429/680 811/460/700 810/459/699
f 790/429/680 791/440/681 811/460/700
f 811/460/700 814/463/703 812/461/701
f 811/460/700 815/464/704 814/463/703
f 791/440/681 815/464/704 811/460/700
f 791/440/681 792/441/682 815/464/704
f 810/459/699 813/462/702 816/465/705
f 810/459/699 816/465/705 817/466/706
f 818/429/680 810/459/699 817/466/706
f 818/429/680 817/466/706 819/436/707
f 820/422/708 770/423/709 821/420/710
f 751/404/639 752/405/640 769/422/670
f 751/404/639 822/422/711 761/414/649
f 823/467/703 824/468/712 825/469/713
f 823/467/703 825/469/713 826/470/714
f 827/471/715 824/468/712 823/467/703
f 827/471/715 828/472/716 824/468/712
f 753/406/641 828/472/716 827/471/715
f 754/407/642 753/406/641 827/471/715
f 744/397/632 829/405/640 745/398/633
f 779/432/668 830/473/717 787/437/677
f 831/397/718 830/473/717 779/432/668
f 831/397/718 832/474/719 830/473/717
f 833/475/720 832/474/719 831/397/718
f 833/475/720 831/397/718 743/396/721
f 834/476/722 835/319/547 661/321/549
f 834/476/722 661/321/549 836/477/723
f 836/477/723 661/321/549 668/328/556
f 837/478/724 838/479/725 839/480/726
f 837/478/724 839/480/726 840/481/727
f 838/479/725 841/482/728 839/480/726
f 838/479/725 842/483/729 841/482/728
f 839/480/726 843/484/730 840/481/727
f 840/481/727 843/484/730 844/485/731
f 839/480/726 845/486/732 843/484/730
f 839/480/726 841/482/728 846/487/733
f 839/480/726 846/487/733 845/486/732
f 847/488/734 845/486/732 846/487/733
f 841/482/728 847/488/734 846/487/733
f 847/488/734 848/489/735 845/486/732
f 841/482/728 849/490/736 847/488/734
f 850/483/737 849/490/736 841/482/728
f 850/483/737 851/491/738 849/490/736
f 851/491/738 852/492/739 849/490/736
f 851/491/738 853/493/740 852/492/739
f 852/492/739 854/494/741 849/490/736
f 849/490/736 855/495/742 847/488/734
f 855/495/742 849/490/736 856/496/743
f 847/488/734 855/495/742 856/496/743
f 847/488/734 856/496/743 848/489/735
f 849/490/736 854/494/741 856/496/743
f 852/492/744 857/497/745 858/494/741
f 859/498/732 860/499/735 861/496/746
f 862/500/747 859/498/732 861/496/746
f 862/500/747 861/496/746 863/494/741
f 864/501/731 862/500/747 863/494/741
f 865/502/748 866/503/749 867/504/750
f 865/502/748 868/505/751 866/503/749
f 868/505/751 869/506/752 866/503/749
f 870/507/753 866/503/749 869/506/752
f 869/506/752 868/505/751 871/508/754
f 871/508/754 868/505/751 872/509/755
f 867/504/750 873/510/756 865/502/748
f 867/504/750 874/511/757 873/510/756
f 868/505/751 865/502/748 875/512/758
f 876/513/759 868/505/751 875/512/758
f 876/513/759 875/512/758 877/514/760
f 865/502/748 878/515/761 875/512/758
f 865/502/748 873/510/756 878/515/761
f 879/516/762 877/514/760 875/512/758
f 875/512/758 878/515/761 879/516/762
f 878/515/761 873/510/756 879/516/762
f 873/510/756 874/511/757 879/516/762
f 877/514/760 879/516/762 880/517/763
f 880/517/763 879/516/762 881/518/764
f 879/516/762 882/519/765 881/518/764
f 874/511/757 882/519/765 879/516/762
f 881/518/764 882/519/765 883/520/766
f 884/521/767 882/519/765 874/511/757
f 884/521/767 874/511/757 885/522/768
f 874/511/757 886/523/769 885/522/768
f 867/504/750 886/523/769 874/511/757
f 867/504/750 887/524/770 886/523/769
f 888/525/771 887/524/770 867/504/750
f 888/525/771 889/526/772 887/524/770
f 888/525/771 890/527/773 889/526/772
f 886/523/769 891/528/774 885/522/768
f 887/524/770 891/528/774 886/523/769
f 892/529/775 885/522/768 891/528/774
f 892/529/775 891/528/774 893/530/776
f 893/530/776 891/528/774 894/531/777
f 889/526/772 894/531/777 887/524/770
f 887/524/770 894/531/777 891/528/774
f 893/530/776 894/531/777 895/532/778
f 889/526/772 896/532/779 894/531/777
f 897/533/780 896/532/779 889/526/772
f 888/525/771 867/504/750 898/534/781
f 899/535/782 888/525/771 898/534/781
f 888/525/771 899/535/782 900/527/783
f 900/527/784 901/536/785 889/526/786
f 901/536/785 902/537/787 889/526/786
f 903/538/788 899/535/782 898/534/781
f 904/539/789 903/538/788 898/534/781
f 905/537/790 906/533/791 889/526/792
f 907/526/793 908/531/794 896/532/795
f 907/526/793 909/524/796 908/531/794
f 910/525/797 909/524/796 907/526/793
f 910/525/797 907/526/793 911/527/798
f 910/525/797 912/504/799 909/524/796
f 912/504/799 913/523/800 909/524/796
f 912/504/799 914/511/801 913/523/800
f 912/504/799 915/510/802 914/511/801
f 912/504/799 916/502/803 915/510/802
f 916/502/803 912/504/799 917/503/804
f 916/502/803 917/503/804 918/505/805
f 918/505/805 917/503/804 919/506/806
f 920/507/807 919/506/806 917/503/804
f 919/506/806 921/508/754 918/505/805
f 921/508/754 922/509/808 918/505/805
f 918/505/805 923/512/809 916/502/803
f 924/513/810 923/512/809 918/505/805
f 924/513/810 925/514/811 923/512/809
f 916/502/803 923/512/809 926/515/812
f 916/502/803 926/515/812 915/510/802
f 927/516/813 923/512/809 925/514/811
f 923/512/809 927/516/813 926/515/812
f 926/515/812 927/516/813 915/510/802
f 915/510/802 927/516/813 914/511/801
f 925/514/811 928/517/814 927/516/813
f 928/517/814 929/518/764 927/516/813
f 927/516/813 929/518/764 930/519/815
f 914/511/801 927/516/813 930/519/815
f 931/521/816 914/511/801 930/519/815
f 931/521/816 932/522/817 914/511/801
f 914/511/801 932/522/817 913/523/800
f 913/523/800 932/522/817 933/528/818
f 934/529/819 933/528/818 932/522/817
f 934/529/819 935/530/820 933/528/818
f 935/530/820 908/531/794 933/528/818
f 935/530/820 936/532/821 908/531/794
f 909/524/796 913/523/800 933/528/818
f 909/524/796 933/528/818 908/531/794
f 931/521/816 930/519/815 937/540/822
f 937/540/822 938/541/823 931/521/816
f 931/521/816 938/541/823 939/542/824
f 939/542/824 938/541/823 940/543/825
f 940/543/825 941/544/775 939/542/824
f 937/540/822 930/519/815 942/520/826
f 938/541/823 937/540/822 942/520/826
f 929/518/764 942/520/826 930/519/815
f 938/541/823 942/520/826 943/545/827
f 944/543/828 938/541/823 943/545/827
f 945/543/829 946/542/830 941/544/831
f 946/542/830 945/543/829 947/541/832
f 884/521/767 946/542/830 947/541/832
f 948/540/833 884/521/767 947/541/832
f 884/521/767 948/540/833 882/519/765
f 948/540/833 883/520/766 882/519/765
f 947/541/832 883/520/766 948/540/833
f 947/541/832 949/545/827 883/520/766
f 950/543/828 949/545/827 947/541/832
f 951/509/808 868/505/834 952/546/835
f 868/505/834 953/513/836 952/546/835
f 951/509/808 952/546/835 918/505/837
f 918/505/837 952/546/835 953/513/836
f 954/347/838 955/547/839 684/344/723
f 956/548/840 957/549/841 958/550/842
f 957/549/841 959/551/843 958/550/842
f 960/552/844 961/553/845 962/554/846
f 961/553/845 963/549/847 962/554/846
f 964/548/848 962/554/846 963/549/847
f 965/555/849 966/556/850 639/299/527
f 642/302/530 965/555/849 639/299/527
f 966/556/850 646/306/534 639/299/527
f 967/279/851 968/282/852 969/281/853
f 967/279/851 969/281/853 970/280/854
f 968/282/852 971/283/855 969/281/853
f 968/282/852 972/284/856 971/283/855
f 969/281/853 973/285/857 970/280/854
f 969/281/853 974/286/858 973/285/857
f 971/283/855 974/286/858 969/281/853
f 971/283/855 975/287/859 974/286/858
f 976/288/860 974/286/858 975/287/859
f 976/288/860 977/289/861 974/286/858
f 977/289/861 973/285/857 974/286/858
f 967/279/851 970/280/854 978/290/862
f 968/282/852 979/291/863 972/284/856
f 980/292/864 979/291/863 968/282/852
f 967/279/851 980/292/864 968/282/852
f 980/292/864 981/293/865 979/291/863
f 980/292/864 982/294/866 981/293/865
f 982/294/866 980/292/864 983/295/867
f 967/279/851 983/295/867 980/292/864
f 984/296/868 983/295/867 967/279/851
f 984/296/868 967/279/851 978/290/862
f 984/296/868 978/290/862 985/297/869
f 984/296/868 985/297/869 986/298/870
f 986/298/870 985/297/869 987/299/871
f 988/300/872 984/296/868 986/298/870
f 982/294/866 983/295/867 988/300/872
f 984/296/868 988/300/872 983/295/867
f 988/300/872 986/298/870 989/301/873
f 990/302/874 986/298/870 987/299/871
f 990/302/874 989/301/873 986/298/870
f 991/303/875 985/297/869 978/290/862
f 992/304/876 985/297/869 991/303/875
f 992/304/876 993/305/877 985/297/869
f 985/297/869 993/305/877 987/299/871
f 987/299/871 993/305/877 994/306/878
f 995/307/879 992/304/876 991/303/875
f 995/307/879 991/303/875 996/308/880
f 996/308/880 997/309/881 995/307/879
f 996/308/880 998/310/882 997/309/881
f 999/311/883 998/310/882 996/308/880
f 999/311/883 1000/312/884 998/310/882
f 993/305/877 992/304/876 1001/313/885
f 993/305/877 1001/313/885 1002/314/886
f 1001/313/885 992/304/876 1003/315/887
f 1003/315/887 992/304/876 995/307/879
f 1003/315/887 995/307/879 1004/316/888
f 997/309/881 1004/316/888 995/307/879
f 1003/315/887 1004/316/888 1005/317/889
f 996/308/880 970/280/854 999/311/883
f 996/308/880 991/303/875 970/280/854
f 991/303/875 978/290/862 970/280/854
f 970/280/854 1006/318/890 999/311/883
f 1006/318/890 1000/312/884 999/311/883
f 973/285/857 1000/312/884 1006/318/890
f 973/285/857 1006/318/890 970/280/854
f 977/289/861 1000/312/884 973/285/857
f 1007/319/891 1008/321/892 1009/320/893
f 1009/320/893 1008/321/892 1010/322/894
f 1009/320/893 1010/322/894 1011/323/895
f 1011/323/895 1010/322/894 1012/324/896
f 1011/323/895 1012/324/896 1013/325/897
f 1014/326/898 1012/324/896 1010/322/894
f 1015/327/899 1012/324/896 1014/326/898
f 1014/326/898 1010/322/894 1016/328/900
f 1008/321/892 1016/328/900 1010/322/894
f 1017/329/901 1011/323/895 1013/325/897
f 1018/330/902 1011/323/895 1017/329/901
f 1018/330/902 1009/320/893 1011/323/895
f 1017/329/901 1019/331/903 1018/330/902
f 1017/329/901 1020/332/904 1019/331/903
f 1020/332/904 1021/333/905 1019/331/903
f 1020/332/904 1022/334/906 1021/333/905
f 1023/335/907 1022/334/906 1020/332/904
f 1023/335/907 1024/336/908 1022/334/906
f 1025/337/909 1023/335/907 1020/332/904
f 1025/337/909 1020/332/904 1017/329/901
f 1017/329/901 1013/325/897 1025/337/909
f 1025/337/909 1026/338/910 1023/335/907
f 1026/338/910 1024/336/908 1023/335/907
f 1025/337/909 1027/339/911 1026/338/910
f 1013/325/897 1027/339/911 1025/337/909
f 1026/338/910 1028/340/912 1024/336/908
f 1013/325/897 1029/341/913 1027/339/911
f 1019/331/903 1021/333/905 1030/344/914
f 1019/331/903 1030/344/914 1031/345/915
f 1019/331/903 1032/346/916 1018/330/902
f 1019/331/903 1031/345/915 1032/346/916
f 1033/347/917 1031/345/915 1030/344/914
f 1032/346/916 1031/345/915 1033/347/917
f 1018/330/902 1032/346/916 1009/320/893
f 1009/320/893 1032/346/916 1034/348/918
f 1009/320/893 1034/348/918 1035/319/919
f 1032/346/916 1036/347/917 1034/348/918
f 1037/342/920 1027/339/921 1038/341/922
f 1037/342/920 1038/341/922 1039/343/923
f 1029/341/913 1012/324/896 1040/349/924
f 1029/341/913 1013/325/897 1012/324/896
f 1041/349/925 1012/324/896 1015/327/899
f 1042/349/926 1015/327/927 1043/350/928
f 1044/351/929 1045/353/930 1046/352/931
f 1044/351/929 1046/352/931 1047/354/932
f 1047/354/932 1046/352/931 1048/355/933
f 1045/353/930 1044/351/929 1049/356/934
f 1045/353/930 1049/356/934 1050/357/935
f 1046/352/931 1045/353/930 1051/358/936
f 1046/352/931 1051/358/936 1052/361/937
f 1053/360/938 1046/352/931 1052/361/937
f 1046/352/931 1054/359/939 1048/355/933
f 1046/352/931 1053/360/938 1054/359/939
f 1055/372/940 1051/358/936 1045/353/930
f 1055/372/940 1045/353/930 1050/357/935
f 1056/370/941 1051/358/936 1055/372/940
f 1057/363/942 1055/372/940 1050/357/935
f 1055/372/940 1057/363/942 1058/370/943
f 1057/363/942 1050/357/935 1059/362/944
f 1049/356/934 1059/362/944 1050/357/935
f 1057/363/942 1059/362/944 1060/364/945
f 1061/365/946 1060/364/945 1059/362/944
f 1061/365/946 1059/362/944 1049/356/934
f 1062/366/947 1057/363/942 1060/364/945
f 1062/366/947 1063/367/948 1057/363/942
f 1057/363/942 1063/367/948 1064/368/949
f 1057/363/942 1064/368/949 1058/370/943
f 1064/368/949 1063/367/948 1065/369/950
f 1066/370/951 1064/368/949 1065/369/950
f 1067/371/952 1063/367/948 1062/366/947
f 1068/371/953 1065/369/950 1063/367/948
f 1061/365/946 1049/356/934 1069/374/954
f 1061/365/946 1069/374/954 1070/373/955
f 1070/373/955 1069/374/954 1071/375/956
f 1070/373/955 1071/375/956 1072/376/957
f 1072/376/957 1071/375/956 1073/377/958
f 1074/378/959 1073/377/958 1071/375/956
f 1073/377/958 1074/378/959 1075/379/960
f 1073/377/958 1075/379/960 1076/380/961
f 1077/381/962 1073/377/958 1076/380/961
f 1073/377/958 1077/381/962 1078/382/963
f 1072/376/957 1073/377/958 1078/382/963
f 1044/351/929 1069/374/954 1049/356/934
f 1044/351/929 1079/383/964 1069/374/954
f 1080/384/965 1071/375/956 1069/374/954
f 1080/384/965 1069/374/954 1079/383/964
f 1080/384/965 1079/383/964 1081/385/966
f 1044/351/929 1081/385/966 1079/383/964
f 1080/384/965 1081/385/966 1082/386/967
f 1082/386/967 1081/385/966 1083/387/968
f 1083/387/968 1084/388/969 1082/386/967
f 1084/388/969 1080/384/965 1082/386/967
f 1083/387/968 1085/389/970 1084/388/969
f 1084/388/969 1085/389/970 1086/390/971
f 1084/388/969 1086/390/971 1087/391/972
f 1087/391/972 1088/392/973 1084/388/969
f 1087/391/972 1089/393/974 1088/392/973
f 1044/351/929 1047/354/932 1081/385/966
f 1084/388/969 1090/394/975 1080/384/965
f 1084/388/969 1088/392/973 1090/394/975
f 1047/354/932 1091/395/976 1081/385/966
f 1081/385/966 1091/395/976 1083/387/968
f 1092/396/977 1093/398/978 1094/397/979
f 1095/399/980 1093/398/978 1092/396/977
f 1093/398/978 1095/399/980 1096/400/981
f 1093/398/978 1096/400/981 1097/401/982
f 1096/400/981 1098/402/983 1097/401/982
f 1097/401/982 1098/402/983 1099/403/984
f 1100/404/985 1093/398/978 1097/401/982
f 1093/398/978 1100/404/985 1101/405/986
f 1097/401/982 1102/406/987 1100/404/985
f 1097/401/982 1099/403/984 1102/406/987
f 1102/406/987 1099/403/984 1103/407/988
f 1104/408/989 1098/402/983 1096/400/981
f 1104/408/989 1105/409/990 1098/402/983
f 1106/410/991 1105/409/990 1104/408/989
f 1106/410/991 1107/411/992 1105/409/990
f 1108/412/993 1107/411/992 1106/410/991
f 1108/412/993 1109/413/994 1107/411/992
f 1102/406/987 1110/414/995 1100/404/985
f 1102/406/987 1111/415/996 1110/414/995
f 1111/415/996 1112/416/997 1110/414/995
f 1111/415/996 1113/417/998 1112/416/997
f 1112/416/997 1113/417/998 1114/418/999
f 1115/419/1000 1112/416/997 1114/418/999
f 1116/420/1001 1112/416/997 1115/419/1000
f 1110/414/995 1112/416/997 1116/420/1001
f 1114/418/999 1113/417/998 1117/421/1002
f 1110/414/995 1116/420/1001 1118/422/1003
f 1119/423/1004 1116/420/1005 1120/424/1006
f 1121/425/1007 1119/423/1004 1120/424/1006
f 1121/425/1007 1120/424/1006 1122/426/999
f 1123/427/1008 1121/425/1007 1122/426/999
f 1124/428/1009 1121/425/1007 1123/427/1008
f 1121/425/1007 1124/428/1009 1119/423/1004
f 1124/428/1009 1123/427/1008 1125/429/1010
f 1123/427/1008 1122/426/999 1126/430/1011
f 1125/429/1010 1127/431/1012 1124/428/1009
f 1124/428/1009 1127/431/1012 1128/432/1013
f 1124/428/1009 1128/432/1013 1129/433/1014
f 1119/423/1004 1124/428/1009 1129/433/1014
f 1129/433/1014 1130/422/1015 1119/423/1004
f 1131/405/986 1130/422/1015 1129/433/1014
f 1128/432/1013 1131/405/986 1129/433/1014
f 1123/427/1008 1126/430/1011 1132/434/998
f 1123/427/1008 1132/434/998 1133/435/996
f 1134/429/1016 1123/427/1008 1133/435/996
f 1134/429/1016 1133/435/996 1135/436/1017
f 1094/397/1018 1131/405/986 1128/432/1013
f 1128/432/1013 1127/431/1012 1136/437/1019
f 1137/438/1020 1136/437/1019 1127/431/1012
f 1137/438/1020 1127/431/1012 1138/439/1021
f 1139/429/1010 1138/439/1021 1127/431/1012
f 1140/440/1022 1138/439/1021 1139/429/1010
f 1138/439/1021 1140/440/1022 1141/441/1023
f 1138/439/1021 1141/441/1023 1142/442/1024
f 1138/439/1021 1142/442/1024 1143/443/1025
f 1137/438/1020 1138/439/1021 1143/443/1025
f 1144/444/1026 1143/443/1025 1142/442/1024
f 1143/443/1025 1144/444/1026 1145/445/1027
f 1143/443/1025 1145/445/1027 1146/446/1028
f 1147/447/980 1143/443/1025 1146/446/1028
f 1145/445/1027 1147/447/980 1146/446/1028
f 1145/445/1027 1148/448/981 1147/447/980
f 1144/444/1026 1142/442/1024 1149/449/1029
f 1145/445/1027 1144/444/1026 1150/450/1030
f 1145/445/1027 1150/450/1030 1151/451/1031
f 1148/448/981 1145/445/1027 1151/451/1031
f 1151/451/1031 1150/450/1030 1152/452/994
f 1151/451/1031 1152/452/994 1153/453/1032
f 1148/448/981 1151/451/1031 1154/454/989
f 1154/454/989 1151/451/1031 1153/453/1032
f 1154/454/989 1153/453/1032 1155/455/1033
f 1156/456/1034 1152/452/994 1150/450/1030
f 1156/456/1034 1150/450/1030 1157/457/1035
f 1157/457/1035 1150/450/1030 1144/444/1026
f 1157/457/1035 1144/444/1026 1149/449/1029
f 1137/438/1020 1143/443/1025 1158/458/1036
f 1159/459/1037 1160/461/1038 1161/460/1039
f 1159/459/1037 1162/462/1040 1160/461/1038
f 1139/429/1010 1159/459/1037 1161/460/1039
f 1139/429/1010 1161/460/1039 1140/440/1022
f 1161/460/1039 1160/461/1038 1163/463/1041
f 1161/460/1039 1163/463/1041 1164/464/1042
f 1140/440/1022 1161/460/1039 1164/464/1042
f 1140/440/1022 1164/464/1042 1141/441/1023
f 1159/459/1037 1165/465/1043 1162/462/1040
f 1159/459/1037 1166/466/1044 1165/465/1043
f 1167/429/1010 1166/466/1044 1159/459/1037
f 1167/429/1010 1168/436/1045 1166/466/1044
f 1169/422/1046 1170/420/1047 1119/423/1048
f 1100/404/985 1118/422/1015 1101/405/986
f 1100/404/985 1110/414/995 1171/422/1049
f 1172/467/1050 1173/469/1040 1174/468/1051
f 1172/467/1050 1175/470/1052 1173/469/1040
f 1176/471/1053 1172/467/1050 1174/468/1051
f 1176/471/1053 1174/468/1051 1177/472/1054
f 1102/406/987 1176/471/1053 1177/472/1054
f 1103/407/988 1176/471/1053 1102/406/987
f 1094/397/979 1093/398/978 1178/405/1055
f 1094/397/1018 1128/432/1013 1179/473/1056
f 1128/432/1013 1136/437/1019 1179/473/1056
f 1180/397/1057 1179/473/1058 1181/474/1059
f 1182/475/1060 1180/397/1057 1181/474/1059
f 1182/475/1060 1092/396/1061 1180/397/1057
f 1183/476/1062 1008/321/892 1184/319/919
f 1183/476/1062 1185/477/1063 1008/321/892
f 1185/477/1063 1016/328/900 1008/321/892
f 1186/478/1064 1187/481/1065 1188/480/1066
f 1186/478/1064 1188/480/1066 1189/479/1067
f 1189/479/1067 1188/480/1066 1190/482/1068
f 1189/479/1067 1190/482/1068 1191/483/1069
f 1188/480/1066 1187/481/1065 1192/484/1070
f 1187/481/1065 1193/485/1071 1192/484/1070
f 1188/480/1066 1192/484/1070 1194/486/1072
f 1188/480/1066 1195/487/1073 1190/482/1068
f 1188/480/1066 1194/486/1072 1195/487/1073
f 1196/488/1074 1195/487/1073 1194/486/1072
f 1190/482/1068 1195/487/1073 1196/488/1074
f 1196/488/1074 1194/486/1072 1197/489/1075
f 1190/482/1068 1196/488/1074 1198/490/1076
f 1199/483/1077 1190/482/1068 1198/490/1076
f 1199/483/1077 1198/490/1076 1200/491/1078
f 1200/491/1078 1198/490/1076 1201/492/1079
f 1200/491/1078 1201/492/1079 1202/493/1080
f 1201/492/1079 1198/490/1076 1203/494/1081
f 1198/490/1076 1196/488/1074 1204/495/1082
f 1204/495/1082 1205/496/1083 1198/490/1076
f 1196/488/1074 1205/496/1083 1204/495/1082
f 1196/488/1074 1197/489/1075 1205/496/1083
f 1198/490/1076 1205/496/1083 1203/494/1081
f 1201/492/1084 1206/494/1085 1207/497/1086
f 1208/498/1087 1209/496/1088 1210/499/1089
f 1211/500/1090 1209/496/1088 1208/498/1087
f 1211/500/1090 1212/494/1081 1209/496/1088
f 1213/501/1086 1212/494/1081 1211/500/1090
f 910/525/797 1214/527/1091 1215/535/782
f 1215/535/782 1216/534/1092 910/525/797
f 1217/538/1093 1216/534/1092 1215/535/782
f 1218/539/1094 1216/534/1092 1217/538/1093
f 910/525/797 1216/534/1092 912/504/799
f 1214/527/1095 907/526/1096 1219/536/1097
f 1219/536/1097 907/526/1096 1220/537/1098
f 1221/537/1099 907/526/1100 1222/533/1101
f 1223/533/1102 907/526/793 896/532/795
f 1224/347/1103 1030/344/1104 1225/547/1062
f 1226/548/1105 1227/550/1106 1228/549/1107
f 1228/549/1107 1227/550/1106 1229/551/1108
f 1230/552/1109 1231/554/1110 1232/553/1111
f 1232/553/1111 1231/554/1110 1233/549/1112
f 1234/548/1113 1233/549/1112 1231/554/1110
f 1235/555/1114 987/299/871 1236/556/1115
f 990/302/874 987/299/871 1235/555/1114
f 1236/556/1115 987/299/871 994/306/878
