# Blender 5.1.2
# www.blender.org
mtllib monstro0004.mtl
o Object_33
v 4.565014 -132.905014 81.523972
v 4.338254 -132.559113 81.425369
v 6.325670 -132.440353 81.552483
v 6.325670 -132.918106 81.552483
v 7.102668 -132.467285 81.580780
v 7.102668 -132.936066 81.580780
v 4.604606 -132.289001 81.881615
v 5.673593 -132.345871 81.938492
v 7.098910 -132.480667 81.850616
v 7.098910 -132.718765 81.968033
v 5.673593 -132.678268 82.065178
v 4.188889 -132.890106 81.536995
v 7.098910 -132.925232 81.850616
v 5.354472 -133.015778 81.832832
v 7.098910 -132.718765 81.968033
v 5.673593 -132.678268 82.065178
v 4.604605 -132.949631 81.941986
v 4.228481 -132.949234 81.966881
v 2.392396 -133.100464 81.685524
v 3.052271 -133.067551 82.195854
v 1.939022 -133.067551 82.412827
v 4.416542 -132.597885 82.148407
v 3.241556 -132.678268 82.294983
v 2.372585 -132.678268 82.496277
v 2.392396 -132.244522 81.606728
v 1.900582 -132.319397 81.549591
v 1.900582 -133.096832 81.549591
v 1.605497 -133.076324 82.409904
v 1.939022 -132.346130 82.464088
v 3.052271 -132.289001 82.107231
v 2.372585 -132.678268 82.496277
v 3.241556 -132.678268 82.294983
v 4.151087 -132.272736 81.893082
v 4.416542 -132.597885 82.148407
v 1.633513 -132.371201 81.323006
v 1.526906 -133.167282 81.323006
v 1.605497 -132.325760 82.426895
v 1.942397 -132.678268 82.536102
v 1.607806 -132.678268 82.516968
v 4.379998 -132.272202 81.886894
v 0.619154 -132.449768 68.875793
v 0.414365 -132.308167 71.593933
v 0.935154 -132.266754 71.382149
v 0.993650 -132.513153 73.058838
v 0.487022 -132.523544 72.977684
v 0.994998 -132.511032 73.598366
v 0.464458 -132.539154 73.509979
v 1.172612 -133.127411 73.350433
v 1.172613 -133.171326 73.623421
v 1.172612 -133.095306 73.087509
v 0.308060 -133.138672 73.254631
v 0.308060 -133.095306 72.949013
v 0.740336 -133.327408 73.018265
v 0.740336 -133.369629 73.285431
v 1.172612 -133.095306 73.087509
v 1.172612 -133.127411 73.350433
v 0.740337 -133.412094 73.554169
v 1.172613 -133.171326 73.623421
v 0.308061 -133.171326 73.484924
v 0.830301 -133.629517 76.088402
v 0.306055 -133.237137 76.277496
v 1.230235 -133.237137 76.416039
v 0.334208 -132.405548 76.120567
v 0.012404 -133.560760 76.376801
v 0.012404 -132.527084 76.250900
v 1.165215 -132.951279 71.227577
v 0.715179 -133.245193 71.333466
v 0.333095 -132.951279 71.439354
v 0.619154 -133.154327 68.875793
v 0.372845 -132.879669 68.875793
v 0.619154 -132.449768 68.875793
v 0.619154 -133.154327 68.875793
v 1.294992 -132.310837 76.166573
v 1.294992 -132.310837 76.166573
v 1.294992 -132.310837 76.166573
v 1.230235 -133.237137 76.416039
v 0.968926 -133.528076 78.856369
v 0.846803 -133.735321 77.065964
v 1.250908 -133.261337 77.246635
v 0.012404 -134.118225 78.877609
v 0.012404 -133.861694 76.941177
v 1.115779 -132.679794 78.887535
v 1.245259 -132.425232 77.246635
v 1.230235 -133.237137 76.416039
v 0.012404 -133.560760 76.376801
v 0.306055 -133.237137 76.277496
v 0.830301 -133.629517 76.088402
v 0.760325 -132.216232 77.589539
v 0.831511 -132.105301 77.072639
v 0.012404 -132.278580 77.794662
v 0.012404 -132.310715 78.877609
v 0.012404 -132.254700 76.695053
v 0.193570 -132.208344 76.437347
v 0.899084 -132.132019 76.541748
v 0.334208 -132.405548 76.120567
v 1.294992 -132.310837 76.166573
v 0.012404 -132.527084 76.250900
v 0.012404 -132.527084 76.250900
v 1.280284 -132.421356 77.007362
v 1.294992 -132.310837 76.166573
v 1.294992 -132.310837 76.166573
v 0.012404 -132.197815 79.766899
v 1.178962 -132.571777 79.716705
v 1.633513 -132.371201 81.323006
v 0.012404 -131.796722 81.336067
v 0.966596 -132.178238 82.548309
v 1.605497 -132.325760 82.426895
v 1.607806 -132.678268 82.516968
v 0.957743 -132.678268 82.564018
v 0.467534 -132.733658 82.711540
v 0.012404 -132.288986 82.641838
v 1.050097 -133.475220 79.716705
v 1.526906 -133.167282 81.323006
v 0.542687 -133.922379 79.783081
v 0.871952 -133.728806 81.226639
v 0.012404 -133.906128 81.418457
v 0.966596 -133.067551 82.416367
v 0.012404 -133.111694 82.547127
v 0.467534 -132.733658 82.711540
v 0.957743 -132.678268 82.564018
v 1.605497 -133.076324 82.409904
v 1.607806 -132.678268 82.516968
v 1.900582 -133.096832 81.549591
v 0.012404 -134.090424 79.786514
v 7.304121 -132.976486 81.539520
v 7.304121 -132.432266 81.539520
v 7.452557 -132.662125 81.548004
v 7.471015 -132.844849 81.398323
v 7.696621 -132.936188 81.390800
v 7.722791 -132.771652 81.550415
v 7.814222 -132.987167 81.503250
v 7.732298 -133.018936 81.643456
v 7.998094 -132.651062 81.764587
v 7.924614 -132.317245 81.640755
v 8.008974 -132.868790 81.784622
v 8.016235 -133.040833 81.797997
v 7.952839 -132.976318 81.351234
v 7.976388 -133.031403 81.470039
v 8.094219 -132.966843 81.358345
v 8.104343 -133.019913 81.451134
v 8.187252 -133.033829 81.308746
v 8.197563 -133.087860 81.403229
v 8.153023 -132.647873 81.636078
v 8.201752 -132.844437 81.635910
v 8.200872 -132.660660 81.448280
v 8.219378 -132.841660 81.454140
v 8.336580 -132.645706 81.376869
v 8.252338 -132.421677 81.386719
v 8.151924 -132.412354 81.434792
v 8.352680 -132.813370 81.379700
v 8.087557 -132.318771 81.625534
v 8.194149 -132.314926 81.691910
v 8.252338 -132.421677 81.386719
v 8.348555 -132.648483 81.680092
v 8.336580 -132.645706 81.376869
v 8.341963 -132.848007 81.679138
v 8.046482 -132.672836 81.948761
v 8.044224 -132.872360 81.942497
v 8.352680 -132.813370 81.379700
v 7.304121 -132.709824 81.981804
v 7.304121 -132.432266 81.840729
v 7.963366 -132.302612 81.818100
v 8.087557 -132.318771 81.625534
v 7.924614 -132.317245 81.640755
v 8.219378 -132.841660 81.454140
v 8.201752 -132.844437 81.635910
v 8.044224 -132.872360 81.942497
v 8.008974 -132.868790 81.784622
v 7.098910 -132.718765 81.968033
v 7.098910 -132.925232 81.850616
v 7.304121 -132.976486 81.828369
v 8.044224 -132.872360 81.942497
v 8.042400 -133.033569 81.937431
v 8.016235 -133.040833 81.797997
v 7.732298 -133.018936 81.643456
v 7.304121 -132.976486 81.539520
v 7.704122 -133.117828 81.460487
v 7.670760 -133.044693 81.334610
v 7.422751 -132.983292 81.389915
v 7.471015 -132.844849 81.398323
v 7.696621 -132.936188 81.390800
v 7.814222 -132.987167 81.503250
v 7.961060 -133.152039 81.418671
v 7.930259 -133.077530 81.288940
v 8.197563 -133.087860 81.403229
v 8.187252 -133.033829 81.308746
v 7.952839 -132.976318 81.351234
v 8.094219 -132.966843 81.358345
v 8.104343 -133.019913 81.451134
v 7.976388 -133.031403 81.470039
v 7.102668 -132.936066 81.580780
v 8.393637 -132.844879 81.783943
v 8.388773 -133.006104 81.781639
v 8.486700 -132.989838 81.489441
v 8.490694 -132.861145 81.487854
v 8.346937 -133.003601 81.520737
v 8.271900 -133.013351 81.701218
v 8.335295 -132.851074 81.527557
v 8.257322 -132.841324 81.696854
v 8.044224 -132.872360 81.942497
v 8.008974 -132.868790 81.784622
v 8.087557 -132.318771 81.625534
v 8.151924 -132.412354 81.434792
v 8.087557 -132.318771 81.625534
v 8.346937 -133.003601 81.520737
v 8.335295 -132.851074 81.527557
v 8.490694 -132.861145 81.487854
v 8.486700 -132.989838 81.489441
v 8.271900 -133.013351 81.701218
v 8.257322 -132.841324 81.696854
v 7.924614 -132.317245 81.640755
v 7.098910 -132.480667 81.850616
v 7.304121 -132.432266 81.539520
v 7.102668 -132.467285 81.580780
v 7.102668 -132.936066 81.580780
v 0.881024 -132.879669 68.875793
v 0.619154 -132.449768 68.875793
v 1.165215 -132.951279 71.227577
v 0.619154 -132.449768 68.875793
v 0.881024 -132.879669 68.875793
v 0.881024 -132.879669 68.505905
v 0.619154 -132.449768 68.505905
v 0.619154 -133.228241 68.523651
v 0.619154 -133.154327 68.875793
v 0.905084 -132.523376 67.862648
v 0.619154 -132.354263 67.868217
v 1.063068 -134.537628 67.862648
v 0.780535 -134.328842 68.173485
v 0.426572 -134.625900 68.047722
v 0.394534 -134.811234 67.910217
v 0.357284 -132.879669 68.505905
v 0.619154 -133.154327 68.875793
v 0.372845 -132.879669 68.875793
v 0.619154 -132.449768 68.505905
v 0.619154 -132.449768 68.875793
v 0.336893 -132.543274 67.862648
v 0.265768 -134.507355 68.073181
v 0.130052 -134.634689 67.862648
v 0.619154 -132.354263 67.868217
v 0.336893 -132.543274 67.862648
v 1.063068 -134.537628 67.862648
v 0.394534 -134.811234 67.910217
v 0.130052 -134.634689 67.862648
v 0.905084 -132.523376 67.862648
v 0.336893 -132.543274 67.862648
v 0.619154 -132.354263 67.868217
v 0.405199 -133.561996 83.966873
v 0.310331 -133.536453 83.667122
v 0.704464 -133.208313 83.822868
v 0.152816 -133.639984 83.902161
v 0.012404 -133.697296 83.667122
v 0.012404 -133.636566 83.628479
v 0.012404 -133.675201 83.821686
v 0.012404 -133.802536 83.920486
v 0.599341 -133.406342 84.225418
v 0.780101 -133.212219 84.501984
v 0.081631 -133.638153 84.178062
v 0.012404 -133.712006 84.108688
v 0.012404 -133.653183 84.311424
v 0.344696 -133.614853 84.239166
v 0.372842 -133.648376 84.430214
v 0.012404 -133.688522 84.457870
v 0.012404 -133.677429 84.637306
v 0.372842 -133.629730 84.653969
v 0.012404 -133.404358 85.181091
v 0.644279 -133.357361 84.980812
v 0.668668 -132.680145 85.130341
v 0.829423 -132.693283 84.495117
v 0.676726 -132.778183 83.826881
v 0.350000 -133.358963 83.234306
v 0.458957 -132.767426 83.215637
v 0.012404 -133.099030 83.176239
v 0.674152 -132.173843 84.400513
v 0.012404 -131.828552 84.815338
v 0.012404 -131.939865 83.860649
v 0.644992 -132.369202 83.821320
v 0.012404 -132.351837 83.319336
v 0.012404 -132.351837 83.319336
v 0.012404 -132.288986 82.641838
v 0.271007 -133.516525 83.574463
v 0.012404 -133.580765 83.166397
v 0.012404 -133.099030 83.176239
v 0.012404 -133.111694 82.547127
v 0.467534 -132.733658 82.711540
v 0.012404 -133.640717 83.473259
v 0.012404 -133.613129 83.542259
v 0.467534 -132.733658 82.711540
v 0.012404 -132.288986 82.641838
v -0.434149 -132.767426 83.215637
v -0.620183 -132.369202 83.821320
v -0.651917 -132.778183 83.826881
v -0.325192 -133.358963 83.234306
v 0.012404 -133.099030 83.176239
v -0.679655 -133.208313 83.822868
v -0.804614 -132.693283 84.495117
v -0.755293 -133.212219 84.501984
v -0.574532 -133.406342 84.225418
v -0.380390 -133.561996 83.966873
v -0.285523 -133.536453 83.667122
v -0.128008 -133.639984 83.902161
v 0.012404 -133.697296 83.667122
v 0.012404 -133.636566 83.628479
v 0.012404 -133.675201 83.821686
v 0.012404 -133.802536 83.920486
v -0.056822 -133.638153 84.178062
v 0.012404 -133.712006 84.108688
v 0.012404 -133.653183 84.311424
v -0.319888 -133.614853 84.239166
v -0.348034 -133.648376 84.430214
v 0.012404 -133.688522 84.457870
v 0.012404 -133.677429 84.637306
v -0.348034 -133.629730 84.653969
v -0.619471 -133.357361 84.980812
v -0.643859 -132.680145 85.130341
v -0.649343 -132.173843 84.400513
v 0.012404 -131.828552 84.815338
v 0.012404 -131.939865 83.860649
v 0.012404 -132.351837 83.319336
v -0.322313 -133.379333 85.102745
v -0.459236 -132.805405 85.302948
v -0.643859 -132.680145 85.130341
v 0.012404 -132.245300 85.295799
v 0.012404 -131.828552 84.815338
v 0.012404 -133.404358 85.181091
v 0.012404 -132.919510 85.405190
v 0.012404 -132.245300 85.295799
v 0.012404 -132.245300 85.295799
v 0.668668 -132.680145 85.130341
v 0.484045 -132.805405 85.302948
v 0.347122 -133.379333 85.102745
v 0.012404 -132.919510 85.405190
v 0.012404 -132.245300 85.295799
v 0.012404 -133.802536 83.920486
v 0.012404 -133.805237 83.956894
v 0.012404 -133.712006 84.108688
v 0.619154 -133.154327 68.875793
v 0.881024 -132.879669 68.875793
v 0.012404 -132.676636 83.603111
v 0.704464 -133.208313 83.822868
v 0.012404 -133.636566 83.628479
v 0.310331 -133.536453 83.667122
v 0.012404 -133.613129 83.542259
v 0.271007 -133.516525 83.574463
v 0.012404 -133.422791 83.322845
v 0.704464 -133.208313 83.822868
v 0.012404 -132.676636 83.603111
v 1.942397 -132.678268 82.536102
v 1.607806 -132.678268 82.516968
v -4.540206 -132.904984 81.523941
v -6.300860 -132.918076 81.552452
v -6.300860 -132.440323 81.552452
v -4.313445 -132.559067 81.425354
v -7.077860 -132.467255 81.580750
v -7.077861 -132.936035 81.580750
v -4.579795 -132.288956 81.881599
v -5.648786 -132.345840 81.938461
v -7.074100 -132.480637 81.850586
v -7.074100 -132.718735 81.968002
v -5.648786 -132.678238 82.065147
v -4.164080 -132.890076 81.536972
v -7.074100 -132.925201 81.850586
v -5.329665 -133.015747 81.832802
v -7.074100 -132.718735 81.968002
v -5.648786 -132.678238 82.065147
v -4.579799 -132.949600 81.941956
v -4.203672 -132.949203 81.966858
v -2.367586 -133.100433 81.685501
v -3.027462 -133.067520 82.195831
v -1.914213 -133.067520 82.412804
v -4.391735 -132.597839 82.148392
v -3.216747 -132.678238 82.294952
v -2.347774 -132.678238 82.496254
v -2.367586 -132.244492 81.606705
v -1.875772 -132.319366 81.549568
v -1.875772 -133.096802 81.549568
v -1.580689 -133.076309 82.409889
v -1.914213 -132.346100 82.464066
v -3.027462 -132.288971 82.107208
v -2.347774 -132.678238 82.496254
v -3.216747 -132.678238 82.294952
v -4.126278 -132.272705 81.893059
v -4.391735 -132.597839 82.148392
v -1.608704 -132.371185 81.322998
v -1.502098 -133.167267 81.322998
v -1.580689 -132.325745 82.426880
v -1.917587 -132.678238 82.536079
v -1.582998 -132.678253 82.516953
v -4.355187 -132.272156 81.886879
v -0.594346 -132.449753 68.875793
v -0.910346 -132.266739 71.382149
v -0.389556 -132.308151 71.593925
v -0.968841 -132.513138 73.058838
v -0.462213 -132.523529 72.977684
v -0.970189 -132.511002 73.598358
v -0.439649 -132.539124 73.509972
v -1.147803 -133.127396 73.350426
v -1.147804 -133.171295 73.623413
v -1.147803 -133.095291 73.087509
v -0.283251 -133.138657 73.254623
v -0.283252 -133.095291 72.949013
v -0.715527 -133.327393 73.018265
v -0.715527 -133.369614 73.285423
v -1.147803 -133.095291 73.087509
v -1.147803 -133.127396 73.350426
v -0.715528 -133.412064 73.554161
v -1.147804 -133.171295 73.623413
v -0.283251 -133.171295 73.484917
v -0.805492 -133.629486 76.088394
v -0.281246 -133.237106 76.277489
v -1.205426 -133.237106 76.416031
v -0.309400 -132.405533 76.120560
v -1.140407 -132.951263 71.227577
v -0.690371 -133.245178 71.333466
v -0.308287 -132.951263 71.439354
v -0.594346 -133.154312 68.875793
v -0.348036 -132.879654 68.875793
v -0.594346 -132.449753 68.875793
v -0.594346 -133.154312 68.875793
v 0.012404 -133.560760 76.376801
v -0.309400 -132.405533 76.120560
v 0.012404 -132.527084 76.250900
v -1.270182 -132.393051 76.156235
v -1.270182 -132.393051 76.156235
v -1.270182 -132.393051 76.156235
v -1.205426 -133.237106 76.416031
v -0.944117 -133.528076 78.856369
v -1.226099 -133.261337 77.246635
v -0.821995 -133.735321 77.065964
v 0.012404 -134.118225 78.877609
v 0.012404 -133.861694 76.941177
v -1.090970 -132.679794 78.887535
v -1.220450 -132.425232 77.246635
v -1.205426 -133.237106 76.416031
v -0.805492 -133.629486 76.088394
v -0.281246 -133.237106 76.277489
v 0.012404 -133.560760 76.376801
v -1.259399 -132.421356 77.014854
v -1.270182 -132.393051 76.156235
v -0.806702 -132.105301 77.072639
v -1.270182 -132.393051 76.156235
v -0.735517 -132.216232 77.589539
v 0.012404 -132.278580 77.794662
v 0.012404 -132.310715 78.877609
v 0.012404 -132.254700 76.695053
v -0.168761 -132.208344 76.437347
v -0.874276 -132.132019 76.541748
v -0.309400 -132.405533 76.120560
v -1.270182 -132.393051 76.156235
v 0.012404 -132.527084 76.250900
v 0.012404 -132.527084 76.250900
v -1.154153 -132.571777 79.716705
v 0.012404 -132.197815 79.766899
v -1.608704 -132.371185 81.322998
v 0.012404 -131.796722 81.336067
v -0.941788 -132.178223 82.548302
v -1.580689 -132.325745 82.426880
v -1.582998 -132.678253 82.516953
v -0.932935 -132.678253 82.564003
v -0.442726 -132.733658 82.711540
v 0.012404 -132.288986 82.641838
v -1.025290 -133.475220 79.716705
v -1.502098 -133.167267 81.322998
v -0.517879 -133.922379 79.783081
v -0.847144 -133.728790 81.226631
v 0.012404 -133.906128 81.418457
v -0.941788 -133.067535 82.416359
v 0.012404 -133.111694 82.547127
v -0.442726 -132.733658 82.711540
v -0.932935 -132.678253 82.564003
v -1.580689 -133.076309 82.409889
v -1.582998 -132.678253 82.516953
v -1.875772 -133.096802 81.549568
v 0.012404 -134.090424 79.786514
v -7.279314 -132.976471 81.539482
v -7.427750 -132.662109 81.547966
v -7.279313 -132.432251 81.539482
v -7.446208 -132.844833 81.398285
v -7.671814 -132.936172 81.390762
v -7.697984 -132.771637 81.550377
v -7.789415 -132.987152 81.503204
v -7.707491 -133.018921 81.643417
v -7.973287 -132.651047 81.764542
v -7.899807 -132.317230 81.640717
v -7.984167 -132.868774 81.784584
v -7.991427 -133.040817 81.797958
v -7.928032 -132.976303 81.351196
v -7.951581 -133.031387 81.470001
v -8.069410 -132.966827 81.358307
v -8.079535 -133.019897 81.451096
v -8.162444 -133.033813 81.308708
v -8.172755 -133.087845 81.403191
v -8.128216 -132.647858 81.636040
v -8.176944 -132.844421 81.635872
v -8.176064 -132.660645 81.448242
v -8.194570 -132.841644 81.454102
v -8.311772 -132.645691 81.376831
v -8.227530 -132.421661 81.386681
v -8.127116 -132.412338 81.434753
v -8.327873 -132.813354 81.379662
v -8.062750 -132.318756 81.625496
v -8.169342 -132.314911 81.691872
v -8.227530 -132.421661 81.386681
v -8.323747 -132.648468 81.680054
v -8.311772 -132.645691 81.376831
v -8.317156 -132.847992 81.679100
v -8.021675 -132.672821 81.948723
v -8.019417 -132.872345 81.942459
v -8.327873 -132.813354 81.379662
v -7.279314 -132.709808 81.981766
v -7.279313 -132.432251 81.840691
v -7.938558 -132.302597 81.818062
v -8.062750 -132.318756 81.625496
v -7.899807 -132.317230 81.640717
v -8.194570 -132.841644 81.454102
v -8.176944 -132.844421 81.635872
v -8.019417 -132.872345 81.942459
v -7.984167 -132.868774 81.784584
v -7.074100 -132.718735 81.968002
v -7.074100 -132.925201 81.850586
v -7.279314 -132.976471 81.828331
v -8.019417 -132.872345 81.942459
v -8.017591 -133.033554 81.937393
v -7.991427 -133.040817 81.797958
v -7.707491 -133.018921 81.643417
v -7.279314 -132.976471 81.539482
v -7.679315 -133.117813 81.460449
v -7.645953 -133.044678 81.334572
v -7.397944 -132.983276 81.389877
v -7.446208 -132.844833 81.398285
v -7.671814 -132.936172 81.390762
v -7.789415 -132.987152 81.503204
v -7.936253 -133.152023 81.418633
v -7.905452 -133.077515 81.288902
v -8.172755 -133.087845 81.403191
v -8.162444 -133.033813 81.308708
v -7.928032 -132.976303 81.351196
v -8.069410 -132.966827 81.358307
v -8.079535 -133.019897 81.451096
v -7.951581 -133.031387 81.470001
v -7.077861 -132.936035 81.580750
v -8.368830 -132.844864 81.783905
v -8.461892 -132.989822 81.489403
v -8.363965 -133.006088 81.781601
v -8.465886 -132.861130 81.487816
v -8.322128 -133.003586 81.520699
v -8.247092 -133.013336 81.701180
v -8.310487 -132.851059 81.527512
v -8.232514 -132.841309 81.696815
v -8.019417 -132.872345 81.942459
v -7.984167 -132.868774 81.784584
v -8.062750 -132.318756 81.625496
v -8.127116 -132.412338 81.434753
v -8.062750 -132.318756 81.625496
v -8.322128 -133.003586 81.520699
v -8.465886 -132.861130 81.487816
v -8.310487 -132.851059 81.527512
v -8.461892 -132.989822 81.489403
v -8.247092 -133.013336 81.701180
v -8.232514 -132.841309 81.696815
v -7.899807 -132.317230 81.640717
v -7.074100 -132.480637 81.850586
v -7.279313 -132.432251 81.539482
v -7.077860 -132.467255 81.580750
v -7.077861 -132.936035 81.580750
v -0.856215 -132.879654 68.875793
v -0.594346 -132.449753 68.875793
v -1.140407 -132.951263 71.227577
v -0.594346 -132.449753 68.875793
v -0.594346 -132.449753 68.505898
v -0.856215 -132.879654 68.505898
v -0.856215 -132.879654 68.875793
v -0.594346 -133.228226 68.523643
v -0.594346 -133.154312 68.875793
v -0.880275 -132.523361 67.862640
v -0.594346 -132.354248 67.868210
v -1.038260 -134.537613 67.862640
v -0.755726 -134.328827 68.173477
v -0.401764 -134.625885 68.047714
v -0.369725 -134.811218 67.910210
v -0.332474 -132.879654 68.505898
v -0.594346 -133.154312 68.875793
v -0.348036 -132.879654 68.875793
v -0.594346 -132.449753 68.505898
v -0.594346 -132.449753 68.875793
v -0.312085 -132.543259 67.862640
v -0.240959 -134.507339 68.073174
v -0.105244 -134.634674 67.862640
v -0.312085 -132.543259 67.862640
v -0.594346 -132.354248 67.868210
v -1.038260 -134.537613 67.862640
v -0.105244 -134.634674 67.862640
v -0.369725 -134.811218 67.910210
v -0.880275 -132.523361 67.862640
v -0.312085 -132.543259 67.862640
v -0.594346 -132.354248 67.868210
v 0.012404 -133.099030 83.176239
v 0.012404 -133.580765 83.166397
v -0.246199 -133.516525 83.574463
v 0.012404 -133.640717 83.473259
v 0.012404 -133.613129 83.542259
v 0.012404 -133.111694 82.547127
v -0.442726 -132.733658 82.711540
v -0.442726 -132.733658 82.711540
v 0.012404 -132.288986 82.641838
v 0.012404 -132.288986 82.641838
v -0.594346 -133.154312 68.875793
v -0.856215 -132.879654 68.875793
v 0.012404 -132.676636 83.603111
v 0.012404 -133.636566 83.628479
v -0.679655 -133.208313 83.822868
v -0.285523 -133.536453 83.667122
v 0.012404 -133.613129 83.542259
v 0.012404 -133.422791 83.322845
v -0.246199 -133.516525 83.574463
v -0.679655 -133.208313 83.822868
v 0.012404 -132.676636 83.603111
v -1.917587 -132.678238 82.536079
v -1.582998 -132.678253 82.516953
vn -0.0207 -0.7165 -0.6973
vn -0.0255 0.4064 -0.9133
vn 0.0683 0.6544 -0.7530
vn 0.0512 -0.6648 -0.7453
vn -0.1115 0.7019 -0.7035
vn -0.1555 -0.7151 -0.6815
vn 0.0472 0.9698 0.2394
vn 0.0518 0.9233 0.3806
vn -0.0312 0.8305 0.5561
vn -0.0001 -0.0580 0.9983
vn 0.0606 -0.0828 0.9947
vn -0.0238 -0.7149 -0.6988
vn -0.0640 -0.8396 0.5394
vn 0.0233 -0.9588 0.2831
vn -0.0001 -0.0581 0.9983
vn -0.0115 -0.8846 0.4663
vn 0.1045 -0.8851 0.4535
vn 0.0490 -0.7943 -0.6056
vn 0.1574 -0.8370 0.5241
vn 0.0418 -0.7795 0.6250
vn 0.0899 0.0816 0.9926
vn 0.1888 0.0760 0.9791
vn 0.2012 0.0172 0.9794
vn 0.0137 0.7476 -0.6640
vn 0.1449 0.7695 -0.6219
vn 0.3050 -0.7575 -0.5772
vn 0.0124 -0.7983 0.6022
vn 0.0300 0.7354 0.6770
vn 0.1404 0.8973 0.4186
vn 0.2012 0.0173 0.9794
vn 0.1889 0.0761 0.9791
vn -0.0079 0.9899 0.1419
vn 0.6213 0.6579 -0.4257
vn 0.7451 -0.6489 -0.1545
vn 0.1109 0.7805 0.6153
vn 0.0129 -0.0413 0.9991
vn 0.0187 -0.0621 0.9979
vn 0.0393 0.9860 0.1620
vn -0.0206 0.9945 -0.1031
vn -0.6581 0.7515 0.0467
vn 0.5405 0.8413 -0.0098
vn 0.5989 0.7992 0.0513
vn -0.6142 0.7848 0.0826
vn 0.5776 0.8144 -0.0562
vn -0.6432 0.7654 -0.0186
vn 0.9292 -0.3643 -0.0629
vn 0.9067 -0.4114 -0.0934
vn 0.9319 -0.3599 -0.0451
vn -0.9159 -0.3950 -0.0722
vn -0.9221 -0.3855 -0.0344
vn 0.0129 -0.9934 -0.1143
vn 0.0202 -0.9888 -0.1481
vn 0.9292 -0.3642 -0.0629
vn 0.0090 -0.9930 -0.1175
vn 0.9067 -0.4113 -0.0933
vn -0.9071 -0.4178 -0.0508
vn 0.0748 -0.9950 -0.0661
vn -0.5270 -0.5581 -0.6409
vn 0.9194 -0.3915 -0.0375
vn -0.5005 0.6828 -0.5322
vn -0.0000 -0.6392 -0.7690
vn -0.0000 0.2789 -0.9603
vn 0.9489 -0.3090 -0.0648
vn -0.0413 -0.9983 -0.0408
vn -0.9262 -0.3765 -0.0197
vn -0.0250 -0.9996 0.0114
vn -0.9950 -0.0997 -0.0033
vn -0.0249 -0.9996 0.0115
vn 0.7460 0.6550 -0.1201
vn 0.7460 0.6551 -0.1201
vn 0.9194 -0.3914 -0.0375
vn 0.8248 -0.5653 0.0116
vn 0.4632 -0.8745 -0.1438
vn 0.9380 -0.3454 0.0288
vn -0.0000 -0.9994 -0.0357
vn -0.0000 -0.9489 -0.3156
vn 0.8721 0.4870 0.0470
vn 0.8568 0.4909 0.1581
vn 0.2500 0.9487 0.1934
vn 0.2160 0.9709 0.1033
vn -0.0000 0.9986 0.0535
vn -0.0000 0.9997 0.0243
vn -0.0000 0.9962 -0.0874
vn -0.3488 0.8709 -0.3462
vn 0.1281 0.9719 -0.1977
vn -0.5004 0.6826 -0.5326
vn -0.0000 0.2788 -0.9604
vn 0.9046 0.4169 0.0894
vn -0.0000 0.9822 -0.1880
vn 0.8165 0.5309 -0.2269
vn 0.6213 0.6579 -0.4256
vn 0.0001 0.9997 -0.0245
vn 0.2083 0.7123 0.6703
vn 0.0188 -0.0621 0.9979
vn 0.2018 -0.1235 0.9716
vn 0.5848 -0.1700 0.7931
vn -0.0000 0.8650 0.5019
vn 0.8616 -0.4983 -0.0966
vn 0.7450 -0.6489 -0.1545
vn 0.4752 -0.8799 -0.0013
vn 0.4556 -0.8692 0.1920
vn 0.0001 -0.9450 0.3271
vn 0.1917 -0.6954 0.6926
vn -0.0000 -0.8719 0.4896
vn 0.5848 -0.1699 0.7932
vn 0.2018 -0.1236 0.9716
vn 0.0124 -0.7983 0.6021
vn 0.0187 -0.0622 0.9979
vn 0.3049 -0.7575 -0.5773
vn -0.0000 -0.9975 0.0711
vn -0.4408 -0.7146 -0.5433
vn -0.1428 0.6660 -0.7322
vn 0.0664 0.2244 -0.9722
vn -0.2909 0.4654 -0.8359
vn 0.2663 0.6342 -0.7258
vn 0.5293 0.4611 -0.7122
vn 0.7577 0.2611 0.5981
vn 0.3919 -0.9200 -0.0021
vn -0.0710 -0.1191 -0.9903
vn 0.0048 0.6478 -0.7618
vn 0.0565 -0.1729 -0.9833
vn 0.0364 -0.8601 -0.5089
vn 0.0372 0.9298 -0.3662
vn 0.1574 0.3023 0.9401
vn 0.2300 0.9586 -0.1679
vn 0.3412 0.3901 0.8552
vn 0.7614 0.1076 -0.6393
vn 0.8707 -0.4075 0.2752
vn -0.8262 -0.1853 -0.5320
vn -0.4532 -0.8363 -0.3085
vn -0.7808 -0.1605 -0.6038
vn -0.5755 -0.6788 -0.4561
vn 0.5409 0.1107 -0.8338
vn 0.3291 0.5226 -0.7865
vn -0.6583 0.4081 -0.6326
vn 0.5062 -0.4561 -0.7319
vn -0.2582 0.7436 -0.6168
vn 0.5537 0.7935 0.2526
vn -0.6583 0.4080 -0.6326
vn 0.9119 0.1643 0.3761
vn 0.7131 -0.6401 0.2860
vn 0.3472 0.1581 0.9244
vn 0.2479 -0.0155 0.9687
vn -0.0382 -0.0074 0.9992
vn -0.1313 0.8359 0.5330
vn 0.0834 0.8229 0.5620
vn -0.2582 0.7435 -0.6168
vn -0.5756 -0.6787 -0.4561
vn -0.1428 0.6659 -0.7322
vn -0.0002 -0.0580 0.9983
vn -0.1279 -0.8683 0.4793
vn 0.2478 -0.0155 0.9687
vn 0.1066 -0.6639 0.7402
vn 0.3918 -0.9201 -0.0020
vn -0.4408 -0.7146 -0.5432
vn -0.0846 -0.9894 0.1179
vn -0.2199 -0.3368 -0.9156
vn -0.5528 -0.4068 -0.7272
vn 0.2663 0.6342 -0.7259
vn 0.7577 0.2611 0.5980
vn 0.0964 -0.9590 0.2667
vn -0.0475 -0.2948 -0.9544
vn 0.8707 -0.4075 0.2753
vn 0.2299 0.9586 -0.1678
vn 0.3413 0.3901 0.8552
vn 0.1573 0.3024 0.9401
vn -0.1555 -0.7151 -0.6816
vn 0.5824 0.6226 0.5227
vn 0.5984 -0.6225 0.5044
vn 0.6294 -0.5263 -0.5717
vn 0.6350 0.5145 -0.5763
vn -0.4564 -0.6399 -0.6182
vn -0.3260 -0.8379 -0.4377
vn -0.5050 0.6148 -0.6058
vn -0.4123 0.8067 -0.4234
vn 0.0565 -0.1728 -0.9833
vn -0.2581 0.7436 -0.6168
vn 0.5537 0.7935 0.2525
vn -0.6582 0.4080 -0.6326
vn -0.2581 0.7435 -0.6169
vn 0.6350 0.5144 -0.5763
vn 0.6295 -0.5263 -0.5717
vn -0.4122 0.8067 -0.4235
vn 0.0048 0.6479 -0.7617
vn -0.1115 0.7019 -0.7034
vn -0.4407 -0.7146 -0.5432
vn 0.9936 -0.0970 -0.0580
vn -0.0205 0.9945 -0.1031
vn 0.9488 -0.3090 -0.0648
vn 0.9707 0.0618 0.2320
vn -0.0073 0.9718 0.2357
vn -0.0146 -0.5522 0.8336
vn -0.0250 -0.9996 0.0115
vn 0.7029 0.4519 -0.5492
vn -0.0227 0.8451 -0.5341
vn 0.7602 -0.5759 -0.3009
vn 0.3118 -0.3877 0.8675
vn -0.0509 -0.5387 0.8410
vn -0.1106 -0.9868 -0.1181
vn -0.9677 0.0694 0.2422
vn -0.0249 -0.9996 0.0114
vn -0.7060 0.4350 -0.5589
vn -0.4635 -0.3405 0.8181
vn -0.7877 -0.5043 -0.3540
vn -0.0226 0.8451 -0.5342
vn 0.7602 -0.5758 -0.3009
vn -0.7876 -0.5043 -0.3540
vn 0.5204 -0.8431 -0.1356
vn 0.3902 -0.3321 -0.8588
vn 0.8660 -0.3393 -0.3673
vn 0.4696 -0.8810 -0.0579
vn 0.0001 -0.9060 -0.4233
vn -0.0000 -0.2956 -0.9553
vn -0.0000 -0.9721 -0.2347
vn -0.0001 -0.9207 -0.3902
vn 0.7290 -0.6804 -0.0754
vn 0.9295 -0.3665 0.0422
vn 0.3696 -0.9278 0.0501
vn -0.0001 -0.9486 0.3164
vn -0.0000 -0.9958 -0.0920
vn 0.3630 -0.9175 -0.1626
vn 0.4282 -0.9022 -0.0520
vn -0.0000 -0.9968 -0.0794
vn -0.0000 -0.9670 0.2547
vn 0.3939 -0.8925 0.2199
vn -0.0000 -0.6636 0.7481
vn 0.7030 -0.5379 0.4653
vn 0.7993 0.2380 0.5517
vn 0.9929 0.1153 0.0301
vn 0.9537 0.0578 -0.2953
vn 0.6052 -0.4003 -0.6881
vn 0.9124 0.1030 -0.3960
vn -0.0000 -0.5389 -0.8424
vn 0.7735 0.6333 0.0229
vn -0.0000 0.9397 0.3419
vn -0.0000 0.9230 -0.3848
vn 0.8148 0.4648 -0.3465
vn -0.0000 0.9164 -0.4002
vn -0.0000 0.8650 0.5018
vn 0.0980 -0.6530 0.7510
vn -0.0000 -0.6883 -0.7254
vn -0.0000 -0.8719 0.4897
vn 0.9125 0.1029 -0.3960
vn 0.5849 -0.1700 0.7931
vn -0.0000 -0.9995 0.0322
vn -0.0000 -0.3630 0.9318
vn 0.5849 -0.1699 0.7931
vn -0.0000 0.8649 0.5019
vn 0.9124 0.1029 -0.3961
vn -0.9124 0.1030 -0.3960
vn -0.8148 0.4648 -0.3465
vn -0.0000 0.9164 -0.4003
vn -0.9537 0.0578 -0.2953
vn -0.6052 -0.4003 -0.6881
vn -0.8660 -0.3393 -0.3673
vn -0.9929 0.1153 0.0301
vn -0.9295 -0.3665 0.0422
vn -0.7290 -0.6804 -0.0754
vn -0.5204 -0.8431 -0.1356
vn -0.3901 -0.3321 -0.8588
vn -0.4696 -0.8810 -0.0579
vn -0.0001 -0.9060 -0.4233
vn 0.0001 -0.9208 -0.3901
vn -0.3696 -0.9278 0.0501
vn -0.0000 -0.9486 0.3164
vn -0.0000 -0.9958 -0.0921
vn -0.3630 -0.9175 -0.1626
vn -0.4282 -0.9022 -0.0520
vn -0.3939 -0.8925 0.2199
vn -0.7030 -0.5379 0.4653
vn -0.7994 0.2380 0.5517
vn -0.7735 0.6333 0.0229
vn -0.0000 0.9230 -0.3849
vn -0.2775 -0.6404 0.7162
vn -0.4654 -0.0145 0.8850
vn -0.7993 0.2380 0.5518
vn -0.0000 0.5765 0.8171
vn -0.0000 -0.1608 0.9870
vn -0.0000 0.5766 0.8171
vn 0.7993 0.2380 0.5518
vn -0.0001 0.9397 0.3419
vn 0.4654 -0.0144 0.8850
vn 0.2775 -0.6404 0.7162
vn -0.0000 -0.1609 0.9870
vn -0.0000 -0.9208 -0.3901
vn -0.0000 -0.9693 0.2460
vn -0.4696 -0.8810 -0.0580
vn 0.9936 -0.0970 -0.0581
vn -0.0000 -0.9997 -0.0252
vn 0.8660 -0.3392 -0.3673
vn 0.3902 -0.3322 -0.8587
vn 0.0001 -0.3630 0.9318
vn 0.0980 -0.6529 0.7510
vn -0.0000 0.2087 0.9780
vn 0.8660 -0.3393 -0.3674
vn -0.0001 -0.9997 -0.0253
vn 0.0129 -0.0414 0.9991
vn 0.0206 -0.7165 -0.6973
vn -0.0512 -0.6648 -0.7453
vn -0.0684 0.6545 -0.7530
vn 0.0255 0.4064 -0.9133
vn 0.1115 0.7020 -0.7034
vn 0.1554 -0.7151 -0.6815
vn -0.0472 0.9698 0.2394
vn -0.0518 0.9233 0.3806
vn 0.0312 0.8305 0.5561
vn 0.0001 -0.0580 0.9983
vn -0.0606 -0.0828 0.9947
vn 0.0238 -0.7149 -0.6988
vn 0.0640 -0.8396 0.5394
vn -0.0233 -0.9588 0.2831
vn 0.0002 -0.0581 0.9983
vn 0.0115 -0.8846 0.4663
vn -0.1045 -0.8851 0.4535
vn -0.0490 -0.7943 -0.6056
vn -0.1574 -0.8370 0.5241
vn -0.0418 -0.7795 0.6250
vn -0.0899 0.0816 0.9926
vn -0.1888 0.0761 0.9791
vn -0.2012 0.0172 0.9794
vn -0.0138 0.7477 -0.6639
vn -0.1449 0.7695 -0.6219
vn -0.3050 -0.7575 -0.5772
vn -0.0124 -0.7983 0.6021
vn -0.0300 0.7354 0.6770
vn -0.1404 0.8972 0.4186
vn -0.1889 0.0761 0.9790
vn 0.0079 0.9899 0.1419
vn -0.6213 0.6579 -0.4257
vn -0.7450 -0.6489 -0.1545
vn -0.1108 0.7805 0.6153
vn -0.0129 -0.0413 0.9991
vn -0.0187 -0.0621 0.9979
vn -0.0393 0.9860 0.1620
vn 0.0206 0.9945 -0.1031
vn -0.5405 0.8413 -0.0098
vn 0.6581 0.7515 0.0467
vn -0.5989 0.7992 0.0513
vn 0.6142 0.7848 0.0826
vn -0.5787 0.8139 -0.0515
vn 0.6432 0.7654 -0.0186
vn -0.9292 -0.3642 -0.0629
vn -0.9073 -0.4103 -0.0921
vn -0.9319 -0.3600 -0.0451
vn 0.9158 -0.3950 -0.0722
vn 0.9221 -0.3855 -0.0343
vn -0.0129 -0.9934 -0.1143
vn -0.0202 -0.9888 -0.1481
vn -0.9319 -0.3599 -0.0452
vn -0.0090 -0.9930 -0.1174
vn -0.9073 -0.4103 -0.0920
vn 0.9071 -0.4178 -0.0508
vn -0.0791 -0.9950 -0.0610
vn 0.5270 -0.5581 -0.6409
vn -0.9190 -0.3927 -0.0351
vn 0.4751 0.6905 -0.5455
vn -0.9489 -0.3090 -0.0648
vn 0.0413 -0.9983 -0.0408
vn 0.9262 -0.3765 -0.0197
vn 0.0250 -0.9996 0.0114
vn 0.9950 -0.0997 -0.0033
vn 0.0249 -0.9996 0.0114
vn -0.0000 -0.6392 -0.7691
vn -0.7847 0.6061 -0.1301
vn -0.9073 -0.4102 -0.0921
vn -0.9190 -0.3926 -0.0351
vn -0.8248 -0.5653 0.0116
vn -0.9359 -0.3513 0.0240
vn -0.4613 -0.8752 -0.1456
vn -0.8721 0.4870 0.0470
vn -0.8543 0.4923 0.1670
vn -0.0790 -0.9950 -0.0610
vn -0.8987 0.4321 0.0746
vn -0.2246 0.9701 0.0923
vn -0.7846 0.6061 -0.1301
vn -0.2500 0.9487 0.1934
vn 0.3489 0.8709 -0.3462
vn -0.2186 0.9527 -0.2111
vn 0.4750 0.6905 -0.5455
vn -0.7847 0.6060 -0.1302
vn -0.0000 0.2788 -0.9603
vn -0.8165 0.5309 -0.2268
vn -0.0000 0.9997 -0.0245
vn -0.2083 0.7123 0.6703
vn -0.1109 0.7805 0.6153
vn -0.2018 -0.1235 0.9716
vn -0.5848 -0.1700 0.7931
vn -0.8616 -0.4983 -0.0966
vn -0.7450 -0.6489 -0.1544
vn -0.4749 -0.8800 -0.0010
vn -0.4559 -0.8691 0.1918
vn -0.0001 -0.9450 0.3271
vn -0.1916 -0.6954 0.6926
vn -0.5849 -0.1699 0.7931
vn -0.2018 -0.1236 0.9716
vn -0.0188 -0.0622 0.9979
vn -0.3050 -0.7575 -0.5773
vn 0.4407 -0.7146 -0.5433
vn -0.0664 0.2244 -0.9722
vn 0.1427 0.6660 -0.7322
vn 0.2909 0.4655 -0.8359
vn -0.2663 0.6342 -0.7258
vn -0.5293 0.4611 -0.7122
vn -0.7577 0.2611 0.5981
vn -0.3918 -0.9200 -0.0020
vn 0.0710 -0.1191 -0.9903
vn -0.0048 0.6478 -0.7618
vn -0.0565 -0.1729 -0.9833
vn -0.0364 -0.8601 -0.5089
vn -0.0373 0.9298 -0.3662
vn -0.1574 0.3024 0.9401
vn -0.2299 0.9586 -0.1678
vn -0.3412 0.3901 0.8552
vn -0.7614 0.1076 -0.6393
vn -0.8707 -0.4075 0.2752
vn 0.8262 -0.1853 -0.5320
vn 0.4532 -0.8363 -0.3085
vn 0.7808 -0.1605 -0.6038
vn 0.5755 -0.6788 -0.4562
vn -0.5409 0.1107 -0.8338
vn -0.3291 0.5226 -0.7865
vn 0.6582 0.4081 -0.6327
vn -0.5062 -0.4561 -0.7320
vn 0.2582 0.7436 -0.6168
vn -0.5537 0.7935 0.2525
vn 0.6582 0.4080 -0.6326
vn -0.9119 0.1643 0.3761
vn -0.7131 -0.6401 0.2860
vn -0.3472 0.1581 0.9244
vn -0.2479 -0.0155 0.9687
vn 0.0382 -0.0074 0.9992
vn 0.1312 0.8359 0.5330
vn -0.0834 0.8229 0.5620
vn 0.2581 0.7436 -0.6169
vn 0.5756 -0.6787 -0.4562
vn -0.2478 -0.0155 0.9687
vn 0.1427 0.6659 -0.7322
vn 0.1279 -0.8683 0.4793
vn -0.1066 -0.6639 0.7401
vn -0.3918 -0.9201 -0.0020
vn 0.4408 -0.7146 -0.5432
vn 0.0847 -0.9894 0.1179
vn 0.2199 -0.3368 -0.9156
vn 0.5528 -0.4068 -0.7272
vn 0.2909 0.4654 -0.8359
vn -0.2663 0.6342 -0.7259
vn -0.7577 0.2612 0.5981
vn -0.0963 -0.9590 0.2667
vn 0.0475 -0.2948 -0.9544
vn -0.8707 -0.4076 0.2752
vn -0.2300 0.9586 -0.1678
vn -0.3412 0.3902 0.8552
vn -0.1573 0.3024 0.9401
vn 0.1555 -0.7151 -0.6816
vn -0.5823 0.6226 0.5228
vn -0.6295 -0.5263 -0.5717
vn -0.5983 -0.6225 0.5044
vn -0.6350 0.5145 -0.5763
vn 0.4564 -0.6399 -0.6183
vn 0.3261 -0.8379 -0.4377
vn 0.5051 0.6148 -0.6057
vn 0.4123 0.8067 -0.4235
vn 0.2581 0.7436 -0.6168
vn 0.6582 0.4081 -0.6326
vn -0.5537 0.7935 0.2526
vn 0.4564 -0.6399 -0.6182
vn -0.6294 -0.5263 -0.5717
vn 0.4123 0.8067 -0.4234
vn -0.0048 0.6479 -0.7617
vn 0.0313 0.8305 0.5561
vn 0.1428 0.6659 -0.7322
vn 0.1116 0.7020 -0.7034
vn 0.1555 -0.7151 -0.6815
vn -0.9936 -0.0970 -0.0581
vn 0.0205 0.9945 -0.1031
vn -0.9488 -0.3090 -0.0648
vn 0.0073 0.9718 0.2356
vn -0.9707 0.0618 0.2321
vn -0.9936 -0.0970 -0.0580
vn 0.0146 -0.5522 0.8336
vn -0.7029 0.4519 -0.5493
vn 0.0226 0.8451 -0.5342
vn -0.7602 -0.5759 -0.3009
vn -0.3118 -0.3877 0.8675
vn 0.0509 -0.5386 0.8410
vn 0.1106 -0.9868 -0.1181
vn 0.9677 0.0694 0.2422
vn 0.0073 0.9718 0.2357
vn 0.7060 0.4350 -0.5589
vn 0.4635 -0.3405 0.8181
vn 0.7877 -0.5043 -0.3540
vn 0.7061 0.4349 -0.5589
vn -0.7601 -0.5759 -0.3009
vn 0.7876 -0.5043 -0.3540
vn -0.7029 0.4519 -0.5492
vn -0.0980 -0.6530 0.7510
vn -0.0000 -0.5389 -0.8423
vn -0.9125 0.1029 -0.3960
vn -0.5849 -0.1700 0.7931
vn -0.9124 0.1029 -0.3961
vn -0.0000 -0.2955 -0.9553
vn -0.8660 -0.3394 -0.3674
vn -0.3902 -0.3322 -0.8587
vn -0.0000 0.2088 0.9780
vn -0.0980 -0.6529 0.7510
vn -0.0129 -0.0414 0.9991
vn -0.0187 -0.0622 0.9979
vt 0.730382 0.103619
vt 0.705649 0.144477
vt 0.906050 0.162418
vt 0.907543 0.101904
vt 0.999984 0.166941
vt 1.001061 0.095946
vt 0.733494 0.205318
vt 0.838940 0.209383
vt 0.991053 0.210366
vt 0.981648 0.252295
vt 0.840260 0.252371
vt 0.689743 0.104698
vt 0.991405 0.052870
vt 0.810174 0.064464
vt 0.981657 0.011468
vt 0.840250 0.011429
vt 0.734207 0.056759
vt 0.693123 0.056174
vt 0.518060 0.096757
vt 0.575201 0.047645
vt 0.473165 0.043970
vt 0.716055 0.011396
vt 0.597290 0.011359
vt 0.510869 0.011322
vt 0.522475 0.164896
vt 0.485011 0.157654
vt 0.479927 0.107408
vt 0.445175 0.049232
vt 0.473366 0.225391
vt 0.579352 0.211659
vt 0.510849 0.252622
vt 0.597275 0.252464
vt 0.688056 0.203710
vt 0.716059 0.252303
vt 0.459430 0.138427
vt 0.448360 0.105872
vt 0.445220 0.217118
vt 0.468555 0.252667
vt 0.435264 0.252667
vt 0.710772 0.204691
vt 0.809314 0.993189
vt 0.844593 0.748486
vt 0.799681 0.766537
vt 0.795370 0.616810
vt 0.844460 0.624653
vt 0.796731 0.566457
vt 0.846052 0.573862
vt 0.737687 0.589384
vt 0.737679 0.566887
vt 0.737691 0.611583
vt 0.903594 0.595045
vt 0.902086 0.622902
vt 0.947494 0.615460
vt 0.947980 0.591500
vt 0.993009 0.611673
vt 0.993010 0.589483
vt 0.948583 0.568105
vt 0.993012 0.566905
vt 0.904969 0.574145
vt 0.939443 0.344499
vt 0.898532 0.361084
vt 0.993076 0.320695
vt 0.854260 0.365264
vt 0.915162 0.347050
vt 0.854851 0.350073
vt 0.993004 0.780156
vt 0.944441 0.769131
vt 0.900724 0.759988
vt 0.936461 0.995025
vt 0.880074 0.997653
vt 0.789589 0.353336
vt 0.737576 0.320774
vt 0.459999 0.699940
vt 0.421847 0.911548
vt 0.493482 0.874305
vt 0.334346 0.703269
vt 0.334346 0.906337
vt 0.574509 0.696105
vt 0.570429 0.874521
vt 0.490508 0.948126
vt 0.334346 0.965522
vt 0.365140 0.975937
vt 0.420117 0.965795
vt 0.650541 0.838561
vt 0.643075 0.892767
vt 0.726515 0.817051
vt 0.726515 0.703484
vt 0.726515 0.932364
vt 0.709975 0.959389
vt 0.635989 0.948441
vt 0.695226 0.983366
vt 0.579503 0.979625
vt 0.726515 0.978941
vt 0.572418 0.925007
vt 0.726515 0.610225
vt 0.575486 0.609180
vt 0.574131 0.447552
vt 0.726515 0.445670
vt 0.628909 0.318546
vt 0.561909 0.331279
vt 0.561667 0.289065
vt 0.629838 0.284131
vt 0.681244 0.268659
vt 0.726515 0.308737
vt 0.465542 0.609718
vt 0.497836 0.448231
vt 0.389955 0.608312
vt 0.424485 0.456931
vt 0.334346 0.436815
vt 0.434410 0.332167
vt 0.334346 0.318454
vt 0.382074 0.269755
vt 0.433481 0.285227
vt 0.501409 0.332846
vt 0.501652 0.290161
vt 0.532354 0.423067
vt 0.334346 0.607952
vt 0.079805 0.232283
vt 0.164710 0.210607
vt 0.122523 0.194649
vt 0.082536 0.195321
vt 0.065738 0.163787
vt 0.098907 0.148763
vt 0.061632 0.142152
vt 0.067395 0.121429
vt 0.123677 0.114515
vt 0.175785 0.114562
vt 0.094627 0.115280
vt 0.071940 0.113520
vt 0.035702 0.148111
vt 0.041923 0.132093
vt 0.020229 0.138299
vt 0.026355 0.125859
vt 0.005702 0.131286
vt 0.011940 0.118620
vt 0.124248 0.087244
vt 0.097369 0.085301
vt 0.124231 0.055219
vt 0.098622 0.055224
vt 0.124118 0.033753
vt 0.158367 0.040381
vt 0.164154 0.054336
vt 0.099739 0.035139
vt 0.171577 0.088395
vt 0.192231 0.080816
vt 0.172887 0.036601
vt 0.229659 0.051083
vt 0.207206 0.014433
vt 0.253565 0.037615
vt 0.259273 0.099604
vt 0.295568 0.088781
vt 0.225257 0.005464
vt 0.257519 0.214069
vt 0.210893 0.208562
vt 0.203087 0.112287
vt 0.256732 0.004405
vt 0.275505 0.029551
vt 0.296663 0.056271
vt 0.254448 0.243670
vt 0.287294 0.248875
vt 0.299549 0.220380
vt 0.323300 0.104611
vt 0.343328 0.116239
vt 0.349575 0.166371
vt 0.341191 0.234380
vt 0.379236 0.180734
vt 0.393815 0.198439
vt 0.369935 0.227020
vt 0.383913 0.245331
vt 0.408148 0.211617
vt 0.372524 0.153454
vt 0.406401 0.154959
vt 0.418570 0.170953
vt 0.432503 0.130104
vt 0.445823 0.142555
vt 0.433494 0.180403
vt 0.448844 0.163198
vt 0.412154 0.127150
vt 0.395815 0.139939
vt 0.325332 0.261049
vt 0.344700 0.051550
vt 0.359289 0.070966
vt 0.389947 0.045029
vt 0.374202 0.026325
vt 0.391323 0.064504
vt 0.369359 0.086828
vt 0.352694 0.023153
vt 0.330809 0.036634
vt 0.068269 0.054545
vt 0.088448 0.054365
vt 0.085147 0.033440
vt 0.068311 0.035581
vt 0.069129 0.082960
vt 0.091835 0.081384
vt 0.214759 0.239928
vt 0.170727 0.242683
vt 0.094294 0.262400
vt 0.737783 0.987757
vt 0.737708 0.780107
vt 0.274783 0.263290
vt 0.251897 0.284556
vt 0.265085 0.304716
vt 0.290410 0.280108
vt 0.230808 0.322133
vt 0.234686 0.293532
vt 0.317161 0.315098
vt 0.326877 0.296848
vt 0.247112 0.446506
vt 0.230894 0.421947
vt 0.204488 0.436013
vt 0.200804 0.450038
vt 0.202857 0.296193
vt 0.220949 0.280878
vt 0.186739 0.265822
vt 0.206200 0.254811
vt 0.152216 0.291162
vt 0.194174 0.426648
vt 0.177297 0.438725
vt 0.148125 0.271043
vt 0.109679 0.437051
vt 0.158639 0.453515
vt 0.110675 0.292890
vt 0.130164 0.279394
vt 0.048936 0.787641
vt 0.037433 0.823986
vt 0.095670 0.805101
vt 0.018334 0.795488
vt 0.001309 0.823986
vt 0.001309 0.828672
vt 0.001309 0.805245
vt 0.001309 0.793266
vt 0.072476 0.756292
vt 0.104842 0.722758
vt 0.009703 0.762035
vt 0.001309 0.770446
vt 0.001309 0.745864
vt 0.041600 0.754625
vt 0.045013 0.731461
vt 0.001309 0.728107
vt 0.001309 0.706350
vt 0.045012 0.704329
vt 0.000634 0.640415
vt 0.080537 0.664700
vt 0.172489 0.654188
vt 0.168984 0.731210
vt 0.146949 0.810560
vt 0.044855 0.876465
vt 0.134665 0.883862
vt 0.053879 0.921862
vt 0.230813 0.753236
vt 0.327296 0.709405
vt 0.289853 0.844016
vt 0.198004 0.819694
vt 0.222406 0.906637
vt 0.208321 0.985394
vt 0.032665 0.835220
vt 0.001309 0.884699
vt 0.068912 0.997425
vt 0.136690 0.961832
vt 0.001309 0.847491
vt 0.001309 0.839125
vt 0.041894 0.649915
vt 0.070649 0.583980
vt 0.103642 0.580263
vt 0.049090 0.502723
vt 0.103028 0.449168
vt 0.013527 0.576938
vt 0.001309 0.788851
vt 0.992969 0.987765
vt 0.232379 0.916718
vt 0.282941 0.969753
vt 0.311768 0.908112
vt 0.306313 0.933309
vt 0.220304 0.994415
vt 0.243005 0.989735
vt 0.222758 0.978624
vt 0.468563 0.011307
vt 0.435273 0.011298
s 1
usemtl enemy_tonnel
f 1/1/1 2/2/2 3/3/3
f 1/1/1 3/3/3 4/4/4
f 4/4/4 3/3/3 5/5/5
f 4/4/4 5/5/5 6/6/6
f 3/3/3 2/2/2 7/7/7
f 3/3/3 7/7/7 8/8/8
f 5/5/5 3/3/3 8/8/8
f 5/5/5 8/8/8 9/9/9
f 10/10/10 9/9/9 8/8/8
f 10/10/10 8/8/8 11/11/11
f 11/11/11 8/8/8 7/7/7
f 1/1/1 12/12/12 2/2/2
f 4/4/4 6/6/6 13/13/13
f 14/14/14 4/4/4 13/13/13
f 1/1/1 4/4/4 14/14/14
f 14/14/14 13/13/13 15/15/15
f 14/14/14 15/15/15 16/16/11
f 16/16/11 17/17/16 14/14/14
f 1/1/1 14/14/14 17/17/16
f 18/18/17 12/12/12 1/1/1
f 18/18/17 1/1/1 17/17/16
f 18/18/17 19/19/18 12/12/12
f 18/18/17 20/20/19 19/19/18
f 20/20/19 21/21/20 19/19/18
f 22/22/21 20/20/19 18/18/17
f 16/16/11 22/22/21 17/17/16
f 18/18/17 17/17/16 22/22/21
f 22/22/21 23/23/22 20/20/19
f 24/24/23 21/21/20 20/20/19
f 24/24/23 20/20/19 23/23/22
f 25/25/24 12/12/12 19/19/18
f 26/26/25 25/25/24 19/19/18
f 26/26/25 19/19/18 27/27/26
f 19/19/18 21/21/20 27/27/26
f 21/21/20 28/28/27 27/27/26
f 29/29/28 25/25/24 26/26/25
f 29/29/28 30/30/29 25/25/24
f 30/30/29 29/29/28 31/31/30
f 30/30/29 31/31/30 32/32/31
f 33/33/32 30/30/29 32/32/31
f 33/33/32 32/32/31 34/34/21
f 27/27/26 35/35/33 26/26/25
f 27/27/26 36/36/34 35/35/33
f 35/35/33 37/37/35 26/26/25
f 37/37/35 29/29/28 26/26/25
f 37/37/35 38/38/36 29/29/28
f 31/31/30 29/29/28 38/38/36
f 37/37/35 39/39/37 38/38/36
f 30/30/29 33/33/32 2/2/2
f 30/30/29 2/2/2 25/25/24
f 25/25/24 2/2/2 12/12/12
f 2/2/2 33/33/32 40/40/38
f 40/40/38 33/33/32 34/34/21
f 7/7/7 40/40/38 34/34/21
f 7/7/7 2/2/2 40/40/38
f 11/11/11 7/7/7 34/34/21
f 41/41/39 42/42/40 43/43/41
f 42/42/40 44/44/42 43/43/41
f 42/42/40 45/45/43 44/44/42
f 45/45/43 46/46/44 44/44/42
f 45/45/43 47/47/45 46/46/44
f 48/48/46 44/44/42 46/46/44
f 49/49/47 48/48/46 46/46/44
f 48/48/46 50/50/48 44/44/42
f 43/43/41 44/44/42 50/50/48
f 51/51/49 47/47/45 45/45/43
f 52/52/50 51/51/49 45/45/43
f 52/52/50 45/45/43 42/42/40
f 51/51/49 52/52/50 53/53/51
f 51/51/49 53/53/51 54/54/52
f 54/54/52 53/53/51 55/55/48
f 54/54/52 55/55/48 56/56/53
f 57/57/54 54/54/52 56/56/53
f 57/57/54 56/56/53 58/58/55
f 59/59/56 51/51/49 54/54/52
f 59/59/56 54/54/52 57/57/54
f 51/51/49 59/59/56 47/47/45
f 59/59/56 57/57/54 60/60/57
f 60/60/57 57/57/54 58/58/55
f 59/59/56 60/60/57 61/61/58
f 47/47/45 59/59/56 61/61/58
f 60/60/57 58/58/55 62/62/59
f 47/47/45 61/61/58 63/63/60
f 64/64/61 63/63/60 61/61/58
f 64/64/61 65/65/62 63/63/60
f 53/53/51 66/66/63 55/55/48
f 53/53/51 67/67/64 66/66/63
f 53/53/51 52/52/50 68/68/65
f 53/53/51 68/68/65 67/67/64
f 69/69/66 66/66/63 67/67/64
f 68/68/65 69/69/66 67/67/64
f 52/52/50 42/42/40 68/68/65
f 42/42/40 70/70/67 68/68/65
f 42/42/40 71/41/39 70/70/67
f 68/68/65 70/70/67 72/69/68
f 63/63/60 73/71/69 46/46/44
f 63/63/60 46/46/44 47/47/45
f 74/71/69 49/49/47 46/46/44
f 75/71/70 76/72/71 49/49/55
f 77/73/72 78/74/73 79/75/74
f 77/73/72 80/76/75 78/74/73
f 80/76/75 81/77/76 78/74/73
f 79/75/74 82/78/77 77/73/72
f 79/75/74 83/79/78 82/78/77
f 79/75/74 78/74/73 84/80/59
f 78/74/73 81/77/76 85/81/61
f 78/74/73 85/81/61 86/82/58
f 86/82/58 87/83/57 78/74/73
f 78/74/73 87/83/57 84/80/59
f 82/78/77 83/79/78 88/84/79
f 89/85/80 88/84/79 83/79/78
f 89/85/80 90/86/81 88/84/79
f 91/87/82 88/84/79 90/86/81
f 91/87/82 82/78/77 88/84/79
f 92/88/83 90/86/81 89/85/80
f 92/88/83 89/85/80 93/89/84
f 89/85/80 94/90/85 93/89/84
f 93/89/84 94/90/85 95/91/86
f 94/90/85 89/85/80 96/92/70
f 97/93/62 92/88/83 93/89/84
f 98/93/87 93/89/84 95/91/86
f 89/85/80 83/79/78 99/94/88
f 89/85/80 99/94/88 96/92/70
f 99/94/88 83/79/78 79/75/74
f 99/94/88 79/75/74 84/80/59
f 100/92/70 99/94/88 84/80/59
f 94/90/85 101/92/70 95/91/86
f 91/87/82 102/95/89 103/96/90
f 91/87/82 103/96/90 82/78/77
f 102/95/89 104/97/91 103/96/90
f 102/95/89 105/98/92 104/97/91
f 105/98/92 106/99/93 104/97/91
f 107/100/35 104/97/91 106/99/93
f 106/99/93 108/101/94 107/100/35
f 106/99/93 109/102/95 108/101/94
f 110/103/96 109/102/95 106/99/93
f 106/99/93 111/104/97 110/103/96
f 105/98/92 111/104/97 106/99/93
f 77/73/72 82/78/77 103/96/90
f 77/73/72 103/96/90 112/105/98
f 113/106/99 112/105/98 103/96/90
f 113/106/99 103/96/90 104/97/91
f 113/106/99 114/107/100 112/105/98
f 77/73/72 112/105/98 114/107/100
f 113/106/99 115/108/101 114/107/100
f 115/108/101 116/109/102 114/107/100
f 116/109/102 115/108/101 117/110/103
f 117/110/103 115/108/101 113/106/99
f 116/109/102 117/110/103 118/111/104
f 117/110/103 119/112/105 118/111/104
f 117/110/103 120/113/106 119/112/105
f 120/113/106 117/110/103 121/114/107
f 120/113/106 121/114/107 122/115/108
f 77/73/72 114/107/100 80/76/75
f 117/110/103 113/106/99 123/116/109
f 117/110/103 123/116/109 121/114/107
f 80/76/75 114/107/100 124/117/110
f 114/107/100 116/109/102 124/117/110
f 125/118/111 126/119/112 127/120/113
f 128/121/114 125/118/111 127/120/113
f 127/120/113 129/122/115 128/121/114
f 127/120/113 130/123/116 129/122/115
f 129/122/115 130/123/116 131/124/117
f 130/123/116 132/125/118 131/124/117
f 133/126/119 130/123/116 127/120/113
f 127/120/113 134/127/120 133/126/119
f 130/123/116 133/126/119 135/128/121
f 130/123/116 135/128/121 132/125/118
f 135/128/121 136/129/122 132/125/118
f 137/130/123 129/122/115 131/124/117
f 137/130/123 131/124/117 138/131/124
f 139/132/125 137/130/123 138/131/124
f 139/132/125 138/131/124 140/133/126
f 141/134/127 139/132/125 140/133/126
f 141/134/127 140/133/126 142/135/128
f 135/128/121 133/126/119 143/136/129
f 135/128/121 143/136/129 144/137/130
f 144/137/130 143/136/129 145/138/131
f 144/137/130 145/138/131 146/139/132
f 145/138/131 147/140/133 146/139/132
f 148/141/134 147/140/133 145/138/131
f 149/142/135 148/141/134 145/138/131
f 143/136/129 149/142/135 145/138/131
f 147/140/133 150/143/136 146/139/132
f 143/136/129 151/144/137 149/142/135
f 152/145/138 153/146/134 149/142/139
f 154/147/140 153/146/134 152/145/138
f 154/147/140 155/148/133 153/146/134
f 156/149/141 155/148/133 154/147/140
f 157/150/142 156/149/141 154/147/140
f 154/147/140 152/145/138 157/150/142
f 157/150/142 158/151/143 156/149/141
f 156/149/141 159/152/136 155/148/133
f 158/151/143 157/150/142 160/153/144
f 157/150/142 161/154/145 160/153/144
f 157/150/142 162/155/146 161/154/145
f 152/145/138 162/155/146 157/150/142
f 162/155/146 152/145/138 163/144/147
f 164/127/120 162/155/146 163/144/147
f 161/154/145 162/155/146 164/127/120
f 156/149/141 165/156/148 159/152/136
f 156/149/141 166/157/130 165/156/148
f 167/151/143 166/157/130 156/149/141
f 167/151/143 168/158/121 166/157/130
f 126/119/149 161/154/145 164/127/120
f 161/154/145 169/159/150 160/153/144
f 170/160/13 160/153/144 169/159/150
f 170/160/13 171/161/151 160/153/144
f 172/151/152 160/153/144 171/161/151
f 173/162/153 172/151/152 171/161/151
f 171/161/151 174/163/122 173/162/153
f 171/161/151 175/164/154 174/163/122
f 171/161/151 176/165/155 175/164/154
f 170/160/13 176/165/155 171/161/151
f 177/166/156 175/164/154 176/165/155
f 176/165/155 178/167/157 177/166/156
f 176/165/155 179/168/158 178/167/157
f 180/169/114 179/168/158 176/165/155
f 178/167/157 179/168/158 180/169/114
f 178/167/157 180/169/114 181/170/159
f 177/166/156 182/171/160 175/164/154
f 178/167/157 183/172/161 177/166/156
f 178/167/157 184/173/162 183/172/161
f 181/170/159 184/173/162 178/167/157
f 184/173/162 185/174/163 183/172/161
f 184/173/162 186/175/127 185/174/163
f 181/170/159 187/176/123 184/173/162
f 187/176/123 186/175/127 184/173/162
f 187/176/123 188/177/164 186/175/127
f 189/178/165 183/172/161 185/174/163
f 189/178/165 190/179/166 183/172/161
f 190/179/166 182/171/160 177/166/156
f 190/179/166 177/166/156 183/172/161
f 170/160/13 191/180/167 176/165/155
f 192/181/168 193/182/169 194/183/170
f 192/181/168 194/183/170 195/184/171
f 172/151/152 193/182/169 192/181/168
f 172/151/152 173/162/153 193/182/169
f 193/182/169 196/185/172 194/183/170
f 193/182/169 197/186/173 196/185/172
f 173/162/153 197/186/173 193/182/169
f 173/162/153 174/163/122 197/186/173
f 192/181/168 195/184/171 198/187/174
f 192/181/168 198/187/174 199/188/175
f 200/151/143 192/181/168 199/188/175
f 200/151/143 199/188/175 201/158/176
f 202/144/177 152/145/178 203/142/179
f 133/126/119 134/127/120 151/144/180
f 133/126/119 204/144/137 143/136/129
f 205/189/172 206/190/174 207/191/181
f 205/189/172 207/191/181 208/192/182
f 209/193/173 206/190/174 205/189/172
f 209/193/173 210/194/183 206/190/174
f 135/128/121 210/194/183 209/193/173
f 136/129/122 135/128/121 209/193/173
f 126/119/112 211/127/184 127/120/113
f 161/154/145 212/195/9 169/159/150
f 213/119/112 212/195/9 161/154/145
f 213/119/112 214/196/185 212/195/9
f 215/197/6 214/196/185 213/119/112
f 215/197/6 213/119/112 125/118/186
f 216/198/187 217/41/188 43/43/41
f 216/198/187 43/43/41 218/199/189
f 218/199/189 43/43/41 50/50/48
f 219/200/188 220/201/187 221/202/190
f 219/200/188 221/202/190 222/203/191
f 220/201/187 223/204/192 221/202/190
f 220/201/187 224/205/193 223/204/192
f 221/202/190 225/206/194 222/203/191
f 222/203/191 225/206/194 226/207/195
f 221/202/190 227/208/196 225/206/194
f 221/202/190 223/204/192 228/209/197
f 221/202/190 228/209/197 227/208/196
f 229/210/198 227/208/196 228/209/197
f 223/204/192 229/210/198 228/209/197
f 229/210/198 230/211/199 227/208/196
f 223/204/192 231/212/200 229/210/198
f 232/205/201 231/212/200 223/204/192
f 232/205/201 233/213/67 231/212/200
f 233/213/67 234/214/191 231/212/200
f 233/213/67 235/215/39 234/214/191
f 234/214/191 236/216/202 231/212/200
f 231/212/200 237/217/203 229/210/198
f 237/217/203 231/212/200 238/218/204
f 229/210/198 237/217/203 238/218/204
f 229/210/198 238/218/204 230/211/199
f 231/212/200 236/216/202 238/218/204
f 234/214/191 239/219/205 240/216/202
f 241/220/206 242/221/199 243/218/207
f 244/222/194 241/220/206 243/218/207
f 244/222/194 243/218/207 245/216/202
f 246/223/205 244/222/194 245/216/202
f 247/224/208 248/225/209 249/226/210
f 247/224/208 250/227/211 248/225/209
f 250/227/211 251/228/212 248/225/209
f 252/229/213 248/225/209 251/228/212
f 251/228/212 250/227/211 253/230/214
f 253/230/214 250/227/211 254/231/215
f 249/226/210 255/232/216 247/224/208
f 249/226/210 256/233/217 255/232/216
f 250/227/211 247/224/208 257/234/218
f 258/235/219 250/227/211 257/234/218
f 258/235/219 257/234/218 259/236/220
f 247/224/208 260/237/221 257/234/218
f 247/224/208 255/232/216 260/237/221
f 261/238/222 259/236/220 257/234/218
f 257/234/218 260/237/221 261/238/222
f 260/237/221 255/232/216 261/238/222
f 255/232/216 256/233/217 261/238/222
f 259/236/220 261/238/222 262/239/223
f 262/239/223 261/238/222 263/240/224
f 261/238/222 264/241/225 263/240/224
f 256/233/217 264/241/225 261/238/222
f 263/240/224 264/241/225 265/242/226
f 266/243/227 264/241/225 256/233/217
f 266/243/227 256/233/217 267/244/228
f 256/233/217 268/245/229 267/244/228
f 249/226/210 268/245/229 256/233/217
f 249/226/210 269/246/230 268/245/229
f 270/247/231 269/246/230 249/226/210
f 270/247/231 271/248/232 269/246/230
f 270/247/231 272/249/233 271/248/232
f 268/245/229 273/250/234 267/244/228
f 269/246/230 273/250/234 268/245/229
f 274/251/235 267/244/228 273/250/234
f 274/251/235 273/250/234 275/252/236
f 275/252/236 273/250/234 276/253/237
f 271/248/232 276/253/237 269/246/230
f 269/246/230 276/253/237 273/250/234
f 275/252/236 276/253/237 277/254/238
f 271/248/232 278/254/238 276/253/237
f 279/255/239 278/254/238 271/248/232
f 270/247/231 249/226/210 280/256/240
f 281/257/241 270/247/231 280/256/240
f 270/247/231 281/257/241 282/249/233
f 282/249/233 283/258/242 271/248/243
f 283/258/242 284/259/244 271/248/243
f 285/260/245 281/257/241 280/256/240
f 286/261/246 285/260/245 280/256/240
f 287/259/247 288/255/248 271/248/249
f 289/248/250 290/253/251 278/254/252
f 289/248/250 291/246/253 290/253/251
f 292/247/254 291/246/253 289/248/250
f 292/247/254 289/248/250 293/249/233
f 292/247/254 294/226/255 291/246/253
f 294/226/255 295/245/256 291/246/253
f 294/226/255 296/233/257 295/245/256
f 294/226/255 297/232/258 296/233/257
f 294/226/255 298/224/259 297/232/258
f 298/224/259 294/226/255 299/225/260
f 298/224/259 299/225/260 300/227/261
f 300/227/261 299/225/260 301/228/262
f 302/229/213 301/228/262 299/225/260
f 301/228/262 303/230/214 300/227/261
f 303/230/214 304/231/263 300/227/261
f 300/227/261 305/234/264 298/224/259
f 306/235/265 305/234/264 300/227/261
f 306/235/265 307/236/266 305/234/264
f 298/224/259 305/234/264 308/237/267
f 298/224/259 308/237/267 297/232/258
f 309/238/268 305/234/264 307/236/266
f 305/234/264 309/238/268 308/237/267
f 308/237/267 309/238/268 297/232/258
f 297/232/258 309/238/268 296/233/257
f 307/236/266 310/239/223 309/238/268
f 310/239/223 311/240/224 309/238/268
f 309/238/268 311/240/224 312/241/269
f 296/233/257 309/238/268 312/241/269
f 313/243/270 296/233/257 312/241/269
f 313/243/270 314/244/271 296/233/257
f 296/233/257 314/244/271 295/245/256
f 295/245/256 314/244/271 315/250/272
f 316/251/235 315/250/272 314/244/271
f 316/251/235 317/252/273 315/250/272
f 317/252/273 290/253/251 315/250/272
f 317/252/273 318/254/252 290/253/251
f 291/246/253 295/245/256 315/250/272
f 291/246/253 315/250/272 290/253/251
f 313/243/270 312/241/269 319/262/274
f 319/262/274 320/263/275 313/243/270
f 313/243/270 320/263/275 321/264/276
f 321/264/276 320/263/275 322/265/277
f 322/265/277 323/266/235 321/264/276
f 319/262/274 312/241/269 324/242/226
f 320/263/275 319/262/274 324/242/226
f 311/240/224 324/242/226 312/241/269
f 320/263/275 324/242/226 325/267/278
f 326/265/279 320/263/275 325/267/278
f 327/265/277 328/264/280 323/266/281
f 328/264/280 327/265/277 329/263/282
f 266/243/227 328/264/280 329/263/282
f 330/262/283 266/243/227 329/263/282
f 266/243/227 330/262/283 264/241/225
f 330/262/283 265/242/226 264/241/225
f 329/263/282 265/242/226 330/262/283
f 329/263/282 331/267/284 265/242/226
f 332/265/279 331/267/284 329/263/282
f 333/231/285 250/227/211 334/268/286
f 250/227/211 335/235/265 334/268/286
f 333/231/285 334/268/286 300/227/287
f 300/227/287 334/268/286 335/235/265
f 336/69/66 337/269/288 66/66/189
f 338/270/289 339/271/290 340/272/213
f 339/271/290 341/273/291 340/272/213
f 342/274/292 343/275/293 344/276/294
f 343/275/293 345/271/295 344/276/294
f 346/270/296 344/276/294 345/271/295
f 347/277/297 348/278/37 21/21/20
f 24/24/23 347/277/297 21/21/20
f 348/278/37 28/28/27 21/21/20
f 349/1/298 350/4/299 351/3/300
f 349/1/298 351/3/300 352/2/301
f 350/4/299 353/5/302 351/3/300
f 350/4/299 354/6/303 353/5/302
f 351/3/300 355/7/304 352/2/301
f 351/3/300 356/8/305 355/7/304
f 353/5/302 356/8/305 351/3/300
f 353/5/302 357/9/306 356/8/305
f 358/10/307 356/8/305 357/9/306
f 358/10/307 359/11/308 356/8/305
f 359/11/308 355/7/304 356/8/305
f 349/1/298 352/2/301 360/12/309
f 350/4/299 361/13/310 354/6/303
f 362/14/311 361/13/310 350/4/299
f 349/1/298 362/14/311 350/4/299
f 362/14/311 363/15/312 361/13/310
f 362/14/311 364/16/308 363/15/312
f 364/16/308 362/14/311 365/17/313
f 349/1/298 365/17/313 362/14/311
f 366/18/314 365/17/313 349/1/298
f 366/18/314 349/1/298 360/12/309
f 366/18/314 360/12/309 367/19/315
f 366/18/314 367/19/315 368/20/316
f 368/20/316 367/19/315 369/21/317
f 370/22/318 366/18/314 368/20/316
f 364/16/308 365/17/313 370/22/318
f 366/18/314 370/22/318 365/17/313
f 370/22/318 368/20/316 371/23/319
f 372/24/320 368/20/316 369/21/317
f 372/24/320 371/23/319 368/20/316
f 373/25/321 367/19/315 360/12/309
f 374/26/322 367/19/315 373/25/321
f 374/26/322 375/27/323 367/19/315
f 367/19/315 375/27/323 369/21/317
f 369/21/317 375/27/323 376/28/324
f 377/29/325 374/26/322 373/25/321
f 377/29/325 373/25/321 378/30/326
f 378/30/326 379/31/320 377/29/325
f 378/30/326 380/32/327 379/31/320
f 381/33/328 380/32/327 378/30/326
f 381/33/328 382/34/318 380/32/327
f 375/27/323 374/26/322 383/35/329
f 375/27/323 383/35/329 384/36/330
f 383/35/329 374/26/322 385/37/331
f 385/37/331 374/26/322 377/29/325
f 385/37/331 377/29/325 386/38/332
f 379/31/320 386/38/332 377/29/325
f 385/37/331 386/38/332 387/39/333
f 378/30/326 352/2/301 381/33/328
f 378/30/326 373/25/321 352/2/301
f 373/25/321 360/12/309 352/2/301
f 352/2/301 388/40/334 381/33/328
f 388/40/334 382/34/318 381/33/328
f 355/7/304 382/34/318 388/40/334
f 355/7/304 388/40/334 352/2/301
f 359/11/308 382/34/318 355/7/304
f 389/41/335 390/43/336 391/42/337
f 391/42/337 390/43/336 392/44/338
f 391/42/337 392/44/338 393/45/339
f 393/45/339 392/44/338 394/46/340
f 393/45/339 394/46/340 395/47/341
f 396/48/342 394/46/340 392/44/338
f 397/49/343 394/46/340 396/48/342
f 396/48/342 392/44/338 398/50/344
f 390/43/336 398/50/344 392/44/338
f 399/51/345 393/45/339 395/47/341
f 400/52/346 393/45/339 399/51/345
f 400/52/346 391/42/337 393/45/339
f 399/51/345 401/53/347 400/52/346
f 399/51/345 402/54/348 401/53/347
f 402/54/348 403/55/349 401/53/347
f 402/54/348 404/56/342 403/55/349
f 405/57/350 404/56/342 402/54/348
f 405/57/350 406/58/351 404/56/342
f 407/59/352 405/57/350 402/54/348
f 407/59/352 402/54/348 399/51/345
f 399/51/345 395/47/341 407/59/352
f 407/59/352 408/60/353 405/57/350
f 408/60/353 406/58/351 405/57/350
f 407/59/352 409/61/354 408/60/353
f 395/47/341 409/61/354 407/59/352
f 408/60/353 410/62/355 406/58/351
f 395/47/341 411/63/356 409/61/354
f 401/53/347 403/55/349 412/66/357
f 401/53/347 412/66/357 413/67/358
f 401/53/347 414/68/359 400/52/346
f 401/53/347 413/67/358 414/68/359
f 415/69/360 413/67/358 412/66/357
f 414/68/359 413/67/358 415/69/360
f 400/52/346 414/68/359 391/42/337
f 391/42/337 414/68/359 416/70/361
f 391/42/337 416/70/361 417/41/335
f 414/68/359 418/69/362 416/70/361
f 419/64/363 409/61/354 420/63/356
f 419/64/363 420/63/356 421/65/62
f 411/63/356 394/46/340 422/71/364
f 411/63/356 395/47/341 394/46/340
f 423/71/364 394/46/340 397/49/343
f 424/71/364 397/49/365 425/72/366
f 426/73/367 427/75/368 428/74/369
f 426/73/367 428/74/369 429/76/75
f 429/76/75 428/74/369 430/77/76
f 427/75/368 426/73/367 431/78/370
f 427/75/368 431/78/370 432/79/371
f 428/74/369 427/75/368 433/80/355
f 428/74/369 433/80/355 434/83/372
f 435/82/354 428/74/369 434/83/372
f 428/74/369 436/81/61 430/77/76
f 428/74/369 435/82/354 436/81/61
f 437/94/373 433/80/355 427/75/368
f 437/94/373 427/75/368 432/79/371
f 438/92/364 433/80/355 437/94/373
f 439/85/374 437/94/373 432/79/371
f 437/94/373 439/85/374 440/92/375
f 439/85/374 432/79/371 441/84/376
f 431/78/370 441/84/376 432/79/371
f 439/85/374 441/84/376 442/86/81
f 443/87/82 442/86/81 441/84/376
f 443/87/82 441/84/376 431/78/370
f 444/88/83 439/85/374 442/86/81
f 444/88/83 445/89/377 439/85/374
f 439/85/374 445/89/377 446/90/378
f 439/85/374 446/90/378 440/92/375
f 446/90/378 445/89/377 447/91/379
f 448/92/380 446/90/378 447/91/379
f 449/93/381 445/89/377 444/88/83
f 450/93/62 447/91/379 445/89/377
f 443/87/82 431/78/370 451/96/382
f 443/87/82 451/96/382 452/95/89
f 452/95/89 451/96/382 453/97/329
f 452/95/89 453/97/329 454/98/383
f 454/98/383 453/97/329 455/99/384
f 456/100/385 455/99/384 453/97/329
f 455/99/384 456/100/385 457/101/333
f 455/99/384 457/101/333 458/102/386
f 459/103/387 455/99/384 458/102/386
f 455/99/384 459/103/387 460/104/97
f 454/98/383 455/99/384 460/104/97
f 426/73/367 451/96/382 431/78/370
f 426/73/367 461/105/388 451/96/382
f 462/106/389 453/97/329 451/96/382
f 462/106/389 451/96/382 461/105/388
f 462/106/389 461/105/388 463/107/390
f 426/73/367 463/107/390 461/105/388
f 462/106/389 463/107/390 464/108/391
f 464/108/391 463/107/390 465/109/392
f 465/109/392 466/110/393 464/108/391
f 466/110/393 462/106/389 464/108/391
f 465/109/392 467/111/104 466/110/393
f 466/110/393 467/111/104 468/112/394
f 466/110/393 468/112/394 469/113/395
f 469/113/395 470/114/324 466/110/393
f 469/113/395 471/115/396 470/114/324
f 426/73/367 429/76/75 463/107/390
f 466/110/393 472/116/397 462/106/389
f 466/110/393 470/114/324 472/116/397
f 429/76/75 473/117/110 463/107/390
f 463/107/390 473/117/110 465/109/392
f 474/118/398 475/120/399 476/119/400
f 477/121/401 475/120/399 474/118/398
f 475/120/399 477/121/401 478/122/402
f 475/120/399 478/122/402 479/123/403
f 478/122/402 480/124/404 479/123/403
f 479/123/403 480/124/404 481/125/405
f 482/126/406 475/120/399 479/123/403
f 475/120/399 482/126/406 483/127/407
f 479/123/403 484/128/408 482/126/406
f 479/123/403 481/125/405 484/128/408
f 484/128/408 481/125/405 485/129/409
f 486/130/410 480/124/404 478/122/402
f 486/130/410 487/131/411 480/124/404
f 488/132/412 487/131/411 486/130/410
f 488/132/412 489/133/413 487/131/411
f 490/134/414 489/133/413 488/132/412
f 490/134/414 491/135/415 489/133/413
f 484/128/408 492/136/416 482/126/406
f 484/128/408 493/137/417 492/136/416
f 493/137/417 494/138/418 492/136/416
f 493/137/417 495/139/419 494/138/418
f 494/138/418 495/139/419 496/140/420
f 497/141/421 494/138/418 496/140/420
f 498/142/422 494/138/418 497/141/421
f 492/136/416 494/138/418 498/142/422
f 496/140/420 495/139/419 499/143/423
f 492/136/416 498/142/422 500/144/424
f 501/145/425 498/142/426 502/146/421
f 503/147/427 501/145/425 502/146/421
f 503/147/427 502/146/421 504/148/420
f 505/149/428 503/147/427 504/148/420
f 506/150/429 503/147/427 505/149/428
f 503/147/427 506/150/429 501/145/425
f 506/150/429 505/149/428 507/151/430
f 505/149/428 504/148/420 508/152/423
f 507/151/430 509/153/431 506/150/429
f 506/150/429 509/153/431 510/154/432
f 506/150/429 510/154/432 511/155/433
f 501/145/425 506/150/429 511/155/433
f 511/155/433 512/144/434 501/145/425
f 513/127/407 512/144/434 511/155/433
f 510/154/432 513/127/407 511/155/433
f 505/149/428 508/152/423 514/156/435
f 505/149/428 514/156/435 515/157/417
f 516/151/436 505/149/428 515/157/417
f 516/151/436 515/157/417 517/158/408
f 476/119/437 513/127/407 510/154/432
f 510/154/432 509/153/431 518/159/312
f 519/160/310 518/159/312 509/153/431
f 519/160/310 509/153/431 520/161/438
f 521/151/430 520/161/438 509/153/431
f 522/162/439 520/161/438 521/151/430
f 520/161/438 522/162/439 523/163/409
f 520/161/438 523/163/409 524/164/440
f 520/161/438 524/164/440 525/165/441
f 519/160/310 520/161/438 525/165/441
f 526/166/442 525/165/441 524/164/440
f 525/165/441 526/166/442 527/167/443
f 525/165/441 527/167/443 528/168/444
f 529/169/445 525/165/441 528/168/444
f 527/167/443 529/169/445 528/168/444
f 527/167/443 530/170/446 529/169/445
f 526/166/442 524/164/440 531/171/447
f 527/167/443 526/166/442 532/172/448
f 527/167/443 532/172/448 533/173/449
f 530/170/446 527/167/443 533/173/449
f 533/173/449 532/172/448 534/174/450
f 533/173/449 534/174/450 535/175/414
f 530/170/446 533/173/449 536/176/410
f 536/176/410 533/173/449 535/175/414
f 536/176/410 535/175/414 537/177/451
f 538/178/452 534/174/450 532/172/448
f 538/178/452 532/172/448 539/179/453
f 539/179/453 532/172/448 526/166/442
f 539/179/453 526/166/442 531/171/447
f 519/160/310 525/165/441 540/180/454
f 541/181/455 542/183/456 543/182/457
f 541/181/455 544/184/458 542/183/456
f 521/151/430 541/181/455 543/182/457
f 521/151/430 543/182/457 522/162/439
f 543/182/457 542/183/456 545/185/459
f 543/182/457 545/185/459 546/186/460
f 522/162/439 543/182/457 546/186/460
f 522/162/439 546/186/460 523/163/409
f 541/181/455 547/187/461 544/184/458
f 541/181/455 548/188/462 547/187/461
f 549/151/430 548/188/462 541/181/455
f 549/151/430 550/158/408 548/188/462
f 551/144/463 552/142/464 501/145/465
f 482/126/406 500/144/434 483/127/407
f 482/126/406 492/136/416 553/144/424
f 554/189/466 555/191/458 556/190/461
f 554/189/466 557/192/467 555/191/458
f 558/193/460 554/189/466 556/190/461
f 558/193/460 556/190/461 559/194/468
f 484/128/408 558/193/460 559/194/468
f 485/129/409 558/193/460 484/128/408
f 476/119/400 475/120/399 560/127/469
f 476/119/437 510/154/432 561/195/470
f 510/154/432 518/159/312 561/195/470
f 562/119/471 561/195/470 563/196/472
f 564/197/473 562/119/471 563/196/472
f 564/197/473 474/118/441 562/119/471
f 565/198/474 390/43/336 566/41/475
f 565/198/474 567/199/476 390/43/336
f 567/199/476 398/50/344 390/43/336
f 568/200/335 569/203/477 570/202/478
f 568/200/335 570/202/478 571/201/479
f 571/201/479 570/202/478 572/204/480
f 571/201/479 572/204/480 573/205/360
f 570/202/478 569/203/477 574/206/481
f 569/203/477 575/207/482 574/206/481
f 570/202/478 574/206/481 576/208/483
f 570/202/478 577/209/484 572/204/480
f 570/202/478 576/208/483 577/209/484
f 578/210/485 577/209/484 576/208/483
f 572/204/480 577/209/484 578/210/485
f 578/210/485 576/208/483 579/211/486
f 572/204/480 578/210/485 580/212/487
f 581/205/362 572/204/480 580/212/487
f 581/205/362 580/212/487 582/213/361
f 582/213/361 580/212/487 583/214/488
f 582/213/361 583/214/488 584/215/335
f 583/214/488 580/212/487 585/216/489
f 580/212/487 578/210/485 586/217/490
f 586/217/490 587/218/491 580/212/487
f 578/210/485 587/218/491 586/217/490
f 578/210/485 579/211/486 587/218/491
f 580/212/487 587/218/491 585/216/489
f 583/214/488 588/216/492 589/219/482
f 590/220/493 591/218/494 592/221/486
f 593/222/495 591/218/494 590/220/493
f 593/222/495 594/216/489 591/218/494
f 595/223/482 594/216/489 593/222/495
f 292/247/254 596/249/233 597/257/241
f 597/257/241 598/256/496 292/247/254
f 599/260/245 598/256/496 597/257/241
f 600/261/246 598/256/496 599/260/245
f 292/247/254 598/256/496 294/226/255
f 596/249/497 289/248/498 601/258/104
f 601/258/104 289/248/498 602/259/499
f 603/259/394 289/248/500 604/255/248
f 605/255/248 289/248/250 278/254/252
f 606/69/360 412/66/476 607/269/479
f 608/270/289 609/272/501 610/271/502
f 610/271/502 609/272/501 611/273/503
f 612/274/292 613/276/504 614/275/505
f 614/275/505 613/276/504 615/271/255
f 616/270/289 615/271/255 613/276/504
f 617/277/506 369/21/317 618/278/507
f 372/24/320 369/21/317 617/277/506
f 618/278/507 369/21/317 376/28/324
o Object_33.001
v -0.019676 2.006555 -0.218952
v -0.081986 2.028706 -0.256828
v 0.172168 1.826985 -0.420432
v 0.203941 1.812548 -0.340885
v 0.274059 1.742926 -0.471042
v 0.305236 1.728757 -0.392988
v -0.026756 2.081021 -0.331619
v 0.128769 1.956997 -0.398257
v 0.305359 1.780671 -0.474036
v 0.334630 1.789893 -0.436779
v 0.165374 1.964664 -0.345488
v -0.043189 2.031047 -0.197756
v 0.334924 1.767235 -0.400013
v 0.121449 1.957791 -0.262182
v 0.334630 1.789893 -0.436779
v 0.165374 1.964664 -0.345488
v 0.036062 2.059213 -0.222800
v 0.016027 2.083293 -0.204137
v -0.149681 2.187995 0.072268
v -0.040864 2.206042 -0.032009
v -0.107560 2.331066 0.117815
v 0.012344 2.120100 -0.273413
v -0.058734 2.234470 -0.105436
v -0.107144 2.336536 0.010935
v -0.257121 2.244273 -0.026291
v -0.295471 2.272172 0.051427
v -0.206070 2.211024 0.142252
v -0.230435 2.312195 0.204611
v -0.184657 2.394995 0.032606
v -0.140531 2.254857 -0.121350
v -0.107144 2.336536 0.010935
v -0.058734 2.234470 -0.105436
v -0.073829 2.128231 -0.286913
v 0.012344 2.120100 -0.273413
v -0.212788 2.276597 -0.004923
v -0.194832 2.174567 0.097923
v -0.269063 2.404242 0.111509
v -0.137951 2.378679 0.069630
v -0.254097 2.373122 0.167934
v -0.050908 2.104822 -0.310709
v -0.170104 0.325655 -0.887403
v -0.243765 0.650820 -0.519791
v -0.146248 0.625614 -0.538787
v -0.168685 0.775694 -0.270400
v -0.258287 0.772598 -0.296257
v -0.169888 0.802327 -0.267195
v -0.266978 0.791266 -0.273585
v -0.158020 0.747868 -0.151088
v -0.154289 0.828448 -0.146566
v -0.154627 0.692891 -0.198044
v -0.313083 0.742747 -0.179506
v -0.306998 0.690148 -0.244082
v -0.237783 0.658280 -0.196013
v -0.242052 0.729992 -0.132569
v -0.154627 0.692891 -0.198044
v -0.158020 0.747868 -0.151088
v -0.238844 0.827482 -0.113370
v -0.154289 0.828448 -0.146566
v -0.311284 0.809821 -0.165262
v -0.197819 1.286358 -0.156911
v -0.279877 1.310158 -0.246676
v -0.112168 1.328374 -0.226370
v -0.262640 1.275410 -0.398309
v -0.325613 1.300220 -0.193214
v -0.327319 1.317426 -0.381755
v -0.123348 0.507051 -0.480062
v -0.214196 0.483299 -0.446830
v -0.275249 0.542737 -0.474976
v -0.191262 0.224754 -0.811366
v -0.227024 0.267689 -0.848476
v -0.170104 0.325655 -0.887403
v -0.191262 0.224754 -0.811366
v -0.080213 1.251306 -0.379998
v -0.080213 1.251306 -0.379998
v -0.080213 1.251306 -0.379998
v -0.112168 1.328374 -0.226370
v -0.141479 1.738441 -0.106074
v -0.170880 1.412812 -0.137485
v -0.097218 1.461523 -0.215625
v -0.314582 1.723273 0.001539
v -0.322923 1.388988 -0.118134
v -0.115627 1.775898 -0.255948
v -0.099202 1.493559 -0.364223
v -0.112168 1.328374 -0.226370
v -0.325613 1.300220 -0.193214
v -0.279877 1.310158 -0.246676
v -0.197819 1.286358 -0.156911
v -0.186162 1.564348 -0.387287
v -0.175498 1.476471 -0.426921
v -0.321188 1.601272 -0.366867
v -0.316651 1.792482 -0.319728
v -0.325785 1.406783 -0.413174
v -0.293979 1.362072 -0.431635
v -0.165391 1.380849 -0.442616
v -0.262640 1.275410 -0.398309
v -0.080213 1.251306 -0.379998
v -0.327319 1.317426 -0.381755
v -0.327319 1.317426 -0.381755
v -0.093834 1.451053 -0.374136
v -0.080213 1.251306 -0.379998
v -0.080213 1.251306 -0.379998
v -0.379127 2.006978 -0.225569
v -0.168086 2.042619 -0.163229
v -0.212788 2.276597 -0.004923
v -0.495603 2.237745 -0.084506
v -0.395220 2.400874 0.123214
v -0.269063 2.404242 0.111509
v -0.254097 2.373122 0.167934
v -0.366833 2.338837 0.180530
v -0.471485 2.320979 0.216996
v -0.559898 2.332007 0.142119
v -0.153723 1.926212 -0.045859
v -0.194832 2.174567 0.097923
v -0.224286 1.843736 0.013180
v -0.274799 2.051930 0.156398
v -0.417561 1.997698 0.204647
v -0.348504 2.279183 0.221762
v -0.521326 2.223568 0.239202
v -0.471485 2.320979 0.216996
v -0.366833 2.338837 0.180530
v -0.230435 2.312195 0.204611
v -0.254097 2.373122 0.167934
v -0.206070 2.211024 0.142252
v -0.305622 1.785259 0.027149
v 0.347642 1.705186 -0.394997
v 0.280491 1.741386 -0.458019
v 0.311977 1.704385 -0.447202
v 0.314882 1.677921 -0.413335
v 0.328188 1.637272 -0.424782
v 0.329447 1.656568 -0.462012
v 0.351002 1.624824 -0.441687
v 0.372447 1.645855 -0.443390
v 0.346726 1.639606 -0.524593
v 0.288096 1.663342 -0.543783
v 0.376398 1.625026 -0.502426
v 0.399500 1.613520 -0.484537
v 0.331328 1.592952 -0.442131
v 0.354228 1.594890 -0.449691
v 0.333007 1.572828 -0.458183
v 0.352020 1.574919 -0.462089
v 0.335934 1.550535 -0.454981
v 0.355291 1.552664 -0.458963
v 0.331342 1.606574 -0.528083
v 0.356228 1.586146 -0.510219
v 0.308612 1.584050 -0.513152
v 0.331972 1.569674 -0.494627
v 0.299104 1.559098 -0.521622
v 0.271635 1.587450 -0.540027
v 0.275522 1.606903 -0.535655
v 0.320384 1.545738 -0.504104
v 0.288453 1.637517 -0.558565
v 0.298230 1.626824 -0.576221
v 0.271635 1.587450 -0.540027
v 0.339896 1.580463 -0.552021
v 0.299104 1.559098 -0.521622
v 0.364299 1.568113 -0.528158
v 0.374534 1.645052 -0.544877
v 0.398291 1.631638 -0.520934
v 0.320384 1.545738 -0.504104
v 0.373504 1.756989 -0.468925
v 0.320511 1.764586 -0.487336
v 0.310374 1.672137 -0.566650
v 0.288453 1.637517 -0.558565
v 0.288096 1.663342 -0.543783
v 0.331972 1.569674 -0.494627
v 0.356228 1.586146 -0.510219
v 0.398291 1.631638 -0.520934
v 0.376398 1.625026 -0.502426
v 0.334630 1.789893 -0.436779
v 0.334924 1.767235 -0.400013
v 0.386020 1.727434 -0.423109
v 0.398291 1.631638 -0.520934
v 0.417484 1.620800 -0.501588
v 0.399500 1.613520 -0.484537
v 0.372447 1.645855 -0.443390
v 0.347642 1.705186 -0.394997
v 0.359960 1.629428 -0.411288
v 0.333762 1.629625 -0.404138
v 0.330199 1.675337 -0.391615
v 0.314882 1.677921 -0.413335
v 0.328188 1.637272 -0.424782
v 0.351002 1.624824 -0.441687
v 0.362082 1.585220 -0.429174
v 0.335235 1.584824 -0.422069
v 0.355291 1.552664 -0.458963
v 0.335934 1.550535 -0.454981
v 0.331328 1.592952 -0.442131
v 0.333007 1.572828 -0.458183
v 0.352020 1.574919 -0.462089
v 0.354228 1.594890 -0.449691
v 0.305236 1.728757 -0.392988
v 0.378532 1.568607 -0.543933
v 0.398055 1.558439 -0.524549
v 0.358539 1.522258 -0.507869
v 0.342504 1.530096 -0.523023
v 0.362518 1.544812 -0.495224
v 0.386691 1.569371 -0.504091
v 0.344446 1.557238 -0.512378
v 0.364688 1.582674 -0.522118
v 0.398291 1.631638 -0.520934
v 0.376398 1.625026 -0.502426
v 0.288453 1.637517 -0.558565
v 0.275522 1.606903 -0.535655
v 0.288453 1.637517 -0.558565
v 0.362518 1.544812 -0.495224
v 0.344446 1.557238 -0.512378
v 0.342504 1.530096 -0.523023
v 0.358539 1.522258 -0.507869
v 0.386691 1.569371 -0.504091
v 0.364688 1.582674 -0.522118
v 0.288096 1.663342 -0.543783
v 0.305359 1.780671 -0.474036
v 0.280491 1.741386 -0.458019
v 0.274059 1.742926 -0.471042
v 0.305236 1.728757 -0.392988
v -0.136223 0.260259 -0.833070
v -0.170104 0.325655 -0.887403
v -0.123348 0.507051 -0.480062
v -0.170104 0.325655 -0.887403
v -0.136223 0.260259 -0.833070
v -0.126474 0.224542 -0.876841
v -0.153380 0.293564 -0.930589
v -0.185213 0.172813 -0.863879
v -0.191262 0.224754 -0.811366
v -0.071003 0.221747 -0.998539
v -0.112585 0.250417 -1.031676
v -0.124209 -0.095753 -0.821578
v -0.181372 -0.033024 -0.813119
v -0.245186 -0.089235 -0.831827
v -0.249911 -0.130734 -0.838907
v -0.214306 0.227433 -0.913521
v -0.191262 0.224754 -0.811366
v -0.227024 0.267689 -0.848476
v -0.153380 0.293564 -0.930589
v -0.170104 0.325655 -0.887403
v -0.167077 0.221755 -1.036692
v -0.268940 -0.067391 -0.849131
v -0.284519 -0.105859 -0.878924
v -0.112585 0.250417 -1.031676
v -0.167077 0.221755 -1.036692
v -0.124209 -0.095753 -0.821578
v -0.249911 -0.130734 -0.838907
v -0.284519 -0.105859 -0.878924
v -0.071003 0.221747 -0.998539
v -0.167077 0.221755 -1.036692
v -0.112585 0.250417 -1.031676
v -0.598020 2.410595 0.459149
v -0.579972 2.367022 0.426514
v -0.536035 2.432518 0.396281
v -0.623840 2.368422 0.459293
v -0.616169 2.320468 0.444184
v -0.614234 2.320991 0.431250
v -0.633697 2.340426 0.454205
v -0.639677 2.341412 0.482875
v -0.604263 2.475468 0.462214
v -0.615769 2.544164 0.460455
v -0.663806 2.392990 0.481274
v -0.663369 2.371005 0.485061
v -0.687461 2.399665 0.493512
v -0.634065 2.431379 0.489697
v -0.649503 2.454118 0.512380
v -0.701990 2.413891 0.511862
v -0.721801 2.435848 0.525789
v -0.674384 2.481898 0.528991
v -0.790680 2.522311 0.530306
v -0.681390 2.573094 0.521633
v -0.719119 2.649683 0.428730
v -0.627215 2.592028 0.379446
v -0.560218 2.472126 0.333833
v -0.498273 2.300182 0.329316
v -0.538537 2.394631 0.269859
v -0.553352 2.286869 0.275444
v -0.658132 2.606869 0.285443
v -0.809332 2.610549 0.250341
v -0.701999 2.489380 0.184480
v -0.592418 2.519475 0.264854
v -0.628256 2.391649 0.202042
v -0.628256 2.391649 0.202042
v -0.559898 2.332007 0.142119
v -0.535879 2.303382 0.387864
v -0.525596 2.231358 0.337276
v -0.553352 2.286869 0.275444
v -0.521326 2.223568 0.239202
v -0.471485 2.320979 0.216996
v -0.554223 2.251525 0.382060
v -0.562938 2.260720 0.386757
v -0.471485 2.320979 0.216996
v -0.559898 2.332007 0.142119
v -0.664856 2.295198 0.246934
v -0.771362 2.378618 0.232383
v -0.746077 2.323989 0.291441
v -0.591677 2.224793 0.303559
v -0.553352 2.286869 0.275444
v -0.729655 2.278195 0.352122
v -0.858331 2.410103 0.337504
v -0.832932 2.373222 0.421045
v -0.770293 2.344776 0.432082
v -0.709132 2.323130 0.438985
v -0.664248 2.300682 0.411219
v -0.663558 2.337155 0.452085
v -0.616169 2.320468 0.444184
v -0.614234 2.320991 0.431250
v -0.633697 2.340426 0.454205
v -0.639677 2.341412 0.482875
v -0.683388 2.377576 0.477720
v -0.663369 2.371005 0.485061
v -0.687461 2.399665 0.493512
v -0.728063 2.357388 0.472638
v -0.751462 2.373860 0.493878
v -0.701990 2.413891 0.511862
v -0.721801 2.435848 0.525789
v -0.776343 2.401641 0.510486
v -0.860133 2.432395 0.489195
v -0.904761 2.503555 0.395041
v -0.845325 2.459518 0.251470
v -0.809332 2.610549 0.250341
v -0.701999 2.489380 0.184480
v -0.628256 2.391649 0.202042
v -0.830475 2.477944 0.510932
v -0.892684 2.533921 0.434570
v -0.904761 2.503555 0.395041
v -0.845888 2.632195 0.357895
v -0.809332 2.610549 0.250341
v -0.790680 2.522311 0.530306
v -0.832816 2.588922 0.473564
v -0.845888 2.632195 0.357895
v -0.845888 2.632195 0.357895
v -0.719119 2.649683 0.428730
v -0.759268 2.638940 0.458782
v -0.735792 2.552475 0.528114
v -0.832816 2.588922 0.473564
v -0.845888 2.632195 0.357895
v -0.639677 2.341412 0.482875
v -0.643513 2.345456 0.486479
v -0.663369 2.371005 0.485061
v -0.191262 0.224754 -0.811366
v -0.136223 0.260259 -0.833070
v -0.634092 2.385094 0.274764
v -0.536035 2.432518 0.396281
v -0.614234 2.320991 0.431250
v -0.579972 2.367022 0.426514
v -0.562938 2.260720 0.386757
v -0.535879 2.303382 0.387864
v -0.550653 2.263028 0.335448
v -0.536035 2.432518 0.396281
v -0.634092 2.385094 0.274764
v -0.137951 2.378679 0.069630
v -0.254097 2.373122 0.167934
v -0.671728 1.692759 -0.193877
v -0.868410 1.470547 -0.073672
v -0.846156 1.416856 -0.138229
v -0.620379 1.678741 -0.240667
v -0.936106 1.322165 -0.083898
v -0.957942 1.374845 -0.020551
v -0.673023 1.670203 -0.324153
v -0.823771 1.514246 -0.234621
v -0.973494 1.341274 -0.109400
v -1.000759 1.375481 -0.089003
v -0.856708 1.559641 -0.202408
v -0.680476 1.677662 -0.196085
v -0.994202 1.391234 -0.049327
v -0.805594 1.623696 -0.155488
v -1.000759 1.375481 -0.089003
v -0.856708 1.559641 -0.202408
v -0.735716 1.719227 -0.227034
v -0.745613 1.694866 -0.237773
v -0.754871 1.919404 0.015838
v -0.810020 1.863683 -0.114142
v -0.857705 2.034124 -0.008297
v -0.726438 1.715379 -0.310345
v -0.774247 1.880683 -0.184500
v -0.815835 2.015833 -0.105078
v -0.642403 1.995563 -0.061470
v -0.651456 2.053646 0.008058
v -0.743829 1.979748 0.085438
v -0.776409 2.078085 0.112497
v -0.778997 2.106080 -0.085236
v -0.705404 1.931836 -0.182760
v -0.815835 2.015833 -0.105078
v -0.774247 1.880683 -0.184500
v -0.652179 1.731645 -0.316848
v -0.726438 1.715379 -0.310345
v -0.703194 2.043752 -0.064281
v -0.669445 1.958273 0.048042
v -0.780867 2.168136 0.010009
v -0.828247 2.078790 -0.059772
v -0.789661 2.136485 0.067427
v -0.661921 1.700532 -0.321520
v -0.398289 0.010490 -0.301253
v -0.470563 0.463549 -0.261347
v -0.379649 0.501760 -0.233414
v -0.500797 0.754967 -0.165326
v -0.409293 0.741788 -0.152689
v -0.500370 0.818428 -0.174207
v -0.406409 0.808646 -0.148413
v -0.551213 0.800155 -0.056066
v -0.551658 0.863348 -0.070148
v -0.548027 0.740288 -0.066112
v -0.396059 0.787871 -0.028585
v -0.391424 0.718383 -0.047681
v -0.475632 0.721676 -0.015818
v -0.480112 0.794616 -0.001269
v -0.548027 0.740288 -0.066112
v -0.551213 0.800155 -0.056066
v -0.481535 0.869646 -0.012741
v -0.551658 0.863348 -0.070148
v -0.397165 0.845445 -0.036160
v -0.493763 1.314422 -0.139910
v -0.387357 1.325218 -0.202511
v -0.552545 1.342738 -0.238242
v -0.377469 1.272894 -0.370319
v -0.528119 0.412564 -0.151265
v -0.455506 0.423280 -0.083926
v -0.380157 0.453171 -0.122420
v -0.416217 -0.012762 -0.176559
v -0.364929 -0.002885 -0.218649
v -0.398289 0.010490 -0.301253
v -0.416217 -0.012762 -0.176559
v -0.325613 1.300220 -0.193214
v -0.377469 1.272894 -0.370319
v -0.327319 1.317426 -0.381755
v -0.550624 1.277622 -0.385966
v -0.550624 1.277622 -0.385966
v -0.550624 1.277622 -0.385966
v -0.552545 1.342738 -0.238242
v -0.489213 1.745752 -0.102259
v -0.547463 1.470989 -0.210687
v -0.474218 1.419190 -0.134156
v -0.314582 1.723273 0.001539
v -0.322923 1.388988 -0.118134
v -0.516747 1.784332 -0.251548
v -0.547394 1.502980 -0.359307
v -0.552545 1.342738 -0.238242
v -0.493763 1.314422 -0.139910
v -0.387357 1.325218 -0.202511
v -0.325613 1.300220 -0.193214
v -0.555441 1.462092 -0.368787
v -0.550624 1.277622 -0.385966
v -0.473276 1.482730 -0.423653
v -0.550624 1.277622 -0.385966
v -0.458061 1.570066 -0.384304
v -0.321188 1.601272 -0.366867
v -0.316651 1.792482 -0.319728
v -0.325785 1.406783 -0.413174
v -0.359839 1.363456 -0.430914
v -0.487734 1.387626 -0.439079
v -0.377469 1.272894 -0.370319
v -0.550624 1.277622 -0.385966
v -0.327319 1.317426 -0.381755
v -0.327319 1.317426 -0.381755
v -0.554184 1.871087 -0.201421
v -0.379127 2.006978 -0.225569
v -0.703194 2.043752 -0.064281
v -0.495603 2.237745 -0.084506
v -0.708505 2.258278 0.072285
v -0.780867 2.168136 0.010009
v -0.789661 2.136485 0.067427
v -0.699470 2.196254 0.115765
v -0.622120 2.254056 0.202095
v -0.559898 2.332007 0.142119
v -0.497171 1.773629 -0.079834
v -0.669445 1.958273 0.048042
v -0.399795 1.765762 -0.004182
v -0.546919 1.932672 0.140951
v -0.417561 1.997698 0.204647
v -0.678054 2.138415 0.178260
v -0.521326 2.223568 0.239202
v -0.622120 2.254056 0.202095
v -0.699470 2.196254 0.115765
v -0.776409 2.078085 0.112497
v -0.789661 2.136485 0.067427
v -0.743829 1.979748 0.085438
v -0.305622 1.785259 0.027149
v -0.995103 1.327459 0.013865
v -0.967623 1.304709 -0.038337
v -0.940415 1.333609 -0.068370
v -0.963836 1.294810 0.003417
v -0.976190 1.253183 0.012070
v -0.984153 1.255193 -0.029068
v -1.000463 1.234969 0.005722
v -1.023166 1.253515 -0.001039
v -1.009483 1.213781 -0.075395
v -0.955921 1.226951 -0.111822
v -1.034580 1.209981 -0.044738
v -1.054017 1.207142 -0.020235
v -0.979170 1.205687 0.015319
v -1.003013 1.204448 0.011421
v -0.981983 1.180714 0.009507
v -1.001459 1.181112 0.008197
v -0.983038 1.161809 0.022047
v -1.002866 1.162214 0.020712
v -0.992803 1.182206 -0.067360
v -1.013461 1.171260 -0.038915
v -0.966771 1.167813 -0.048328
v -0.986195 1.162635 -0.022032
v -0.957125 1.141538 -0.047149
v -0.934486 1.159441 -0.079767
v -0.938856 1.178969 -0.083255
v -0.974706 1.136848 -0.022512
v -0.956897 1.197318 -0.114352
v -0.968522 1.180300 -0.124199
v -0.934486 1.159441 -0.079767
v -1.003213 1.148546 -0.076668
v -0.957125 1.141538 -0.047149
v -1.022994 1.147442 -0.046253
v -1.040278 1.210454 -0.091361
v -1.059344 1.208415 -0.060541
v -0.974706 1.136848 -0.022512
v -1.034791 1.343865 -0.069641
v -0.985693 1.342730 -0.097798
v -0.981850 1.225553 -0.132369
v -0.956897 1.197318 -0.114352
v -0.955921 1.226951 -0.111822
v -0.986195 1.162635 -0.022032
v -1.013461 1.171260 -0.038915
v -1.059344 1.208415 -0.060541
v -1.034580 1.209981 -0.044738
v -1.000759 1.375481 -0.089003
v -0.994202 1.391234 -0.049327
v -1.038525 1.336205 -0.014356
v -1.059344 1.208415 -0.060541
v -1.074747 1.206765 -0.035638
v -1.054017 1.207142 -0.020235
v -1.023166 1.253515 -0.001039
v -0.995103 1.327459 0.013865
v -1.005063 1.251899 0.032514
v -0.978155 1.254882 0.034631
v -0.975563 1.301626 0.026416
v -0.963836 1.294810 0.003417
v -0.976190 1.253183 0.012070
v -1.000463 1.234969 0.005722
v -1.007119 1.204272 0.035067
v -0.979545 1.206697 0.037289
v -1.002866 1.162214 0.020712
v -0.983038 1.161809 0.022047
v -0.979170 1.205687 0.015319
v -0.981983 1.180714 0.009507
v -1.001459 1.181112 0.008197
v -1.003013 1.204448 0.011421
v -0.957942 1.374845 -0.020551
v -1.039421 1.141405 -0.058313
v -1.011494 1.114198 -0.010061
v -1.055182 1.140383 -0.033599
v -0.998399 1.114889 -0.029459
v -1.014915 1.139997 -0.007398
v -1.041593 1.158778 -0.021600
v -1.000389 1.144010 -0.030808
v -1.023371 1.163198 -0.046788
v -1.059344 1.208415 -0.060541
v -1.034580 1.209981 -0.044738
v -0.956897 1.197318 -0.114352
v -0.938856 1.178969 -0.083255
v -0.956897 1.197318 -0.114352
v -1.014915 1.139997 -0.007398
v -0.998399 1.114889 -0.029459
v -1.000389 1.144010 -0.030808
v -1.011494 1.114198 -0.010061
v -1.041593 1.158778 -0.021600
v -1.023371 1.163198 -0.046788
v -0.955921 1.226951 -0.111822
v -0.973494 1.341274 -0.109400
v -0.940415 1.333609 -0.068370
v -0.936106 1.322165 -0.083898
v -0.957942 1.374845 -0.020551
v -0.456327 -0.004562 -0.232102
v -0.398289 0.010490 -0.301253
v -0.528119 0.412564 -0.151265
v -0.398289 0.010490 -0.301253
v -0.410872 -0.063855 -0.311843
v -0.449169 -0.075316 -0.229508
v -0.456327 -0.004562 -0.232102
v -0.395582 -0.070168 -0.171232
v -0.416217 -0.012762 -0.176559
v -0.446325 -0.187228 -0.302738
v -0.398583 -0.177378 -0.338416
v -0.434071 -0.215572 0.063321
v -0.394541 -0.150414 0.025029
v -0.322280 -0.168262 0.070216
v -0.309736 -0.194496 0.101022
v -0.355251 -0.062891 -0.239163
v -0.416217 -0.012762 -0.176559
v -0.364929 -0.002885 -0.218649
v -0.410872 -0.063855 -0.311843
v -0.398289 0.010490 -0.301253
v -0.344035 -0.173991 -0.309624
v -0.296400 -0.158421 0.046253
v -0.264806 -0.194619 0.063621
v -0.344035 -0.173991 -0.309624
v -0.398583 -0.177378 -0.338416
v -0.434071 -0.215572 0.063321
v -0.264806 -0.194619 0.063621
v -0.309736 -0.194496 0.101022
v -0.446325 -0.187228 -0.302738
v -0.344035 -0.173991 -0.309624
v -0.398583 -0.177378 -0.338416
v -0.553352 2.286869 0.275444
v -0.525596 2.231358 0.337276
v -0.607427 2.245632 0.368135
v -0.554223 2.251525 0.382060
v -0.562938 2.260720 0.386757
v -0.521326 2.223568 0.239202
v -0.622120 2.254056 0.202095
v -0.622120 2.254056 0.202095
v -0.559898 2.332007 0.142119
v -0.559898 2.332007 0.142119
v -0.416217 -0.012762 -0.176559
v -0.456327 -0.004562 -0.232102
v -0.634092 2.385094 0.274764
v -0.614234 2.320991 0.431250
v -0.729655 2.278195 0.352122
v -0.664248 2.300682 0.411219
v -0.562938 2.260720 0.386757
v -0.550653 2.263028 0.335448
v -0.607427 2.245632 0.368135
v -0.729655 2.278195 0.352122
v -0.634092 2.385094 0.274764
v -0.828247 2.078790 -0.059772
v -0.789661 2.136485 0.067427
vn -0.1630 -0.6956 0.6996
vn -0.8040 -0.5350 -0.2596
vn -0.6652 -0.5138 -0.5418
vn -0.1908 -0.7152 0.6724
vn -0.7759 -0.3555 -0.5211
vn -0.2740 -0.5470 0.7910
vn -0.2441 0.3595 -0.9007
vn -0.0373 0.4153 -0.9089
vn 0.0248 0.5849 -0.8107
vn 0.6495 0.7581 -0.0584
vn 0.7014 0.7105 -0.0569
vn -0.0739 -0.7956 0.6012
vn 0.6027 0.3148 0.7332
vn 0.5449 0.0439 0.8374
vn 0.6494 0.7582 -0.0584
vn 0.6982 0.7134 -0.0602
vn 0.6626 0.1867 0.7253
vn 0.8618 0.0075 0.5072
vn 0.1436 -0.8334 0.5337
vn 0.9301 -0.0315 0.3660
vn 0.7795 0.2713 0.5646
vn 0.6354 0.7355 -0.2351
vn 0.6531 0.6993 -0.2906
vn 0.6961 0.6685 -0.2619
vn -0.8846 -0.1946 -0.4238
vn -0.8980 0.1157 0.4244
vn 0.4883 -0.2239 0.8435
vn 0.5604 0.0973 0.8225
vn -0.0521 0.8975 -0.4379
vn -0.2438 0.6509 -0.7189
vn 0.6961 0.6685 -0.2620
vn 0.6587 0.7005 -0.2746
vn -0.4994 0.4996 -0.7078
vn 0.6757 0.7182 -0.1664
vn 0.4509 0.5404 0.7104
vn 0.5488 -0.0535 0.8342
vn 0.1741 0.9764 0.1275
vn 0.5991 0.7890 0.1365
vn 0.4905 0.6693 0.5581
vn -0.3812 0.4064 -0.8304
vn 0.1527 0.7220 -0.6749
vn -0.5265 0.6734 -0.5190
vn 0.6710 0.6131 -0.4169
vn 0.8370 0.3438 -0.4258
vn -0.4988 0.6593 -0.5626
vn 0.7435 -0.0683 -0.6652
vn -0.6906 0.1580 -0.7057
vn 0.8565 -0.1959 0.4774
vn 0.8299 -0.0761 0.5526
vn 0.8614 -0.3439 0.3738
vn -0.9300 -0.2082 0.3030
vn -0.9633 -0.2540 0.0864
vn -0.1535 -0.7663 0.6238
vn -0.1514 -0.4338 0.8882
vn 0.8644 -0.3304 0.3789
vn 0.8801 -0.1995 0.4308
vn -0.1420 -0.0131 0.9898
vn 0.8388 -0.0717 0.5396
vn -0.9435 0.0054 0.3314
vn -0.0681 0.1221 0.9902
vn -0.3798 -0.6668 0.6412
vn 0.8519 0.0024 0.5237
vn -0.4007 -0.6690 -0.6261
vn 0.2167 -0.7333 0.6444
vn -0.1686 -0.8981 -0.4061
vn 0.8868 -0.3593 0.2907
vn -0.2021 -0.8079 0.5536
vn -0.9707 -0.2341 0.0535
vn -0.1906 -0.7784 0.5982
vn -0.9940 -0.0006 -0.1093
vn 0.1526 0.7220 -0.6749
vn -0.1905 -0.7783 0.5983
vn 0.8263 -0.3019 -0.4755
vn 0.8199 -0.2716 -0.5040
vn 0.8520 0.0024 0.5236
vn 0.8329 -0.0481 0.5513
vn 0.8560 -0.0697 0.5122
vn 0.4615 -0.2952 0.8366
vn 0.9443 -0.0650 0.3227
vn 0.0466 -0.3272 0.9438
vn -0.0012 -0.5083 0.8612
vn 0.8464 0.3048 -0.4367
vn 0.8570 0.2399 -0.4560
vn 0.9137 -0.1080 0.3918
vn 0.0341 -0.9287 0.3692
vn -0.2942 -0.9258 0.2372
vn -0.1100 -0.0792 0.9908
vn 0.2484 0.3836 -0.8895
vn 0.2366 0.2708 -0.9331
vn -0.0051 0.2626 -0.9649
vn -0.0457 0.3666 -0.9292
vn -0.0084 0.1244 -0.9922
vn -0.3576 -0.1552 -0.9209
vn 0.3232 -0.0169 -0.9462
vn -0.4379 -0.3289 -0.8367
vn 0.8287 -0.0807 -0.5539
vn -0.0237 -0.8798 -0.4747
vn -0.1351 -0.9229 -0.3605
vn 0.8876 0.1092 -0.4475
vn 0.8187 -0.1720 -0.5479
vn 0.8327 -0.2098 -0.5125
vn -0.1395 0.4104 -0.9012
vn 0.7328 0.4118 -0.5418
vn 0.5251 0.4172 -0.7417
vn -0.2311 0.6301 -0.7413
vn -0.1273 0.9918 0.0115
vn -0.2255 0.9556 -0.1897
vn -0.1193 0.6194 0.7760
vn 0.0626 0.5696 0.8195
vn 0.3900 0.6319 0.6698
vn -0.3403 0.8961 -0.2851
vn 0.9505 -0.0362 0.3086
vn 0.9408 -0.1147 0.3188
vn 0.6033 -0.3333 0.7245
vn 0.5723 -0.2330 0.7863
vn 0.1468 -0.3736 0.9159
vn 0.1954 0.1754 0.9649
vn 0.0765 -0.2450 0.9665
vn 0.4008 0.6138 0.6801
vn 0.0248 0.7294 0.6837
vn 0.0964 0.0906 0.9912
vn -0.1650 0.6352 0.7545
vn 0.7250 -0.6508 0.2254
vn 0.1502 -0.4862 0.8608
vn 0.0553 -0.1263 0.9904
vn -0.9976 0.0518 0.0470
vn -0.8578 -0.3848 0.3407
vn -0.9482 0.0572 0.3124
vn -0.9411 -0.2961 -0.1632
vn -0.7942 -0.5717 -0.2061
vn 0.3159 -0.2789 -0.9069
vn 0.6518 -0.6622 0.3696
vn -0.6482 -0.4043 0.6453
vn -0.9959 -0.0897 -0.0075
vn -0.5971 -0.5266 0.6051
vn 0.2145 -0.5604 0.8000
vn -0.8958 0.1541 -0.4169
vn 0.4935 0.3784 -0.7831
vn -0.7561 0.0890 -0.6483
vn 0.3855 0.2223 -0.8955
vn -0.4839 -0.8624 -0.1487
vn 0.5419 -0.7541 -0.3711
vn -0.3241 0.3916 0.8612
vn 0.3086 -0.0610 0.9492
vn -0.3901 0.3325 0.8586
vn 0.0847 0.0354 0.9958
vn -0.6444 -0.7609 0.0758
vn -0.9050 -0.4147 -0.0944
vn -0.7879 0.4268 0.4439
vn -0.1879 -0.8963 0.4016
vn -0.9744 0.2247 -0.0002
vn -0.3130 -0.0616 -0.9478
vn -0.9050 -0.4148 -0.0944
vn 0.2308 -0.5362 -0.8119
vn -0.6444 -0.7609 0.0757
vn 0.6961 -0.7039 -0.1411
vn 0.5939 0.1617 -0.7881
vn 0.7367 0.1992 -0.6462
vn -0.1879 -0.8964 0.4015
vn 0.7074 0.6342 -0.3120
vn -0.0661 0.6431 -0.7629
vn -0.1416 0.4700 -0.8712
vn -0.9744 0.2246 -0.0001
vn 0.0848 0.0354 0.9958
vn 0.3085 -0.0611 0.9492
vn 0.7367 0.1993 -0.6461
vn -0.9976 0.0517 0.0470
vn 0.6848 0.7268 -0.0519
vn 0.6127 0.3611 0.7030
vn 0.8635 0.2272 0.4503
vn 0.7367 0.1993 -0.6462
vn 0.9993 -0.0177 -0.0325
vn 0.2144 -0.5604 0.8000
vn 0.6519 -0.6621 0.3697
vn -0.1132 -0.1338 0.9845
vn 0.7513 -0.2418 0.6140
vn -0.4568 -0.3288 0.8266
vn -0.2963 0.0012 0.9551
vn -0.9482 0.0572 0.3125
vn -0.9411 -0.2961 -0.1631
vn 0.3159 -0.2790 -0.9068
vn 0.8528 -0.3177 0.4145
vn -0.5010 -0.4728 0.7249
vn 0.5420 -0.7541 -0.3709
vn -0.8958 0.1542 -0.4169
vn -0.7562 0.0891 -0.6483
vn 0.3854 0.2222 -0.8956
vn 0.4933 0.3785 -0.7832
vn -0.2280 -0.5625 0.7947
vn 0.0026 -0.0333 -0.9994
vn 0.8353 -0.5099 -0.2055
vn -0.0140 -0.9563 0.2920
vn -0.7233 -0.5821 -0.3715
vn -0.0513 -0.1177 0.9917
vn 0.2247 -0.2218 0.9489
vn -0.8973 0.3868 0.2129
vn -0.8873 0.4575 -0.0583
vn 0.7368 0.1993 -0.6461
vn -0.5972 -0.5265 0.6051
vn -0.9744 0.2249 -0.0000
vn -0.3132 -0.0614 -0.9477
vn -0.7878 0.4269 0.4441
vn -0.9745 0.2246 -0.0001
vn -0.0513 -0.1178 0.9917
vn -0.7233 -0.5821 -0.3714
vn -0.0142 -0.9563 0.2920
vn 0.2247 -0.2218 0.9488
vn -0.8874 0.4573 -0.0584
vn 0.0295 0.4034 -0.9145
vn 0.5290 -0.7506 -0.3959
vn 0.7519 -0.5727 -0.3266
vn -0.1657 -0.7004 0.6943
vn -0.3042 -0.5276 0.7932
vn 0.9652 -0.1917 0.1776
vn 0.1527 0.7220 -0.6748
vn 0.8868 -0.3593 0.2906
vn 0.2393 0.7532 -0.6127
vn 0.9543 -0.1773 0.2407
vn 0.8508 0.1103 0.5138
vn 0.1608 0.9450 -0.2847
vn -0.4161 -0.0172 0.9092
vn -0.1778 -0.8220 0.5410
vn 0.9220 0.0939 -0.3756
vn 0.3335 0.4634 -0.8210
vn 0.6719 -0.6719 0.3117
vn -0.0737 0.0905 0.9932
vn -0.4326 -0.0423 0.9006
vn -0.2791 -0.9090 0.3095
vn -0.9601 0.2357 -0.1502
vn -0.2374 -0.8339 0.4982
vn -0.9724 -0.1007 -0.2102
vn 0.1001 0.9503 -0.2949
vn 0.1620 0.7287 -0.6654
vn -0.3781 0.1172 -0.9183
vn -0.7628 0.1300 0.6335
vn -0.7232 -0.5896 -0.3596
vn 0.1296 0.9586 -0.2535
vn 0.3337 0.4634 -0.8210
vn -0.3780 0.1172 -0.9184
vn -0.2791 -0.9091 0.3094
vn -0.7232 -0.5897 -0.3596
vn 0.9220 0.0939 -0.3755
vn 0.3336 0.4634 -0.8210
vn 0.6116 -0.1705 0.7725
vn 0.8238 -0.5669 0.0013
vn 0.9528 0.1791 0.2450
vn 0.5787 -0.1529 0.8011
vn 0.4358 -0.6874 0.5810
vn 0.6282 -0.7511 -0.2030
vn 0.3371 -0.5961 0.7287
vn 0.4191 -0.6729 0.6096
vn 0.7154 0.0849 0.6935
vn 0.7652 0.4353 0.4744
vn 0.4462 -0.1660 0.8794
vn 0.0044 -0.2302 0.9731
vn 0.2571 -0.5150 0.8178
vn 0.5654 -0.3024 0.7674
vn 0.5472 -0.1842 0.8165
vn 0.2497 -0.5074 0.8247
vn 0.0449 -0.2783 0.9594
vn 0.3569 -0.0255 0.9338
vn -0.3101 0.1787 0.9338
vn 0.3794 0.4843 0.7883
vn 0.2454 0.9541 0.1719
vn 0.7265 0.6849 0.0560
vn 0.8911 0.4438 -0.0946
vn 0.9867 -0.1362 -0.0885
vn 0.8929 0.3877 -0.2289
vn 0.7775 -0.5221 -0.3505
vn 0.4584 0.7786 -0.4285
vn -0.3942 0.6505 -0.6492
vn 0.0413 0.1743 -0.9838
vn 0.7381 0.4934 -0.4602
vn 0.0518 0.1613 -0.9855
vn 0.0716 0.1745 -0.9821
vn -0.4974 0.7123 -0.4952
vn -0.1914 0.0098 0.9815
vn 0.6255 -0.7801 0.0149
vn 0.6469 -0.7434 -0.1700
vn 0.4828 -0.8745 0.0455
vn -0.1356 -0.0093 0.9907
vn 0.9405 0.3390 -0.0253
vn 0.0141 0.7597 0.6502
vn 0.2866 -0.6080 0.7404
vn -0.4230 0.2239 0.8780
vn 0.0548 0.7767 0.6275
vn -0.3564 0.8247 -0.4392
vn 0.9631 0.2630 -0.0571
vn -0.4722 -0.7244 -0.5023
vn -0.5237 -0.4948 -0.6935
vn 0.0603 0.1819 -0.9815
vn -0.5813 -0.7106 -0.3964
vn -0.0079 -0.9288 -0.3704
vn 0.4463 -0.7541 -0.4819
vn -0.4283 -0.9015 -0.0621
vn -0.8223 -0.5244 -0.2211
vn -0.6802 -0.7003 0.2166
vn -0.3838 -0.7864 0.4840
vn -0.1401 -0.7651 0.6285
vn 0.3840 -0.9197 -0.0815
vn -0.1519 -0.7280 0.6685
vn 0.4357 -0.6875 0.5810
vn 0.6281 -0.7512 -0.2030
vn 0.3370 -0.5962 0.7287
vn -0.1288 -0.6186 0.7750
vn 0.0046 -0.2300 0.9732
vn 0.2569 -0.5151 0.8177
vn 0.0007 -0.7470 0.6649
vn -0.1189 -0.7086 0.6956
vn 0.2498 -0.5074 0.8248
vn 0.0450 -0.2783 0.9594
vn -0.2559 -0.5078 0.8226
vn -0.7143 -0.3766 0.5898
vn -0.9982 -0.0249 -0.0539
vn -0.7441 -0.1651 -0.6473
vn 0.0414 0.1742 -0.9838
vn 0.0519 0.1613 -0.9855
vn -0.5116 -0.0013 0.8592
vn -0.8854 0.2789 0.3719
vn -0.9982 -0.0248 -0.0538
vn -0.6030 0.7906 -0.1066
vn -0.3101 0.1786 0.9338
vn -0.5543 0.5627 0.6133
vn 0.2453 0.9541 0.1719
vn -0.1614 0.8489 0.5033
vn -0.0799 0.3386 0.9375
vn -0.5542 0.5627 0.6133
vn -0.6029 0.7906 -0.1067
vn 0.4189 -0.6728 0.6098
vn 0.0506 -0.2849 0.9572
vn 0.0045 -0.2300 0.9732
vn 0.9653 -0.1918 0.1775
vn 0.1417 -0.4165 0.8980
vn 0.9317 0.0396 0.3612
vn 0.5313 -0.8469 0.0241
vn 0.6667 -0.2850 0.6887
vn -0.4228 0.2239 0.8781
vn -0.1139 -0.0299 0.9930
vn -0.6563 0.5483 0.5184
vn 0.9564 0.2660 0.1206
vn 0.3602 -0.6589 0.6604
vn 0.4958 0.8634 0.0936
vn 0.3432 0.8018 0.4891
vn 0.7576 0.6215 0.1995
vn 0.3637 0.1147 0.9244
vn 0.6981 -0.7146 -0.0460
vn 0.9410 -0.3373 0.0288
vn 0.7797 -0.6009 -0.1761
vn 0.4265 0.3136 0.8484
vn 0.2582 -0.3349 -0.9062
vn -0.0659 -0.4760 -0.8769
vn -0.1899 -0.2973 -0.9357
vn -0.7712 0.3843 -0.5075
vn -0.8093 0.3569 -0.4666
vn 0.4123 -0.9110 0.0003
vn -0.5854 0.7523 0.3023
vn -0.4742 0.6750 0.5653
vn -0.7712 0.3844 -0.5075
vn -0.8119 0.3526 -0.4653
vn 0.0297 0.9853 -0.1685
vn -0.2839 -0.9141 -0.2894
vn -0.0595 -0.6729 0.7373
vn -0.9269 -0.3687 0.0704
vn -0.9852 -0.0182 0.1704
vn -0.6354 0.2048 -0.7445
vn -0.6693 0.2486 -0.7002
vn -0.7071 0.2093 -0.6754
vn 0.9887 0.1408 -0.0509
vn 0.6067 0.6263 0.4896
vn -0.4872 -0.4433 0.7524
vn -0.7715 -0.1919 0.6066
vn -0.0287 0.7040 -0.7096
vn 0.2781 0.5222 -0.8062
vn -0.7070 0.2094 -0.6755
vn -0.6826 0.2505 -0.6865
vn 0.5201 0.3232 -0.7906
vn -0.8168 0.2564 -0.5168
vn -0.9051 -0.0159 0.4248
vn -0.5247 -0.7087 0.4716
vn -0.7904 0.5959 -0.1418
vn -0.8587 0.3550 -0.3696
vn -0.9697 0.1240 0.2105
vn 0.4359 -0.0408 -0.8990
vn 0.1641 0.0795 -0.9832
vn -0.4165 0.1332 -0.8993
vn 0.7541 0.1943 -0.6274
vn -0.5309 0.0519 -0.8458
vn 0.7396 0.1594 -0.6539
vn -0.4783 -0.2710 -0.8353
vn 0.8098 -0.1270 -0.5728
vn -0.9761 -0.0312 0.2151
vn -0.9630 0.0148 0.2692
vn -0.9724 -0.1084 0.2068
vn 0.8053 -0.0187 0.5926
vn 0.8555 -0.0785 0.5119
vn -0.1507 -0.2353 0.9602
vn -0.1697 -0.0212 0.9853
vn -0.9738 -0.1043 0.2019
vn -0.9834 -0.0390 0.1770
vn -0.1697 0.2181 0.9611
vn -0.9632 0.0254 0.2677
vn 0.8171 0.1172 0.5645
vn -0.2413 0.2866 0.9272
vn 0.4909 -0.4413 0.7512
vn -0.9712 0.0707 0.2275
vn 0.4106 -0.7564 -0.5093
vn -0.9790 -0.1370 0.1511
vn -0.0970 -0.2206 0.9705
vn 0.8644 -0.0709 0.4978
vn -0.1157 -0.1697 0.9787
vn 0.9704 -0.0033 0.2413
vn 0.1640 0.0795 -0.9832
vn -0.1157 -0.1698 0.9787
vn -0.0434 -0.6828 0.7293
vn 0.2436 -0.9333 0.2640
vn 0.2344 -0.4265 -0.8736
vn 0.2114 -0.9389 -0.2718
vn -0.7487 -0.3506 -0.5626
vn -0.6771 -0.3750 -0.6332
vn -0.7260 -0.2899 -0.6236
vn -0.9440 0.0446 0.3270
vn -0.9527 0.0699 0.2958
vn -0.8245 -0.2972 0.4816
vn -0.9320 -0.0110 0.3622
vn -0.4471 -0.2270 0.8652
vn 0.0730 -0.3964 0.9152
vn -0.0013 -0.5083 0.8612
vn -0.8086 0.2045 -0.5516
vn -0.8533 0.2848 -0.4368
vn -0.9621 0.0074 0.2727
vn -0.3683 0.0154 0.9296
vn 0.0805 -0.9791 0.1870
vn -0.0529 -0.8897 0.4534
vn -0.8879 0.1374 -0.4390
vn -0.7318 -0.1595 -0.6626
vn -0.2482 0.2761 -0.9285
vn -0.8439 -0.0807 -0.5304
vn -0.2515 0.3941 -0.8840
vn -0.0051 0.2625 -0.9649
vn 0.0077 0.3944 -0.9189
vn -0.0082 0.1243 -0.9922
vn 0.2920 -0.2307 -0.9282
vn -0.3787 -0.0339 -0.9249
vn 0.3500 -0.3875 -0.8529
vn -0.7613 -0.1890 -0.6202
vn -0.0237 -0.8799 -0.4747
vn 0.1516 -0.9654 -0.2122
vn -0.7681 -0.1021 -0.6321
vn -0.0761 0.4353 -0.8970
vn -0.5201 -0.0783 -0.8505
vn -0.1839 0.6420 -0.7443
vn -0.6711 0.7366 -0.0839
vn -0.3119 0.8335 -0.4561
vn -0.6661 0.4510 0.5941
vn -0.6974 0.1968 0.6891
vn -0.9147 0.1058 0.3901
vn -0.4058 0.8717 -0.2746
vn -0.6958 -0.6384 0.3291
vn -0.5504 -0.8000 0.2390
vn -0.3215 -0.7008 0.6369
vn -0.3444 -0.6167 0.7078
vn 0.0454 -0.4015 0.9147
vn -0.5445 -0.0466 0.8375
vn -0.0671 -0.3299 0.9416
vn -0.8730 0.0958 0.4782
vn -0.7460 0.4983 0.4419
vn -0.5632 0.0559 0.8244
vn -0.6044 0.5577 0.5689
vn -0.0456 -0.9883 0.1453
vn 0.1119 -0.5145 0.8501
vn 0.1005 0.2989 0.9490
vn 0.9208 -0.2133 0.3264
vn 0.9884 0.0599 -0.1396
vn 0.9789 0.1760 0.1040
vn 0.9226 -0.3436 -0.1753
vn 0.7880 -0.6109 -0.0764
vn -0.4298 -0.6297 -0.6471
vn -0.5479 -0.4432 0.7095
vn 0.7604 -0.1025 0.6413
vn 0.9873 -0.0914 -0.1297
vn 0.7115 -0.2301 0.6639
vn -0.0585 -0.1740 0.9830
vn 0.8127 -0.0398 -0.5813
vn -0.6267 0.0205 -0.7790
vn 0.6444 -0.1945 -0.7395
vn -0.5273 -0.1692 -0.8326
vn 0.5080 -0.8491 0.1449
vn -0.5442 -0.8363 0.0660
vn 0.4242 0.7130 0.5584
vn -0.1596 0.3426 0.9258
vn 0.4925 0.6578 0.5698
vn 0.0624 0.4482 0.8918
vn 0.6938 -0.6642 0.2785
vn 0.9045 -0.4224 -0.0588
vn 0.8177 0.5677 0.0953
vn 0.3000 -0.6484 0.6998
vn 0.9480 0.1976 -0.2495
vn 0.1717 -0.4534 -0.8746
vn 0.8178 0.5676 0.0952
vn -0.3159 -0.8245 -0.4695
vn 0.6937 -0.6643 0.2784
vn -0.6651 -0.6939 0.2760
vn -0.7133 -0.1780 -0.6779
vn -0.8354 -0.0836 -0.5432
vn 0.2999 -0.6484 0.6997
vn -0.8294 0.3690 -0.4195
vn -0.3995 -0.1638 -0.9020
vn -0.0186 0.0626 -0.9979
vn 0.9480 0.1975 -0.2495
vn 0.9873 -0.0913 -0.1297
vn -0.1595 0.3427 0.9258
vn -0.8355 -0.0835 -0.5431
vn 0.7115 -0.2301 0.6640
vn 0.9612 0.0801 -0.2638
vn -0.7625 0.3346 -0.5537
vn -0.5997 0.7031 0.3822
vn -0.7766 0.4077 0.4803
vn -0.8354 -0.0835 -0.5432
vn -0.9901 -0.0229 0.1388
vn -0.5480 -0.4431 0.7095
vn 0.2555 0.4488 0.8563
vn -0.6354 0.0414 0.7711
vn 0.5939 0.0429 0.8034
vn 0.4345 0.3976 0.8082
vn 0.9789 0.1760 0.1041
vn 0.9227 -0.3436 -0.1751
vn -0.4297 -0.6298 -0.6471
vn -0.7606 -0.1099 0.6399
vn 0.6311 -0.1305 0.7647
vn -0.5443 -0.8363 0.0660
vn 0.5080 -0.8491 0.1448
vn 0.8127 -0.0399 -0.5813
vn 0.6445 -0.1946 -0.7394
vn -0.5273 -0.1690 -0.8327
vn -0.6266 0.0205 -0.7790
vn 0.3465 0.2381 0.9073
vn -0.1493 -0.4473 -0.8818
vn 0.1156 -0.7473 0.6543
vn -0.8239 -0.5436 0.1605
vn 0.6941 -0.6889 -0.2090
vn 0.2054 0.3065 0.9294
vn -0.0670 0.1958 0.9783
vn 0.8936 0.4344 -0.1130
vn 0.8392 0.3853 -0.3837
vn -0.8355 -0.0835 -0.5432
vn 0.7115 -0.2302 0.6640
vn 0.9480 0.1979 -0.2494
vn 0.8175 0.5680 0.0953
vn 0.1718 -0.4533 -0.8747
vn 0.9480 0.1976 -0.2494
vn 0.2054 0.3064 0.9295
vn 0.6942 -0.6888 -0.2090
vn 0.8936 0.4344 -0.1131
vn 0.1158 -0.7473 0.6544
vn -0.0670 0.1959 0.9783
vn 0.8392 0.3854 -0.3838
vn 0.9873 -0.0913 -0.1298
vn -0.2870 -0.9409 -0.1801
vn 0.9937 0.1022 -0.0466
vn -0.9342 -0.3097 0.1773
vn -0.6704 -0.6302 0.3917
vn 0.3546 0.2442 0.9026
vn 0.3478 0.4013 0.8474
vn -0.9938 -0.0927 -0.0605
vn -0.9790 -0.1370 0.1512
vn -0.0474 0.0107 -0.9988
vn -0.0438 0.3395 -0.9396
vn -0.9855 0.1635 0.0450
vn -0.9650 -0.2423 -0.1005
vn -0.0198 0.8139 0.5806
vn -0.1081 -0.2075 0.9723
vn -0.6760 -0.6047 -0.4211
vn -0.0059 -0.4687 -0.8833
vn -0.6490 -0.4355 0.6238
vn -0.3709 0.7914 0.4860
vn 0.0068 0.8024 0.5968
vn 0.2329 -0.1687 0.9578
vn 0.8997 0.4070 -0.1577
vn 0.1032 -0.1324 0.9858
vn 0.9732 -0.0620 0.2215
vn -0.0103 0.4010 -0.9160
vn 0.1414 -0.0002 -0.9900
vn 0.7166 -0.4315 -0.5480
vn 0.3946 0.8468 0.3567
vn 0.8761 -0.2812 0.3916
vn -0.1294 0.2994 -0.9453
vn 0.7167 -0.4315 -0.5479
vn -0.0058 -0.4687 -0.8833
vn -0.6490 -0.4356 0.6238
vn 0.8761 -0.2813 0.3916
vn 0.2329 -0.1688 0.9577
vn -0.6760 -0.6047 -0.4212
vn -0.2624 -0.0740 0.9621
vn -0.4228 0.2241 0.8781
vn 0.5030 -0.8621 0.0623
vn -0.5870 -0.6774 -0.4433
vn 0.0680 -0.0237 0.9974
vn -0.9067 0.0530 0.4185
vn -0.8977 0.0337 0.4393
vn -0.4871 -0.7120 -0.5058
vn -0.4561 0.7759 -0.4358
vn -0.5024 0.7032 -0.5031
vn -0.9938 -0.0927 -0.0606
vn 0.1554 -0.4053 0.9009
vn 0.7020 -0.7070 0.0857
vn -0.3194 -0.9425 0.0982
vn -0.1009 -0.7687 0.6316
vn -0.4227 0.2239 0.8782
vn -0.5499 0.6274 0.5514
vn -0.2282 -0.1884 0.9552
vn -0.4582 -0.8559 -0.2398
vn 0.3775 -0.6452 0.6643
vn -0.7590 0.5201 -0.3915
vn -0.8566 0.4755 0.2003
vt 0.730382 0.103619
vt 0.705649 0.144477
vt 0.906050 0.162418
vt 0.907543 0.101904
vt 0.999984 0.166941
vt 1.001061 0.095946
vt 0.733494 0.205318
vt 0.838940 0.209383
vt 0.991053 0.210366
vt 0.981648 0.252295
vt 0.840260 0.252371
vt 0.689743 0.104698
vt 0.991405 0.052870
vt 0.810174 0.064464
vt 0.981657 0.011468
vt 0.840250 0.011429
vt 0.734207 0.056759
vt 0.693123 0.056174
vt 0.518060 0.096757
vt 0.575201 0.047645
vt 0.473165 0.043970
vt 0.716055 0.011396
vt 0.597290 0.011359
vt 0.510869 0.011322
vt 0.522475 0.164896
vt 0.485011 0.157654
vt 0.479927 0.107408
vt 0.445175 0.049232
vt 0.473366 0.225391
vt 0.579352 0.211659
vt 0.510849 0.252622
vt 0.597275 0.252464
vt 0.688056 0.203710
vt 0.716059 0.252303
vt 0.459430 0.138427
vt 0.448360 0.105872
vt 0.445220 0.217118
vt 0.468555 0.252667
vt 0.435264 0.252667
vt 0.710772 0.204691
vt 0.809314 0.993189
vt 0.844593 0.748486
vt 0.799681 0.766537
vt 0.795370 0.616810
vt 0.844460 0.624653
vt 0.796731 0.566457
vt 0.846052 0.573862
vt 0.737687 0.589384
vt 0.737679 0.566887
vt 0.737691 0.611583
vt 0.903594 0.595045
vt 0.902086 0.622902
vt 0.947494 0.615460
vt 0.947980 0.591500
vt 0.993009 0.611673
vt 0.993010 0.589483
vt 0.948583 0.568105
vt 0.993012 0.566905
vt 0.904969 0.574145
vt 0.939443 0.344499
vt 0.898532 0.361084
vt 0.993076 0.320695
vt 0.854260 0.365264
vt 0.915162 0.347050
vt 0.854851 0.350073
vt 0.993004 0.780156
vt 0.944441 0.769131
vt 0.900724 0.759988
vt 0.936461 0.995025
vt 0.880074 0.997653
vt 0.789589 0.353336
vt 0.737576 0.320774
vt 0.459999 0.699940
vt 0.421847 0.911548
vt 0.493482 0.874305
vt 0.334346 0.703269
vt 0.334346 0.906337
vt 0.574509 0.696105
vt 0.570429 0.874521
vt 0.490508 0.948126
vt 0.334346 0.965522
vt 0.365140 0.975937
vt 0.420117 0.965795
vt 0.650541 0.838561
vt 0.643075 0.892767
vt 0.726515 0.817051
vt 0.726515 0.703484
vt 0.726515 0.932364
vt 0.709975 0.959389
vt 0.635989 0.948441
vt 0.695226 0.983366
vt 0.579503 0.979625
vt 0.726515 0.978941
vt 0.572418 0.925007
vt 0.726515 0.610225
vt 0.575486 0.609180
vt 0.574131 0.447552
vt 0.726515 0.445670
vt 0.628909 0.318546
vt 0.561909 0.331279
vt 0.561667 0.289065
vt 0.629838 0.284131
vt 0.681244 0.268659
vt 0.726515 0.308737
vt 0.465542 0.609718
vt 0.497836 0.448231
vt 0.389955 0.608312
vt 0.424485 0.456931
vt 0.334346 0.436815
vt 0.434410 0.332167
vt 0.334346 0.318454
vt 0.382074 0.269755
vt 0.433481 0.285227
vt 0.501409 0.332846
vt 0.501652 0.290161
vt 0.532354 0.423067
vt 0.334346 0.607952
vt 0.079805 0.232283
vt 0.164710 0.210607
vt 0.122523 0.194649
vt 0.082536 0.195321
vt 0.065738 0.163787
vt 0.098907 0.148763
vt 0.061632 0.142152
vt 0.067395 0.121429
vt 0.123677 0.114515
vt 0.175785 0.114562
vt 0.094627 0.115280
vt 0.071940 0.113520
vt 0.035702 0.148111
vt 0.041923 0.132093
vt 0.020229 0.138299
vt 0.026355 0.125859
vt 0.005702 0.131286
vt 0.011940 0.118620
vt 0.124248 0.087244
vt 0.097369 0.085301
vt 0.124231 0.055219
vt 0.098622 0.055224
vt 0.124118 0.033753
vt 0.158367 0.040381
vt 0.164154 0.054336
vt 0.099739 0.035139
vt 0.171577 0.088395
vt 0.192231 0.080816
vt 0.172887 0.036601
vt 0.229659 0.051083
vt 0.207206 0.014433
vt 0.253565 0.037615
vt 0.259273 0.099604
vt 0.295568 0.088781
vt 0.225257 0.005464
vt 0.257519 0.214069
vt 0.210893 0.208562
vt 0.203087 0.112287
vt 0.256732 0.004405
vt 0.275505 0.029551
vt 0.296663 0.056271
vt 0.254448 0.243670
vt 0.287294 0.248875
vt 0.299549 0.220380
vt 0.323300 0.104611
vt 0.343328 0.116239
vt 0.349575 0.166371
vt 0.341191 0.234380
vt 0.379236 0.180734
vt 0.393815 0.198439
vt 0.369935 0.227020
vt 0.383913 0.245331
vt 0.408148 0.211617
vt 0.372524 0.153454
vt 0.406401 0.154959
vt 0.418570 0.170953
vt 0.432503 0.130104
vt 0.445823 0.142555
vt 0.433494 0.180403
vt 0.448844 0.163198
vt 0.412154 0.127150
vt 0.395815 0.139939
vt 0.325332 0.261049
vt 0.344700 0.051550
vt 0.359289 0.070966
vt 0.389947 0.045029
vt 0.374202 0.026325
vt 0.391323 0.064504
vt 0.369359 0.086828
vt 0.352694 0.023153
vt 0.330809 0.036634
vt 0.068269 0.054545
vt 0.088448 0.054365
vt 0.085147 0.033440
vt 0.068311 0.035581
vt 0.069129 0.082960
vt 0.091835 0.081384
vt 0.214759 0.239928
vt 0.170727 0.242683
vt 0.094294 0.262400
vt 0.737783 0.987757
vt 0.737708 0.780107
vt 0.274783 0.263290
vt 0.251897 0.284556
vt 0.265085 0.304716
vt 0.290410 0.280108
vt 0.230808 0.322133
vt 0.234686 0.293532
vt 0.317161 0.315098
vt 0.326877 0.296848
vt 0.247112 0.446506
vt 0.230894 0.421947
vt 0.204488 0.436013
vt 0.200804 0.450038
vt 0.202857 0.296193
vt 0.220949 0.280878
vt 0.186739 0.265822
vt 0.206200 0.254811
vt 0.152216 0.291162
vt 0.194174 0.426648
vt 0.177297 0.438725
vt 0.148125 0.271043
vt 0.109679 0.437051
vt 0.158639 0.453515
vt 0.110675 0.292890
vt 0.130164 0.279394
vt 0.048936 0.787641
vt 0.037433 0.823986
vt 0.095670 0.805101
vt 0.018334 0.795488
vt 0.001309 0.823986
vt 0.001309 0.828672
vt 0.001309 0.805245
vt 0.001309 0.793266
vt 0.072476 0.756292
vt 0.104842 0.722758
vt 0.009703 0.762035
vt 0.001309 0.770446
vt 0.001309 0.745864
vt 0.041600 0.754625
vt 0.045013 0.731461
vt 0.001309 0.728107
vt 0.001309 0.706350
vt 0.045012 0.704329
vt 0.000634 0.640415
vt 0.080537 0.664700
vt 0.172489 0.654188
vt 0.168984 0.731210
vt 0.146949 0.810560
vt 0.044855 0.876465
vt 0.134665 0.883862
vt 0.053879 0.921862
vt 0.230813 0.753236
vt 0.327296 0.709405
vt 0.289853 0.844016
vt 0.198004 0.819694
vt 0.222406 0.906637
vt 0.208321 0.985394
vt 0.032665 0.835220
vt 0.001309 0.884699
vt 0.068912 0.997425
vt 0.136690 0.961832
vt 0.001309 0.847491
vt 0.001309 0.839125
vt 0.041894 0.649915
vt 0.070649 0.583980
vt 0.103642 0.580263
vt 0.049090 0.502723
vt 0.103028 0.449168
vt 0.013527 0.576938
vt 0.001309 0.788851
vt 0.992969 0.987765
vt 0.232379 0.916718
vt 0.282941 0.969753
vt 0.311768 0.908112
vt 0.306313 0.933309
vt 0.220304 0.994415
vt 0.243005 0.989735
vt 0.222758 0.978624
vt 0.468563 0.011307
vt 0.435273 0.011298
s 1
usemtl enemy_tonnel.001
f 619/279/508 620/280/509 621/281/510
f 619/279/508 621/281/510 622/282/511
f 622/282/511 621/281/510 623/283/512
f 622/282/511 623/283/512 624/284/513
f 621/281/510 620/280/509 625/285/514
f 621/281/510 625/285/514 626/286/515
f 623/283/512 621/281/510 626/286/515
f 623/283/512 626/286/515 627/287/516
f 628/288/517 627/287/516 626/286/515
f 628/288/517 626/286/515 629/289/518
f 629/289/518 626/286/515 625/285/514
f 619/279/508 630/290/519 620/280/509
f 622/282/511 624/284/513 631/291/520
f 632/292/521 622/282/511 631/291/520
f 619/279/508 622/282/511 632/292/521
f 632/292/521 631/291/520 633/293/522
f 632/292/521 633/293/522 634/294/523
f 634/294/523 635/295/524 632/292/521
f 619/279/508 632/292/521 635/295/524
f 636/296/525 630/290/519 619/279/508
f 636/296/525 619/279/508 635/295/524
f 636/296/525 637/297/526 630/290/519
f 636/296/525 638/298/527 637/297/526
f 638/298/527 639/299/528 637/297/526
f 640/300/529 638/298/527 636/296/525
f 634/294/523 640/300/529 635/295/524
f 636/296/525 635/295/524 640/300/529
f 640/300/529 641/301/530 638/298/527
f 642/302/531 639/299/528 638/298/527
f 642/302/531 638/298/527 641/301/530
f 643/303/532 630/290/519 637/297/526
f 644/304/533 643/303/532 637/297/526
f 644/304/533 637/297/526 645/305/534
f 637/297/526 639/299/528 645/305/534
f 639/299/528 646/306/535 645/305/534
f 647/307/536 643/303/532 644/304/533
f 647/307/536 648/308/537 643/303/532
f 648/308/537 647/307/536 649/309/538
f 648/308/537 649/309/538 650/310/539
f 651/311/540 648/308/537 650/310/539
f 651/311/540 650/310/539 652/312/541
f 645/305/534 653/313/542 644/304/533
f 645/305/534 654/314/543 653/313/542
f 653/313/542 655/315/544 644/304/533
f 655/315/544 647/307/536 644/304/533
f 655/315/544 656/316/545 647/307/536
f 649/309/538 647/307/536 656/316/545
f 655/315/544 657/317/546 656/316/545
f 648/308/537 651/311/540 620/280/509
f 648/308/537 620/280/509 643/303/532
f 643/303/532 620/280/509 630/290/519
f 620/280/509 651/311/540 658/318/547
f 658/318/547 651/311/540 652/312/541
f 625/285/514 658/318/547 652/312/541
f 625/285/514 620/280/509 658/318/547
f 629/289/518 625/285/514 652/312/541
f 659/319/548 660/320/549 661/321/550
f 660/320/549 662/322/551 661/321/550
f 660/320/549 663/323/552 662/322/551
f 663/323/552 664/324/553 662/322/551
f 663/323/552 665/325/554 664/324/553
f 666/326/555 662/322/551 664/324/553
f 667/327/556 666/326/555 664/324/553
f 666/326/555 668/328/557 662/322/551
f 661/321/550 662/322/551 668/328/557
f 669/329/558 665/325/554 663/323/552
f 670/330/559 669/329/558 663/323/552
f 670/330/559 663/323/552 660/320/549
f 669/329/558 670/330/559 671/331/560
f 669/329/558 671/331/560 672/332/561
f 672/332/561 671/331/560 673/333/562
f 672/332/561 673/333/562 674/334/563
f 675/335/564 672/332/561 674/334/563
f 675/335/564 674/334/563 676/336/565
f 677/337/566 669/329/558 672/332/561
f 677/337/566 672/332/561 675/335/564
f 669/329/558 677/337/566 665/325/554
f 677/337/566 675/335/564 678/338/567
f 678/338/567 675/335/564 676/336/565
f 677/337/566 678/338/567 679/339/568
f 665/325/554 677/337/566 679/339/568
f 678/338/567 676/336/565 680/340/569
f 665/325/554 679/339/568 681/341/570
f 682/342/571 681/341/570 679/339/568
f 682/342/571 683/343/572 681/341/570
f 671/331/560 684/344/573 673/333/562
f 671/331/560 685/345/574 684/344/573
f 671/331/560 670/330/559 686/346/575
f 671/331/560 686/346/575 685/345/574
f 687/347/576 684/344/573 685/345/574
f 686/346/575 687/347/576 685/345/574
f 670/330/559 660/320/549 686/346/575
f 660/320/549 688/348/577 686/346/575
f 660/320/549 689/319/578 688/348/577
f 686/346/575 688/348/577 690/347/579
f 681/341/570 691/349/580 664/324/553
f 681/341/570 664/324/553 665/325/554
f 692/349/581 667/327/556 664/324/553
f 693/349/581 694/350/582 667/327/583
f 695/351/584 696/352/585 697/353/586
f 695/351/584 698/354/587 696/352/585
f 698/354/587 699/355/588 696/352/585
f 697/353/586 700/356/589 695/351/584
f 697/353/586 701/357/590 700/356/589
f 697/353/586 696/352/585 702/358/591
f 696/352/585 699/355/588 703/359/592
f 696/352/585 703/359/592 704/360/593
f 704/360/593 705/361/594 696/352/585
f 696/352/585 705/361/594 702/358/591
f 700/356/589 701/357/590 706/362/595
f 707/363/596 706/362/595 701/357/590
f 707/363/596 708/364/597 706/362/595
f 709/365/598 706/362/595 708/364/597
f 709/365/598 700/356/589 706/362/595
f 710/366/599 708/364/597 707/363/596
f 710/366/599 707/363/596 711/367/600
f 707/363/596 712/368/601 711/367/600
f 711/367/600 712/368/601 713/369/602
f 712/368/601 707/363/596 714/370/603
f 715/371/604 710/366/599 711/367/600
f 716/371/605 711/367/600 713/369/602
f 707/363/596 701/357/590 717/372/606
f 707/363/596 717/372/606 714/370/603
f 717/372/606 701/357/590 697/353/586
f 717/372/606 697/353/586 702/358/591
f 718/370/607 717/372/606 702/358/591
f 712/368/601 719/370/608 713/369/602
f 709/365/598 720/373/609 721/374/610
f 709/365/598 721/374/610 700/356/589
f 720/373/609 722/375/611 721/374/610
f 720/373/609 723/376/612 722/375/611
f 723/376/612 724/377/613 722/375/611
f 725/378/614 722/375/611 724/377/613
f 724/377/613 726/379/615 725/378/614
f 724/377/613 727/380/616 726/379/615
f 728/381/617 727/380/616 724/377/613
f 724/377/613 729/382/618 728/381/617
f 723/376/612 729/382/618 724/377/613
f 695/351/584 700/356/589 721/374/610
f 695/351/584 721/374/610 730/383/619
f 731/384/620 730/383/619 721/374/610
f 731/384/620 721/374/610 722/375/611
f 731/384/620 732/385/621 730/383/619
f 695/351/584 730/383/619 732/385/621
f 731/384/620 733/386/622 732/385/621
f 733/386/622 734/387/623 732/385/621
f 734/387/623 733/386/622 735/388/624
f 735/388/624 733/386/622 731/384/620
f 734/387/623 735/388/624 736/389/625
f 735/388/624 737/390/626 736/389/625
f 735/388/624 738/391/627 737/390/626
f 738/391/627 735/388/624 739/392/628
f 738/391/627 739/392/628 740/393/629
f 695/351/584 732/385/621 698/354/587
f 735/388/624 731/384/620 741/394/630
f 735/388/624 741/394/630 739/392/628
f 698/354/587 732/385/621 742/395/631
f 732/385/621 734/387/623 742/395/631
f 743/396/632 744/397/633 745/398/634
f 746/399/635 743/396/632 745/398/634
f 745/398/634 747/400/636 746/399/635
f 745/398/634 748/401/637 747/400/636
f 747/400/636 748/401/637 749/402/638
f 748/401/637 750/403/639 749/402/638
f 751/404/640 748/401/637 745/398/634
f 745/398/634 752/405/641 751/404/640
f 748/401/637 751/404/640 753/406/642
f 748/401/637 753/406/642 750/403/639
f 753/406/642 754/407/643 750/403/639
f 755/408/644 747/400/636 749/402/638
f 755/408/644 749/402/638 756/409/645
f 757/410/646 755/408/644 756/409/645
f 757/410/646 756/409/645 758/411/647
f 759/412/648 757/410/646 758/411/647
f 759/412/648 758/411/647 760/413/649
f 753/406/642 751/404/640 761/414/650
f 753/406/642 761/414/650 762/415/651
f 762/415/651 761/414/650 763/416/652
f 762/415/651 763/416/652 764/417/653
f 763/416/652 765/418/654 764/417/653
f 766/419/655 765/418/654 763/416/652
f 767/420/656 766/419/655 763/416/652
f 761/414/650 767/420/656 763/416/652
f 765/418/654 768/421/657 764/417/653
f 761/414/650 769/422/658 767/420/656
f 770/423/659 771/424/660 767/420/656
f 772/425/661 771/424/660 770/423/659
f 772/425/661 773/426/662 771/424/660
f 774/427/663 773/426/662 772/425/661
f 775/428/664 774/427/663 772/425/661
f 772/425/661 770/423/659 775/428/664
f 775/428/664 776/429/665 774/427/663
f 774/427/663 777/430/666 773/426/662
f 776/429/665 775/428/664 778/431/667
f 775/428/664 779/432/668 778/431/667
f 775/428/664 780/433/669 779/432/668
f 770/423/659 780/433/669 775/428/664
f 780/433/669 770/423/659 781/422/670
f 782/405/641 780/433/669 781/422/670
f 779/432/668 780/433/669 782/405/641
f 774/427/663 783/434/671 777/430/666
f 774/427/663 784/435/672 783/434/671
f 785/429/673 784/435/672 774/427/663
f 785/429/673 786/436/642 784/435/672
f 744/397/674 779/432/668 782/405/641
f 779/432/668 787/437/675 778/431/667
f 788/438/676 778/431/667 787/437/675
f 788/438/676 789/439/677 778/431/667
f 790/429/678 778/431/667 789/439/677
f 791/440/679 790/429/678 789/439/677
f 789/439/677 792/441/680 791/440/679
f 789/439/677 793/442/681 792/441/680
f 789/439/677 794/443/682 793/442/681
f 788/438/676 794/443/682 789/439/677
f 795/444/683 793/442/681 794/443/682
f 794/443/682 796/445/684 795/444/683
f 794/443/682 797/446/685 796/445/684
f 798/447/686 797/446/685 794/443/682
f 796/445/684 797/446/685 798/447/686
f 796/445/684 798/447/686 799/448/687
f 795/444/683 800/449/688 793/442/681
f 796/445/684 801/450/689 795/444/683
f 796/445/684 802/451/690 801/450/689
f 799/448/687 802/451/690 796/445/684
f 802/451/690 803/452/691 801/450/689
f 802/451/690 804/453/648 803/452/691
f 799/448/687 805/454/692 802/451/690
f 805/454/692 804/453/648 802/451/690
f 805/454/692 806/455/693 804/453/648
f 807/456/694 801/450/689 803/452/691
f 807/456/694 808/457/695 801/450/689
f 808/457/695 800/449/688 795/444/683
f 808/457/695 795/444/683 801/450/689
f 788/438/676 809/458/696 794/443/682
f 810/459/697 811/460/698 812/461/699
f 810/459/697 812/461/699 813/462/700
f 790/429/678 811/460/698 810/459/697
f 790/429/678 791/440/679 811/460/698
f 811/460/698 814/463/701 812/461/699
f 811/460/698 815/464/702 814/463/701
f 791/440/679 815/464/702 811/460/698
f 791/440/679 792/441/680 815/464/702
f 810/459/697 813/462/700 816/465/703
f 810/459/697 816/465/703 817/466/704
f 818/429/705 810/459/697 817/466/704
f 818/429/705 817/466/704 819/436/706
f 820/422/707 770/423/708 821/420/709
f 751/404/640 752/405/641 769/422/710
f 751/404/640 822/422/658 761/414/650
f 823/467/711 824/468/703 825/469/712
f 823/467/711 825/469/712 826/470/713
f 827/471/714 824/468/703 823/467/711
f 827/471/714 828/472/715 824/468/703
f 753/406/642 828/472/715 827/471/714
f 754/407/643 753/406/642 827/471/714
f 744/397/633 829/405/641 745/398/634
f 779/432/668 830/473/716 787/437/675
f 831/397/717 830/473/716 779/432/668
f 831/397/717 832/474/718 830/473/716
f 833/475/719 832/474/718 831/397/717
f 833/475/719 831/397/717 743/396/720
f 834/476/721 835/319/722 661/321/550
f 834/476/721 661/321/550 836/477/723
f 836/477/723 661/321/550 668/328/557
f 837/478/724 838/479/725 839/480/726
f 837/478/724 839/480/726 840/481/727
f 838/479/725 841/482/728 839/480/726
f 838/479/725 842/483/729 841/482/728
f 839/480/726 843/484/730 840/481/727
f 840/481/727 843/484/730 844/485/731
f 839/480/726 845/486/732 843/484/730
f 839/480/726 841/482/728 846/487/733
f 839/480/726 846/487/733 845/486/732
f 847/488/734 845/486/732 846/487/733
f 841/482/728 847/488/734 846/487/733
f 847/488/734 848/489/735 845/486/732
f 841/482/728 849/490/736 847/488/734
f 850/483/737 849/490/736 841/482/728
f 850/483/737 851/491/738 849/490/736
f 851/491/738 852/492/739 849/490/736
f 851/491/738 853/493/740 852/492/739
f 852/492/739 854/494/741 849/490/736
f 849/490/736 855/495/742 847/488/734
f 855/495/742 849/490/736 856/496/743
f 847/488/734 855/495/742 856/496/743
f 847/488/734 856/496/743 848/489/735
f 849/490/736 854/494/741 856/496/743
f 852/492/744 857/497/745 858/494/746
f 859/498/732 860/499/747 861/496/748
f 862/500/749 859/498/732 861/496/748
f 862/500/749 861/496/748 863/494/741
f 864/501/750 862/500/749 863/494/741
f 865/502/751 866/503/752 867/504/753
f 865/502/751 868/505/754 866/503/752
f 868/505/754 869/506/755 866/503/752
f 870/507/756 866/503/752 869/506/755
f 869/506/755 868/505/754 871/508/757
f 871/508/757 868/505/754 872/509/758
f 867/504/753 873/510/759 865/502/751
f 867/504/753 874/511/760 873/510/759
f 868/505/754 865/502/751 875/512/761
f 876/513/762 868/505/754 875/512/761
f 876/513/762 875/512/761 877/514/763
f 865/502/751 878/515/764 875/512/761
f 865/502/751 873/510/759 878/515/764
f 879/516/765 877/514/763 875/512/761
f 875/512/761 878/515/764 879/516/765
f 878/515/764 873/510/759 879/516/765
f 873/510/759 874/511/760 879/516/765
f 877/514/763 879/516/765 880/517/766
f 880/517/766 879/516/765 881/518/767
f 879/516/765 882/519/768 881/518/767
f 874/511/760 882/519/768 879/516/765
f 881/518/767 882/519/768 883/520/769
f 884/521/770 882/519/768 874/511/760
f 884/521/770 874/511/760 885/522/771
f 874/511/760 886/523/772 885/522/771
f 867/504/753 886/523/772 874/511/760
f 867/504/753 887/524/773 886/523/772
f 888/525/774 887/524/773 867/504/753
f 888/525/774 889/526/775 887/524/773
f 888/525/774 890/527/776 889/526/775
f 886/523/772 891/528/777 885/522/771
f 887/524/773 891/528/777 886/523/772
f 892/529/778 885/522/771 891/528/777
f 892/529/778 891/528/777 893/530/779
f 893/530/779 891/528/777 894/531/780
f 889/526/775 894/531/780 887/524/773
f 887/524/773 894/531/780 891/528/777
f 893/530/779 894/531/780 895/532/781
f 889/526/775 896/532/782 894/531/780
f 897/533/783 896/532/782 889/526/775
f 888/525/774 867/504/753 898/534/784
f 899/535/785 888/525/774 898/534/784
f 888/525/774 899/535/785 900/527/786
f 900/527/787 901/536/788 889/526/789
f 901/536/788 902/537/790 889/526/789
f 903/538/791 899/535/785 898/534/784
f 904/539/792 903/538/791 898/534/784
f 905/537/793 906/533/794 889/526/795
f 907/526/796 908/531/797 896/532/798
f 907/526/796 909/524/799 908/531/797
f 910/525/800 909/524/799 907/526/796
f 910/525/800 907/526/796 911/527/801
f 910/525/800 912/504/802 909/524/799
f 912/504/802 913/523/803 909/524/799
f 912/504/802 914/511/804 913/523/803
f 912/504/802 915/510/805 914/511/804
f 912/504/802 916/502/806 915/510/805
f 916/502/806 912/504/802 917/503/807
f 916/502/806 917/503/807 918/505/808
f 918/505/808 917/503/807 919/506/809
f 920/507/810 919/506/809 917/503/807
f 919/506/809 921/508/811 918/505/808
f 921/508/811 922/509/758 918/505/808
f 918/505/808 923/512/812 916/502/806
f 924/513/813 923/512/812 918/505/808
f 924/513/813 925/514/814 923/512/812
f 916/502/806 923/512/812 926/515/815
f 916/502/806 926/515/815 915/510/805
f 927/516/816 923/512/812 925/514/814
f 923/512/812 927/516/816 926/515/815
f 926/515/815 927/516/816 915/510/805
f 915/510/805 927/516/816 914/511/804
f 925/514/814 928/517/817 927/516/816
f 928/517/817 929/518/818 927/516/816
f 927/516/816 929/518/818 930/519/819
f 914/511/804 927/516/816 930/519/819
f 931/521/820 914/511/804 930/519/819
f 931/521/820 932/522/821 914/511/804
f 914/511/804 932/522/821 913/523/803
f 913/523/803 932/522/821 933/528/822
f 934/529/778 933/528/822 932/522/821
f 934/529/778 935/530/823 933/528/822
f 935/530/823 908/531/797 933/528/822
f 935/530/823 936/532/824 908/531/797
f 909/524/799 913/523/803 933/528/822
f 909/524/799 933/528/822 908/531/797
f 931/521/820 930/519/819 937/540/825
f 937/540/825 938/541/826 931/521/820
f 931/521/820 938/541/826 939/542/827
f 939/542/827 938/541/826 940/543/828
f 940/543/828 941/544/778 939/542/827
f 937/540/825 930/519/819 942/520/829
f 938/541/826 937/540/825 942/520/829
f 929/518/818 942/520/829 930/519/819
f 938/541/826 942/520/829 943/545/830
f 944/543/828 938/541/826 943/545/830
f 945/543/828 946/542/831 941/544/778
f 946/542/831 945/543/828 947/541/832
f 884/521/770 946/542/831 947/541/832
f 948/540/833 884/521/770 947/541/832
f 884/521/770 948/540/833 882/519/768
f 948/540/833 883/520/769 882/519/768
f 947/541/832 883/520/769 948/540/833
f 947/541/832 949/545/834 883/520/769
f 950/543/835 949/545/834 947/541/832
f 951/509/836 868/505/754 952/546/837
f 868/505/754 953/513/838 952/546/837
f 951/509/836 952/546/837 918/505/808
f 918/505/808 952/546/837 953/513/838
f 954/347/576 955/547/839 684/344/723
f 956/548/840 957/549/841 958/550/842
f 957/549/841 959/551/843 958/550/842
f 960/552/844 961/553/845 962/554/846
f 961/553/845 963/549/847 962/554/846
f 964/548/848 962/554/846 963/549/847
f 965/555/849 966/556/850 639/299/528
f 642/302/531 965/555/849 639/299/528
f 966/556/850 646/306/535 639/299/528
f 967/279/851 968/282/852 969/281/853
f 967/279/851 969/281/853 970/280/854
f 968/282/852 971/283/855 969/281/853
f 968/282/852 972/284/856 971/283/855
f 969/281/853 973/285/857 970/280/854
f 969/281/853 974/286/858 973/285/857
f 971/283/855 974/286/858 969/281/853
f 971/283/855 975/287/859 974/286/858
f 976/288/860 974/286/858 975/287/859
f 976/288/860 977/289/861 974/286/858
f 977/289/861 973/285/857 974/286/858
f 967/279/851 970/280/854 978/290/862
f 968/282/852 979/291/863 972/284/856
f 980/292/864 979/291/863 968/282/852
f 967/279/851 980/292/864 968/282/852
f 980/292/864 981/293/865 979/291/863
f 980/292/864 982/294/866 981/293/865
f 982/294/866 980/292/864 983/295/867
f 967/279/851 983/295/867 980/292/864
f 984/296/868 983/295/867 967/279/851
f 984/296/868 967/279/851 978/290/862
f 984/296/868 978/290/862 985/297/869
f 984/296/868 985/297/869 986/298/870
f 986/298/870 985/297/869 987/299/871
f 988/300/872 984/296/868 986/298/870
f 982/294/866 983/295/867 988/300/872
f 984/296/868 988/300/872 983/295/867
f 988/300/872 986/298/870 989/301/873
f 990/302/874 986/298/870 987/299/871
f 990/302/874 989/301/873 986/298/870
f 991/303/875 985/297/869 978/290/862
f 992/304/876 985/297/869 991/303/875
f 992/304/876 993/305/877 985/297/869
f 985/297/869 993/305/877 987/299/871
f 987/299/871 993/305/877 994/306/878
f 995/307/879 992/304/876 991/303/875
f 995/307/879 991/303/875 996/308/880
f 996/308/880 997/309/881 995/307/879
f 996/308/880 998/310/882 997/309/881
f 999/311/883 998/310/882 996/308/880
f 999/311/883 1000/312/884 998/310/882
f 993/305/877 992/304/876 1001/313/885
f 993/305/877 1001/313/885 1002/314/886
f 1001/313/885 992/304/876 1003/315/887
f 1003/315/887 992/304/876 995/307/879
f 1003/315/887 995/307/879 1004/316/888
f 997/309/881 1004/316/888 995/307/879
f 1003/315/887 1004/316/888 1005/317/889
f 996/308/880 970/280/854 999/311/883
f 996/308/880 991/303/875 970/280/854
f 991/303/875 978/290/862 970/280/854
f 970/280/854 1006/318/890 999/311/883
f 1006/318/890 1000/312/884 999/311/883
f 973/285/857 1000/312/884 1006/318/890
f 973/285/857 1006/318/890 970/280/854
f 977/289/861 1000/312/884 973/285/857
f 1007/319/891 1008/321/892 1009/320/893
f 1009/320/893 1008/321/892 1010/322/894
f 1009/320/893 1010/322/894 1011/323/895
f 1011/323/895 1010/322/894 1012/324/896
f 1011/323/895 1012/324/896 1013/325/897
f 1014/326/898 1012/324/896 1010/322/894
f 1015/327/899 1012/324/896 1014/326/898
f 1014/326/898 1010/322/894 1016/328/900
f 1008/321/892 1016/328/900 1010/322/894
f 1017/329/901 1011/323/895 1013/325/897
f 1018/330/902 1011/323/895 1017/329/901
f 1018/330/902 1009/320/893 1011/323/895
f 1017/329/901 1019/331/903 1018/330/902
f 1017/329/901 1020/332/904 1019/331/903
f 1020/332/904 1021/333/905 1019/331/903
f 1020/332/904 1022/334/906 1021/333/905
f 1023/335/907 1022/334/906 1020/332/904
f 1023/335/907 1024/336/908 1022/334/906
f 1025/337/909 1023/335/907 1020/332/904
f 1025/337/909 1020/332/904 1017/329/901
f 1017/329/901 1013/325/897 1025/337/909
f 1025/337/909 1026/338/910 1023/335/907
f 1026/338/910 1024/336/908 1023/335/907
f 1025/337/909 1027/339/911 1026/338/910
f 1013/325/897 1027/339/911 1025/337/909
f 1026/338/910 1028/340/912 1024/336/908
f 1013/325/897 1029/341/913 1027/339/911
f 1019/331/903 1021/333/905 1030/344/914
f 1019/331/903 1030/344/914 1031/345/915
f 1019/331/903 1032/346/916 1018/330/902
f 1019/331/903 1031/345/915 1032/346/916
f 1033/347/917 1031/345/915 1030/344/914
f 1032/346/916 1031/345/915 1033/347/917
f 1018/330/902 1032/346/916 1009/320/893
f 1009/320/893 1032/346/916 1034/348/918
f 1009/320/893 1034/348/918 1035/319/919
f 1032/346/916 1036/347/920 1034/348/918
f 1037/342/921 1027/339/922 1038/341/923
f 1037/342/921 1038/341/923 1039/343/924
f 1029/341/913 1012/324/896 1040/349/925
f 1029/341/913 1013/325/897 1012/324/896
f 1041/349/926 1012/324/896 1015/327/899
f 1042/349/927 1015/327/928 1043/350/929
f 1044/351/930 1045/353/931 1046/352/932
f 1044/351/930 1046/352/932 1047/354/933
f 1047/354/933 1046/352/932 1048/355/934
f 1045/353/931 1044/351/930 1049/356/935
f 1045/353/931 1049/356/935 1050/357/936
f 1046/352/932 1045/353/931 1051/358/937
f 1046/352/932 1051/358/937 1052/361/938
f 1053/360/939 1046/352/932 1052/361/938
f 1046/352/932 1054/359/940 1048/355/934
f 1046/352/932 1053/360/939 1054/359/940
f 1055/372/941 1051/358/937 1045/353/931
f 1055/372/941 1045/353/931 1050/357/936
f 1056/370/942 1051/358/937 1055/372/941
f 1057/363/943 1055/372/941 1050/357/936
f 1055/372/941 1057/363/943 1058/370/944
f 1057/363/943 1050/357/936 1059/362/945
f 1049/356/935 1059/362/945 1050/357/936
f 1057/363/943 1059/362/945 1060/364/946
f 1061/365/947 1060/364/946 1059/362/945
f 1061/365/947 1059/362/945 1049/356/935
f 1062/366/948 1057/363/943 1060/364/946
f 1062/366/948 1063/367/949 1057/363/943
f 1057/363/943 1063/367/949 1064/368/950
f 1057/363/943 1064/368/950 1058/370/944
f 1064/368/950 1063/367/949 1065/369/951
f 1066/370/952 1064/368/950 1065/369/951
f 1067/371/953 1063/367/949 1062/366/948
f 1068/371/954 1065/369/951 1063/367/949
f 1061/365/947 1049/356/935 1069/374/955
f 1061/365/947 1069/374/955 1070/373/956
f 1070/373/956 1069/374/955 1071/375/957
f 1070/373/956 1071/375/957 1072/376/958
f 1072/376/958 1071/375/957 1073/377/959
f 1074/378/960 1073/377/959 1071/375/957
f 1073/377/959 1074/378/960 1075/379/961
f 1073/377/959 1075/379/961 1076/380/962
f 1077/381/963 1073/377/959 1076/380/962
f 1073/377/959 1077/381/963 1078/382/964
f 1072/376/958 1073/377/959 1078/382/964
f 1044/351/930 1069/374/955 1049/356/935
f 1044/351/930 1079/383/965 1069/374/955
f 1080/384/966 1071/375/957 1069/374/955
f 1080/384/966 1069/374/955 1079/383/965
f 1080/384/966 1079/383/965 1081/385/967
f 1044/351/930 1081/385/967 1079/383/965
f 1080/384/966 1081/385/967 1082/386/968
f 1082/386/968 1081/385/967 1083/387/969
f 1083/387/969 1084/388/970 1082/386/968
f 1084/388/970 1080/384/966 1082/386/968
f 1083/387/969 1085/389/971 1084/388/970
f 1084/388/970 1085/389/971 1086/390/972
f 1084/388/970 1086/390/972 1087/391/973
f 1087/391/973 1088/392/974 1084/388/970
f 1087/391/973 1089/393/975 1088/392/974
f 1044/351/930 1047/354/933 1081/385/967
f 1084/388/970 1090/394/976 1080/384/966
f 1084/388/970 1088/392/974 1090/394/976
f 1047/354/933 1091/395/977 1081/385/967
f 1081/385/967 1091/395/977 1083/387/969
f 1092/396/978 1093/398/979 1094/397/980
f 1095/399/981 1093/398/979 1092/396/978
f 1093/398/979 1095/399/981 1096/400/982
f 1093/398/979 1096/400/982 1097/401/983
f 1096/400/982 1098/402/984 1097/401/983
f 1097/401/983 1098/402/984 1099/403/985
f 1100/404/986 1093/398/979 1097/401/983
f 1093/398/979 1100/404/986 1101/405/987
f 1097/401/983 1102/406/988 1100/404/986
f 1097/401/983 1099/403/985 1102/406/988
f 1102/406/988 1099/403/985 1103/407/989
f 1104/408/990 1098/402/984 1096/400/982
f 1104/408/990 1105/409/991 1098/402/984
f 1106/410/992 1105/409/991 1104/408/990
f 1106/410/992 1107/411/993 1105/409/991
f 1108/412/994 1107/411/993 1106/410/992
f 1108/412/994 1109/413/995 1107/411/993
f 1102/406/988 1110/414/996 1100/404/986
f 1102/406/988 1111/415/997 1110/414/996
f 1111/415/997 1112/416/998 1110/414/996
f 1111/415/997 1113/417/999 1112/416/998
f 1112/416/998 1113/417/999 1114/418/1000
f 1115/419/1001 1112/416/998 1114/418/1000
f 1116/420/1002 1112/416/998 1115/419/1001
f 1110/414/996 1112/416/998 1116/420/1002
f 1114/418/1000 1113/417/999 1117/421/1003
f 1110/414/996 1116/420/1002 1118/422/1004
f 1119/423/1005 1116/420/1006 1120/424/1001
f 1121/425/1007 1119/423/1005 1120/424/1001
f 1121/425/1007 1120/424/1001 1122/426/1008
f 1123/427/1009 1121/425/1007 1122/426/1008
f 1124/428/1010 1121/425/1007 1123/427/1009
f 1121/425/1007 1124/428/1010 1119/423/1005
f 1124/428/1010 1123/427/1009 1125/429/1011
f 1123/427/1009 1122/426/1008 1126/430/1012
f 1125/429/1011 1127/431/1013 1124/428/1010
f 1124/428/1010 1127/431/1013 1128/432/1014
f 1124/428/1010 1128/432/1014 1129/433/1015
f 1119/423/1005 1124/428/1010 1129/433/1015
f 1129/433/1015 1130/422/1016 1119/423/1005
f 1131/405/1017 1130/422/1016 1129/433/1015
f 1128/432/1014 1131/405/1017 1129/433/1015
f 1123/427/1009 1126/430/1012 1132/434/999
f 1123/427/1009 1132/434/999 1133/435/1018
f 1134/429/1019 1123/427/1009 1133/435/1018
f 1134/429/1019 1133/435/1018 1135/436/1020
f 1094/397/1021 1131/405/1017 1128/432/1014
f 1128/432/1014 1127/431/1013 1136/437/1022
f 1137/438/1023 1136/437/1022 1127/431/1013
f 1137/438/1023 1127/431/1013 1138/439/1024
f 1139/429/1025 1138/439/1024 1127/431/1013
f 1140/440/1026 1138/439/1024 1139/429/1025
f 1138/439/1024 1140/440/1026 1141/441/989
f 1138/439/1024 1141/441/989 1142/442/1027
f 1138/439/1024 1142/442/1027 1143/443/1028
f 1137/438/1023 1138/439/1024 1143/443/1028
f 1144/444/1029 1143/443/1028 1142/442/1027
f 1143/443/1028 1144/444/1029 1145/445/1030
f 1143/443/1028 1145/445/1030 1146/446/1031
f 1147/447/1032 1143/443/1028 1146/446/1031
f 1145/445/1030 1147/447/1032 1146/446/1031
f 1145/445/1030 1148/448/1033 1147/447/1032
f 1144/444/1029 1142/442/1027 1149/449/1034
f 1145/445/1030 1144/444/1029 1150/450/1035
f 1145/445/1030 1150/450/1035 1151/451/1036
f 1148/448/1033 1145/445/1030 1151/451/1036
f 1151/451/1036 1150/450/1035 1152/452/1037
f 1151/451/1036 1152/452/1037 1153/453/1038
f 1148/448/1033 1151/451/1036 1154/454/1039
f 1154/454/1039 1151/451/1036 1153/453/1038
f 1154/454/1039 1153/453/1038 1155/455/1040
f 1156/456/1041 1152/452/1037 1150/450/1035
f 1156/456/1041 1150/450/1035 1157/457/1042
f 1157/457/1042 1150/450/1035 1144/444/1029
f 1157/457/1042 1144/444/1029 1149/449/1034
f 1137/438/1023 1143/443/1028 1158/458/1043
f 1159/459/1044 1160/461/1045 1161/460/1046
f 1159/459/1044 1162/462/1047 1160/461/1045
f 1139/429/1025 1159/459/1044 1161/460/1046
f 1139/429/1025 1161/460/1046 1140/440/1026
f 1161/460/1046 1160/461/1045 1163/463/1048
f 1161/460/1046 1163/463/1048 1164/464/1049
f 1140/440/1026 1161/460/1046 1164/464/1049
f 1140/440/1026 1164/464/1049 1141/441/989
f 1159/459/1044 1165/465/1050 1162/462/1047
f 1159/459/1044 1166/466/1051 1165/465/1050
f 1167/429/1052 1166/466/1051 1159/459/1044
f 1167/429/1052 1168/436/1053 1166/466/1051
f 1169/422/1054 1170/420/1055 1119/423/1056
f 1100/404/986 1118/422/1016 1101/405/987
f 1100/404/986 1110/414/996 1171/422/1057
f 1172/467/1058 1173/469/1059 1174/468/1060
f 1172/467/1058 1175/470/1061 1173/469/1059
f 1176/471/1062 1172/467/1058 1174/468/1060
f 1176/471/1062 1174/468/1060 1177/472/1063
f 1102/406/988 1176/471/1062 1177/472/1063
f 1103/407/989 1176/471/1062 1102/406/988
f 1094/397/980 1093/398/979 1178/405/1064
f 1094/397/1021 1128/432/1014 1179/473/1065
f 1128/432/1014 1136/437/1022 1179/473/1065
f 1180/397/1066 1179/473/1067 1181/474/1068
f 1182/475/1069 1180/397/1066 1181/474/1068
f 1182/475/1069 1092/396/1070 1180/397/1066
f 1183/476/1071 1008/321/892 1184/319/891
f 1183/476/1071 1185/477/1072 1008/321/892
f 1185/477/1072 1016/328/900 1008/321/892
f 1186/478/1073 1187/481/1074 1188/480/1075
f 1186/478/1073 1188/480/1075 1189/479/1076
f 1189/479/1076 1188/480/1075 1190/482/1077
f 1189/479/1076 1190/482/1077 1191/483/1078
f 1188/480/1075 1187/481/1074 1192/484/1079
f 1187/481/1074 1193/485/1080 1192/484/1079
f 1188/480/1075 1192/484/1079 1194/486/1081
f 1188/480/1075 1195/487/1082 1190/482/1077
f 1188/480/1075 1194/486/1081 1195/487/1082
f 1196/488/1083 1195/487/1082 1194/486/1081
f 1190/482/1077 1195/487/1082 1196/488/1083
f 1196/488/1083 1194/486/1081 1197/489/1084
f 1190/482/1077 1196/488/1083 1198/490/1085
f 1199/483/1086 1190/482/1077 1198/490/1085
f 1199/483/1086 1198/490/1085 1200/491/1087
f 1200/491/1087 1198/490/1085 1201/492/1088
f 1200/491/1087 1201/492/1088 1202/493/1089
f 1201/492/1088 1198/490/1085 1203/494/1090
f 1198/490/1085 1196/488/1083 1204/495/1091
f 1204/495/1091 1205/496/1092 1198/490/1085
f 1196/488/1083 1205/496/1092 1204/495/1091
f 1196/488/1083 1197/489/1084 1205/496/1092
f 1198/490/1085 1205/496/1092 1203/494/1090
f 1201/492/1093 1206/494/1094 1207/497/1095
f 1208/498/1096 1209/496/1097 1210/499/1098
f 1211/500/1099 1209/496/1097 1208/498/1096
f 1211/500/1099 1212/494/1090 1209/496/1097
f 1213/501/1095 1212/494/1090 1211/500/1099
f 910/525/800 1214/527/786 1215/535/785
f 1215/535/785 1216/534/1100 910/525/800
f 1217/538/791 1216/534/1100 1215/535/785
f 1218/539/1101 1216/534/1100 1217/538/791
f 910/525/800 1216/534/1100 912/504/802
f 1214/527/1102 907/526/1103 1219/536/1104
f 1219/536/1104 907/526/1103 1220/537/1105
f 1221/537/1106 907/526/1107 1222/533/1108
f 1223/533/1109 907/526/796 896/532/798
f 1224/347/917 1030/344/1072 1225/547/1110
f 1226/548/1111 1227/550/1112 1228/549/1113
f 1228/549/1113 1227/550/1112 1229/551/1114
f 1230/552/1115 1231/554/1116 1232/553/1117
f 1232/553/1117 1231/554/1116 1233/549/1118
f 1234/548/1119 1233/549/1118 1231/554/1116
f 1235/555/1120 987/299/871 1236/556/1121
f 990/302/874 987/299/871 1235/555/1120
f 1236/556/1121 987/299/871 994/306/878
