# Blender 5.1.2
# www.blender.org
mtllib monstro0020.mtl
o Object_33
v 4.565014 -132.905014 81.523972
v 4.338254 -132.559113 81.425369
v 6.325670 -132.440353 81.552483
v 6.325670 -132.918106 81.552483
v 7.102668 -132.467285 81.580780
v 7.102668 -132.936066 81.580780
v 4.604606 -132.289001 81.881615
v 5.673593 -132.345871 81.938492
v 7.098910 -132.480667 81.850616
v 7.098910 -132.718765 81.968033
v 5.673593 -132.678268 82.065178
v 4.188889 -132.890106 81.536995
v 7.098910 -132.925232 81.850616
v 5.354472 -133.015778 81.832832
v 7.098910 -132.718765 81.968033
v 5.673593 -132.678268 82.065178
v 4.604605 -132.949631 81.941986
v 4.228481 -132.949234 81.966881
v 2.392396 -133.100464 81.685524
v 3.052271 -133.067551 82.195854
v 1.939022 -133.067551 82.412827
v 4.416542 -132.597885 82.148407
v 3.241556 -132.678268 82.294983
v 2.372585 -132.678268 82.496277
v 2.392396 -132.244522 81.606728
v 1.900582 -132.319397 81.549591
v 1.900582 -133.096832 81.549591
v 1.605497 -133.076324 82.409904
v 1.939022 -132.346130 82.464088
v 3.052271 -132.289001 82.107231
v 2.372585 -132.678268 82.496277
v 3.241556 -132.678268 82.294983
v 4.151087 -132.272736 81.893082
v 4.416542 -132.597885 82.148407
v 1.633513 -132.371201 81.323006
v 1.526906 -133.167282 81.323006
v 1.605497 -132.325760 82.426895
v 1.942397 -132.678268 82.536102
v 1.607806 -132.678268 82.516968
v 4.379998 -132.272202 81.886894
v 0.619154 -132.449768 68.875793
v 0.414365 -132.308167 71.593933
v 0.935154 -132.266754 71.382149
v 0.993650 -132.513153 73.058838
v 0.487022 -132.523544 72.977684
v 0.994998 -132.511032 73.598366
v 0.464458 -132.539154 73.509979
v 1.172612 -133.127411 73.350433
v 1.172613 -133.171326 73.623421
v 1.172612 -133.095306 73.087509
v 0.308060 -133.138672 73.254631
v 0.308060 -133.095306 72.949013
v 0.740336 -133.327408 73.018265
v 0.740336 -133.369629 73.285431
v 1.172612 -133.095306 73.087509
v 1.172612 -133.127411 73.350433
v 0.740337 -133.412094 73.554169
v 1.172613 -133.171326 73.623421
v 0.308061 -133.171326 73.484924
v 0.830301 -133.629517 76.088402
v 0.306055 -133.237137 76.277496
v 1.230235 -133.237137 76.416039
v 0.334208 -132.405548 76.120567
v 0.012404 -133.560760 76.376801
v 0.012404 -132.527084 76.250900
v 1.165215 -132.951279 71.227577
v 0.715179 -133.245193 71.333466
v 0.333095 -132.951279 71.439354
v 0.619154 -133.154327 68.875793
v 0.372845 -132.879669 68.875793
v 0.619154 -132.449768 68.875793
v 0.619154 -133.154327 68.875793
v 1.294992 -132.310837 76.166573
v 1.294992 -132.310837 76.166573
v 1.294992 -132.310837 76.166573
v 1.230235 -133.237137 76.416039
v 0.968926 -133.528076 78.856369
v 0.846803 -133.735321 77.065964
v 1.250908 -133.261337 77.246635
v 0.012404 -134.118225 78.877609
v 0.012404 -133.861694 76.941177
v 1.115779 -132.679794 78.887535
v 1.245259 -132.425232 77.246635
v 1.230235 -133.237137 76.416039
v 0.012404 -133.560760 76.376801
v 0.306055 -133.237137 76.277496
v 0.830301 -133.629517 76.088402
v 0.760325 -132.216232 77.589539
v 0.831511 -132.105301 77.072639
v 0.012404 -132.278580 77.794662
v 0.012404 -132.310715 78.877609
v 0.012404 -132.254700 76.695053
v 0.193570 -132.208344 76.437347
v 0.899084 -132.132019 76.541748
v 0.334208 -132.405548 76.120567
v 1.294992 -132.310837 76.166573
v 0.012404 -132.527084 76.250900
v 0.012404 -132.527084 76.250900
v 1.280284 -132.421356 77.007362
v 1.294992 -132.310837 76.166573
v 1.294992 -132.310837 76.166573
v 0.012404 -132.197815 79.766899
v 1.178962 -132.571777 79.716705
v 1.633513 -132.371201 81.323006
v 0.012404 -131.796722 81.336067
v 0.966596 -132.178238 82.548309
v 1.605497 -132.325760 82.426895
v 1.607806 -132.678268 82.516968
v 0.957743 -132.678268 82.564018
v 0.467534 -132.733658 82.711540
v 0.012404 -132.288986 82.641838
v 1.050097 -133.475220 79.716705
v 1.526906 -133.167282 81.323006
v 0.542687 -133.922379 79.783081
v 0.871952 -133.728806 81.226639
v 0.012404 -133.906128 81.418457
v 0.966596 -133.067551 82.416367
v 0.012404 -133.111694 82.547127
v 0.467534 -132.733658 82.711540
v 0.957743 -132.678268 82.564018
v 1.605497 -133.076324 82.409904
v 1.607806 -132.678268 82.516968
v 1.900582 -133.096832 81.549591
v 0.012404 -134.090424 79.786514
v 7.304121 -132.976486 81.539520
v 7.304121 -132.432266 81.539520
v 7.452557 -132.662125 81.548004
v 7.471015 -132.844849 81.398323
v 7.696621 -132.936188 81.390800
v 7.722791 -132.771652 81.550415
v 7.814222 -132.987167 81.503250
v 7.732298 -133.018936 81.643456
v 7.998094 -132.651062 81.764587
v 7.924614 -132.317245 81.640755
v 8.008974 -132.868790 81.784622
v 8.016235 -133.040833 81.797997
v 7.952839 -132.976318 81.351234
v 7.976388 -133.031403 81.470039
v 8.094219 -132.966843 81.358345
v 8.104343 -133.019913 81.451134
v 8.187252 -133.033829 81.308746
v 8.197563 -133.087860 81.403229
v 8.153023 -132.647873 81.636078
v 8.201752 -132.844437 81.635910
v 8.200872 -132.660660 81.448280
v 8.219378 -132.841660 81.454140
v 8.336580 -132.645706 81.376869
v 8.252338 -132.421677 81.386719
v 8.151924 -132.412354 81.434792
v 8.352680 -132.813370 81.379700
v 8.087557 -132.318771 81.625534
v 8.194149 -132.314926 81.691910
v 8.252338 -132.421677 81.386719
v 8.348555 -132.648483 81.680092
v 8.336580 -132.645706 81.376869
v 8.341963 -132.848007 81.679138
v 8.046482 -132.672836 81.948761
v 8.044224 -132.872360 81.942497
v 8.352680 -132.813370 81.379700
v 7.304121 -132.709824 81.981804
v 7.304121 -132.432266 81.840729
v 7.963366 -132.302612 81.818100
v 8.087557 -132.318771 81.625534
v 7.924614 -132.317245 81.640755
v 8.219378 -132.841660 81.454140
v 8.201752 -132.844437 81.635910
v 8.044224 -132.872360 81.942497
v 8.008974 -132.868790 81.784622
v 7.098910 -132.718765 81.968033
v 7.098910 -132.925232 81.850616
v 7.304121 -132.976486 81.828369
v 8.044224 -132.872360 81.942497
v 8.042400 -133.033569 81.937431
v 8.016235 -133.040833 81.797997
v 7.732298 -133.018936 81.643456
v 7.304121 -132.976486 81.539520
v 7.704122 -133.117828 81.460487
v 7.670760 -133.044693 81.334610
v 7.422751 -132.983292 81.389915
v 7.471015 -132.844849 81.398323
v 7.696621 -132.936188 81.390800
v 7.814222 -132.987167 81.503250
v 7.961060 -133.152039 81.418671
v 7.930259 -133.077530 81.288940
v 8.197563 -133.087860 81.403229
v 8.187252 -133.033829 81.308746
v 7.952839 -132.976318 81.351234
v 8.094219 -132.966843 81.358345
v 8.104343 -133.019913 81.451134
v 7.976388 -133.031403 81.470039
v 7.102668 -132.936066 81.580780
v 8.393637 -132.844879 81.783943
v 8.388773 -133.006104 81.781639
v 8.486700 -132.989838 81.489441
v 8.490694 -132.861145 81.487854
v 8.346937 -133.003601 81.520737
v 8.271900 -133.013351 81.701218
v 8.335295 -132.851074 81.527557
v 8.257322 -132.841324 81.696854
v 8.044224 -132.872360 81.942497
v 8.008974 -132.868790 81.784622
v 8.087557 -132.318771 81.625534
v 8.151924 -132.412354 81.434792
v 8.087557 -132.318771 81.625534
v 8.346937 -133.003601 81.520737
v 8.335295 -132.851074 81.527557
v 8.490694 -132.861145 81.487854
v 8.486700 -132.989838 81.489441
v 8.271900 -133.013351 81.701218
v 8.257322 -132.841324 81.696854
v 7.924614 -132.317245 81.640755
v 7.098910 -132.480667 81.850616
v 7.304121 -132.432266 81.539520
v 7.102668 -132.467285 81.580780
v 7.102668 -132.936066 81.580780
v 0.881024 -132.879669 68.875793
v 0.619154 -132.449768 68.875793
v 1.165215 -132.951279 71.227577
v 0.619154 -132.449768 68.875793
v 0.881024 -132.879669 68.875793
v 0.881024 -132.879669 68.505905
v 0.619154 -132.449768 68.505905
v 0.619154 -133.228241 68.523651
v 0.619154 -133.154327 68.875793
v 0.905084 -132.523376 67.862648
v 0.619154 -132.354263 67.868217
v 1.063068 -134.537628 67.862648
v 0.780535 -134.328842 68.173485
v 0.426572 -134.625900 68.047722
v 0.394534 -134.811234 67.910217
v 0.357284 -132.879669 68.505905
v 0.619154 -133.154327 68.875793
v 0.372845 -132.879669 68.875793
v 0.619154 -132.449768 68.505905
v 0.619154 -132.449768 68.875793
v 0.336893 -132.543274 67.862648
v 0.265768 -134.507355 68.073181
v 0.130052 -134.634689 67.862648
v 0.619154 -132.354263 67.868217
v 0.336893 -132.543274 67.862648
v 1.063068 -134.537628 67.862648
v 0.394534 -134.811234 67.910217
v 0.130052 -134.634689 67.862648
v 0.905084 -132.523376 67.862648
v 0.336893 -132.543274 67.862648
v 0.619154 -132.354263 67.868217
v 0.405199 -133.561996 83.966873
v 0.310331 -133.536453 83.667122
v 0.704464 -133.208313 83.822868
v 0.152816 -133.639984 83.902161
v 0.012404 -133.697296 83.667122
v 0.012404 -133.636566 83.628479
v 0.012404 -133.675201 83.821686
v 0.012404 -133.802536 83.920486
v 0.599341 -133.406342 84.225418
v 0.780101 -133.212219 84.501984
v 0.081631 -133.638153 84.178062
v 0.012404 -133.712006 84.108688
v 0.012404 -133.653183 84.311424
v 0.344696 -133.614853 84.239166
v 0.372842 -133.648376 84.430214
v 0.012404 -133.688522 84.457870
v 0.012404 -133.677429 84.637306
v 0.372842 -133.629730 84.653969
v 0.012404 -133.404358 85.181091
v 0.644279 -133.357361 84.980812
v 0.668668 -132.680145 85.130341
v 0.829423 -132.693283 84.495117
v 0.676726 -132.778183 83.826881
v 0.350000 -133.358963 83.234306
v 0.458957 -132.767426 83.215637
v 0.012404 -133.099030 83.176239
v 0.674152 -132.173843 84.400513
v 0.012404 -131.828552 84.815338
v 0.012404 -131.939865 83.860649
v 0.644992 -132.369202 83.821320
v 0.012404 -132.351837 83.319336
v 0.012404 -132.351837 83.319336
v 0.012404 -132.288986 82.641838
v 0.271007 -133.516525 83.574463
v 0.012404 -133.580765 83.166397
v 0.012404 -133.099030 83.176239
v 0.012404 -133.111694 82.547127
v 0.467534 -132.733658 82.711540
v 0.012404 -133.640717 83.473259
v 0.012404 -133.613129 83.542259
v 0.467534 -132.733658 82.711540
v 0.012404 -132.288986 82.641838
v -0.434149 -132.767426 83.215637
v -0.620183 -132.369202 83.821320
v -0.651917 -132.778183 83.826881
v -0.325192 -133.358963 83.234306
v 0.012404 -133.099030 83.176239
v -0.679655 -133.208313 83.822868
v -0.804614 -132.693283 84.495117
v -0.755293 -133.212219 84.501984
v -0.574532 -133.406342 84.225418
v -0.380390 -133.561996 83.966873
v -0.285523 -133.536453 83.667122
v -0.128008 -133.639984 83.902161
v 0.012404 -133.697296 83.667122
v 0.012404 -133.636566 83.628479
v 0.012404 -133.675201 83.821686
v 0.012404 -133.802536 83.920486
v -0.056822 -133.638153 84.178062
v 0.012404 -133.712006 84.108688
v 0.012404 -133.653183 84.311424
v -0.319888 -133.614853 84.239166
v -0.348034 -133.648376 84.430214
v 0.012404 -133.688522 84.457870
v 0.012404 -133.677429 84.637306
v -0.348034 -133.629730 84.653969
v -0.619471 -133.357361 84.980812
v -0.643859 -132.680145 85.130341
v -0.649343 -132.173843 84.400513
v 0.012404 -131.828552 84.815338
v 0.012404 -131.939865 83.860649
v 0.012404 -132.351837 83.319336
v -0.322313 -133.379333 85.102745
v -0.459236 -132.805405 85.302948
v -0.643859 -132.680145 85.130341
v 0.012404 -132.245300 85.295799
v 0.012404 -131.828552 84.815338
v 0.012404 -133.404358 85.181091
v 0.012404 -132.919510 85.405190
v 0.012404 -132.245300 85.295799
v 0.012404 -132.245300 85.295799
v 0.668668 -132.680145 85.130341
v 0.484045 -132.805405 85.302948
v 0.347122 -133.379333 85.102745
v 0.012404 -132.919510 85.405190
v 0.012404 -132.245300 85.295799
v 0.012404 -133.802536 83.920486
v 0.012404 -133.805237 83.956894
v 0.012404 -133.712006 84.108688
v 0.619154 -133.154327 68.875793
v 0.881024 -132.879669 68.875793
v 0.012404 -132.676636 83.603111
v 0.704464 -133.208313 83.822868
v 0.012404 -133.636566 83.628479
v 0.310331 -133.536453 83.667122
v 0.012404 -133.613129 83.542259
v 0.271007 -133.516525 83.574463
v 0.012404 -133.422791 83.322845
v 0.704464 -133.208313 83.822868
v 0.012404 -132.676636 83.603111
v 1.942397 -132.678268 82.536102
v 1.607806 -132.678268 82.516968
v -4.540206 -132.904984 81.523941
v -6.300860 -132.918076 81.552452
v -6.300860 -132.440323 81.552452
v -4.313445 -132.559067 81.425354
v -7.077860 -132.467255 81.580750
v -7.077861 -132.936035 81.580750
v -4.579795 -132.288956 81.881599
v -5.648786 -132.345840 81.938461
v -7.074100 -132.480637 81.850586
v -7.074100 -132.718735 81.968002
v -5.648786 -132.678238 82.065147
v -4.164080 -132.890076 81.536972
v -7.074100 -132.925201 81.850586
v -5.329665 -133.015747 81.832802
v -7.074100 -132.718735 81.968002
v -5.648786 -132.678238 82.065147
v -4.579799 -132.949600 81.941956
v -4.203672 -132.949203 81.966858
v -2.367586 -133.100433 81.685501
v -3.027462 -133.067520 82.195831
v -1.914213 -133.067520 82.412804
v -4.391735 -132.597839 82.148392
v -3.216747 -132.678238 82.294952
v -2.347774 -132.678238 82.496254
v -2.367586 -132.244492 81.606705
v -1.875772 -132.319366 81.549568
v -1.875772 -133.096802 81.549568
v -1.580689 -133.076309 82.409889
v -1.914213 -132.346100 82.464066
v -3.027462 -132.288971 82.107208
v -2.347774 -132.678238 82.496254
v -3.216747 -132.678238 82.294952
v -4.126278 -132.272705 81.893059
v -4.391735 -132.597839 82.148392
v -1.608704 -132.371185 81.322998
v -1.502098 -133.167267 81.322998
v -1.580689 -132.325745 82.426880
v -1.917587 -132.678238 82.536079
v -1.582998 -132.678253 82.516953
v -4.355187 -132.272156 81.886879
v -0.594346 -132.449753 68.875793
v -0.910346 -132.266739 71.382149
v -0.389556 -132.308151 71.593925
v -0.968841 -132.513138 73.058838
v -0.462213 -132.523529 72.977684
v -0.970189 -132.511002 73.598358
v -0.439649 -132.539124 73.509972
v -1.147803 -133.127396 73.350426
v -1.147804 -133.171295 73.623413
v -1.147803 -133.095291 73.087509
v -0.283251 -133.138657 73.254623
v -0.283252 -133.095291 72.949013
v -0.715527 -133.327393 73.018265
v -0.715527 -133.369614 73.285423
v -1.147803 -133.095291 73.087509
v -1.147803 -133.127396 73.350426
v -0.715528 -133.412064 73.554161
v -1.147804 -133.171295 73.623413
v -0.283251 -133.171295 73.484917
v -0.805492 -133.629486 76.088394
v -0.281246 -133.237106 76.277489
v -1.205426 -133.237106 76.416031
v -0.309400 -132.405533 76.120560
v -1.140407 -132.951263 71.227577
v -0.690371 -133.245178 71.333466
v -0.308287 -132.951263 71.439354
v -0.594346 -133.154312 68.875793
v -0.348036 -132.879654 68.875793
v -0.594346 -132.449753 68.875793
v -0.594346 -133.154312 68.875793
v 0.012404 -133.560760 76.376801
v -0.309400 -132.405533 76.120560
v 0.012404 -132.527084 76.250900
v -1.270182 -132.393051 76.156235
v -1.270182 -132.393051 76.156235
v -1.270182 -132.393051 76.156235
v -1.205426 -133.237106 76.416031
v -0.944117 -133.528076 78.856369
v -1.226099 -133.261337 77.246635
v -0.821995 -133.735321 77.065964
v 0.012404 -134.118225 78.877609
v 0.012404 -133.861694 76.941177
v -1.090970 -132.679794 78.887535
v -1.220450 -132.425232 77.246635
v -1.205426 -133.237106 76.416031
v -0.805492 -133.629486 76.088394
v -0.281246 -133.237106 76.277489
v 0.012404 -133.560760 76.376801
v -1.259399 -132.421356 77.014854
v -1.270182 -132.393051 76.156235
v -0.806702 -132.105301 77.072639
v -1.270182 -132.393051 76.156235
v -0.735517 -132.216232 77.589539
v 0.012404 -132.278580 77.794662
v 0.012404 -132.310715 78.877609
v 0.012404 -132.254700 76.695053
v -0.168761 -132.208344 76.437347
v -0.874276 -132.132019 76.541748
v -0.309400 -132.405533 76.120560
v -1.270182 -132.393051 76.156235
v 0.012404 -132.527084 76.250900
v 0.012404 -132.527084 76.250900
v -1.154153 -132.571777 79.716705
v 0.012404 -132.197815 79.766899
v -1.608704 -132.371185 81.322998
v 0.012404 -131.796722 81.336067
v -0.941788 -132.178223 82.548302
v -1.580689 -132.325745 82.426880
v -1.582998 -132.678253 82.516953
v -0.932935 -132.678253 82.564003
v -0.442726 -132.733658 82.711540
v 0.012404 -132.288986 82.641838
v -1.025290 -133.475220 79.716705
v -1.502098 -133.167267 81.322998
v -0.517879 -133.922379 79.783081
v -0.847144 -133.728790 81.226631
v 0.012404 -133.906128 81.418457
v -0.941788 -133.067535 82.416359
v 0.012404 -133.111694 82.547127
v -0.442726 -132.733658 82.711540
v -0.932935 -132.678253 82.564003
v -1.580689 -133.076309 82.409889
v -1.582998 -132.678253 82.516953
v -1.875772 -133.096802 81.549568
v 0.012404 -134.090424 79.786514
v -7.279314 -132.976471 81.539482
v -7.427750 -132.662109 81.547966
v -7.279313 -132.432251 81.539482
v -7.446208 -132.844833 81.398285
v -7.671814 -132.936172 81.390762
v -7.697984 -132.771637 81.550377
v -7.789415 -132.987152 81.503204
v -7.707491 -133.018921 81.643417
v -7.973287 -132.651047 81.764542
v -7.899807 -132.317230 81.640717
v -7.984167 -132.868774 81.784584
v -7.991427 -133.040817 81.797958
v -7.928032 -132.976303 81.351196
v -7.951581 -133.031387 81.470001
v -8.069410 -132.966827 81.358307
v -8.079535 -133.019897 81.451096
v -8.162444 -133.033813 81.308708
v -8.172755 -133.087845 81.403191
v -8.128216 -132.647858 81.636040
v -8.176944 -132.844421 81.635872
v -8.176064 -132.660645 81.448242
v -8.194570 -132.841644 81.454102
v -8.311772 -132.645691 81.376831
v -8.227530 -132.421661 81.386681
v -8.127116 -132.412338 81.434753
v -8.327873 -132.813354 81.379662
v -8.062750 -132.318756 81.625496
v -8.169342 -132.314911 81.691872
v -8.227530 -132.421661 81.386681
v -8.323747 -132.648468 81.680054
v -8.311772 -132.645691 81.376831
v -8.317156 -132.847992 81.679100
v -8.021675 -132.672821 81.948723
v -8.019417 -132.872345 81.942459
v -8.327873 -132.813354 81.379662
v -7.279314 -132.709808 81.981766
v -7.279313 -132.432251 81.840691
v -7.938558 -132.302597 81.818062
v -8.062750 -132.318756 81.625496
v -7.899807 -132.317230 81.640717
v -8.194570 -132.841644 81.454102
v -8.176944 -132.844421 81.635872
v -8.019417 -132.872345 81.942459
v -7.984167 -132.868774 81.784584
v -7.074100 -132.718735 81.968002
v -7.074100 -132.925201 81.850586
v -7.279314 -132.976471 81.828331
v -8.019417 -132.872345 81.942459
v -8.017591 -133.033554 81.937393
v -7.991427 -133.040817 81.797958
v -7.707491 -133.018921 81.643417
v -7.279314 -132.976471 81.539482
v -7.679315 -133.117813 81.460449
v -7.645953 -133.044678 81.334572
v -7.397944 -132.983276 81.389877
v -7.446208 -132.844833 81.398285
v -7.671814 -132.936172 81.390762
v -7.789415 -132.987152 81.503204
v -7.936253 -133.152023 81.418633
v -7.905452 -133.077515 81.288902
v -8.172755 -133.087845 81.403191
v -8.162444 -133.033813 81.308708
v -7.928032 -132.976303 81.351196
v -8.069410 -132.966827 81.358307
v -8.079535 -133.019897 81.451096
v -7.951581 -133.031387 81.470001
v -7.077861 -132.936035 81.580750
v -8.368830 -132.844864 81.783905
v -8.461892 -132.989822 81.489403
v -8.363965 -133.006088 81.781601
v -8.465886 -132.861130 81.487816
v -8.322128 -133.003586 81.520699
v -8.247092 -133.013336 81.701180
v -8.310487 -132.851059 81.527512
v -8.232514 -132.841309 81.696815
v -8.019417 -132.872345 81.942459
v -7.984167 -132.868774 81.784584
v -8.062750 -132.318756 81.625496
v -8.127116 -132.412338 81.434753
v -8.062750 -132.318756 81.625496
v -8.322128 -133.003586 81.520699
v -8.465886 -132.861130 81.487816
v -8.310487 -132.851059 81.527512
v -8.461892 -132.989822 81.489403
v -8.247092 -133.013336 81.701180
v -8.232514 -132.841309 81.696815
v -7.899807 -132.317230 81.640717
v -7.074100 -132.480637 81.850586
v -7.279313 -132.432251 81.539482
v -7.077860 -132.467255 81.580750
v -7.077861 -132.936035 81.580750
v -0.856215 -132.879654 68.875793
v -0.594346 -132.449753 68.875793
v -1.140407 -132.951263 71.227577
v -0.594346 -132.449753 68.875793
v -0.594346 -132.449753 68.505898
v -0.856215 -132.879654 68.505898
v -0.856215 -132.879654 68.875793
v -0.594346 -133.228226 68.523643
v -0.594346 -133.154312 68.875793
v -0.880275 -132.523361 67.862640
v -0.594346 -132.354248 67.868210
v -1.038260 -134.537613 67.862640
v -0.755726 -134.328827 68.173477
v -0.401764 -134.625885 68.047714
v -0.369725 -134.811218 67.910210
v -0.332474 -132.879654 68.505898
v -0.594346 -133.154312 68.875793
v -0.348036 -132.879654 68.875793
v -0.594346 -132.449753 68.505898
v -0.594346 -132.449753 68.875793
v -0.312085 -132.543259 67.862640
v -0.240959 -134.507339 68.073174
v -0.105244 -134.634674 67.862640
v -0.312085 -132.543259 67.862640
v -0.594346 -132.354248 67.868210
v -1.038260 -134.537613 67.862640
v -0.105244 -134.634674 67.862640
v -0.369725 -134.811218 67.910210
v -0.880275 -132.523361 67.862640
v -0.312085 -132.543259 67.862640
v -0.594346 -132.354248 67.868210
v 0.012404 -133.099030 83.176239
v 0.012404 -133.580765 83.166397
v -0.246199 -133.516525 83.574463
v 0.012404 -133.640717 83.473259
v 0.012404 -133.613129 83.542259
v 0.012404 -133.111694 82.547127
v -0.442726 -132.733658 82.711540
v -0.442726 -132.733658 82.711540
v 0.012404 -132.288986 82.641838
v 0.012404 -132.288986 82.641838
v -0.594346 -133.154312 68.875793
v -0.856215 -132.879654 68.875793
v 0.012404 -132.676636 83.603111
v 0.012404 -133.636566 83.628479
v -0.679655 -133.208313 83.822868
v -0.285523 -133.536453 83.667122
v 0.012404 -133.613129 83.542259
v 0.012404 -133.422791 83.322845
v -0.246199 -133.516525 83.574463
v -0.679655 -133.208313 83.822868
v 0.012404 -132.676636 83.603111
v -1.917587 -132.678238 82.536079
v -1.582998 -132.678253 82.516953
vn -0.0207 -0.7165 -0.6973
vn -0.0255 0.4064 -0.9133
vn 0.0683 0.6544 -0.7530
vn 0.0512 -0.6648 -0.7453
vn -0.1115 0.7019 -0.7035
vn -0.1555 -0.7151 -0.6815
vn 0.0472 0.9698 0.2394
vn 0.0518 0.9233 0.3806
vn -0.0312 0.8305 0.5561
vn -0.0001 -0.0580 0.9983
vn 0.0606 -0.0828 0.9947
vn -0.0238 -0.7149 -0.6988
vn -0.0640 -0.8396 0.5394
vn 0.0233 -0.9588 0.2831
vn -0.0001 -0.0581 0.9983
vn -0.0115 -0.8846 0.4663
vn 0.1045 -0.8851 0.4535
vn 0.0490 -0.7943 -0.6056
vn 0.1574 -0.8370 0.5241
vn 0.0418 -0.7795 0.6250
vn 0.0899 0.0816 0.9926
vn 0.1888 0.0760 0.9791
vn 0.2012 0.0172 0.9794
vn 0.0137 0.7476 -0.6640
vn 0.1449 0.7695 -0.6219
vn 0.3050 -0.7575 -0.5772
vn 0.0124 -0.7983 0.6022
vn 0.0300 0.7354 0.6770
vn 0.1404 0.8973 0.4186
vn 0.2012 0.0173 0.9794
vn 0.1889 0.0761 0.9791
vn -0.0079 0.9899 0.1419
vn 0.6213 0.6579 -0.4257
vn 0.7451 -0.6489 -0.1545
vn 0.1109 0.7805 0.6153
vn 0.0129 -0.0413 0.9991
vn 0.0187 -0.0621 0.9979
vn 0.0393 0.9860 0.1620
vn -0.0206 0.9945 -0.1031
vn -0.6581 0.7515 0.0467
vn 0.5405 0.8413 -0.0098
vn 0.5989 0.7992 0.0513
vn -0.6142 0.7848 0.0826
vn 0.5776 0.8144 -0.0562
vn -0.6432 0.7654 -0.0186
vn 0.9292 -0.3643 -0.0629
vn 0.9067 -0.4114 -0.0934
vn 0.9319 -0.3599 -0.0451
vn -0.9159 -0.3950 -0.0722
vn -0.9221 -0.3855 -0.0344
vn 0.0129 -0.9934 -0.1143
vn 0.0202 -0.9888 -0.1481
vn 0.9292 -0.3642 -0.0629
vn 0.0090 -0.9930 -0.1175
vn 0.9067 -0.4113 -0.0933
vn -0.9071 -0.4178 -0.0508
vn 0.0748 -0.9950 -0.0661
vn -0.5270 -0.5581 -0.6409
vn 0.9194 -0.3915 -0.0375
vn -0.5005 0.6828 -0.5322
vn -0.0000 -0.6392 -0.7690
vn -0.0000 0.2789 -0.9603
vn 0.9489 -0.3090 -0.0648
vn -0.0413 -0.9983 -0.0408
vn -0.9262 -0.3765 -0.0197
vn -0.0250 -0.9996 0.0114
vn -0.9950 -0.0997 -0.0033
vn -0.0249 -0.9996 0.0115
vn 0.7460 0.6550 -0.1201
vn 0.7460 0.6551 -0.1201
vn 0.9194 -0.3914 -0.0375
vn 0.8248 -0.5653 0.0116
vn 0.4632 -0.8745 -0.1438
vn 0.9380 -0.3454 0.0288
vn -0.0000 -0.9994 -0.0357
vn -0.0000 -0.9489 -0.3156
vn 0.8721 0.4870 0.0470
vn 0.8568 0.4909 0.1581
vn 0.2500 0.9487 0.1934
vn 0.2160 0.9709 0.1033
vn -0.0000 0.9986 0.0535
vn -0.0000 0.9997 0.0243
vn -0.0000 0.9962 -0.0874
vn -0.3488 0.8709 -0.3462
vn 0.1281 0.9719 -0.1977
vn -0.5004 0.6826 -0.5326
vn -0.0000 0.2788 -0.9604
vn 0.9046 0.4169 0.0894
vn -0.0000 0.9822 -0.1880
vn 0.8165 0.5309 -0.2269
vn 0.6213 0.6579 -0.4256
vn 0.0001 0.9997 -0.0245
vn 0.2083 0.7123 0.6703
vn 0.0188 -0.0621 0.9979
vn 0.2018 -0.1235 0.9716
vn 0.5848 -0.1700 0.7931
vn -0.0000 0.8650 0.5019
vn 0.8616 -0.4983 -0.0966
vn 0.7450 -0.6489 -0.1545
vn 0.4752 -0.8799 -0.0013
vn 0.4556 -0.8692 0.1920
vn 0.0001 -0.9450 0.3271
vn 0.1917 -0.6954 0.6926
vn -0.0000 -0.8719 0.4896
vn 0.5848 -0.1699 0.7932
vn 0.2018 -0.1236 0.9716
vn 0.0124 -0.7983 0.6021
vn 0.0187 -0.0622 0.9979
vn 0.3049 -0.7575 -0.5773
vn -0.0000 -0.9975 0.0711
vn -0.4408 -0.7146 -0.5433
vn -0.1428 0.6660 -0.7322
vn 0.0664 0.2244 -0.9722
vn -0.2909 0.4654 -0.8359
vn 0.2663 0.6342 -0.7258
vn 0.5293 0.4611 -0.7122
vn 0.7577 0.2611 0.5981
vn 0.3919 -0.9200 -0.0021
vn -0.0710 -0.1191 -0.9903
vn 0.0048 0.6478 -0.7618
vn 0.0565 -0.1729 -0.9833
vn 0.0364 -0.8601 -0.5089
vn 0.0372 0.9298 -0.3662
vn 0.1574 0.3023 0.9401
vn 0.2300 0.9586 -0.1679
vn 0.3412 0.3901 0.8552
vn 0.7614 0.1076 -0.6393
vn 0.8707 -0.4075 0.2752
vn -0.8262 -0.1853 -0.5320
vn -0.4532 -0.8363 -0.3085
vn -0.7808 -0.1605 -0.6038
vn -0.5755 -0.6788 -0.4561
vn 0.5409 0.1107 -0.8338
vn 0.3291 0.5226 -0.7865
vn -0.6583 0.4081 -0.6326
vn 0.5062 -0.4561 -0.7319
vn -0.2582 0.7436 -0.6168
vn 0.5537 0.7935 0.2526
vn -0.6583 0.4080 -0.6326
vn 0.9119 0.1643 0.3761
vn 0.7131 -0.6401 0.2860
vn 0.3472 0.1581 0.9244
vn 0.2479 -0.0155 0.9687
vn -0.0382 -0.0074 0.9992
vn -0.1313 0.8359 0.5330
vn 0.0834 0.8229 0.5620
vn -0.2582 0.7435 -0.6168
vn -0.5756 -0.6787 -0.4561
vn -0.1428 0.6659 -0.7322
vn -0.0002 -0.0580 0.9983
vn -0.1279 -0.8683 0.4793
vn 0.2478 -0.0155 0.9687
vn 0.1066 -0.6639 0.7402
vn 0.3918 -0.9201 -0.0020
vn -0.4408 -0.7146 -0.5432
vn -0.0846 -0.9894 0.1179
vn -0.2199 -0.3368 -0.9156
vn -0.5528 -0.4068 -0.7272
vn 0.2663 0.6342 -0.7259
vn 0.7577 0.2611 0.5980
vn 0.0964 -0.9590 0.2667
vn -0.0475 -0.2948 -0.9544
vn 0.8707 -0.4075 0.2753
vn 0.2299 0.9586 -0.1678
vn 0.3413 0.3901 0.8552
vn 0.1573 0.3024 0.9401
vn -0.1555 -0.7151 -0.6816
vn 0.5824 0.6226 0.5227
vn 0.5984 -0.6225 0.5044
vn 0.6294 -0.5263 -0.5717
vn 0.6350 0.5145 -0.5763
vn -0.4564 -0.6399 -0.6182
vn -0.3260 -0.8379 -0.4377
vn -0.5050 0.6148 -0.6058
vn -0.4123 0.8067 -0.4234
vn 0.0565 -0.1728 -0.9833
vn -0.2581 0.7436 -0.6168
vn 0.5537 0.7935 0.2525
vn -0.6582 0.4080 -0.6326
vn -0.2581 0.7435 -0.6169
vn 0.6350 0.5144 -0.5763
vn 0.6295 -0.5263 -0.5717
vn -0.4122 0.8067 -0.4235
vn 0.0048 0.6479 -0.7617
vn -0.1115 0.7019 -0.7034
vn -0.4407 -0.7146 -0.5432
vn 0.9936 -0.0970 -0.0580
vn -0.0205 0.9945 -0.1031
vn 0.9488 -0.3090 -0.0648
vn 0.9707 0.0618 0.2320
vn -0.0073 0.9718 0.2357
vn -0.0146 -0.5522 0.8336
vn -0.0250 -0.9996 0.0115
vn 0.7029 0.4519 -0.5492
vn -0.0227 0.8451 -0.5341
vn 0.7602 -0.5759 -0.3009
vn 0.3118 -0.3877 0.8675
vn -0.0509 -0.5387 0.8410
vn -0.1106 -0.9868 -0.1181
vn -0.9677 0.0694 0.2422
vn -0.0249 -0.9996 0.0114
vn -0.7060 0.4350 -0.5589
vn -0.4635 -0.3405 0.8181
vn -0.7877 -0.5043 -0.3540
vn -0.0226 0.8451 -0.5342
vn 0.7602 -0.5758 -0.3009
vn -0.7876 -0.5043 -0.3540
vn 0.5204 -0.8431 -0.1356
vn 0.3902 -0.3321 -0.8588
vn 0.8660 -0.3393 -0.3673
vn 0.4696 -0.8810 -0.0579
vn 0.0001 -0.9060 -0.4233
vn -0.0000 -0.2956 -0.9553
vn -0.0000 -0.9721 -0.2347
vn -0.0001 -0.9207 -0.3902
vn 0.7290 -0.6804 -0.0754
vn 0.9295 -0.3665 0.0422
vn 0.3696 -0.9278 0.0501
vn -0.0001 -0.9486 0.3164
vn -0.0000 -0.9958 -0.0920
vn 0.3630 -0.9175 -0.1626
vn 0.4282 -0.9022 -0.0520
vn -0.0000 -0.9968 -0.0794
vn -0.0000 -0.9670 0.2547
vn 0.3939 -0.8925 0.2199
vn -0.0000 -0.6636 0.7481
vn 0.7030 -0.5379 0.4653
vn 0.7993 0.2380 0.5517
vn 0.9929 0.1153 0.0301
vn 0.9537 0.0578 -0.2953
vn 0.6052 -0.4003 -0.6881
vn 0.9124 0.1030 -0.3960
vn -0.0000 -0.5389 -0.8424
vn 0.7735 0.6333 0.0229
vn -0.0000 0.9397 0.3419
vn -0.0000 0.9230 -0.3848
vn 0.8148 0.4648 -0.3465
vn -0.0000 0.9164 -0.4002
vn -0.0000 0.8650 0.5018
vn 0.0980 -0.6530 0.7510
vn -0.0000 -0.6883 -0.7254
vn -0.0000 -0.8719 0.4897
vn 0.9125 0.1029 -0.3960
vn 0.5849 -0.1700 0.7931
vn -0.0000 -0.9995 0.0322
vn -0.0000 -0.3630 0.9318
vn 0.5849 -0.1699 0.7931
vn -0.0000 0.8649 0.5019
vn 0.9124 0.1029 -0.3961
vn -0.9124 0.1030 -0.3960
vn -0.8148 0.4648 -0.3465
vn -0.0000 0.9164 -0.4003
vn -0.9537 0.0578 -0.2953
vn -0.6052 -0.4003 -0.6881
vn -0.8660 -0.3393 -0.3673
vn -0.9929 0.1153 0.0301
vn -0.9295 -0.3665 0.0422
vn -0.7290 -0.6804 -0.0754
vn -0.5204 -0.8431 -0.1356
vn -0.3901 -0.3321 -0.8588
vn -0.4696 -0.8810 -0.0579
vn -0.0001 -0.9060 -0.4233
vn 0.0001 -0.9208 -0.3901
vn -0.3696 -0.9278 0.0501
vn -0.0000 -0.9486 0.3164
vn -0.0000 -0.9958 -0.0921
vn -0.3630 -0.9175 -0.1626
vn -0.4282 -0.9022 -0.0520
vn -0.3939 -0.8925 0.2199
vn -0.7030 -0.5379 0.4653
vn -0.7994 0.2380 0.5517
vn -0.7735 0.6333 0.0229
vn -0.0000 0.9230 -0.3849
vn -0.2775 -0.6404 0.7162
vn -0.4654 -0.0145 0.8850
vn -0.7993 0.2380 0.5518
vn -0.0000 0.5765 0.8171
vn -0.0000 -0.1608 0.9870
vn -0.0000 0.5766 0.8171
vn 0.7993 0.2380 0.5518
vn -0.0001 0.9397 0.3419
vn 0.4654 -0.0144 0.8850
vn 0.2775 -0.6404 0.7162
vn -0.0000 -0.1609 0.9870
vn -0.0000 -0.9208 -0.3901
vn -0.0000 -0.9693 0.2460
vn -0.4696 -0.8810 -0.0580
vn 0.9936 -0.0970 -0.0581
vn -0.0000 -0.9997 -0.0252
vn 0.8660 -0.3392 -0.3673
vn 0.3902 -0.3322 -0.8587
vn 0.0001 -0.3630 0.9318
vn 0.0980 -0.6529 0.7510
vn -0.0000 0.2087 0.9780
vn 0.8660 -0.3393 -0.3674
vn -0.0001 -0.9997 -0.0253
vn 0.0129 -0.0414 0.9991
vn 0.0206 -0.7165 -0.6973
vn -0.0512 -0.6648 -0.7453
vn -0.0684 0.6545 -0.7530
vn 0.0255 0.4064 -0.9133
vn 0.1115 0.7020 -0.7034
vn 0.1554 -0.7151 -0.6815
vn -0.0472 0.9698 0.2394
vn -0.0518 0.9233 0.3806
vn 0.0312 0.8305 0.5561
vn 0.0001 -0.0580 0.9983
vn -0.0606 -0.0828 0.9947
vn 0.0238 -0.7149 -0.6988
vn 0.0640 -0.8396 0.5394
vn -0.0233 -0.9588 0.2831
vn 0.0002 -0.0581 0.9983
vn 0.0115 -0.8846 0.4663
vn -0.1045 -0.8851 0.4535
vn -0.0490 -0.7943 -0.6056
vn -0.1574 -0.8370 0.5241
vn -0.0418 -0.7795 0.6250
vn -0.0899 0.0816 0.9926
vn -0.1888 0.0761 0.9791
vn -0.2012 0.0172 0.9794
vn -0.0138 0.7477 -0.6639
vn -0.1449 0.7695 -0.6219
vn -0.3050 -0.7575 -0.5772
vn -0.0124 -0.7983 0.6021
vn -0.0300 0.7354 0.6770
vn -0.1404 0.8972 0.4186
vn -0.1889 0.0761 0.9790
vn 0.0079 0.9899 0.1419
vn -0.6213 0.6579 -0.4257
vn -0.7450 -0.6489 -0.1545
vn -0.1108 0.7805 0.6153
vn -0.0129 -0.0413 0.9991
vn -0.0187 -0.0621 0.9979
vn -0.0393 0.9860 0.1620
vn 0.0206 0.9945 -0.1031
vn -0.5405 0.8413 -0.0098
vn 0.6581 0.7515 0.0467
vn -0.5989 0.7992 0.0513
vn 0.6142 0.7848 0.0826
vn -0.5787 0.8139 -0.0515
vn 0.6432 0.7654 -0.0186
vn -0.9292 -0.3642 -0.0629
vn -0.9073 -0.4103 -0.0921
vn -0.9319 -0.3600 -0.0451
vn 0.9158 -0.3950 -0.0722
vn 0.9221 -0.3855 -0.0343
vn -0.0129 -0.9934 -0.1143
vn -0.0202 -0.9888 -0.1481
vn -0.9319 -0.3599 -0.0452
vn -0.0090 -0.9930 -0.1174
vn -0.9073 -0.4103 -0.0920
vn 0.9071 -0.4178 -0.0508
vn -0.0791 -0.9950 -0.0610
vn 0.5270 -0.5581 -0.6409
vn -0.9190 -0.3927 -0.0351
vn 0.4751 0.6905 -0.5455
vn -0.9489 -0.3090 -0.0648
vn 0.0413 -0.9983 -0.0408
vn 0.9262 -0.3765 -0.0197
vn 0.0250 -0.9996 0.0114
vn 0.9950 -0.0997 -0.0033
vn 0.0249 -0.9996 0.0114
vn -0.0000 -0.6392 -0.7691
vn -0.7847 0.6061 -0.1301
vn -0.9073 -0.4102 -0.0921
vn -0.9190 -0.3926 -0.0351
vn -0.8248 -0.5653 0.0116
vn -0.9359 -0.3513 0.0240
vn -0.4613 -0.8752 -0.1456
vn -0.8721 0.4870 0.0470
vn -0.8543 0.4923 0.1670
vn -0.0790 -0.9950 -0.0610
vn -0.8987 0.4321 0.0746
vn -0.2246 0.9701 0.0923
vn -0.7846 0.6061 -0.1301
vn -0.2500 0.9487 0.1934
vn 0.3489 0.8709 -0.3462
vn -0.2186 0.9527 -0.2111
vn 0.4750 0.6905 -0.5455
vn -0.7847 0.6060 -0.1302
vn -0.0000 0.2788 -0.9603
vn -0.8165 0.5309 -0.2268
vn -0.0000 0.9997 -0.0245
vn -0.2083 0.7123 0.6703
vn -0.1109 0.7805 0.6153
vn -0.2018 -0.1235 0.9716
vn -0.5848 -0.1700 0.7931
vn -0.8616 -0.4983 -0.0966
vn -0.7450 -0.6489 -0.1544
vn -0.4749 -0.8800 -0.0010
vn -0.4559 -0.8691 0.1918
vn -0.0001 -0.9450 0.3271
vn -0.1916 -0.6954 0.6926
vn -0.5849 -0.1699 0.7931
vn -0.2018 -0.1236 0.9716
vn -0.0188 -0.0622 0.9979
vn -0.3050 -0.7575 -0.5773
vn 0.4407 -0.7146 -0.5433
vn -0.0664 0.2244 -0.9722
vn 0.1427 0.6660 -0.7322
vn 0.2909 0.4655 -0.8359
vn -0.2663 0.6342 -0.7258
vn -0.5293 0.4611 -0.7122
vn -0.7577 0.2611 0.5981
vn -0.3918 -0.9200 -0.0020
vn 0.0710 -0.1191 -0.9903
vn -0.0048 0.6478 -0.7618
vn -0.0565 -0.1729 -0.9833
vn -0.0364 -0.8601 -0.5089
vn -0.0373 0.9298 -0.3662
vn -0.1574 0.3024 0.9401
vn -0.2299 0.9586 -0.1678
vn -0.3412 0.3901 0.8552
vn -0.7614 0.1076 -0.6393
vn -0.8707 -0.4075 0.2752
vn 0.8262 -0.1853 -0.5320
vn 0.4532 -0.8363 -0.3085
vn 0.7808 -0.1605 -0.6038
vn 0.5755 -0.6788 -0.4562
vn -0.5409 0.1107 -0.8338
vn -0.3291 0.5226 -0.7865
vn 0.6582 0.4081 -0.6327
vn -0.5062 -0.4561 -0.7320
vn 0.2582 0.7436 -0.6168
vn -0.5537 0.7935 0.2525
vn 0.6582 0.4080 -0.6326
vn -0.9119 0.1643 0.3761
vn -0.7131 -0.6401 0.2860
vn -0.3472 0.1581 0.9244
vn -0.2479 -0.0155 0.9687
vn 0.0382 -0.0074 0.9992
vn 0.1312 0.8359 0.5330
vn -0.0834 0.8229 0.5620
vn 0.2581 0.7436 -0.6169
vn 0.5756 -0.6787 -0.4562
vn -0.2478 -0.0155 0.9687
vn 0.1427 0.6659 -0.7322
vn 0.1279 -0.8683 0.4793
vn -0.1066 -0.6639 0.7401
vn -0.3918 -0.9201 -0.0020
vn 0.4408 -0.7146 -0.5432
vn 0.0847 -0.9894 0.1179
vn 0.2199 -0.3368 -0.9156
vn 0.5528 -0.4068 -0.7272
vn 0.2909 0.4654 -0.8359
vn -0.2663 0.6342 -0.7259
vn -0.7577 0.2612 0.5981
vn -0.0963 -0.9590 0.2667
vn 0.0475 -0.2948 -0.9544
vn -0.8707 -0.4076 0.2752
vn -0.2300 0.9586 -0.1678
vn -0.3412 0.3902 0.8552
vn -0.1573 0.3024 0.9401
vn 0.1555 -0.7151 -0.6816
vn -0.5823 0.6226 0.5228
vn -0.6295 -0.5263 -0.5717
vn -0.5983 -0.6225 0.5044
vn -0.6350 0.5145 -0.5763
vn 0.4564 -0.6399 -0.6183
vn 0.3261 -0.8379 -0.4377
vn 0.5051 0.6148 -0.6057
vn 0.4123 0.8067 -0.4235
vn 0.2581 0.7436 -0.6168
vn 0.6582 0.4081 -0.6326
vn -0.5537 0.7935 0.2526
vn 0.4564 -0.6399 -0.6182
vn -0.6294 -0.5263 -0.5717
vn 0.4123 0.8067 -0.4234
vn -0.0048 0.6479 -0.7617
vn 0.0313 0.8305 0.5561
vn 0.1428 0.6659 -0.7322
vn 0.1116 0.7020 -0.7034
vn 0.1555 -0.7151 -0.6815
vn -0.9936 -0.0970 -0.0581
vn 0.0205 0.9945 -0.1031
vn -0.9488 -0.3090 -0.0648
vn 0.0073 0.9718 0.2356
vn -0.9707 0.0618 0.2321
vn -0.9936 -0.0970 -0.0580
vn 0.0146 -0.5522 0.8336
vn -0.7029 0.4519 -0.5493
vn 0.0226 0.8451 -0.5342
vn -0.7602 -0.5759 -0.3009
vn -0.3118 -0.3877 0.8675
vn 0.0509 -0.5386 0.8410
vn 0.1106 -0.9868 -0.1181
vn 0.9677 0.0694 0.2422
vn 0.0073 0.9718 0.2357
vn 0.7060 0.4350 -0.5589
vn 0.4635 -0.3405 0.8181
vn 0.7877 -0.5043 -0.3540
vn 0.7061 0.4349 -0.5589
vn -0.7601 -0.5759 -0.3009
vn 0.7876 -0.5043 -0.3540
vn -0.7029 0.4519 -0.5492
vn -0.0980 -0.6530 0.7510
vn -0.0000 -0.5389 -0.8423
vn -0.9125 0.1029 -0.3960
vn -0.5849 -0.1700 0.7931
vn -0.9124 0.1029 -0.3961
vn -0.0000 -0.2955 -0.9553
vn -0.8660 -0.3394 -0.3674
vn -0.3902 -0.3322 -0.8587
vn -0.0000 0.2088 0.9780
vn -0.0980 -0.6529 0.7510
vn -0.0129 -0.0414 0.9991
vn -0.0187 -0.0622 0.9979
vt 0.730382 0.103619
vt 0.705649 0.144477
vt 0.906050 0.162418
vt 0.907543 0.101904
vt 0.999984 0.166941
vt 1.001061 0.095946
vt 0.733494 0.205318
vt 0.838940 0.209383
vt 0.991053 0.210366
vt 0.981648 0.252295
vt 0.840260 0.252371
vt 0.689743 0.104698
vt 0.991405 0.052870
vt 0.810174 0.064464
vt 0.981657 0.011468
vt 0.840250 0.011429
vt 0.734207 0.056759
vt 0.693123 0.056174
vt 0.518060 0.096757
vt 0.575201 0.047645
vt 0.473165 0.043970
vt 0.716055 0.011396
vt 0.597290 0.011359
vt 0.510869 0.011322
vt 0.522475 0.164896
vt 0.485011 0.157654
vt 0.479927 0.107408
vt 0.445175 0.049232
vt 0.473366 0.225391
vt 0.579352 0.211659
vt 0.510849 0.252622
vt 0.597275 0.252464
vt 0.688056 0.203710
vt 0.716059 0.252303
vt 0.459430 0.138427
vt 0.448360 0.105872
vt 0.445220 0.217118
vt 0.468555 0.252667
vt 0.435264 0.252667
vt 0.710772 0.204691
vt 0.809314 0.993189
vt 0.844593 0.748486
vt 0.799681 0.766537
vt 0.795370 0.616810
vt 0.844460 0.624653
vt 0.796731 0.566457
vt 0.846052 0.573862
vt 0.737687 0.589384
vt 0.737679 0.566887
vt 0.737691 0.611583
vt 0.903594 0.595045
vt 0.902086 0.622902
vt 0.947494 0.615460
vt 0.947980 0.591500
vt 0.993009 0.611673
vt 0.993010 0.589483
vt 0.948583 0.568105
vt 0.993012 0.566905
vt 0.904969 0.574145
vt 0.939443 0.344499
vt 0.898532 0.361084
vt 0.993076 0.320695
vt 0.854260 0.365264
vt 0.915162 0.347050
vt 0.854851 0.350073
vt 0.993004 0.780156
vt 0.944441 0.769131
vt 0.900724 0.759988
vt 0.936461 0.995025
vt 0.880074 0.997653
vt 0.789589 0.353336
vt 0.737576 0.320774
vt 0.459999 0.699940
vt 0.421847 0.911548
vt 0.493482 0.874305
vt 0.334346 0.703269
vt 0.334346 0.906337
vt 0.574509 0.696105
vt 0.570429 0.874521
vt 0.490508 0.948126
vt 0.334346 0.965522
vt 0.365140 0.975937
vt 0.420117 0.965795
vt 0.650541 0.838561
vt 0.643075 0.892767
vt 0.726515 0.817051
vt 0.726515 0.703484
vt 0.726515 0.932364
vt 0.709975 0.959389
vt 0.635989 0.948441
vt 0.695226 0.983366
vt 0.579503 0.979625
vt 0.726515 0.978941
vt 0.572418 0.925007
vt 0.726515 0.610225
vt 0.575486 0.609180
vt 0.574131 0.447552
vt 0.726515 0.445670
vt 0.628909 0.318546
vt 0.561909 0.331279
vt 0.561667 0.289065
vt 0.629838 0.284131
vt 0.681244 0.268659
vt 0.726515 0.308737
vt 0.465542 0.609718
vt 0.497836 0.448231
vt 0.389955 0.608312
vt 0.424485 0.456931
vt 0.334346 0.436815
vt 0.434410 0.332167
vt 0.334346 0.318454
vt 0.382074 0.269755
vt 0.433481 0.285227
vt 0.501409 0.332846
vt 0.501652 0.290161
vt 0.532354 0.423067
vt 0.334346 0.607952
vt 0.079805 0.232283
vt 0.164710 0.210607
vt 0.122523 0.194649
vt 0.082536 0.195321
vt 0.065738 0.163787
vt 0.098907 0.148763
vt 0.061632 0.142152
vt 0.067395 0.121429
vt 0.123677 0.114515
vt 0.175785 0.114562
vt 0.094627 0.115280
vt 0.071940 0.113520
vt 0.035702 0.148111
vt 0.041923 0.132093
vt 0.020229 0.138299
vt 0.026355 0.125859
vt 0.005702 0.131286
vt 0.011940 0.118620
vt 0.124248 0.087244
vt 0.097369 0.085301
vt 0.124231 0.055219
vt 0.098622 0.055224
vt 0.124118 0.033753
vt 0.158367 0.040381
vt 0.164154 0.054336
vt 0.099739 0.035139
vt 0.171577 0.088395
vt 0.192231 0.080816
vt 0.172887 0.036601
vt 0.229659 0.051083
vt 0.207206 0.014433
vt 0.253565 0.037615
vt 0.259273 0.099604
vt 0.295568 0.088781
vt 0.225257 0.005464
vt 0.257519 0.214069
vt 0.210893 0.208562
vt 0.203087 0.112287
vt 0.256732 0.004405
vt 0.275505 0.029551
vt 0.296663 0.056271
vt 0.254448 0.243670
vt 0.287294 0.248875
vt 0.299549 0.220380
vt 0.323300 0.104611
vt 0.343328 0.116239
vt 0.349575 0.166371
vt 0.341191 0.234380
vt 0.379236 0.180734
vt 0.393815 0.198439
vt 0.369935 0.227020
vt 0.383913 0.245331
vt 0.408148 0.211617
vt 0.372524 0.153454
vt 0.406401 0.154959
vt 0.418570 0.170953
vt 0.432503 0.130104
vt 0.445823 0.142555
vt 0.433494 0.180403
vt 0.448844 0.163198
vt 0.412154 0.127150
vt 0.395815 0.139939
vt 0.325332 0.261049
vt 0.344700 0.051550
vt 0.359289 0.070966
vt 0.389947 0.045029
vt 0.374202 0.026325
vt 0.391323 0.064504
vt 0.369359 0.086828
vt 0.352694 0.023153
vt 0.330809 0.036634
vt 0.068269 0.054545
vt 0.088448 0.054365
vt 0.085147 0.033440
vt 0.068311 0.035581
vt 0.069129 0.082960
vt 0.091835 0.081384
vt 0.214759 0.239928
vt 0.170727 0.242683
vt 0.094294 0.262400
vt 0.737783 0.987757
vt 0.737708 0.780107
vt 0.274783 0.263290
vt 0.251897 0.284556
vt 0.265085 0.304716
vt 0.290410 0.280108
vt 0.230808 0.322133
vt 0.234686 0.293532
vt 0.317161 0.315098
vt 0.326877 0.296848
vt 0.247112 0.446506
vt 0.230894 0.421947
vt 0.204488 0.436013
vt 0.200804 0.450038
vt 0.202857 0.296193
vt 0.220949 0.280878
vt 0.186739 0.265822
vt 0.206200 0.254811
vt 0.152216 0.291162
vt 0.194174 0.426648
vt 0.177297 0.438725
vt 0.148125 0.271043
vt 0.109679 0.437051
vt 0.158639 0.453515
vt 0.110675 0.292890
vt 0.130164 0.279394
vt 0.048936 0.787641
vt 0.037433 0.823986
vt 0.095670 0.805101
vt 0.018334 0.795488
vt 0.001309 0.823986
vt 0.001309 0.828672
vt 0.001309 0.805245
vt 0.001309 0.793266
vt 0.072476 0.756292
vt 0.104842 0.722758
vt 0.009703 0.762035
vt 0.001309 0.770446
vt 0.001309 0.745864
vt 0.041600 0.754625
vt 0.045013 0.731461
vt 0.001309 0.728107
vt 0.001309 0.706350
vt 0.045012 0.704329
vt 0.000634 0.640415
vt 0.080537 0.664700
vt 0.172489 0.654188
vt 0.168984 0.731210
vt 0.146949 0.810560
vt 0.044855 0.876465
vt 0.134665 0.883862
vt 0.053879 0.921862
vt 0.230813 0.753236
vt 0.327296 0.709405
vt 0.289853 0.844016
vt 0.198004 0.819694
vt 0.222406 0.906637
vt 0.208321 0.985394
vt 0.032665 0.835220
vt 0.001309 0.884699
vt 0.068912 0.997425
vt 0.136690 0.961832
vt 0.001309 0.847491
vt 0.001309 0.839125
vt 0.041894 0.649915
vt 0.070649 0.583980
vt 0.103642 0.580263
vt 0.049090 0.502723
vt 0.103028 0.449168
vt 0.013527 0.576938
vt 0.001309 0.788851
vt 0.992969 0.987765
vt 0.232379 0.916718
vt 0.282941 0.969753
vt 0.311768 0.908112
vt 0.306313 0.933309
vt 0.220304 0.994415
vt 0.243005 0.989735
vt 0.222758 0.978624
vt 0.468563 0.011307
vt 0.435273 0.011298
s 1
usemtl enemy_tonnel
f 1/1/1 2/2/2 3/3/3
f 1/1/1 3/3/3 4/4/4
f 4/4/4 3/3/3 5/5/5
f 4/4/4 5/5/5 6/6/6
f 3/3/3 2/2/2 7/7/7
f 3/3/3 7/7/7 8/8/8
f 5/5/5 3/3/3 8/8/8
f 5/5/5 8/8/8 9/9/9
f 10/10/10 9/9/9 8/8/8
f 10/10/10 8/8/8 11/11/11
f 11/11/11 8/8/8 7/7/7
f 1/1/1 12/12/12 2/2/2
f 4/4/4 6/6/6 13/13/13
f 14/14/14 4/4/4 13/13/13
f 1/1/1 4/4/4 14/14/14
f 14/14/14 13/13/13 15/15/15
f 14/14/14 15/15/15 16/16/11
f 16/16/11 17/17/16 14/14/14
f 1/1/1 14/14/14 17/17/16
f 18/18/17 12/12/12 1/1/1
f 18/18/17 1/1/1 17/17/16
f 18/18/17 19/19/18 12/12/12
f 18/18/17 20/20/19 19/19/18
f 20/20/19 21/21/20 19/19/18
f 22/22/21 20/20/19 18/18/17
f 16/16/11 22/22/21 17/17/16
f 18/18/17 17/17/16 22/22/21
f 22/22/21 23/23/22 20/20/19
f 24/24/23 21/21/20 20/20/19
f 24/24/23 20/20/19 23/23/22
f 25/25/24 12/12/12 19/19/18
f 26/26/25 25/25/24 19/19/18
f 26/26/25 19/19/18 27/27/26
f 19/19/18 21/21/20 27/27/26
f 21/21/20 28/28/27 27/27/26
f 29/29/28 25/25/24 26/26/25
f 29/29/28 30/30/29 25/25/24
f 30/30/29 29/29/28 31/31/30
f 30/30/29 31/31/30 32/32/31
f 33/33/32 30/30/29 32/32/31
f 33/33/32 32/32/31 34/34/21
f 27/27/26 35/35/33 26/26/25
f 27/27/26 36/36/34 35/35/33
f 35/35/33 37/37/35 26/26/25
f 37/37/35 29/29/28 26/26/25
f 37/37/35 38/38/36 29/29/28
f 31/31/30 29/29/28 38/38/36
f 37/37/35 39/39/37 38/38/36
f 30/30/29 33/33/32 2/2/2
f 30/30/29 2/2/2 25/25/24
f 25/25/24 2/2/2 12/12/12
f 2/2/2 33/33/32 40/40/38
f 40/40/38 33/33/32 34/34/21
f 7/7/7 40/40/38 34/34/21
f 7/7/7 2/2/2 40/40/38
f 11/11/11 7/7/7 34/34/21
f 41/41/39 42/42/40 43/43/41
f 42/42/40 44/44/42 43/43/41
f 42/42/40 45/45/43 44/44/42
f 45/45/43 46/46/44 44/44/42
f 45/45/43 47/47/45 46/46/44
f 48/48/46 44/44/42 46/46/44
f 49/49/47 48/48/46 46/46/44
f 48/48/46 50/50/48 44/44/42
f 43/43/41 44/44/42 50/50/48
f 51/51/49 47/47/45 45/45/43
f 52/52/50 51/51/49 45/45/43
f 52/52/50 45/45/43 42/42/40
f 51/51/49 52/52/50 53/53/51
f 51/51/49 53/53/51 54/54/52
f 54/54/52 53/53/51 55/55/48
f 54/54/52 55/55/48 56/56/53
f 57/57/54 54/54/52 56/56/53
f 57/57/54 56/56/53 58/58/55
f 59/59/56 51/51/49 54/54/52
f 59/59/56 54/54/52 57/57/54
f 51/51/49 59/59/56 47/47/45
f 59/59/56 57/57/54 60/60/57
f 60/60/57 57/57/54 58/58/55
f 59/59/56 60/60/57 61/61/58
f 47/47/45 59/59/56 61/61/58
f 60/60/57 58/58/55 62/62/59
f 47/47/45 61/61/58 63/63/60
f 64/64/61 63/63/60 61/61/58
f 64/64/61 65/65/62 63/63/60
f 53/53/51 66/66/63 55/55/48
f 53/53/51 67/67/64 66/66/63
f 53/53/51 52/52/50 68/68/65
f 53/53/51 68/68/65 67/67/64
f 69/69/66 66/66/63 67/67/64
f 68/68/65 69/69/66 67/67/64
f 52/52/50 42/42/40 68/68/65
f 42/42/40 70/70/67 68/68/65
f 42/42/40 71/41/39 70/70/67
f 68/68/65 70/70/67 72/69/68
f 63/63/60 73/71/69 46/46/44
f 63/63/60 46/46/44 47/47/45
f 74/71/69 49/49/47 46/46/44
f 75/71/70 76/72/71 49/49/55
f 77/73/72 78/74/73 79/75/74
f 77/73/72 80/76/75 78/74/73
f 80/76/75 81/77/76 78/74/73
f 79/75/74 82/78/77 77/73/72
f 79/75/74 83/79/78 82/78/77
f 79/75/74 78/74/73 84/80/59
f 78/74/73 81/77/76 85/81/61
f 78/74/73 85/81/61 86/82/58
f 86/82/58 87/83/57 78/74/73
f 78/74/73 87/83/57 84/80/59
f 82/78/77 83/79/78 88/84/79
f 89/85/80 88/84/79 83/79/78
f 89/85/80 90/86/81 88/84/79
f 91/87/82 88/84/79 90/86/81
f 91/87/82 82/78/77 88/84/79
f 92/88/83 90/86/81 89/85/80
f 92/88/83 89/85/80 93/89/84
f 89/85/80 94/90/85 93/89/84
f 93/89/84 94/90/85 95/91/86
f 94/90/85 89/85/80 96/92/70
f 97/93/62 92/88/83 93/89/84
f 98/93/87 93/89/84 95/91/86
f 89/85/80 83/79/78 99/94/88
f 89/85/80 99/94/88 96/92/70
f 99/94/88 83/79/78 79/75/74
f 99/94/88 79/75/74 84/80/59
f 100/92/70 99/94/88 84/80/59
f 94/90/85 101/92/70 95/91/86
f 91/87/82 102/95/89 103/96/90
f 91/87/82 103/96/90 82/78/77
f 102/95/89 104/97/91 103/96/90
f 102/95/89 105/98/92 104/97/91
f 105/98/92 106/99/93 104/97/91
f 107/100/35 104/97/91 106/99/93
f 106/99/93 108/101/94 107/100/35
f 106/99/93 109/102/95 108/101/94
f 110/103/96 109/102/95 106/99/93
f 106/99/93 111/104/97 110/103/96
f 105/98/92 111/104/97 106/99/93
f 77/73/72 82/78/77 103/96/90
f 77/73/72 103/96/90 112/105/98
f 113/106/99 112/105/98 103/96/90
f 113/106/99 103/96/90 104/97/91
f 113/106/99 114/107/100 112/105/98
f 77/73/72 112/105/98 114/107/100
f 113/106/99 115/108/101 114/107/100
f 115/108/101 116/109/102 114/107/100
f 116/109/102 115/108/101 117/110/103
f 117/110/103 115/108/101 113/106/99
f 116/109/102 117/110/103 118/111/104
f 117/110/103 119/112/105 118/111/104
f 117/110/103 120/113/106 119/112/105
f 120/113/106 117/110/103 121/114/107
f 120/113/106 121/114/107 122/115/108
f 77/73/72 114/107/100 80/76/75
f 117/110/103 113/106/99 123/116/109
f 117/110/103 123/116/109 121/114/107
f 80/76/75 114/107/100 124/117/110
f 114/107/100 116/109/102 124/117/110
f 125/118/111 126/119/112 127/120/113
f 128/121/114 125/118/111 127/120/113
f 127/120/113 129/122/115 128/121/114
f 127/120/113 130/123/116 129/122/115
f 129/122/115 130/123/116 131/124/117
f 130/123/116 132/125/118 131/124/117
f 133/126/119 130/123/116 127/120/113
f 127/120/113 134/127/120 133/126/119
f 130/123/116 133/126/119 135/128/121
f 130/123/116 135/128/121 132/125/118
f 135/128/121 136/129/122 132/125/118
f 137/130/123 129/122/115 131/124/117
f 137/130/123 131/124/117 138/131/124
f 139/132/125 137/130/123 138/131/124
f 139/132/125 138/131/124 140/133/126
f 141/134/127 139/132/125 140/133/126
f 141/134/127 140/133/126 142/135/128
f 135/128/121 133/126/119 143/136/129
f 135/128/121 143/136/129 144/137/130
f 144/137/130 143/136/129 145/138/131
f 144/137/130 145/138/131 146/139/132
f 145/138/131 147/140/133 146/139/132
f 148/141/134 147/140/133 145/138/131
f 149/142/135 148/141/134 145/138/131
f 143/136/129 149/142/135 145/138/131
f 147/140/133 150/143/136 146/139/132
f 143/136/129 151/144/137 149/142/135
f 152/145/138 153/146/134 149/142/139
f 154/147/140 153/146/134 152/145/138
f 154/147/140 155/148/133 153/146/134
f 156/149/141 155/148/133 154/147/140
f 157/150/142 156/149/141 154/147/140
f 154/147/140 152/145/138 157/150/142
f 157/150/142 158/151/143 156/149/141
f 156/149/141 159/152/136 155/148/133
f 158/151/143 157/150/142 160/153/144
f 157/150/142 161/154/145 160/153/144
f 157/150/142 162/155/146 161/154/145
f 152/145/138 162/155/146 157/150/142
f 162/155/146 152/145/138 163/144/147
f 164/127/120 162/155/146 163/144/147
f 161/154/145 162/155/146 164/127/120
f 156/149/141 165/156/148 159/152/136
f 156/149/141 166/157/130 165/156/148
f 167/151/143 166/157/130 156/149/141
f 167/151/143 168/158/121 166/157/130
f 126/119/149 161/154/145 164/127/120
f 161/154/145 169/159/150 160/153/144
f 170/160/13 160/153/144 169/159/150
f 170/160/13 171/161/151 160/153/144
f 172/151/152 160/153/144 171/161/151
f 173/162/153 172/151/152 171/161/151
f 171/161/151 174/163/122 173/162/153
f 171/161/151 175/164/154 174/163/122
f 171/161/151 176/165/155 175/164/154
f 170/160/13 176/165/155 171/161/151
f 177/166/156 175/164/154 176/165/155
f 176/165/155 178/167/157 177/166/156
f 176/165/155 179/168/158 178/167/157
f 180/169/114 179/168/158 176/165/155
f 178/167/157 179/168/158 180/169/114
f 178/167/157 180/169/114 181/170/159
f 177/166/156 182/171/160 175/164/154
f 178/167/157 183/172/161 177/166/156
f 178/167/157 184/173/162 183/172/161
f 181/170/159 184/173/162 178/167/157
f 184/173/162 185/174/163 183/172/161
f 184/173/162 186/175/127 185/174/163
f 181/170/159 187/176/123 184/173/162
f 187/176/123 186/175/127 184/173/162
f 187/176/123 188/177/164 186/175/127
f 189/178/165 183/172/161 185/174/163
f 189/178/165 190/179/166 183/172/161
f 190/179/166 182/171/160 177/166/156
f 190/179/166 177/166/156 183/172/161
f 170/160/13 191/180/167 176/165/155
f 192/181/168 193/182/169 194/183/170
f 192/181/168 194/183/170 195/184/171
f 172/151/152 193/182/169 192/181/168
f 172/151/152 173/162/153 193/182/169
f 193/182/169 196/185/172 194/183/170
f 193/182/169 197/186/173 196/185/172
f 173/162/153 197/186/173 193/182/169
f 173/162/153 174/163/122 197/186/173
f 192/181/168 195/184/171 198/187/174
f 192/181/168 198/187/174 199/188/175
f 200/151/143 192/181/168 199/188/175
f 200/151/143 199/188/175 201/158/176
f 202/144/177 152/145/178 203/142/179
f 133/126/119 134/127/120 151/144/180
f 133/126/119 204/144/137 143/136/129
f 205/189/172 206/190/174 207/191/181
f 205/189/172 207/191/181 208/192/182
f 209/193/173 206/190/174 205/189/172
f 209/193/173 210/194/183 206/190/174
f 135/128/121 210/194/183 209/193/173
f 136/129/122 135/128/121 209/193/173
f 126/119/112 211/127/184 127/120/113
f 161/154/145 212/195/9 169/159/150
f 213/119/112 212/195/9 161/154/145
f 213/119/112 214/196/185 212/195/9
f 215/197/6 214/196/185 213/119/112
f 215/197/6 213/119/112 125/118/186
f 216/198/187 217/41/188 43/43/41
f 216/198/187 43/43/41 218/199/189
f 218/199/189 43/43/41 50/50/48
f 219/200/188 220/201/187 221/202/190
f 219/200/188 221/202/190 222/203/191
f 220/201/187 223/204/192 221/202/190
f 220/201/187 224/205/193 223/204/192
f 221/202/190 225/206/194 222/203/191
f 222/203/191 225/206/194 226/207/195
f 221/202/190 227/208/196 225/206/194
f 221/202/190 223/204/192 228/209/197
f 221/202/190 228/209/197 227/208/196
f 229/210/198 227/208/196 228/209/197
f 223/204/192 229/210/198 228/209/197
f 229/210/198 230/211/199 227/208/196
f 223/204/192 231/212/200 229/210/198
f 232/205/201 231/212/200 223/204/192
f 232/205/201 233/213/67 231/212/200
f 233/213/67 234/214/191 231/212/200
f 233/213/67 235/215/39 234/214/191
f 234/214/191 236/216/202 231/212/200
f 231/212/200 237/217/203 229/210/198
f 237/217/203 231/212/200 238/218/204
f 229/210/198 237/217/203 238/218/204
f 229/210/198 238/218/204 230/211/199
f 231/212/200 236/216/202 238/218/204
f 234/214/191 239/219/205 240/216/202
f 241/220/206 242/221/199 243/218/207
f 244/222/194 241/220/206 243/218/207
f 244/222/194 243/218/207 245/216/202
f 246/223/205 244/222/194 245/216/202
f 247/224/208 248/225/209 249/226/210
f 247/224/208 250/227/211 248/225/209
f 250/227/211 251/228/212 248/225/209
f 252/229/213 248/225/209 251/228/212
f 251/228/212 250/227/211 253/230/214
f 253/230/214 250/227/211 254/231/215
f 249/226/210 255/232/216 247/224/208
f 249/226/210 256/233/217 255/232/216
f 250/227/211 247/224/208 257/234/218
f 258/235/219 250/227/211 257/234/218
f 258/235/219 257/234/218 259/236/220
f 247/224/208 260/237/221 257/234/218
f 247/224/208 255/232/216 260/237/221
f 261/238/222 259/236/220 257/234/218
f 257/234/218 260/237/221 261/238/222
f 260/237/221 255/232/216 261/238/222
f 255/232/216 256/233/217 261/238/222
f 259/236/220 261/238/222 262/239/223
f 262/239/223 261/238/222 263/240/224
f 261/238/222 264/241/225 263/240/224
f 256/233/217 264/241/225 261/238/222
f 263/240/224 264/241/225 265/242/226
f 266/243/227 264/241/225 256/233/217
f 266/243/227 256/233/217 267/244/228
f 256/233/217 268/245/229 267/244/228
f 249/226/210 268/245/229 256/233/217
f 249/226/210 269/246/230 268/245/229
f 270/247/231 269/246/230 249/226/210
f 270/247/231 271/248/232 269/246/230
f 270/247/231 272/249/233 271/248/232
f 268/245/229 273/250/234 267/244/228
f 269/246/230 273/250/234 268/245/229
f 274/251/235 267/244/228 273/250/234
f 274/251/235 273/250/234 275/252/236
f 275/252/236 273/250/234 276/253/237
f 271/248/232 276/253/237 269/246/230
f 269/246/230 276/253/237 273/250/234
f 275/252/236 276/253/237 277/254/238
f 271/248/232 278/254/238 276/253/237
f 279/255/239 278/254/238 271/248/232
f 270/247/231 249/226/210 280/256/240
f 281/257/241 270/247/231 280/256/240
f 270/247/231 281/257/241 282/249/233
f 282/249/233 283/258/242 271/248/243
f 283/258/242 284/259/244 271/248/243
f 285/260/245 281/257/241 280/256/240
f 286/261/246 285/260/245 280/256/240
f 287/259/247 288/255/248 271/248/249
f 289/248/250 290/253/251 278/254/252
f 289/248/250 291/246/253 290/253/251
f 292/247/254 291/246/253 289/248/250
f 292/247/254 289/248/250 293/249/233
f 292/247/254 294/226/255 291/246/253
f 294/226/255 295/245/256 291/246/253
f 294/226/255 296/233/257 295/245/256
f 294/226/255 297/232/258 296/233/257
f 294/226/255 298/224/259 297/232/258
f 298/224/259 294/226/255 299/225/260
f 298/224/259 299/225/260 300/227/261
f 300/227/261 299/225/260 301/228/262
f 302/229/213 301/228/262 299/225/260
f 301/228/262 303/230/214 300/227/261
f 303/230/214 304/231/263 300/227/261
f 300/227/261 305/234/264 298/224/259
f 306/235/265 305/234/264 300/227/261
f 306/235/265 307/236/266 305/234/264
f 298/224/259 305/234/264 308/237/267
f 298/224/259 308/237/267 297/232/258
f 309/238/268 305/234/264 307/236/266
f 305/234/264 309/238/268 308/237/267
f 308/237/267 309/238/268 297/232/258
f 297/232/258 309/238/268 296/233/257
f 307/236/266 310/239/223 309/238/268
f 310/239/223 311/240/224 309/238/268
f 309/238/268 311/240/224 312/241/269
f 296/233/257 309/238/268 312/241/269
f 313/243/270 296/233/257 312/241/269
f 313/243/270 314/244/271 296/233/257
f 296/233/257 314/244/271 295/245/256
f 295/245/256 314/244/271 315/250/272
f 316/251/235 315/250/272 314/244/271
f 316/251/235 317/252/273 315/250/272
f 317/252/273 290/253/251 315/250/272
f 317/252/273 318/254/252 290/253/251
f 291/246/253 295/245/256 315/250/272
f 291/246/253 315/250/272 290/253/251
f 313/243/270 312/241/269 319/262/274
f 319/262/274 320/263/275 313/243/270
f 313/243/270 320/263/275 321/264/276
f 321/264/276 320/263/275 322/265/277
f 322/265/277 323/266/235 321/264/276
f 319/262/274 312/241/269 324/242/226
f 320/263/275 319/262/274 324/242/226
f 311/240/224 324/242/226 312/241/269
f 320/263/275 324/242/226 325/267/278
f 326/265/279 320/263/275 325/267/278
f 327/265/277 328/264/280 323/266/281
f 328/264/280 327/265/277 329/263/282
f 266/243/227 328/264/280 329/263/282
f 330/262/283 266/243/227 329/263/282
f 266/243/227 330/262/283 264/241/225
f 330/262/283 265/242/226 264/241/225
f 329/263/282 265/242/226 330/262/283
f 329/263/282 331/267/284 265/242/226
f 332/265/279 331/267/284 329/263/282
f 333/231/285 250/227/211 334/268/286
f 250/227/211 335/235/265 334/268/286
f 333/231/285 334/268/286 300/227/287
f 300/227/287 334/268/286 335/235/265
f 336/69/66 337/269/288 66/66/189
f 338/270/289 339/271/290 340/272/213
f 339/271/290 341/273/291 340/272/213
f 342/274/292 343/275/293 344/276/294
f 343/275/293 345/271/295 344/276/294
f 346/270/296 344/276/294 345/271/295
f 347/277/297 348/278/37 21/21/20
f 24/24/23 347/277/297 21/21/20
f 348/278/37 28/28/27 21/21/20
f 349/1/298 350/4/299 351/3/300
f 349/1/298 351/3/300 352/2/301
f 350/4/299 353/5/302 351/3/300
f 350/4/299 354/6/303 353/5/302
f 351/3/300 355/7/304 352/2/301
f 351/3/300 356/8/305 355/7/304
f 353/5/302 356/8/305 351/3/300
f 353/5/302 357/9/306 356/8/305
f 358/10/307 356/8/305 357/9/306
f 358/10/307 359/11/308 356/8/305
f 359/11/308 355/7/304 356/8/305
f 349/1/298 352/2/301 360/12/309
f 350/4/299 361/13/310 354/6/303
f 362/14/311 361/13/310 350/4/299
f 349/1/298 362/14/311 350/4/299
f 362/14/311 363/15/312 361/13/310
f 362/14/311 364/16/308 363/15/312
f 364/16/308 362/14/311 365/17/313
f 349/1/298 365/17/313 362/14/311
f 366/18/314 365/17/313 349/1/298
f 366/18/314 349/1/298 360/12/309
f 366/18/314 360/12/309 367/19/315
f 366/18/314 367/19/315 368/20/316
f 368/20/316 367/19/315 369/21/317
f 370/22/318 366/18/314 368/20/316
f 364/16/308 365/17/313 370/22/318
f 366/18/314 370/22/318 365/17/313
f 370/22/318 368/20/316 371/23/319
f 372/24/320 368/20/316 369/21/317
f 372/24/320 371/23/319 368/20/316
f 373/25/321 367/19/315 360/12/309
f 374/26/322 367/19/315 373/25/321
f 374/26/322 375/27/323 367/19/315
f 367/19/315 375/27/323 369/21/317
f 369/21/317 375/27/323 376/28/324
f 377/29/325 374/26/322 373/25/321
f 377/29/325 373/25/321 378/30/326
f 378/30/326 379/31/320 377/29/325
f 378/30/326 380/32/327 379/31/320
f 381/33/328 380/32/327 378/30/326
f 381/33/328 382/34/318 380/32/327
f 375/27/323 374/26/322 383/35/329
f 375/27/323 383/35/329 384/36/330
f 383/35/329 374/26/322 385/37/331
f 385/37/331 374/26/322 377/29/325
f 385/37/331 377/29/325 386/38/332
f 379/31/320 386/38/332 377/29/325
f 385/37/331 386/38/332 387/39/333
f 378/30/326 352/2/301 381/33/328
f 378/30/326 373/25/321 352/2/301
f 373/25/321 360/12/309 352/2/301
f 352/2/301 388/40/334 381/33/328
f 388/40/334 382/34/318 381/33/328
f 355/7/304 382/34/318 388/40/334
f 355/7/304 388/40/334 352/2/301
f 359/11/308 382/34/318 355/7/304
f 389/41/335 390/43/336 391/42/337
f 391/42/337 390/43/336 392/44/338
f 391/42/337 392/44/338 393/45/339
f 393/45/339 392/44/338 394/46/340
f 393/45/339 394/46/340 395/47/341
f 396/48/342 394/46/340 392/44/338
f 397/49/343 394/46/340 396/48/342
f 396/48/342 392/44/338 398/50/344
f 390/43/336 398/50/344 392/44/338
f 399/51/345 393/45/339 395/47/341
f 400/52/346 393/45/339 399/51/345
f 400/52/346 391/42/337 393/45/339
f 399/51/345 401/53/347 400/52/346
f 399/51/345 402/54/348 401/53/347
f 402/54/348 403/55/349 401/53/347
f 402/54/348 404/56/342 403/55/349
f 405/57/350 404/56/342 402/54/348
f 405/57/350 406/58/351 404/56/342
f 407/59/352 405/57/350 402/54/348
f 407/59/352 402/54/348 399/51/345
f 399/51/345 395/47/341 407/59/352
f 407/59/352 408/60/353 405/57/350
f 408/60/353 406/58/351 405/57/350
f 407/59/352 409/61/354 408/60/353
f 395/47/341 409/61/354 407/59/352
f 408/60/353 410/62/355 406/58/351
f 395/47/341 411/63/356 409/61/354
f 401/53/347 403/55/349 412/66/357
f 401/53/347 412/66/357 413/67/358
f 401/53/347 414/68/359 400/52/346
f 401/53/347 413/67/358 414/68/359
f 415/69/360 413/67/358 412/66/357
f 414/68/359 413/67/358 415/69/360
f 400/52/346 414/68/359 391/42/337
f 391/42/337 414/68/359 416/70/361
f 391/42/337 416/70/361 417/41/335
f 414/68/359 418/69/362 416/70/361
f 419/64/363 409/61/354 420/63/356
f 419/64/363 420/63/356 421/65/62
f 411/63/356 394/46/340 422/71/364
f 411/63/356 395/47/341 394/46/340
f 423/71/364 394/46/340 397/49/343
f 424/71/364 397/49/365 425/72/366
f 426/73/367 427/75/368 428/74/369
f 426/73/367 428/74/369 429/76/75
f 429/76/75 428/74/369 430/77/76
f 427/75/368 426/73/367 431/78/370
f 427/75/368 431/78/370 432/79/371
f 428/74/369 427/75/368 433/80/355
f 428/74/369 433/80/355 434/83/372
f 435/82/354 428/74/369 434/83/372
f 428/74/369 436/81/61 430/77/76
f 428/74/369 435/82/354 436/81/61
f 437/94/373 433/80/355 427/75/368
f 437/94/373 427/75/368 432/79/371
f 438/92/364 433/80/355 437/94/373
f 439/85/374 437/94/373 432/79/371
f 437/94/373 439/85/374 440/92/375
f 439/85/374 432/79/371 441/84/376
f 431/78/370 441/84/376 432/79/371
f 439/85/374 441/84/376 442/86/81
f 443/87/82 442/86/81 441/84/376
f 443/87/82 441/84/376 431/78/370
f 444/88/83 439/85/374 442/86/81
f 444/88/83 445/89/377 439/85/374
f 439/85/374 445/89/377 446/90/378
f 439/85/374 446/90/378 440/92/375
f 446/90/378 445/89/377 447/91/379
f 448/92/380 446/90/378 447/91/379
f 449/93/381 445/89/377 444/88/83
f 450/93/62 447/91/379 445/89/377
f 443/87/82 431/78/370 451/96/382
f 443/87/82 451/96/382 452/95/89
f 452/95/89 451/96/382 453/97/329
f 452/95/89 453/97/329 454/98/383
f 454/98/383 453/97/329 455/99/384
f 456/100/385 455/99/384 453/97/329
f 455/99/384 456/100/385 457/101/333
f 455/99/384 457/101/333 458/102/386
f 459/103/387 455/99/384 458/102/386
f 455/99/384 459/103/387 460/104/97
f 454/98/383 455/99/384 460/104/97
f 426/73/367 451/96/382 431/78/370
f 426/73/367 461/105/388 451/96/382
f 462/106/389 453/97/329 451/96/382
f 462/106/389 451/96/382 461/105/388
f 462/106/389 461/105/388 463/107/390
f 426/73/367 463/107/390 461/105/388
f 462/106/389 463/107/390 464/108/391
f 464/108/391 463/107/390 465/109/392
f 465/109/392 466/110/393 464/108/391
f 466/110/393 462/106/389 464/108/391
f 465/109/392 467/111/104 466/110/393
f 466/110/393 467/111/104 468/112/394
f 466/110/393 468/112/394 469/113/395
f 469/113/395 470/114/324 466/110/393
f 469/113/395 471/115/396 470/114/324
f 426/73/367 429/76/75 463/107/390
f 466/110/393 472/116/397 462/106/389
f 466/110/393 470/114/324 472/116/397
f 429/76/75 473/117/110 463/107/390
f 463/107/390 473/117/110 465/109/392
f 474/118/398 475/120/399 476/119/400
f 477/121/401 475/120/399 474/118/398
f 475/120/399 477/121/401 478/122/402
f 475/120/399 478/122/402 479/123/403
f 478/122/402 480/124/404 479/123/403
f 479/123/403 480/124/404 481/125/405
f 482/126/406 475/120/399 479/123/403
f 475/120/399 482/126/406 483/127/407
f 479/123/403 484/128/408 482/126/406
f 479/123/403 481/125/405 484/128/408
f 484/128/408 481/125/405 485/129/409
f 486/130/410 480/124/404 478/122/402
f 486/130/410 487/131/411 480/124/404
f 488/132/412 487/131/411 486/130/410
f 488/132/412 489/133/413 487/131/411
f 490/134/414 489/133/413 488/132/412
f 490/134/414 491/135/415 489/133/413
f 484/128/408 492/136/416 482/126/406
f 484/128/408 493/137/417 492/136/416
f 493/137/417 494/138/418 492/136/416
f 493/137/417 495/139/419 494/138/418
f 494/138/418 495/139/419 496/140/420
f 497/141/421 494/138/418 496/140/420
f 498/142/422 494/138/418 497/141/421
f 492/136/416 494/138/418 498/142/422
f 496/140/420 495/139/419 499/143/423
f 492/136/416 498/142/422 500/144/424
f 501/145/425 498/142/426 502/146/421
f 503/147/427 501/145/425 502/146/421
f 503/147/427 502/146/421 504/148/420
f 505/149/428 503/147/427 504/148/420
f 506/150/429 503/147/427 505/149/428
f 503/147/427 506/150/429 501/145/425
f 506/150/429 505/149/428 507/151/430
f 505/149/428 504/148/420 508/152/423
f 507/151/430 509/153/431 506/150/429
f 506/150/429 509/153/431 510/154/432
f 506/150/429 510/154/432 511/155/433
f 501/145/425 506/150/429 511/155/433
f 511/155/433 512/144/434 501/145/425
f 513/127/407 512/144/434 511/155/433
f 510/154/432 513/127/407 511/155/433
f 505/149/428 508/152/423 514/156/435
f 505/149/428 514/156/435 515/157/417
f 516/151/436 505/149/428 515/157/417
f 516/151/436 515/157/417 517/158/408
f 476/119/437 513/127/407 510/154/432
f 510/154/432 509/153/431 518/159/312
f 519/160/310 518/159/312 509/153/431
f 519/160/310 509/153/431 520/161/438
f 521/151/430 520/161/438 509/153/431
f 522/162/439 520/161/438 521/151/430
f 520/161/438 522/162/439 523/163/409
f 520/161/438 523/163/409 524/164/440
f 520/161/438 524/164/440 525/165/441
f 519/160/310 520/161/438 525/165/441
f 526/166/442 525/165/441 524/164/440
f 525/165/441 526/166/442 527/167/443
f 525/165/441 527/167/443 528/168/444
f 529/169/445 525/165/441 528/168/444
f 527/167/443 529/169/445 528/168/444
f 527/167/443 530/170/446 529/169/445
f 526/166/442 524/164/440 531/171/447
f 527/167/443 526/166/442 532/172/448
f 527/167/443 532/172/448 533/173/449
f 530/170/446 527/167/443 533/173/449
f 533/173/449 532/172/448 534/174/450
f 533/173/449 534/174/450 535/175/414
f 530/170/446 533/173/449 536/176/410
f 536/176/410 533/173/449 535/175/414
f 536/176/410 535/175/414 537/177/451
f 538/178/452 534/174/450 532/172/448
f 538/178/452 532/172/448 539/179/453
f 539/179/453 532/172/448 526/166/442
f 539/179/453 526/166/442 531/171/447
f 519/160/310 525/165/441 540/180/454
f 541/181/455 542/183/456 543/182/457
f 541/181/455 544/184/458 542/183/456
f 521/151/430 541/181/455 543/182/457
f 521/151/430 543/182/457 522/162/439
f 543/182/457 542/183/456 545/185/459
f 543/182/457 545/185/459 546/186/460
f 522/162/439 543/182/457 546/186/460
f 522/162/439 546/186/460 523/163/409
f 541/181/455 547/187/461 544/184/458
f 541/181/455 548/188/462 547/187/461
f 549/151/430 548/188/462 541/181/455
f 549/151/430 550/158/408 548/188/462
f 551/144/463 552/142/464 501/145/465
f 482/126/406 500/144/434 483/127/407
f 482/126/406 492/136/416 553/144/424
f 554/189/466 555/191/458 556/190/461
f 554/189/466 557/192/467 555/191/458
f 558/193/460 554/189/466 556/190/461
f 558/193/460 556/190/461 559/194/468
f 484/128/408 558/193/460 559/194/468
f 485/129/409 558/193/460 484/128/408
f 476/119/400 475/120/399 560/127/469
f 476/119/437 510/154/432 561/195/470
f 510/154/432 518/159/312 561/195/470
f 562/119/471 561/195/470 563/196/472
f 564/197/473 562/119/471 563/196/472
f 564/197/473 474/118/441 562/119/471
f 565/198/474 390/43/336 566/41/475
f 565/198/474 567/199/476 390/43/336
f 567/199/476 398/50/344 390/43/336
f 568/200/335 569/203/477 570/202/478
f 568/200/335 570/202/478 571/201/479
f 571/201/479 570/202/478 572/204/480
f 571/201/479 572/204/480 573/205/360
f 570/202/478 569/203/477 574/206/481
f 569/203/477 575/207/482 574/206/481
f 570/202/478 574/206/481 576/208/483
f 570/202/478 577/209/484 572/204/480
f 570/202/478 576/208/483 577/209/484
f 578/210/485 577/209/484 576/208/483
f 572/204/480 577/209/484 578/210/485
f 578/210/485 576/208/483 579/211/486
f 572/204/480 578/210/485 580/212/487
f 581/205/362 572/204/480 580/212/487
f 581/205/362 580/212/487 582/213/361
f 582/213/361 580/212/487 583/214/488
f 582/213/361 583/214/488 584/215/335
f 583/214/488 580/212/487 585/216/489
f 580/212/487 578/210/485 586/217/490
f 586/217/490 587/218/491 580/212/487
f 578/210/485 587/218/491 586/217/490
f 578/210/485 579/211/486 587/218/491
f 580/212/487 587/218/491 585/216/489
f 583/214/488 588/216/492 589/219/482
f 590/220/493 591/218/494 592/221/486
f 593/222/495 591/218/494 590/220/493
f 593/222/495 594/216/489 591/218/494
f 595/223/482 594/216/489 593/222/495
f 292/247/254 596/249/233 597/257/241
f 597/257/241 598/256/496 292/247/254
f 599/260/245 598/256/496 597/257/241
f 600/261/246 598/256/496 599/260/245
f 292/247/254 598/256/496 294/226/255
f 596/249/497 289/248/498 601/258/104
f 601/258/104 289/248/498 602/259/499
f 603/259/394 289/248/500 604/255/248
f 605/255/248 289/248/250 278/254/252
f 606/69/360 412/66/476 607/269/479
f 608/270/289 609/272/501 610/271/502
f 610/271/502 609/272/501 611/273/503
f 612/274/292 613/276/504 614/275/505
f 614/275/505 613/276/504 615/271/255
f 616/270/289 615/271/255 613/276/504
f 617/277/506 369/21/317 618/278/507
f 372/24/320 369/21/317 617/277/506
f 618/278/507 369/21/317 376/28/324
o Object_33.001
v 0.246988 1.950185 -0.311294
v 0.190095 1.955118 -0.358919
v 0.450618 1.706346 -0.404677
v 0.474308 1.725031 -0.323218
v 0.553882 1.609709 -0.407318
v 0.577127 1.628042 -0.327391
v 0.241196 1.986942 -0.442000
v 0.409777 1.834139 -0.440433
v 0.586587 1.643321 -0.421944
v 0.612544 1.666818 -0.388718
v 0.441526 1.862446 -0.391709
v 0.244197 1.954690 -0.311313
v 0.608632 1.660708 -0.346146
v 0.389798 1.889101 -0.317339
v 0.612544 1.666818 -0.388718
v 0.441526 1.862446 -0.391709
v 0.304596 1.997280 -0.330201
v 0.305130 1.998097 -0.337384
v 0.238970 2.132771 -0.033563
v 0.315048 2.132588 -0.164913
v 0.309594 2.270004 -0.011246
v 0.286968 2.033117 -0.403964
v 0.280707 2.160990 -0.232238
v 0.280308 2.272168 -0.114161
v 0.115752 2.200294 -0.101998
v 0.104796 2.235505 -0.018753
v 0.208066 2.165405 0.047601
v 0.192553 2.282168 0.106601
v 0.219960 2.341334 -0.075822
v 0.200922 2.191926 -0.226165
v 0.280308 2.272168 -0.114161
v 0.280707 2.160990 -0.232238
v 0.205892 2.040835 -0.409293
v 0.286968 2.033117 -0.403964
v 0.180796 2.223945 -0.099754
v 0.175446 2.130235 0.012062
v 0.176373 2.371607 0.004757
v 0.272878 2.319876 -0.052201
v 0.185678 2.343335 0.063834
v 0.222866 2.013809 -0.426899
v -0.183964 0.055147 -0.592423
v -0.122481 0.518370 -0.425265
v -0.041429 0.476051 -0.471586
v 0.041097 0.733557 -0.323468
v -0.049684 0.729517 -0.302274
v 0.047332 0.795755 -0.320660
v -0.043811 0.789467 -0.285403
v 0.107899 0.749771 -0.214835
v 0.113962 0.816657 -0.217703
v 0.095027 0.691908 -0.236022
v -0.043901 0.748762 -0.170888
v -0.060550 0.686314 -0.202733
v 0.025901 0.672044 -0.181767
v 0.042417 0.741093 -0.153732
v 0.095027 0.691908 -0.236022
v 0.107899 0.749771 -0.214835
v 0.051479 0.818407 -0.151784
v 0.113962 0.816657 -0.217703
v -0.036997 0.806059 -0.168275
v 0.096681 1.276167 -0.202361
v -0.014112 1.307052 -0.248496
v 0.147192 1.316682 -0.301020
v -0.041200 1.271917 -0.419727
v -0.080914 1.296455 -0.236047
v -0.084439 1.310565 -0.424821
v 0.018307 0.395604 -0.382198
v -0.045004 0.400460 -0.305451
v -0.118436 0.447185 -0.327299
v -0.157670 0.003338 -0.478253
v -0.210758 0.028455 -0.510660
v -0.183964 0.055147 -0.592423
v -0.157670 0.003338 -0.478253
v 0.106668 1.243918 -0.454723
v 0.106668 1.243918 -0.454723
v 0.106668 1.243918 -0.454723
v 0.147192 1.316682 -0.301020
v 0.109723 1.733639 -0.158176
v 0.075835 1.407943 -0.183845
v 0.149263 1.454401 -0.263564
v -0.062386 1.722492 -0.048494
v -0.076282 1.386410 -0.162491
v 0.134429 1.768278 -0.308916
v 0.146082 1.484001 -0.412644
v 0.147192 1.316682 -0.301020
v -0.080914 1.296455 -0.236047
v -0.014112 1.307052 -0.248496
v 0.096681 1.276167 -0.202361
v 0.059787 1.555520 -0.435960
v 0.068901 1.466868 -0.474236
v -0.074529 1.594517 -0.414731
v -0.067045 1.786406 -0.370829
v -0.082105 1.399365 -0.457742
v -0.051073 1.353945 -0.475789
v 0.077618 1.370876 -0.488440
v -0.041200 1.271917 -0.419727
v 0.106668 1.243918 -0.454723
v -0.084439 1.310565 -0.424821
v -0.084439 1.310565 -0.424821
v 0.150800 1.441273 -0.421903
v 0.106668 1.243918 -0.454723
v 0.106668 1.243918 -0.454723
v -0.080083 2.009950 -0.287210
v 0.136424 1.981658 -0.242279
v 0.180796 2.223945 -0.099754
v -0.107091 2.273798 -0.159253
v 0.056661 2.409280 0.024624
v 0.176373 2.371607 0.004757
v 0.185678 2.343335 0.063834
v 0.069272 2.347416 0.085655
v -0.031680 2.363778 0.131662
v -0.118803 2.397228 0.062120
v 0.124893 1.874068 -0.116486
v 0.175446 2.130235 0.012062
v 0.038047 1.821571 -0.045995
v 0.067107 2.044096 0.087339
v -0.080753 2.039717 0.143792
v 0.072219 2.287593 0.132630
v -0.106770 2.288377 0.165459
v -0.031680 2.363778 0.131662
v 0.069272 2.347416 0.085655
v 0.192553 2.282168 0.106601
v 0.185678 2.343335 0.063834
v 0.208066 2.165405 0.047601
v -0.055698 1.792410 -0.021672
v 0.615588 1.616286 -0.316393
v 0.559343 1.610258 -0.397582
v 0.587811 1.586216 -0.364581
v 0.585006 1.581817 -0.321820
v 0.598592 1.541995 -0.308034
v 0.605783 1.538756 -0.349236
v 0.623217 1.523683 -0.312437
v 0.645309 1.541705 -0.322039
v 0.631382 1.492213 -0.390239
v 0.576874 1.499202 -0.426969
v 0.657098 1.493077 -0.359870
v 0.677023 1.493950 -0.335614
v 0.602862 1.495426 -0.298643
v 0.626660 1.494247 -0.302835
v 0.606227 1.469977 -0.301184
v 0.625659 1.470658 -0.302935
v 0.607986 1.452918 -0.286294
v 0.627775 1.453612 -0.288078
v 0.615671 1.461586 -0.377787
v 0.637097 1.454974 -0.348581
v 0.590358 1.449216 -0.356500
v 0.610361 1.448005 -0.330157
v 0.581424 1.423105 -0.351683
v 0.557764 1.436015 -0.385897
v 0.561562 1.455012 -0.392006
v 0.599546 1.422117 -0.327011
v 0.578578 1.469526 -0.425606
v 0.590471 1.451638 -0.433372
v 0.557764 1.436015 -0.385897
v 0.626796 1.427248 -0.382809
v 0.581424 1.423105 -0.351683
v 0.647121 1.430626 -0.352926
v 0.661975 1.487538 -0.406258
v 0.681618 1.490027 -0.375837
v 0.599546 1.422117 -0.327011
v 0.653383 1.622481 -0.402130
v 0.603852 1.616488 -0.428880
v 0.602468 1.495721 -0.447685
v 0.578578 1.469526 -0.425606
v 0.576874 1.499202 -0.426969
v 0.610361 1.448005 -0.330157
v 0.637097 1.454974 -0.348581
v 0.681618 1.490027 -0.375837
v 0.657098 1.493077 -0.359870
v 0.612544 1.666818 -0.388718
v 0.608632 1.660708 -0.346146
v 0.658269 1.622260 -0.346406
v 0.681618 1.490027 -0.375837
v 0.697487 1.492036 -0.351256
v 0.677023 1.493950 -0.335614
v 0.645309 1.541705 -0.322039
v 0.615588 1.616286 -0.316393
v 0.627834 1.544097 -0.288197
v 0.600900 1.546698 -0.285936
v 0.596947 1.591878 -0.300160
v 0.585006 1.581817 -0.321820
v 0.598592 1.541995 -0.308034
v 0.623217 1.523683 -0.312437
v 0.631180 1.497285 -0.279455
v 0.603591 1.499329 -0.277008
v 0.627775 1.453612 -0.288078
v 0.607986 1.452918 -0.286294
v 0.602862 1.495426 -0.298643
v 0.606227 1.469977 -0.301184
v 0.625659 1.470658 -0.302935
v 0.626660 1.494247 -0.302835
v 0.577127 1.628042 -0.327391
v 0.663490 1.423443 -0.364423
v 0.679698 1.426058 -0.340120
v 0.637122 1.402178 -0.312456
v 0.623678 1.400000 -0.331500
v 0.639911 1.428178 -0.313269
v 0.665840 1.445547 -0.330362
v 0.624885 1.428729 -0.336702
v 0.647077 1.446179 -0.355531
v 0.681618 1.490027 -0.375837
v 0.657098 1.493077 -0.359870
v 0.578578 1.469526 -0.425606
v 0.561562 1.455012 -0.392006
v 0.578578 1.469526 -0.425606
v 0.639911 1.428178 -0.313269
v 0.624885 1.428729 -0.336702
v 0.623678 1.400000 -0.331500
v 0.637122 1.402178 -0.312456
v 0.665840 1.445547 -0.330362
v 0.647077 1.446179 -0.355531
v 0.576874 1.499202 -0.426969
v 0.586587 1.643321 -0.421944
v 0.559343 1.610258 -0.397582
v 0.553882 1.609709 -0.407318
v 0.577127 1.628042 -0.327391
v -0.122377 0.018305 -0.535621
v -0.183964 0.055147 -0.592423
v 0.018307 0.395604 -0.382198
v -0.183964 0.055147 -0.592423
v -0.122377 0.018305 -0.535621
v -0.128678 -0.037289 -0.547273
v -0.187457 -0.025902 -0.616497
v -0.166259 -0.045214 -0.477853
v -0.157670 0.003338 -0.478253
v -0.134320 -0.142341 -0.629900
v -0.190323 -0.137584 -0.652045
v -0.051090 -0.199927 -0.276761
v -0.107435 -0.139226 -0.297128
v -0.163034 -0.171784 -0.238555
v -0.163806 -0.201944 -0.208817
v -0.222831 -0.039361 -0.533166
v -0.157670 0.003338 -0.478253
v -0.210758 0.028455 -0.510660
v -0.187457 -0.025902 -0.616497
v -0.183964 0.055147 -0.592423
v -0.235922 -0.145164 -0.611067
v -0.195158 -0.164423 -0.254516
v -0.216177 -0.206426 -0.234408
v -0.190323 -0.137584 -0.652045
v -0.235922 -0.145164 -0.611067
v -0.051090 -0.199927 -0.276761
v -0.163806 -0.201944 -0.208817
v -0.216177 -0.206426 -0.234408
v -0.134320 -0.142341 -0.629900
v -0.235922 -0.145164 -0.611067
v -0.190323 -0.137584 -0.652045
v -0.044245 2.475459 0.378029
v -0.064014 2.431782 0.346545
v 0.010167 2.449105 0.310065
v -0.091867 2.462777 0.382104
v -0.120642 2.422938 0.369009
v -0.119983 2.422101 0.355964
v -0.118675 2.449382 0.379150
v -0.119874 2.453957 0.408070
v -0.003814 2.526665 0.378148
v 0.035052 2.584315 0.373618
v -0.101874 2.507938 0.405440
v -0.116375 2.491700 0.410322
v -0.113278 2.528986 0.418887
v -0.053307 2.515095 0.409829
v -0.046847 2.541991 0.432298
v -0.112392 2.549136 0.437417
v -0.110362 2.578567 0.451497
v -0.044232 2.579108 0.449092
v -0.100053 2.688623 0.456183
v 0.012892 2.649977 0.437517
v 0.030587 2.732293 0.343541
v 0.052902 2.627595 0.291199
v 0.014734 2.495034 0.247428
v -0.059430 2.327934 0.247636
v -0.028431 2.424606 0.186228
v -0.112828 2.356835 0.198377
v 0.032893 2.660552 0.198863
v -0.076443 2.767937 0.173932
v -0.088151 2.606796 0.107320
v 0.018302 2.552157 0.178427
v -0.100846 2.485026 0.124884
v -0.100846 2.485026 0.124884
v -0.118803 2.397228 0.062120
v -0.079351 2.355667 0.308348
v -0.125823 2.296942 0.260978
v -0.112828 2.356835 0.198377
v -0.106770 2.288377 0.165459
v -0.031680 2.363778 0.131662
v -0.128761 2.330876 0.306494
v -0.128310 2.343501 0.311289
v -0.031680 2.363778 0.131662
v -0.118803 2.397228 0.062120
v -0.189815 2.440112 0.177084
v -0.210316 2.574123 0.165476
v -0.224717 2.516600 0.225438
v -0.180792 2.338131 0.232200
v -0.112828 2.356835 0.198377
v -0.239282 2.471572 0.287157
v -0.242369 2.655963 0.274470
v -0.242395 2.610971 0.357901
v -0.215933 2.547046 0.366129
v -0.186201 2.489097 0.369986
v -0.171685 2.442127 0.340447
v -0.142613 2.467653 0.379230
v -0.120642 2.422938 0.369009
v -0.119983 2.422101 0.355964
v -0.118675 2.449382 0.379150
v -0.119874 2.453957 0.408070
v -0.126892 2.510342 0.404022
v -0.116375 2.491700 0.410322
v -0.113278 2.528986 0.418887
v -0.173398 2.526633 0.403026
v -0.177109 2.554506 0.424918
v -0.112392 2.549136 0.437417
v -0.110362 2.578567 0.451497
v -0.174494 2.591623 0.441712
v -0.215468 2.671919 0.424580
v -0.206588 2.755080 0.330104
v -0.206263 2.683529 0.185313
v -0.076443 2.767937 0.173932
v -0.088151 2.606796 0.107320
v -0.100846 2.485026 0.124884
v -0.160904 2.684188 0.441870
v -0.173633 2.768339 0.367101
v -0.206588 2.755080 0.330104
v -0.078757 2.807831 0.282449
v -0.076443 2.767937 0.173932
v -0.100053 2.688623 0.456183
v -0.089341 2.766426 0.399053
v -0.078757 2.807831 0.282449
v -0.078757 2.807831 0.282449
v 0.030587 2.732293 0.343541
v -0.003182 2.751962 0.376755
v -0.039937 2.672564 0.448723
v -0.089341 2.766426 0.399053
v -0.078757 2.807831 0.282449
v -0.119874 2.453957 0.408070
v -0.119548 2.459496 0.411712
v -0.116375 2.491700 0.410322
v -0.157670 0.003338 -0.478253
v -0.122377 0.018305 -0.535621
v -0.103402 2.483637 0.198078
v 0.010167 2.449105 0.310065
v -0.119983 2.422101 0.355964
v -0.064014 2.431782 0.346545
v -0.128310 2.343501 0.311289
v -0.079351 2.355667 0.308348
v -0.122218 2.337166 0.259211
v 0.010167 2.449105 0.310065
v -0.103402 2.483637 0.198078
v 0.272878 2.319876 -0.052201
v 0.185678 2.343335 0.063834
v -0.309609 1.779567 -0.154989
v -0.487061 1.536482 -0.045751
v -0.452982 1.484998 -0.106853
v -0.252432 1.771630 -0.197747
v -0.534932 1.380696 -0.057714
v -0.568371 1.431215 0.002240
v -0.298472 1.749014 -0.285046
v -0.434595 1.582934 -0.203540
v -0.572076 1.394618 -0.086698
v -0.604966 1.425476 -0.069502
v -0.475469 1.624366 -0.175328
v -0.313496 1.776116 -0.155643
v -0.603787 1.442524 -0.029840
v -0.436772 1.694991 -0.126013
v -0.604966 1.425476 -0.069502
v -0.475469 1.624366 -0.175328
v -0.373307 1.797365 -0.193977
v -0.377692 1.785249 -0.201165
v -0.396081 2.048273 0.011676
v -0.447168 1.971111 -0.108643
v -0.499479 2.155901 -0.033524
v -0.356846 1.793434 -0.275782
v -0.409733 1.976846 -0.179953
v -0.454870 2.122575 -0.124920
v -0.282440 2.112363 -0.074366
v -0.293959 2.180945 -0.015602
v -0.387536 2.119399 0.070631
v -0.402288 2.216794 0.082536
v -0.419549 2.215401 -0.119330
v -0.341517 2.028617 -0.184994
v -0.454870 2.122575 -0.124920
v -0.409733 1.976846 -0.179953
v -0.280926 1.816534 -0.282257
v -0.356846 1.793434 -0.275782
v -0.363995 2.151247 -0.102251
v -0.344528 2.068326 0.015471
v -0.394776 2.294510 -0.029432
v -0.469155 2.191933 -0.090923
v -0.404446 2.272175 0.032084
v -0.288890 1.782311 -0.284666
v -0.343448 0.102549 -0.194795
v -0.369698 0.559950 -0.148172
v -0.279560 0.586899 -0.107497
v -0.379789 0.850800 -0.046378
v -0.292757 0.826966 -0.022632
v -0.371232 0.886819 -0.059448
v -0.283857 0.871635 -0.017921
v -0.436756 0.906322 0.051064
v -0.422615 0.970272 0.017183
v -0.440944 0.839519 0.045396
v -0.289370 0.878800 0.100420
v -0.291505 0.799439 0.082886
v -0.378275 0.811673 0.103824
v -0.373513 0.899837 0.112494
v -0.440944 0.839519 0.045396
v -0.436756 0.906322 0.051064
v -0.358441 0.983978 0.080001
v -0.422615 0.970272 0.017183
v -0.278493 0.940886 0.078084
v -0.272147 1.360052 -0.175472
v -0.160153 1.333596 -0.221460
v -0.314625 1.363700 -0.285512
v -0.144330 1.253918 -0.383625
v -0.446472 0.513558 -0.048253
v -0.382573 0.514451 0.028153
v -0.299987 0.536333 0.000704
v -0.380025 0.078850 -0.074332
v -0.322887 0.083685 -0.109139
v -0.343448 0.102549 -0.194795
v -0.380025 0.078850 -0.074332
v -0.080914 1.296455 -0.236047
v -0.144330 1.253918 -0.383625
v -0.084439 1.310565 -0.424821
v -0.313920 1.267743 -0.410408
v -0.313920 1.267743 -0.410408
v -0.313920 1.267743 -0.410408
v -0.314625 1.363700 -0.285512
v -0.237828 1.745506 -0.150799
v -0.300745 1.469767 -0.254012
v -0.227343 1.418297 -0.177411
v -0.062386 1.722492 -0.048494
v -0.076282 1.386410 -0.162491
v -0.266481 1.781968 -0.300407
v -0.301874 1.499297 -0.403137
v -0.314625 1.363700 -0.285512
v -0.272147 1.360052 -0.175472
v -0.160153 1.333596 -0.221460
v -0.080914 1.296455 -0.236047
v -0.310544 1.458363 -0.411845
v -0.313920 1.267743 -0.410408
v -0.228720 1.477030 -0.467918
v -0.313920 1.267743 -0.410408
v -0.211969 1.564798 -0.430192
v -0.074529 1.594517 -0.414731
v -0.067045 1.786406 -0.370829
v -0.082105 1.399365 -0.457742
v -0.116899 1.356194 -0.474394
v -0.244556 1.381878 -0.481604
v -0.144330 1.253918 -0.383625
v -0.313920 1.267743 -0.410408
v -0.084439 1.310565 -0.424821
v -0.084439 1.310565 -0.424821
v -0.285453 1.937307 -0.239871
v -0.080083 2.009950 -0.287210
v -0.363995 2.151247 -0.102251
v -0.107091 2.273798 -0.159253
v -0.290986 2.366735 0.011304
v -0.394776 2.294510 -0.029432
v -0.404446 2.272175 0.032084
v -0.295553 2.306972 0.063304
v -0.196275 2.346474 0.132600
v -0.118803 2.397228 0.062120
v -0.250382 1.834616 -0.114344
v -0.344528 2.068326 0.015471
v -0.153727 1.801413 -0.044899
v -0.225101 2.014136 0.100126
v -0.080753 2.039717 0.143792
v -0.285452 2.251685 0.126613
v -0.106770 2.288377 0.165459
v -0.196275 2.346474 0.132600
v -0.295553 2.306972 0.063304
v -0.402288 2.216794 0.082536
v -0.404446 2.272175 0.032084
v -0.387536 2.119399 0.070631
v -0.055698 1.792410 -0.021672
v -0.601331 1.379188 0.034662
v -0.568608 1.357665 -0.014975
v -0.541139 1.387923 -0.043387
v -0.567334 1.348530 0.027104
v -0.577602 1.306290 0.035513
v -0.582566 1.307287 -0.006130
v -0.600105 1.286456 0.027690
v -0.623388 1.303395 0.018953
v -0.601637 1.263763 -0.053508
v -0.546449 1.279972 -0.086082
v -0.628670 1.258694 -0.024735
v -0.649667 1.254882 -0.001696
v -0.577755 1.258743 0.039325
v -0.601110 1.255903 0.033694
v -0.578515 1.233572 0.033738
v -0.597825 1.232681 0.030980
v -0.579286 1.214789 0.046481
v -0.598945 1.213881 0.043673
v -0.583609 1.233442 -0.043734
v -0.605598 1.221508 -0.016714
v -0.558209 1.221009 -0.022587
v -0.579175 1.214884 0.002282
v -0.547009 1.195436 -0.020257
v -0.523183 1.214392 -0.051402
v -0.528529 1.233550 -0.055530
v -0.566053 1.189900 0.003087
v -0.545328 1.250310 -0.088182
v -0.555063 1.232453 -0.098577
v -0.523183 1.214392 -0.051402
v -0.591111 1.199066 -0.053222
v -0.547009 1.195436 -0.020257
v -0.613003 1.197033 -0.024344
v -0.630873 1.258241 -0.071652
v -0.652025 1.255325 -0.042302
v -0.566053 1.189900 0.003087
v -0.635617 1.391972 -0.051818
v -0.584571 1.393715 -0.076238
v -0.570619 1.276639 -0.108468
v -0.545328 1.250310 -0.088182
v -0.546449 1.279972 -0.086082
v -0.579175 1.214884 0.002282
v -0.605598 1.221508 -0.016714
v -0.652025 1.255325 -0.042302
v -0.628670 1.258694 -0.024735
v -0.604966 1.425476 -0.069502
v -0.603787 1.442524 -0.029840
v -0.642986 1.384742 0.003159
v -0.652025 1.255325 -0.042302
v -0.669115 1.252968 -0.018584
v -0.649667 1.254882 -0.001696
v -0.623388 1.303395 0.018953
v -0.601331 1.379188 0.034662
v -0.607785 1.303365 0.053780
v -0.581356 1.308125 0.057836
v -0.581167 1.354839 0.049055
v -0.567334 1.348530 0.027104
v -0.577602 1.306290 0.035513
v -0.600105 1.286456 0.027690
v -0.606961 1.255740 0.056970
v -0.579841 1.259987 0.061188
v -0.598945 1.213881 0.043673
v -0.579286 1.214789 0.046481
v -0.577755 1.258743 0.039325
v -0.578515 1.233572 0.033738
v -0.597825 1.232681 0.030980
v -0.601110 1.255903 0.033694
v -0.568371 1.431215 0.002240
v -0.628054 1.189791 -0.037483
v -0.602139 1.165043 0.013149
v -0.645530 1.188035 -0.013992
v -0.587698 1.166358 -0.005228
v -0.607396 1.190593 0.015125
v -0.634088 1.207420 -0.001327
v -0.591444 1.195270 -0.007209
v -0.614349 1.212723 -0.025168
v -0.652025 1.255325 -0.042302
v -0.628670 1.258694 -0.024735
v -0.545328 1.250310 -0.088182
v -0.528529 1.233550 -0.055530
v -0.545328 1.250310 -0.088182
v -0.607396 1.190593 0.015125
v -0.587698 1.166358 -0.005228
v -0.591444 1.195270 -0.007209
v -0.602139 1.165043 0.013149
v -0.634088 1.207420 -0.001327
v -0.614349 1.212723 -0.025168
v -0.546449 1.279972 -0.086082
v -0.572076 1.394618 -0.086698
v -0.541139 1.387923 -0.043387
v -0.534932 1.380696 -0.057714
v -0.568371 1.431215 0.002240
v -0.411353 0.092771 -0.134214
v -0.343448 0.102549 -0.194795
v -0.446472 0.513558 -0.048253
v -0.343448 0.102549 -0.194795
v -0.360910 0.047224 -0.212881
v -0.410739 0.019819 -0.141167
v -0.411353 0.092771 -0.134214
v -0.365436 0.005891 -0.077545
v -0.380025 0.078850 -0.074332
v -0.404495 -0.070960 -0.239224
v -0.351817 -0.057201 -0.265395
v -0.444222 -0.187561 0.106868
v -0.396041 -0.118980 0.091068
v -0.331836 -0.153679 0.138559
v -0.325202 -0.187585 0.163074
v -0.315816 0.025600 -0.136228
v -0.380025 0.078850 -0.074332
v -0.322887 0.083685 -0.109139
v -0.360910 0.047224 -0.212881
v -0.343448 0.102549 -0.194795
v -0.301626 -0.065822 -0.230429
v -0.302380 -0.140759 0.121059
v -0.275656 -0.182795 0.132417
v -0.301626 -0.065822 -0.230429
v -0.351817 -0.057201 -0.265395
v -0.444222 -0.187561 0.106868
v -0.275656 -0.182795 0.132417
v -0.325202 -0.187585 0.163074
v -0.404495 -0.070960 -0.239224
v -0.301626 -0.065822 -0.230429
v -0.351817 -0.057201 -0.265395
v -0.112828 2.356835 0.198377
v -0.125823 2.296942 0.260978
v -0.172316 2.363478 0.296523
v -0.128761 2.330876 0.306494
v -0.128310 2.343501 0.311289
v -0.106770 2.288377 0.165459
v -0.196275 2.346474 0.132600
v -0.196275 2.346474 0.132600
v -0.118803 2.397228 0.062120
v -0.118803 2.397228 0.062120
v -0.380025 0.078850 -0.074332
v -0.411353 0.092771 -0.134214
v -0.103402 2.483637 0.198078
v -0.119983 2.422101 0.355964
v -0.239282 2.471572 0.287157
v -0.171685 2.442127 0.340447
v -0.128310 2.343501 0.311289
v -0.122218 2.337166 0.259211
v -0.172316 2.363478 0.296523
v -0.239282 2.471572 0.287157
v -0.103402 2.483637 0.198078
v -0.469155 2.191933 -0.090923
v -0.404446 2.272175 0.032084
vn -0.2923 -0.2638 0.9192
vn -0.8645 -0.4883 -0.1190
vn -0.6295 -0.6905 -0.3563
vn -0.2770 -0.3888 0.8787
vn -0.7354 -0.5386 -0.4111
vn -0.3652 -0.1878 0.9118
vn -0.2399 0.0527 -0.9694
vn 0.0476 0.0147 -0.9988
vn 0.1203 0.2132 -0.9696
vn 0.6775 0.6759 -0.2902
vn 0.7259 0.6343 -0.2657
vn -0.1722 -0.5382 0.8250
vn 0.5419 0.5849 0.6036
vn 0.4654 0.3777 0.8005
vn 0.6774 0.6759 -0.2902
vn 0.7248 0.6337 -0.2703
vn 0.0568 0.8443 0.5329
vn 0.2518 -0.9652 0.0701
vn 0.1854 -0.8289 0.5278
vn 0.9844 -0.1479 0.0949
vn 0.9266 0.1760 0.3322
vn 0.6230 0.6004 -0.5014
vn 0.6246 0.5938 -0.5072
vn 0.6699 0.5585 -0.4892
vn -0.9856 -0.0837 -0.1473
vn -0.7269 0.2294 0.6473
vn 0.5867 -0.3716 0.7195
vn 0.7131 0.0637 0.6981
vn -0.0608 0.8554 -0.5143
vn -0.3552 0.6574 -0.6646
vn 0.6699 0.5585 -0.4893
vn 0.6372 0.5946 -0.4903
vn -0.5751 0.4621 -0.6751
vn 0.7304 0.5892 -0.3455
vn 0.7267 0.4077 0.5529
vn 0.6985 -0.4080 0.5879
vn 0.4302 0.8995 0.0762
vn 0.7218 0.6833 -0.1099
vn 0.7366 0.5318 0.4178
vn -0.4395 0.2379 -0.8661
vn -0.2452 0.3109 -0.9183
vn -0.7741 0.4187 -0.4749
vn 0.3423 0.2719 -0.8994
vn 0.4538 0.1613 -0.8764
vn -0.7701 0.3812 -0.5115
vn 0.3612 -0.1514 -0.9201
vn -0.8776 0.0672 -0.4746
vn 0.9815 -0.1710 0.0857
vn 0.9831 -0.1079 0.1477
vn 0.9622 -0.2659 0.0585
vn -0.7308 -0.0527 0.6805
vn -0.8037 -0.0805 0.5896
vn 0.2097 -0.4502 0.8679
vn 0.2672 -0.2321 0.9353
vn 0.9641 -0.2603 0.0518
vn 0.9841 -0.1729 0.0411
vn 0.2943 0.0218 0.9555
vn 0.9833 -0.1084 0.1464
vn -0.7330 0.0828 0.6752
vn 0.3642 0.0885 0.9271
vn -0.4991 -0.3549 0.7905
vn 0.9920 -0.0565 0.1128
vn -0.5818 -0.6573 -0.4791
vn -0.0365 -0.7376 0.6743
vn -0.2395 -0.9303 -0.2778
vn 0.9576 -0.2880 -0.0045
vn 0.1569 -0.4363 0.8860
vn -0.8128 -0.0684 0.5786
vn 0.1837 -0.3912 0.9018
vn -0.9320 0.0660 0.3565
vn 0.1838 -0.3911 0.9018
vn 0.6127 -0.3220 -0.7217
vn 0.5127 -0.2907 -0.8079
vn 0.5126 -0.2907 -0.8079
vn 0.9920 -0.0566 0.1127
vn 0.9836 -0.1071 0.1451
vn 0.8533 -0.1459 0.5005
vn 0.4703 -0.2608 0.8431
vn 0.9420 -0.0595 0.3303
vn 0.0169 -0.3311 0.9435
vn 0.0016 -0.4940 0.8695
vn 0.8461 0.2199 -0.4855
vn 0.8550 0.2212 -0.4690
vn 0.9795 -0.0831 0.1834
vn -0.0326 -0.8402 0.5414
vn -0.3236 -0.8757 0.3583
vn 0.4661 -0.0493 0.8833
vn 0.2436 0.3656 -0.8983
vn 0.2343 0.2427 -0.9414
vn -0.0121 0.2466 -0.9690
vn -0.0414 0.3441 -0.9380
vn -0.0175 0.1080 -0.9940
vn -0.3338 -0.2280 -0.9147
vn 0.4716 -0.0226 -0.8815
vn -0.4734 -0.3336 -0.8152
vn 0.8028 -0.2117 -0.5574
vn -0.0400 -0.8872 -0.4597
vn -0.1870 -0.9586 -0.2148
vn 0.8802 0.0540 -0.4714
vn 0.5317 -0.2724 -0.8019
vn 0.6142 -0.3546 -0.7050
vn -0.0782 0.3876 -0.9185
vn 0.7732 0.1867 -0.6060
vn 0.5746 0.1726 -0.8000
vn -0.0840 0.6224 -0.7782
vn 0.1848 0.9794 -0.0820
vn 0.0595 0.9546 -0.2919
vn 0.1452 0.6974 0.7018
vn 0.3045 0.5879 0.7494
vn 0.6268 0.5310 0.5702
vn -0.0711 0.9387 -0.3373
vn 0.9177 -0.2563 0.3034
vn 0.8246 -0.4493 0.3439
vn 0.5327 -0.4447 0.7200
vn 0.5283 -0.3521 0.7726
vn 0.0859 -0.3440 0.9350
vn 0.3144 0.1797 0.9321
vn 0.0800 -0.1960 0.9773
vn 0.6223 0.5149 0.5896
vn 0.2978 0.7426 0.5998
vn 0.1998 0.1220 0.9722
vn 0.0983 0.7289 0.6775
vn 0.3971 -0.9011 0.1741
vn 0.0642 -0.4526 0.8894
vn -0.0919 0.4188 0.9034
vn -0.9919 0.0177 -0.1259
vn -0.9092 -0.1901 0.3705
vn -0.9812 0.1650 0.1002
vn -0.9163 -0.3853 -0.1097
vn -0.7730 -0.6340 0.0206
vn 0.4348 -0.6992 -0.5675
vn 0.5715 -0.3328 0.7501
vn -0.7463 -0.0350 0.6647
vn -0.9867 -0.1309 -0.0963
vn -0.6936 -0.1574 0.7029
vn 0.0800 -0.0416 0.9959
vn -0.8214 -0.1353 -0.5542
vn 0.6124 -0.0676 -0.7877
vn -0.6518 -0.3056 -0.6941
vn 0.5171 -0.2648 -0.8139
vn -0.4832 -0.8343 0.2654
vn 0.5669 -0.8074 0.1638
vn -0.4329 0.7701 0.4685
vn 0.1666 0.4653 0.8693
vn -0.4996 0.7153 0.4886
vn -0.0586 0.5602 0.8263
vn -0.6712 -0.6380 0.3775
vn -0.8940 -0.4477 0.0157
vn -0.8304 0.5559 0.0366
vn -0.2707 -0.5574 0.7849
vn -0.9570 0.1406 -0.2538
vn -0.1748 -0.5687 -0.8038
vn -0.8940 -0.4477 0.0158
vn -0.8305 0.5558 0.0366
vn 0.3292 -0.8715 -0.3636
vn -0.6712 -0.6380 0.3774
vn 0.6876 -0.6356 0.3509
vn 0.7059 -0.2488 -0.6632
vn 0.8278 -0.1347 -0.5446
vn 0.7526 0.4238 -0.5040
vn 0.0286 0.2113 -0.9770
vn -0.0004 -0.0690 -0.9976
vn -0.9570 0.1406 -0.2536
vn -0.9867 -0.1309 -0.0962
vn 0.1665 0.4653 0.8694
vn 0.8279 -0.1347 -0.5445
vn -0.6937 -0.1573 0.7029
vn -0.9919 0.0177 -0.1258
vn 0.7220 0.6369 -0.2703
vn 0.5295 0.6612 0.5314
vn 0.8013 0.4736 0.3655
vn 0.9926 0.0189 0.1202
vn 0.0799 -0.0416 0.9959
vn 0.5715 -0.3327 0.7501
vn -0.2517 0.3361 0.9076
vn 0.6473 0.1577 0.7457
vn -0.5808 0.1344 0.8029
vn -0.4307 0.4902 0.7578
vn -0.9812 0.1650 0.1003
vn -0.9163 -0.3853 -0.1096
vn 0.7741 -0.0068 0.6330
vn -0.6142 -0.0435 0.7879
vn 0.5669 -0.8073 0.1638
vn -0.4833 -0.8343 0.2655
vn -0.8213 -0.1352 -0.5542
vn -0.6518 -0.3054 -0.6942
vn 0.5170 -0.2649 -0.8140
vn 0.6123 -0.0675 -0.7878
vn -0.3124 -0.1735 0.9340
vn 0.1456 -0.5559 -0.8184
vn 0.8404 -0.4981 0.2135
vn -0.0848 -0.6571 0.7490
vn -0.6794 -0.7266 -0.1024
vn -0.1973 0.4213 0.8852
vn 0.0787 0.3247 0.9426
vn -0.9065 0.3945 -0.1506
vn -0.8554 0.3116 -0.4137
vn -0.6937 -0.1573 0.7028
vn -0.9570 0.1409 -0.2536
vn -0.1750 -0.5685 -0.8039
vn -0.8303 0.5561 0.0368
vn -0.9570 0.1405 -0.2536
vn -0.9570 0.1405 -0.2537
vn -0.1971 0.4212 0.8853
vn -0.0847 -0.6572 0.7489
vn 0.0788 0.3245 0.9426
vn -0.8555 0.3115 -0.4136
vn -0.9867 -0.1309 -0.0964
vn 0.1473 0.0948 -0.9845
vn -0.1476 -0.9866 0.0690
vn 0.5898 -0.7910 -0.1627
vn -0.1865 -0.3962 0.8990
vn -0.3797 -0.2316 0.8956
vn 0.9583 -0.2011 -0.2031
vn -0.2451 0.3109 -0.9183
vn 0.9576 -0.2881 -0.0045
vn -0.1902 0.2152 -0.9579
vn 0.9599 -0.1521 -0.2354
vn 0.9542 0.2305 -0.1907
vn -0.1719 0.4495 -0.8766
vn 0.0415 0.7318 0.6803
vn 0.1912 -0.2576 0.9471
vn 0.6261 -0.4550 -0.6333
vn -0.1502 -0.3934 -0.9070
vn 0.8371 -0.3720 0.4011
vn 0.3683 0.8014 0.4713
vn 0.0323 0.7434 0.6681
vn 0.0381 -0.2758 0.9605
vn -0.9534 0.2844 0.1012
vn 0.1026 -0.2795 0.9547
vn -0.9615 -0.0014 0.2749
vn -0.1356 0.4706 -0.8719
vn -0.2399 0.1956 -0.9509
vn -0.7644 -0.4979 -0.4096
vn -0.4054 0.7433 0.5322
vn -0.7041 -0.4467 0.5520
vn -0.1521 0.3870 -0.9094
vn -0.1500 -0.3934 -0.9070
vn 0.8371 -0.3720 0.4010
vn 0.0381 -0.2758 0.9604
vn -0.7040 -0.4468 0.5520
vn 0.6261 -0.4550 -0.6332
vn -0.7645 -0.4978 -0.4096
vn -0.1501 -0.3934 -0.9070
vn 0.3885 -0.5528 0.7372
vn 0.2031 -0.9788 -0.0251
vn 0.8303 -0.5306 0.1704
vn 0.3793 -0.5177 0.7669
vn -0.1103 -0.8036 0.5849
vn -0.0820 -0.9751 -0.2059
vn -0.1060 -0.6707 0.7341
vn -0.1100 -0.7817 0.6138
vn 0.6324 -0.4390 0.6382
vn 0.8910 -0.2179 0.3983
vn 0.2816 -0.4363 0.8546
vn -0.0729 -0.1786 0.9812
vn -0.1002 -0.5576 0.8241
vn 0.2640 -0.6163 0.7419
vn 0.3365 -0.5187 0.7860
vn -0.0997 -0.5471 0.8311
vn -0.0780 -0.2413 0.9673
vn 0.3186 -0.2736 0.9076
vn -0.0212 0.3346 0.9421
vn 0.6735 0.0810 0.7347
vn 0.8482 0.5191 0.1052
vn 0.9996 -0.0067 -0.0288
vn 0.9394 -0.2934 -0.1775
vn 0.6093 -0.7790 -0.1479
vn 0.8804 -0.3559 -0.3135
vn 0.1708 -0.9112 -0.3748
vn 0.8300 0.2507 -0.4983
vn 0.1090 0.7487 -0.6539
vn 0.0665 0.1067 -0.9921
vn 0.8323 -0.1484 -0.5340
vn 0.0649 0.0901 -0.9938
vn 0.0354 0.1093 -0.9934
vn 0.1581 0.8513 -0.5004
vn -0.0480 0.1300 0.9903
vn -0.0853 -0.9963 0.0129
vn -0.0603 -0.9828 -0.1747
vn -0.0176 -0.9970 0.0755
vn -0.1166 -0.0353 0.9926
vn 0.9297 -0.1886 -0.3165
vn 0.6314 0.5306 0.5656
vn -0.1495 -0.6446 0.7498
vn -0.0760 0.4458 0.8919
vn 0.6297 0.5230 0.5744
vn -0.0323 0.9230 -0.3833
vn 0.8825 -0.2528 -0.3967
vn -0.8884 -0.1686 -0.4269
vn -0.7766 0.0102 -0.6300
vn 0.0272 0.0897 -0.9956
vn -0.9415 -0.1090 -0.3188
vn -0.6766 -0.6629 -0.3204
vn -0.2386 -0.8491 -0.4713
vn -0.9345 -0.3558 0.0138
vn -0.9720 0.1905 -0.1375
vn -0.9537 -0.0389 0.2981
vn -0.7769 -0.3084 0.5489
vn -0.5745 -0.4625 0.6753
vn -0.3637 -0.9296 -0.0596
vn -0.5541 -0.4280 0.7140
vn -0.1104 -0.8035 0.5849
vn -0.0821 -0.9751 -0.2059
vn -0.1060 -0.6708 0.7341
vn -0.1098 -0.7817 0.6139
vn -0.4531 -0.3657 0.8130
vn -0.0726 -0.1786 0.9812
vn -0.1003 -0.5576 0.8241
vn -0.4575 -0.5470 0.7011
vn -0.5146 -0.4369 0.7378
vn -0.0996 -0.5471 0.8311
vn -0.4642 -0.1983 0.8632
vn -0.7238 0.2152 0.6556
vn -0.7406 0.6717 0.0152
vn -0.7044 0.4004 -0.5860
vn 0.0664 0.1066 -0.9921
vn 0.0650 0.0901 -0.9938
vn -0.2966 0.3443 0.8908
vn -0.4141 0.8096 0.4160
vn -0.7406 0.6718 0.0153
vn 0.1011 0.9892 -0.1063
vn 0.0402 0.7840 0.6195
vn 0.1011 0.9892 -0.1064
vn 0.8482 0.5192 0.1053
vn 0.1089 0.7487 -0.6538
vn 0.5110 0.7208 0.4684
vn 0.2550 0.2913 0.9220
vn 0.0403 0.7840 0.6195
vn -0.1099 -0.7818 0.6138
vn 0.3793 -0.5176 0.7669
vn -0.0787 -0.2500 0.9650
vn -0.0727 -0.1786 0.9812
vn 0.1836 -0.3912 0.9018
vn -0.1087 -0.4074 0.9067
vn 0.7288 -0.6180 0.2948
vn -0.1984 -0.9796 0.0318
vn 0.3422 -0.6731 0.6556
vn -0.0759 0.4457 0.8920
vn -0.0185 0.0478 0.9987
vn -0.0513 0.8449 0.5325
vn 0.8822 -0.4691 0.0417
vn -0.1383 -0.7315 0.6677
vn 0.6071 0.7865 -0.1132
vn 0.5955 0.7184 0.3596
vn 0.4119 0.8336 0.3680
vn 0.2669 0.1732 0.9480
vn 0.7811 -0.6237 0.0307
vn 0.9567 -0.2601 0.1307
vn 0.8597 -0.5018 -0.0956
vn 0.3111 0.3771 0.8724
vn 0.3448 -0.3595 -0.8671
vn 0.0513 -0.4959 -0.8668
vn -0.0717 -0.3328 -0.9403
vn -0.7666 0.2777 -0.5790
vn -0.8062 0.2454 -0.5383
vn 0.5309 -0.8307 0.1678
vn -0.6968 0.6782 0.2335
vn -0.5997 0.6193 0.5067
vn -0.7665 0.2777 -0.5791
vn -0.8065 0.2421 -0.5394
vn -0.1002 0.9659 -0.2388
vn -0.2130 -0.9763 -0.0377
vn -0.0716 -0.5433 0.8365
vn -0.9244 -0.3660 0.1077
vn -0.9827 0.0556 0.1765
vn -0.6476 0.1055 -0.7547
vn -0.6532 0.1202 -0.7476
vn -0.6912 0.0848 -0.7177
vn 0.9882 0.1453 -0.0494
vn 0.5967 0.6950 0.4012
vn -0.5292 -0.0623 0.8462
vn -0.7722 0.0428 0.6339
vn -0.0561 0.5932 -0.8031
vn 0.2938 0.3884 -0.8734
vn -0.6911 0.0848 -0.7178
vn -0.6690 0.1249 -0.7327
vn 0.5442 0.2488 -0.8012
vn -0.7945 0.1527 -0.5878
vn -0.8483 0.2942 0.4404
vn -0.6044 -0.4047 0.6862
vn -0.7417 0.6558 -0.1407
vn -0.8482 0.3521 -0.3956
vn -0.9198 0.3057 0.2461
vn 0.4866 -0.0904 -0.8689
vn 0.2993 0.0811 -0.9507
vn -0.2778 0.1992 -0.9398
vn 0.8466 0.1200 -0.5185
vn -0.4633 0.0413 -0.8852
vn 0.8367 0.0589 -0.5445
vn -0.4469 -0.3938 -0.8033
vn 0.8726 -0.3269 -0.3630
vn -0.9866 0.1441 0.0767
vn -0.9666 0.2311 0.1110
vn -0.9970 0.0172 0.0759
vn 0.6949 -0.0287 0.7185
vn 0.7599 -0.1750 0.6260
vn -0.2968 -0.1821 0.9374
vn -0.2820 0.1653 0.9450
vn -0.9969 0.0274 0.0736
vn -0.9921 0.1210 0.0335
vn -0.2234 0.5061 0.8330
vn -0.9646 0.2456 0.0958
vn 0.7466 0.1526 0.6475
vn -0.2692 0.6044 0.7498
vn 0.3671 -0.3033 0.8793
vn -0.9565 0.2884 0.0451
vn 0.2711 -0.9352 -0.2278
vn -0.9994 -0.0272 0.0197
vn -0.2472 -0.2286 0.9416
vn 0.7785 -0.1800 0.6013
vn -0.2610 -0.1762 0.9491
vn 0.9241 -0.1195 0.3631
vn 0.2993 0.0812 -0.9507
vn -0.2611 -0.1762 0.9491
vn 0.1609 -0.6065 0.7786
vn 0.2745 -0.9415 0.1957
vn 0.0719 -0.5425 -0.8370
vn 0.1989 -0.9697 -0.1419
vn -0.7591 -0.4043 -0.5102
vn -0.6727 -0.4502 -0.5872
vn -0.7232 -0.3234 -0.6103
vn -0.9341 0.3090 0.1789
vn -0.9368 0.3190 0.1440
vn -0.8329 -0.1660 0.5280
vn -0.9241 0.0174 0.3817
vn -0.4079 -0.1547 0.8998
vn 0.0417 -0.3606 0.9318
vn 0.0015 -0.4939 0.8695
vn -0.8389 0.2337 -0.4915
vn -0.8543 0.2886 -0.4324
vn -0.9730 0.1056 0.2053
vn -0.5465 0.3958 0.7380
vn 0.1123 -0.9362 0.3330
vn -0.0196 -0.8254 0.5642
vn -0.8810 0.1395 -0.4520
vn -0.7285 -0.2252 -0.6470
vn -0.2604 0.2578 -0.9304
vn -0.8669 -0.0859 -0.4910
vn -0.2560 0.3827 -0.8877
vn -0.0122 0.2466 -0.9690
vn 0.0103 0.3566 -0.9342
vn -0.0173 0.1080 -0.9940
vn 0.2587 -0.2905 -0.9213
vn -0.4080 -0.0870 -0.9088
vn 0.2544 -0.4733 -0.8433
vn -0.7460 -0.2446 -0.6194
vn 0.0993 -0.9899 -0.1011
vn -0.8123 0.0777 -0.5780
vn -0.0244 0.3965 -0.9177
vn -0.6182 0.0205 -0.7857
vn -0.0654 0.6176 -0.7838
vn -0.4324 0.8947 -0.1121
vn -0.1686 0.8547 -0.4909
vn -0.4274 0.6787 0.5972
vn -0.5173 0.4650 0.7184
vn -0.7912 0.4020 0.4609
vn -0.1548 0.9315 -0.3291
vn -0.8418 -0.3920 0.3711
vn -0.7467 -0.5761 0.3325
vn -0.4334 -0.5330 0.7267
vn -0.4258 -0.4356 0.7930
vn 0.0255 -0.3375 0.9410
vn -0.4234 0.1865 0.8865
vn -0.0625 -0.2249 0.9724
vn -0.7491 0.3886 0.5364
vn -0.5123 0.7292 0.4536
vn -0.3996 0.3046 0.8646
vn -0.3431 0.7596 0.5525
vn -0.3154 -0.9102 0.2684
vn 0.0376 -0.4617 0.8862
vn 0.0096 0.3160 0.9487
vn 0.9056 -0.1488 0.3973
vn 0.9902 0.1227 -0.0670
vn 0.9550 0.2408 0.1733
vn 0.9533 -0.2846 -0.1007
vn 0.8292 -0.5589 -0.0076
vn -0.3386 -0.6642 -0.6665
vn -0.5700 -0.4695 0.6743
vn 0.7152 -0.0450 0.6975
vn 0.9981 -0.0282 -0.0547
vn 0.6730 -0.1752 0.7186
vn -0.1207 -0.1658 0.9787
vn 0.8549 0.0065 -0.5187
vn -0.5665 -0.0296 -0.8235
vn 0.7093 -0.1607 -0.6863
vn -0.4514 -0.2131 -0.8665
vn 0.5493 -0.8122 0.1964
vn -0.4927 -0.8693 0.0396
vn 0.3344 0.7458 0.5762
vn -0.2503 0.3425 0.9056
vn 0.4050 0.6953 0.5937
vn -0.0336 0.4619 0.8863
vn 0.7122 -0.6141 0.3402
vn 0.9317 -0.3630 0.0155
vn 0.7700 0.6211 0.1461
vn 0.2877 -0.6190 0.7308
vn 0.9494 0.2561 -0.1819
vn 0.2656 -0.4516 -0.8518
vn 0.7700 0.6211 0.1460
vn 0.9317 -0.3630 0.0154
vn -0.2262 -0.8489 -0.4777
vn 0.7121 -0.6142 0.3401
vn -0.6379 -0.7326 0.2375
vn -0.6475 -0.2322 -0.7258
vn -0.7852 -0.1445 -0.6022
vn 0.2876 -0.6190 0.7308
vn -0.8243 0.2828 -0.4904
vn -0.2897 -0.2294 -0.9292
vn 0.0524 0.0494 -0.9974
vn 0.9494 0.2560 -0.1818
vn 0.9981 -0.0282 -0.0546
vn -0.0336 0.4618 0.8863
vn -0.2503 0.3424 0.9056
vn -0.7852 -0.1444 -0.6022
vn 0.6729 -0.1751 0.7187
vn 0.9725 0.1375 -0.1880
vn -0.7482 0.2190 -0.6262
vn -0.7083 0.6307 0.3170
vn -0.8385 0.3492 0.4184
vn -0.9942 -0.0859 0.0654
vn 0.1480 0.4744 0.8677
vn -0.6928 0.0090 0.7210
vn 0.5280 0.0912 0.8443
vn 0.3462 0.4347 0.8314
vn 0.9550 0.2408 0.1734
vn 0.9534 -0.2846 -0.1006
vn -0.3385 -0.6642 -0.6666
vn -0.7978 -0.1518 0.5835
vn 0.5790 -0.0799 0.8114
vn -0.4927 -0.8693 0.0395
vn 0.5493 -0.8123 0.1962
vn 0.8549 0.0064 -0.5187
vn 0.7091 -0.1609 -0.6865
vn -0.4515 -0.2130 -0.8665
vn -0.5664 -0.0297 -0.8236
vn 0.2341 0.2902 0.9279
vn -0.0536 -0.4665 -0.8829
vn 0.1141 -0.7304 0.6735
vn -0.7969 -0.5943 0.1081
vn 0.7506 -0.6446 -0.1454
vn 0.1151 0.3302 0.9369
vn -0.1527 0.2026 0.9673
vn 0.8698 0.4905 -0.0537
vn 0.8391 0.4348 -0.3269
vn -0.7852 -0.1445 -0.6021
vn 0.6729 -0.1752 0.7187
vn 0.9493 0.2564 -0.1817
vn 0.7698 0.6213 0.1462
vn 0.2658 -0.4514 -0.8518
vn 0.9494 0.2562 -0.1818
vn 0.1149 0.3301 0.9369
vn 0.7506 -0.6446 -0.1455
vn 0.8698 0.4904 -0.0538
vn 0.1140 -0.7304 0.6734
vn -0.1527 0.2027 0.9673
vn 0.8391 0.4349 -0.3269
vn 0.9981 -0.0281 -0.0547
vn -0.1621 -0.9501 -0.2665
vn 0.9176 -0.2304 0.3240
vn -0.8680 -0.4950 0.0397
vn -0.5018 -0.8123 0.2973
vn 0.2351 0.3132 0.9201
vn 0.2136 0.4658 0.8587
vn -0.9815 0.0230 -0.1903
vn -0.9994 -0.0272 0.0198
vn 0.0530 0.1267 -0.9905
vn 0.1032 0.5123 -0.8526
vn -0.9692 0.2459 -0.0156
vn -0.9726 -0.1312 -0.1919
vn -0.0622 0.6611 0.7477
vn -0.2501 -0.3101 0.9172
vn -0.6464 -0.4215 -0.6361
vn 0.0875 -0.2398 -0.9669
vn -0.7530 -0.5118 0.4136
vn -0.3866 0.6815 0.6213
vn -0.0277 0.6311 0.7752
vn 0.0890 -0.4147 0.9056
vn 0.9401 0.3336 0.0699
vn -0.0785 -0.2758 0.9580
vn 0.9049 -0.2024 0.3745
vn 0.1976 0.5550 -0.8080
vn 0.2831 0.0647 -0.9569
vn 0.7582 -0.3503 -0.5499
vn 0.3912 0.6966 0.6014
vn 0.7960 -0.4457 0.4095
vn 0.0193 0.5286 -0.8487
vn 0.7583 -0.3503 -0.5498
vn 0.0877 -0.2398 -0.9669
vn -0.7529 -0.5119 0.4136
vn 0.7960 -0.4458 0.4094
vn 0.0891 -0.4148 0.9056
vn -0.6464 -0.4214 -0.6360
vn -0.0604 -0.9828 -0.1747
vn -0.0854 -0.9963 0.0129
vn -0.1585 0.1187 0.9802
vn -0.1496 -0.6446 0.7498
vn 0.0281 -0.9969 0.0737
vn -0.9569 -0.2582 -0.1327
vn 0.0356 0.0748 0.9966
vn -0.5146 0.6558 0.5524
vn -0.5596 0.6503 0.5137
vn -0.9274 -0.3314 -0.1733
vn -0.1027 0.8566 -0.5057
vn 0.1447 0.8593 -0.4905
vn -0.9814 0.0230 -0.1904
vn -0.0909 -0.4089 0.9081
vn 0.0261 -0.9969 0.0745
vn -0.8707 -0.4621 0.1683
vn -0.5484 -0.4922 0.6760
vn 0.0826 0.8283 0.5541
vn -0.2131 0.0124 0.9769
vn -0.9396 -0.3005 -0.1636
vn -0.1161 -0.7335 0.6697
vn -0.7376 0.4973 -0.4568
vn -0.7815 0.6059 0.1487
vt 0.730382 0.103619
vt 0.705649 0.144477
vt 0.906050 0.162418
vt 0.907543 0.101904
vt 0.999984 0.166941
vt 1.001061 0.095946
vt 0.733494 0.205318
vt 0.838940 0.209383
vt 0.991053 0.210366
vt 0.981648 0.252295
vt 0.840260 0.252371
vt 0.689743 0.104698
vt 0.991405 0.052870
vt 0.810174 0.064464
vt 0.981657 0.011468
vt 0.840250 0.011429
vt 0.734207 0.056759
vt 0.693123 0.056174
vt 0.518060 0.096757
vt 0.575201 0.047645
vt 0.473165 0.043970
vt 0.716055 0.011396
vt 0.597290 0.011359
vt 0.510869 0.011322
vt 0.522475 0.164896
vt 0.485011 0.157654
vt 0.479927 0.107408
vt 0.445175 0.049232
vt 0.473366 0.225391
vt 0.579352 0.211659
vt 0.510849 0.252622
vt 0.597275 0.252464
vt 0.688056 0.203710
vt 0.716059 0.252303
vt 0.459430 0.138427
vt 0.448360 0.105872
vt 0.445220 0.217118
vt 0.468555 0.252667
vt 0.435264 0.252667
vt 0.710772 0.204691
vt 0.809314 0.993189
vt 0.844593 0.748486
vt 0.799681 0.766537
vt 0.795370 0.616810
vt 0.844460 0.624653
vt 0.796731 0.566457
vt 0.846052 0.573862
vt 0.737687 0.589384
vt 0.737679 0.566887
vt 0.737691 0.611583
vt 0.903594 0.595045
vt 0.902086 0.622902
vt 0.947494 0.615460
vt 0.947980 0.591500
vt 0.993009 0.611673
vt 0.993010 0.589483
vt 0.948583 0.568105
vt 0.993012 0.566905
vt 0.904969 0.574145
vt 0.939443 0.344499
vt 0.898532 0.361084
vt 0.993076 0.320695
vt 0.854260 0.365264
vt 0.915162 0.347050
vt 0.854851 0.350073
vt 0.993004 0.780156
vt 0.944441 0.769131
vt 0.900724 0.759988
vt 0.936461 0.995025
vt 0.880074 0.997653
vt 0.789589 0.353336
vt 0.737576 0.320774
vt 0.459999 0.699940
vt 0.421847 0.911548
vt 0.493482 0.874305
vt 0.334346 0.703269
vt 0.334346 0.906337
vt 0.574509 0.696105
vt 0.570429 0.874521
vt 0.490508 0.948126
vt 0.334346 0.965522
vt 0.365140 0.975937
vt 0.420117 0.965795
vt 0.650541 0.838561
vt 0.643075 0.892767
vt 0.726515 0.817051
vt 0.726515 0.703484
vt 0.726515 0.932364
vt 0.709975 0.959389
vt 0.635989 0.948441
vt 0.695226 0.983366
vt 0.579503 0.979625
vt 0.726515 0.978941
vt 0.572418 0.925007
vt 0.726515 0.610225
vt 0.575486 0.609180
vt 0.574131 0.447552
vt 0.726515 0.445670
vt 0.628909 0.318546
vt 0.561909 0.331279
vt 0.561667 0.289065
vt 0.629838 0.284131
vt 0.681244 0.268659
vt 0.726515 0.308737
vt 0.465542 0.609718
vt 0.497836 0.448231
vt 0.389955 0.608312
vt 0.424485 0.456931
vt 0.334346 0.436815
vt 0.434410 0.332167
vt 0.334346 0.318454
vt 0.382074 0.269755
vt 0.433481 0.285227
vt 0.501409 0.332846
vt 0.501652 0.290161
vt 0.532354 0.423067
vt 0.334346 0.607952
vt 0.079805 0.232283
vt 0.164710 0.210607
vt 0.122523 0.194649
vt 0.082536 0.195321
vt 0.065738 0.163787
vt 0.098907 0.148763
vt 0.061632 0.142152
vt 0.067395 0.121429
vt 0.123677 0.114515
vt 0.175785 0.114562
vt 0.094627 0.115280
vt 0.071940 0.113520
vt 0.035702 0.148111
vt 0.041923 0.132093
vt 0.020229 0.138299
vt 0.026355 0.125859
vt 0.005702 0.131286
vt 0.011940 0.118620
vt 0.124248 0.087244
vt 0.097369 0.085301
vt 0.124231 0.055219
vt 0.098622 0.055224
vt 0.124118 0.033753
vt 0.158367 0.040381
vt 0.164154 0.054336
vt 0.099739 0.035139
vt 0.171577 0.088395
vt 0.192231 0.080816
vt 0.172887 0.036601
vt 0.229659 0.051083
vt 0.207206 0.014433
vt 0.253565 0.037615
vt 0.259273 0.099604
vt 0.295568 0.088781
vt 0.225257 0.005464
vt 0.257519 0.214069
vt 0.210893 0.208562
vt 0.203087 0.112287
vt 0.256732 0.004405
vt 0.275505 0.029551
vt 0.296663 0.056271
vt 0.254448 0.243670
vt 0.287294 0.248875
vt 0.299549 0.220380
vt 0.323300 0.104611
vt 0.343328 0.116239
vt 0.349575 0.166371
vt 0.341191 0.234380
vt 0.379236 0.180734
vt 0.393815 0.198439
vt 0.369935 0.227020
vt 0.383913 0.245331
vt 0.408148 0.211617
vt 0.372524 0.153454
vt 0.406401 0.154959
vt 0.418570 0.170953
vt 0.432503 0.130104
vt 0.445823 0.142555
vt 0.433494 0.180403
vt 0.448844 0.163198
vt 0.412154 0.127150
vt 0.395815 0.139939
vt 0.325332 0.261049
vt 0.344700 0.051550
vt 0.359289 0.070966
vt 0.389947 0.045029
vt 0.374202 0.026325
vt 0.391323 0.064504
vt 0.369359 0.086828
vt 0.352694 0.023153
vt 0.330809 0.036634
vt 0.068269 0.054545
vt 0.088448 0.054365
vt 0.085147 0.033440
vt 0.068311 0.035581
vt 0.069129 0.082960
vt 0.091835 0.081384
vt 0.214759 0.239928
vt 0.170727 0.242683
vt 0.094294 0.262400
vt 0.737783 0.987757
vt 0.737708 0.780107
vt 0.274783 0.263290
vt 0.251897 0.284556
vt 0.265085 0.304716
vt 0.290410 0.280108
vt 0.230808 0.322133
vt 0.234686 0.293532
vt 0.317161 0.315098
vt 0.326877 0.296848
vt 0.247112 0.446506
vt 0.230894 0.421947
vt 0.204488 0.436013
vt 0.200804 0.450038
vt 0.202857 0.296193
vt 0.220949 0.280878
vt 0.186739 0.265822
vt 0.206200 0.254811
vt 0.152216 0.291162
vt 0.194174 0.426648
vt 0.177297 0.438725
vt 0.148125 0.271043
vt 0.109679 0.437051
vt 0.158639 0.453515
vt 0.110675 0.292890
vt 0.130164 0.279394
vt 0.048936 0.787641
vt 0.037433 0.823986
vt 0.095670 0.805101
vt 0.018334 0.795488
vt 0.001309 0.823986
vt 0.001309 0.828672
vt 0.001309 0.805245
vt 0.001309 0.793266
vt 0.072476 0.756292
vt 0.104842 0.722758
vt 0.009703 0.762035
vt 0.001309 0.770446
vt 0.001309 0.745864
vt 0.041600 0.754625
vt 0.045013 0.731461
vt 0.001309 0.728107
vt 0.001309 0.706350
vt 0.045012 0.704329
vt 0.000634 0.640415
vt 0.080537 0.664700
vt 0.172489 0.654188
vt 0.168984 0.731210
vt 0.146949 0.810560
vt 0.044855 0.876465
vt 0.134665 0.883862
vt 0.053879 0.921862
vt 0.230813 0.753236
vt 0.327296 0.709405
vt 0.289853 0.844016
vt 0.198004 0.819694
vt 0.222406 0.906637
vt 0.208321 0.985394
vt 0.032665 0.835220
vt 0.001309 0.884699
vt 0.068912 0.997425
vt 0.136690 0.961832
vt 0.001309 0.847491
vt 0.001309 0.839125
vt 0.041894 0.649915
vt 0.070649 0.583980
vt 0.103642 0.580263
vt 0.049090 0.502723
vt 0.103028 0.449168
vt 0.013527 0.576938
vt 0.001309 0.788851
vt 0.992969 0.987765
vt 0.232379 0.916718
vt 0.282941 0.969753
vt 0.311768 0.908112
vt 0.306313 0.933309
vt 0.220304 0.994415
vt 0.243005 0.989735
vt 0.222758 0.978624
vt 0.468563 0.011307
vt 0.435273 0.011298
s 1
usemtl enemy_tonnel.001
f 619/279/508 620/280/509 621/281/510
f 619/279/508 621/281/510 622/282/511
f 622/282/511 621/281/510 623/283/512
f 622/282/511 623/283/512 624/284/513
f 621/281/510 620/280/509 625/285/514
f 621/281/510 625/285/514 626/286/515
f 623/283/512 621/281/510 626/286/515
f 623/283/512 626/286/515 627/287/516
f 628/288/517 627/287/516 626/286/515
f 628/288/517 626/286/515 629/289/518
f 629/289/518 626/286/515 625/285/514
f 619/279/508 630/290/519 620/280/509
f 622/282/511 624/284/513 631/291/520
f 632/292/521 622/282/511 631/291/520
f 619/279/508 622/282/511 632/292/521
f 632/292/521 631/291/520 633/293/522
f 632/292/521 633/293/522 634/294/523
f 634/294/523 635/295/524 632/292/521
f 619/279/508 632/292/521 635/295/524
f 636/296/525 630/290/519 619/279/508
f 636/296/525 619/279/508 635/295/524
f 636/296/525 637/297/526 630/290/519
f 636/296/525 638/298/527 637/297/526
f 638/298/527 639/299/528 637/297/526
f 640/300/529 638/298/527 636/296/525
f 634/294/523 640/300/529 635/295/524
f 636/296/525 635/295/524 640/300/529
f 640/300/529 641/301/530 638/298/527
f 642/302/531 639/299/528 638/298/527
f 642/302/531 638/298/527 641/301/530
f 643/303/532 630/290/519 637/297/526
f 644/304/533 643/303/532 637/297/526
f 644/304/533 637/297/526 645/305/534
f 637/297/526 639/299/528 645/305/534
f 639/299/528 646/306/535 645/305/534
f 647/307/536 643/303/532 644/304/533
f 647/307/536 648/308/537 643/303/532
f 648/308/537 647/307/536 649/309/538
f 648/308/537 649/309/538 650/310/539
f 651/311/540 648/308/537 650/310/539
f 651/311/540 650/310/539 652/312/541
f 645/305/534 653/313/542 644/304/533
f 645/305/534 654/314/543 653/313/542
f 653/313/542 655/315/544 644/304/533
f 655/315/544 647/307/536 644/304/533
f 655/315/544 656/316/545 647/307/536
f 649/309/538 647/307/536 656/316/545
f 655/315/544 657/317/546 656/316/545
f 648/308/537 651/311/540 620/280/509
f 648/308/537 620/280/509 643/303/532
f 643/303/532 620/280/509 630/290/519
f 620/280/509 651/311/540 658/318/547
f 658/318/547 651/311/540 652/312/541
f 625/285/514 658/318/547 652/312/541
f 625/285/514 620/280/509 658/318/547
f 629/289/518 625/285/514 652/312/541
f 659/319/548 660/320/549 661/321/550
f 660/320/549 662/322/551 661/321/550
f 660/320/549 663/323/552 662/322/551
f 663/323/552 664/324/553 662/322/551
f 663/323/552 665/325/554 664/324/553
f 666/326/555 662/322/551 664/324/553
f 667/327/556 666/326/555 664/324/553
f 666/326/555 668/328/557 662/322/551
f 661/321/550 662/322/551 668/328/557
f 669/329/558 665/325/554 663/323/552
f 670/330/559 669/329/558 663/323/552
f 670/330/559 663/323/552 660/320/549
f 669/329/558 670/330/559 671/331/560
f 669/329/558 671/331/560 672/332/561
f 672/332/561 671/331/560 673/333/562
f 672/332/561 673/333/562 674/334/563
f 675/335/564 672/332/561 674/334/563
f 675/335/564 674/334/563 676/336/565
f 677/337/566 669/329/558 672/332/561
f 677/337/566 672/332/561 675/335/564
f 669/329/558 677/337/566 665/325/554
f 677/337/566 675/335/564 678/338/567
f 678/338/567 675/335/564 676/336/565
f 677/337/566 678/338/567 679/339/568
f 665/325/554 677/337/566 679/339/568
f 678/338/567 676/336/565 680/340/569
f 665/325/554 679/339/568 681/341/570
f 682/342/571 681/341/570 679/339/568
f 682/342/571 683/343/572 681/341/570
f 671/331/560 684/344/573 673/333/562
f 671/331/560 685/345/574 684/344/573
f 671/331/560 670/330/559 686/346/575
f 671/331/560 686/346/575 685/345/574
f 687/347/576 684/344/573 685/345/574
f 686/346/575 687/347/576 685/345/574
f 670/330/559 660/320/549 686/346/575
f 660/320/549 688/348/577 686/346/575
f 660/320/549 689/319/548 688/348/577
f 686/346/575 688/348/577 690/347/578
f 681/341/570 691/349/579 664/324/553
f 681/341/570 664/324/553 665/325/554
f 692/349/580 667/327/556 664/324/553
f 693/349/581 694/350/582 667/327/583
f 695/351/584 696/352/585 697/353/586
f 695/351/584 698/354/587 696/352/585
f 698/354/587 699/355/588 696/352/585
f 697/353/586 700/356/589 695/351/584
f 697/353/586 701/357/590 700/356/589
f 697/353/586 696/352/585 702/358/591
f 696/352/585 699/355/588 703/359/592
f 696/352/585 703/359/592 704/360/593
f 704/360/593 705/361/594 696/352/585
f 696/352/585 705/361/594 702/358/591
f 700/356/589 701/357/590 706/362/595
f 707/363/596 706/362/595 701/357/590
f 707/363/596 708/364/597 706/362/595
f 709/365/598 706/362/595 708/364/597
f 709/365/598 700/356/589 706/362/595
f 710/366/599 708/364/597 707/363/596
f 710/366/599 707/363/596 711/367/600
f 707/363/596 712/368/601 711/367/600
f 711/367/600 712/368/601 713/369/602
f 712/368/601 707/363/596 714/370/603
f 715/371/604 710/366/599 711/367/600
f 716/371/605 711/367/600 713/369/602
f 707/363/596 701/357/590 717/372/606
f 707/363/596 717/372/606 714/370/603
f 717/372/606 701/357/590 697/353/586
f 717/372/606 697/353/586 702/358/591
f 718/370/607 717/372/606 702/358/591
f 712/368/601 719/370/608 713/369/602
f 709/365/598 720/373/609 721/374/610
f 709/365/598 721/374/610 700/356/589
f 720/373/609 722/375/611 721/374/610
f 720/373/609 723/376/612 722/375/611
f 723/376/612 724/377/613 722/375/611
f 725/378/614 722/375/611 724/377/613
f 724/377/613 726/379/615 725/378/614
f 724/377/613 727/380/616 726/379/615
f 728/381/617 727/380/616 724/377/613
f 724/377/613 729/382/618 728/381/617
f 723/376/612 729/382/618 724/377/613
f 695/351/584 700/356/589 721/374/610
f 695/351/584 721/374/610 730/383/619
f 731/384/620 730/383/619 721/374/610
f 731/384/620 721/374/610 722/375/611
f 731/384/620 732/385/621 730/383/619
f 695/351/584 730/383/619 732/385/621
f 731/384/620 733/386/622 732/385/621
f 733/386/622 734/387/623 732/385/621
f 734/387/623 733/386/622 735/388/624
f 735/388/624 733/386/622 731/384/620
f 734/387/623 735/388/624 736/389/625
f 735/388/624 737/390/626 736/389/625
f 735/388/624 738/391/627 737/390/626
f 738/391/627 735/388/624 739/392/628
f 738/391/627 739/392/628 740/393/629
f 695/351/584 732/385/621 698/354/587
f 735/388/624 731/384/620 741/394/630
f 735/388/624 741/394/630 739/392/628
f 698/354/587 732/385/621 742/395/631
f 732/385/621 734/387/623 742/395/631
f 743/396/632 744/397/633 745/398/634
f 746/399/635 743/396/632 745/398/634
f 745/398/634 747/400/636 746/399/635
f 745/398/634 748/401/637 747/400/636
f 747/400/636 748/401/637 749/402/638
f 748/401/637 750/403/639 749/402/638
f 751/404/640 748/401/637 745/398/634
f 745/398/634 752/405/641 751/404/640
f 748/401/637 751/404/640 753/406/642
f 748/401/637 753/406/642 750/403/639
f 753/406/642 754/407/643 750/403/639
f 755/408/644 747/400/636 749/402/638
f 755/408/644 749/402/638 756/409/645
f 757/410/646 755/408/644 756/409/645
f 757/410/646 756/409/645 758/411/647
f 759/412/648 757/410/646 758/411/647
f 759/412/648 758/411/647 760/413/649
f 753/406/642 751/404/640 761/414/650
f 753/406/642 761/414/650 762/415/651
f 762/415/651 761/414/650 763/416/652
f 762/415/651 763/416/652 764/417/653
f 763/416/652 765/418/654 764/417/653
f 766/419/655 765/418/654 763/416/652
f 767/420/656 766/419/655 763/416/652
f 761/414/650 767/420/656 763/416/652
f 765/418/654 768/421/657 764/417/653
f 761/414/650 769/422/658 767/420/656
f 770/423/659 771/424/660 767/420/661
f 772/425/662 771/424/660 770/423/659
f 772/425/662 773/426/663 771/424/660
f 774/427/664 773/426/663 772/425/662
f 775/428/665 774/427/664 772/425/662
f 772/425/662 770/423/659 775/428/665
f 775/428/665 776/429/666 774/427/664
f 774/427/664 777/430/657 773/426/663
f 776/429/666 775/428/665 778/431/667
f 775/428/665 779/432/668 778/431/667
f 775/428/665 780/433/669 779/432/668
f 770/423/659 780/433/669 775/428/665
f 780/433/669 770/423/659 781/422/670
f 782/405/671 780/433/669 781/422/670
f 779/432/668 780/433/669 782/405/671
f 774/427/664 783/434/653 777/430/657
f 774/427/664 784/435/672 783/434/653
f 785/429/673 784/435/672 774/427/664
f 785/429/673 786/436/674 784/435/672
f 744/397/675 779/432/668 782/405/671
f 779/432/668 787/437/676 778/431/667
f 788/438/677 778/431/667 787/437/676
f 788/438/677 789/439/678 778/431/667
f 790/429/666 778/431/667 789/439/678
f 791/440/679 790/429/666 789/439/678
f 789/439/678 792/441/680 791/440/679
f 789/439/678 793/442/681 792/441/680
f 789/439/678 794/443/682 793/442/681
f 788/438/677 794/443/682 789/439/678
f 795/444/683 793/442/681 794/443/682
f 794/443/682 796/445/684 795/444/683
f 794/443/682 797/446/685 796/445/684
f 798/447/686 797/446/685 794/443/682
f 796/445/684 797/446/685 798/447/686
f 796/445/684 798/447/686 799/448/687
f 795/444/683 800/449/638 793/442/681
f 796/445/684 801/450/688 795/444/683
f 796/445/684 802/451/689 801/450/688
f 799/448/687 802/451/689 796/445/684
f 802/451/689 803/452/690 801/450/688
f 802/451/689 804/453/691 803/452/690
f 799/448/687 805/454/692 802/451/689
f 805/454/692 804/453/691 802/451/689
f 805/454/692 806/455/693 804/453/691
f 807/456/694 801/450/688 803/452/690
f 807/456/694 808/457/695 801/450/688
f 808/457/695 800/449/638 795/444/683
f 808/457/695 795/444/683 801/450/688
f 788/438/677 809/458/696 794/443/682
f 810/459/697 811/460/698 812/461/699
f 810/459/697 812/461/699 813/462/700
f 790/429/666 811/460/698 810/459/697
f 790/429/666 791/440/679 811/460/698
f 811/460/698 814/463/701 812/461/699
f 811/460/698 815/464/702 814/463/701
f 791/440/679 815/464/702 811/460/698
f 791/440/679 792/441/680 815/464/702
f 810/459/697 813/462/700 816/465/703
f 810/459/697 816/465/703 817/466/704
f 818/429/673 810/459/697 817/466/704
f 818/429/673 817/466/704 819/436/705
f 820/422/706 770/423/707 821/420/708
f 751/404/640 752/405/641 769/422/709
f 751/404/640 822/422/710 761/414/650
f 823/467/711 824/468/703 825/469/700
f 823/467/711 825/469/700 826/470/712
f 827/471/713 824/468/703 823/467/711
f 827/471/713 828/472/714 824/468/703
f 753/406/642 828/472/714 827/471/713
f 754/407/643 753/406/642 827/471/713
f 744/397/633 829/405/715 745/398/634
f 779/432/668 830/473/716 787/437/676
f 831/397/717 830/473/716 779/432/668
f 831/397/717 832/474/718 830/473/716
f 833/475/719 832/474/718 831/397/717
f 833/475/719 831/397/717 743/396/720
f 834/476/721 835/319/722 661/321/550
f 834/476/721 661/321/550 836/477/723
f 836/477/723 661/321/550 668/328/557
f 837/478/724 838/479/725 839/480/726
f 837/478/724 839/480/726 840/481/727
f 838/479/725 841/482/728 839/480/726
f 838/479/725 842/483/729 841/482/728
f 839/480/726 843/484/730 840/481/727
f 840/481/727 843/484/730 844/485/731
f 839/480/726 845/486/732 843/484/730
f 839/480/726 841/482/728 846/487/733
f 839/480/726 846/487/733 845/486/732
f 847/488/734 845/486/732 846/487/733
f 841/482/728 847/488/734 846/487/733
f 847/488/734 848/489/735 845/486/732
f 841/482/728 849/490/736 847/488/734
f 850/483/737 849/490/736 841/482/728
f 850/483/737 851/491/738 849/490/736
f 851/491/738 852/492/739 849/490/736
f 851/491/738 853/493/740 852/492/739
f 852/492/739 854/494/741 849/490/736
f 849/490/736 855/495/742 847/488/734
f 855/495/742 849/490/736 856/496/743
f 847/488/734 855/495/742 856/496/743
f 847/488/734 856/496/743 848/489/735
f 849/490/736 854/494/741 856/496/743
f 852/492/744 857/497/745 858/494/741
f 859/498/746 860/499/747 861/496/748
f 862/500/749 859/498/746 861/496/748
f 862/500/749 861/496/748 863/494/750
f 864/501/751 862/500/749 863/494/750
f 865/502/752 866/503/753 867/504/754
f 865/502/752 868/505/755 866/503/753
f 868/505/755 869/506/756 866/503/753
f 870/507/757 866/503/753 869/506/756
f 869/506/756 868/505/755 871/508/758
f 871/508/758 868/505/755 872/509/759
f 867/504/754 873/510/760 865/502/752
f 867/504/754 874/511/761 873/510/760
f 868/505/755 865/502/752 875/512/762
f 876/513/763 868/505/755 875/512/762
f 876/513/763 875/512/762 877/514/764
f 865/502/752 878/515/765 875/512/762
f 865/502/752 873/510/760 878/515/765
f 879/516/766 877/514/764 875/512/762
f 875/512/762 878/515/765 879/516/766
f 878/515/765 873/510/760 879/516/766
f 873/510/760 874/511/761 879/516/766
f 877/514/764 879/516/766 880/517/767
f 880/517/767 879/516/766 881/518/768
f 879/516/766 882/519/769 881/518/768
f 874/511/761 882/519/769 879/516/766
f 881/518/768 882/519/769 883/520/770
f 884/521/771 882/519/769 874/511/761
f 884/521/771 874/511/761 885/522/772
f 874/511/761 886/523/773 885/522/772
f 867/504/754 886/523/773 874/511/761
f 867/504/754 887/524/774 886/523/773
f 888/525/775 887/524/774 867/504/754
f 888/525/775 889/526/776 887/524/774
f 888/525/775 890/527/777 889/526/776
f 886/523/773 891/528/778 885/522/772
f 887/524/774 891/528/778 886/523/773
f 892/529/779 885/522/772 891/528/778
f 892/529/779 891/528/778 893/530/780
f 893/530/780 891/528/778 894/531/781
f 889/526/776 894/531/781 887/524/774
f 887/524/774 894/531/781 891/528/778
f 893/530/780 894/531/781 895/532/782
f 889/526/776 896/532/783 894/531/781
f 897/533/784 896/532/783 889/526/776
f 888/525/775 867/504/754 898/534/785
f 899/535/786 888/525/775 898/534/785
f 888/525/775 899/535/786 900/527/787
f 900/527/788 901/536/789 889/526/790
f 901/536/789 902/537/791 889/526/790
f 903/538/792 899/535/786 898/534/785
f 904/539/793 903/538/792 898/534/785
f 905/537/794 906/533/795 889/526/796
f 907/526/797 908/531/798 896/532/799
f 907/526/797 909/524/800 908/531/798
f 910/525/801 909/524/800 907/526/797
f 910/525/801 907/526/797 911/527/802
f 910/525/801 912/504/803 909/524/800
f 912/504/803 913/523/804 909/524/800
f 912/504/803 914/511/805 913/523/804
f 912/504/803 915/510/806 914/511/805
f 912/504/803 916/502/807 915/510/806
f 916/502/807 912/504/803 917/503/808
f 916/502/807 917/503/808 918/505/809
f 918/505/809 917/503/808 919/506/810
f 920/507/811 919/506/810 917/503/808
f 919/506/810 921/508/812 918/505/809
f 921/508/812 922/509/813 918/505/809
f 918/505/809 923/512/814 916/502/807
f 924/513/815 923/512/814 918/505/809
f 924/513/815 925/514/816 923/512/814
f 916/502/807 923/512/814 926/515/817
f 916/502/807 926/515/817 915/510/806
f 927/516/818 923/512/814 925/514/816
f 923/512/814 927/516/818 926/515/817
f 926/515/817 927/516/818 915/510/806
f 915/510/806 927/516/818 914/511/805
f 925/514/816 928/517/819 927/516/818
f 928/517/819 929/518/768 927/516/818
f 927/516/818 929/518/768 930/519/820
f 914/511/805 927/516/818 930/519/820
f 931/521/821 914/511/805 930/519/820
f 931/521/821 932/522/822 914/511/805
f 914/511/805 932/522/822 913/523/804
f 913/523/804 932/522/822 933/528/823
f 934/529/779 933/528/823 932/522/822
f 934/529/779 935/530/824 933/528/823
f 935/530/824 908/531/798 933/528/823
f 935/530/824 936/532/825 908/531/798
f 909/524/800 913/523/804 933/528/823
f 909/524/800 933/528/823 908/531/798
f 931/521/821 930/519/820 937/540/826
f 937/540/826 938/541/827 931/521/821
f 931/521/821 938/541/827 939/542/828
f 939/542/828 938/541/827 940/543/829
f 940/543/829 941/544/779 939/542/828
f 937/540/826 930/519/820 942/520/770
f 938/541/827 937/540/826 942/520/770
f 929/518/768 942/520/770 930/519/820
f 938/541/827 942/520/770 943/545/830
f 944/543/831 938/541/827 943/545/830
f 945/543/829 946/542/832 941/544/833
f 946/542/832 945/543/829 947/541/834
f 884/521/771 946/542/832 947/541/834
f 948/540/835 884/521/771 947/541/834
f 884/521/771 948/540/835 882/519/769
f 948/540/835 883/520/770 882/519/769
f 947/541/834 883/520/770 948/540/835
f 947/541/834 949/545/836 883/520/770
f 950/543/831 949/545/836 947/541/834
f 951/509/837 868/505/838 952/546/839
f 868/505/838 953/513/840 952/546/839
f 951/509/837 952/546/839 918/505/809
f 918/505/809 952/546/839 953/513/840
f 954/347/841 955/547/721 684/344/573
f 956/548/842 957/549/843 958/550/844
f 957/549/843 959/551/845 958/550/844
f 960/552/846 961/553/847 962/554/848
f 961/553/847 963/549/849 962/554/848
f 964/548/850 962/554/848 963/549/849
f 965/555/851 966/556/852 639/299/528
f 642/302/531 965/555/851 639/299/528
f 966/556/852 646/306/535 639/299/528
f 967/279/853 968/282/854 969/281/855
f 967/279/853 969/281/855 970/280/856
f 968/282/854 971/283/857 969/281/855
f 968/282/854 972/284/858 971/283/857
f 969/281/855 973/285/859 970/280/856
f 969/281/855 974/286/860 973/285/859
f 971/283/857 974/286/860 969/281/855
f 971/283/857 975/287/861 974/286/860
f 976/288/862 974/286/860 975/287/861
f 976/288/862 977/289/863 974/286/860
f 977/289/863 973/285/859 974/286/860
f 967/279/853 970/280/856 978/290/864
f 968/282/854 979/291/865 972/284/858
f 980/292/866 979/291/865 968/282/854
f 967/279/853 980/292/866 968/282/854
f 980/292/866 981/293/867 979/291/865
f 980/292/866 982/294/868 981/293/867
f 982/294/868 980/292/866 983/295/869
f 967/279/853 983/295/869 980/292/866
f 984/296/870 983/295/869 967/279/853
f 984/296/870 967/279/853 978/290/864
f 984/296/870 978/290/864 985/297/871
f 984/296/870 985/297/871 986/298/872
f 986/298/872 985/297/871 987/299/873
f 988/300/874 984/296/870 986/298/872
f 982/294/868 983/295/869 988/300/874
f 984/296/870 988/300/874 983/295/869
f 988/300/874 986/298/872 989/301/875
f 990/302/876 986/298/872 987/299/873
f 990/302/876 989/301/875 986/298/872
f 991/303/877 985/297/871 978/290/864
f 992/304/878 985/297/871 991/303/877
f 992/304/878 993/305/879 985/297/871
f 985/297/871 993/305/879 987/299/873
f 987/299/873 993/305/879 994/306/880
f 995/307/881 992/304/878 991/303/877
f 995/307/881 991/303/877 996/308/882
f 996/308/882 997/309/883 995/307/881
f 996/308/882 998/310/884 997/309/883
f 999/311/885 998/310/884 996/308/882
f 999/311/885 1000/312/886 998/310/884
f 993/305/879 992/304/878 1001/313/887
f 993/305/879 1001/313/887 1002/314/888
f 1001/313/887 992/304/878 1003/315/889
f 1003/315/889 992/304/878 995/307/881
f 1003/315/889 995/307/881 1004/316/890
f 997/309/883 1004/316/890 995/307/881
f 1003/315/889 1004/316/890 1005/317/891
f 996/308/882 970/280/856 999/311/885
f 996/308/882 991/303/877 970/280/856
f 991/303/877 978/290/864 970/280/856
f 970/280/856 1006/318/892 999/311/885
f 1006/318/892 1000/312/886 999/311/885
f 973/285/859 1000/312/886 1006/318/892
f 973/285/859 1006/318/892 970/280/856
f 977/289/863 1000/312/886 973/285/859
f 1007/319/893 1008/321/894 1009/320/895
f 1009/320/895 1008/321/894 1010/322/896
f 1009/320/895 1010/322/896 1011/323/897
f 1011/323/897 1010/322/896 1012/324/898
f 1011/323/897 1012/324/898 1013/325/899
f 1014/326/900 1012/324/898 1010/322/896
f 1015/327/901 1012/324/898 1014/326/900
f 1014/326/900 1010/322/896 1016/328/902
f 1008/321/894 1016/328/902 1010/322/896
f 1017/329/903 1011/323/897 1013/325/899
f 1018/330/904 1011/323/897 1017/329/903
f 1018/330/904 1009/320/895 1011/323/897
f 1017/329/903 1019/331/905 1018/330/904
f 1017/329/903 1020/332/906 1019/331/905
f 1020/332/906 1021/333/907 1019/331/905
f 1020/332/906 1022/334/908 1021/333/907
f 1023/335/909 1022/334/908 1020/332/906
f 1023/335/909 1024/336/910 1022/334/908
f 1025/337/911 1023/335/909 1020/332/906
f 1025/337/911 1020/332/906 1017/329/903
f 1017/329/903 1013/325/899 1025/337/911
f 1025/337/911 1026/338/912 1023/335/909
f 1026/338/912 1024/336/910 1023/335/909
f 1025/337/911 1027/339/913 1026/338/912
f 1013/325/899 1027/339/913 1025/337/911
f 1026/338/912 1028/340/914 1024/336/910
f 1013/325/899 1029/341/915 1027/339/913
f 1019/331/905 1021/333/907 1030/344/916
f 1019/331/905 1030/344/916 1031/345/917
f 1019/331/905 1032/346/918 1018/330/904
f 1019/331/905 1031/345/917 1032/346/918
f 1033/347/919 1031/345/917 1030/344/916
f 1032/346/918 1031/345/917 1033/347/919
f 1018/330/904 1032/346/918 1009/320/895
f 1009/320/895 1032/346/918 1034/348/920
f 1009/320/895 1034/348/920 1035/319/921
f 1032/346/918 1036/347/922 1034/348/920
f 1037/342/923 1027/339/924 1038/341/925
f 1037/342/923 1038/341/925 1039/343/926
f 1029/341/915 1012/324/898 1040/349/927
f 1029/341/915 1013/325/899 1012/324/898
f 1041/349/928 1012/324/898 1015/327/901
f 1042/349/929 1015/327/930 1043/350/931
f 1044/351/932 1045/353/933 1046/352/934
f 1044/351/932 1046/352/934 1047/354/935
f 1047/354/935 1046/352/934 1048/355/936
f 1045/353/933 1044/351/932 1049/356/937
f 1045/353/933 1049/356/937 1050/357/938
f 1046/352/934 1045/353/933 1051/358/939
f 1046/352/934 1051/358/939 1052/361/940
f 1053/360/941 1046/352/934 1052/361/940
f 1046/352/934 1054/359/942 1048/355/936
f 1046/352/934 1053/360/941 1054/359/942
f 1055/372/943 1051/358/939 1045/353/933
f 1055/372/943 1045/353/933 1050/357/938
f 1056/370/944 1051/358/939 1055/372/943
f 1057/363/945 1055/372/943 1050/357/938
f 1055/372/943 1057/363/945 1058/370/946
f 1057/363/945 1050/357/938 1059/362/947
f 1049/356/937 1059/362/947 1050/357/938
f 1057/363/945 1059/362/947 1060/364/948
f 1061/365/949 1060/364/948 1059/362/947
f 1061/365/949 1059/362/947 1049/356/937
f 1062/366/950 1057/363/945 1060/364/948
f 1062/366/950 1063/367/951 1057/363/945
f 1057/363/945 1063/367/951 1064/368/952
f 1057/363/945 1064/368/952 1058/370/946
f 1064/368/952 1063/367/951 1065/369/953
f 1066/370/954 1064/368/952 1065/369/953
f 1067/371/604 1063/367/951 1062/366/950
f 1068/371/955 1065/369/953 1063/367/951
f 1061/365/949 1049/356/937 1069/374/956
f 1061/365/949 1069/374/956 1070/373/957
f 1070/373/957 1069/374/956 1071/375/958
f 1070/373/957 1071/375/958 1072/376/959
f 1072/376/959 1071/375/958 1073/377/960
f 1074/378/961 1073/377/960 1071/375/958
f 1073/377/960 1074/378/961 1075/379/962
f 1073/377/960 1075/379/962 1076/380/963
f 1077/381/964 1073/377/960 1076/380/963
f 1073/377/960 1077/381/964 1078/382/965
f 1072/376/959 1073/377/960 1078/382/965
f 1044/351/932 1069/374/956 1049/356/937
f 1044/351/932 1079/383/966 1069/374/956
f 1080/384/967 1071/375/958 1069/374/956
f 1080/384/967 1069/374/956 1079/383/966
f 1080/384/967 1079/383/966 1081/385/968
f 1044/351/932 1081/385/968 1079/383/966
f 1080/384/967 1081/385/968 1082/386/969
f 1082/386/969 1081/385/968 1083/387/970
f 1083/387/970 1084/388/971 1082/386/969
f 1084/388/971 1080/384/967 1082/386/969
f 1083/387/970 1085/389/972 1084/388/971
f 1084/388/971 1085/389/972 1086/390/973
f 1084/388/971 1086/390/973 1087/391/974
f 1087/391/974 1088/392/975 1084/388/971
f 1087/391/974 1089/393/976 1088/392/975
f 1044/351/932 1047/354/935 1081/385/968
f 1084/388/971 1090/394/977 1080/384/967
f 1084/388/971 1088/392/975 1090/394/977
f 1047/354/935 1091/395/978 1081/385/968
f 1081/385/968 1091/395/978 1083/387/970
f 1092/396/979 1093/398/980 1094/397/981
f 1095/399/982 1093/398/980 1092/396/979
f 1093/398/980 1095/399/982 1096/400/983
f 1093/398/980 1096/400/983 1097/401/984
f 1096/400/983 1098/402/985 1097/401/984
f 1097/401/984 1098/402/985 1099/403/986
f 1100/404/987 1093/398/980 1097/401/984
f 1093/398/980 1100/404/987 1101/405/988
f 1097/401/984 1102/406/989 1100/404/987
f 1097/401/984 1099/403/986 1102/406/989
f 1102/406/989 1099/403/986 1103/407/990
f 1104/408/991 1098/402/985 1096/400/983
f 1104/408/991 1105/409/992 1098/402/985
f 1106/410/993 1105/409/992 1104/408/991
f 1106/410/993 1107/411/994 1105/409/992
f 1108/412/995 1107/411/994 1106/410/993
f 1108/412/995 1109/413/996 1107/411/994
f 1102/406/989 1110/414/997 1100/404/987
f 1102/406/989 1111/415/998 1110/414/997
f 1111/415/998 1112/416/999 1110/414/997
f 1111/415/998 1113/417/1000 1112/416/999
f 1112/416/999 1113/417/1000 1114/418/1001
f 1115/419/1002 1112/416/999 1114/418/1001
f 1116/420/1003 1112/416/999 1115/419/1002
f 1110/414/997 1112/416/999 1116/420/1003
f 1114/418/1001 1113/417/1000 1117/421/1004
f 1110/414/997 1116/420/1003 1118/422/1005
f 1119/423/1006 1116/420/1007 1120/424/1008
f 1121/425/1009 1119/423/1006 1120/424/1008
f 1121/425/1009 1120/424/1008 1122/426/1010
f 1123/427/1011 1121/425/1009 1122/426/1010
f 1124/428/1012 1121/425/1009 1123/427/1011
f 1121/425/1009 1124/428/1012 1119/423/1006
f 1124/428/1012 1123/427/1011 1125/429/1013
f 1123/427/1011 1122/426/1010 1126/430/1014
f 1125/429/1013 1127/431/1015 1124/428/1012
f 1124/428/1012 1127/431/1015 1128/432/1016
f 1124/428/1012 1128/432/1016 1129/433/1017
f 1119/423/1006 1124/428/1012 1129/433/1017
f 1129/433/1017 1130/422/1018 1119/423/1006
f 1131/405/1019 1130/422/1018 1129/433/1017
f 1128/432/1016 1131/405/1019 1129/433/1017
f 1123/427/1011 1126/430/1014 1132/434/1020
f 1123/427/1011 1132/434/1020 1133/435/1021
f 1134/429/1022 1123/427/1011 1133/435/1021
f 1134/429/1022 1133/435/1021 1135/436/1023
f 1094/397/1024 1131/405/1019 1128/432/1016
f 1128/432/1016 1127/431/1015 1136/437/1025
f 1137/438/1026 1136/437/1025 1127/431/1015
f 1137/438/1026 1127/431/1015 1138/439/1027
f 1139/429/1022 1138/439/1027 1127/431/1015
f 1140/440/1028 1138/439/1027 1139/429/1022
f 1138/439/1027 1140/440/1028 1141/441/990
f 1138/439/1027 1141/441/990 1142/442/986
f 1138/439/1027 1142/442/986 1143/443/1029
f 1137/438/1026 1138/439/1027 1143/443/1029
f 1144/444/1030 1143/443/1029 1142/442/986
f 1143/443/1029 1144/444/1030 1145/445/1031
f 1143/443/1029 1145/445/1031 1146/446/1032
f 1147/447/1033 1143/443/1029 1146/446/1032
f 1145/445/1031 1147/447/1033 1146/446/1032
f 1145/445/1031 1148/448/1034 1147/447/1033
f 1144/444/1030 1142/442/986 1149/449/1035
f 1145/445/1031 1144/444/1030 1150/450/1036
f 1145/445/1031 1150/450/1036 1151/451/1037
f 1148/448/1034 1145/445/1031 1151/451/1037
f 1151/451/1037 1150/450/1036 1152/452/1038
f 1151/451/1037 1152/452/1038 1153/453/1039
f 1148/448/1034 1151/451/1037 1154/454/1040
f 1154/454/1040 1151/451/1037 1153/453/1039
f 1154/454/1040 1153/453/1039 1155/455/1041
f 1156/456/1042 1152/452/1038 1150/450/1036
f 1156/456/1042 1150/450/1036 1157/457/1043
f 1157/457/1043 1150/450/1036 1144/444/1030
f 1157/457/1043 1144/444/1030 1149/449/1035
f 1137/438/1026 1143/443/1029 1158/458/1044
f 1159/459/1045 1160/461/1046 1161/460/1047
f 1159/459/1045 1162/462/1048 1160/461/1046
f 1139/429/1022 1159/459/1045 1161/460/1047
f 1139/429/1022 1161/460/1047 1140/440/1028
f 1161/460/1047 1160/461/1046 1163/463/1049
f 1161/460/1047 1163/463/1049 1164/464/1050
f 1140/440/1028 1161/460/1047 1164/464/1050
f 1140/440/1028 1164/464/1050 1141/441/990
f 1159/459/1045 1165/465/1051 1162/462/1048
f 1159/459/1045 1166/466/1052 1165/465/1051
f 1167/429/1053 1166/466/1052 1159/459/1045
f 1167/429/1053 1168/436/1054 1166/466/1052
f 1169/422/1055 1170/420/1056 1119/423/1057
f 1100/404/987 1118/422/1018 1101/405/988
f 1100/404/987 1110/414/997 1171/422/1058
f 1172/467/1059 1173/469/1060 1174/468/1061
f 1172/467/1059 1175/470/1062 1173/469/1060
f 1176/471/1063 1172/467/1059 1174/468/1061
f 1176/471/1063 1174/468/1061 1177/472/1064
f 1102/406/989 1176/471/1063 1177/472/1064
f 1103/407/990 1176/471/1063 1102/406/989
f 1094/397/981 1093/398/980 1178/405/1065
f 1094/397/1024 1128/432/1016 1179/473/1066
f 1128/432/1016 1136/437/1025 1179/473/1066
f 1180/397/1067 1179/473/1068 1181/474/1069
f 1182/475/1070 1180/397/1067 1181/474/1069
f 1182/475/1070 1092/396/1071 1180/397/1067
f 1183/476/1072 1008/321/894 1184/319/921
f 1183/476/1072 1185/477/1073 1008/321/894
f 1185/477/1073 1016/328/902 1008/321/894
f 1186/478/1074 1187/481/1075 1188/480/1076
f 1186/478/1074 1188/480/1076 1189/479/1077
f 1189/479/1077 1188/480/1076 1190/482/1078
f 1189/479/1077 1190/482/1078 1191/483/1079
f 1188/480/1076 1187/481/1075 1192/484/1080
f 1187/481/1075 1193/485/1081 1192/484/1080
f 1188/480/1076 1192/484/1080 1194/486/1082
f 1188/480/1076 1195/487/1083 1190/482/1078
f 1188/480/1076 1194/486/1082 1195/487/1083
f 1196/488/1084 1195/487/1083 1194/486/1082
f 1190/482/1078 1195/487/1083 1196/488/1084
f 1196/488/1084 1194/486/1082 1197/489/1085
f 1190/482/1078 1196/488/1084 1198/490/1086
f 1199/483/1087 1190/482/1078 1198/490/1086
f 1199/483/1087 1198/490/1086 1200/491/1088
f 1200/491/1088 1198/490/1086 1201/492/1089
f 1200/491/1088 1201/492/1089 1202/493/1090
f 1201/492/1089 1198/490/1086 1203/494/1091
f 1198/490/1086 1196/488/1084 1204/495/1092
f 1204/495/1092 1205/496/1093 1198/490/1086
f 1196/488/1084 1205/496/1093 1204/495/1092
f 1196/488/1084 1197/489/1085 1205/496/1093
f 1198/490/1086 1205/496/1093 1203/494/1091
f 1201/492/1094 1206/494/1095 1207/497/1096
f 1208/498/1097 1209/496/1098 1210/499/1099
f 1211/500/1100 1209/496/1098 1208/498/1097
f 1211/500/1100 1212/494/1091 1209/496/1098
f 1213/501/1096 1212/494/1091 1211/500/1100
f 910/525/801 1214/527/1101 1215/535/1102
f 1215/535/1102 1216/534/1103 910/525/801
f 1217/538/1104 1216/534/1103 1215/535/1102
f 1218/539/793 1216/534/1103 1217/538/1104
f 910/525/801 1216/534/1103 912/504/803
f 1214/527/1105 907/526/1106 1219/536/1107
f 1219/536/1107 907/526/1106 1220/537/1108
f 1221/537/1109 907/526/1110 1222/533/1111
f 1223/533/1112 907/526/797 896/532/799
f 1224/347/919 1030/344/1073 1225/547/1113
f 1226/548/1114 1227/550/1115 1228/549/1116
f 1228/549/1116 1227/550/1115 1229/551/1117
f 1230/552/846 1231/554/1118 1232/553/1119
f 1232/553/1119 1231/554/1118 1233/549/1120
f 1234/548/1121 1233/549/1120 1231/554/1118
f 1235/555/1122 987/299/873 1236/556/1123
f 990/302/876 987/299/873 1235/555/1122
f 1236/556/1123 987/299/873 994/306/880
