# Blender 5.1.2
# www.blender.org
mtllib monstro0014.mtl
o Object_33
v 4.565014 -132.905014 81.523972
v 4.338254 -132.559113 81.425369
v 6.325670 -132.440353 81.552483
v 6.325670 -132.918106 81.552483
v 7.102668 -132.467285 81.580780
v 7.102668 -132.936066 81.580780
v 4.604606 -132.289001 81.881615
v 5.673593 -132.345871 81.938492
v 7.098910 -132.480667 81.850616
v 7.098910 -132.718765 81.968033
v 5.673593 -132.678268 82.065178
v 4.188889 -132.890106 81.536995
v 7.098910 -132.925232 81.850616
v 5.354472 -133.015778 81.832832
v 7.098910 -132.718765 81.968033
v 5.673593 -132.678268 82.065178
v 4.604605 -132.949631 81.941986
v 4.228481 -132.949234 81.966881
v 2.392396 -133.100464 81.685524
v 3.052271 -133.067551 82.195854
v 1.939022 -133.067551 82.412827
v 4.416542 -132.597885 82.148407
v 3.241556 -132.678268 82.294983
v 2.372585 -132.678268 82.496277
v 2.392396 -132.244522 81.606728
v 1.900582 -132.319397 81.549591
v 1.900582 -133.096832 81.549591
v 1.605497 -133.076324 82.409904
v 1.939022 -132.346130 82.464088
v 3.052271 -132.289001 82.107231
v 2.372585 -132.678268 82.496277
v 3.241556 -132.678268 82.294983
v 4.151087 -132.272736 81.893082
v 4.416542 -132.597885 82.148407
v 1.633513 -132.371201 81.323006
v 1.526906 -133.167282 81.323006
v 1.605497 -132.325760 82.426895
v 1.942397 -132.678268 82.536102
v 1.607806 -132.678268 82.516968
v 4.379998 -132.272202 81.886894
v 0.619154 -132.449768 68.875793
v 0.414365 -132.308167 71.593933
v 0.935154 -132.266754 71.382149
v 0.993650 -132.513153 73.058838
v 0.487022 -132.523544 72.977684
v 0.994998 -132.511032 73.598366
v 0.464458 -132.539154 73.509979
v 1.172612 -133.127411 73.350433
v 1.172613 -133.171326 73.623421
v 1.172612 -133.095306 73.087509
v 0.308060 -133.138672 73.254631
v 0.308060 -133.095306 72.949013
v 0.740336 -133.327408 73.018265
v 0.740336 -133.369629 73.285431
v 1.172612 -133.095306 73.087509
v 1.172612 -133.127411 73.350433
v 0.740337 -133.412094 73.554169
v 1.172613 -133.171326 73.623421
v 0.308061 -133.171326 73.484924
v 0.830301 -133.629517 76.088402
v 0.306055 -133.237137 76.277496
v 1.230235 -133.237137 76.416039
v 0.334208 -132.405548 76.120567
v 0.012404 -133.560760 76.376801
v 0.012404 -132.527084 76.250900
v 1.165215 -132.951279 71.227577
v 0.715179 -133.245193 71.333466
v 0.333095 -132.951279 71.439354
v 0.619154 -133.154327 68.875793
v 0.372845 -132.879669 68.875793
v 0.619154 -132.449768 68.875793
v 0.619154 -133.154327 68.875793
v 1.294992 -132.310837 76.166573
v 1.294992 -132.310837 76.166573
v 1.294992 -132.310837 76.166573
v 1.230235 -133.237137 76.416039
v 0.968926 -133.528076 78.856369
v 0.846803 -133.735321 77.065964
v 1.250908 -133.261337 77.246635
v 0.012404 -134.118225 78.877609
v 0.012404 -133.861694 76.941177
v 1.115779 -132.679794 78.887535
v 1.245259 -132.425232 77.246635
v 1.230235 -133.237137 76.416039
v 0.012404 -133.560760 76.376801
v 0.306055 -133.237137 76.277496
v 0.830301 -133.629517 76.088402
v 0.760325 -132.216232 77.589539
v 0.831511 -132.105301 77.072639
v 0.012404 -132.278580 77.794662
v 0.012404 -132.310715 78.877609
v 0.012404 -132.254700 76.695053
v 0.193570 -132.208344 76.437347
v 0.899084 -132.132019 76.541748
v 0.334208 -132.405548 76.120567
v 1.294992 -132.310837 76.166573
v 0.012404 -132.527084 76.250900
v 0.012404 -132.527084 76.250900
v 1.280284 -132.421356 77.007362
v 1.294992 -132.310837 76.166573
v 1.294992 -132.310837 76.166573
v 0.012404 -132.197815 79.766899
v 1.178962 -132.571777 79.716705
v 1.633513 -132.371201 81.323006
v 0.012404 -131.796722 81.336067
v 0.966596 -132.178238 82.548309
v 1.605497 -132.325760 82.426895
v 1.607806 -132.678268 82.516968
v 0.957743 -132.678268 82.564018
v 0.467534 -132.733658 82.711540
v 0.012404 -132.288986 82.641838
v 1.050097 -133.475220 79.716705
v 1.526906 -133.167282 81.323006
v 0.542687 -133.922379 79.783081
v 0.871952 -133.728806 81.226639
v 0.012404 -133.906128 81.418457
v 0.966596 -133.067551 82.416367
v 0.012404 -133.111694 82.547127
v 0.467534 -132.733658 82.711540
v 0.957743 -132.678268 82.564018
v 1.605497 -133.076324 82.409904
v 1.607806 -132.678268 82.516968
v 1.900582 -133.096832 81.549591
v 0.012404 -134.090424 79.786514
v 7.304121 -132.976486 81.539520
v 7.304121 -132.432266 81.539520
v 7.452557 -132.662125 81.548004
v 7.471015 -132.844849 81.398323
v 7.696621 -132.936188 81.390800
v 7.722791 -132.771652 81.550415
v 7.814222 -132.987167 81.503250
v 7.732298 -133.018936 81.643456
v 7.998094 -132.651062 81.764587
v 7.924614 -132.317245 81.640755
v 8.008974 -132.868790 81.784622
v 8.016235 -133.040833 81.797997
v 7.952839 -132.976318 81.351234
v 7.976388 -133.031403 81.470039
v 8.094219 -132.966843 81.358345
v 8.104343 -133.019913 81.451134
v 8.187252 -133.033829 81.308746
v 8.197563 -133.087860 81.403229
v 8.153023 -132.647873 81.636078
v 8.201752 -132.844437 81.635910
v 8.200872 -132.660660 81.448280
v 8.219378 -132.841660 81.454140
v 8.336580 -132.645706 81.376869
v 8.252338 -132.421677 81.386719
v 8.151924 -132.412354 81.434792
v 8.352680 -132.813370 81.379700
v 8.087557 -132.318771 81.625534
v 8.194149 -132.314926 81.691910
v 8.252338 -132.421677 81.386719
v 8.348555 -132.648483 81.680092
v 8.336580 -132.645706 81.376869
v 8.341963 -132.848007 81.679138
v 8.046482 -132.672836 81.948761
v 8.044224 -132.872360 81.942497
v 8.352680 -132.813370 81.379700
v 7.304121 -132.709824 81.981804
v 7.304121 -132.432266 81.840729
v 7.963366 -132.302612 81.818100
v 8.087557 -132.318771 81.625534
v 7.924614 -132.317245 81.640755
v 8.219378 -132.841660 81.454140
v 8.201752 -132.844437 81.635910
v 8.044224 -132.872360 81.942497
v 8.008974 -132.868790 81.784622
v 7.098910 -132.718765 81.968033
v 7.098910 -132.925232 81.850616
v 7.304121 -132.976486 81.828369
v 8.044224 -132.872360 81.942497
v 8.042400 -133.033569 81.937431
v 8.016235 -133.040833 81.797997
v 7.732298 -133.018936 81.643456
v 7.304121 -132.976486 81.539520
v 7.704122 -133.117828 81.460487
v 7.670760 -133.044693 81.334610
v 7.422751 -132.983292 81.389915
v 7.471015 -132.844849 81.398323
v 7.696621 -132.936188 81.390800
v 7.814222 -132.987167 81.503250
v 7.961060 -133.152039 81.418671
v 7.930259 -133.077530 81.288940
v 8.197563 -133.087860 81.403229
v 8.187252 -133.033829 81.308746
v 7.952839 -132.976318 81.351234
v 8.094219 -132.966843 81.358345
v 8.104343 -133.019913 81.451134
v 7.976388 -133.031403 81.470039
v 7.102668 -132.936066 81.580780
v 8.393637 -132.844879 81.783943
v 8.388773 -133.006104 81.781639
v 8.486700 -132.989838 81.489441
v 8.490694 -132.861145 81.487854
v 8.346937 -133.003601 81.520737
v 8.271900 -133.013351 81.701218
v 8.335295 -132.851074 81.527557
v 8.257322 -132.841324 81.696854
v 8.044224 -132.872360 81.942497
v 8.008974 -132.868790 81.784622
v 8.087557 -132.318771 81.625534
v 8.151924 -132.412354 81.434792
v 8.087557 -132.318771 81.625534
v 8.346937 -133.003601 81.520737
v 8.335295 -132.851074 81.527557
v 8.490694 -132.861145 81.487854
v 8.486700 -132.989838 81.489441
v 8.271900 -133.013351 81.701218
v 8.257322 -132.841324 81.696854
v 7.924614 -132.317245 81.640755
v 7.098910 -132.480667 81.850616
v 7.304121 -132.432266 81.539520
v 7.102668 -132.467285 81.580780
v 7.102668 -132.936066 81.580780
v 0.881024 -132.879669 68.875793
v 0.619154 -132.449768 68.875793
v 1.165215 -132.951279 71.227577
v 0.619154 -132.449768 68.875793
v 0.881024 -132.879669 68.875793
v 0.881024 -132.879669 68.505905
v 0.619154 -132.449768 68.505905
v 0.619154 -133.228241 68.523651
v 0.619154 -133.154327 68.875793
v 0.905084 -132.523376 67.862648
v 0.619154 -132.354263 67.868217
v 1.063068 -134.537628 67.862648
v 0.780535 -134.328842 68.173485
v 0.426572 -134.625900 68.047722
v 0.394534 -134.811234 67.910217
v 0.357284 -132.879669 68.505905
v 0.619154 -133.154327 68.875793
v 0.372845 -132.879669 68.875793
v 0.619154 -132.449768 68.505905
v 0.619154 -132.449768 68.875793
v 0.336893 -132.543274 67.862648
v 0.265768 -134.507355 68.073181
v 0.130052 -134.634689 67.862648
v 0.619154 -132.354263 67.868217
v 0.336893 -132.543274 67.862648
v 1.063068 -134.537628 67.862648
v 0.394534 -134.811234 67.910217
v 0.130052 -134.634689 67.862648
v 0.905084 -132.523376 67.862648
v 0.336893 -132.543274 67.862648
v 0.619154 -132.354263 67.868217
v 0.405199 -133.561996 83.966873
v 0.310331 -133.536453 83.667122
v 0.704464 -133.208313 83.822868
v 0.152816 -133.639984 83.902161
v 0.012404 -133.697296 83.667122
v 0.012404 -133.636566 83.628479
v 0.012404 -133.675201 83.821686
v 0.012404 -133.802536 83.920486
v 0.599341 -133.406342 84.225418
v 0.780101 -133.212219 84.501984
v 0.081631 -133.638153 84.178062
v 0.012404 -133.712006 84.108688
v 0.012404 -133.653183 84.311424
v 0.344696 -133.614853 84.239166
v 0.372842 -133.648376 84.430214
v 0.012404 -133.688522 84.457870
v 0.012404 -133.677429 84.637306
v 0.372842 -133.629730 84.653969
v 0.012404 -133.404358 85.181091
v 0.644279 -133.357361 84.980812
v 0.668668 -132.680145 85.130341
v 0.829423 -132.693283 84.495117
v 0.676726 -132.778183 83.826881
v 0.350000 -133.358963 83.234306
v 0.458957 -132.767426 83.215637
v 0.012404 -133.099030 83.176239
v 0.674152 -132.173843 84.400513
v 0.012404 -131.828552 84.815338
v 0.012404 -131.939865 83.860649
v 0.644992 -132.369202 83.821320
v 0.012404 -132.351837 83.319336
v 0.012404 -132.351837 83.319336
v 0.012404 -132.288986 82.641838
v 0.271007 -133.516525 83.574463
v 0.012404 -133.580765 83.166397
v 0.012404 -133.099030 83.176239
v 0.012404 -133.111694 82.547127
v 0.467534 -132.733658 82.711540
v 0.012404 -133.640717 83.473259
v 0.012404 -133.613129 83.542259
v 0.467534 -132.733658 82.711540
v 0.012404 -132.288986 82.641838
v -0.434149 -132.767426 83.215637
v -0.620183 -132.369202 83.821320
v -0.651917 -132.778183 83.826881
v -0.325192 -133.358963 83.234306
v 0.012404 -133.099030 83.176239
v -0.679655 -133.208313 83.822868
v -0.804614 -132.693283 84.495117
v -0.755293 -133.212219 84.501984
v -0.574532 -133.406342 84.225418
v -0.380390 -133.561996 83.966873
v -0.285523 -133.536453 83.667122
v -0.128008 -133.639984 83.902161
v 0.012404 -133.697296 83.667122
v 0.012404 -133.636566 83.628479
v 0.012404 -133.675201 83.821686
v 0.012404 -133.802536 83.920486
v -0.056822 -133.638153 84.178062
v 0.012404 -133.712006 84.108688
v 0.012404 -133.653183 84.311424
v -0.319888 -133.614853 84.239166
v -0.348034 -133.648376 84.430214
v 0.012404 -133.688522 84.457870
v 0.012404 -133.677429 84.637306
v -0.348034 -133.629730 84.653969
v -0.619471 -133.357361 84.980812
v -0.643859 -132.680145 85.130341
v -0.649343 -132.173843 84.400513
v 0.012404 -131.828552 84.815338
v 0.012404 -131.939865 83.860649
v 0.012404 -132.351837 83.319336
v -0.322313 -133.379333 85.102745
v -0.459236 -132.805405 85.302948
v -0.643859 -132.680145 85.130341
v 0.012404 -132.245300 85.295799
v 0.012404 -131.828552 84.815338
v 0.012404 -133.404358 85.181091
v 0.012404 -132.919510 85.405190
v 0.012404 -132.245300 85.295799
v 0.012404 -132.245300 85.295799
v 0.668668 -132.680145 85.130341
v 0.484045 -132.805405 85.302948
v 0.347122 -133.379333 85.102745
v 0.012404 -132.919510 85.405190
v 0.012404 -132.245300 85.295799
v 0.012404 -133.802536 83.920486
v 0.012404 -133.805237 83.956894
v 0.012404 -133.712006 84.108688
v 0.619154 -133.154327 68.875793
v 0.881024 -132.879669 68.875793
v 0.012404 -132.676636 83.603111
v 0.704464 -133.208313 83.822868
v 0.012404 -133.636566 83.628479
v 0.310331 -133.536453 83.667122
v 0.012404 -133.613129 83.542259
v 0.271007 -133.516525 83.574463
v 0.012404 -133.422791 83.322845
v 0.704464 -133.208313 83.822868
v 0.012404 -132.676636 83.603111
v 1.942397 -132.678268 82.536102
v 1.607806 -132.678268 82.516968
v -4.540206 -132.904984 81.523941
v -6.300860 -132.918076 81.552452
v -6.300860 -132.440323 81.552452
v -4.313445 -132.559067 81.425354
v -7.077860 -132.467255 81.580750
v -7.077861 -132.936035 81.580750
v -4.579795 -132.288956 81.881599
v -5.648786 -132.345840 81.938461
v -7.074100 -132.480637 81.850586
v -7.074100 -132.718735 81.968002
v -5.648786 -132.678238 82.065147
v -4.164080 -132.890076 81.536972
v -7.074100 -132.925201 81.850586
v -5.329665 -133.015747 81.832802
v -7.074100 -132.718735 81.968002
v -5.648786 -132.678238 82.065147
v -4.579799 -132.949600 81.941956
v -4.203672 -132.949203 81.966858
v -2.367586 -133.100433 81.685501
v -3.027462 -133.067520 82.195831
v -1.914213 -133.067520 82.412804
v -4.391735 -132.597839 82.148392
v -3.216747 -132.678238 82.294952
v -2.347774 -132.678238 82.496254
v -2.367586 -132.244492 81.606705
v -1.875772 -132.319366 81.549568
v -1.875772 -133.096802 81.549568
v -1.580689 -133.076309 82.409889
v -1.914213 -132.346100 82.464066
v -3.027462 -132.288971 82.107208
v -2.347774 -132.678238 82.496254
v -3.216747 -132.678238 82.294952
v -4.126278 -132.272705 81.893059
v -4.391735 -132.597839 82.148392
v -1.608704 -132.371185 81.322998
v -1.502098 -133.167267 81.322998
v -1.580689 -132.325745 82.426880
v -1.917587 -132.678238 82.536079
v -1.582998 -132.678253 82.516953
v -4.355187 -132.272156 81.886879
v -0.594346 -132.449753 68.875793
v -0.910346 -132.266739 71.382149
v -0.389556 -132.308151 71.593925
v -0.968841 -132.513138 73.058838
v -0.462213 -132.523529 72.977684
v -0.970189 -132.511002 73.598358
v -0.439649 -132.539124 73.509972
v -1.147803 -133.127396 73.350426
v -1.147804 -133.171295 73.623413
v -1.147803 -133.095291 73.087509
v -0.283251 -133.138657 73.254623
v -0.283252 -133.095291 72.949013
v -0.715527 -133.327393 73.018265
v -0.715527 -133.369614 73.285423
v -1.147803 -133.095291 73.087509
v -1.147803 -133.127396 73.350426
v -0.715528 -133.412064 73.554161
v -1.147804 -133.171295 73.623413
v -0.283251 -133.171295 73.484917
v -0.805492 -133.629486 76.088394
v -0.281246 -133.237106 76.277489
v -1.205426 -133.237106 76.416031
v -0.309400 -132.405533 76.120560
v -1.140407 -132.951263 71.227577
v -0.690371 -133.245178 71.333466
v -0.308287 -132.951263 71.439354
v -0.594346 -133.154312 68.875793
v -0.348036 -132.879654 68.875793
v -0.594346 -132.449753 68.875793
v -0.594346 -133.154312 68.875793
v 0.012404 -133.560760 76.376801
v -0.309400 -132.405533 76.120560
v 0.012404 -132.527084 76.250900
v -1.270182 -132.393051 76.156235
v -1.270182 -132.393051 76.156235
v -1.270182 -132.393051 76.156235
v -1.205426 -133.237106 76.416031
v -0.944117 -133.528076 78.856369
v -1.226099 -133.261337 77.246635
v -0.821995 -133.735321 77.065964
v 0.012404 -134.118225 78.877609
v 0.012404 -133.861694 76.941177
v -1.090970 -132.679794 78.887535
v -1.220450 -132.425232 77.246635
v -1.205426 -133.237106 76.416031
v -0.805492 -133.629486 76.088394
v -0.281246 -133.237106 76.277489
v 0.012404 -133.560760 76.376801
v -1.259399 -132.421356 77.014854
v -1.270182 -132.393051 76.156235
v -0.806702 -132.105301 77.072639
v -1.270182 -132.393051 76.156235
v -0.735517 -132.216232 77.589539
v 0.012404 -132.278580 77.794662
v 0.012404 -132.310715 78.877609
v 0.012404 -132.254700 76.695053
v -0.168761 -132.208344 76.437347
v -0.874276 -132.132019 76.541748
v -0.309400 -132.405533 76.120560
v -1.270182 -132.393051 76.156235
v 0.012404 -132.527084 76.250900
v 0.012404 -132.527084 76.250900
v -1.154153 -132.571777 79.716705
v 0.012404 -132.197815 79.766899
v -1.608704 -132.371185 81.322998
v 0.012404 -131.796722 81.336067
v -0.941788 -132.178223 82.548302
v -1.580689 -132.325745 82.426880
v -1.582998 -132.678253 82.516953
v -0.932935 -132.678253 82.564003
v -0.442726 -132.733658 82.711540
v 0.012404 -132.288986 82.641838
v -1.025290 -133.475220 79.716705
v -1.502098 -133.167267 81.322998
v -0.517879 -133.922379 79.783081
v -0.847144 -133.728790 81.226631
v 0.012404 -133.906128 81.418457
v -0.941788 -133.067535 82.416359
v 0.012404 -133.111694 82.547127
v -0.442726 -132.733658 82.711540
v -0.932935 -132.678253 82.564003
v -1.580689 -133.076309 82.409889
v -1.582998 -132.678253 82.516953
v -1.875772 -133.096802 81.549568
v 0.012404 -134.090424 79.786514
v -7.279314 -132.976471 81.539482
v -7.427750 -132.662109 81.547966
v -7.279313 -132.432251 81.539482
v -7.446208 -132.844833 81.398285
v -7.671814 -132.936172 81.390762
v -7.697984 -132.771637 81.550377
v -7.789415 -132.987152 81.503204
v -7.707491 -133.018921 81.643417
v -7.973287 -132.651047 81.764542
v -7.899807 -132.317230 81.640717
v -7.984167 -132.868774 81.784584
v -7.991427 -133.040817 81.797958
v -7.928032 -132.976303 81.351196
v -7.951581 -133.031387 81.470001
v -8.069410 -132.966827 81.358307
v -8.079535 -133.019897 81.451096
v -8.162444 -133.033813 81.308708
v -8.172755 -133.087845 81.403191
v -8.128216 -132.647858 81.636040
v -8.176944 -132.844421 81.635872
v -8.176064 -132.660645 81.448242
v -8.194570 -132.841644 81.454102
v -8.311772 -132.645691 81.376831
v -8.227530 -132.421661 81.386681
v -8.127116 -132.412338 81.434753
v -8.327873 -132.813354 81.379662
v -8.062750 -132.318756 81.625496
v -8.169342 -132.314911 81.691872
v -8.227530 -132.421661 81.386681
v -8.323747 -132.648468 81.680054
v -8.311772 -132.645691 81.376831
v -8.317156 -132.847992 81.679100
v -8.021675 -132.672821 81.948723
v -8.019417 -132.872345 81.942459
v -8.327873 -132.813354 81.379662
v -7.279314 -132.709808 81.981766
v -7.279313 -132.432251 81.840691
v -7.938558 -132.302597 81.818062
v -8.062750 -132.318756 81.625496
v -7.899807 -132.317230 81.640717
v -8.194570 -132.841644 81.454102
v -8.176944 -132.844421 81.635872
v -8.019417 -132.872345 81.942459
v -7.984167 -132.868774 81.784584
v -7.074100 -132.718735 81.968002
v -7.074100 -132.925201 81.850586
v -7.279314 -132.976471 81.828331
v -8.019417 -132.872345 81.942459
v -8.017591 -133.033554 81.937393
v -7.991427 -133.040817 81.797958
v -7.707491 -133.018921 81.643417
v -7.279314 -132.976471 81.539482
v -7.679315 -133.117813 81.460449
v -7.645953 -133.044678 81.334572
v -7.397944 -132.983276 81.389877
v -7.446208 -132.844833 81.398285
v -7.671814 -132.936172 81.390762
v -7.789415 -132.987152 81.503204
v -7.936253 -133.152023 81.418633
v -7.905452 -133.077515 81.288902
v -8.172755 -133.087845 81.403191
v -8.162444 -133.033813 81.308708
v -7.928032 -132.976303 81.351196
v -8.069410 -132.966827 81.358307
v -8.079535 -133.019897 81.451096
v -7.951581 -133.031387 81.470001
v -7.077861 -132.936035 81.580750
v -8.368830 -132.844864 81.783905
v -8.461892 -132.989822 81.489403
v -8.363965 -133.006088 81.781601
v -8.465886 -132.861130 81.487816
v -8.322128 -133.003586 81.520699
v -8.247092 -133.013336 81.701180
v -8.310487 -132.851059 81.527512
v -8.232514 -132.841309 81.696815
v -8.019417 -132.872345 81.942459
v -7.984167 -132.868774 81.784584
v -8.062750 -132.318756 81.625496
v -8.127116 -132.412338 81.434753
v -8.062750 -132.318756 81.625496
v -8.322128 -133.003586 81.520699
v -8.465886 -132.861130 81.487816
v -8.310487 -132.851059 81.527512
v -8.461892 -132.989822 81.489403
v -8.247092 -133.013336 81.701180
v -8.232514 -132.841309 81.696815
v -7.899807 -132.317230 81.640717
v -7.074100 -132.480637 81.850586
v -7.279313 -132.432251 81.539482
v -7.077860 -132.467255 81.580750
v -7.077861 -132.936035 81.580750
v -0.856215 -132.879654 68.875793
v -0.594346 -132.449753 68.875793
v -1.140407 -132.951263 71.227577
v -0.594346 -132.449753 68.875793
v -0.594346 -132.449753 68.505898
v -0.856215 -132.879654 68.505898
v -0.856215 -132.879654 68.875793
v -0.594346 -133.228226 68.523643
v -0.594346 -133.154312 68.875793
v -0.880275 -132.523361 67.862640
v -0.594346 -132.354248 67.868210
v -1.038260 -134.537613 67.862640
v -0.755726 -134.328827 68.173477
v -0.401764 -134.625885 68.047714
v -0.369725 -134.811218 67.910210
v -0.332474 -132.879654 68.505898
v -0.594346 -133.154312 68.875793
v -0.348036 -132.879654 68.875793
v -0.594346 -132.449753 68.505898
v -0.594346 -132.449753 68.875793
v -0.312085 -132.543259 67.862640
v -0.240959 -134.507339 68.073174
v -0.105244 -134.634674 67.862640
v -0.312085 -132.543259 67.862640
v -0.594346 -132.354248 67.868210
v -1.038260 -134.537613 67.862640
v -0.105244 -134.634674 67.862640
v -0.369725 -134.811218 67.910210
v -0.880275 -132.523361 67.862640
v -0.312085 -132.543259 67.862640
v -0.594346 -132.354248 67.868210
v 0.012404 -133.099030 83.176239
v 0.012404 -133.580765 83.166397
v -0.246199 -133.516525 83.574463
v 0.012404 -133.640717 83.473259
v 0.012404 -133.613129 83.542259
v 0.012404 -133.111694 82.547127
v -0.442726 -132.733658 82.711540
v -0.442726 -132.733658 82.711540
v 0.012404 -132.288986 82.641838
v 0.012404 -132.288986 82.641838
v -0.594346 -133.154312 68.875793
v -0.856215 -132.879654 68.875793
v 0.012404 -132.676636 83.603111
v 0.012404 -133.636566 83.628479
v -0.679655 -133.208313 83.822868
v -0.285523 -133.536453 83.667122
v 0.012404 -133.613129 83.542259
v 0.012404 -133.422791 83.322845
v -0.246199 -133.516525 83.574463
v -0.679655 -133.208313 83.822868
v 0.012404 -132.676636 83.603111
v -1.917587 -132.678238 82.536079
v -1.582998 -132.678253 82.516953
vn -0.0207 -0.7165 -0.6973
vn -0.0255 0.4064 -0.9133
vn 0.0683 0.6544 -0.7530
vn 0.0512 -0.6648 -0.7453
vn -0.1115 0.7019 -0.7035
vn -0.1555 -0.7151 -0.6815
vn 0.0472 0.9698 0.2394
vn 0.0518 0.9233 0.3806
vn -0.0312 0.8305 0.5561
vn -0.0001 -0.0580 0.9983
vn 0.0606 -0.0828 0.9947
vn -0.0238 -0.7149 -0.6988
vn -0.0640 -0.8396 0.5394
vn 0.0233 -0.9588 0.2831
vn -0.0001 -0.0581 0.9983
vn -0.0115 -0.8846 0.4663
vn 0.1045 -0.8851 0.4535
vn 0.0490 -0.7943 -0.6056
vn 0.1574 -0.8370 0.5241
vn 0.0418 -0.7795 0.6250
vn 0.0899 0.0816 0.9926
vn 0.1888 0.0760 0.9791
vn 0.2012 0.0172 0.9794
vn 0.0137 0.7476 -0.6640
vn 0.1449 0.7695 -0.6219
vn 0.3050 -0.7575 -0.5772
vn 0.0124 -0.7983 0.6022
vn 0.0300 0.7354 0.6770
vn 0.1404 0.8973 0.4186
vn 0.2012 0.0173 0.9794
vn 0.1889 0.0761 0.9791
vn -0.0079 0.9899 0.1419
vn 0.6213 0.6579 -0.4257
vn 0.7451 -0.6489 -0.1545
vn 0.1109 0.7805 0.6153
vn 0.0129 -0.0413 0.9991
vn 0.0187 -0.0621 0.9979
vn 0.0393 0.9860 0.1620
vn -0.0206 0.9945 -0.1031
vn -0.6581 0.7515 0.0467
vn 0.5405 0.8413 -0.0098
vn 0.5989 0.7992 0.0513
vn -0.6142 0.7848 0.0826
vn 0.5776 0.8144 -0.0562
vn -0.6432 0.7654 -0.0186
vn 0.9292 -0.3643 -0.0629
vn 0.9067 -0.4114 -0.0934
vn 0.9319 -0.3599 -0.0451
vn -0.9159 -0.3950 -0.0722
vn -0.9221 -0.3855 -0.0344
vn 0.0129 -0.9934 -0.1143
vn 0.0202 -0.9888 -0.1481
vn 0.9292 -0.3642 -0.0629
vn 0.0090 -0.9930 -0.1175
vn 0.9067 -0.4113 -0.0933
vn -0.9071 -0.4178 -0.0508
vn 0.0748 -0.9950 -0.0661
vn -0.5270 -0.5581 -0.6409
vn 0.9194 -0.3915 -0.0375
vn -0.5005 0.6828 -0.5322
vn -0.0000 -0.6392 -0.7690
vn -0.0000 0.2789 -0.9603
vn 0.9489 -0.3090 -0.0648
vn -0.0413 -0.9983 -0.0408
vn -0.9262 -0.3765 -0.0197
vn -0.0250 -0.9996 0.0114
vn -0.9950 -0.0997 -0.0033
vn -0.0249 -0.9996 0.0115
vn 0.7460 0.6550 -0.1201
vn 0.7460 0.6551 -0.1201
vn 0.9194 -0.3914 -0.0375
vn 0.8248 -0.5653 0.0116
vn 0.4632 -0.8745 -0.1438
vn 0.9380 -0.3454 0.0288
vn -0.0000 -0.9994 -0.0357
vn -0.0000 -0.9489 -0.3156
vn 0.8721 0.4870 0.0470
vn 0.8568 0.4909 0.1581
vn 0.2500 0.9487 0.1934
vn 0.2160 0.9709 0.1033
vn -0.0000 0.9986 0.0535
vn -0.0000 0.9997 0.0243
vn -0.0000 0.9962 -0.0874
vn -0.3488 0.8709 -0.3462
vn 0.1281 0.9719 -0.1977
vn -0.5004 0.6826 -0.5326
vn -0.0000 0.2788 -0.9604
vn 0.9046 0.4169 0.0894
vn -0.0000 0.9822 -0.1880
vn 0.8165 0.5309 -0.2269
vn 0.6213 0.6579 -0.4256
vn 0.0001 0.9997 -0.0245
vn 0.2083 0.7123 0.6703
vn 0.0188 -0.0621 0.9979
vn 0.2018 -0.1235 0.9716
vn 0.5848 -0.1700 0.7931
vn -0.0000 0.8650 0.5019
vn 0.8616 -0.4983 -0.0966
vn 0.7450 -0.6489 -0.1545
vn 0.4752 -0.8799 -0.0013
vn 0.4556 -0.8692 0.1920
vn 0.0001 -0.9450 0.3271
vn 0.1917 -0.6954 0.6926
vn -0.0000 -0.8719 0.4896
vn 0.5848 -0.1699 0.7932
vn 0.2018 -0.1236 0.9716
vn 0.0124 -0.7983 0.6021
vn 0.0187 -0.0622 0.9979
vn 0.3049 -0.7575 -0.5773
vn -0.0000 -0.9975 0.0711
vn -0.4408 -0.7146 -0.5433
vn -0.1428 0.6660 -0.7322
vn 0.0664 0.2244 -0.9722
vn -0.2909 0.4654 -0.8359
vn 0.2663 0.6342 -0.7258
vn 0.5293 0.4611 -0.7122
vn 0.7577 0.2611 0.5981
vn 0.3919 -0.9200 -0.0021
vn -0.0710 -0.1191 -0.9903
vn 0.0048 0.6478 -0.7618
vn 0.0565 -0.1729 -0.9833
vn 0.0364 -0.8601 -0.5089
vn 0.0372 0.9298 -0.3662
vn 0.1574 0.3023 0.9401
vn 0.2300 0.9586 -0.1679
vn 0.3412 0.3901 0.8552
vn 0.7614 0.1076 -0.6393
vn 0.8707 -0.4075 0.2752
vn -0.8262 -0.1853 -0.5320
vn -0.4532 -0.8363 -0.3085
vn -0.7808 -0.1605 -0.6038
vn -0.5755 -0.6788 -0.4561
vn 0.5409 0.1107 -0.8338
vn 0.3291 0.5226 -0.7865
vn -0.6583 0.4081 -0.6326
vn 0.5062 -0.4561 -0.7319
vn -0.2582 0.7436 -0.6168
vn 0.5537 0.7935 0.2526
vn -0.6583 0.4080 -0.6326
vn 0.9119 0.1643 0.3761
vn 0.7131 -0.6401 0.2860
vn 0.3472 0.1581 0.9244
vn 0.2479 -0.0155 0.9687
vn -0.0382 -0.0074 0.9992
vn -0.1313 0.8359 0.5330
vn 0.0834 0.8229 0.5620
vn -0.2582 0.7435 -0.6168
vn -0.5756 -0.6787 -0.4561
vn -0.1428 0.6659 -0.7322
vn -0.0002 -0.0580 0.9983
vn -0.1279 -0.8683 0.4793
vn 0.2478 -0.0155 0.9687
vn 0.1066 -0.6639 0.7402
vn 0.3918 -0.9201 -0.0020
vn -0.4408 -0.7146 -0.5432
vn -0.0846 -0.9894 0.1179
vn -0.2199 -0.3368 -0.9156
vn -0.5528 -0.4068 -0.7272
vn 0.2663 0.6342 -0.7259
vn 0.7577 0.2611 0.5980
vn 0.0964 -0.9590 0.2667
vn -0.0475 -0.2948 -0.9544
vn 0.8707 -0.4075 0.2753
vn 0.2299 0.9586 -0.1678
vn 0.3413 0.3901 0.8552
vn 0.1573 0.3024 0.9401
vn -0.1555 -0.7151 -0.6816
vn 0.5824 0.6226 0.5227
vn 0.5984 -0.6225 0.5044
vn 0.6294 -0.5263 -0.5717
vn 0.6350 0.5145 -0.5763
vn -0.4564 -0.6399 -0.6182
vn -0.3260 -0.8379 -0.4377
vn -0.5050 0.6148 -0.6058
vn -0.4123 0.8067 -0.4234
vn 0.0565 -0.1728 -0.9833
vn -0.2581 0.7436 -0.6168
vn 0.5537 0.7935 0.2525
vn -0.6582 0.4080 -0.6326
vn -0.2581 0.7435 -0.6169
vn 0.6350 0.5144 -0.5763
vn 0.6295 -0.5263 -0.5717
vn -0.4122 0.8067 -0.4235
vn 0.0048 0.6479 -0.7617
vn -0.1115 0.7019 -0.7034
vn -0.4407 -0.7146 -0.5432
vn 0.9936 -0.0970 -0.0580
vn -0.0205 0.9945 -0.1031
vn 0.9488 -0.3090 -0.0648
vn 0.9707 0.0618 0.2320
vn -0.0073 0.9718 0.2357
vn -0.0146 -0.5522 0.8336
vn -0.0250 -0.9996 0.0115
vn 0.7029 0.4519 -0.5492
vn -0.0227 0.8451 -0.5341
vn 0.7602 -0.5759 -0.3009
vn 0.3118 -0.3877 0.8675
vn -0.0509 -0.5387 0.8410
vn -0.1106 -0.9868 -0.1181
vn -0.9677 0.0694 0.2422
vn -0.0249 -0.9996 0.0114
vn -0.7060 0.4350 -0.5589
vn -0.4635 -0.3405 0.8181
vn -0.7877 -0.5043 -0.3540
vn -0.0226 0.8451 -0.5342
vn 0.7602 -0.5758 -0.3009
vn -0.7876 -0.5043 -0.3540
vn 0.5204 -0.8431 -0.1356
vn 0.3902 -0.3321 -0.8588
vn 0.8660 -0.3393 -0.3673
vn 0.4696 -0.8810 -0.0579
vn 0.0001 -0.9060 -0.4233
vn -0.0000 -0.2956 -0.9553
vn -0.0000 -0.9721 -0.2347
vn -0.0001 -0.9207 -0.3902
vn 0.7290 -0.6804 -0.0754
vn 0.9295 -0.3665 0.0422
vn 0.3696 -0.9278 0.0501
vn -0.0001 -0.9486 0.3164
vn -0.0000 -0.9958 -0.0920
vn 0.3630 -0.9175 -0.1626
vn 0.4282 -0.9022 -0.0520
vn -0.0000 -0.9968 -0.0794
vn -0.0000 -0.9670 0.2547
vn 0.3939 -0.8925 0.2199
vn -0.0000 -0.6636 0.7481
vn 0.7030 -0.5379 0.4653
vn 0.7993 0.2380 0.5517
vn 0.9929 0.1153 0.0301
vn 0.9537 0.0578 -0.2953
vn 0.6052 -0.4003 -0.6881
vn 0.9124 0.1030 -0.3960
vn -0.0000 -0.5389 -0.8424
vn 0.7735 0.6333 0.0229
vn -0.0000 0.9397 0.3419
vn -0.0000 0.9230 -0.3848
vn 0.8148 0.4648 -0.3465
vn -0.0000 0.9164 -0.4002
vn -0.0000 0.8650 0.5018
vn 0.0980 -0.6530 0.7510
vn -0.0000 -0.6883 -0.7254
vn -0.0000 -0.8719 0.4897
vn 0.9125 0.1029 -0.3960
vn 0.5849 -0.1700 0.7931
vn -0.0000 -0.9995 0.0322
vn -0.0000 -0.3630 0.9318
vn 0.5849 -0.1699 0.7931
vn -0.0000 0.8649 0.5019
vn 0.9124 0.1029 -0.3961
vn -0.9124 0.1030 -0.3960
vn -0.8148 0.4648 -0.3465
vn -0.0000 0.9164 -0.4003
vn -0.9537 0.0578 -0.2953
vn -0.6052 -0.4003 -0.6881
vn -0.8660 -0.3393 -0.3673
vn -0.9929 0.1153 0.0301
vn -0.9295 -0.3665 0.0422
vn -0.7290 -0.6804 -0.0754
vn -0.5204 -0.8431 -0.1356
vn -0.3901 -0.3321 -0.8588
vn -0.4696 -0.8810 -0.0579
vn -0.0001 -0.9060 -0.4233
vn 0.0001 -0.9208 -0.3901
vn -0.3696 -0.9278 0.0501
vn -0.0000 -0.9486 0.3164
vn -0.0000 -0.9958 -0.0921
vn -0.3630 -0.9175 -0.1626
vn -0.4282 -0.9022 -0.0520
vn -0.3939 -0.8925 0.2199
vn -0.7030 -0.5379 0.4653
vn -0.7994 0.2380 0.5517
vn -0.7735 0.6333 0.0229
vn -0.0000 0.9230 -0.3849
vn -0.2775 -0.6404 0.7162
vn -0.4654 -0.0145 0.8850
vn -0.7993 0.2380 0.5518
vn -0.0000 0.5765 0.8171
vn -0.0000 -0.1608 0.9870
vn -0.0000 0.5766 0.8171
vn 0.7993 0.2380 0.5518
vn -0.0001 0.9397 0.3419
vn 0.4654 -0.0144 0.8850
vn 0.2775 -0.6404 0.7162
vn -0.0000 -0.1609 0.9870
vn -0.0000 -0.9208 -0.3901
vn -0.0000 -0.9693 0.2460
vn -0.4696 -0.8810 -0.0580
vn 0.9936 -0.0970 -0.0581
vn -0.0000 -0.9997 -0.0252
vn 0.8660 -0.3392 -0.3673
vn 0.3902 -0.3322 -0.8587
vn 0.0001 -0.3630 0.9318
vn 0.0980 -0.6529 0.7510
vn -0.0000 0.2087 0.9780
vn 0.8660 -0.3393 -0.3674
vn -0.0001 -0.9997 -0.0253
vn 0.0129 -0.0414 0.9991
vn 0.0206 -0.7165 -0.6973
vn -0.0512 -0.6648 -0.7453
vn -0.0684 0.6545 -0.7530
vn 0.0255 0.4064 -0.9133
vn 0.1115 0.7020 -0.7034
vn 0.1554 -0.7151 -0.6815
vn -0.0472 0.9698 0.2394
vn -0.0518 0.9233 0.3806
vn 0.0312 0.8305 0.5561
vn 0.0001 -0.0580 0.9983
vn -0.0606 -0.0828 0.9947
vn 0.0238 -0.7149 -0.6988
vn 0.0640 -0.8396 0.5394
vn -0.0233 -0.9588 0.2831
vn 0.0002 -0.0581 0.9983
vn 0.0115 -0.8846 0.4663
vn -0.1045 -0.8851 0.4535
vn -0.0490 -0.7943 -0.6056
vn -0.1574 -0.8370 0.5241
vn -0.0418 -0.7795 0.6250
vn -0.0899 0.0816 0.9926
vn -0.1888 0.0761 0.9791
vn -0.2012 0.0172 0.9794
vn -0.0138 0.7477 -0.6639
vn -0.1449 0.7695 -0.6219
vn -0.3050 -0.7575 -0.5772
vn -0.0124 -0.7983 0.6021
vn -0.0300 0.7354 0.6770
vn -0.1404 0.8972 0.4186
vn -0.1889 0.0761 0.9790
vn 0.0079 0.9899 0.1419
vn -0.6213 0.6579 -0.4257
vn -0.7450 -0.6489 -0.1545
vn -0.1108 0.7805 0.6153
vn -0.0129 -0.0413 0.9991
vn -0.0187 -0.0621 0.9979
vn -0.0393 0.9860 0.1620
vn 0.0206 0.9945 -0.1031
vn -0.5405 0.8413 -0.0098
vn 0.6581 0.7515 0.0467
vn -0.5989 0.7992 0.0513
vn 0.6142 0.7848 0.0826
vn -0.5787 0.8139 -0.0515
vn 0.6432 0.7654 -0.0186
vn -0.9292 -0.3642 -0.0629
vn -0.9073 -0.4103 -0.0921
vn -0.9319 -0.3600 -0.0451
vn 0.9158 -0.3950 -0.0722
vn 0.9221 -0.3855 -0.0343
vn -0.0129 -0.9934 -0.1143
vn -0.0202 -0.9888 -0.1481
vn -0.9319 -0.3599 -0.0452
vn -0.0090 -0.9930 -0.1174
vn -0.9073 -0.4103 -0.0920
vn 0.9071 -0.4178 -0.0508
vn -0.0791 -0.9950 -0.0610
vn 0.5270 -0.5581 -0.6409
vn -0.9190 -0.3927 -0.0351
vn 0.4751 0.6905 -0.5455
vn -0.9489 -0.3090 -0.0648
vn 0.0413 -0.9983 -0.0408
vn 0.9262 -0.3765 -0.0197
vn 0.0250 -0.9996 0.0114
vn 0.9950 -0.0997 -0.0033
vn 0.0249 -0.9996 0.0114
vn -0.0000 -0.6392 -0.7691
vn -0.7847 0.6061 -0.1301
vn -0.9073 -0.4102 -0.0921
vn -0.9190 -0.3926 -0.0351
vn -0.8248 -0.5653 0.0116
vn -0.9359 -0.3513 0.0240
vn -0.4613 -0.8752 -0.1456
vn -0.8721 0.4870 0.0470
vn -0.8543 0.4923 0.1670
vn -0.0790 -0.9950 -0.0610
vn -0.8987 0.4321 0.0746
vn -0.2246 0.9701 0.0923
vn -0.7846 0.6061 -0.1301
vn -0.2500 0.9487 0.1934
vn 0.3489 0.8709 -0.3462
vn -0.2186 0.9527 -0.2111
vn 0.4750 0.6905 -0.5455
vn -0.7847 0.6060 -0.1302
vn -0.0000 0.2788 -0.9603
vn -0.8165 0.5309 -0.2268
vn -0.0000 0.9997 -0.0245
vn -0.2083 0.7123 0.6703
vn -0.1109 0.7805 0.6153
vn -0.2018 -0.1235 0.9716
vn -0.5848 -0.1700 0.7931
vn -0.8616 -0.4983 -0.0966
vn -0.7450 -0.6489 -0.1544
vn -0.4749 -0.8800 -0.0010
vn -0.4559 -0.8691 0.1918
vn -0.0001 -0.9450 0.3271
vn -0.1916 -0.6954 0.6926
vn -0.5849 -0.1699 0.7931
vn -0.2018 -0.1236 0.9716
vn -0.0188 -0.0622 0.9979
vn -0.3050 -0.7575 -0.5773
vn 0.4407 -0.7146 -0.5433
vn -0.0664 0.2244 -0.9722
vn 0.1427 0.6660 -0.7322
vn 0.2909 0.4655 -0.8359
vn -0.2663 0.6342 -0.7258
vn -0.5293 0.4611 -0.7122
vn -0.7577 0.2611 0.5981
vn -0.3918 -0.9200 -0.0020
vn 0.0710 -0.1191 -0.9903
vn -0.0048 0.6478 -0.7618
vn -0.0565 -0.1729 -0.9833
vn -0.0364 -0.8601 -0.5089
vn -0.0373 0.9298 -0.3662
vn -0.1574 0.3024 0.9401
vn -0.2299 0.9586 -0.1678
vn -0.3412 0.3901 0.8552
vn -0.7614 0.1076 -0.6393
vn -0.8707 -0.4075 0.2752
vn 0.8262 -0.1853 -0.5320
vn 0.4532 -0.8363 -0.3085
vn 0.7808 -0.1605 -0.6038
vn 0.5755 -0.6788 -0.4562
vn -0.5409 0.1107 -0.8338
vn -0.3291 0.5226 -0.7865
vn 0.6582 0.4081 -0.6327
vn -0.5062 -0.4561 -0.7320
vn 0.2582 0.7436 -0.6168
vn -0.5537 0.7935 0.2525
vn 0.6582 0.4080 -0.6326
vn -0.9119 0.1643 0.3761
vn -0.7131 -0.6401 0.2860
vn -0.3472 0.1581 0.9244
vn -0.2479 -0.0155 0.9687
vn 0.0382 -0.0074 0.9992
vn 0.1312 0.8359 0.5330
vn -0.0834 0.8229 0.5620
vn 0.2581 0.7436 -0.6169
vn 0.5756 -0.6787 -0.4562
vn -0.2478 -0.0155 0.9687
vn 0.1427 0.6659 -0.7322
vn 0.1279 -0.8683 0.4793
vn -0.1066 -0.6639 0.7401
vn -0.3918 -0.9201 -0.0020
vn 0.4408 -0.7146 -0.5432
vn 0.0847 -0.9894 0.1179
vn 0.2199 -0.3368 -0.9156
vn 0.5528 -0.4068 -0.7272
vn 0.2909 0.4654 -0.8359
vn -0.2663 0.6342 -0.7259
vn -0.7577 0.2612 0.5981
vn -0.0963 -0.9590 0.2667
vn 0.0475 -0.2948 -0.9544
vn -0.8707 -0.4076 0.2752
vn -0.2300 0.9586 -0.1678
vn -0.3412 0.3902 0.8552
vn -0.1573 0.3024 0.9401
vn 0.1555 -0.7151 -0.6816
vn -0.5823 0.6226 0.5228
vn -0.6295 -0.5263 -0.5717
vn -0.5983 -0.6225 0.5044
vn -0.6350 0.5145 -0.5763
vn 0.4564 -0.6399 -0.6183
vn 0.3261 -0.8379 -0.4377
vn 0.5051 0.6148 -0.6057
vn 0.4123 0.8067 -0.4235
vn 0.2581 0.7436 -0.6168
vn 0.6582 0.4081 -0.6326
vn -0.5537 0.7935 0.2526
vn 0.4564 -0.6399 -0.6182
vn -0.6294 -0.5263 -0.5717
vn 0.4123 0.8067 -0.4234
vn -0.0048 0.6479 -0.7617
vn 0.0313 0.8305 0.5561
vn 0.1428 0.6659 -0.7322
vn 0.1116 0.7020 -0.7034
vn 0.1555 -0.7151 -0.6815
vn -0.9936 -0.0970 -0.0581
vn 0.0205 0.9945 -0.1031
vn -0.9488 -0.3090 -0.0648
vn 0.0073 0.9718 0.2356
vn -0.9707 0.0618 0.2321
vn -0.9936 -0.0970 -0.0580
vn 0.0146 -0.5522 0.8336
vn -0.7029 0.4519 -0.5493
vn 0.0226 0.8451 -0.5342
vn -0.7602 -0.5759 -0.3009
vn -0.3118 -0.3877 0.8675
vn 0.0509 -0.5386 0.8410
vn 0.1106 -0.9868 -0.1181
vn 0.9677 0.0694 0.2422
vn 0.0073 0.9718 0.2357
vn 0.7060 0.4350 -0.5589
vn 0.4635 -0.3405 0.8181
vn 0.7877 -0.5043 -0.3540
vn 0.7061 0.4349 -0.5589
vn -0.7601 -0.5759 -0.3009
vn 0.7876 -0.5043 -0.3540
vn -0.7029 0.4519 -0.5492
vn -0.0980 -0.6530 0.7510
vn -0.0000 -0.5389 -0.8423
vn -0.9125 0.1029 -0.3960
vn -0.5849 -0.1700 0.7931
vn -0.9124 0.1029 -0.3961
vn -0.0000 -0.2955 -0.9553
vn -0.8660 -0.3394 -0.3674
vn -0.3902 -0.3322 -0.8587
vn -0.0000 0.2088 0.9780
vn -0.0980 -0.6529 0.7510
vn -0.0129 -0.0414 0.9991
vn -0.0187 -0.0622 0.9979
vt 0.730382 0.103619
vt 0.705649 0.144477
vt 0.906050 0.162418
vt 0.907543 0.101904
vt 0.999984 0.166941
vt 1.001061 0.095946
vt 0.733494 0.205318
vt 0.838940 0.209383
vt 0.991053 0.210366
vt 0.981648 0.252295
vt 0.840260 0.252371
vt 0.689743 0.104698
vt 0.991405 0.052870
vt 0.810174 0.064464
vt 0.981657 0.011468
vt 0.840250 0.011429
vt 0.734207 0.056759
vt 0.693123 0.056174
vt 0.518060 0.096757
vt 0.575201 0.047645
vt 0.473165 0.043970
vt 0.716055 0.011396
vt 0.597290 0.011359
vt 0.510869 0.011322
vt 0.522475 0.164896
vt 0.485011 0.157654
vt 0.479927 0.107408
vt 0.445175 0.049232
vt 0.473366 0.225391
vt 0.579352 0.211659
vt 0.510849 0.252622
vt 0.597275 0.252464
vt 0.688056 0.203710
vt 0.716059 0.252303
vt 0.459430 0.138427
vt 0.448360 0.105872
vt 0.445220 0.217118
vt 0.468555 0.252667
vt 0.435264 0.252667
vt 0.710772 0.204691
vt 0.809314 0.993189
vt 0.844593 0.748486
vt 0.799681 0.766537
vt 0.795370 0.616810
vt 0.844460 0.624653
vt 0.796731 0.566457
vt 0.846052 0.573862
vt 0.737687 0.589384
vt 0.737679 0.566887
vt 0.737691 0.611583
vt 0.903594 0.595045
vt 0.902086 0.622902
vt 0.947494 0.615460
vt 0.947980 0.591500
vt 0.993009 0.611673
vt 0.993010 0.589483
vt 0.948583 0.568105
vt 0.993012 0.566905
vt 0.904969 0.574145
vt 0.939443 0.344499
vt 0.898532 0.361084
vt 0.993076 0.320695
vt 0.854260 0.365264
vt 0.915162 0.347050
vt 0.854851 0.350073
vt 0.993004 0.780156
vt 0.944441 0.769131
vt 0.900724 0.759988
vt 0.936461 0.995025
vt 0.880074 0.997653
vt 0.789589 0.353336
vt 0.737576 0.320774
vt 0.459999 0.699940
vt 0.421847 0.911548
vt 0.493482 0.874305
vt 0.334346 0.703269
vt 0.334346 0.906337
vt 0.574509 0.696105
vt 0.570429 0.874521
vt 0.490508 0.948126
vt 0.334346 0.965522
vt 0.365140 0.975937
vt 0.420117 0.965795
vt 0.650541 0.838561
vt 0.643075 0.892767
vt 0.726515 0.817051
vt 0.726515 0.703484
vt 0.726515 0.932364
vt 0.709975 0.959389
vt 0.635989 0.948441
vt 0.695226 0.983366
vt 0.579503 0.979625
vt 0.726515 0.978941
vt 0.572418 0.925007
vt 0.726515 0.610225
vt 0.575486 0.609180
vt 0.574131 0.447552
vt 0.726515 0.445670
vt 0.628909 0.318546
vt 0.561909 0.331279
vt 0.561667 0.289065
vt 0.629838 0.284131
vt 0.681244 0.268659
vt 0.726515 0.308737
vt 0.465542 0.609718
vt 0.497836 0.448231
vt 0.389955 0.608312
vt 0.424485 0.456931
vt 0.334346 0.436815
vt 0.434410 0.332167
vt 0.334346 0.318454
vt 0.382074 0.269755
vt 0.433481 0.285227
vt 0.501409 0.332846
vt 0.501652 0.290161
vt 0.532354 0.423067
vt 0.334346 0.607952
vt 0.079805 0.232283
vt 0.164710 0.210607
vt 0.122523 0.194649
vt 0.082536 0.195321
vt 0.065738 0.163787
vt 0.098907 0.148763
vt 0.061632 0.142152
vt 0.067395 0.121429
vt 0.123677 0.114515
vt 0.175785 0.114562
vt 0.094627 0.115280
vt 0.071940 0.113520
vt 0.035702 0.148111
vt 0.041923 0.132093
vt 0.020229 0.138299
vt 0.026355 0.125859
vt 0.005702 0.131286
vt 0.011940 0.118620
vt 0.124248 0.087244
vt 0.097369 0.085301
vt 0.124231 0.055219
vt 0.098622 0.055224
vt 0.124118 0.033753
vt 0.158367 0.040381
vt 0.164154 0.054336
vt 0.099739 0.035139
vt 0.171577 0.088395
vt 0.192231 0.080816
vt 0.172887 0.036601
vt 0.229659 0.051083
vt 0.207206 0.014433
vt 0.253565 0.037615
vt 0.259273 0.099604
vt 0.295568 0.088781
vt 0.225257 0.005464
vt 0.257519 0.214069
vt 0.210893 0.208562
vt 0.203087 0.112287
vt 0.256732 0.004405
vt 0.275505 0.029551
vt 0.296663 0.056271
vt 0.254448 0.243670
vt 0.287294 0.248875
vt 0.299549 0.220380
vt 0.323300 0.104611
vt 0.343328 0.116239
vt 0.349575 0.166371
vt 0.341191 0.234380
vt 0.379236 0.180734
vt 0.393815 0.198439
vt 0.369935 0.227020
vt 0.383913 0.245331
vt 0.408148 0.211617
vt 0.372524 0.153454
vt 0.406401 0.154959
vt 0.418570 0.170953
vt 0.432503 0.130104
vt 0.445823 0.142555
vt 0.433494 0.180403
vt 0.448844 0.163198
vt 0.412154 0.127150
vt 0.395815 0.139939
vt 0.325332 0.261049
vt 0.344700 0.051550
vt 0.359289 0.070966
vt 0.389947 0.045029
vt 0.374202 0.026325
vt 0.391323 0.064504
vt 0.369359 0.086828
vt 0.352694 0.023153
vt 0.330809 0.036634
vt 0.068269 0.054545
vt 0.088448 0.054365
vt 0.085147 0.033440
vt 0.068311 0.035581
vt 0.069129 0.082960
vt 0.091835 0.081384
vt 0.214759 0.239928
vt 0.170727 0.242683
vt 0.094294 0.262400
vt 0.737783 0.987757
vt 0.737708 0.780107
vt 0.274783 0.263290
vt 0.251897 0.284556
vt 0.265085 0.304716
vt 0.290410 0.280108
vt 0.230808 0.322133
vt 0.234686 0.293532
vt 0.317161 0.315098
vt 0.326877 0.296848
vt 0.247112 0.446506
vt 0.230894 0.421947
vt 0.204488 0.436013
vt 0.200804 0.450038
vt 0.202857 0.296193
vt 0.220949 0.280878
vt 0.186739 0.265822
vt 0.206200 0.254811
vt 0.152216 0.291162
vt 0.194174 0.426648
vt 0.177297 0.438725
vt 0.148125 0.271043
vt 0.109679 0.437051
vt 0.158639 0.453515
vt 0.110675 0.292890
vt 0.130164 0.279394
vt 0.048936 0.787641
vt 0.037433 0.823986
vt 0.095670 0.805101
vt 0.018334 0.795488
vt 0.001309 0.823986
vt 0.001309 0.828672
vt 0.001309 0.805245
vt 0.001309 0.793266
vt 0.072476 0.756292
vt 0.104842 0.722758
vt 0.009703 0.762035
vt 0.001309 0.770446
vt 0.001309 0.745864
vt 0.041600 0.754625
vt 0.045013 0.731461
vt 0.001309 0.728107
vt 0.001309 0.706350
vt 0.045012 0.704329
vt 0.000634 0.640415
vt 0.080537 0.664700
vt 0.172489 0.654188
vt 0.168984 0.731210
vt 0.146949 0.810560
vt 0.044855 0.876465
vt 0.134665 0.883862
vt 0.053879 0.921862
vt 0.230813 0.753236
vt 0.327296 0.709405
vt 0.289853 0.844016
vt 0.198004 0.819694
vt 0.222406 0.906637
vt 0.208321 0.985394
vt 0.032665 0.835220
vt 0.001309 0.884699
vt 0.068912 0.997425
vt 0.136690 0.961832
vt 0.001309 0.847491
vt 0.001309 0.839125
vt 0.041894 0.649915
vt 0.070649 0.583980
vt 0.103642 0.580263
vt 0.049090 0.502723
vt 0.103028 0.449168
vt 0.013527 0.576938
vt 0.001309 0.788851
vt 0.992969 0.987765
vt 0.232379 0.916718
vt 0.282941 0.969753
vt 0.311768 0.908112
vt 0.306313 0.933309
vt 0.220304 0.994415
vt 0.243005 0.989735
vt 0.222758 0.978624
vt 0.468563 0.011307
vt 0.435273 0.011298
s 1
usemtl enemy_tonnel
f 1/1/1 2/2/2 3/3/3
f 1/1/1 3/3/3 4/4/4
f 4/4/4 3/3/3 5/5/5
f 4/4/4 5/5/5 6/6/6
f 3/3/3 2/2/2 7/7/7
f 3/3/3 7/7/7 8/8/8
f 5/5/5 3/3/3 8/8/8
f 5/5/5 8/8/8 9/9/9
f 10/10/10 9/9/9 8/8/8
f 10/10/10 8/8/8 11/11/11
f 11/11/11 8/8/8 7/7/7
f 1/1/1 12/12/12 2/2/2
f 4/4/4 6/6/6 13/13/13
f 14/14/14 4/4/4 13/13/13
f 1/1/1 4/4/4 14/14/14
f 14/14/14 13/13/13 15/15/15
f 14/14/14 15/15/15 16/16/11
f 16/16/11 17/17/16 14/14/14
f 1/1/1 14/14/14 17/17/16
f 18/18/17 12/12/12 1/1/1
f 18/18/17 1/1/1 17/17/16
f 18/18/17 19/19/18 12/12/12
f 18/18/17 20/20/19 19/19/18
f 20/20/19 21/21/20 19/19/18
f 22/22/21 20/20/19 18/18/17
f 16/16/11 22/22/21 17/17/16
f 18/18/17 17/17/16 22/22/21
f 22/22/21 23/23/22 20/20/19
f 24/24/23 21/21/20 20/20/19
f 24/24/23 20/20/19 23/23/22
f 25/25/24 12/12/12 19/19/18
f 26/26/25 25/25/24 19/19/18
f 26/26/25 19/19/18 27/27/26
f 19/19/18 21/21/20 27/27/26
f 21/21/20 28/28/27 27/27/26
f 29/29/28 25/25/24 26/26/25
f 29/29/28 30/30/29 25/25/24
f 30/30/29 29/29/28 31/31/30
f 30/30/29 31/31/30 32/32/31
f 33/33/32 30/30/29 32/32/31
f 33/33/32 32/32/31 34/34/21
f 27/27/26 35/35/33 26/26/25
f 27/27/26 36/36/34 35/35/33
f 35/35/33 37/37/35 26/26/25
f 37/37/35 29/29/28 26/26/25
f 37/37/35 38/38/36 29/29/28
f 31/31/30 29/29/28 38/38/36
f 37/37/35 39/39/37 38/38/36
f 30/30/29 33/33/32 2/2/2
f 30/30/29 2/2/2 25/25/24
f 25/25/24 2/2/2 12/12/12
f 2/2/2 33/33/32 40/40/38
f 40/40/38 33/33/32 34/34/21
f 7/7/7 40/40/38 34/34/21
f 7/7/7 2/2/2 40/40/38
f 11/11/11 7/7/7 34/34/21
f 41/41/39 42/42/40 43/43/41
f 42/42/40 44/44/42 43/43/41
f 42/42/40 45/45/43 44/44/42
f 45/45/43 46/46/44 44/44/42
f 45/45/43 47/47/45 46/46/44
f 48/48/46 44/44/42 46/46/44
f 49/49/47 48/48/46 46/46/44
f 48/48/46 50/50/48 44/44/42
f 43/43/41 44/44/42 50/50/48
f 51/51/49 47/47/45 45/45/43
f 52/52/50 51/51/49 45/45/43
f 52/52/50 45/45/43 42/42/40
f 51/51/49 52/52/50 53/53/51
f 51/51/49 53/53/51 54/54/52
f 54/54/52 53/53/51 55/55/48
f 54/54/52 55/55/48 56/56/53
f 57/57/54 54/54/52 56/56/53
f 57/57/54 56/56/53 58/58/55
f 59/59/56 51/51/49 54/54/52
f 59/59/56 54/54/52 57/57/54
f 51/51/49 59/59/56 47/47/45
f 59/59/56 57/57/54 60/60/57
f 60/60/57 57/57/54 58/58/55
f 59/59/56 60/60/57 61/61/58
f 47/47/45 59/59/56 61/61/58
f 60/60/57 58/58/55 62/62/59
f 47/47/45 61/61/58 63/63/60
f 64/64/61 63/63/60 61/61/58
f 64/64/61 65/65/62 63/63/60
f 53/53/51 66/66/63 55/55/48
f 53/53/51 67/67/64 66/66/63
f 53/53/51 52/52/50 68/68/65
f 53/53/51 68/68/65 67/67/64
f 69/69/66 66/66/63 67/67/64
f 68/68/65 69/69/66 67/67/64
f 52/52/50 42/42/40 68/68/65
f 42/42/40 70/70/67 68/68/65
f 42/42/40 71/41/39 70/70/67
f 68/68/65 70/70/67 72/69/68
f 63/63/60 73/71/69 46/46/44
f 63/63/60 46/46/44 47/47/45
f 74/71/69 49/49/47 46/46/44
f 75/71/70 76/72/71 49/49/55
f 77/73/72 78/74/73 79/75/74
f 77/73/72 80/76/75 78/74/73
f 80/76/75 81/77/76 78/74/73
f 79/75/74 82/78/77 77/73/72
f 79/75/74 83/79/78 82/78/77
f 79/75/74 78/74/73 84/80/59
f 78/74/73 81/77/76 85/81/61
f 78/74/73 85/81/61 86/82/58
f 86/82/58 87/83/57 78/74/73
f 78/74/73 87/83/57 84/80/59
f 82/78/77 83/79/78 88/84/79
f 89/85/80 88/84/79 83/79/78
f 89/85/80 90/86/81 88/84/79
f 91/87/82 88/84/79 90/86/81
f 91/87/82 82/78/77 88/84/79
f 92/88/83 90/86/81 89/85/80
f 92/88/83 89/85/80 93/89/84
f 89/85/80 94/90/85 93/89/84
f 93/89/84 94/90/85 95/91/86
f 94/90/85 89/85/80 96/92/70
f 97/93/62 92/88/83 93/89/84
f 98/93/87 93/89/84 95/91/86
f 89/85/80 83/79/78 99/94/88
f 89/85/80 99/94/88 96/92/70
f 99/94/88 83/79/78 79/75/74
f 99/94/88 79/75/74 84/80/59
f 100/92/70 99/94/88 84/80/59
f 94/90/85 101/92/70 95/91/86
f 91/87/82 102/95/89 103/96/90
f 91/87/82 103/96/90 82/78/77
f 102/95/89 104/97/91 103/96/90
f 102/95/89 105/98/92 104/97/91
f 105/98/92 106/99/93 104/97/91
f 107/100/35 104/97/91 106/99/93
f 106/99/93 108/101/94 107/100/35
f 106/99/93 109/102/95 108/101/94
f 110/103/96 109/102/95 106/99/93
f 106/99/93 111/104/97 110/103/96
f 105/98/92 111/104/97 106/99/93
f 77/73/72 82/78/77 103/96/90
f 77/73/72 103/96/90 112/105/98
f 113/106/99 112/105/98 103/96/90
f 113/106/99 103/96/90 104/97/91
f 113/106/99 114/107/100 112/105/98
f 77/73/72 112/105/98 114/107/100
f 113/106/99 115/108/101 114/107/100
f 115/108/101 116/109/102 114/107/100
f 116/109/102 115/108/101 117/110/103
f 117/110/103 115/108/101 113/106/99
f 116/109/102 117/110/103 118/111/104
f 117/110/103 119/112/105 118/111/104
f 117/110/103 120/113/106 119/112/105
f 120/113/106 117/110/103 121/114/107
f 120/113/106 121/114/107 122/115/108
f 77/73/72 114/107/100 80/76/75
f 117/110/103 113/106/99 123/116/109
f 117/110/103 123/116/109 121/114/107
f 80/76/75 114/107/100 124/117/110
f 114/107/100 116/109/102 124/117/110
f 125/118/111 126/119/112 127/120/113
f 128/121/114 125/118/111 127/120/113
f 127/120/113 129/122/115 128/121/114
f 127/120/113 130/123/116 129/122/115
f 129/122/115 130/123/116 131/124/117
f 130/123/116 132/125/118 131/124/117
f 133/126/119 130/123/116 127/120/113
f 127/120/113 134/127/120 133/126/119
f 130/123/116 133/126/119 135/128/121
f 130/123/116 135/128/121 132/125/118
f 135/128/121 136/129/122 132/125/118
f 137/130/123 129/122/115 131/124/117
f 137/130/123 131/124/117 138/131/124
f 139/132/125 137/130/123 138/131/124
f 139/132/125 138/131/124 140/133/126
f 141/134/127 139/132/125 140/133/126
f 141/134/127 140/133/126 142/135/128
f 135/128/121 133/126/119 143/136/129
f 135/128/121 143/136/129 144/137/130
f 144/137/130 143/136/129 145/138/131
f 144/137/130 145/138/131 146/139/132
f 145/138/131 147/140/133 146/139/132
f 148/141/134 147/140/133 145/138/131
f 149/142/135 148/141/134 145/138/131
f 143/136/129 149/142/135 145/138/131
f 147/140/133 150/143/136 146/139/132
f 143/136/129 151/144/137 149/142/135
f 152/145/138 153/146/134 149/142/139
f 154/147/140 153/146/134 152/145/138
f 154/147/140 155/148/133 153/146/134
f 156/149/141 155/148/133 154/147/140
f 157/150/142 156/149/141 154/147/140
f 154/147/140 152/145/138 157/150/142
f 157/150/142 158/151/143 156/149/141
f 156/149/141 159/152/136 155/148/133
f 158/151/143 157/150/142 160/153/144
f 157/150/142 161/154/145 160/153/144
f 157/150/142 162/155/146 161/154/145
f 152/145/138 162/155/146 157/150/142
f 162/155/146 152/145/138 163/144/147
f 164/127/120 162/155/146 163/144/147
f 161/154/145 162/155/146 164/127/120
f 156/149/141 165/156/148 159/152/136
f 156/149/141 166/157/130 165/156/148
f 167/151/143 166/157/130 156/149/141
f 167/151/143 168/158/121 166/157/130
f 126/119/149 161/154/145 164/127/120
f 161/154/145 169/159/150 160/153/144
f 170/160/13 160/153/144 169/159/150
f 170/160/13 171/161/151 160/153/144
f 172/151/152 160/153/144 171/161/151
f 173/162/153 172/151/152 171/161/151
f 171/161/151 174/163/122 173/162/153
f 171/161/151 175/164/154 174/163/122
f 171/161/151 176/165/155 175/164/154
f 170/160/13 176/165/155 171/161/151
f 177/166/156 175/164/154 176/165/155
f 176/165/155 178/167/157 177/166/156
f 176/165/155 179/168/158 178/167/157
f 180/169/114 179/168/158 176/165/155
f 178/167/157 179/168/158 180/169/114
f 178/167/157 180/169/114 181/170/159
f 177/166/156 182/171/160 175/164/154
f 178/167/157 183/172/161 177/166/156
f 178/167/157 184/173/162 183/172/161
f 181/170/159 184/173/162 178/167/157
f 184/173/162 185/174/163 183/172/161
f 184/173/162 186/175/127 185/174/163
f 181/170/159 187/176/123 184/173/162
f 187/176/123 186/175/127 184/173/162
f 187/176/123 188/177/164 186/175/127
f 189/178/165 183/172/161 185/174/163
f 189/178/165 190/179/166 183/172/161
f 190/179/166 182/171/160 177/166/156
f 190/179/166 177/166/156 183/172/161
f 170/160/13 191/180/167 176/165/155
f 192/181/168 193/182/169 194/183/170
f 192/181/168 194/183/170 195/184/171
f 172/151/152 193/182/169 192/181/168
f 172/151/152 173/162/153 193/182/169
f 193/182/169 196/185/172 194/183/170
f 193/182/169 197/186/173 196/185/172
f 173/162/153 197/186/173 193/182/169
f 173/162/153 174/163/122 197/186/173
f 192/181/168 195/184/171 198/187/174
f 192/181/168 198/187/174 199/188/175
f 200/151/143 192/181/168 199/188/175
f 200/151/143 199/188/175 201/158/176
f 202/144/177 152/145/178 203/142/179
f 133/126/119 134/127/120 151/144/180
f 133/126/119 204/144/137 143/136/129
f 205/189/172 206/190/174 207/191/181
f 205/189/172 207/191/181 208/192/182
f 209/193/173 206/190/174 205/189/172
f 209/193/173 210/194/183 206/190/174
f 135/128/121 210/194/183 209/193/173
f 136/129/122 135/128/121 209/193/173
f 126/119/112 211/127/184 127/120/113
f 161/154/145 212/195/9 169/159/150
f 213/119/112 212/195/9 161/154/145
f 213/119/112 214/196/185 212/195/9
f 215/197/6 214/196/185 213/119/112
f 215/197/6 213/119/112 125/118/186
f 216/198/187 217/41/188 43/43/41
f 216/198/187 43/43/41 218/199/189
f 218/199/189 43/43/41 50/50/48
f 219/200/188 220/201/187 221/202/190
f 219/200/188 221/202/190 222/203/191
f 220/201/187 223/204/192 221/202/190
f 220/201/187 224/205/193 223/204/192
f 221/202/190 225/206/194 222/203/191
f 222/203/191 225/206/194 226/207/195
f 221/202/190 227/208/196 225/206/194
f 221/202/190 223/204/192 228/209/197
f 221/202/190 228/209/197 227/208/196
f 229/210/198 227/208/196 228/209/197
f 223/204/192 229/210/198 228/209/197
f 229/210/198 230/211/199 227/208/196
f 223/204/192 231/212/200 229/210/198
f 232/205/201 231/212/200 223/204/192
f 232/205/201 233/213/67 231/212/200
f 233/213/67 234/214/191 231/212/200
f 233/213/67 235/215/39 234/214/191
f 234/214/191 236/216/202 231/212/200
f 231/212/200 237/217/203 229/210/198
f 237/217/203 231/212/200 238/218/204
f 229/210/198 237/217/203 238/218/204
f 229/210/198 238/218/204 230/211/199
f 231/212/200 236/216/202 238/218/204
f 234/214/191 239/219/205 240/216/202
f 241/220/206 242/221/199 243/218/207
f 244/222/194 241/220/206 243/218/207
f 244/222/194 243/218/207 245/216/202
f 246/223/205 244/222/194 245/216/202
f 247/224/208 248/225/209 249/226/210
f 247/224/208 250/227/211 248/225/209
f 250/227/211 251/228/212 248/225/209
f 252/229/213 248/225/209 251/228/212
f 251/228/212 250/227/211 253/230/214
f 253/230/214 250/227/211 254/231/215
f 249/226/210 255/232/216 247/224/208
f 249/226/210 256/233/217 255/232/216
f 250/227/211 247/224/208 257/234/218
f 258/235/219 250/227/211 257/234/218
f 258/235/219 257/234/218 259/236/220
f 247/224/208 260/237/221 257/234/218
f 247/224/208 255/232/216 260/237/221
f 261/238/222 259/236/220 257/234/218
f 257/234/218 260/237/221 261/238/222
f 260/237/221 255/232/216 261/238/222
f 255/232/216 256/233/217 261/238/222
f 259/236/220 261/238/222 262/239/223
f 262/239/223 261/238/222 263/240/224
f 261/238/222 264/241/225 263/240/224
f 256/233/217 264/241/225 261/238/222
f 263/240/224 264/241/225 265/242/226
f 266/243/227 264/241/225 256/233/217
f 266/243/227 256/233/217 267/244/228
f 256/233/217 268/245/229 267/244/228
f 249/226/210 268/245/229 256/233/217
f 249/226/210 269/246/230 268/245/229
f 270/247/231 269/246/230 249/226/210
f 270/247/231 271/248/232 269/246/230
f 270/247/231 272/249/233 271/248/232
f 268/245/229 273/250/234 267/244/228
f 269/246/230 273/250/234 268/245/229
f 274/251/235 267/244/228 273/250/234
f 274/251/235 273/250/234 275/252/236
f 275/252/236 273/250/234 276/253/237
f 271/248/232 276/253/237 269/246/230
f 269/246/230 276/253/237 273/250/234
f 275/252/236 276/253/237 277/254/238
f 271/248/232 278/254/238 276/253/237
f 279/255/239 278/254/238 271/248/232
f 270/247/231 249/226/210 280/256/240
f 281/257/241 270/247/231 280/256/240
f 270/247/231 281/257/241 282/249/233
f 282/249/233 283/258/242 271/248/243
f 283/258/242 284/259/244 271/248/243
f 285/260/245 281/257/241 280/256/240
f 286/261/246 285/260/245 280/256/240
f 287/259/247 288/255/248 271/248/249
f 289/248/250 290/253/251 278/254/252
f 289/248/250 291/246/253 290/253/251
f 292/247/254 291/246/253 289/248/250
f 292/247/254 289/248/250 293/249/233
f 292/247/254 294/226/255 291/246/253
f 294/226/255 295/245/256 291/246/253
f 294/226/255 296/233/257 295/245/256
f 294/226/255 297/232/258 296/233/257
f 294/226/255 298/224/259 297/232/258
f 298/224/259 294/226/255 299/225/260
f 298/224/259 299/225/260 300/227/261
f 300/227/261 299/225/260 301/228/262
f 302/229/213 301/228/262 299/225/260
f 301/228/262 303/230/214 300/227/261
f 303/230/214 304/231/263 300/227/261
f 300/227/261 305/234/264 298/224/259
f 306/235/265 305/234/264 300/227/261
f 306/235/265 307/236/266 305/234/264
f 298/224/259 305/234/264 308/237/267
f 298/224/259 308/237/267 297/232/258
f 309/238/268 305/234/264 307/236/266
f 305/234/264 309/238/268 308/237/267
f 308/237/267 309/238/268 297/232/258
f 297/232/258 309/238/268 296/233/257
f 307/236/266 310/239/223 309/238/268
f 310/239/223 311/240/224 309/238/268
f 309/238/268 311/240/224 312/241/269
f 296/233/257 309/238/268 312/241/269
f 313/243/270 296/233/257 312/241/269
f 313/243/270 314/244/271 296/233/257
f 296/233/257 314/244/271 295/245/256
f 295/245/256 314/244/271 315/250/272
f 316/251/235 315/250/272 314/244/271
f 316/251/235 317/252/273 315/250/272
f 317/252/273 290/253/251 315/250/272
f 317/252/273 318/254/252 290/253/251
f 291/246/253 295/245/256 315/250/272
f 291/246/253 315/250/272 290/253/251
f 313/243/270 312/241/269 319/262/274
f 319/262/274 320/263/275 313/243/270
f 313/243/270 320/263/275 321/264/276
f 321/264/276 320/263/275 322/265/277
f 322/265/277 323/266/235 321/264/276
f 319/262/274 312/241/269 324/242/226
f 320/263/275 319/262/274 324/242/226
f 311/240/224 324/242/226 312/241/269
f 320/263/275 324/242/226 325/267/278
f 326/265/279 320/263/275 325/267/278
f 327/265/277 328/264/280 323/266/281
f 328/264/280 327/265/277 329/263/282
f 266/243/227 328/264/280 329/263/282
f 330/262/283 266/243/227 329/263/282
f 266/243/227 330/262/283 264/241/225
f 330/262/283 265/242/226 264/241/225
f 329/263/282 265/242/226 330/262/283
f 329/263/282 331/267/284 265/242/226
f 332/265/279 331/267/284 329/263/282
f 333/231/285 250/227/211 334/268/286
f 250/227/211 335/235/265 334/268/286
f 333/231/285 334/268/286 300/227/287
f 300/227/287 334/268/286 335/235/265
f 336/69/66 337/269/288 66/66/189
f 338/270/289 339/271/290 340/272/213
f 339/271/290 341/273/291 340/272/213
f 342/274/292 343/275/293 344/276/294
f 343/275/293 345/271/295 344/276/294
f 346/270/296 344/276/294 345/271/295
f 347/277/297 348/278/37 21/21/20
f 24/24/23 347/277/297 21/21/20
f 348/278/37 28/28/27 21/21/20
f 349/1/298 350/4/299 351/3/300
f 349/1/298 351/3/300 352/2/301
f 350/4/299 353/5/302 351/3/300
f 350/4/299 354/6/303 353/5/302
f 351/3/300 355/7/304 352/2/301
f 351/3/300 356/8/305 355/7/304
f 353/5/302 356/8/305 351/3/300
f 353/5/302 357/9/306 356/8/305
f 358/10/307 356/8/305 357/9/306
f 358/10/307 359/11/308 356/8/305
f 359/11/308 355/7/304 356/8/305
f 349/1/298 352/2/301 360/12/309
f 350/4/299 361/13/310 354/6/303
f 362/14/311 361/13/310 350/4/299
f 349/1/298 362/14/311 350/4/299
f 362/14/311 363/15/312 361/13/310
f 362/14/311 364/16/308 363/15/312
f 364/16/308 362/14/311 365/17/313
f 349/1/298 365/17/313 362/14/311
f 366/18/314 365/17/313 349/1/298
f 366/18/314 349/1/298 360/12/309
f 366/18/314 360/12/309 367/19/315
f 366/18/314 367/19/315 368/20/316
f 368/20/316 367/19/315 369/21/317
f 370/22/318 366/18/314 368/20/316
f 364/16/308 365/17/313 370/22/318
f 366/18/314 370/22/318 365/17/313
f 370/22/318 368/20/316 371/23/319
f 372/24/320 368/20/316 369/21/317
f 372/24/320 371/23/319 368/20/316
f 373/25/321 367/19/315 360/12/309
f 374/26/322 367/19/315 373/25/321
f 374/26/322 375/27/323 367/19/315
f 367/19/315 375/27/323 369/21/317
f 369/21/317 375/27/323 376/28/324
f 377/29/325 374/26/322 373/25/321
f 377/29/325 373/25/321 378/30/326
f 378/30/326 379/31/320 377/29/325
f 378/30/326 380/32/327 379/31/320
f 381/33/328 380/32/327 378/30/326
f 381/33/328 382/34/318 380/32/327
f 375/27/323 374/26/322 383/35/329
f 375/27/323 383/35/329 384/36/330
f 383/35/329 374/26/322 385/37/331
f 385/37/331 374/26/322 377/29/325
f 385/37/331 377/29/325 386/38/332
f 379/31/320 386/38/332 377/29/325
f 385/37/331 386/38/332 387/39/333
f 378/30/326 352/2/301 381/33/328
f 378/30/326 373/25/321 352/2/301
f 373/25/321 360/12/309 352/2/301
f 352/2/301 388/40/334 381/33/328
f 388/40/334 382/34/318 381/33/328
f 355/7/304 382/34/318 388/40/334
f 355/7/304 388/40/334 352/2/301
f 359/11/308 382/34/318 355/7/304
f 389/41/335 390/43/336 391/42/337
f 391/42/337 390/43/336 392/44/338
f 391/42/337 392/44/338 393/45/339
f 393/45/339 392/44/338 394/46/340
f 393/45/339 394/46/340 395/47/341
f 396/48/342 394/46/340 392/44/338
f 397/49/343 394/46/340 396/48/342
f 396/48/342 392/44/338 398/50/344
f 390/43/336 398/50/344 392/44/338
f 399/51/345 393/45/339 395/47/341
f 400/52/346 393/45/339 399/51/345
f 400/52/346 391/42/337 393/45/339
f 399/51/345 401/53/347 400/52/346
f 399/51/345 402/54/348 401/53/347
f 402/54/348 403/55/349 401/53/347
f 402/54/348 404/56/342 403/55/349
f 405/57/350 404/56/342 402/54/348
f 405/57/350 406/58/351 404/56/342
f 407/59/352 405/57/350 402/54/348
f 407/59/352 402/54/348 399/51/345
f 399/51/345 395/47/341 407/59/352
f 407/59/352 408/60/353 405/57/350
f 408/60/353 406/58/351 405/57/350
f 407/59/352 409/61/354 408/60/353
f 395/47/341 409/61/354 407/59/352
f 408/60/353 410/62/355 406/58/351
f 395/47/341 411/63/356 409/61/354
f 401/53/347 403/55/349 412/66/357
f 401/53/347 412/66/357 413/67/358
f 401/53/347 414/68/359 400/52/346
f 401/53/347 413/67/358 414/68/359
f 415/69/360 413/67/358 412/66/357
f 414/68/359 413/67/358 415/69/360
f 400/52/346 414/68/359 391/42/337
f 391/42/337 414/68/359 416/70/361
f 391/42/337 416/70/361 417/41/335
f 414/68/359 418/69/362 416/70/361
f 419/64/363 409/61/354 420/63/356
f 419/64/363 420/63/356 421/65/62
f 411/63/356 394/46/340 422/71/364
f 411/63/356 395/47/341 394/46/340
f 423/71/364 394/46/340 397/49/343
f 424/71/364 397/49/365 425/72/366
f 426/73/367 427/75/368 428/74/369
f 426/73/367 428/74/369 429/76/75
f 429/76/75 428/74/369 430/77/76
f 427/75/368 426/73/367 431/78/370
f 427/75/368 431/78/370 432/79/371
f 428/74/369 427/75/368 433/80/355
f 428/74/369 433/80/355 434/83/372
f 435/82/354 428/74/369 434/83/372
f 428/74/369 436/81/61 430/77/76
f 428/74/369 435/82/354 436/81/61
f 437/94/373 433/80/355 427/75/368
f 437/94/373 427/75/368 432/79/371
f 438/92/364 433/80/355 437/94/373
f 439/85/374 437/94/373 432/79/371
f 437/94/373 439/85/374 440/92/375
f 439/85/374 432/79/371 441/84/376
f 431/78/370 441/84/376 432/79/371
f 439/85/374 441/84/376 442/86/81
f 443/87/82 442/86/81 441/84/376
f 443/87/82 441/84/376 431/78/370
f 444/88/83 439/85/374 442/86/81
f 444/88/83 445/89/377 439/85/374
f 439/85/374 445/89/377 446/90/378
f 439/85/374 446/90/378 440/92/375
f 446/90/378 445/89/377 447/91/379
f 448/92/380 446/90/378 447/91/379
f 449/93/381 445/89/377 444/88/83
f 450/93/62 447/91/379 445/89/377
f 443/87/82 431/78/370 451/96/382
f 443/87/82 451/96/382 452/95/89
f 452/95/89 451/96/382 453/97/329
f 452/95/89 453/97/329 454/98/383
f 454/98/383 453/97/329 455/99/384
f 456/100/385 455/99/384 453/97/329
f 455/99/384 456/100/385 457/101/333
f 455/99/384 457/101/333 458/102/386
f 459/103/387 455/99/384 458/102/386
f 455/99/384 459/103/387 460/104/97
f 454/98/383 455/99/384 460/104/97
f 426/73/367 451/96/382 431/78/370
f 426/73/367 461/105/388 451/96/382
f 462/106/389 453/97/329 451/96/382
f 462/106/389 451/96/382 461/105/388
f 462/106/389 461/105/388 463/107/390
f 426/73/367 463/107/390 461/105/388
f 462/106/389 463/107/390 464/108/391
f 464/108/391 463/107/390 465/109/392
f 465/109/392 466/110/393 464/108/391
f 466/110/393 462/106/389 464/108/391
f 465/109/392 467/111/104 466/110/393
f 466/110/393 467/111/104 468/112/394
f 466/110/393 468/112/394 469/113/395
f 469/113/395 470/114/324 466/110/393
f 469/113/395 471/115/396 470/114/324
f 426/73/367 429/76/75 463/107/390
f 466/110/393 472/116/397 462/106/389
f 466/110/393 470/114/324 472/116/397
f 429/76/75 473/117/110 463/107/390
f 463/107/390 473/117/110 465/109/392
f 474/118/398 475/120/399 476/119/400
f 477/121/401 475/120/399 474/118/398
f 475/120/399 477/121/401 478/122/402
f 475/120/399 478/122/402 479/123/403
f 478/122/402 480/124/404 479/123/403
f 479/123/403 480/124/404 481/125/405
f 482/126/406 475/120/399 479/123/403
f 475/120/399 482/126/406 483/127/407
f 479/123/403 484/128/408 482/126/406
f 479/123/403 481/125/405 484/128/408
f 484/128/408 481/125/405 485/129/409
f 486/130/410 480/124/404 478/122/402
f 486/130/410 487/131/411 480/124/404
f 488/132/412 487/131/411 486/130/410
f 488/132/412 489/133/413 487/131/411
f 490/134/414 489/133/413 488/132/412
f 490/134/414 491/135/415 489/133/413
f 484/128/408 492/136/416 482/126/406
f 484/128/408 493/137/417 492/136/416
f 493/137/417 494/138/418 492/136/416
f 493/137/417 495/139/419 494/138/418
f 494/138/418 495/139/419 496/140/420
f 497/141/421 494/138/418 496/140/420
f 498/142/422 494/138/418 497/141/421
f 492/136/416 494/138/418 498/142/422
f 496/140/420 495/139/419 499/143/423
f 492/136/416 498/142/422 500/144/424
f 501/145/425 498/142/426 502/146/421
f 503/147/427 501/145/425 502/146/421
f 503/147/427 502/146/421 504/148/420
f 505/149/428 503/147/427 504/148/420
f 506/150/429 503/147/427 505/149/428
f 503/147/427 506/150/429 501/145/425
f 506/150/429 505/149/428 507/151/430
f 505/149/428 504/148/420 508/152/423
f 507/151/430 509/153/431 506/150/429
f 506/150/429 509/153/431 510/154/432
f 506/150/429 510/154/432 511/155/433
f 501/145/425 506/150/429 511/155/433
f 511/155/433 512/144/434 501/145/425
f 513/127/407 512/144/434 511/155/433
f 510/154/432 513/127/407 511/155/433
f 505/149/428 508/152/423 514/156/435
f 505/149/428 514/156/435 515/157/417
f 516/151/436 505/149/428 515/157/417
f 516/151/436 515/157/417 517/158/408
f 476/119/437 513/127/407 510/154/432
f 510/154/432 509/153/431 518/159/312
f 519/160/310 518/159/312 509/153/431
f 519/160/310 509/153/431 520/161/438
f 521/151/430 520/161/438 509/153/431
f 522/162/439 520/161/438 521/151/430
f 520/161/438 522/162/439 523/163/409
f 520/161/438 523/163/409 524/164/440
f 520/161/438 524/164/440 525/165/441
f 519/160/310 520/161/438 525/165/441
f 526/166/442 525/165/441 524/164/440
f 525/165/441 526/166/442 527/167/443
f 525/165/441 527/167/443 528/168/444
f 529/169/445 525/165/441 528/168/444
f 527/167/443 529/169/445 528/168/444
f 527/167/443 530/170/446 529/169/445
f 526/166/442 524/164/440 531/171/447
f 527/167/443 526/166/442 532/172/448
f 527/167/443 532/172/448 533/173/449
f 530/170/446 527/167/443 533/173/449
f 533/173/449 532/172/448 534/174/450
f 533/173/449 534/174/450 535/175/414
f 530/170/446 533/173/449 536/176/410
f 536/176/410 533/173/449 535/175/414
f 536/176/410 535/175/414 537/177/451
f 538/178/452 534/174/450 532/172/448
f 538/178/452 532/172/448 539/179/453
f 539/179/453 532/172/448 526/166/442
f 539/179/453 526/166/442 531/171/447
f 519/160/310 525/165/441 540/180/454
f 541/181/455 542/183/456 543/182/457
f 541/181/455 544/184/458 542/183/456
f 521/151/430 541/181/455 543/182/457
f 521/151/430 543/182/457 522/162/439
f 543/182/457 542/183/456 545/185/459
f 543/182/457 545/185/459 546/186/460
f 522/162/439 543/182/457 546/186/460
f 522/162/439 546/186/460 523/163/409
f 541/181/455 547/187/461 544/184/458
f 541/181/455 548/188/462 547/187/461
f 549/151/430 548/188/462 541/181/455
f 549/151/430 550/158/408 548/188/462
f 551/144/463 552/142/464 501/145/465
f 482/126/406 500/144/434 483/127/407
f 482/126/406 492/136/416 553/144/424
f 554/189/466 555/191/458 556/190/461
f 554/189/466 557/192/467 555/191/458
f 558/193/460 554/189/466 556/190/461
f 558/193/460 556/190/461 559/194/468
f 484/128/408 558/193/460 559/194/468
f 485/129/409 558/193/460 484/128/408
f 476/119/400 475/120/399 560/127/469
f 476/119/437 510/154/432 561/195/470
f 510/154/432 518/159/312 561/195/470
f 562/119/471 561/195/470 563/196/472
f 564/197/473 562/119/471 563/196/472
f 564/197/473 474/118/441 562/119/471
f 565/198/474 390/43/336 566/41/475
f 565/198/474 567/199/476 390/43/336
f 567/199/476 398/50/344 390/43/336
f 568/200/335 569/203/477 570/202/478
f 568/200/335 570/202/478 571/201/479
f 571/201/479 570/202/478 572/204/480
f 571/201/479 572/204/480 573/205/360
f 570/202/478 569/203/477 574/206/481
f 569/203/477 575/207/482 574/206/481
f 570/202/478 574/206/481 576/208/483
f 570/202/478 577/209/484 572/204/480
f 570/202/478 576/208/483 577/209/484
f 578/210/485 577/209/484 576/208/483
f 572/204/480 577/209/484 578/210/485
f 578/210/485 576/208/483 579/211/486
f 572/204/480 578/210/485 580/212/487
f 581/205/362 572/204/480 580/212/487
f 581/205/362 580/212/487 582/213/361
f 582/213/361 580/212/487 583/214/488
f 582/213/361 583/214/488 584/215/335
f 583/214/488 580/212/487 585/216/489
f 580/212/487 578/210/485 586/217/490
f 586/217/490 587/218/491 580/212/487
f 578/210/485 587/218/491 586/217/490
f 578/210/485 579/211/486 587/218/491
f 580/212/487 587/218/491 585/216/489
f 583/214/488 588/216/492 589/219/482
f 590/220/493 591/218/494 592/221/486
f 593/222/495 591/218/494 590/220/493
f 593/222/495 594/216/489 591/218/494
f 595/223/482 594/216/489 593/222/495
f 292/247/254 596/249/233 597/257/241
f 597/257/241 598/256/496 292/247/254
f 599/260/245 598/256/496 597/257/241
f 600/261/246 598/256/496 599/260/245
f 292/247/254 598/256/496 294/226/255
f 596/249/497 289/248/498 601/258/104
f 601/258/104 289/248/498 602/259/499
f 603/259/394 289/248/500 604/255/248
f 605/255/248 289/248/250 278/254/252
f 606/69/360 412/66/476 607/269/479
f 608/270/289 609/272/501 610/271/502
f 610/271/502 609/272/501 611/273/503
f 612/274/292 613/276/504 614/275/505
f 614/275/505 613/276/504 615/271/255
f 616/270/289 615/271/255 613/276/504
f 617/277/506 369/21/317 618/278/507
f 372/24/320 369/21/317 617/277/506
f 618/278/507 369/21/317 376/28/324
o Object_33.001
v 0.369434 1.681184 -0.174812
v 0.320659 1.674235 -0.229955
v 0.501474 1.385934 -0.103829
v 0.522736 1.436494 -0.036470
v 0.572503 1.280913 -0.041109
v 0.593365 1.330523 0.024988
v 0.384079 1.653188 -0.306347
v 0.502123 1.485319 -0.200785
v 0.614571 1.295272 -0.062025
v 0.643349 1.325872 -0.038249
v 0.536536 1.526324 -0.164488
v 0.370039 1.678740 -0.177428
v 0.634355 1.342319 0.000656
v 0.488692 1.596191 -0.122689
v 0.643349 1.325872 -0.038249
v 0.536536 1.526324 -0.164488
v 0.439490 1.699575 -0.200266
v 0.442503 1.689159 -0.207716
v 0.411222 1.948406 0.008233
v 0.488125 1.873806 -0.099293
v 0.520796 2.057576 -0.011609
v 0.438893 1.697709 -0.284358
v 0.467056 1.880565 -0.176942
v 0.497524 2.025593 -0.111057
v 0.318347 2.013226 -0.099460
v 0.316042 2.080811 -0.038496
v 0.389268 2.018386 0.065049
v 0.435400 2.078279 0.084747
v 0.460817 2.118045 -0.111800
v 0.401010 1.931926 -0.195891
v 0.497524 2.025593 -0.111057
v 0.467056 1.880565 -0.176942
v 0.365412 1.720630 -0.306000
v 0.438893 1.697709 -0.284358
v 0.357453 2.082444 -0.109195
v 0.335837 1.976316 -0.011792
v 0.442431 2.192452 0.010256
v 0.503303 2.094422 -0.073647
v 0.449148 2.146796 0.057658
v 0.374165 1.686458 -0.307341
v -0.167810 -0.014449 -0.101762
v -0.142205 0.481069 -0.111989
v -0.054417 0.431047 -0.129217
v -0.000039 0.730218 -0.078247
v -0.092756 0.727325 -0.068156
v 0.005346 0.795617 -0.096280
v -0.089947 0.794813 -0.073738
v 0.050387 0.787907 0.025426
v 0.055688 0.848924 0.004224
v 0.042198 0.727405 0.024211
v -0.106152 0.791163 0.047138
v -0.116309 0.722581 0.038219
v -0.033298 0.723474 0.073220
v -0.022989 0.795334 0.077379
v 0.042198 0.727405 0.024211
v 0.050387 0.787907 0.025426
v -0.015916 0.866206 0.057389
v 0.055688 0.848924 0.004224
v -0.100810 0.844828 0.033133
v 0.031042 1.291679 -0.118434
v -0.072010 1.301862 -0.186508
v 0.095188 1.304703 -0.216627
v -0.082436 1.245272 -0.351947
v -0.143067 1.298626 -0.184946
v -0.128735 1.311373 -0.373307
v -0.005709 0.393350 -0.009900
v -0.079225 0.420990 0.051366
v -0.150060 0.450893 0.005098
v -0.156402 -0.019063 0.025748
v -0.205069 -0.011528 -0.019793
v -0.167810 -0.014449 -0.101762
v -0.156402 -0.019063 0.025748
v 0.078800 1.188607 -0.346301
v 0.078800 1.188607 -0.346301
v 0.078800 1.188607 -0.346301
v 0.095188 1.304703 -0.216627
v 0.107114 1.700992 -0.089819
v 0.024469 1.384487 -0.119491
v 0.110634 1.418050 -0.192662
v -0.073050 1.718129 0.005165
v -0.130375 1.387400 -0.110907
v 0.149329 1.729910 -0.237859
v 0.124475 1.446406 -0.341376
v 0.095188 1.304703 -0.216627
v -0.143067 1.298626 -0.184946
v -0.072010 1.301862 -0.186508
v 0.031042 1.291679 -0.118434
v 0.052773 1.530412 -0.371487
v 0.050904 1.441084 -0.409221
v -0.074990 1.590291 -0.361313
v -0.040954 1.779000 -0.316194
v -0.109705 1.398385 -0.405570
v -0.084849 1.348479 -0.421162
v 0.045500 1.344791 -0.423032
v -0.082436 1.245272 -0.351947
v 0.078800 1.188607 -0.346301
v -0.128735 1.311373 -0.373307
v -0.128735 1.311373 -0.373307
v 0.123135 1.403383 -0.350379
v 0.078800 1.188607 -0.346301
v 0.078800 1.188607 -0.346301
v -0.005770 2.005730 -0.218550
v 0.182771 1.888178 -0.236672
v 0.357453 2.082444 -0.109195
v 0.111435 2.236358 -0.077864
v 0.357727 2.267768 0.065035
v 0.442431 2.192452 0.010256
v 0.449148 2.146796 0.057658
v 0.354589 2.189973 0.114555
v 0.284059 2.244432 0.183956
v 0.205270 2.319514 0.142721
v 0.157308 1.776144 -0.116955
v 0.335837 1.976316 -0.011792
v 0.075847 1.752033 -0.027232
v 0.219877 1.925098 0.082164
v 0.108056 1.967964 0.196502
v 0.341207 2.129489 0.149676
v 0.194623 2.200463 0.234291
v 0.284059 2.244432 0.183956
v 0.354589 2.189973 0.114555
v 0.435400 2.078279 0.084747
v 0.449148 2.146796 0.057658
v 0.389268 2.018386 0.065049
v -0.012797 1.758765 0.021006
v 0.621561 1.274329 0.061828
v 0.574979 1.288247 -0.024355
v 0.596481 1.255916 0.006788
v 0.588174 1.245365 0.047721
v 0.595498 1.202473 0.055902
v 0.607095 1.204733 0.015652
v 0.618268 1.182027 0.050936
v 0.643215 1.198302 0.046711
v 0.631992 1.162162 -0.029856
v 0.583325 1.181739 -0.070076
v 0.653874 1.154988 0.002609
v 0.670770 1.149517 0.028511
v 0.593395 1.154855 0.057725
v 0.617238 1.151267 0.055758
v 0.594169 1.129886 0.051297
v 0.613626 1.128307 0.051602
v 0.592241 1.110650 0.063216
v 0.612053 1.109043 0.063529
v 0.611595 1.132275 -0.024324
v 0.628547 1.118512 0.005326
v 0.582720 1.120148 -0.008005
v 0.599213 1.112305 0.019600
v 0.570418 1.094987 -0.008541
v 0.552554 1.115981 -0.042263
v 0.559151 1.135038 -0.044696
v 0.585272 1.087862 0.017280
v 0.581529 1.152240 -0.073550
v 0.592180 1.134379 -0.082994
v 0.552554 1.115981 -0.042263
v 0.619325 1.097976 -0.033912
v 0.570418 1.094987 -0.008541
v 0.636226 1.094040 -0.002032
v 0.663545 1.156097 -0.043345
v 0.679612 1.151292 -0.011154
v 0.585272 1.087862 0.017280
v 0.669671 1.288744 -0.017513
v 0.623286 1.293420 -0.049629
v 0.610641 1.178214 -0.088462
v 0.581529 1.152240 -0.073550
v 0.583325 1.181739 -0.070076
v 0.599213 1.112305 0.019600
v 0.628547 1.118512 0.005326
v 0.679612 1.151292 -0.011154
v 0.653874 1.154988 0.002609
v 0.643349 1.325872 -0.038249
v 0.634355 1.342319 0.000656
v 0.667887 1.279290 0.037592
v 0.679612 1.151292 -0.011154
v 0.692590 1.147409 0.014856
v 0.670770 1.149517 0.028511
v 0.643215 1.198302 0.046711
v 0.621561 1.274329 0.061828
v 0.622246 1.197680 0.078588
v 0.595690 1.203368 0.078591
v 0.598523 1.250330 0.071827
v 0.588174 1.245365 0.047721
v 0.595498 1.202473 0.055902
v 0.618268 1.182027 0.050936
v 0.619278 1.150046 0.079643
v 0.591997 1.155244 0.079673
v 0.612053 1.109043 0.063529
v 0.592241 1.110650 0.063216
v 0.593395 1.154855 0.057725
v 0.594169 1.129886 0.051297
v 0.613626 1.128307 0.051602
v 0.617238 1.151267 0.055758
v 0.593365 1.330523 0.024988
v 0.652933 1.086660 -0.012908
v 0.666348 1.083368 0.012969
v 0.618401 1.061219 0.031912
v 0.607145 1.063767 0.011543
v 0.624158 1.086449 0.035747
v 0.653702 1.102744 0.024447
v 0.612159 1.092553 0.011377
v 0.638232 1.109682 -0.001985
v 0.679612 1.151292 -0.011154
v 0.653874 1.154988 0.002609
v 0.581529 1.152240 -0.073550
v 0.559151 1.135038 -0.044696
v 0.581529 1.152240 -0.073550
v 0.624158 1.086449 0.035747
v 0.612159 1.092553 0.011377
v 0.607145 1.063767 0.011543
v 0.618401 1.061219 0.031912
v 0.653702 1.102744 0.024447
v 0.638232 1.109682 -0.001985
v 0.583325 1.181739 -0.070076
v 0.614571 1.295272 -0.062025
v 0.574979 1.288247 -0.024355
v 0.572503 1.280913 -0.041109
v 0.593365 1.330523 0.024988
v -0.113836 -0.023363 -0.028386
v -0.167810 -0.014449 -0.101762
v -0.005709 0.393350 -0.009900
v -0.167810 -0.014449 -0.101762
v -0.113836 -0.023363 -0.028386
v -0.116429 -0.080174 -0.023758
v -0.165574 -0.088827 -0.100483
v -0.162809 -0.075409 0.040433
v -0.156402 -0.019063 0.025748
v -0.105818 -0.200985 -0.080211
v -0.158396 -0.205490 -0.109614
v -0.069462 -0.172755 0.284253
v -0.125187 -0.122493 0.243725
v -0.186771 -0.145438 0.300846
v -0.190248 -0.168263 0.336361
v -0.211433 -0.086210 -0.021319
v -0.156402 -0.019063 0.025748
v -0.205069 -0.011528 -0.019793
v -0.165574 -0.088827 -0.100483
v -0.167810 -0.014449 -0.101762
v -0.208809 -0.207272 -0.073957
v -0.216695 -0.144238 0.279775
v -0.238336 -0.182236 0.306195
v -0.158396 -0.205490 -0.109614
v -0.208809 -0.207272 -0.073957
v -0.069462 -0.172755 0.284253
v -0.190248 -0.168263 0.336361
v -0.238336 -0.182236 0.306195
v -0.105818 -0.200985 -0.080211
v -0.208809 -0.207272 -0.073957
v -0.158396 -0.205490 -0.109614
v 0.374135 2.280717 0.435442
v 0.326358 2.264595 0.408114
v 0.387527 2.235267 0.357795
v 0.331053 2.301005 0.448773
v 0.281746 2.291029 0.441287
v 0.279805 2.291755 0.428364
v 0.301953 2.308403 0.451075
v 0.308228 2.308686 0.479698
v 0.437657 2.293614 0.427998
v 0.503556 2.313023 0.416371
v 0.356502 2.338395 0.474039
v 0.335820 2.334708 0.481554
v 0.363725 2.359778 0.489672
v 0.397897 2.312169 0.468767
v 0.423519 2.325329 0.489753
v 0.380228 2.371934 0.507844
v 0.403002 2.390990 0.521508
v 0.452144 2.349459 0.506030
v 0.483263 2.467058 0.525051
v 0.539231 2.368164 0.483990
v 0.592603 2.431980 0.389126
v 0.533203 2.345617 0.332446
v 0.411892 2.275658 0.295919
v 0.247615 2.196563 0.309322
v 0.324956 2.258296 0.243863
v 0.219715 2.259291 0.271906
v 0.526541 2.395951 0.246221
v 0.511883 2.550512 0.244465
v 0.388255 2.445126 0.180036
v 0.441910 2.326027 0.228105
v 0.301780 2.358684 0.198666
v 0.301780 2.358684 0.198666
v 0.205270 2.319514 0.142721
v 0.259705 2.222002 0.373032
v 0.179957 2.213724 0.335295
v 0.219715 2.259291 0.271906
v 0.194623 2.200463 0.234291
v 0.284059 2.244432 0.183956
v 0.206524 2.235075 0.380795
v 0.215801 2.243686 0.385517
v 0.284059 2.244432 0.183956
v 0.205270 2.319514 0.142721
v 0.213860 2.374433 0.267073
v 0.284531 2.490548 0.260984
v 0.244898 2.448035 0.322086
v 0.161877 2.283960 0.318372
v 0.219715 2.259291 0.271906
v 0.213561 2.414841 0.385056
v 0.329940 2.558103 0.374913
v 0.312563 2.512684 0.456274
v 0.291636 2.446262 0.458508
v 0.276413 2.382874 0.455858
v 0.252237 2.342078 0.423598
v 0.296120 2.337521 0.456072
v 0.281746 2.291029 0.441287
v 0.279805 2.291755 0.428364
v 0.301953 2.308403 0.451075
v 0.308228 2.308686 0.479698
v 0.339279 2.356399 0.477637
v 0.335820 2.334708 0.481554
v 0.363725 2.359778 0.489672
v 0.315227 2.398590 0.486041
v 0.333847 2.419069 0.508488
v 0.380228 2.371934 0.507844
v 0.403002 2.390990 0.521508
v 0.362472 2.443201 0.524765
v 0.382029 2.532500 0.516833
v 0.429334 2.602658 0.423237
v 0.361908 2.568054 0.280618
v 0.511883 2.550512 0.244465
v 0.388255 2.445126 0.180036
v 0.301780 2.358684 0.198666
v 0.433085 2.504551 0.523065
v 0.467827 2.586579 0.453075
v 0.429334 2.602658 0.423237
v 0.551905 2.567376 0.351642
v 0.511883 2.550512 0.244465
v 0.483263 2.467058 0.525051
v 0.533819 2.526893 0.467644
v 0.551905 2.567376 0.351642
v 0.551905 2.567376 0.351642
v 0.592603 2.431980 0.389126
v 0.585164 2.463917 0.428561
v 0.516358 2.417498 0.505666
v 0.533819 2.526893 0.467644
v 0.551905 2.567376 0.351642
v 0.308228 2.308686 0.479698
v 0.312616 2.312173 0.483252
v 0.335820 2.334708 0.481554
v -0.156402 -0.019063 0.025748
v -0.113836 -0.023363 -0.028386
v 0.309542 2.349277 0.270894
v 0.387527 2.235267 0.357795
v 0.279805 2.291755 0.428364
v 0.326358 2.264595 0.408114
v 0.215801 2.243686 0.385517
v 0.259705 2.222002 0.373032
v 0.208668 2.242106 0.333214
v 0.387527 2.235267 0.357795
v 0.309542 2.349277 0.270894
v 0.503303 2.094422 -0.073647
v 0.449148 2.146796 0.057658
v -0.270184 1.897285 -0.103979
v -0.523655 1.711671 -0.042244
v -0.510524 1.669901 -0.117268
v -0.219054 1.881714 -0.153529
v -0.624697 1.591680 -0.088029
v -0.637583 1.632666 -0.014417
v -0.275089 1.896071 -0.239069
v -0.457891 1.777321 -0.187754
v -0.654269 1.624903 -0.108890
v -0.673755 1.659491 -0.081432
v -0.480989 1.821242 -0.146272
v -0.266351 1.905661 -0.102456
v -0.666489 1.663772 -0.039078
v -0.419351 1.857956 -0.084872
v -0.673755 1.659491 -0.081432
v -0.480989 1.821242 -0.146272
v -0.323101 1.945941 -0.130938
v -0.323401 1.949450 -0.135696
v -0.194814 2.156328 0.099868
v -0.288355 2.129857 -0.016709
v -0.240569 2.304362 0.082245
v -0.309370 1.958636 -0.211949
v -0.260367 2.129289 -0.092438
v -0.226539 2.269295 -0.017893
v -0.074290 2.175451 0.002229
v -0.046324 2.231885 0.067976
v -0.148008 2.206018 0.162699
v -0.120219 2.294803 0.186714
v -0.151792 2.334452 -0.009978
v -0.176886 2.145238 -0.104087
v -0.226539 2.269295 -0.017893
v -0.260367 2.129289 -0.092438
v -0.228322 1.951766 -0.226415
v -0.309370 1.958636 -0.211949
v -0.138913 2.233393 0.018751
v -0.144366 2.133419 0.122296
v -0.078905 2.375888 0.084972
v -0.203284 2.331502 0.024058
v -0.096032 2.351448 0.144013
v -0.251191 1.923371 -0.233989
v -0.222565 0.209221 -0.700555
v -0.313527 0.591877 -0.461016
v -0.229435 0.607494 -0.404532
v -0.367296 0.803732 -0.243566
v -0.278662 0.781453 -0.224745
v -0.363003 0.838753 -0.240744
v -0.276047 0.816942 -0.201343
v -0.434442 0.804688 -0.137948
v -0.427143 0.879220 -0.142124
v -0.429393 0.746100 -0.172065
v -0.286566 0.774621 -0.091761
v -0.277209 0.710063 -0.142315
v -0.365499 0.702131 -0.126227
v -0.372983 0.779721 -0.079942
v -0.429393 0.746100 -0.172065
v -0.434442 0.804688 -0.137948
v -0.367560 0.872972 -0.073835
v -0.427143 0.879220 -0.142124
v -0.282889 0.842313 -0.085799
v -0.318814 1.326235 -0.153346
v -0.202760 1.331476 -0.196493
v -0.357248 1.369271 -0.256286
v -0.178499 1.283128 -0.366568
v -0.386495 0.497723 -0.399039
v -0.325981 0.471396 -0.324428
v -0.246336 0.512081 -0.331785
v -0.259593 0.130444 -0.606567
v -0.202524 0.156494 -0.630316
v -0.222565 0.209221 -0.700555
v -0.259593 0.130444 -0.606567
v -0.143067 1.298626 -0.184946
v -0.178499 1.283128 -0.366568
v -0.128735 1.311373 -0.373307
v -0.344973 1.313087 -0.402166
v -0.344973 1.313087 -0.402166
v -0.344973 1.313087 -0.402166
v -0.357248 1.369271 -0.256286
v -0.233614 1.767568 -0.111240
v -0.330541 1.504253 -0.220397
v -0.272757 1.442563 -0.138176
v -0.073050 1.718129 0.005165
v -0.130375 1.387400 -0.110907
v -0.243710 1.806708 -0.262568
v -0.314688 1.532214 -0.368984
v -0.357248 1.369271 -0.256286
v -0.318814 1.326235 -0.153346
v -0.202760 1.331476 -0.196493
v -0.143067 1.298626 -0.184946
v -0.328963 1.493079 -0.378545
v -0.344973 1.313087 -0.402166
v -0.240875 1.498096 -0.427565
v -0.344973 1.313087 -0.402166
v -0.213648 1.582470 -0.388236
v -0.074990 1.590291 -0.361313
v -0.040954 1.779000 -0.316194
v -0.109705 1.398385 -0.405570
v -0.149383 1.361088 -0.425218
v -0.270350 1.406506 -0.442888
v -0.178499 1.283128 -0.366568
v -0.344973 1.313087 -0.402166
v -0.128735 1.311373 -0.373307
v -0.128735 1.311373 -0.373307
v -0.205042 2.013433 -0.118919
v -0.005770 2.005730 -0.218550
v -0.138913 2.233393 0.018751
v 0.111435 2.236358 -0.077864
v 0.041088 2.373761 0.130264
v -0.078905 2.375888 0.084972
v -0.096032 2.351448 0.144013
v 0.016625 2.322014 0.166039
v 0.132755 2.293302 0.229897
v 0.205270 2.319514 0.142721
v -0.187665 1.887565 -0.012209
v -0.144366 2.133419 0.122296
v -0.100442 1.808970 0.026294
v -0.055221 2.019220 0.176679
v 0.108056 1.967964 0.196502
v 0.008246 2.251997 0.231783
v 0.194623 2.200463 0.234291
v 0.132755 2.293302 0.229897
v 0.016625 2.322014 0.166039
v -0.120219 2.294803 0.186714
v -0.096032 2.351448 0.144013
v -0.148008 2.206018 0.162699
v -0.012797 1.758765 0.021006
v -0.689243 1.593331 0.008236
v -0.658994 1.578722 -0.045332
v -0.626587 1.610002 -0.066514
v -0.660123 1.560307 -0.006405
v -0.676878 1.519342 -0.007600
v -0.680642 1.530393 -0.047895
v -0.701938 1.505454 -0.019436
v -0.722164 1.527280 -0.023875
v -0.704968 1.502037 -0.103635
v -0.647208 1.516482 -0.132342
v -0.733133 1.494853 -0.076438
v -0.755007 1.489240 -0.054617
v -0.684335 1.472750 -0.014583
v -0.707709 1.474855 -0.020448
v -0.688774 1.449892 -0.025684
v -0.707920 1.452609 -0.028355
v -0.692689 1.429077 -0.017485
v -0.712184 1.431844 -0.020204
v -0.691992 1.467904 -0.101135
v -0.716171 1.453734 -0.077254
v -0.669279 1.447309 -0.083615
v -0.691518 1.439054 -0.060530
v -0.662148 1.420458 -0.087225
v -0.634990 1.442030 -0.113570
v -0.637268 1.462213 -0.113221
v -0.682360 1.412816 -0.065515
v -0.650549 1.488233 -0.141075
v -0.662631 1.474865 -0.155111
v -0.634990 1.442030 -0.113570
v -0.704391 1.438092 -0.118031
v -0.662148 1.420458 -0.087225
v -0.727019 1.433019 -0.090107
v -0.734265 1.505267 -0.122229
v -0.756308 1.499124 -0.094050
v -0.682360 1.412816 -0.065515
v -0.719128 1.630262 -0.072759
v -0.667847 1.629590 -0.096730
v -0.671065 1.521992 -0.154631
v -0.650549 1.488233 -0.141075
v -0.647208 1.516482 -0.132342
v -0.691518 1.439054 -0.060530
v -0.716171 1.453734 -0.077254
v -0.756308 1.499124 -0.094050
v -0.733133 1.494853 -0.076438
v -0.673755 1.659491 -0.081432
v -0.666489 1.663772 -0.039078
v -0.728811 1.612115 -0.020740
v -0.756308 1.499124 -0.094050
v -0.774114 1.494161 -0.071283
v -0.755007 1.489240 -0.054617
v -0.722164 1.527280 -0.023875
v -0.689243 1.593331 0.008236
v -0.707576 1.517058 0.009876
v -0.680839 1.516683 0.014600
v -0.673354 1.563580 0.016556
v -0.660123 1.560307 -0.006405
v -0.676878 1.519342 -0.007600
v -0.701938 1.505454 -0.019436
v -0.714068 1.470380 0.002257
v -0.686727 1.469370 0.007018
v -0.712184 1.431844 -0.020204
v -0.692689 1.429077 -0.017485
v -0.684335 1.472750 -0.014583
v -0.688774 1.449892 -0.025684
v -0.707920 1.452609 -0.028355
v -0.707709 1.474855 -0.020448
v -0.637583 1.632666 -0.014417
v -0.742683 1.431300 -0.104373
v -0.722028 1.392165 -0.060899
v -0.760772 1.427024 -0.081684
v -0.707121 1.395338 -0.078671
v -0.723395 1.417121 -0.053166
v -0.746822 1.441091 -0.065110
v -0.706394 1.424180 -0.074049
v -0.725951 1.448511 -0.087363
v -0.756308 1.499124 -0.094050
v -0.733133 1.494853 -0.076438
v -0.650549 1.488233 -0.141075
v -0.637268 1.462213 -0.113221
v -0.650549 1.488233 -0.141075
v -0.723395 1.417121 -0.053166
v -0.707121 1.395338 -0.078671
v -0.706394 1.424180 -0.074049
v -0.722028 1.392165 -0.060899
v -0.746822 1.441091 -0.065110
v -0.725951 1.448511 -0.087363
v -0.647208 1.516482 -0.132342
v -0.654269 1.624903 -0.108890
v -0.626587 1.610002 -0.066514
v -0.624697 1.591680 -0.088029
v -0.637583 1.632666 -0.014417
v -0.290487 0.166107 -0.656914
v -0.222565 0.209221 -0.700555
v -0.386495 0.497723 -0.399039
v -0.222565 0.209221 -0.700555
v -0.231720 0.168637 -0.741571
v -0.279222 0.104961 -0.696118
v -0.290487 0.166107 -0.656914
v -0.234391 0.067767 -0.642259
v -0.259593 0.130444 -0.606567
v -0.256646 0.073049 -0.824053
v -0.205758 0.103510 -0.835536
v -0.289712 -0.197632 -0.577900
v -0.251640 -0.124780 -0.555153
v -0.184565 -0.170277 -0.523322
v -0.173805 -0.210745 -0.516919
v -0.186377 0.118513 -0.679858
v -0.259593 0.130444 -0.606567
v -0.202524 0.156494 -0.630316
v -0.231720 0.168637 -0.741571
v -0.222565 0.209221 -0.700555
v -0.155971 0.085117 -0.803930
v -0.156788 -0.147321 -0.529828
v -0.124557 -0.186338 -0.536836
v -0.155971 0.085117 -0.803930
v -0.205758 0.103510 -0.835536
v -0.289712 -0.197632 -0.577900
v -0.124557 -0.186338 -0.536836
v -0.173805 -0.210745 -0.516919
v -0.256646 0.073049 -0.824053
v -0.155971 0.085117 -0.803930
v -0.205758 0.103510 -0.835536
v 0.219715 2.259291 0.271906
v 0.179957 2.213724 0.335295
v 0.194028 2.288949 0.379963
v 0.206524 2.235075 0.380795
v 0.215801 2.243686 0.385517
v 0.194623 2.200463 0.234291
v 0.132755 2.293302 0.229897
v 0.132755 2.293302 0.229897
v 0.205270 2.319514 0.142721
v 0.205270 2.319514 0.142721
v -0.259593 0.130444 -0.606567
v -0.290487 0.166107 -0.656914
v 0.309542 2.349277 0.270894
v 0.279805 2.291755 0.428364
v 0.213561 2.414841 0.385056
v 0.252237 2.342078 0.423598
v 0.215801 2.243686 0.385517
v 0.208668 2.242106 0.333214
v 0.194028 2.288949 0.379963
v 0.213561 2.414841 0.385056
v 0.309542 2.349277 0.270894
v -0.203284 2.331502 0.024058
v -0.096032 2.351448 0.144013
vn -0.5766 0.7262 0.3743
vn -0.9614 -0.2636 -0.0794
vn -0.7699 -0.6243 -0.1323
vn -0.4483 0.1588 0.8796
vn -0.8226 -0.5004 -0.2700
vn -0.4775 0.3639 0.7997
vn -0.1475 -0.3541 -0.9235
vn 0.1244 -0.4848 -0.8657
vn 0.2559 -0.3186 -0.9127
vn 0.8645 0.2865 -0.4131
vn 0.8962 0.2533 -0.3641
vn -0.4853 0.8679 0.1061
vn 0.6353 0.6747 0.3758
vn 0.4866 0.6117 0.6237
vn 0.8644 0.2865 -0.4131
vn 0.8959 0.2503 -0.3670
vn 0.1527 0.9852 -0.0779
vn 0.1591 -0.9832 0.0897
vn -0.1063 -0.5578 0.8231
vn 0.8827 -0.3609 0.3009
vn 0.9450 -0.0000 0.3269
vn 0.7909 0.1330 -0.5973
vn 0.7988 0.1386 -0.5854
vn 0.8299 0.1028 -0.5484
vn -0.9552 0.1383 -0.2617
vn -0.5531 0.8177 0.1595
vn 0.4170 -0.3927 0.8197
vn 0.6186 -0.3776 0.6890
vn 0.1850 0.6518 -0.7355
vn -0.1039 0.3986 -0.9112
vn 0.8298 0.1027 -0.5485
vn 0.8098 0.1424 -0.5691
vn -0.3689 0.2573 -0.8931
vn 0.8963 0.1719 -0.4088
vn 0.9282 -0.0879 0.3616
vn 0.5904 -0.5714 0.5701
vn 0.8236 0.5526 -0.1280
vn 0.9236 0.3108 -0.2245
vn 0.9468 0.0641 0.3155
vn -0.2963 -0.0770 -0.9520
vn -0.1223 -0.0637 -0.9904
vn -0.7106 0.1577 -0.6857
vn 0.4575 -0.0487 -0.8879
vn 0.5607 -0.1150 -0.8200
vn -0.6965 0.1194 -0.7076
vn 0.4876 -0.4020 -0.7750
vn -0.7907 -0.1453 -0.5948
vn 0.9615 -0.0725 0.2652
vn 0.9517 -0.0046 0.3069
vn 0.9502 -0.1575 0.2688
vn -0.8254 0.1242 0.5508
vn -0.8771 0.0771 0.4740
vn 0.0961 -0.0988 0.9905
vn 0.1334 0.0999 0.9860
vn 0.9526 -0.1555 0.2613
vn 0.9699 -0.0860 0.2280
vn 0.1494 0.3199 0.9356
vn 0.9516 -0.0054 0.3074
vn -0.8282 0.2375 0.5076
vn 0.2213 0.3719 0.9015
vn -0.6921 -0.1513 0.7058
vn 0.9648 0.0325 0.2610
vn -0.5579 -0.7532 -0.3485
vn -0.2681 -0.6115 0.7444
vn -0.3985 -0.8810 -0.2549
vn 0.9559 -0.1968 0.2178
vn 0.0428 -0.0711 0.9966
vn -0.8836 0.0855 0.4604
vn 0.0659 -0.0215 0.9976
vn -0.9740 0.1206 0.1917
vn -0.1224 -0.0637 -0.9904
vn 0.0660 -0.0214 0.9976
vn 0.6888 -0.5255 -0.4994
vn 0.6304 -0.4830 -0.6078
vn 0.6303 -0.4830 -0.6078
vn 0.9648 0.0324 0.2608
vn 0.9523 -0.0070 0.3052
vn 0.7655 -0.3057 0.5662
vn 0.3432 -0.2744 0.8983
vn 0.8940 -0.1871 0.4072
vn -0.0198 -0.2463 0.9690
vn -0.1481 -0.4800 0.8647
vn 0.9194 -0.0229 -0.3927
vn 0.9150 0.0793 -0.3956
vn 0.9414 -0.1589 0.2976
vn -0.2054 -0.8169 0.5390
vn -0.3887 -0.8751 0.2883
vn 0.3188 0.0271 0.9474
vn 0.3716 0.3143 -0.8736
vn 0.3514 0.1880 -0.9172
vn 0.1069 0.2365 -0.9657
vn 0.0179 0.3114 -0.9501
vn 0.0819 0.1003 -0.9916
vn -0.2915 -0.1817 -0.9392
vn 0.4575 -0.1414 -0.8779
vn -0.3739 -0.3120 -0.8734
vn 0.8384 -0.3122 -0.4468
vn -0.1415 -0.8740 -0.4650
vn -0.3437 -0.9188 -0.1943
vn 0.9060 -0.0792 -0.4158
vn 0.6572 -0.4495 -0.6050
vn 0.7054 -0.4893 -0.5129
vn -0.1490 0.4822 -0.8633
vn 0.6103 -0.0364 -0.7914
vn 0.3497 0.1214 -0.9289
vn -0.0190 0.7299 -0.6833
vn 0.5675 0.8226 -0.0354
vn 0.4339 0.8907 -0.1353
vn 0.5689 0.3712 0.7339
vn 0.6828 0.2341 0.6921
vn 0.8885 0.1050 0.4467
vn 0.2438 0.9314 -0.2704
vn 0.7629 -0.6436 -0.0617
vn 0.6817 -0.7312 -0.0252
vn 0.4443 -0.6589 0.6070
vn 0.5340 -0.6504 0.5402
vn 0.2167 -0.5131 0.8305
vn 0.5718 -0.1514 0.8063
vn 0.2321 -0.3649 0.9016
vn 0.9018 0.0667 0.4271
vn 0.7329 0.3874 0.5593
vn 0.5030 -0.0880 0.8598
vn 0.5544 0.3961 0.7319
vn 0.1520 -0.9883 0.0120
vn 0.0733 -0.5867 0.8065
vn -0.1504 0.2826 0.9474
vn -0.9618 0.1653 -0.2181
vn -0.9621 -0.1257 0.2421
vn -0.9615 0.2732 0.0295
vn -0.9342 -0.2418 -0.2623
vn -0.8361 -0.5241 -0.1621
vn 0.4178 -0.6535 -0.6312
vn 0.4381 -0.5158 0.7362
vn -0.8188 -0.0403 0.5727
vn -0.9768 0.0144 -0.2135
vn -0.7850 -0.1729 0.5949
vn -0.0433 -0.2049 0.9778
vn -0.7601 0.0595 -0.6471
vn 0.6897 -0.0238 -0.7237
vn -0.5954 -0.1076 -0.7962
vn 0.5766 -0.2005 -0.7920
vn -0.6014 -0.7956 0.0731
vn 0.4497 -0.8895 0.0812
vn -0.3964 0.7380 0.5461
vn 0.1138 0.2999 0.9472
vn -0.4706 0.6899 0.5501
vn -0.0928 0.4287 0.8987
vn -0.7782 -0.5963 0.1972
vn -0.9341 -0.3251 -0.1477
vn -0.7615 0.6464 0.0474
vn -0.4222 -0.6321 0.6498
vn -0.8986 0.3008 -0.3195
vn -0.1412 -0.4102 -0.9010
vn -0.9341 -0.3252 -0.1476
vn 0.2703 -0.8401 -0.4704
vn 0.5660 -0.7658 0.3053
vn 0.7470 -0.2327 -0.6228
vn 0.8660 -0.1551 -0.4754
vn -0.4222 -0.6322 0.6497
vn 0.9019 0.2667 -0.3397
vn 0.4486 -0.2353 -0.8622
vn 0.1098 0.0866 -0.9902
vn -0.0927 0.4287 0.8987
vn 0.1137 0.2999 0.9472
vn 0.8660 -0.1550 -0.4753
vn -0.9619 0.1652 -0.2180
vn 0.8647 0.2277 -0.4477
vn 0.6502 0.5933 0.4745
vn 0.7738 0.3009 0.5574
vn 0.8661 -0.1550 -0.4753
vn 0.9673 -0.1285 0.2187
vn -0.0432 -0.2049 0.9778
vn 0.4381 -0.5157 0.7363
vn -0.2736 0.4453 0.8526
vn 0.5683 -0.0446 0.8216
vn -0.6529 0.0829 0.7529
vn -0.4595 0.4189 0.7832
vn 0.4178 -0.6535 -0.6311
vn 0.6883 -0.2047 0.6959
vn -0.7039 -0.0848 0.7052
vn 0.4497 -0.8895 0.0811
vn -0.6014 -0.7956 0.0730
vn -0.5954 -0.1075 -0.7962
vn 0.5766 -0.2007 -0.7920
vn 0.6896 -0.0237 -0.7238
vn -0.3961 0.2512 0.8832
vn 0.1782 -0.4370 -0.8817
vn 0.7484 -0.6297 0.2086
vn -0.2456 -0.7483 0.6162
vn -0.7395 -0.6079 -0.2891
vn -0.2520 0.3015 0.9196
vn 0.0027 0.1622 0.9868
vn -0.8326 0.5270 -0.1707
vn -0.7604 0.4799 -0.4376
vn 0.8660 -0.1550 -0.4754
vn -0.7850 -0.1728 0.5948
vn -0.8986 0.3010 -0.3193
vn -0.1414 -0.4101 -0.9010
vn -0.7614 0.6465 0.0476
vn -0.8987 0.3007 -0.3193
vn -0.2520 0.3014 0.9196
vn -0.2457 -0.7483 0.6161
vn 0.0027 0.1621 0.9868
vn -0.7605 0.4797 -0.4377
vn -0.9768 0.0145 -0.2136
vn 0.3683 -0.9127 -0.1772
vn -0.9759 -0.1359 0.1709
vn 0.4442 -0.8114 0.3799
vn -0.3843 0.2928 0.8756
vn -0.3486 0.4310 0.8323
vn 0.9821 -0.1883 0.0028
vn 0.9559 -0.1969 0.2178
vn -0.0555 -0.1054 -0.9929
vn 0.9911 -0.1324 -0.0158
vn 0.9627 0.2487 -0.1066
vn -0.0476 0.1932 -0.9800
vn -0.0820 0.8708 0.4847
vn 0.0666 0.0384 0.9970
vn 0.7275 -0.5347 -0.4299
vn -0.0057 -0.5940 -0.8044
vn 0.7901 -0.2098 0.5760
vn 0.2628 0.9112 0.3173
vn -0.0942 0.8727 0.4791
vn -0.0819 -0.0534 0.9952
vn -0.9706 0.2285 -0.0755
vn -0.0070 0.0101 0.9999
vn -0.9866 0.0115 0.1630
vn -0.0444 0.2085 -0.9770
vn -0.1113 -0.1311 -0.9851
vn -0.6771 -0.6324 -0.3762
vn -0.5085 0.8095 0.2937
vn -0.7522 -0.3659 0.5480
vn -0.0430 0.1641 -0.9855
vn -0.0055 -0.5941 -0.8044
vn -0.7521 -0.3660 0.5481
vn -0.0056 -0.5941 -0.8044
vn 0.0338 -0.7674 0.6403
vn -0.4924 -0.8672 -0.0738
vn 0.2947 -0.9556 -0.0026
vn 0.0543 -0.7389 0.6716
vn -0.5226 -0.6175 0.5878
vn -0.7279 -0.6575 -0.1944
vn -0.4111 -0.5401 0.7344
vn -0.5039 -0.6052 0.6163
vn 0.2751 -0.8236 0.4960
vn 0.5772 -0.7888 0.2115
vn 0.0474 -0.6268 0.7777
vn -0.0292 -0.2225 0.9745
vn -0.3199 -0.4704 0.8224
vn -0.0995 -0.7364 0.6691
vn 0.0245 -0.7149 0.6988
vn -0.3116 -0.4638 0.8293
vn -0.0759 -0.2648 0.9613
vn 0.1890 -0.5345 0.8237
vn 0.3389 0.1382 0.9306
vn 0.6595 -0.4695 0.5871
vn 0.9847 -0.1636 -0.0605
vn 0.7341 -0.6400 -0.2267
vn 0.4806 -0.7982 -0.3631
vn -0.0777 -0.9589 -0.2730
vn 0.3632 -0.7925 -0.4899
vn -0.5227 -0.7477 -0.4095
vn 0.7086 -0.2728 -0.6508
vn 0.4759 0.5862 -0.6556
vn -0.0241 0.1736 -0.9845
vn 0.4444 -0.5714 -0.6899
vn -0.0364 0.1623 -0.9861
vn -0.0884 0.2208 -0.9713
vn 0.6066 0.5600 -0.5643
vn 0.1923 -0.0061 0.9813
vn -0.7126 -0.7012 0.0206
vn -0.7123 -0.6814 -0.1681
vn -0.4831 -0.8755 0.0040
vn -0.0711 -0.1672 0.9834
vn 0.6100 -0.4025 -0.6826
vn 0.9121 -0.1423 0.3845
vn -0.4241 -0.4946 0.7587
vn 0.3637 0.2644 0.8932
vn 0.8959 -0.1237 0.4267
vn 0.2846 0.9545 -0.0890
vn 0.5344 -0.3332 -0.7768
vn -0.8179 0.5223 -0.2413
vn -0.6613 0.5900 -0.4632
vn -0.1163 0.1831 -0.9762
vn -0.8168 0.5628 -0.1266
vn -0.9823 -0.0255 -0.1858
vn -0.8002 -0.4258 -0.4223
vn -0.9248 0.3261 0.1957
vn -0.6176 0.7842 0.0599
vn -0.6910 0.5395 0.4811
vn -0.6995 0.1883 0.6894
vn -0.6317 -0.0750 0.7716
vn -0.8864 -0.4630 0.0053
vn -0.5883 -0.0672 0.8059
vn -0.5227 -0.6174 0.5879
vn -0.7280 -0.6575 -0.1944
vn -0.4111 -0.5400 0.7344
vn -0.4583 -0.0982 0.8834
vn -0.0290 -0.2227 0.9745
vn -0.3199 -0.4703 0.8224
vn -0.5962 -0.2172 0.7729
vn -0.5613 -0.1024 0.8212
vn -0.3499 0.0288 0.9363
vn -0.3025 0.5361 0.7881
vn -0.1091 0.9797 0.1680
vn -0.3463 0.8333 -0.4309
vn 0.4758 0.5863 -0.6556
vn -0.0242 0.1736 -0.9845
vn -0.0364 0.1622 -0.9861
vn 0.1333 0.3286 0.9350
vn 0.2815 0.8206 0.4973
vn -0.1090 0.9797 0.1681
vn 0.7062 0.6986 -0.1152
vn 0.3390 0.1383 0.9306
vn 0.6317 0.4831 0.6063
vn 0.7062 0.6986 -0.1153
vn 0.4759 0.5863 -0.6556
vn 0.9183 0.1550 0.3642
vn 0.5130 -0.0683 0.8557
vn -0.5038 -0.6051 0.6165
vn 0.0543 -0.7389 0.6717
vn -0.0825 -0.2706 0.9592
vn -0.0291 -0.2227 0.9745
vn 0.0658 -0.0215 0.9976
vn -0.2161 -0.3626 0.9065
vn 0.1802 -0.9738 0.1386
vn -0.7830 -0.6189 0.0617
vn -0.0908 -0.8175 0.5687
vn 0.3636 0.2641 0.8933
vn 0.1617 -0.0883 0.9829
vn 0.5909 0.5995 0.5398
vn 0.3549 -0.9246 -0.1385
vn -0.4844 -0.5563 0.6752
vn 0.8356 0.4672 -0.2888
vn 0.8176 0.4514 0.3574
vn 0.2855 -0.2292 0.9305
vn 0.3113 -0.1914 0.9308
vn 0.5014 -0.8415 -0.2013
vn 0.7686 -0.6394 -0.0223
vn 0.6196 -0.7251 -0.3006
vn 0.4263 -0.0034 0.9046
vn 0.1477 -0.2419 -0.9590
vn -0.1443 -0.2279 -0.9629
vn -0.1872 -0.0221 -0.9821
vn -0.6138 0.6720 -0.4144
vn -0.6640 0.6453 -0.3776
vn 0.0129 -0.4366 0.8996
vn -0.4039 0.7897 0.4617
vn -0.3348 0.6298 0.7009
vn -0.6638 0.6437 -0.3809
vn -0.1716 0.8266 0.5360
vn -0.9882 -0.1005 0.1152
vn -0.2263 -0.5769 0.7849
vn -0.9712 0.0735 0.2266
vn -0.8197 0.4627 0.3375
vn -0.6022 0.5274 -0.5994
vn -0.5980 0.5139 -0.6150
vn -0.6448 0.4949 -0.5825
vn 0.9310 -0.3056 -0.1997
vn 0.9021 0.1419 0.4075
vn -0.5133 0.0610 0.8560
vn -0.6089 0.2816 0.7416
vn 0.1420 0.6838 -0.7158
vn 0.3466 0.3473 -0.8714
vn -0.6447 0.4949 -0.5826
vn -0.6085 0.5234 -0.5964
vn 0.5389 0.1399 -0.8307
vn -0.6798 0.5771 -0.4527
vn -0.4355 0.6912 0.5766
vn -0.6225 0.0480 0.7812
vn -0.2261 0.9721 0.0629
vn -0.6149 0.7601 -0.2101
vn -0.6209 0.6756 0.3975
vn 0.3582 -0.0894 -0.9293
vn 0.3175 0.5288 -0.7871
vn -0.2704 0.5659 -0.7789
vn 0.8390 0.4302 -0.3331
vn -0.4433 0.3644 -0.8189
vn 0.8382 0.3867 -0.3845
vn -0.3681 -0.0811 -0.9262
vn 0.9260 -0.0570 -0.3731
vn -0.9991 -0.0037 0.0427
vn -0.9915 0.0676 0.1111
vn -0.9921 -0.1244 -0.0154
vn 0.6627 -0.2580 0.7030
vn 0.7534 -0.3510 0.5560
vn -0.3011 -0.6052 0.7370
vn -0.3348 -0.2785 0.9002
vn -0.9934 -0.1137 -0.0118
vn -0.9999 -0.0084 -0.0066
vn -0.3161 0.1002 0.9434
vn -0.9908 0.0887 0.1021
vn 0.6939 -0.0506 0.7183
vn -0.3698 0.2255 0.9013
vn 0.3128 -0.5478 0.7760
vn -0.9858 0.1508 0.0744
vn 0.4068 -0.7432 -0.5311
vn -0.9861 -0.1419 -0.0864
vn -0.2451 -0.6501 0.7192
vn 0.7749 -0.3433 0.5307
vn -0.2663 -0.6084 0.7476
vn 0.9188 -0.1674 0.3575
vn 0.3174 0.5288 -0.7871
vn -0.2664 -0.6084 0.7476
vn -0.2036 -0.6998 0.6847
vn 0.1282 -0.9678 0.2168
vn 0.2292 -0.4673 -0.8539
vn 0.0371 -0.9677 -0.2493
vn -0.7042 -0.2038 -0.6801
vn -0.5897 -0.2481 -0.7686
vn -0.6690 -0.1521 -0.7275
vn -0.9680 0.1218 0.2194
vn -0.9694 0.1559 0.1896
vn -0.8814 0.0457 0.4702
vn -0.9436 0.1488 0.2956
vn -0.5473 -0.1417 0.8249
vn -0.0340 -0.4679 0.8831
vn -0.1482 -0.4800 0.8647
vn -0.7032 0.4853 -0.5195
vn -0.7594 0.4156 -0.5006
vn -0.9702 0.1651 0.1774
vn -0.5133 0.0898 0.8535
vn 0.0047 -0.9518 0.3066
vn -0.2114 -0.8398 0.5001
vn -0.8215 0.2752 -0.4994
vn -0.6569 -0.0414 -0.7528
vn -0.1301 0.2935 -0.9471
vn -0.7982 0.0415 -0.6009
vn -0.1183 0.4100 -0.9044
vn 0.1124 0.4134 -0.9036
vn 0.0820 0.1002 -0.9916
vn 0.3041 -0.3073 -0.9017
vn -0.3129 0.0194 -0.9496
vn 0.3515 -0.4748 -0.8069
vn -0.7054 -0.0845 -0.7038
vn -0.1415 -0.8740 -0.4649
vn -0.0277 -0.9813 -0.1905
vn -0.8441 0.4002 -0.3567
vn -0.0509 0.4519 -0.8906
vn -0.6240 0.4020 -0.6701
vn 0.0898 0.6796 -0.7280
vn 0.0362 0.9966 0.0740
vn 0.4009 0.7720 -0.4932
vn -0.0017 0.6939 0.7201
vn -0.1986 0.4865 0.8508
vn -0.4429 0.6590 0.6079
vn 0.2340 0.9468 -0.2212
vn -0.8233 -0.1366 0.5509
vn -0.8823 -0.1481 0.4468
vn -0.4701 -0.3899 0.7918
vn -0.4623 -0.2903 0.8378
vn 0.0230 -0.4246 0.9051
vn -0.2084 0.2300 0.9506
vn 0.0042 -0.3275 0.9448
vn -0.3888 0.5924 0.7056
vn -0.0422 0.8119 0.5822
vn -0.1827 0.3492 0.9191
vn 0.1133 0.7263 0.6780
vn -0.8077 -0.5271 0.2642
vn 0.0289 -0.5792 0.8147
vn 0.0349 0.0901 0.9953
vn 0.8628 -0.3709 0.3435
vn 0.9986 -0.0186 -0.0487
vn 0.9761 0.0466 0.2124
vn 0.9012 -0.3974 -0.1728
vn 0.7347 -0.6632 -0.1424
vn -0.4196 -0.4381 -0.7950
vn -0.6505 -0.5156 0.5576
vn 0.6833 -0.3091 0.6615
vn 0.9833 -0.1677 -0.0708
vn 0.6214 -0.4327 0.6532
vn -0.1677 -0.3603 0.9176
vn 0.8580 -0.0085 -0.5135
vn -0.5447 0.2427 -0.8027
vn 0.6928 -0.1096 -0.7128
vn -0.4578 0.0582 -0.8871
vn 0.4149 -0.9099 0.0025
vn -0.6198 -0.7700 -0.1515
vn 0.4299 0.5374 0.7255
vn -0.2168 0.1650 0.9622
vn 0.4917 0.4742 0.7304
vn 0.0159 0.2511 0.9678
vn 0.6024 -0.7764 0.1853
vn 0.8651 -0.4956 -0.0771
vn 0.8517 0.4471 0.2734
vn 0.1730 -0.8036 0.5695
vn 0.9813 0.1418 -0.1302
vn 0.2141 -0.2845 -0.9345
vn 0.8516 0.4471 0.2735
vn 0.8652 -0.4955 -0.0771
vn -0.3410 -0.6754 -0.6539
vn 0.6024 -0.7764 0.1852
vn -0.7472 -0.6605 0.0737
vn -0.6579 0.0383 -0.7522
vn -0.7835 0.1161 -0.6104
vn 0.1729 -0.8036 0.5695
vn -0.7194 0.5891 -0.3679
vn -0.3546 0.1756 -0.9184
vn 0.0829 0.2630 -0.9612
vn 0.9813 0.1418 -0.1301
vn 0.0159 0.2510 0.9678
vn -0.7836 0.1162 -0.6103
vn 0.9834 0.0402 -0.1771
vn -0.6100 0.6530 -0.4489
vn -0.4495 0.7303 0.5143
vn -0.7641 0.4164 0.4928
vn -0.7835 0.1162 -0.6104
vn -0.9969 0.0550 0.0555
vn -0.1676 -0.3604 0.9176
vn -0.6505 -0.5156 0.5577
vn 0.2474 0.2328 0.9405
vn -0.7003 -0.0468 0.7123
vn 0.5155 -0.1823 0.8372
vn 0.3883 0.1791 0.9040
vn 0.9012 -0.3974 -0.1726
vn -0.4195 -0.4381 -0.7951
vn -0.8252 -0.1546 0.5433
vn 0.5408 -0.3473 0.7661
vn -0.6198 -0.7700 -0.1516
vn 0.4148 -0.9099 0.0023
vn 0.8581 -0.0086 -0.5135
vn 0.6925 -0.1097 -0.7130
vn -0.4578 0.0583 -0.8871
vn -0.5446 0.2427 -0.8028
vn 0.3340 -0.0606 0.9406
vn -0.1028 -0.2430 -0.9646
vn -0.0141 -0.8713 0.4905
vn -0.8803 -0.4741 -0.0195
vn 0.6475 -0.7027 -0.2951
vn 0.1416 0.0903 0.9858
vn -0.1431 0.0017 0.9897
vn 0.9351 0.3509 0.0484
vn 0.9029 0.3632 -0.2300
vn 0.6213 -0.4328 0.6532
vn 0.9813 0.1421 -0.1299
vn 0.8515 0.4473 0.2736
vn 0.2143 -0.2844 -0.9344
vn 0.1415 0.0902 0.9858
vn 0.6474 -0.7026 -0.2952
vn 0.9352 0.3509 0.0482
vn -0.1431 0.0018 0.9897
vn 0.9029 0.3632 -0.2301
vn 0.9833 -0.1677 -0.0709
vn -0.4752 -0.8576 -0.1969
vn -0.9960 0.0578 -0.0681
vn -0.9842 -0.0051 0.1772
vn -0.8934 -0.3184 0.3171
vn 0.3536 -0.1508 0.9232
vn 0.3984 0.0322 0.9167
vn -0.9681 -0.0017 -0.2506
vn -0.9861 -0.1420 -0.0863
vn 0.0607 0.5711 -0.8187
vn 0.0551 0.8597 -0.5077
vn -0.9937 0.1114 0.0098
vn -0.9390 -0.1406 -0.3139
vn -0.1836 0.2174 0.9587
vn -0.2325 -0.7221 0.6515
vn -0.5572 -0.1395 -0.8186
vn 0.1522 0.2601 -0.9535
vn -0.6824 -0.7291 0.0520
vn -0.5018 0.2553 0.8265
vn -0.1444 0.1792 0.9731
vn 0.1204 -0.7818 0.6118
vn 0.8791 0.3627 0.3093
vn -0.0747 -0.6932 0.7169
vn 0.9085 -0.2546 0.3314
vn 0.1504 0.8860 -0.4387
vn 0.3048 0.5217 -0.7968
vn 0.8183 0.0423 -0.5732
vn 0.2657 0.3668 0.8916
vn 0.8395 -0.4924 0.2297
vn -0.0318 0.8665 -0.4981
vn 0.8184 0.0422 -0.5731
vn 0.1523 0.2601 -0.9535
vn -0.6823 -0.7292 0.0520
vn 0.8395 -0.4924 0.2296
vn 0.1204 -0.7818 0.6117
vn -0.5573 -0.1394 -0.8185
vn -0.7124 -0.6814 -0.1681
vn -0.7127 -0.7012 0.0205
vn 0.1013 0.0573 0.9932
vn -0.4241 -0.4945 0.7587
vn 0.3638 0.2643 0.8932
vn -0.5166 -0.8556 -0.0326
vn -0.9359 0.3093 0.1688
vn 0.2052 -0.0022 0.9787
vn 0.1335 0.7409 0.6582
vn 0.0744 0.7577 0.6483
vn -0.9532 0.2178 0.2098
vn 0.1969 0.8661 -0.4594
vn 0.6046 0.5868 -0.5386
vn -0.9861 -0.1419 -0.0863
vn -0.9681 -0.0016 -0.2506
vn -0.2036 -0.3753 0.9043
vn -0.6213 -0.7813 0.0587
vn -0.9246 0.1838 0.3336
vn -0.6315 -0.1143 0.7669
vn 0.6827 0.4985 0.5342
vn -0.0092 0.0123 0.9999
vn -0.9182 0.3954 0.0235
vn -0.4689 -0.5723 0.6727
vn -0.4626 0.8418 -0.2781
vn -0.3729 0.8736 0.3129
vt 0.730382 0.103619
vt 0.705649 0.144477
vt 0.906050 0.162418
vt 0.907543 0.101904
vt 0.999984 0.166941
vt 1.001061 0.095946
vt 0.733494 0.205318
vt 0.838940 0.209383
vt 0.991053 0.210366
vt 0.981648 0.252295
vt 0.840260 0.252371
vt 0.689743 0.104698
vt 0.991405 0.052870
vt 0.810174 0.064464
vt 0.981657 0.011468
vt 0.840250 0.011429
vt 0.734207 0.056759
vt 0.693123 0.056174
vt 0.518060 0.096757
vt 0.575201 0.047645
vt 0.473165 0.043970
vt 0.716055 0.011396
vt 0.597290 0.011359
vt 0.510869 0.011322
vt 0.522475 0.164896
vt 0.485011 0.157654
vt 0.479927 0.107408
vt 0.445175 0.049232
vt 0.473366 0.225391
vt 0.579352 0.211659
vt 0.510849 0.252622
vt 0.597275 0.252464
vt 0.688056 0.203710
vt 0.716059 0.252303
vt 0.459430 0.138427
vt 0.448360 0.105872
vt 0.445220 0.217118
vt 0.468555 0.252667
vt 0.435264 0.252667
vt 0.710772 0.204691
vt 0.809314 0.993189
vt 0.844593 0.748486
vt 0.799681 0.766537
vt 0.795370 0.616810
vt 0.844460 0.624653
vt 0.796731 0.566457
vt 0.846052 0.573862
vt 0.737687 0.589384
vt 0.737679 0.566887
vt 0.737691 0.611583
vt 0.903594 0.595045
vt 0.902086 0.622902
vt 0.947494 0.615460
vt 0.947980 0.591500
vt 0.993009 0.611673
vt 0.993010 0.589483
vt 0.948583 0.568105
vt 0.993012 0.566905
vt 0.904969 0.574145
vt 0.939443 0.344499
vt 0.898532 0.361084
vt 0.993076 0.320695
vt 0.854260 0.365264
vt 0.915162 0.347050
vt 0.854851 0.350073
vt 0.993004 0.780156
vt 0.944441 0.769131
vt 0.900724 0.759988
vt 0.936461 0.995025
vt 0.880074 0.997653
vt 0.789589 0.353336
vt 0.737576 0.320774
vt 0.459999 0.699940
vt 0.421847 0.911548
vt 0.493482 0.874305
vt 0.334346 0.703269
vt 0.334346 0.906337
vt 0.574509 0.696105
vt 0.570429 0.874521
vt 0.490508 0.948126
vt 0.334346 0.965522
vt 0.365140 0.975937
vt 0.420117 0.965795
vt 0.650541 0.838561
vt 0.643075 0.892767
vt 0.726515 0.817051
vt 0.726515 0.703484
vt 0.726515 0.932364
vt 0.709975 0.959389
vt 0.635989 0.948441
vt 0.695226 0.983366
vt 0.579503 0.979625
vt 0.726515 0.978941
vt 0.572418 0.925007
vt 0.726515 0.610225
vt 0.575486 0.609180
vt 0.574131 0.447552
vt 0.726515 0.445670
vt 0.628909 0.318546
vt 0.561909 0.331279
vt 0.561667 0.289065
vt 0.629838 0.284131
vt 0.681244 0.268659
vt 0.726515 0.308737
vt 0.465542 0.609718
vt 0.497836 0.448231
vt 0.389955 0.608312
vt 0.424485 0.456931
vt 0.334346 0.436815
vt 0.434410 0.332167
vt 0.334346 0.318454
vt 0.382074 0.269755
vt 0.433481 0.285227
vt 0.501409 0.332846
vt 0.501652 0.290161
vt 0.532354 0.423067
vt 0.334346 0.607952
vt 0.079805 0.232283
vt 0.164710 0.210607
vt 0.122523 0.194649
vt 0.082536 0.195321
vt 0.065738 0.163787
vt 0.098907 0.148763
vt 0.061632 0.142152
vt 0.067395 0.121429
vt 0.123677 0.114515
vt 0.175785 0.114562
vt 0.094627 0.115280
vt 0.071940 0.113520
vt 0.035702 0.148111
vt 0.041923 0.132093
vt 0.020229 0.138299
vt 0.026355 0.125859
vt 0.005702 0.131286
vt 0.011940 0.118620
vt 0.124248 0.087244
vt 0.097369 0.085301
vt 0.124231 0.055219
vt 0.098622 0.055224
vt 0.124118 0.033753
vt 0.158367 0.040381
vt 0.164154 0.054336
vt 0.099739 0.035139
vt 0.171577 0.088395
vt 0.192231 0.080816
vt 0.172887 0.036601
vt 0.229659 0.051083
vt 0.207206 0.014433
vt 0.253565 0.037615
vt 0.259273 0.099604
vt 0.295568 0.088781
vt 0.225257 0.005464
vt 0.257519 0.214069
vt 0.210893 0.208562
vt 0.203087 0.112287
vt 0.256732 0.004405
vt 0.275505 0.029551
vt 0.296663 0.056271
vt 0.254448 0.243670
vt 0.287294 0.248875
vt 0.299549 0.220380
vt 0.323300 0.104611
vt 0.343328 0.116239
vt 0.349575 0.166371
vt 0.341191 0.234380
vt 0.379236 0.180734
vt 0.393815 0.198439
vt 0.369935 0.227020
vt 0.383913 0.245331
vt 0.408148 0.211617
vt 0.372524 0.153454
vt 0.406401 0.154959
vt 0.418570 0.170953
vt 0.432503 0.130104
vt 0.445823 0.142555
vt 0.433494 0.180403
vt 0.448844 0.163198
vt 0.412154 0.127150
vt 0.395815 0.139939
vt 0.325332 0.261049
vt 0.344700 0.051550
vt 0.359289 0.070966
vt 0.389947 0.045029
vt 0.374202 0.026325
vt 0.391323 0.064504
vt 0.369359 0.086828
vt 0.352694 0.023153
vt 0.330809 0.036634
vt 0.068269 0.054545
vt 0.088448 0.054365
vt 0.085147 0.033440
vt 0.068311 0.035581
vt 0.069129 0.082960
vt 0.091835 0.081384
vt 0.214759 0.239928
vt 0.170727 0.242683
vt 0.094294 0.262400
vt 0.737783 0.987757
vt 0.737708 0.780107
vt 0.274783 0.263290
vt 0.251897 0.284556
vt 0.265085 0.304716
vt 0.290410 0.280108
vt 0.230808 0.322133
vt 0.234686 0.293532
vt 0.317161 0.315098
vt 0.326877 0.296848
vt 0.247112 0.446506
vt 0.230894 0.421947
vt 0.204488 0.436013
vt 0.200804 0.450038
vt 0.202857 0.296193
vt 0.220949 0.280878
vt 0.186739 0.265822
vt 0.206200 0.254811
vt 0.152216 0.291162
vt 0.194174 0.426648
vt 0.177297 0.438725
vt 0.148125 0.271043
vt 0.109679 0.437051
vt 0.158639 0.453515
vt 0.110675 0.292890
vt 0.130164 0.279394
vt 0.048936 0.787641
vt 0.037433 0.823986
vt 0.095670 0.805101
vt 0.018334 0.795488
vt 0.001309 0.823986
vt 0.001309 0.828672
vt 0.001309 0.805245
vt 0.001309 0.793266
vt 0.072476 0.756292
vt 0.104842 0.722758
vt 0.009703 0.762035
vt 0.001309 0.770446
vt 0.001309 0.745864
vt 0.041600 0.754625
vt 0.045013 0.731461
vt 0.001309 0.728107
vt 0.001309 0.706350
vt 0.045012 0.704329
vt 0.000634 0.640415
vt 0.080537 0.664700
vt 0.172489 0.654188
vt 0.168984 0.731210
vt 0.146949 0.810560
vt 0.044855 0.876465
vt 0.134665 0.883862
vt 0.053879 0.921862
vt 0.230813 0.753236
vt 0.327296 0.709405
vt 0.289853 0.844016
vt 0.198004 0.819694
vt 0.222406 0.906637
vt 0.208321 0.985394
vt 0.032665 0.835220
vt 0.001309 0.884699
vt 0.068912 0.997425
vt 0.136690 0.961832
vt 0.001309 0.847491
vt 0.001309 0.839125
vt 0.041894 0.649915
vt 0.070649 0.583980
vt 0.103642 0.580263
vt 0.049090 0.502723
vt 0.103028 0.449168
vt 0.013527 0.576938
vt 0.001309 0.788851
vt 0.992969 0.987765
vt 0.232379 0.916718
vt 0.282941 0.969753
vt 0.311768 0.908112
vt 0.306313 0.933309
vt 0.220304 0.994415
vt 0.243005 0.989735
vt 0.222758 0.978624
vt 0.468563 0.011307
vt 0.435273 0.011298
s 1
usemtl enemy_tonnel.001
f 619/279/508 620/280/509 621/281/510
f 619/279/508 621/281/510 622/282/511
f 622/282/511 621/281/510 623/283/512
f 622/282/511 623/283/512 624/284/513
f 621/281/510 620/280/509 625/285/514
f 621/281/510 625/285/514 626/286/515
f 623/283/512 621/281/510 626/286/515
f 623/283/512 626/286/515 627/287/516
f 628/288/517 627/287/516 626/286/515
f 628/288/517 626/286/515 629/289/518
f 629/289/518 626/286/515 625/285/514
f 619/279/508 630/290/519 620/280/509
f 622/282/511 624/284/513 631/291/520
f 632/292/521 622/282/511 631/291/520
f 619/279/508 622/282/511 632/292/521
f 632/292/521 631/291/520 633/293/522
f 632/292/521 633/293/522 634/294/523
f 634/294/523 635/295/524 632/292/521
f 619/279/508 632/292/521 635/295/524
f 636/296/525 630/290/519 619/279/508
f 636/296/525 619/279/508 635/295/524
f 636/296/525 637/297/526 630/290/519
f 636/296/525 638/298/527 637/297/526
f 638/298/527 639/299/528 637/297/526
f 640/300/529 638/298/527 636/296/525
f 634/294/523 640/300/529 635/295/524
f 636/296/525 635/295/524 640/300/529
f 640/300/529 641/301/530 638/298/527
f 642/302/531 639/299/528 638/298/527
f 642/302/531 638/298/527 641/301/530
f 643/303/532 630/290/519 637/297/526
f 644/304/533 643/303/532 637/297/526
f 644/304/533 637/297/526 645/305/534
f 637/297/526 639/299/528 645/305/534
f 639/299/528 646/306/535 645/305/534
f 647/307/536 643/303/532 644/304/533
f 647/307/536 648/308/537 643/303/532
f 648/308/537 647/307/536 649/309/538
f 648/308/537 649/309/538 650/310/539
f 651/311/540 648/308/537 650/310/539
f 651/311/540 650/310/539 652/312/541
f 645/305/534 653/313/542 644/304/533
f 645/305/534 654/314/543 653/313/542
f 653/313/542 655/315/544 644/304/533
f 655/315/544 647/307/536 644/304/533
f 655/315/544 656/316/545 647/307/536
f 649/309/538 647/307/536 656/316/545
f 655/315/544 657/317/546 656/316/545
f 648/308/537 651/311/540 620/280/509
f 648/308/537 620/280/509 643/303/532
f 643/303/532 620/280/509 630/290/519
f 620/280/509 651/311/540 658/318/547
f 658/318/547 651/311/540 652/312/541
f 625/285/514 658/318/547 652/312/541
f 625/285/514 620/280/509 658/318/547
f 629/289/518 625/285/514 652/312/541
f 659/319/548 660/320/549 661/321/550
f 660/320/549 662/322/551 661/321/550
f 660/320/549 663/323/552 662/322/551
f 663/323/552 664/324/553 662/322/551
f 663/323/552 665/325/554 664/324/553
f 666/326/555 662/322/551 664/324/553
f 667/327/556 666/326/555 664/324/553
f 666/326/555 668/328/557 662/322/551
f 661/321/550 662/322/551 668/328/557
f 669/329/558 665/325/554 663/323/552
f 670/330/559 669/329/558 663/323/552
f 670/330/559 663/323/552 660/320/549
f 669/329/558 670/330/559 671/331/560
f 669/329/558 671/331/560 672/332/561
f 672/332/561 671/331/560 673/333/562
f 672/332/561 673/333/562 674/334/563
f 675/335/564 672/332/561 674/334/563
f 675/335/564 674/334/563 676/336/565
f 677/337/566 669/329/558 672/332/561
f 677/337/566 672/332/561 675/335/564
f 669/329/558 677/337/566 665/325/554
f 677/337/566 675/335/564 678/338/567
f 678/338/567 675/335/564 676/336/565
f 677/337/566 678/338/567 679/339/568
f 665/325/554 677/337/566 679/339/568
f 678/338/567 676/336/565 680/340/569
f 665/325/554 679/339/568 681/341/570
f 682/342/571 681/341/570 679/339/568
f 682/342/571 683/343/572 681/341/570
f 671/331/560 684/344/573 673/333/562
f 671/331/560 685/345/574 684/344/573
f 671/331/560 670/330/559 686/346/575
f 671/331/560 686/346/575 685/345/574
f 687/347/576 684/344/573 685/345/574
f 686/346/575 687/347/576 685/345/574
f 670/330/559 660/320/549 686/346/575
f 660/320/549 688/348/577 686/346/575
f 660/320/549 689/319/578 688/348/577
f 686/346/575 688/348/577 690/347/579
f 681/341/570 691/349/580 664/324/553
f 681/341/570 664/324/553 665/325/554
f 692/349/581 667/327/556 664/324/553
f 693/349/582 694/350/583 667/327/584
f 695/351/585 696/352/586 697/353/587
f 695/351/585 698/354/588 696/352/586
f 698/354/588 699/355/589 696/352/586
f 697/353/587 700/356/590 695/351/585
f 697/353/587 701/357/591 700/356/590
f 697/353/587 696/352/586 702/358/592
f 696/352/586 699/355/589 703/359/593
f 696/352/586 703/359/593 704/360/594
f 704/360/594 705/361/595 696/352/586
f 696/352/586 705/361/595 702/358/592
f 700/356/590 701/357/591 706/362/596
f 707/363/597 706/362/596 701/357/591
f 707/363/597 708/364/598 706/362/596
f 709/365/599 706/362/596 708/364/598
f 709/365/599 700/356/590 706/362/596
f 710/366/600 708/364/598 707/363/597
f 710/366/600 707/363/597 711/367/601
f 707/363/597 712/368/602 711/367/601
f 711/367/601 712/368/602 713/369/603
f 712/368/602 707/363/597 714/370/604
f 715/371/605 710/366/600 711/367/601
f 716/371/606 711/367/601 713/369/603
f 707/363/597 701/357/591 717/372/607
f 707/363/597 717/372/607 714/370/604
f 717/372/607 701/357/591 697/353/587
f 717/372/607 697/353/587 702/358/592
f 718/370/608 717/372/607 702/358/592
f 712/368/602 719/370/609 713/369/603
f 709/365/599 720/373/610 721/374/611
f 709/365/599 721/374/611 700/356/590
f 720/373/610 722/375/612 721/374/611
f 720/373/610 723/376/613 722/375/612
f 723/376/613 724/377/614 722/375/612
f 725/378/615 722/375/612 724/377/614
f 724/377/614 726/379/616 725/378/615
f 724/377/614 727/380/617 726/379/616
f 728/381/618 727/380/617 724/377/614
f 724/377/614 729/382/619 728/381/618
f 723/376/613 729/382/619 724/377/614
f 695/351/585 700/356/590 721/374/611
f 695/351/585 721/374/611 730/383/620
f 731/384/621 730/383/620 721/374/611
f 731/384/621 721/374/611 722/375/612
f 731/384/621 732/385/622 730/383/620
f 695/351/585 730/383/620 732/385/622
f 731/384/621 733/386/623 732/385/622
f 733/386/623 734/387/624 732/385/622
f 734/387/624 733/386/623 735/388/625
f 735/388/625 733/386/623 731/384/621
f 734/387/624 735/388/625 736/389/626
f 735/388/625 737/390/627 736/389/626
f 735/388/625 738/391/628 737/390/627
f 738/391/628 735/388/625 739/392/629
f 738/391/628 739/392/629 740/393/630
f 695/351/585 732/385/622 698/354/588
f 735/388/625 731/384/621 741/394/631
f 735/388/625 741/394/631 739/392/629
f 698/354/588 732/385/622 742/395/632
f 732/385/622 734/387/624 742/395/632
f 743/396/633 744/397/634 745/398/635
f 746/399/636 743/396/633 745/398/635
f 745/398/635 747/400/637 746/399/636
f 745/398/635 748/401/638 747/400/637
f 747/400/637 748/401/638 749/402/639
f 748/401/638 750/403/640 749/402/639
f 751/404/641 748/401/638 745/398/635
f 745/398/635 752/405/642 751/404/641
f 748/401/638 751/404/641 753/406/643
f 748/401/638 753/406/643 750/403/640
f 753/406/643 754/407/644 750/403/640
f 755/408/645 747/400/637 749/402/639
f 755/408/645 749/402/639 756/409/646
f 757/410/647 755/408/645 756/409/646
f 757/410/647 756/409/646 758/411/648
f 759/412/649 757/410/647 758/411/648
f 759/412/649 758/411/648 760/413/650
f 753/406/643 751/404/641 761/414/651
f 753/406/643 761/414/651 762/415/652
f 762/415/652 761/414/651 763/416/653
f 762/415/652 763/416/653 764/417/654
f 763/416/653 765/418/655 764/417/654
f 766/419/656 765/418/655 763/416/653
f 767/420/657 766/419/656 763/416/653
f 761/414/651 767/420/657 763/416/653
f 765/418/655 768/421/658 764/417/654
f 761/414/651 769/422/659 767/420/657
f 770/423/660 771/424/661 767/420/657
f 772/425/662 771/424/661 770/423/660
f 772/425/662 773/426/655 771/424/661
f 774/427/663 773/426/655 772/425/662
f 775/428/664 774/427/663 772/425/662
f 772/425/662 770/423/660 775/428/664
f 775/428/664 776/429/665 774/427/663
f 774/427/663 777/430/666 773/426/655
f 776/429/665 775/428/664 778/431/667
f 775/428/664 779/432/668 778/431/667
f 775/428/664 780/433/669 779/432/668
f 770/423/660 780/433/669 775/428/664
f 780/433/669 770/423/660 781/422/659
f 782/405/642 780/433/669 781/422/659
f 779/432/668 780/433/669 782/405/642
f 774/427/663 783/434/670 777/430/666
f 774/427/663 784/435/671 783/434/670
f 785/429/672 784/435/671 774/427/663
f 785/429/672 786/436/643 784/435/671
f 744/397/673 779/432/668 782/405/642
f 779/432/668 787/437/674 778/431/667
f 788/438/675 778/431/667 787/437/674
f 788/438/675 789/439/676 778/431/667
f 790/429/677 778/431/667 789/439/676
f 791/440/678 790/429/677 789/439/676
f 789/439/676 792/441/679 791/440/678
f 789/439/676 793/442/680 792/441/679
f 789/439/676 794/443/681 793/442/680
f 788/438/675 794/443/681 789/439/676
f 795/444/682 793/442/680 794/443/681
f 794/443/681 796/445/683 795/444/682
f 794/443/681 797/446/684 796/445/683
f 798/447/636 797/446/684 794/443/681
f 796/445/683 797/446/684 798/447/636
f 796/445/683 798/447/636 799/448/637
f 795/444/682 800/449/685 793/442/680
f 796/445/683 801/450/686 795/444/682
f 796/445/683 802/451/687 801/450/686
f 799/448/637 802/451/687 796/445/683
f 802/451/687 803/452/688 801/450/686
f 802/451/687 804/453/689 803/452/688
f 799/448/637 805/454/645 802/451/687
f 805/454/645 804/453/689 802/451/687
f 805/454/645 806/455/690 804/453/689
f 807/456/691 801/450/686 803/452/688
f 807/456/691 808/457/692 801/450/686
f 808/457/692 800/449/685 795/444/682
f 808/457/692 795/444/682 801/450/686
f 788/438/675 809/458/693 794/443/681
f 810/459/694 811/460/695 812/461/696
f 810/459/694 812/461/696 813/462/697
f 790/429/677 811/460/695 810/459/694
f 790/429/677 791/440/678 811/460/695
f 811/460/695 814/463/698 812/461/696
f 811/460/695 815/464/699 814/463/698
f 791/440/678 815/464/699 811/460/695
f 791/440/678 792/441/679 815/464/699
f 810/459/694 813/462/697 816/465/700
f 810/459/694 816/465/700 817/466/701
f 818/429/702 810/459/694 817/466/701
f 818/429/702 817/466/701 819/436/703
f 820/422/704 770/423/705 821/420/706
f 751/404/641 752/405/642 769/422/707
f 751/404/641 822/422/659 761/414/651
f 823/467/708 824/468/700 825/469/697
f 823/467/708 825/469/697 826/470/709
f 827/471/710 824/468/700 823/467/708
f 827/471/710 828/472/711 824/468/700
f 753/406/643 828/472/711 827/471/710
f 754/407/644 753/406/643 827/471/710
f 744/397/634 829/405/712 745/398/635
f 779/432/668 830/473/713 787/437/674
f 831/397/714 830/473/713 779/432/668
f 831/397/714 832/474/715 830/473/713
f 833/475/716 832/474/715 831/397/714
f 833/475/716 831/397/714 743/396/717
f 834/476/718 835/319/548 661/321/550
f 834/476/718 661/321/550 836/477/719
f 836/477/719 661/321/550 668/328/557
f 837/478/720 838/479/721 839/480/722
f 837/478/720 839/480/722 840/481/723
f 838/479/721 841/482/724 839/480/722
f 838/479/721 842/483/725 841/482/724
f 839/480/722 843/484/726 840/481/723
f 840/481/723 843/484/726 844/485/727
f 839/480/722 845/486/728 843/484/726
f 839/480/722 841/482/724 846/487/729
f 839/480/722 846/487/729 845/486/728
f 847/488/730 845/486/728 846/487/729
f 841/482/724 847/488/730 846/487/729
f 847/488/730 848/489/731 845/486/728
f 841/482/724 849/490/732 847/488/730
f 850/483/733 849/490/732 841/482/724
f 850/483/733 851/491/734 849/490/732
f 851/491/734 852/492/735 849/490/732
f 851/491/734 853/493/736 852/492/735
f 852/492/735 854/494/737 849/490/732
f 849/490/732 855/495/738 847/488/730
f 855/495/738 849/490/732 856/496/739
f 847/488/730 855/495/738 856/496/739
f 847/488/730 856/496/739 848/489/731
f 849/490/732 854/494/737 856/496/739
f 852/492/740 857/497/741 858/494/737
f 859/498/728 860/499/731 861/496/742
f 862/500/726 859/498/728 861/496/742
f 862/500/726 861/496/742 863/494/737
f 864/501/743 862/500/726 863/494/737
f 865/502/744 866/503/745 867/504/746
f 865/502/744 868/505/747 866/503/745
f 868/505/747 869/506/748 866/503/745
f 870/507/749 866/503/745 869/506/748
f 869/506/748 868/505/747 871/508/750
f 871/508/750 868/505/747 872/509/751
f 867/504/746 873/510/752 865/502/744
f 867/504/746 874/511/753 873/510/752
f 868/505/747 865/502/744 875/512/754
f 876/513/755 868/505/747 875/512/754
f 876/513/755 875/512/754 877/514/756
f 865/502/744 878/515/757 875/512/754
f 865/502/744 873/510/752 878/515/757
f 879/516/758 877/514/756 875/512/754
f 875/512/754 878/515/757 879/516/758
f 878/515/757 873/510/752 879/516/758
f 873/510/752 874/511/753 879/516/758
f 877/514/756 879/516/758 880/517/759
f 880/517/759 879/516/758 881/518/760
f 879/516/758 882/519/761 881/518/760
f 874/511/753 882/519/761 879/516/758
f 881/518/760 882/519/761 883/520/762
f 884/521/763 882/519/761 874/511/753
f 884/521/763 874/511/753 885/522/764
f 874/511/753 886/523/765 885/522/764
f 867/504/746 886/523/765 874/511/753
f 867/504/746 887/524/766 886/523/765
f 888/525/767 887/524/766 867/504/746
f 888/525/767 889/526/768 887/524/766
f 888/525/767 890/527/769 889/526/768
f 886/523/765 891/528/770 885/522/764
f 887/524/766 891/528/770 886/523/765
f 892/529/771 885/522/764 891/528/770
f 892/529/771 891/528/770 893/530/772
f 893/530/772 891/528/770 894/531/773
f 889/526/768 894/531/773 887/524/766
f 887/524/766 894/531/773 891/528/770
f 893/530/772 894/531/773 895/532/774
f 889/526/768 896/532/775 894/531/773
f 897/533/776 896/532/775 889/526/768
f 888/525/767 867/504/746 898/534/777
f 899/535/778 888/525/767 898/534/777
f 888/525/767 899/535/778 900/527/779
f 900/527/780 901/536/781 889/526/782
f 901/536/781 902/537/783 889/526/782
f 903/538/784 899/535/778 898/534/777
f 904/539/785 903/538/784 898/534/777
f 905/537/786 906/533/787 889/526/788
f 907/526/789 908/531/790 896/532/791
f 907/526/789 909/524/792 908/531/790
f 910/525/793 909/524/792 907/526/789
f 910/525/793 907/526/789 911/527/794
f 910/525/793 912/504/795 909/524/792
f 912/504/795 913/523/796 909/524/792
f 912/504/795 914/511/797 913/523/796
f 912/504/795 915/510/798 914/511/797
f 912/504/795 916/502/799 915/510/798
f 916/502/799 912/504/795 917/503/800
f 916/502/799 917/503/800 918/505/801
f 918/505/801 917/503/800 919/506/802
f 920/507/803 919/506/802 917/503/800
f 919/506/802 921/508/804 918/505/801
f 921/508/804 922/509/751 918/505/801
f 918/505/801 923/512/805 916/502/799
f 924/513/806 923/512/805 918/505/801
f 924/513/806 925/514/807 923/512/805
f 916/502/799 923/512/805 926/515/808
f 916/502/799 926/515/808 915/510/798
f 927/516/809 923/512/805 925/514/807
f 923/512/805 927/516/809 926/515/808
f 926/515/808 927/516/809 915/510/798
f 915/510/798 927/516/809 914/511/797
f 925/514/807 928/517/759 927/516/809
f 928/517/759 929/518/760 927/516/809
f 927/516/809 929/518/760 930/519/810
f 914/511/797 927/516/809 930/519/810
f 931/521/811 914/511/797 930/519/810
f 931/521/811 932/522/812 914/511/797
f 914/511/797 932/522/812 913/523/796
f 913/523/796 932/522/812 933/528/813
f 934/529/814 933/528/813 932/522/812
f 934/529/814 935/530/815 933/528/813
f 935/530/815 908/531/790 933/528/813
f 935/530/815 936/532/816 908/531/790
f 909/524/792 913/523/796 933/528/813
f 909/524/792 933/528/813 908/531/790
f 931/521/811 930/519/810 937/540/817
f 937/540/817 938/541/818 931/521/811
f 931/521/811 938/541/818 939/542/819
f 939/542/819 938/541/818 940/543/820
f 940/543/820 941/544/771 939/542/819
f 937/540/817 930/519/810 942/520/821
f 938/541/818 937/540/817 942/520/821
f 929/518/760 942/520/821 930/519/810
f 938/541/818 942/520/821 943/545/822
f 944/543/823 938/541/818 943/545/822
f 945/543/820 946/542/764 941/544/824
f 946/542/764 945/543/820 947/541/825
f 884/521/763 946/542/764 947/541/825
f 948/540/826 884/521/763 947/541/825
f 884/521/763 948/540/826 882/519/761
f 948/540/826 883/520/762 882/519/761
f 947/541/825 883/520/762 948/540/826
f 947/541/825 949/545/822 883/520/762
f 950/543/823 949/545/822 947/541/825
f 951/509/827 868/505/828 952/546/829
f 868/505/828 953/513/830 952/546/829
f 951/509/827 952/546/829 918/505/801
f 918/505/801 952/546/829 953/513/830
f 954/347/831 955/547/718 684/344/719
f 956/548/832 957/549/833 958/550/834
f 957/549/833 959/551/835 958/550/834
f 960/552/836 961/553/837 962/554/838
f 961/553/837 963/549/839 962/554/838
f 964/548/840 962/554/838 963/549/839
f 965/555/841 966/556/842 639/299/528
f 642/302/531 965/555/841 639/299/528
f 966/556/842 646/306/535 639/299/528
f 967/279/843 968/282/844 969/281/845
f 967/279/843 969/281/845 970/280/846
f 968/282/844 971/283/847 969/281/845
f 968/282/844 972/284/848 971/283/847
f 969/281/845 973/285/849 970/280/846
f 969/281/845 974/286/850 973/285/849
f 971/283/847 974/286/850 969/281/845
f 971/283/847 975/287/851 974/286/850
f 976/288/852 974/286/850 975/287/851
f 976/288/852 977/289/853 974/286/850
f 977/289/853 973/285/849 974/286/850
f 967/279/843 970/280/846 978/290/854
f 968/282/844 979/291/855 972/284/848
f 980/292/856 979/291/855 968/282/844
f 967/279/843 980/292/856 968/282/844
f 980/292/856 981/293/852 979/291/855
f 980/292/856 982/294/857 981/293/852
f 982/294/857 980/292/856 983/295/858
f 967/279/843 983/295/858 980/292/856
f 984/296/859 983/295/858 967/279/843
f 984/296/859 967/279/843 978/290/854
f 984/296/859 978/290/854 985/297/860
f 984/296/859 985/297/860 986/298/861
f 986/298/861 985/297/860 987/299/862
f 988/300/863 984/296/859 986/298/861
f 982/294/857 983/295/858 988/300/863
f 984/296/859 988/300/863 983/295/858
f 988/300/863 986/298/861 989/301/864
f 990/302/865 986/298/861 987/299/862
f 990/302/865 989/301/864 986/298/861
f 991/303/866 985/297/860 978/290/854
f 992/304/867 985/297/860 991/303/866
f 992/304/867 993/305/868 985/297/860
f 985/297/860 993/305/868 987/299/862
f 987/299/862 993/305/868 994/306/869
f 995/307/870 992/304/867 991/303/866
f 995/307/870 991/303/866 996/308/871
f 996/308/871 997/309/872 995/307/870
f 996/308/871 998/310/873 997/309/872
f 999/311/874 998/310/873 996/308/871
f 999/311/874 1000/312/875 998/310/873
f 993/305/868 992/304/867 1001/313/876
f 993/305/868 1001/313/876 1002/314/877
f 1001/313/876 992/304/867 1003/315/878
f 1003/315/878 992/304/867 995/307/870
f 1003/315/878 995/307/870 1004/316/879
f 997/309/872 1004/316/879 995/307/870
f 1003/315/878 1004/316/879 1005/317/880
f 996/308/871 970/280/846 999/311/874
f 996/308/871 991/303/866 970/280/846
f 991/303/866 978/290/854 970/280/846
f 970/280/846 1006/318/881 999/311/874
f 1006/318/881 1000/312/875 999/311/874
f 973/285/849 1000/312/875 1006/318/881
f 973/285/849 1006/318/881 970/280/846
f 977/289/853 1000/312/875 973/285/849
f 1007/319/882 1008/321/883 1009/320/884
f 1009/320/884 1008/321/883 1010/322/885
f 1009/320/884 1010/322/885 1011/323/886
f 1011/323/886 1010/322/885 1012/324/887
f 1011/323/886 1012/324/887 1013/325/888
f 1014/326/889 1012/324/887 1010/322/885
f 1015/327/890 1012/324/887 1014/326/889
f 1014/326/889 1010/322/885 1016/328/891
f 1008/321/883 1016/328/891 1010/322/885
f 1017/329/892 1011/323/886 1013/325/888
f 1018/330/893 1011/323/886 1017/329/892
f 1018/330/893 1009/320/884 1011/323/886
f 1017/329/892 1019/331/894 1018/330/893
f 1017/329/892 1020/332/895 1019/331/894
f 1020/332/895 1021/333/896 1019/331/894
f 1020/332/895 1022/334/897 1021/333/896
f 1023/335/898 1022/334/897 1020/332/895
f 1023/335/898 1024/336/899 1022/334/897
f 1025/337/900 1023/335/898 1020/332/895
f 1025/337/900 1020/332/895 1017/329/892
f 1017/329/892 1013/325/888 1025/337/900
f 1025/337/900 1026/338/901 1023/335/898
f 1026/338/901 1024/336/899 1023/335/898
f 1025/337/900 1027/339/902 1026/338/901
f 1013/325/888 1027/339/902 1025/337/900
f 1026/338/901 1028/340/903 1024/336/899
f 1013/325/888 1029/341/904 1027/339/902
f 1019/331/894 1021/333/896 1030/344/905
f 1019/331/894 1030/344/905 1031/345/906
f 1019/331/894 1032/346/907 1018/330/893
f 1019/331/894 1031/345/906 1032/346/907
f 1033/347/908 1031/345/906 1030/344/905
f 1032/346/907 1031/345/906 1033/347/908
f 1018/330/893 1032/346/907 1009/320/884
f 1009/320/884 1032/346/907 1034/348/909
f 1009/320/884 1034/348/909 1035/319/910
f 1032/346/907 1036/347/911 1034/348/909
f 1037/342/912 1027/339/913 1038/341/914
f 1037/342/912 1038/341/914 1039/343/915
f 1029/341/904 1012/324/887 1040/349/916
f 1029/341/904 1013/325/888 1012/324/887
f 1041/349/917 1012/324/887 1015/327/890
f 1042/349/918 1015/327/919 1043/350/920
f 1044/351/921 1045/353/922 1046/352/923
f 1044/351/921 1046/352/923 1047/354/924
f 1047/354/924 1046/352/923 1048/355/925
f 1045/353/922 1044/351/921 1049/356/926
f 1045/353/922 1049/356/926 1050/357/927
f 1046/352/923 1045/353/922 1051/358/928
f 1046/352/923 1051/358/928 1052/361/929
f 1053/360/930 1046/352/923 1052/361/929
f 1046/352/923 1054/359/931 1048/355/925
f 1046/352/923 1053/360/930 1054/359/931
f 1055/372/932 1051/358/928 1045/353/922
f 1055/372/932 1045/353/922 1050/357/927
f 1056/370/933 1051/358/928 1055/372/932
f 1057/363/934 1055/372/932 1050/357/927
f 1055/372/932 1057/363/934 1058/370/935
f 1057/363/934 1050/357/927 1059/362/936
f 1049/356/926 1059/362/936 1050/357/927
f 1057/363/934 1059/362/936 1060/364/598
f 1061/365/937 1060/364/598 1059/362/936
f 1061/365/937 1059/362/936 1049/356/926
f 1062/366/938 1057/363/934 1060/364/598
f 1062/366/938 1063/367/939 1057/363/934
f 1057/363/934 1063/367/939 1064/368/940
f 1057/363/934 1064/368/940 1058/370/935
f 1064/368/940 1063/367/939 1065/369/941
f 1066/370/942 1064/368/940 1065/369/941
f 1067/371/943 1063/367/939 1062/366/938
f 1068/371/944 1065/369/941 1063/367/939
f 1061/365/937 1049/356/926 1069/374/945
f 1061/365/937 1069/374/945 1070/373/946
f 1070/373/946 1069/374/945 1071/375/947
f 1070/373/946 1071/375/947 1072/376/948
f 1072/376/948 1071/375/947 1073/377/949
f 1074/378/950 1073/377/949 1071/375/947
f 1073/377/949 1074/378/950 1075/379/951
f 1073/377/949 1075/379/951 1076/380/952
f 1077/381/953 1073/377/949 1076/380/952
f 1073/377/949 1077/381/953 1078/382/954
f 1072/376/948 1073/377/949 1078/382/954
f 1044/351/921 1069/374/945 1049/356/926
f 1044/351/921 1079/383/955 1069/374/945
f 1080/384/956 1071/375/947 1069/374/945
f 1080/384/956 1069/374/945 1079/383/955
f 1080/384/956 1079/383/955 1081/385/957
f 1044/351/921 1081/385/957 1079/383/955
f 1080/384/956 1081/385/957 1082/386/958
f 1082/386/958 1081/385/957 1083/387/959
f 1083/387/959 1084/388/960 1082/386/958
f 1084/388/960 1080/384/956 1082/386/958
f 1083/387/959 1085/389/961 1084/388/960
f 1084/388/960 1085/389/961 1086/390/962
f 1084/388/960 1086/390/962 1087/391/963
f 1087/391/963 1088/392/964 1084/388/960
f 1087/391/963 1089/393/965 1088/392/964
f 1044/351/921 1047/354/924 1081/385/957
f 1084/388/960 1090/394/966 1080/384/956
f 1084/388/960 1088/392/964 1090/394/966
f 1047/354/924 1091/395/967 1081/385/957
f 1081/385/957 1091/395/967 1083/387/959
f 1092/396/968 1093/398/969 1094/397/970
f 1095/399/971 1093/398/969 1092/396/968
f 1093/398/969 1095/399/971 1096/400/972
f 1093/398/969 1096/400/972 1097/401/973
f 1096/400/972 1098/402/974 1097/401/973
f 1097/401/973 1098/402/974 1099/403/975
f 1100/404/976 1093/398/969 1097/401/973
f 1093/398/969 1100/404/976 1101/405/977
f 1097/401/973 1102/406/978 1100/404/976
f 1097/401/973 1099/403/975 1102/406/978
f 1102/406/978 1099/403/975 1103/407/979
f 1104/408/980 1098/402/974 1096/400/972
f 1104/408/980 1105/409/981 1098/402/974
f 1106/410/982 1105/409/981 1104/408/980
f 1106/410/982 1107/411/983 1105/409/981
f 1108/412/984 1107/411/983 1106/410/982
f 1108/412/984 1109/413/985 1107/411/983
f 1102/406/978 1110/414/986 1100/404/976
f 1102/406/978 1111/415/987 1110/414/986
f 1111/415/987 1112/416/988 1110/414/986
f 1111/415/987 1113/417/989 1112/416/988
f 1112/416/988 1113/417/989 1114/418/990
f 1115/419/991 1112/416/988 1114/418/990
f 1116/420/992 1112/416/988 1115/419/991
f 1110/414/986 1112/416/988 1116/420/992
f 1114/418/990 1113/417/989 1117/421/993
f 1110/414/986 1116/420/992 1118/422/994
f 1119/423/995 1116/420/996 1120/424/997
f 1121/425/998 1119/423/995 1120/424/997
f 1121/425/998 1120/424/997 1122/426/999
f 1123/427/1000 1121/425/998 1122/426/999
f 1124/428/1001 1121/425/998 1123/427/1000
f 1121/425/998 1124/428/1001 1119/423/995
f 1124/428/1001 1123/427/1000 1125/429/1002
f 1123/427/1000 1122/426/999 1126/430/1003
f 1125/429/1002 1127/431/1004 1124/428/1001
f 1124/428/1001 1127/431/1004 1128/432/1005
f 1124/428/1001 1128/432/1005 1129/433/1006
f 1119/423/995 1124/428/1001 1129/433/1006
f 1129/433/1006 1130/422/1007 1119/423/995
f 1131/405/977 1130/422/1007 1129/433/1006
f 1128/432/1005 1131/405/977 1129/433/1006
f 1123/427/1000 1126/430/1003 1132/434/1008
f 1123/427/1000 1132/434/1008 1133/435/987
f 1134/429/1009 1123/427/1000 1133/435/987
f 1134/429/1009 1133/435/987 1135/436/978
f 1094/397/1010 1131/405/977 1128/432/1005
f 1128/432/1005 1127/431/1004 1136/437/1011
f 1137/438/1012 1136/437/1011 1127/431/1004
f 1137/438/1012 1127/431/1004 1138/439/1013
f 1139/429/1014 1138/439/1013 1127/431/1004
f 1140/440/1015 1138/439/1013 1139/429/1014
f 1138/439/1013 1140/440/1015 1141/441/1016
f 1138/439/1013 1141/441/1016 1142/442/1017
f 1138/439/1013 1142/442/1017 1143/443/1018
f 1137/438/1012 1138/439/1013 1143/443/1018
f 1144/444/1019 1143/443/1018 1142/442/1017
f 1143/443/1018 1144/444/1019 1145/445/1020
f 1143/443/1018 1145/445/1020 1146/446/1021
f 1147/447/971 1143/443/1018 1146/446/1021
f 1145/445/1020 1147/447/971 1146/446/1021
f 1145/445/1020 1148/448/1022 1147/447/971
f 1144/444/1019 1142/442/1017 1149/449/1023
f 1145/445/1020 1144/444/1019 1150/450/1024
f 1145/445/1020 1150/450/1024 1151/451/1025
f 1148/448/1022 1145/445/1020 1151/451/1025
f 1151/451/1025 1150/450/1024 1152/452/1026
f 1151/451/1025 1152/452/1026 1153/453/1027
f 1148/448/1022 1151/451/1025 1154/454/1028
f 1154/454/1028 1151/451/1025 1153/453/1027
f 1154/454/1028 1153/453/1027 1155/455/1029
f 1156/456/1030 1152/452/1026 1150/450/1024
f 1156/456/1030 1150/450/1024 1157/457/1031
f 1157/457/1031 1150/450/1024 1144/444/1019
f 1157/457/1031 1144/444/1019 1149/449/1023
f 1137/438/1012 1143/443/1018 1158/458/1032
f 1159/459/1033 1160/461/1034 1161/460/1035
f 1159/459/1033 1162/462/1036 1160/461/1034
f 1139/429/1014 1159/459/1033 1161/460/1035
f 1139/429/1014 1161/460/1035 1140/440/1015
f 1161/460/1035 1160/461/1034 1163/463/1037
f 1161/460/1035 1163/463/1037 1164/464/1038
f 1140/440/1015 1161/460/1035 1164/464/1038
f 1140/440/1015 1164/464/1038 1141/441/1016
f 1159/459/1033 1165/465/1039 1162/462/1036
f 1159/459/1033 1166/466/1040 1165/465/1039
f 1167/429/1009 1166/466/1040 1159/459/1033
f 1167/429/1009 1168/436/1041 1166/466/1040
f 1169/422/1042 1170/420/1043 1119/423/1044
f 1100/404/976 1118/422/1007 1101/405/977
f 1100/404/976 1110/414/986 1171/422/1007
f 1172/467/1045 1173/469/1046 1174/468/1047
f 1172/467/1045 1175/470/1034 1173/469/1046
f 1176/471/1048 1172/467/1045 1174/468/1047
f 1176/471/1048 1174/468/1047 1177/472/1049
f 1102/406/978 1176/471/1048 1177/472/1049
f 1103/407/979 1176/471/1048 1102/406/978
f 1094/397/970 1093/398/969 1178/405/1050
f 1094/397/1010 1128/432/1005 1179/473/1051
f 1128/432/1005 1136/437/1011 1179/473/1051
f 1180/397/1052 1179/473/1053 1181/474/1054
f 1182/475/1055 1180/397/1052 1181/474/1054
f 1182/475/1055 1092/396/1056 1180/397/1052
f 1183/476/1057 1008/321/883 1184/319/910
f 1183/476/1057 1185/477/1058 1008/321/883
f 1185/477/1058 1016/328/891 1008/321/883
f 1186/478/1059 1187/481/1060 1188/480/1061
f 1186/478/1059 1188/480/1061 1189/479/1062
f 1189/479/1062 1188/480/1061 1190/482/1063
f 1189/479/1062 1190/482/1063 1191/483/1064
f 1188/480/1061 1187/481/1060 1192/484/1065
f 1187/481/1060 1193/485/1066 1192/484/1065
f 1188/480/1061 1192/484/1065 1194/486/1067
f 1188/480/1061 1195/487/1068 1190/482/1063
f 1188/480/1061 1194/486/1067 1195/487/1068
f 1196/488/1069 1195/487/1068 1194/486/1067
f 1190/482/1063 1195/487/1068 1196/488/1069
f 1196/488/1069 1194/486/1067 1197/489/1070
f 1190/482/1063 1196/488/1069 1198/490/1071
f 1199/483/1072 1190/482/1063 1198/490/1071
f 1199/483/1072 1198/490/1071 1200/491/1073
f 1200/491/1073 1198/490/1071 1201/492/1074
f 1200/491/1073 1201/492/1074 1202/493/1075
f 1201/492/1074 1198/490/1071 1203/494/1076
f 1198/490/1071 1196/488/1069 1204/495/1077
f 1204/495/1077 1205/496/1078 1198/490/1071
f 1196/488/1069 1205/496/1078 1204/495/1077
f 1196/488/1069 1197/489/1070 1205/496/1078
f 1198/490/1071 1205/496/1078 1203/494/1076
f 1201/492/1079 1206/494/1080 1207/497/1081
f 1208/498/1082 1209/496/1083 1210/499/1084
f 1211/500/1085 1209/496/1083 1208/498/1082
f 1211/500/1085 1212/494/1076 1209/496/1083
f 1213/501/1081 1212/494/1076 1211/500/1085
f 910/525/793 1214/527/1086 1215/535/1087
f 1215/535/1087 1216/534/1088 910/525/793
f 1217/538/1089 1216/534/1088 1215/535/1087
f 1218/539/1090 1216/534/1088 1217/538/1089
f 910/525/793 1216/534/1088 912/504/795
f 1214/527/1091 907/526/1092 1219/536/1093
f 1219/536/1093 907/526/1092 1220/537/1094
f 1221/537/1095 907/526/1096 1222/533/1097
f 1223/533/1098 907/526/789 896/532/791
f 1224/347/908 1030/344/1099 1225/547/1100
f 1226/548/1101 1227/550/1102 1228/549/1103
f 1228/549/1103 1227/550/1102 1229/551/1104
f 1230/552/836 1231/554/1105 1232/553/1106
f 1232/553/1106 1231/554/1105 1233/549/1107
f 1234/548/1108 1233/549/1107 1231/554/1105
f 1235/555/1109 987/299/862 1236/556/1110
f 990/302/865 987/299/862 1235/555/1109
f 1236/556/1110 987/299/862 994/306/869
