# Blender 5.1.2
# www.blender.org
mtllib monstro0005.mtl
o Object_33
v 4.565014 -132.905014 81.523972
v 4.338254 -132.559113 81.425369
v 6.325670 -132.440353 81.552483
v 6.325670 -132.918106 81.552483
v 7.102668 -132.467285 81.580780
v 7.102668 -132.936066 81.580780
v 4.604606 -132.289001 81.881615
v 5.673593 -132.345871 81.938492
v 7.098910 -132.480667 81.850616
v 7.098910 -132.718765 81.968033
v 5.673593 -132.678268 82.065178
v 4.188889 -132.890106 81.536995
v 7.098910 -132.925232 81.850616
v 5.354472 -133.015778 81.832832
v 7.098910 -132.718765 81.968033
v 5.673593 -132.678268 82.065178
v 4.604605 -132.949631 81.941986
v 4.228481 -132.949234 81.966881
v 2.392396 -133.100464 81.685524
v 3.052271 -133.067551 82.195854
v 1.939022 -133.067551 82.412827
v 4.416542 -132.597885 82.148407
v 3.241556 -132.678268 82.294983
v 2.372585 -132.678268 82.496277
v 2.392396 -132.244522 81.606728
v 1.900582 -132.319397 81.549591
v 1.900582 -133.096832 81.549591
v 1.605497 -133.076324 82.409904
v 1.939022 -132.346130 82.464088
v 3.052271 -132.289001 82.107231
v 2.372585 -132.678268 82.496277
v 3.241556 -132.678268 82.294983
v 4.151087 -132.272736 81.893082
v 4.416542 -132.597885 82.148407
v 1.633513 -132.371201 81.323006
v 1.526906 -133.167282 81.323006
v 1.605497 -132.325760 82.426895
v 1.942397 -132.678268 82.536102
v 1.607806 -132.678268 82.516968
v 4.379998 -132.272202 81.886894
v 0.619154 -132.449768 68.875793
v 0.414365 -132.308167 71.593933
v 0.935154 -132.266754 71.382149
v 0.993650 -132.513153 73.058838
v 0.487022 -132.523544 72.977684
v 0.994998 -132.511032 73.598366
v 0.464458 -132.539154 73.509979
v 1.172612 -133.127411 73.350433
v 1.172613 -133.171326 73.623421
v 1.172612 -133.095306 73.087509
v 0.308060 -133.138672 73.254631
v 0.308060 -133.095306 72.949013
v 0.740336 -133.327408 73.018265
v 0.740336 -133.369629 73.285431
v 1.172612 -133.095306 73.087509
v 1.172612 -133.127411 73.350433
v 0.740337 -133.412094 73.554169
v 1.172613 -133.171326 73.623421
v 0.308061 -133.171326 73.484924
v 0.830301 -133.629517 76.088402
v 0.306055 -133.237137 76.277496
v 1.230235 -133.237137 76.416039
v 0.334208 -132.405548 76.120567
v 0.012404 -133.560760 76.376801
v 0.012404 -132.527084 76.250900
v 1.165215 -132.951279 71.227577
v 0.715179 -133.245193 71.333466
v 0.333095 -132.951279 71.439354
v 0.619154 -133.154327 68.875793
v 0.372845 -132.879669 68.875793
v 0.619154 -132.449768 68.875793
v 0.619154 -133.154327 68.875793
v 1.294992 -132.310837 76.166573
v 1.294992 -132.310837 76.166573
v 1.294992 -132.310837 76.166573
v 1.230235 -133.237137 76.416039
v 0.968926 -133.528076 78.856369
v 0.846803 -133.735321 77.065964
v 1.250908 -133.261337 77.246635
v 0.012404 -134.118225 78.877609
v 0.012404 -133.861694 76.941177
v 1.115779 -132.679794 78.887535
v 1.245259 -132.425232 77.246635
v 1.230235 -133.237137 76.416039
v 0.012404 -133.560760 76.376801
v 0.306055 -133.237137 76.277496
v 0.830301 -133.629517 76.088402
v 0.760325 -132.216232 77.589539
v 0.831511 -132.105301 77.072639
v 0.012404 -132.278580 77.794662
v 0.012404 -132.310715 78.877609
v 0.012404 -132.254700 76.695053
v 0.193570 -132.208344 76.437347
v 0.899084 -132.132019 76.541748
v 0.334208 -132.405548 76.120567
v 1.294992 -132.310837 76.166573
v 0.012404 -132.527084 76.250900
v 0.012404 -132.527084 76.250900
v 1.280284 -132.421356 77.007362
v 1.294992 -132.310837 76.166573
v 1.294992 -132.310837 76.166573
v 0.012404 -132.197815 79.766899
v 1.178962 -132.571777 79.716705
v 1.633513 -132.371201 81.323006
v 0.012404 -131.796722 81.336067
v 0.966596 -132.178238 82.548309
v 1.605497 -132.325760 82.426895
v 1.607806 -132.678268 82.516968
v 0.957743 -132.678268 82.564018
v 0.467534 -132.733658 82.711540
v 0.012404 -132.288986 82.641838
v 1.050097 -133.475220 79.716705
v 1.526906 -133.167282 81.323006
v 0.542687 -133.922379 79.783081
v 0.871952 -133.728806 81.226639
v 0.012404 -133.906128 81.418457
v 0.966596 -133.067551 82.416367
v 0.012404 -133.111694 82.547127
v 0.467534 -132.733658 82.711540
v 0.957743 -132.678268 82.564018
v 1.605497 -133.076324 82.409904
v 1.607806 -132.678268 82.516968
v 1.900582 -133.096832 81.549591
v 0.012404 -134.090424 79.786514
v 7.304121 -132.976486 81.539520
v 7.304121 -132.432266 81.539520
v 7.452557 -132.662125 81.548004
v 7.471015 -132.844849 81.398323
v 7.696621 -132.936188 81.390800
v 7.722791 -132.771652 81.550415
v 7.814222 -132.987167 81.503250
v 7.732298 -133.018936 81.643456
v 7.998094 -132.651062 81.764587
v 7.924614 -132.317245 81.640755
v 8.008974 -132.868790 81.784622
v 8.016235 -133.040833 81.797997
v 7.952839 -132.976318 81.351234
v 7.976388 -133.031403 81.470039
v 8.094219 -132.966843 81.358345
v 8.104343 -133.019913 81.451134
v 8.187252 -133.033829 81.308746
v 8.197563 -133.087860 81.403229
v 8.153023 -132.647873 81.636078
v 8.201752 -132.844437 81.635910
v 8.200872 -132.660660 81.448280
v 8.219378 -132.841660 81.454140
v 8.336580 -132.645706 81.376869
v 8.252338 -132.421677 81.386719
v 8.151924 -132.412354 81.434792
v 8.352680 -132.813370 81.379700
v 8.087557 -132.318771 81.625534
v 8.194149 -132.314926 81.691910
v 8.252338 -132.421677 81.386719
v 8.348555 -132.648483 81.680092
v 8.336580 -132.645706 81.376869
v 8.341963 -132.848007 81.679138
v 8.046482 -132.672836 81.948761
v 8.044224 -132.872360 81.942497
v 8.352680 -132.813370 81.379700
v 7.304121 -132.709824 81.981804
v 7.304121 -132.432266 81.840729
v 7.963366 -132.302612 81.818100
v 8.087557 -132.318771 81.625534
v 7.924614 -132.317245 81.640755
v 8.219378 -132.841660 81.454140
v 8.201752 -132.844437 81.635910
v 8.044224 -132.872360 81.942497
v 8.008974 -132.868790 81.784622
v 7.098910 -132.718765 81.968033
v 7.098910 -132.925232 81.850616
v 7.304121 -132.976486 81.828369
v 8.044224 -132.872360 81.942497
v 8.042400 -133.033569 81.937431
v 8.016235 -133.040833 81.797997
v 7.732298 -133.018936 81.643456
v 7.304121 -132.976486 81.539520
v 7.704122 -133.117828 81.460487
v 7.670760 -133.044693 81.334610
v 7.422751 -132.983292 81.389915
v 7.471015 -132.844849 81.398323
v 7.696621 -132.936188 81.390800
v 7.814222 -132.987167 81.503250
v 7.961060 -133.152039 81.418671
v 7.930259 -133.077530 81.288940
v 8.197563 -133.087860 81.403229
v 8.187252 -133.033829 81.308746
v 7.952839 -132.976318 81.351234
v 8.094219 -132.966843 81.358345
v 8.104343 -133.019913 81.451134
v 7.976388 -133.031403 81.470039
v 7.102668 -132.936066 81.580780
v 8.393637 -132.844879 81.783943
v 8.388773 -133.006104 81.781639
v 8.486700 -132.989838 81.489441
v 8.490694 -132.861145 81.487854
v 8.346937 -133.003601 81.520737
v 8.271900 -133.013351 81.701218
v 8.335295 -132.851074 81.527557
v 8.257322 -132.841324 81.696854
v 8.044224 -132.872360 81.942497
v 8.008974 -132.868790 81.784622
v 8.087557 -132.318771 81.625534
v 8.151924 -132.412354 81.434792
v 8.087557 -132.318771 81.625534
v 8.346937 -133.003601 81.520737
v 8.335295 -132.851074 81.527557
v 8.490694 -132.861145 81.487854
v 8.486700 -132.989838 81.489441
v 8.271900 -133.013351 81.701218
v 8.257322 -132.841324 81.696854
v 7.924614 -132.317245 81.640755
v 7.098910 -132.480667 81.850616
v 7.304121 -132.432266 81.539520
v 7.102668 -132.467285 81.580780
v 7.102668 -132.936066 81.580780
v 0.881024 -132.879669 68.875793
v 0.619154 -132.449768 68.875793
v 1.165215 -132.951279 71.227577
v 0.619154 -132.449768 68.875793
v 0.881024 -132.879669 68.875793
v 0.881024 -132.879669 68.505905
v 0.619154 -132.449768 68.505905
v 0.619154 -133.228241 68.523651
v 0.619154 -133.154327 68.875793
v 0.905084 -132.523376 67.862648
v 0.619154 -132.354263 67.868217
v 1.063068 -134.537628 67.862648
v 0.780535 -134.328842 68.173485
v 0.426572 -134.625900 68.047722
v 0.394534 -134.811234 67.910217
v 0.357284 -132.879669 68.505905
v 0.619154 -133.154327 68.875793
v 0.372845 -132.879669 68.875793
v 0.619154 -132.449768 68.505905
v 0.619154 -132.449768 68.875793
v 0.336893 -132.543274 67.862648
v 0.265768 -134.507355 68.073181
v 0.130052 -134.634689 67.862648
v 0.619154 -132.354263 67.868217
v 0.336893 -132.543274 67.862648
v 1.063068 -134.537628 67.862648
v 0.394534 -134.811234 67.910217
v 0.130052 -134.634689 67.862648
v 0.905084 -132.523376 67.862648
v 0.336893 -132.543274 67.862648
v 0.619154 -132.354263 67.868217
v 0.405199 -133.561996 83.966873
v 0.310331 -133.536453 83.667122
v 0.704464 -133.208313 83.822868
v 0.152816 -133.639984 83.902161
v 0.012404 -133.697296 83.667122
v 0.012404 -133.636566 83.628479
v 0.012404 -133.675201 83.821686
v 0.012404 -133.802536 83.920486
v 0.599341 -133.406342 84.225418
v 0.780101 -133.212219 84.501984
v 0.081631 -133.638153 84.178062
v 0.012404 -133.712006 84.108688
v 0.012404 -133.653183 84.311424
v 0.344696 -133.614853 84.239166
v 0.372842 -133.648376 84.430214
v 0.012404 -133.688522 84.457870
v 0.012404 -133.677429 84.637306
v 0.372842 -133.629730 84.653969
v 0.012404 -133.404358 85.181091
v 0.644279 -133.357361 84.980812
v 0.668668 -132.680145 85.130341
v 0.829423 -132.693283 84.495117
v 0.676726 -132.778183 83.826881
v 0.350000 -133.358963 83.234306
v 0.458957 -132.767426 83.215637
v 0.012404 -133.099030 83.176239
v 0.674152 -132.173843 84.400513
v 0.012404 -131.828552 84.815338
v 0.012404 -131.939865 83.860649
v 0.644992 -132.369202 83.821320
v 0.012404 -132.351837 83.319336
v 0.012404 -132.351837 83.319336
v 0.012404 -132.288986 82.641838
v 0.271007 -133.516525 83.574463
v 0.012404 -133.580765 83.166397
v 0.012404 -133.099030 83.176239
v 0.012404 -133.111694 82.547127
v 0.467534 -132.733658 82.711540
v 0.012404 -133.640717 83.473259
v 0.012404 -133.613129 83.542259
v 0.467534 -132.733658 82.711540
v 0.012404 -132.288986 82.641838
v -0.434149 -132.767426 83.215637
v -0.620183 -132.369202 83.821320
v -0.651917 -132.778183 83.826881
v -0.325192 -133.358963 83.234306
v 0.012404 -133.099030 83.176239
v -0.679655 -133.208313 83.822868
v -0.804614 -132.693283 84.495117
v -0.755293 -133.212219 84.501984
v -0.574532 -133.406342 84.225418
v -0.380390 -133.561996 83.966873
v -0.285523 -133.536453 83.667122
v -0.128008 -133.639984 83.902161
v 0.012404 -133.697296 83.667122
v 0.012404 -133.636566 83.628479
v 0.012404 -133.675201 83.821686
v 0.012404 -133.802536 83.920486
v -0.056822 -133.638153 84.178062
v 0.012404 -133.712006 84.108688
v 0.012404 -133.653183 84.311424
v -0.319888 -133.614853 84.239166
v -0.348034 -133.648376 84.430214
v 0.012404 -133.688522 84.457870
v 0.012404 -133.677429 84.637306
v -0.348034 -133.629730 84.653969
v -0.619471 -133.357361 84.980812
v -0.643859 -132.680145 85.130341
v -0.649343 -132.173843 84.400513
v 0.012404 -131.828552 84.815338
v 0.012404 -131.939865 83.860649
v 0.012404 -132.351837 83.319336
v -0.322313 -133.379333 85.102745
v -0.459236 -132.805405 85.302948
v -0.643859 -132.680145 85.130341
v 0.012404 -132.245300 85.295799
v 0.012404 -131.828552 84.815338
v 0.012404 -133.404358 85.181091
v 0.012404 -132.919510 85.405190
v 0.012404 -132.245300 85.295799
v 0.012404 -132.245300 85.295799
v 0.668668 -132.680145 85.130341
v 0.484045 -132.805405 85.302948
v 0.347122 -133.379333 85.102745
v 0.012404 -132.919510 85.405190
v 0.012404 -132.245300 85.295799
v 0.012404 -133.802536 83.920486
v 0.012404 -133.805237 83.956894
v 0.012404 -133.712006 84.108688
v 0.619154 -133.154327 68.875793
v 0.881024 -132.879669 68.875793
v 0.012404 -132.676636 83.603111
v 0.704464 -133.208313 83.822868
v 0.012404 -133.636566 83.628479
v 0.310331 -133.536453 83.667122
v 0.012404 -133.613129 83.542259
v 0.271007 -133.516525 83.574463
v 0.012404 -133.422791 83.322845
v 0.704464 -133.208313 83.822868
v 0.012404 -132.676636 83.603111
v 1.942397 -132.678268 82.536102
v 1.607806 -132.678268 82.516968
v -4.540206 -132.904984 81.523941
v -6.300860 -132.918076 81.552452
v -6.300860 -132.440323 81.552452
v -4.313445 -132.559067 81.425354
v -7.077860 -132.467255 81.580750
v -7.077861 -132.936035 81.580750
v -4.579795 -132.288956 81.881599
v -5.648786 -132.345840 81.938461
v -7.074100 -132.480637 81.850586
v -7.074100 -132.718735 81.968002
v -5.648786 -132.678238 82.065147
v -4.164080 -132.890076 81.536972
v -7.074100 -132.925201 81.850586
v -5.329665 -133.015747 81.832802
v -7.074100 -132.718735 81.968002
v -5.648786 -132.678238 82.065147
v -4.579799 -132.949600 81.941956
v -4.203672 -132.949203 81.966858
v -2.367586 -133.100433 81.685501
v -3.027462 -133.067520 82.195831
v -1.914213 -133.067520 82.412804
v -4.391735 -132.597839 82.148392
v -3.216747 -132.678238 82.294952
v -2.347774 -132.678238 82.496254
v -2.367586 -132.244492 81.606705
v -1.875772 -132.319366 81.549568
v -1.875772 -133.096802 81.549568
v -1.580689 -133.076309 82.409889
v -1.914213 -132.346100 82.464066
v -3.027462 -132.288971 82.107208
v -2.347774 -132.678238 82.496254
v -3.216747 -132.678238 82.294952
v -4.126278 -132.272705 81.893059
v -4.391735 -132.597839 82.148392
v -1.608704 -132.371185 81.322998
v -1.502098 -133.167267 81.322998
v -1.580689 -132.325745 82.426880
v -1.917587 -132.678238 82.536079
v -1.582998 -132.678253 82.516953
v -4.355187 -132.272156 81.886879
v -0.594346 -132.449753 68.875793
v -0.910346 -132.266739 71.382149
v -0.389556 -132.308151 71.593925
v -0.968841 -132.513138 73.058838
v -0.462213 -132.523529 72.977684
v -0.970189 -132.511002 73.598358
v -0.439649 -132.539124 73.509972
v -1.147803 -133.127396 73.350426
v -1.147804 -133.171295 73.623413
v -1.147803 -133.095291 73.087509
v -0.283251 -133.138657 73.254623
v -0.283252 -133.095291 72.949013
v -0.715527 -133.327393 73.018265
v -0.715527 -133.369614 73.285423
v -1.147803 -133.095291 73.087509
v -1.147803 -133.127396 73.350426
v -0.715528 -133.412064 73.554161
v -1.147804 -133.171295 73.623413
v -0.283251 -133.171295 73.484917
v -0.805492 -133.629486 76.088394
v -0.281246 -133.237106 76.277489
v -1.205426 -133.237106 76.416031
v -0.309400 -132.405533 76.120560
v -1.140407 -132.951263 71.227577
v -0.690371 -133.245178 71.333466
v -0.308287 -132.951263 71.439354
v -0.594346 -133.154312 68.875793
v -0.348036 -132.879654 68.875793
v -0.594346 -132.449753 68.875793
v -0.594346 -133.154312 68.875793
v 0.012404 -133.560760 76.376801
v -0.309400 -132.405533 76.120560
v 0.012404 -132.527084 76.250900
v -1.270182 -132.393051 76.156235
v -1.270182 -132.393051 76.156235
v -1.270182 -132.393051 76.156235
v -1.205426 -133.237106 76.416031
v -0.944117 -133.528076 78.856369
v -1.226099 -133.261337 77.246635
v -0.821995 -133.735321 77.065964
v 0.012404 -134.118225 78.877609
v 0.012404 -133.861694 76.941177
v -1.090970 -132.679794 78.887535
v -1.220450 -132.425232 77.246635
v -1.205426 -133.237106 76.416031
v -0.805492 -133.629486 76.088394
v -0.281246 -133.237106 76.277489
v 0.012404 -133.560760 76.376801
v -1.259399 -132.421356 77.014854
v -1.270182 -132.393051 76.156235
v -0.806702 -132.105301 77.072639
v -1.270182 -132.393051 76.156235
v -0.735517 -132.216232 77.589539
v 0.012404 -132.278580 77.794662
v 0.012404 -132.310715 78.877609
v 0.012404 -132.254700 76.695053
v -0.168761 -132.208344 76.437347
v -0.874276 -132.132019 76.541748
v -0.309400 -132.405533 76.120560
v -1.270182 -132.393051 76.156235
v 0.012404 -132.527084 76.250900
v 0.012404 -132.527084 76.250900
v -1.154153 -132.571777 79.716705
v 0.012404 -132.197815 79.766899
v -1.608704 -132.371185 81.322998
v 0.012404 -131.796722 81.336067
v -0.941788 -132.178223 82.548302
v -1.580689 -132.325745 82.426880
v -1.582998 -132.678253 82.516953
v -0.932935 -132.678253 82.564003
v -0.442726 -132.733658 82.711540
v 0.012404 -132.288986 82.641838
v -1.025290 -133.475220 79.716705
v -1.502098 -133.167267 81.322998
v -0.517879 -133.922379 79.783081
v -0.847144 -133.728790 81.226631
v 0.012404 -133.906128 81.418457
v -0.941788 -133.067535 82.416359
v 0.012404 -133.111694 82.547127
v -0.442726 -132.733658 82.711540
v -0.932935 -132.678253 82.564003
v -1.580689 -133.076309 82.409889
v -1.582998 -132.678253 82.516953
v -1.875772 -133.096802 81.549568
v 0.012404 -134.090424 79.786514
v -7.279314 -132.976471 81.539482
v -7.427750 -132.662109 81.547966
v -7.279313 -132.432251 81.539482
v -7.446208 -132.844833 81.398285
v -7.671814 -132.936172 81.390762
v -7.697984 -132.771637 81.550377
v -7.789415 -132.987152 81.503204
v -7.707491 -133.018921 81.643417
v -7.973287 -132.651047 81.764542
v -7.899807 -132.317230 81.640717
v -7.984167 -132.868774 81.784584
v -7.991427 -133.040817 81.797958
v -7.928032 -132.976303 81.351196
v -7.951581 -133.031387 81.470001
v -8.069410 -132.966827 81.358307
v -8.079535 -133.019897 81.451096
v -8.162444 -133.033813 81.308708
v -8.172755 -133.087845 81.403191
v -8.128216 -132.647858 81.636040
v -8.176944 -132.844421 81.635872
v -8.176064 -132.660645 81.448242
v -8.194570 -132.841644 81.454102
v -8.311772 -132.645691 81.376831
v -8.227530 -132.421661 81.386681
v -8.127116 -132.412338 81.434753
v -8.327873 -132.813354 81.379662
v -8.062750 -132.318756 81.625496
v -8.169342 -132.314911 81.691872
v -8.227530 -132.421661 81.386681
v -8.323747 -132.648468 81.680054
v -8.311772 -132.645691 81.376831
v -8.317156 -132.847992 81.679100
v -8.021675 -132.672821 81.948723
v -8.019417 -132.872345 81.942459
v -8.327873 -132.813354 81.379662
v -7.279314 -132.709808 81.981766
v -7.279313 -132.432251 81.840691
v -7.938558 -132.302597 81.818062
v -8.062750 -132.318756 81.625496
v -7.899807 -132.317230 81.640717
v -8.194570 -132.841644 81.454102
v -8.176944 -132.844421 81.635872
v -8.019417 -132.872345 81.942459
v -7.984167 -132.868774 81.784584
v -7.074100 -132.718735 81.968002
v -7.074100 -132.925201 81.850586
v -7.279314 -132.976471 81.828331
v -8.019417 -132.872345 81.942459
v -8.017591 -133.033554 81.937393
v -7.991427 -133.040817 81.797958
v -7.707491 -133.018921 81.643417
v -7.279314 -132.976471 81.539482
v -7.679315 -133.117813 81.460449
v -7.645953 -133.044678 81.334572
v -7.397944 -132.983276 81.389877
v -7.446208 -132.844833 81.398285
v -7.671814 -132.936172 81.390762
v -7.789415 -132.987152 81.503204
v -7.936253 -133.152023 81.418633
v -7.905452 -133.077515 81.288902
v -8.172755 -133.087845 81.403191
v -8.162444 -133.033813 81.308708
v -7.928032 -132.976303 81.351196
v -8.069410 -132.966827 81.358307
v -8.079535 -133.019897 81.451096
v -7.951581 -133.031387 81.470001
v -7.077861 -132.936035 81.580750
v -8.368830 -132.844864 81.783905
v -8.461892 -132.989822 81.489403
v -8.363965 -133.006088 81.781601
v -8.465886 -132.861130 81.487816
v -8.322128 -133.003586 81.520699
v -8.247092 -133.013336 81.701180
v -8.310487 -132.851059 81.527512
v -8.232514 -132.841309 81.696815
v -8.019417 -132.872345 81.942459
v -7.984167 -132.868774 81.784584
v -8.062750 -132.318756 81.625496
v -8.127116 -132.412338 81.434753
v -8.062750 -132.318756 81.625496
v -8.322128 -133.003586 81.520699
v -8.465886 -132.861130 81.487816
v -8.310487 -132.851059 81.527512
v -8.461892 -132.989822 81.489403
v -8.247092 -133.013336 81.701180
v -8.232514 -132.841309 81.696815
v -7.899807 -132.317230 81.640717
v -7.074100 -132.480637 81.850586
v -7.279313 -132.432251 81.539482
v -7.077860 -132.467255 81.580750
v -7.077861 -132.936035 81.580750
v -0.856215 -132.879654 68.875793
v -0.594346 -132.449753 68.875793
v -1.140407 -132.951263 71.227577
v -0.594346 -132.449753 68.875793
v -0.594346 -132.449753 68.505898
v -0.856215 -132.879654 68.505898
v -0.856215 -132.879654 68.875793
v -0.594346 -133.228226 68.523643
v -0.594346 -133.154312 68.875793
v -0.880275 -132.523361 67.862640
v -0.594346 -132.354248 67.868210
v -1.038260 -134.537613 67.862640
v -0.755726 -134.328827 68.173477
v -0.401764 -134.625885 68.047714
v -0.369725 -134.811218 67.910210
v -0.332474 -132.879654 68.505898
v -0.594346 -133.154312 68.875793
v -0.348036 -132.879654 68.875793
v -0.594346 -132.449753 68.505898
v -0.594346 -132.449753 68.875793
v -0.312085 -132.543259 67.862640
v -0.240959 -134.507339 68.073174
v -0.105244 -134.634674 67.862640
v -0.312085 -132.543259 67.862640
v -0.594346 -132.354248 67.868210
v -1.038260 -134.537613 67.862640
v -0.105244 -134.634674 67.862640
v -0.369725 -134.811218 67.910210
v -0.880275 -132.523361 67.862640
v -0.312085 -132.543259 67.862640
v -0.594346 -132.354248 67.868210
v 0.012404 -133.099030 83.176239
v 0.012404 -133.580765 83.166397
v -0.246199 -133.516525 83.574463
v 0.012404 -133.640717 83.473259
v 0.012404 -133.613129 83.542259
v 0.012404 -133.111694 82.547127
v -0.442726 -132.733658 82.711540
v -0.442726 -132.733658 82.711540
v 0.012404 -132.288986 82.641838
v 0.012404 -132.288986 82.641838
v -0.594346 -133.154312 68.875793
v -0.856215 -132.879654 68.875793
v 0.012404 -132.676636 83.603111
v 0.012404 -133.636566 83.628479
v -0.679655 -133.208313 83.822868
v -0.285523 -133.536453 83.667122
v 0.012404 -133.613129 83.542259
v 0.012404 -133.422791 83.322845
v -0.246199 -133.516525 83.574463
v -0.679655 -133.208313 83.822868
v 0.012404 -132.676636 83.603111
v -1.917587 -132.678238 82.536079
v -1.582998 -132.678253 82.516953
vn -0.0207 -0.7165 -0.6973
vn -0.0255 0.4064 -0.9133
vn 0.0683 0.6544 -0.7530
vn 0.0512 -0.6648 -0.7453
vn -0.1115 0.7019 -0.7035
vn -0.1555 -0.7151 -0.6815
vn 0.0472 0.9698 0.2394
vn 0.0518 0.9233 0.3806
vn -0.0312 0.8305 0.5561
vn -0.0001 -0.0580 0.9983
vn 0.0606 -0.0828 0.9947
vn -0.0238 -0.7149 -0.6988
vn -0.0640 -0.8396 0.5394
vn 0.0233 -0.9588 0.2831
vn -0.0001 -0.0581 0.9983
vn -0.0115 -0.8846 0.4663
vn 0.1045 -0.8851 0.4535
vn 0.0490 -0.7943 -0.6056
vn 0.1574 -0.8370 0.5241
vn 0.0418 -0.7795 0.6250
vn 0.0899 0.0816 0.9926
vn 0.1888 0.0760 0.9791
vn 0.2012 0.0172 0.9794
vn 0.0137 0.7476 -0.6640
vn 0.1449 0.7695 -0.6219
vn 0.3050 -0.7575 -0.5772
vn 0.0124 -0.7983 0.6022
vn 0.0300 0.7354 0.6770
vn 0.1404 0.8973 0.4186
vn 0.2012 0.0173 0.9794
vn 0.1889 0.0761 0.9791
vn -0.0079 0.9899 0.1419
vn 0.6213 0.6579 -0.4257
vn 0.7451 -0.6489 -0.1545
vn 0.1109 0.7805 0.6153
vn 0.0129 -0.0413 0.9991
vn 0.0187 -0.0621 0.9979
vn 0.0393 0.9860 0.1620
vn -0.0206 0.9945 -0.1031
vn -0.6581 0.7515 0.0467
vn 0.5405 0.8413 -0.0098
vn 0.5989 0.7992 0.0513
vn -0.6142 0.7848 0.0826
vn 0.5776 0.8144 -0.0562
vn -0.6432 0.7654 -0.0186
vn 0.9292 -0.3643 -0.0629
vn 0.9067 -0.4114 -0.0934
vn 0.9319 -0.3599 -0.0451
vn -0.9159 -0.3950 -0.0722
vn -0.9221 -0.3855 -0.0344
vn 0.0129 -0.9934 -0.1143
vn 0.0202 -0.9888 -0.1481
vn 0.9292 -0.3642 -0.0629
vn 0.0090 -0.9930 -0.1175
vn 0.9067 -0.4113 -0.0933
vn -0.9071 -0.4178 -0.0508
vn 0.0748 -0.9950 -0.0661
vn -0.5270 -0.5581 -0.6409
vn 0.9194 -0.3915 -0.0375
vn -0.5005 0.6828 -0.5322
vn -0.0000 -0.6392 -0.7690
vn -0.0000 0.2789 -0.9603
vn 0.9489 -0.3090 -0.0648
vn -0.0413 -0.9983 -0.0408
vn -0.9262 -0.3765 -0.0197
vn -0.0250 -0.9996 0.0114
vn -0.9950 -0.0997 -0.0033
vn -0.0249 -0.9996 0.0115
vn 0.7460 0.6550 -0.1201
vn 0.7460 0.6551 -0.1201
vn 0.9194 -0.3914 -0.0375
vn 0.8248 -0.5653 0.0116
vn 0.4632 -0.8745 -0.1438
vn 0.9380 -0.3454 0.0288
vn -0.0000 -0.9994 -0.0357
vn -0.0000 -0.9489 -0.3156
vn 0.8721 0.4870 0.0470
vn 0.8568 0.4909 0.1581
vn 0.2500 0.9487 0.1934
vn 0.2160 0.9709 0.1033
vn -0.0000 0.9986 0.0535
vn -0.0000 0.9997 0.0243
vn -0.0000 0.9962 -0.0874
vn -0.3488 0.8709 -0.3462
vn 0.1281 0.9719 -0.1977
vn -0.5004 0.6826 -0.5326
vn -0.0000 0.2788 -0.9604
vn 0.9046 0.4169 0.0894
vn -0.0000 0.9822 -0.1880
vn 0.8165 0.5309 -0.2269
vn 0.6213 0.6579 -0.4256
vn 0.0001 0.9997 -0.0245
vn 0.2083 0.7123 0.6703
vn 0.0188 -0.0621 0.9979
vn 0.2018 -0.1235 0.9716
vn 0.5848 -0.1700 0.7931
vn -0.0000 0.8650 0.5019
vn 0.8616 -0.4983 -0.0966
vn 0.7450 -0.6489 -0.1545
vn 0.4752 -0.8799 -0.0013
vn 0.4556 -0.8692 0.1920
vn 0.0001 -0.9450 0.3271
vn 0.1917 -0.6954 0.6926
vn -0.0000 -0.8719 0.4896
vn 0.5848 -0.1699 0.7932
vn 0.2018 -0.1236 0.9716
vn 0.0124 -0.7983 0.6021
vn 0.0187 -0.0622 0.9979
vn 0.3049 -0.7575 -0.5773
vn -0.0000 -0.9975 0.0711
vn -0.4408 -0.7146 -0.5433
vn -0.1428 0.6660 -0.7322
vn 0.0664 0.2244 -0.9722
vn -0.2909 0.4654 -0.8359
vn 0.2663 0.6342 -0.7258
vn 0.5293 0.4611 -0.7122
vn 0.7577 0.2611 0.5981
vn 0.3919 -0.9200 -0.0021
vn -0.0710 -0.1191 -0.9903
vn 0.0048 0.6478 -0.7618
vn 0.0565 -0.1729 -0.9833
vn 0.0364 -0.8601 -0.5089
vn 0.0372 0.9298 -0.3662
vn 0.1574 0.3023 0.9401
vn 0.2300 0.9586 -0.1679
vn 0.3412 0.3901 0.8552
vn 0.7614 0.1076 -0.6393
vn 0.8707 -0.4075 0.2752
vn -0.8262 -0.1853 -0.5320
vn -0.4532 -0.8363 -0.3085
vn -0.7808 -0.1605 -0.6038
vn -0.5755 -0.6788 -0.4561
vn 0.5409 0.1107 -0.8338
vn 0.3291 0.5226 -0.7865
vn -0.6583 0.4081 -0.6326
vn 0.5062 -0.4561 -0.7319
vn -0.2582 0.7436 -0.6168
vn 0.5537 0.7935 0.2526
vn -0.6583 0.4080 -0.6326
vn 0.9119 0.1643 0.3761
vn 0.7131 -0.6401 0.2860
vn 0.3472 0.1581 0.9244
vn 0.2479 -0.0155 0.9687
vn -0.0382 -0.0074 0.9992
vn -0.1313 0.8359 0.5330
vn 0.0834 0.8229 0.5620
vn -0.2582 0.7435 -0.6168
vn -0.5756 -0.6787 -0.4561
vn -0.1428 0.6659 -0.7322
vn -0.0002 -0.0580 0.9983
vn -0.1279 -0.8683 0.4793
vn 0.2478 -0.0155 0.9687
vn 0.1066 -0.6639 0.7402
vn 0.3918 -0.9201 -0.0020
vn -0.4408 -0.7146 -0.5432
vn -0.0846 -0.9894 0.1179
vn -0.2199 -0.3368 -0.9156
vn -0.5528 -0.4068 -0.7272
vn 0.2663 0.6342 -0.7259
vn 0.7577 0.2611 0.5980
vn 0.0964 -0.9590 0.2667
vn -0.0475 -0.2948 -0.9544
vn 0.8707 -0.4075 0.2753
vn 0.2299 0.9586 -0.1678
vn 0.3413 0.3901 0.8552
vn 0.1573 0.3024 0.9401
vn -0.1555 -0.7151 -0.6816
vn 0.5824 0.6226 0.5227
vn 0.5984 -0.6225 0.5044
vn 0.6294 -0.5263 -0.5717
vn 0.6350 0.5145 -0.5763
vn -0.4564 -0.6399 -0.6182
vn -0.3260 -0.8379 -0.4377
vn -0.5050 0.6148 -0.6058
vn -0.4123 0.8067 -0.4234
vn 0.0565 -0.1728 -0.9833
vn -0.2581 0.7436 -0.6168
vn 0.5537 0.7935 0.2525
vn -0.6582 0.4080 -0.6326
vn -0.2581 0.7435 -0.6169
vn 0.6350 0.5144 -0.5763
vn 0.6295 -0.5263 -0.5717
vn -0.4122 0.8067 -0.4235
vn 0.0048 0.6479 -0.7617
vn -0.1115 0.7019 -0.7034
vn -0.4407 -0.7146 -0.5432
vn 0.9936 -0.0970 -0.0580
vn -0.0205 0.9945 -0.1031
vn 0.9488 -0.3090 -0.0648
vn 0.9707 0.0618 0.2320
vn -0.0073 0.9718 0.2357
vn -0.0146 -0.5522 0.8336
vn -0.0250 -0.9996 0.0115
vn 0.7029 0.4519 -0.5492
vn -0.0227 0.8451 -0.5341
vn 0.7602 -0.5759 -0.3009
vn 0.3118 -0.3877 0.8675
vn -0.0509 -0.5387 0.8410
vn -0.1106 -0.9868 -0.1181
vn -0.9677 0.0694 0.2422
vn -0.0249 -0.9996 0.0114
vn -0.7060 0.4350 -0.5589
vn -0.4635 -0.3405 0.8181
vn -0.7877 -0.5043 -0.3540
vn -0.0226 0.8451 -0.5342
vn 0.7602 -0.5758 -0.3009
vn -0.7876 -0.5043 -0.3540
vn 0.5204 -0.8431 -0.1356
vn 0.3902 -0.3321 -0.8588
vn 0.8660 -0.3393 -0.3673
vn 0.4696 -0.8810 -0.0579
vn 0.0001 -0.9060 -0.4233
vn -0.0000 -0.2956 -0.9553
vn -0.0000 -0.9721 -0.2347
vn -0.0001 -0.9207 -0.3902
vn 0.7290 -0.6804 -0.0754
vn 0.9295 -0.3665 0.0422
vn 0.3696 -0.9278 0.0501
vn -0.0001 -0.9486 0.3164
vn -0.0000 -0.9958 -0.0920
vn 0.3630 -0.9175 -0.1626
vn 0.4282 -0.9022 -0.0520
vn -0.0000 -0.9968 -0.0794
vn -0.0000 -0.9670 0.2547
vn 0.3939 -0.8925 0.2199
vn -0.0000 -0.6636 0.7481
vn 0.7030 -0.5379 0.4653
vn 0.7993 0.2380 0.5517
vn 0.9929 0.1153 0.0301
vn 0.9537 0.0578 -0.2953
vn 0.6052 -0.4003 -0.6881
vn 0.9124 0.1030 -0.3960
vn -0.0000 -0.5389 -0.8424
vn 0.7735 0.6333 0.0229
vn -0.0000 0.9397 0.3419
vn -0.0000 0.9230 -0.3848
vn 0.8148 0.4648 -0.3465
vn -0.0000 0.9164 -0.4002
vn -0.0000 0.8650 0.5018
vn 0.0980 -0.6530 0.7510
vn -0.0000 -0.6883 -0.7254
vn -0.0000 -0.8719 0.4897
vn 0.9125 0.1029 -0.3960
vn 0.5849 -0.1700 0.7931
vn -0.0000 -0.9995 0.0322
vn -0.0000 -0.3630 0.9318
vn 0.5849 -0.1699 0.7931
vn -0.0000 0.8649 0.5019
vn 0.9124 0.1029 -0.3961
vn -0.9124 0.1030 -0.3960
vn -0.8148 0.4648 -0.3465
vn -0.0000 0.9164 -0.4003
vn -0.9537 0.0578 -0.2953
vn -0.6052 -0.4003 -0.6881
vn -0.8660 -0.3393 -0.3673
vn -0.9929 0.1153 0.0301
vn -0.9295 -0.3665 0.0422
vn -0.7290 -0.6804 -0.0754
vn -0.5204 -0.8431 -0.1356
vn -0.3901 -0.3321 -0.8588
vn -0.4696 -0.8810 -0.0579
vn -0.0001 -0.9060 -0.4233
vn 0.0001 -0.9208 -0.3901
vn -0.3696 -0.9278 0.0501
vn -0.0000 -0.9486 0.3164
vn -0.0000 -0.9958 -0.0921
vn -0.3630 -0.9175 -0.1626
vn -0.4282 -0.9022 -0.0520
vn -0.3939 -0.8925 0.2199
vn -0.7030 -0.5379 0.4653
vn -0.7994 0.2380 0.5517
vn -0.7735 0.6333 0.0229
vn -0.0000 0.9230 -0.3849
vn -0.2775 -0.6404 0.7162
vn -0.4654 -0.0145 0.8850
vn -0.7993 0.2380 0.5518
vn -0.0000 0.5765 0.8171
vn -0.0000 -0.1608 0.9870
vn -0.0000 0.5766 0.8171
vn 0.7993 0.2380 0.5518
vn -0.0001 0.9397 0.3419
vn 0.4654 -0.0144 0.8850
vn 0.2775 -0.6404 0.7162
vn -0.0000 -0.1609 0.9870
vn -0.0000 -0.9208 -0.3901
vn -0.0000 -0.9693 0.2460
vn -0.4696 -0.8810 -0.0580
vn 0.9936 -0.0970 -0.0581
vn -0.0000 -0.9997 -0.0252
vn 0.8660 -0.3392 -0.3673
vn 0.3902 -0.3322 -0.8587
vn 0.0001 -0.3630 0.9318
vn 0.0980 -0.6529 0.7510
vn -0.0000 0.2087 0.9780
vn 0.8660 -0.3393 -0.3674
vn -0.0001 -0.9997 -0.0253
vn 0.0129 -0.0414 0.9991
vn 0.0206 -0.7165 -0.6973
vn -0.0512 -0.6648 -0.7453
vn -0.0684 0.6545 -0.7530
vn 0.0255 0.4064 -0.9133
vn 0.1115 0.7020 -0.7034
vn 0.1554 -0.7151 -0.6815
vn -0.0472 0.9698 0.2394
vn -0.0518 0.9233 0.3806
vn 0.0312 0.8305 0.5561
vn 0.0001 -0.0580 0.9983
vn -0.0606 -0.0828 0.9947
vn 0.0238 -0.7149 -0.6988
vn 0.0640 -0.8396 0.5394
vn -0.0233 -0.9588 0.2831
vn 0.0002 -0.0581 0.9983
vn 0.0115 -0.8846 0.4663
vn -0.1045 -0.8851 0.4535
vn -0.0490 -0.7943 -0.6056
vn -0.1574 -0.8370 0.5241
vn -0.0418 -0.7795 0.6250
vn -0.0899 0.0816 0.9926
vn -0.1888 0.0761 0.9791
vn -0.2012 0.0172 0.9794
vn -0.0138 0.7477 -0.6639
vn -0.1449 0.7695 -0.6219
vn -0.3050 -0.7575 -0.5772
vn -0.0124 -0.7983 0.6021
vn -0.0300 0.7354 0.6770
vn -0.1404 0.8972 0.4186
vn -0.1889 0.0761 0.9790
vn 0.0079 0.9899 0.1419
vn -0.6213 0.6579 -0.4257
vn -0.7450 -0.6489 -0.1545
vn -0.1108 0.7805 0.6153
vn -0.0129 -0.0413 0.9991
vn -0.0187 -0.0621 0.9979
vn -0.0393 0.9860 0.1620
vn 0.0206 0.9945 -0.1031
vn -0.5405 0.8413 -0.0098
vn 0.6581 0.7515 0.0467
vn -0.5989 0.7992 0.0513
vn 0.6142 0.7848 0.0826
vn -0.5787 0.8139 -0.0515
vn 0.6432 0.7654 -0.0186
vn -0.9292 -0.3642 -0.0629
vn -0.9073 -0.4103 -0.0921
vn -0.9319 -0.3600 -0.0451
vn 0.9158 -0.3950 -0.0722
vn 0.9221 -0.3855 -0.0343
vn -0.0129 -0.9934 -0.1143
vn -0.0202 -0.9888 -0.1481
vn -0.9319 -0.3599 -0.0452
vn -0.0090 -0.9930 -0.1174
vn -0.9073 -0.4103 -0.0920
vn 0.9071 -0.4178 -0.0508
vn -0.0791 -0.9950 -0.0610
vn 0.5270 -0.5581 -0.6409
vn -0.9190 -0.3927 -0.0351
vn 0.4751 0.6905 -0.5455
vn -0.9489 -0.3090 -0.0648
vn 0.0413 -0.9983 -0.0408
vn 0.9262 -0.3765 -0.0197
vn 0.0250 -0.9996 0.0114
vn 0.9950 -0.0997 -0.0033
vn 0.0249 -0.9996 0.0114
vn -0.0000 -0.6392 -0.7691
vn -0.7847 0.6061 -0.1301
vn -0.9073 -0.4102 -0.0921
vn -0.9190 -0.3926 -0.0351
vn -0.8248 -0.5653 0.0116
vn -0.9359 -0.3513 0.0240
vn -0.4613 -0.8752 -0.1456
vn -0.8721 0.4870 0.0470
vn -0.8543 0.4923 0.1670
vn -0.0790 -0.9950 -0.0610
vn -0.8987 0.4321 0.0746
vn -0.2246 0.9701 0.0923
vn -0.7846 0.6061 -0.1301
vn -0.2500 0.9487 0.1934
vn 0.3489 0.8709 -0.3462
vn -0.2186 0.9527 -0.2111
vn 0.4750 0.6905 -0.5455
vn -0.7847 0.6060 -0.1302
vn -0.0000 0.2788 -0.9603
vn -0.8165 0.5309 -0.2268
vn -0.0000 0.9997 -0.0245
vn -0.2083 0.7123 0.6703
vn -0.1109 0.7805 0.6153
vn -0.2018 -0.1235 0.9716
vn -0.5848 -0.1700 0.7931
vn -0.8616 -0.4983 -0.0966
vn -0.7450 -0.6489 -0.1544
vn -0.4749 -0.8800 -0.0010
vn -0.4559 -0.8691 0.1918
vn -0.0001 -0.9450 0.3271
vn -0.1916 -0.6954 0.6926
vn -0.5849 -0.1699 0.7931
vn -0.2018 -0.1236 0.9716
vn -0.0188 -0.0622 0.9979
vn -0.3050 -0.7575 -0.5773
vn 0.4407 -0.7146 -0.5433
vn -0.0664 0.2244 -0.9722
vn 0.1427 0.6660 -0.7322
vn 0.2909 0.4655 -0.8359
vn -0.2663 0.6342 -0.7258
vn -0.5293 0.4611 -0.7122
vn -0.7577 0.2611 0.5981
vn -0.3918 -0.9200 -0.0020
vn 0.0710 -0.1191 -0.9903
vn -0.0048 0.6478 -0.7618
vn -0.0565 -0.1729 -0.9833
vn -0.0364 -0.8601 -0.5089
vn -0.0373 0.9298 -0.3662
vn -0.1574 0.3024 0.9401
vn -0.2299 0.9586 -0.1678
vn -0.3412 0.3901 0.8552
vn -0.7614 0.1076 -0.6393
vn -0.8707 -0.4075 0.2752
vn 0.8262 -0.1853 -0.5320
vn 0.4532 -0.8363 -0.3085
vn 0.7808 -0.1605 -0.6038
vn 0.5755 -0.6788 -0.4562
vn -0.5409 0.1107 -0.8338
vn -0.3291 0.5226 -0.7865
vn 0.6582 0.4081 -0.6327
vn -0.5062 -0.4561 -0.7320
vn 0.2582 0.7436 -0.6168
vn -0.5537 0.7935 0.2525
vn 0.6582 0.4080 -0.6326
vn -0.9119 0.1643 0.3761
vn -0.7131 -0.6401 0.2860
vn -0.3472 0.1581 0.9244
vn -0.2479 -0.0155 0.9687
vn 0.0382 -0.0074 0.9992
vn 0.1312 0.8359 0.5330
vn -0.0834 0.8229 0.5620
vn 0.2581 0.7436 -0.6169
vn 0.5756 -0.6787 -0.4562
vn -0.2478 -0.0155 0.9687
vn 0.1427 0.6659 -0.7322
vn 0.1279 -0.8683 0.4793
vn -0.1066 -0.6639 0.7401
vn -0.3918 -0.9201 -0.0020
vn 0.4408 -0.7146 -0.5432
vn 0.0847 -0.9894 0.1179
vn 0.2199 -0.3368 -0.9156
vn 0.5528 -0.4068 -0.7272
vn 0.2909 0.4654 -0.8359
vn -0.2663 0.6342 -0.7259
vn -0.7577 0.2612 0.5981
vn -0.0963 -0.9590 0.2667
vn 0.0475 -0.2948 -0.9544
vn -0.8707 -0.4076 0.2752
vn -0.2300 0.9586 -0.1678
vn -0.3412 0.3902 0.8552
vn -0.1573 0.3024 0.9401
vn 0.1555 -0.7151 -0.6816
vn -0.5823 0.6226 0.5228
vn -0.6295 -0.5263 -0.5717
vn -0.5983 -0.6225 0.5044
vn -0.6350 0.5145 -0.5763
vn 0.4564 -0.6399 -0.6183
vn 0.3261 -0.8379 -0.4377
vn 0.5051 0.6148 -0.6057
vn 0.4123 0.8067 -0.4235
vn 0.2581 0.7436 -0.6168
vn 0.6582 0.4081 -0.6326
vn -0.5537 0.7935 0.2526
vn 0.4564 -0.6399 -0.6182
vn -0.6294 -0.5263 -0.5717
vn 0.4123 0.8067 -0.4234
vn -0.0048 0.6479 -0.7617
vn 0.0313 0.8305 0.5561
vn 0.1428 0.6659 -0.7322
vn 0.1116 0.7020 -0.7034
vn 0.1555 -0.7151 -0.6815
vn -0.9936 -0.0970 -0.0581
vn 0.0205 0.9945 -0.1031
vn -0.9488 -0.3090 -0.0648
vn 0.0073 0.9718 0.2356
vn -0.9707 0.0618 0.2321
vn -0.9936 -0.0970 -0.0580
vn 0.0146 -0.5522 0.8336
vn -0.7029 0.4519 -0.5493
vn 0.0226 0.8451 -0.5342
vn -0.7602 -0.5759 -0.3009
vn -0.3118 -0.3877 0.8675
vn 0.0509 -0.5386 0.8410
vn 0.1106 -0.9868 -0.1181
vn 0.9677 0.0694 0.2422
vn 0.0073 0.9718 0.2357
vn 0.7060 0.4350 -0.5589
vn 0.4635 -0.3405 0.8181
vn 0.7877 -0.5043 -0.3540
vn 0.7061 0.4349 -0.5589
vn -0.7601 -0.5759 -0.3009
vn 0.7876 -0.5043 -0.3540
vn -0.7029 0.4519 -0.5492
vn -0.0980 -0.6530 0.7510
vn -0.0000 -0.5389 -0.8423
vn -0.9125 0.1029 -0.3960
vn -0.5849 -0.1700 0.7931
vn -0.9124 0.1029 -0.3961
vn -0.0000 -0.2955 -0.9553
vn -0.8660 -0.3394 -0.3674
vn -0.3902 -0.3322 -0.8587
vn -0.0000 0.2088 0.9780
vn -0.0980 -0.6529 0.7510
vn -0.0129 -0.0414 0.9991
vn -0.0187 -0.0622 0.9979
vt 0.730382 0.103619
vt 0.705649 0.144477
vt 0.906050 0.162418
vt 0.907543 0.101904
vt 0.999984 0.166941
vt 1.001061 0.095946
vt 0.733494 0.205318
vt 0.838940 0.209383
vt 0.991053 0.210366
vt 0.981648 0.252295
vt 0.840260 0.252371
vt 0.689743 0.104698
vt 0.991405 0.052870
vt 0.810174 0.064464
vt 0.981657 0.011468
vt 0.840250 0.011429
vt 0.734207 0.056759
vt 0.693123 0.056174
vt 0.518060 0.096757
vt 0.575201 0.047645
vt 0.473165 0.043970
vt 0.716055 0.011396
vt 0.597290 0.011359
vt 0.510869 0.011322
vt 0.522475 0.164896
vt 0.485011 0.157654
vt 0.479927 0.107408
vt 0.445175 0.049232
vt 0.473366 0.225391
vt 0.579352 0.211659
vt 0.510849 0.252622
vt 0.597275 0.252464
vt 0.688056 0.203710
vt 0.716059 0.252303
vt 0.459430 0.138427
vt 0.448360 0.105872
vt 0.445220 0.217118
vt 0.468555 0.252667
vt 0.435264 0.252667
vt 0.710772 0.204691
vt 0.809314 0.993189
vt 0.844593 0.748486
vt 0.799681 0.766537
vt 0.795370 0.616810
vt 0.844460 0.624653
vt 0.796731 0.566457
vt 0.846052 0.573862
vt 0.737687 0.589384
vt 0.737679 0.566887
vt 0.737691 0.611583
vt 0.903594 0.595045
vt 0.902086 0.622902
vt 0.947494 0.615460
vt 0.947980 0.591500
vt 0.993009 0.611673
vt 0.993010 0.589483
vt 0.948583 0.568105
vt 0.993012 0.566905
vt 0.904969 0.574145
vt 0.939443 0.344499
vt 0.898532 0.361084
vt 0.993076 0.320695
vt 0.854260 0.365264
vt 0.915162 0.347050
vt 0.854851 0.350073
vt 0.993004 0.780156
vt 0.944441 0.769131
vt 0.900724 0.759988
vt 0.936461 0.995025
vt 0.880074 0.997653
vt 0.789589 0.353336
vt 0.737576 0.320774
vt 0.459999 0.699940
vt 0.421847 0.911548
vt 0.493482 0.874305
vt 0.334346 0.703269
vt 0.334346 0.906337
vt 0.574509 0.696105
vt 0.570429 0.874521
vt 0.490508 0.948126
vt 0.334346 0.965522
vt 0.365140 0.975937
vt 0.420117 0.965795
vt 0.650541 0.838561
vt 0.643075 0.892767
vt 0.726515 0.817051
vt 0.726515 0.703484
vt 0.726515 0.932364
vt 0.709975 0.959389
vt 0.635989 0.948441
vt 0.695226 0.983366
vt 0.579503 0.979625
vt 0.726515 0.978941
vt 0.572418 0.925007
vt 0.726515 0.610225
vt 0.575486 0.609180
vt 0.574131 0.447552
vt 0.726515 0.445670
vt 0.628909 0.318546
vt 0.561909 0.331279
vt 0.561667 0.289065
vt 0.629838 0.284131
vt 0.681244 0.268659
vt 0.726515 0.308737
vt 0.465542 0.609718
vt 0.497836 0.448231
vt 0.389955 0.608312
vt 0.424485 0.456931
vt 0.334346 0.436815
vt 0.434410 0.332167
vt 0.334346 0.318454
vt 0.382074 0.269755
vt 0.433481 0.285227
vt 0.501409 0.332846
vt 0.501652 0.290161
vt 0.532354 0.423067
vt 0.334346 0.607952
vt 0.079805 0.232283
vt 0.164710 0.210607
vt 0.122523 0.194649
vt 0.082536 0.195321
vt 0.065738 0.163787
vt 0.098907 0.148763
vt 0.061632 0.142152
vt 0.067395 0.121429
vt 0.123677 0.114515
vt 0.175785 0.114562
vt 0.094627 0.115280
vt 0.071940 0.113520
vt 0.035702 0.148111
vt 0.041923 0.132093
vt 0.020229 0.138299
vt 0.026355 0.125859
vt 0.005702 0.131286
vt 0.011940 0.118620
vt 0.124248 0.087244
vt 0.097369 0.085301
vt 0.124231 0.055219
vt 0.098622 0.055224
vt 0.124118 0.033753
vt 0.158367 0.040381
vt 0.164154 0.054336
vt 0.099739 0.035139
vt 0.171577 0.088395
vt 0.192231 0.080816
vt 0.172887 0.036601
vt 0.229659 0.051083
vt 0.207206 0.014433
vt 0.253565 0.037615
vt 0.259273 0.099604
vt 0.295568 0.088781
vt 0.225257 0.005464
vt 0.257519 0.214069
vt 0.210893 0.208562
vt 0.203087 0.112287
vt 0.256732 0.004405
vt 0.275505 0.029551
vt 0.296663 0.056271
vt 0.254448 0.243670
vt 0.287294 0.248875
vt 0.299549 0.220380
vt 0.323300 0.104611
vt 0.343328 0.116239
vt 0.349575 0.166371
vt 0.341191 0.234380
vt 0.379236 0.180734
vt 0.393815 0.198439
vt 0.369935 0.227020
vt 0.383913 0.245331
vt 0.408148 0.211617
vt 0.372524 0.153454
vt 0.406401 0.154959
vt 0.418570 0.170953
vt 0.432503 0.130104
vt 0.445823 0.142555
vt 0.433494 0.180403
vt 0.448844 0.163198
vt 0.412154 0.127150
vt 0.395815 0.139939
vt 0.325332 0.261049
vt 0.344700 0.051550
vt 0.359289 0.070966
vt 0.389947 0.045029
vt 0.374202 0.026325
vt 0.391323 0.064504
vt 0.369359 0.086828
vt 0.352694 0.023153
vt 0.330809 0.036634
vt 0.068269 0.054545
vt 0.088448 0.054365
vt 0.085147 0.033440
vt 0.068311 0.035581
vt 0.069129 0.082960
vt 0.091835 0.081384
vt 0.214759 0.239928
vt 0.170727 0.242683
vt 0.094294 0.262400
vt 0.737783 0.987757
vt 0.737708 0.780107
vt 0.274783 0.263290
vt 0.251897 0.284556
vt 0.265085 0.304716
vt 0.290410 0.280108
vt 0.230808 0.322133
vt 0.234686 0.293532
vt 0.317161 0.315098
vt 0.326877 0.296848
vt 0.247112 0.446506
vt 0.230894 0.421947
vt 0.204488 0.436013
vt 0.200804 0.450038
vt 0.202857 0.296193
vt 0.220949 0.280878
vt 0.186739 0.265822
vt 0.206200 0.254811
vt 0.152216 0.291162
vt 0.194174 0.426648
vt 0.177297 0.438725
vt 0.148125 0.271043
vt 0.109679 0.437051
vt 0.158639 0.453515
vt 0.110675 0.292890
vt 0.130164 0.279394
vt 0.048936 0.787641
vt 0.037433 0.823986
vt 0.095670 0.805101
vt 0.018334 0.795488
vt 0.001309 0.823986
vt 0.001309 0.828672
vt 0.001309 0.805245
vt 0.001309 0.793266
vt 0.072476 0.756292
vt 0.104842 0.722758
vt 0.009703 0.762035
vt 0.001309 0.770446
vt 0.001309 0.745864
vt 0.041600 0.754625
vt 0.045013 0.731461
vt 0.001309 0.728107
vt 0.001309 0.706350
vt 0.045012 0.704329
vt 0.000634 0.640415
vt 0.080537 0.664700
vt 0.172489 0.654188
vt 0.168984 0.731210
vt 0.146949 0.810560
vt 0.044855 0.876465
vt 0.134665 0.883862
vt 0.053879 0.921862
vt 0.230813 0.753236
vt 0.327296 0.709405
vt 0.289853 0.844016
vt 0.198004 0.819694
vt 0.222406 0.906637
vt 0.208321 0.985394
vt 0.032665 0.835220
vt 0.001309 0.884699
vt 0.068912 0.997425
vt 0.136690 0.961832
vt 0.001309 0.847491
vt 0.001309 0.839125
vt 0.041894 0.649915
vt 0.070649 0.583980
vt 0.103642 0.580263
vt 0.049090 0.502723
vt 0.103028 0.449168
vt 0.013527 0.576938
vt 0.001309 0.788851
vt 0.992969 0.987765
vt 0.232379 0.916718
vt 0.282941 0.969753
vt 0.311768 0.908112
vt 0.306313 0.933309
vt 0.220304 0.994415
vt 0.243005 0.989735
vt 0.222758 0.978624
vt 0.468563 0.011307
vt 0.435273 0.011298
s 1
usemtl enemy_tonnel
f 1/1/1 2/2/2 3/3/3
f 1/1/1 3/3/3 4/4/4
f 4/4/4 3/3/3 5/5/5
f 4/4/4 5/5/5 6/6/6
f 3/3/3 2/2/2 7/7/7
f 3/3/3 7/7/7 8/8/8
f 5/5/5 3/3/3 8/8/8
f 5/5/5 8/8/8 9/9/9
f 10/10/10 9/9/9 8/8/8
f 10/10/10 8/8/8 11/11/11
f 11/11/11 8/8/8 7/7/7
f 1/1/1 12/12/12 2/2/2
f 4/4/4 6/6/6 13/13/13
f 14/14/14 4/4/4 13/13/13
f 1/1/1 4/4/4 14/14/14
f 14/14/14 13/13/13 15/15/15
f 14/14/14 15/15/15 16/16/11
f 16/16/11 17/17/16 14/14/14
f 1/1/1 14/14/14 17/17/16
f 18/18/17 12/12/12 1/1/1
f 18/18/17 1/1/1 17/17/16
f 18/18/17 19/19/18 12/12/12
f 18/18/17 20/20/19 19/19/18
f 20/20/19 21/21/20 19/19/18
f 22/22/21 20/20/19 18/18/17
f 16/16/11 22/22/21 17/17/16
f 18/18/17 17/17/16 22/22/21
f 22/22/21 23/23/22 20/20/19
f 24/24/23 21/21/20 20/20/19
f 24/24/23 20/20/19 23/23/22
f 25/25/24 12/12/12 19/19/18
f 26/26/25 25/25/24 19/19/18
f 26/26/25 19/19/18 27/27/26
f 19/19/18 21/21/20 27/27/26
f 21/21/20 28/28/27 27/27/26
f 29/29/28 25/25/24 26/26/25
f 29/29/28 30/30/29 25/25/24
f 30/30/29 29/29/28 31/31/30
f 30/30/29 31/31/30 32/32/31
f 33/33/32 30/30/29 32/32/31
f 33/33/32 32/32/31 34/34/21
f 27/27/26 35/35/33 26/26/25
f 27/27/26 36/36/34 35/35/33
f 35/35/33 37/37/35 26/26/25
f 37/37/35 29/29/28 26/26/25
f 37/37/35 38/38/36 29/29/28
f 31/31/30 29/29/28 38/38/36
f 37/37/35 39/39/37 38/38/36
f 30/30/29 33/33/32 2/2/2
f 30/30/29 2/2/2 25/25/24
f 25/25/24 2/2/2 12/12/12
f 2/2/2 33/33/32 40/40/38
f 40/40/38 33/33/32 34/34/21
f 7/7/7 40/40/38 34/34/21
f 7/7/7 2/2/2 40/40/38
f 11/11/11 7/7/7 34/34/21
f 41/41/39 42/42/40 43/43/41
f 42/42/40 44/44/42 43/43/41
f 42/42/40 45/45/43 44/44/42
f 45/45/43 46/46/44 44/44/42
f 45/45/43 47/47/45 46/46/44
f 48/48/46 44/44/42 46/46/44
f 49/49/47 48/48/46 46/46/44
f 48/48/46 50/50/48 44/44/42
f 43/43/41 44/44/42 50/50/48
f 51/51/49 47/47/45 45/45/43
f 52/52/50 51/51/49 45/45/43
f 52/52/50 45/45/43 42/42/40
f 51/51/49 52/52/50 53/53/51
f 51/51/49 53/53/51 54/54/52
f 54/54/52 53/53/51 55/55/48
f 54/54/52 55/55/48 56/56/53
f 57/57/54 54/54/52 56/56/53
f 57/57/54 56/56/53 58/58/55
f 59/59/56 51/51/49 54/54/52
f 59/59/56 54/54/52 57/57/54
f 51/51/49 59/59/56 47/47/45
f 59/59/56 57/57/54 60/60/57
f 60/60/57 57/57/54 58/58/55
f 59/59/56 60/60/57 61/61/58
f 47/47/45 59/59/56 61/61/58
f 60/60/57 58/58/55 62/62/59
f 47/47/45 61/61/58 63/63/60
f 64/64/61 63/63/60 61/61/58
f 64/64/61 65/65/62 63/63/60
f 53/53/51 66/66/63 55/55/48
f 53/53/51 67/67/64 66/66/63
f 53/53/51 52/52/50 68/68/65
f 53/53/51 68/68/65 67/67/64
f 69/69/66 66/66/63 67/67/64
f 68/68/65 69/69/66 67/67/64
f 52/52/50 42/42/40 68/68/65
f 42/42/40 70/70/67 68/68/65
f 42/42/40 71/41/39 70/70/67
f 68/68/65 70/70/67 72/69/68
f 63/63/60 73/71/69 46/46/44
f 63/63/60 46/46/44 47/47/45
f 74/71/69 49/49/47 46/46/44
f 75/71/70 76/72/71 49/49/55
f 77/73/72 78/74/73 79/75/74
f 77/73/72 80/76/75 78/74/73
f 80/76/75 81/77/76 78/74/73
f 79/75/74 82/78/77 77/73/72
f 79/75/74 83/79/78 82/78/77
f 79/75/74 78/74/73 84/80/59
f 78/74/73 81/77/76 85/81/61
f 78/74/73 85/81/61 86/82/58
f 86/82/58 87/83/57 78/74/73
f 78/74/73 87/83/57 84/80/59
f 82/78/77 83/79/78 88/84/79
f 89/85/80 88/84/79 83/79/78
f 89/85/80 90/86/81 88/84/79
f 91/87/82 88/84/79 90/86/81
f 91/87/82 82/78/77 88/84/79
f 92/88/83 90/86/81 89/85/80
f 92/88/83 89/85/80 93/89/84
f 89/85/80 94/90/85 93/89/84
f 93/89/84 94/90/85 95/91/86
f 94/90/85 89/85/80 96/92/70
f 97/93/62 92/88/83 93/89/84
f 98/93/87 93/89/84 95/91/86
f 89/85/80 83/79/78 99/94/88
f 89/85/80 99/94/88 96/92/70
f 99/94/88 83/79/78 79/75/74
f 99/94/88 79/75/74 84/80/59
f 100/92/70 99/94/88 84/80/59
f 94/90/85 101/92/70 95/91/86
f 91/87/82 102/95/89 103/96/90
f 91/87/82 103/96/90 82/78/77
f 102/95/89 104/97/91 103/96/90
f 102/95/89 105/98/92 104/97/91
f 105/98/92 106/99/93 104/97/91
f 107/100/35 104/97/91 106/99/93
f 106/99/93 108/101/94 107/100/35
f 106/99/93 109/102/95 108/101/94
f 110/103/96 109/102/95 106/99/93
f 106/99/93 111/104/97 110/103/96
f 105/98/92 111/104/97 106/99/93
f 77/73/72 82/78/77 103/96/90
f 77/73/72 103/96/90 112/105/98
f 113/106/99 112/105/98 103/96/90
f 113/106/99 103/96/90 104/97/91
f 113/106/99 114/107/100 112/105/98
f 77/73/72 112/105/98 114/107/100
f 113/106/99 115/108/101 114/107/100
f 115/108/101 116/109/102 114/107/100
f 116/109/102 115/108/101 117/110/103
f 117/110/103 115/108/101 113/106/99
f 116/109/102 117/110/103 118/111/104
f 117/110/103 119/112/105 118/111/104
f 117/110/103 120/113/106 119/112/105
f 120/113/106 117/110/103 121/114/107
f 120/113/106 121/114/107 122/115/108
f 77/73/72 114/107/100 80/76/75
f 117/110/103 113/106/99 123/116/109
f 117/110/103 123/116/109 121/114/107
f 80/76/75 114/107/100 124/117/110
f 114/107/100 116/109/102 124/117/110
f 125/118/111 126/119/112 127/120/113
f 128/121/114 125/118/111 127/120/113
f 127/120/113 129/122/115 128/121/114
f 127/120/113 130/123/116 129/122/115
f 129/122/115 130/123/116 131/124/117
f 130/123/116 132/125/118 131/124/117
f 133/126/119 130/123/116 127/120/113
f 127/120/113 134/127/120 133/126/119
f 130/123/116 133/126/119 135/128/121
f 130/123/116 135/128/121 132/125/118
f 135/128/121 136/129/122 132/125/118
f 137/130/123 129/122/115 131/124/117
f 137/130/123 131/124/117 138/131/124
f 139/132/125 137/130/123 138/131/124
f 139/132/125 138/131/124 140/133/126
f 141/134/127 139/132/125 140/133/126
f 141/134/127 140/133/126 142/135/128
f 135/128/121 133/126/119 143/136/129
f 135/128/121 143/136/129 144/137/130
f 144/137/130 143/136/129 145/138/131
f 144/137/130 145/138/131 146/139/132
f 145/138/131 147/140/133 146/139/132
f 148/141/134 147/140/133 145/138/131
f 149/142/135 148/141/134 145/138/131
f 143/136/129 149/142/135 145/138/131
f 147/140/133 150/143/136 146/139/132
f 143/136/129 151/144/137 149/142/135
f 152/145/138 153/146/134 149/142/139
f 154/147/140 153/146/134 152/145/138
f 154/147/140 155/148/133 153/146/134
f 156/149/141 155/148/133 154/147/140
f 157/150/142 156/149/141 154/147/140
f 154/147/140 152/145/138 157/150/142
f 157/150/142 158/151/143 156/149/141
f 156/149/141 159/152/136 155/148/133
f 158/151/143 157/150/142 160/153/144
f 157/150/142 161/154/145 160/153/144
f 157/150/142 162/155/146 161/154/145
f 152/145/138 162/155/146 157/150/142
f 162/155/146 152/145/138 163/144/147
f 164/127/120 162/155/146 163/144/147
f 161/154/145 162/155/146 164/127/120
f 156/149/141 165/156/148 159/152/136
f 156/149/141 166/157/130 165/156/148
f 167/151/143 166/157/130 156/149/141
f 167/151/143 168/158/121 166/157/130
f 126/119/149 161/154/145 164/127/120
f 161/154/145 169/159/150 160/153/144
f 170/160/13 160/153/144 169/159/150
f 170/160/13 171/161/151 160/153/144
f 172/151/152 160/153/144 171/161/151
f 173/162/153 172/151/152 171/161/151
f 171/161/151 174/163/122 173/162/153
f 171/161/151 175/164/154 174/163/122
f 171/161/151 176/165/155 175/164/154
f 170/160/13 176/165/155 171/161/151
f 177/166/156 175/164/154 176/165/155
f 176/165/155 178/167/157 177/166/156
f 176/165/155 179/168/158 178/167/157
f 180/169/114 179/168/158 176/165/155
f 178/167/157 179/168/158 180/169/114
f 178/167/157 180/169/114 181/170/159
f 177/166/156 182/171/160 175/164/154
f 178/167/157 183/172/161 177/166/156
f 178/167/157 184/173/162 183/172/161
f 181/170/159 184/173/162 178/167/157
f 184/173/162 185/174/163 183/172/161
f 184/173/162 186/175/127 185/174/163
f 181/170/159 187/176/123 184/173/162
f 187/176/123 186/175/127 184/173/162
f 187/176/123 188/177/164 186/175/127
f 189/178/165 183/172/161 185/174/163
f 189/178/165 190/179/166 183/172/161
f 190/179/166 182/171/160 177/166/156
f 190/179/166 177/166/156 183/172/161
f 170/160/13 191/180/167 176/165/155
f 192/181/168 193/182/169 194/183/170
f 192/181/168 194/183/170 195/184/171
f 172/151/152 193/182/169 192/181/168
f 172/151/152 173/162/153 193/182/169
f 193/182/169 196/185/172 194/183/170
f 193/182/169 197/186/173 196/185/172
f 173/162/153 197/186/173 193/182/169
f 173/162/153 174/163/122 197/186/173
f 192/181/168 195/184/171 198/187/174
f 192/181/168 198/187/174 199/188/175
f 200/151/143 192/181/168 199/188/175
f 200/151/143 199/188/175 201/158/176
f 202/144/177 152/145/178 203/142/179
f 133/126/119 134/127/120 151/144/180
f 133/126/119 204/144/137 143/136/129
f 205/189/172 206/190/174 207/191/181
f 205/189/172 207/191/181 208/192/182
f 209/193/173 206/190/174 205/189/172
f 209/193/173 210/194/183 206/190/174
f 135/128/121 210/194/183 209/193/173
f 136/129/122 135/128/121 209/193/173
f 126/119/112 211/127/184 127/120/113
f 161/154/145 212/195/9 169/159/150
f 213/119/112 212/195/9 161/154/145
f 213/119/112 214/196/185 212/195/9
f 215/197/6 214/196/185 213/119/112
f 215/197/6 213/119/112 125/118/186
f 216/198/187 217/41/188 43/43/41
f 216/198/187 43/43/41 218/199/189
f 218/199/189 43/43/41 50/50/48
f 219/200/188 220/201/187 221/202/190
f 219/200/188 221/202/190 222/203/191
f 220/201/187 223/204/192 221/202/190
f 220/201/187 224/205/193 223/204/192
f 221/202/190 225/206/194 222/203/191
f 222/203/191 225/206/194 226/207/195
f 221/202/190 227/208/196 225/206/194
f 221/202/190 223/204/192 228/209/197
f 221/202/190 228/209/197 227/208/196
f 229/210/198 227/208/196 228/209/197
f 223/204/192 229/210/198 228/209/197
f 229/210/198 230/211/199 227/208/196
f 223/204/192 231/212/200 229/210/198
f 232/205/201 231/212/200 223/204/192
f 232/205/201 233/213/67 231/212/200
f 233/213/67 234/214/191 231/212/200
f 233/213/67 235/215/39 234/214/191
f 234/214/191 236/216/202 231/212/200
f 231/212/200 237/217/203 229/210/198
f 237/217/203 231/212/200 238/218/204
f 229/210/198 237/217/203 238/218/204
f 229/210/198 238/218/204 230/211/199
f 231/212/200 236/216/202 238/218/204
f 234/214/191 239/219/205 240/216/202
f 241/220/206 242/221/199 243/218/207
f 244/222/194 241/220/206 243/218/207
f 244/222/194 243/218/207 245/216/202
f 246/223/205 244/222/194 245/216/202
f 247/224/208 248/225/209 249/226/210
f 247/224/208 250/227/211 248/225/209
f 250/227/211 251/228/212 248/225/209
f 252/229/213 248/225/209 251/228/212
f 251/228/212 250/227/211 253/230/214
f 253/230/214 250/227/211 254/231/215
f 249/226/210 255/232/216 247/224/208
f 249/226/210 256/233/217 255/232/216
f 250/227/211 247/224/208 257/234/218
f 258/235/219 250/227/211 257/234/218
f 258/235/219 257/234/218 259/236/220
f 247/224/208 260/237/221 257/234/218
f 247/224/208 255/232/216 260/237/221
f 261/238/222 259/236/220 257/234/218
f 257/234/218 260/237/221 261/238/222
f 260/237/221 255/232/216 261/238/222
f 255/232/216 256/233/217 261/238/222
f 259/236/220 261/238/222 262/239/223
f 262/239/223 261/238/222 263/240/224
f 261/238/222 264/241/225 263/240/224
f 256/233/217 264/241/225 261/238/222
f 263/240/224 264/241/225 265/242/226
f 266/243/227 264/241/225 256/233/217
f 266/243/227 256/233/217 267/244/228
f 256/233/217 268/245/229 267/244/228
f 249/226/210 268/245/229 256/233/217
f 249/226/210 269/246/230 268/245/229
f 270/247/231 269/246/230 249/226/210
f 270/247/231 271/248/232 269/246/230
f 270/247/231 272/249/233 271/248/232
f 268/245/229 273/250/234 267/244/228
f 269/246/230 273/250/234 268/245/229
f 274/251/235 267/244/228 273/250/234
f 274/251/235 273/250/234 275/252/236
f 275/252/236 273/250/234 276/253/237
f 271/248/232 276/253/237 269/246/230
f 269/246/230 276/253/237 273/250/234
f 275/252/236 276/253/237 277/254/238
f 271/248/232 278/254/238 276/253/237
f 279/255/239 278/254/238 271/248/232
f 270/247/231 249/226/210 280/256/240
f 281/257/241 270/247/231 280/256/240
f 270/247/231 281/257/241 282/249/233
f 282/249/233 283/258/242 271/248/243
f 283/258/242 284/259/244 271/248/243
f 285/260/245 281/257/241 280/256/240
f 286/261/246 285/260/245 280/256/240
f 287/259/247 288/255/248 271/248/249
f 289/248/250 290/253/251 278/254/252
f 289/248/250 291/246/253 290/253/251
f 292/247/254 291/246/253 289/248/250
f 292/247/254 289/248/250 293/249/233
f 292/247/254 294/226/255 291/246/253
f 294/226/255 295/245/256 291/246/253
f 294/226/255 296/233/257 295/245/256
f 294/226/255 297/232/258 296/233/257
f 294/226/255 298/224/259 297/232/258
f 298/224/259 294/226/255 299/225/260
f 298/224/259 299/225/260 300/227/261
f 300/227/261 299/225/260 301/228/262
f 302/229/213 301/228/262 299/225/260
f 301/228/262 303/230/214 300/227/261
f 303/230/214 304/231/263 300/227/261
f 300/227/261 305/234/264 298/224/259
f 306/235/265 305/234/264 300/227/261
f 306/235/265 307/236/266 305/234/264
f 298/224/259 305/234/264 308/237/267
f 298/224/259 308/237/267 297/232/258
f 309/238/268 305/234/264 307/236/266
f 305/234/264 309/238/268 308/237/267
f 308/237/267 309/238/268 297/232/258
f 297/232/258 309/238/268 296/233/257
f 307/236/266 310/239/223 309/238/268
f 310/239/223 311/240/224 309/238/268
f 309/238/268 311/240/224 312/241/269
f 296/233/257 309/238/268 312/241/269
f 313/243/270 296/233/257 312/241/269
f 313/243/270 314/244/271 296/233/257
f 296/233/257 314/244/271 295/245/256
f 295/245/256 314/244/271 315/250/272
f 316/251/235 315/250/272 314/244/271
f 316/251/235 317/252/273 315/250/272
f 317/252/273 290/253/251 315/250/272
f 317/252/273 318/254/252 290/253/251
f 291/246/253 295/245/256 315/250/272
f 291/246/253 315/250/272 290/253/251
f 313/243/270 312/241/269 319/262/274
f 319/262/274 320/263/275 313/243/270
f 313/243/270 320/263/275 321/264/276
f 321/264/276 320/263/275 322/265/277
f 322/265/277 323/266/235 321/264/276
f 319/262/274 312/241/269 324/242/226
f 320/263/275 319/262/274 324/242/226
f 311/240/224 324/242/226 312/241/269
f 320/263/275 324/242/226 325/267/278
f 326/265/279 320/263/275 325/267/278
f 327/265/277 328/264/280 323/266/281
f 328/264/280 327/265/277 329/263/282
f 266/243/227 328/264/280 329/263/282
f 330/262/283 266/243/227 329/263/282
f 266/243/227 330/262/283 264/241/225
f 330/262/283 265/242/226 264/241/225
f 329/263/282 265/242/226 330/262/283
f 329/263/282 331/267/284 265/242/226
f 332/265/279 331/267/284 329/263/282
f 333/231/285 250/227/211 334/268/286
f 250/227/211 335/235/265 334/268/286
f 333/231/285 334/268/286 300/227/287
f 300/227/287 334/268/286 335/235/265
f 336/69/66 337/269/288 66/66/189
f 338/270/289 339/271/290 340/272/213
f 339/271/290 341/273/291 340/272/213
f 342/274/292 343/275/293 344/276/294
f 343/275/293 345/271/295 344/276/294
f 346/270/296 344/276/294 345/271/295
f 347/277/297 348/278/37 21/21/20
f 24/24/23 347/277/297 21/21/20
f 348/278/37 28/28/27 21/21/20
f 349/1/298 350/4/299 351/3/300
f 349/1/298 351/3/300 352/2/301
f 350/4/299 353/5/302 351/3/300
f 350/4/299 354/6/303 353/5/302
f 351/3/300 355/7/304 352/2/301
f 351/3/300 356/8/305 355/7/304
f 353/5/302 356/8/305 351/3/300
f 353/5/302 357/9/306 356/8/305
f 358/10/307 356/8/305 357/9/306
f 358/10/307 359/11/308 356/8/305
f 359/11/308 355/7/304 356/8/305
f 349/1/298 352/2/301 360/12/309
f 350/4/299 361/13/310 354/6/303
f 362/14/311 361/13/310 350/4/299
f 349/1/298 362/14/311 350/4/299
f 362/14/311 363/15/312 361/13/310
f 362/14/311 364/16/308 363/15/312
f 364/16/308 362/14/311 365/17/313
f 349/1/298 365/17/313 362/14/311
f 366/18/314 365/17/313 349/1/298
f 366/18/314 349/1/298 360/12/309
f 366/18/314 360/12/309 367/19/315
f 366/18/314 367/19/315 368/20/316
f 368/20/316 367/19/315 369/21/317
f 370/22/318 366/18/314 368/20/316
f 364/16/308 365/17/313 370/22/318
f 366/18/314 370/22/318 365/17/313
f 370/22/318 368/20/316 371/23/319
f 372/24/320 368/20/316 369/21/317
f 372/24/320 371/23/319 368/20/316
f 373/25/321 367/19/315 360/12/309
f 374/26/322 367/19/315 373/25/321
f 374/26/322 375/27/323 367/19/315
f 367/19/315 375/27/323 369/21/317
f 369/21/317 375/27/323 376/28/324
f 377/29/325 374/26/322 373/25/321
f 377/29/325 373/25/321 378/30/326
f 378/30/326 379/31/320 377/29/325
f 378/30/326 380/32/327 379/31/320
f 381/33/328 380/32/327 378/30/326
f 381/33/328 382/34/318 380/32/327
f 375/27/323 374/26/322 383/35/329
f 375/27/323 383/35/329 384/36/330
f 383/35/329 374/26/322 385/37/331
f 385/37/331 374/26/322 377/29/325
f 385/37/331 377/29/325 386/38/332
f 379/31/320 386/38/332 377/29/325
f 385/37/331 386/38/332 387/39/333
f 378/30/326 352/2/301 381/33/328
f 378/30/326 373/25/321 352/2/301
f 373/25/321 360/12/309 352/2/301
f 352/2/301 388/40/334 381/33/328
f 388/40/334 382/34/318 381/33/328
f 355/7/304 382/34/318 388/40/334
f 355/7/304 388/40/334 352/2/301
f 359/11/308 382/34/318 355/7/304
f 389/41/335 390/43/336 391/42/337
f 391/42/337 390/43/336 392/44/338
f 391/42/337 392/44/338 393/45/339
f 393/45/339 392/44/338 394/46/340
f 393/45/339 394/46/340 395/47/341
f 396/48/342 394/46/340 392/44/338
f 397/49/343 394/46/340 396/48/342
f 396/48/342 392/44/338 398/50/344
f 390/43/336 398/50/344 392/44/338
f 399/51/345 393/45/339 395/47/341
f 400/52/346 393/45/339 399/51/345
f 400/52/346 391/42/337 393/45/339
f 399/51/345 401/53/347 400/52/346
f 399/51/345 402/54/348 401/53/347
f 402/54/348 403/55/349 401/53/347
f 402/54/348 404/56/342 403/55/349
f 405/57/350 404/56/342 402/54/348
f 405/57/350 406/58/351 404/56/342
f 407/59/352 405/57/350 402/54/348
f 407/59/352 402/54/348 399/51/345
f 399/51/345 395/47/341 407/59/352
f 407/59/352 408/60/353 405/57/350
f 408/60/353 406/58/351 405/57/350
f 407/59/352 409/61/354 408/60/353
f 395/47/341 409/61/354 407/59/352
f 408/60/353 410/62/355 406/58/351
f 395/47/341 411/63/356 409/61/354
f 401/53/347 403/55/349 412/66/357
f 401/53/347 412/66/357 413/67/358
f 401/53/347 414/68/359 400/52/346
f 401/53/347 413/67/358 414/68/359
f 415/69/360 413/67/358 412/66/357
f 414/68/359 413/67/358 415/69/360
f 400/52/346 414/68/359 391/42/337
f 391/42/337 414/68/359 416/70/361
f 391/42/337 416/70/361 417/41/335
f 414/68/359 418/69/362 416/70/361
f 419/64/363 409/61/354 420/63/356
f 419/64/363 420/63/356 421/65/62
f 411/63/356 394/46/340 422/71/364
f 411/63/356 395/47/341 394/46/340
f 423/71/364 394/46/340 397/49/343
f 424/71/364 397/49/365 425/72/366
f 426/73/367 427/75/368 428/74/369
f 426/73/367 428/74/369 429/76/75
f 429/76/75 428/74/369 430/77/76
f 427/75/368 426/73/367 431/78/370
f 427/75/368 431/78/370 432/79/371
f 428/74/369 427/75/368 433/80/355
f 428/74/369 433/80/355 434/83/372
f 435/82/354 428/74/369 434/83/372
f 428/74/369 436/81/61 430/77/76
f 428/74/369 435/82/354 436/81/61
f 437/94/373 433/80/355 427/75/368
f 437/94/373 427/75/368 432/79/371
f 438/92/364 433/80/355 437/94/373
f 439/85/374 437/94/373 432/79/371
f 437/94/373 439/85/374 440/92/375
f 439/85/374 432/79/371 441/84/376
f 431/78/370 441/84/376 432/79/371
f 439/85/374 441/84/376 442/86/81
f 443/87/82 442/86/81 441/84/376
f 443/87/82 441/84/376 431/78/370
f 444/88/83 439/85/374 442/86/81
f 444/88/83 445/89/377 439/85/374
f 439/85/374 445/89/377 446/90/378
f 439/85/374 446/90/378 440/92/375
f 446/90/378 445/89/377 447/91/379
f 448/92/380 446/90/378 447/91/379
f 449/93/381 445/89/377 444/88/83
f 450/93/62 447/91/379 445/89/377
f 443/87/82 431/78/370 451/96/382
f 443/87/82 451/96/382 452/95/89
f 452/95/89 451/96/382 453/97/329
f 452/95/89 453/97/329 454/98/383
f 454/98/383 453/97/329 455/99/384
f 456/100/385 455/99/384 453/97/329
f 455/99/384 456/100/385 457/101/333
f 455/99/384 457/101/333 458/102/386
f 459/103/387 455/99/384 458/102/386
f 455/99/384 459/103/387 460/104/97
f 454/98/383 455/99/384 460/104/97
f 426/73/367 451/96/382 431/78/370
f 426/73/367 461/105/388 451/96/382
f 462/106/389 453/97/329 451/96/382
f 462/106/389 451/96/382 461/105/388
f 462/106/389 461/105/388 463/107/390
f 426/73/367 463/107/390 461/105/388
f 462/106/389 463/107/390 464/108/391
f 464/108/391 463/107/390 465/109/392
f 465/109/392 466/110/393 464/108/391
f 466/110/393 462/106/389 464/108/391
f 465/109/392 467/111/104 466/110/393
f 466/110/393 467/111/104 468/112/394
f 466/110/393 468/112/394 469/113/395
f 469/113/395 470/114/324 466/110/393
f 469/113/395 471/115/396 470/114/324
f 426/73/367 429/76/75 463/107/390
f 466/110/393 472/116/397 462/106/389
f 466/110/393 470/114/324 472/116/397
f 429/76/75 473/117/110 463/107/390
f 463/107/390 473/117/110 465/109/392
f 474/118/398 475/120/399 476/119/400
f 477/121/401 475/120/399 474/118/398
f 475/120/399 477/121/401 478/122/402
f 475/120/399 478/122/402 479/123/403
f 478/122/402 480/124/404 479/123/403
f 479/123/403 480/124/404 481/125/405
f 482/126/406 475/120/399 479/123/403
f 475/120/399 482/126/406 483/127/407
f 479/123/403 484/128/408 482/126/406
f 479/123/403 481/125/405 484/128/408
f 484/128/408 481/125/405 485/129/409
f 486/130/410 480/124/404 478/122/402
f 486/130/410 487/131/411 480/124/404
f 488/132/412 487/131/411 486/130/410
f 488/132/412 489/133/413 487/131/411
f 490/134/414 489/133/413 488/132/412
f 490/134/414 491/135/415 489/133/413
f 484/128/408 492/136/416 482/126/406
f 484/128/408 493/137/417 492/136/416
f 493/137/417 494/138/418 492/136/416
f 493/137/417 495/139/419 494/138/418
f 494/138/418 495/139/419 496/140/420
f 497/141/421 494/138/418 496/140/420
f 498/142/422 494/138/418 497/141/421
f 492/136/416 494/138/418 498/142/422
f 496/140/420 495/139/419 499/143/423
f 492/136/416 498/142/422 500/144/424
f 501/145/425 498/142/426 502/146/421
f 503/147/427 501/145/425 502/146/421
f 503/147/427 502/146/421 504/148/420
f 505/149/428 503/147/427 504/148/420
f 506/150/429 503/147/427 505/149/428
f 503/147/427 506/150/429 501/145/425
f 506/150/429 505/149/428 507/151/430
f 505/149/428 504/148/420 508/152/423
f 507/151/430 509/153/431 506/150/429
f 506/150/429 509/153/431 510/154/432
f 506/150/429 510/154/432 511/155/433
f 501/145/425 506/150/429 511/155/433
f 511/155/433 512/144/434 501/145/425
f 513/127/407 512/144/434 511/155/433
f 510/154/432 513/127/407 511/155/433
f 505/149/428 508/152/423 514/156/435
f 505/149/428 514/156/435 515/157/417
f 516/151/436 505/149/428 515/157/417
f 516/151/436 515/157/417 517/158/408
f 476/119/437 513/127/407 510/154/432
f 510/154/432 509/153/431 518/159/312
f 519/160/310 518/159/312 509/153/431
f 519/160/310 509/153/431 520/161/438
f 521/151/430 520/161/438 509/153/431
f 522/162/439 520/161/438 521/151/430
f 520/161/438 522/162/439 523/163/409
f 520/161/438 523/163/409 524/164/440
f 520/161/438 524/164/440 525/165/441
f 519/160/310 520/161/438 525/165/441
f 526/166/442 525/165/441 524/164/440
f 525/165/441 526/166/442 527/167/443
f 525/165/441 527/167/443 528/168/444
f 529/169/445 525/165/441 528/168/444
f 527/167/443 529/169/445 528/168/444
f 527/167/443 530/170/446 529/169/445
f 526/166/442 524/164/440 531/171/447
f 527/167/443 526/166/442 532/172/448
f 527/167/443 532/172/448 533/173/449
f 530/170/446 527/167/443 533/173/449
f 533/173/449 532/172/448 534/174/450
f 533/173/449 534/174/450 535/175/414
f 530/170/446 533/173/449 536/176/410
f 536/176/410 533/173/449 535/175/414
f 536/176/410 535/175/414 537/177/451
f 538/178/452 534/174/450 532/172/448
f 538/178/452 532/172/448 539/179/453
f 539/179/453 532/172/448 526/166/442
f 539/179/453 526/166/442 531/171/447
f 519/160/310 525/165/441 540/180/454
f 541/181/455 542/183/456 543/182/457
f 541/181/455 544/184/458 542/183/456
f 521/151/430 541/181/455 543/182/457
f 521/151/430 543/182/457 522/162/439
f 543/182/457 542/183/456 545/185/459
f 543/182/457 545/185/459 546/186/460
f 522/162/439 543/182/457 546/186/460
f 522/162/439 546/186/460 523/163/409
f 541/181/455 547/187/461 544/184/458
f 541/181/455 548/188/462 547/187/461
f 549/151/430 548/188/462 541/181/455
f 549/151/430 550/158/408 548/188/462
f 551/144/463 552/142/464 501/145/465
f 482/126/406 500/144/434 483/127/407
f 482/126/406 492/136/416 553/144/424
f 554/189/466 555/191/458 556/190/461
f 554/189/466 557/192/467 555/191/458
f 558/193/460 554/189/466 556/190/461
f 558/193/460 556/190/461 559/194/468
f 484/128/408 558/193/460 559/194/468
f 485/129/409 558/193/460 484/128/408
f 476/119/400 475/120/399 560/127/469
f 476/119/437 510/154/432 561/195/470
f 510/154/432 518/159/312 561/195/470
f 562/119/471 561/195/470 563/196/472
f 564/197/473 562/119/471 563/196/472
f 564/197/473 474/118/441 562/119/471
f 565/198/474 390/43/336 566/41/475
f 565/198/474 567/199/476 390/43/336
f 567/199/476 398/50/344 390/43/336
f 568/200/335 569/203/477 570/202/478
f 568/200/335 570/202/478 571/201/479
f 571/201/479 570/202/478 572/204/480
f 571/201/479 572/204/480 573/205/360
f 570/202/478 569/203/477 574/206/481
f 569/203/477 575/207/482 574/206/481
f 570/202/478 574/206/481 576/208/483
f 570/202/478 577/209/484 572/204/480
f 570/202/478 576/208/483 577/209/484
f 578/210/485 577/209/484 576/208/483
f 572/204/480 577/209/484 578/210/485
f 578/210/485 576/208/483 579/211/486
f 572/204/480 578/210/485 580/212/487
f 581/205/362 572/204/480 580/212/487
f 581/205/362 580/212/487 582/213/361
f 582/213/361 580/212/487 583/214/488
f 582/213/361 583/214/488 584/215/335
f 583/214/488 580/212/487 585/216/489
f 580/212/487 578/210/485 586/217/490
f 586/217/490 587/218/491 580/212/487
f 578/210/485 587/218/491 586/217/490
f 578/210/485 579/211/486 587/218/491
f 580/212/487 587/218/491 585/216/489
f 583/214/488 588/216/492 589/219/482
f 590/220/493 591/218/494 592/221/486
f 593/222/495 591/218/494 590/220/493
f 593/222/495 594/216/489 591/218/494
f 595/223/482 594/216/489 593/222/495
f 292/247/254 596/249/233 597/257/241
f 597/257/241 598/256/496 292/247/254
f 599/260/245 598/256/496 597/257/241
f 600/261/246 598/256/496 599/260/245
f 292/247/254 598/256/496 294/226/255
f 596/249/497 289/248/498 601/258/104
f 601/258/104 289/248/498 602/259/499
f 603/259/394 289/248/500 604/255/248
f 605/255/248 289/248/250 278/254/252
f 606/69/360 412/66/476 607/269/479
f 608/270/289 609/272/501 610/271/502
f 610/271/502 609/272/501 611/273/503
f 612/274/292 613/276/504 614/275/505
f 614/275/505 613/276/504 615/271/255
f 616/270/289 615/271/255 613/276/504
f 617/277/506 369/21/317 618/278/507
f 372/24/320 369/21/317 617/277/506
f 618/278/507 369/21/317 376/28/324
o Object_33.001
v -0.031881 2.012456 -0.197242
v -0.091893 2.036502 -0.237640
v 0.159234 1.821979 -0.389176
v 0.187627 1.807562 -0.308356
v 0.259261 1.733035 -0.434920
v 0.287122 1.718889 -0.355620
v -0.031785 2.085085 -0.311244
v 0.120487 1.953990 -0.370477
v 0.292174 1.769426 -0.437378
v 0.320499 1.778057 -0.399258
v 0.155536 1.961024 -0.316576
v -0.055494 2.038632 -0.177087
v 0.318594 1.756010 -0.362173
v 0.108522 1.957302 -0.234763
v 0.320499 1.778057 -0.399258
v 0.155536 1.961024 -0.316576
v 0.026077 2.062733 -0.199917
v 0.005998 2.088338 -0.182067
v -0.166568 2.205720 0.084886
v -0.052913 2.217095 -0.015083
v -0.120605 2.348005 0.129165
v 0.006656 2.123693 -0.252214
v -0.066586 2.244543 -0.089774
v -0.115573 2.351043 0.022302
v -0.267503 2.263965 -0.019255
v -0.307856 2.295104 0.056185
v -0.224811 2.232533 0.151943
v -0.240085 2.330512 0.212058
v -0.191485 2.412993 0.039470
v -0.146765 2.267780 -0.109533
v -0.115573 2.351043 0.022302
v -0.066586 2.244543 -0.089774
v -0.078600 2.135058 -0.269190
v 0.006656 2.123693 -0.252214
v -0.228446 2.298548 0.002587
v -0.209418 2.194942 0.103583
v -0.280337 2.425414 0.122579
v -0.147037 2.395683 0.078757
v -0.264062 2.392656 0.177700
v -0.055746 2.110265 -0.291688
v -0.169114 0.332411 -0.883139
v -0.264317 0.663828 -0.526210
v -0.166044 0.637138 -0.537868
v -0.205462 0.791409 -0.273851
v -0.293037 0.789046 -0.305975
v -0.206652 0.820537 -0.269442
v -0.303063 0.810373 -0.283264
v -0.203835 0.764164 -0.153332
v -0.199889 0.843765 -0.147412
v -0.197690 0.709508 -0.199545
v -0.356463 0.760528 -0.193061
v -0.346431 0.707980 -0.256267
v -0.281237 0.675966 -0.202960
v -0.289249 0.746786 -0.140726
v -0.197690 0.709508 -0.199545
v -0.203835 0.764164 -0.153332
v -0.286679 0.842693 -0.120603
v -0.199889 0.843765 -0.147412
v -0.355173 0.826783 -0.178116
v -0.239786 1.302116 -0.150231
v -0.314812 1.328596 -0.245244
v -0.148966 1.345049 -0.212157
v -0.291241 1.296696 -0.392405
v -0.360727 1.322065 -0.184472
v -0.359508 1.339802 -0.372968
v -0.148965 0.519175 -0.476036
v -0.242253 0.497042 -0.449030
v -0.300351 0.556815 -0.482264
v -0.196970 0.232908 -0.807418
v -0.229428 0.275735 -0.847566
v -0.169114 0.332411 -0.883139
v -0.196970 0.232908 -0.807418
v -0.106163 1.271273 -0.364753
v -0.106163 1.271273 -0.364753
v -0.106163 1.271273 -0.364753
v -0.148966 1.345049 -0.212157
v -0.167376 1.755533 -0.093606
v -0.204111 1.430784 -0.126365
v -0.128272 1.477928 -0.203376
v -0.342211 1.744222 0.011654
v -0.356923 1.410545 -0.109103
v -0.138642 1.792758 -0.243014
v -0.127510 1.510391 -0.351894
v -0.148966 1.345049 -0.212157
v -0.360727 1.322065 -0.184472
v -0.314812 1.328596 -0.245244
v -0.239786 1.302116 -0.150231
v -0.212443 1.583299 -0.375901
v -0.203349 1.495293 -0.415646
v -0.346810 1.623379 -0.357165
v -0.338345 1.814305 -0.309407
v -0.355425 1.429178 -0.404105
v -0.324450 1.383767 -0.422272
v -0.195316 1.399499 -0.431485
v -0.291241 1.296696 -0.392405
v -0.106163 1.271273 -0.364753
v -0.359508 1.339802 -0.372968
v -0.359508 1.339802 -0.372968
v -0.123026 1.467796 -0.361860
v -0.106163 1.271273 -0.364753
v -0.106163 1.271273 -0.364753
v -0.400884 2.029237 -0.213961
v -0.188375 2.062001 -0.155130
v -0.228446 2.298548 0.002587
v -0.511899 2.261405 -0.070809
v -0.406059 2.423244 0.136625
v -0.280337 2.425414 0.122579
v -0.264062 2.392656 0.177700
v -0.376797 2.359436 0.192884
v -0.481639 2.344028 0.230307
v -0.571135 2.356305 0.156925
v -0.173609 1.945305 -0.038102
v -0.209418 2.194942 0.103583
v -0.244269 1.863722 0.022052
v -0.289543 2.072483 0.162360
v -0.432247 2.020071 0.216832
v -0.358657 2.299695 0.232377
v -0.532396 2.247269 0.253274
v -0.481639 2.344028 0.230307
v -0.376797 2.359436 0.192884
v -0.240085 2.330512 0.212058
v -0.264062 2.392656 0.177700
v -0.224811 2.232533 0.151943
v -0.326134 1.806323 0.037336
v 0.329875 1.685437 -0.360079
v 0.265082 1.731134 -0.419281
v 0.295070 1.692000 -0.412456
v 0.296488 1.661699 -0.381868
v 0.308548 1.622192 -0.397804
v 0.311098 1.645614 -0.432515
v 0.331190 1.610958 -0.415760
v 0.353385 1.631242 -0.414739
v 0.328807 1.635394 -0.496428
v 0.271366 1.663331 -0.513448
v 0.357580 1.617267 -0.475748
v 0.379966 1.602924 -0.459035
v 0.310424 1.580094 -0.420155
v 0.333498 1.582056 -0.427154
v 0.311661 1.561919 -0.438418
v 0.330799 1.563750 -0.441820
v 0.313753 1.539312 -0.437800
v 0.333237 1.541178 -0.441265
v 0.312332 1.603578 -0.503930
v 0.336192 1.580317 -0.488260
v 0.288584 1.580324 -0.492003
v 0.311120 1.563051 -0.474993
v 0.278352 1.556886 -0.503439
v 0.252201 1.588169 -0.518753
v 0.256695 1.606828 -0.512100
v 0.298860 1.540816 -0.487336
v 0.271064 1.639398 -0.531127
v 0.280752 1.630473 -0.549790
v 0.252201 1.588169 -0.518753
v 0.320361 1.580120 -0.530636
v 0.278352 1.556886 -0.503439
v 0.343921 1.564200 -0.508075
v 0.357116 1.642132 -0.515596
v 0.379991 1.625172 -0.493087
v 0.298860 1.540816 -0.487336
v 0.358750 1.744474 -0.427149
v 0.306370 1.756092 -0.445202
v 0.294313 1.673893 -0.534858
v 0.271064 1.639398 -0.531127
v 0.271366 1.663331 -0.513448
v 0.311120 1.563051 -0.474993
v 0.336192 1.580317 -0.488260
v 0.379991 1.625172 -0.493087
v 0.357580 1.617267 -0.475748
v 0.320499 1.778057 -0.399258
v 0.318594 1.756010 -0.362173
v 0.369468 1.709370 -0.384934
v 0.379991 1.625172 -0.493087
v 0.398471 1.611467 -0.474899
v 0.379966 1.602924 -0.459035
v 0.353385 1.631242 -0.414739
v 0.329875 1.685437 -0.360079
v 0.339801 1.611678 -0.384926
v 0.313514 1.612004 -0.378126
v 0.311345 1.656056 -0.360409
v 0.296488 1.661699 -0.381868
v 0.308548 1.622192 -0.397804
v 0.331190 1.610958 -0.415760
v 0.340670 1.569790 -0.407809
v 0.313714 1.569559 -0.401131
v 0.333237 1.541178 -0.441265
v 0.313753 1.539312 -0.437800
v 0.310424 1.580094 -0.420155
v 0.311661 1.561919 -0.438418
v 0.330799 1.563750 -0.441820
v 0.333498 1.582056 -0.427154
v 0.287122 1.718889 -0.355620
v 0.358423 1.565997 -0.523508
v 0.377253 1.552941 -0.505200
v 0.336228 1.516549 -0.493337
v 0.320728 1.526669 -0.507669
v 0.340781 1.537323 -0.478100
v 0.365944 1.561840 -0.483752
v 0.323444 1.552306 -0.493914
v 0.344720 1.577940 -0.500376
v 0.379991 1.625172 -0.493087
v 0.357580 1.617267 -0.475748
v 0.271064 1.639398 -0.531127
v 0.256695 1.606828 -0.512100
v 0.271064 1.639398 -0.531127
v 0.340781 1.537323 -0.478100
v 0.323444 1.552306 -0.493914
v 0.320728 1.526669 -0.507669
v 0.336228 1.516549 -0.493337
v 0.365944 1.561840 -0.483752
v 0.344720 1.577940 -0.500376
v 0.271366 1.663331 -0.513448
v 0.292174 1.769426 -0.437378
v 0.265082 1.731134 -0.419281
v 0.259261 1.733035 -0.434920
v 0.287122 1.718889 -0.355620
v -0.140058 0.267405 -0.825632
v -0.169114 0.332411 -0.883139
v -0.148965 0.519175 -0.476036
v -0.169114 0.332411 -0.883139
v -0.140058 0.267405 -0.825632
v -0.127031 0.232532 -0.868998
v -0.150540 0.304157 -0.920901
v -0.185767 0.179445 -0.863887
v -0.196970 0.232908 -0.807418
v -0.061621 0.237303 -0.985591
v -0.100787 0.267301 -1.020453
v -0.123989 -0.090328 -0.831580
v -0.182700 -0.028873 -0.824472
v -0.243792 -0.084702 -0.851544
v -0.247218 -0.125786 -0.861288
v -0.211555 0.236434 -0.912683
v -0.196970 0.232908 -0.807418
v -0.229428 0.275735 -0.847566
v -0.150540 0.304157 -0.920901
v -0.169114 0.332411 -0.883139
v -0.154187 0.238313 -1.031592
v -0.266393 -0.062202 -0.869536
v -0.278798 -0.099106 -0.902620
v -0.100787 0.267301 -1.020453
v -0.154187 0.238313 -1.031592
v -0.123989 -0.090328 -0.831580
v -0.247218 -0.125786 -0.861288
v -0.278798 -0.099106 -0.902620
v -0.061621 0.237303 -0.985591
v -0.154187 0.238313 -1.031592
v -0.100787 0.267301 -1.020453
v -0.601274 2.432937 0.475934
v -0.585738 2.388984 0.442525
v -0.538288 2.452438 0.413266
v -0.629396 2.392268 0.475448
v -0.624433 2.344223 0.459515
v -0.622496 2.344856 0.446589
v -0.640805 2.364951 0.469919
v -0.646665 2.365786 0.498620
v -0.603896 2.497996 0.480098
v -0.611570 2.567246 0.479518
v -0.667893 2.418643 0.497951
v -0.668671 2.396610 0.501369
v -0.691117 2.426416 0.510364
v -0.636049 2.455175 0.506926
v -0.650155 2.478352 0.530031
v -0.704798 2.441116 0.528993
v -0.723331 2.463901 0.543340
v -0.673422 2.507188 0.547171
v -0.787290 2.553969 0.549493
v -0.675364 2.598742 0.541359
v -0.708957 2.678862 0.449857
v -0.620495 2.617028 0.399353
v -0.560353 2.494374 0.351556
v -0.508070 2.319353 0.343990
v -0.543136 2.416882 0.286233
v -0.563907 2.310030 0.290062
v -0.650721 2.635142 0.305698
v -0.801550 2.647804 0.271096
v -0.701245 2.521985 0.202916
v -0.590006 2.544592 0.283467
v -0.633014 2.420028 0.218633
v -0.633014 2.420028 0.218633
v -0.571135 2.356305 0.156925
v -0.545324 2.323652 0.402690
v -0.539159 2.252029 0.350882
v -0.563907 2.310030 0.290062
v -0.532396 2.247269 0.253274
v -0.481639 2.344028 0.230307
v -0.566535 2.272999 0.396076
v -0.574717 2.282582 0.400951
v -0.481639 2.344028 0.230307
v -0.571135 2.356305 0.156925
v -0.674830 2.325017 0.262016
v -0.776564 2.414456 0.249162
v -0.754240 2.357520 0.307232
v -0.605567 2.249711 0.317248
v -0.563907 2.310030 0.290062
v -0.740270 2.309870 0.367089
v -0.861444 2.448949 0.355043
v -0.837974 2.409315 0.437886
v -0.776991 2.377251 0.448268
v -0.717113 2.352131 0.454632
v -0.673601 2.327694 0.426367
v -0.670805 2.363381 0.467832
v -0.624433 2.344223 0.459515
v -0.622496 2.344856 0.446589
v -0.640805 2.364951 0.469919
v -0.646665 2.365786 0.498620
v -0.688309 2.404401 0.494197
v -0.668671 2.396610 0.501369
v -0.691117 2.426416 0.510364
v -0.734046 2.386816 0.488907
v -0.756453 2.404202 0.510483
v -0.704798 2.441116 0.528993
v -0.723331 2.463901 0.543340
v -0.779720 2.433038 0.527626
v -0.861712 2.468753 0.507090
v -0.902497 2.543854 0.414265
v -0.845879 2.499007 0.269809
v -0.801550 2.647804 0.271096
v -0.701245 2.521985 0.202916
v -0.633014 2.420028 0.218633
v -0.829527 2.512212 0.529498
v -0.888676 2.572833 0.454260
v -0.902497 2.543854 0.414265
v -0.836639 2.669634 0.379102
v -0.801550 2.647804 0.271096
v -0.787290 2.553969 0.549493
v -0.825768 2.623760 0.493995
v -0.836639 2.669634 0.379102
v -0.836639 2.669634 0.379102
v -0.708957 2.678862 0.449857
v -0.749583 2.669860 0.479840
v -0.730814 2.581070 0.547651
v -0.825768 2.623760 0.493995
v -0.836639 2.669634 0.379102
v -0.646665 2.365786 0.498620
v -0.650264 2.369974 0.502301
v -0.668671 2.396610 0.501369
v -0.196970 0.232908 -0.807418
v -0.140058 0.267405 -0.825632
v -0.639065 2.412584 0.291252
v -0.538288 2.452438 0.413266
v -0.622496 2.344856 0.446589
v -0.585738 2.388984 0.442525
v -0.574717 2.282582 0.400951
v -0.545324 2.323652 0.402690
v -0.562421 2.285069 0.349650
v -0.538288 2.452438 0.413266
v -0.639065 2.412584 0.291252
v -0.147037 2.395683 0.078757
v -0.264062 2.392656 0.177700
v -0.700680 1.729713 -0.193014
v -0.910801 1.517560 -0.077459
v -0.890786 1.463376 -0.142335
v -0.649697 1.713311 -0.239291
v -0.986489 1.373281 -0.090057
v -1.006129 1.426450 -0.026399
v -0.701449 1.709149 -0.323401
v -0.861886 1.560346 -0.237410
v -1.022450 1.394694 -0.115778
v -1.048022 1.430156 -0.095320
v -0.892639 1.607169 -0.205086
v -0.710639 1.713973 -0.195797
v -1.041076 1.445115 -0.055408
v -0.838618 1.667809 -0.156900
v -1.048022 1.430156 -0.095320
v -0.892639 1.607169 -0.205086
v -0.762700 1.760031 -0.226606
v -0.774114 1.735119 -0.238225
v -0.778184 1.953669 0.020698
v -0.833247 1.903659 -0.111617
v -0.875264 2.073491 -0.002443
v -0.752626 1.756519 -0.309879
v -0.795388 1.920708 -0.180863
v -0.832389 2.055655 -0.098869
v -0.660922 2.026478 -0.052612
v -0.668701 2.083218 0.018168
v -0.765788 2.011750 0.091975
v -0.793335 2.109952 0.121094
v -0.791922 2.143629 -0.076108
v -0.724361 1.968621 -0.176587
v -0.832389 2.055655 -0.098869
v -0.795388 1.920708 -0.180863
v -0.677849 1.768893 -0.314762
v -0.752626 1.756519 -0.309879
v -0.720513 2.074566 -0.051358
v -0.688151 1.986702 0.059265
v -0.794346 2.203144 0.021359
v -0.842832 2.118000 -0.052240
v -0.804503 2.170057 0.077734
v -0.688979 1.738615 -0.320091
v -0.405114 0.008682 -0.379746
v -0.480044 0.462364 -0.354535
v -0.389734 0.501852 -0.326417
v -0.513044 0.756374 -0.267767
v -0.421680 0.744038 -0.253382
v -0.514788 0.834818 -0.270763
v -0.420538 0.823448 -0.246740
v -0.565331 0.799285 -0.157957
v -0.567421 0.858039 -0.160457
v -0.561689 0.744438 -0.168869
v -0.410182 0.787219 -0.129908
v -0.405282 0.723879 -0.147464
v -0.489972 0.727703 -0.116971
v -0.494695 0.790468 -0.102020
v -0.561689 0.744438 -0.168869
v -0.565331 0.799285 -0.157957
v -0.497490 0.855853 -0.102517
v -0.567421 0.858039 -0.160457
v -0.412398 0.839122 -0.129567
v -0.524269 1.315853 -0.145292
v -0.418324 1.341454 -0.204264
v -0.584024 1.359973 -0.236991
v -0.407837 1.306018 -0.373404
v -0.539011 0.414415 -0.243841
v -0.467467 0.427505 -0.175782
v -0.391686 0.456607 -0.214033
v -0.424805 -0.010914 -0.254688
v -0.372937 -0.002045 -0.296290
v -0.405114 0.008682 -0.379746
v -0.424805 -0.010914 -0.254688
v -0.360727 1.322065 -0.184472
v -0.407837 1.306018 -0.373404
v -0.359508 1.339802 -0.372968
v -0.580793 1.313073 -0.390452
v -0.580793 1.313073 -0.390452
v -0.580793 1.313073 -0.390452
v -0.584024 1.359973 -0.236991
v -0.514856 1.771136 -0.094385
v -0.578190 1.498128 -0.204386
v -0.507227 1.444396 -0.127045
v -0.342211 1.744222 0.011654
v -0.356923 1.410545 -0.109103
v -0.539470 1.810755 -0.243913
v -0.575376 1.530499 -0.352898
v -0.584024 1.359973 -0.236991
v -0.524269 1.315853 -0.145292
v -0.418324 1.341454 -0.204264
v -0.360727 1.322065 -0.184472
v -0.584269 1.489838 -0.362603
v -0.580793 1.313073 -0.390452
v -0.500910 1.508654 -0.416312
v -0.580793 1.313073 -0.390452
v -0.484144 1.595497 -0.376508
v -0.346810 1.623379 -0.357165
v -0.338345 1.814305 -0.309407
v -0.355425 1.429178 -0.404105
v -0.390263 1.386722 -0.422419
v -0.517425 1.413962 -0.432209
v -0.407837 1.306018 -0.373404
v -0.580793 1.313073 -0.390452
v -0.359508 1.339802 -0.372968
v -0.359508 1.339802 -0.372968
v -0.577312 1.895669 -0.186986
v -0.400884 2.029237 -0.213961
v -0.720513 2.074566 -0.051358
v -0.511899 2.261405 -0.070809
v -0.720528 2.287233 0.088174
v -0.794346 2.203144 0.021359
v -0.804503 2.170057 0.077734
v -0.712916 2.225595 0.128435
v -0.633382 2.279133 0.217881
v -0.571135 2.356305 0.156925
v -0.519582 1.797345 -0.066436
v -0.688151 1.986702 0.059265
v -0.421069 1.788112 0.007573
v -0.565987 1.956834 0.151005
v -0.432247 2.020071 0.216832
v -0.692232 2.165164 0.191960
v -0.532396 2.247269 0.253274
v -0.633382 2.279133 0.217881
v -0.712916 2.225595 0.128435
v -0.793335 2.109952 0.121094
v -0.804503 2.170057 0.077734
v -0.765788 2.011750 0.091975
v -0.326134 1.806323 0.037336
v -1.046793 1.381548 0.007151
v -1.018694 1.358751 -0.044702
v -0.990506 1.387443 -0.074019
v -1.015831 1.348502 -0.002959
v -1.028970 1.307007 0.005165
v -1.036134 1.309427 -0.036099
v -1.053390 1.289210 -0.001763
v -1.075685 1.308145 -0.008804
v -1.061225 1.268731 -0.083182
v -1.006808 1.281342 -0.118525
v -1.086943 1.265096 -0.053019
v -1.106869 1.262382 -0.028899
v -1.032721 1.259542 0.008011
v -1.056503 1.258692 0.003667
v -1.035803 1.234654 0.001966
v -1.055243 1.235358 0.000298
v -1.037371 1.215681 0.014345
v -1.057163 1.216396 0.012650
v -1.045178 1.236849 -0.075076
v -1.066518 1.226021 -0.047093
v -1.019720 1.221931 -0.055675
v -1.039701 1.216862 -0.029776
v -1.010493 1.195505 -0.054509
v -0.986988 1.213290 -0.086573
v -0.991000 1.232905 -0.089999
v -1.028596 1.190910 -0.030234
v -1.008184 1.251745 -0.121288
v -1.019881 1.234974 -0.131470
v -0.986988 1.213290 -0.086573
v -1.055918 1.203418 -0.084816
v -1.010493 1.195505 -0.054509
v -1.076273 1.202401 -0.054781
v -1.091771 1.265983 -0.099737
v -1.111433 1.264016 -0.069286
v -1.028596 1.190910 -0.030234
v -1.084677 1.399139 -0.076948
v -1.035090 1.397456 -0.104207
v -1.032371 1.280480 -0.139555
v -1.008184 1.251745 -0.121288
v -1.006808 1.281342 -0.118525
v -1.039701 1.216862 -0.029776
v -1.066518 1.226021 -0.047093
v -1.111433 1.264016 -0.069286
v -1.086943 1.265096 -0.053019
v -1.048022 1.430156 -0.095320
v -1.041076 1.445115 -0.055408
v -1.089546 1.391150 -0.021797
v -1.111433 1.264016 -0.069286
v -1.127316 1.262427 -0.044685
v -1.106869 1.262382 -0.028899
v -1.075685 1.308145 -0.008804
v -1.046793 1.381548 0.007151
v -1.058229 1.306018 0.025062
v -1.031323 1.308579 0.027695
v -1.027877 1.355334 0.019872
v -1.015831 1.348502 -0.002959
v -1.028970 1.307007 0.005165
v -1.053390 1.289210 -0.001763
v -1.061050 1.258413 0.027232
v -1.033487 1.260403 0.029976
v -1.057163 1.216396 0.012650
v -1.037371 1.215681 0.014345
v -1.032721 1.259542 0.008011
v -1.035803 1.234654 0.001966
v -1.055243 1.235358 0.000298
v -1.056503 1.258692 0.003667
v -1.006129 1.426450 -0.026399
v -1.092564 1.196698 -0.067183
v -1.065944 1.168734 -0.018626
v -1.108794 1.195743 -0.042771
v -1.052486 1.169362 -0.037771
v -1.069024 1.194562 -0.015837
v -1.095147 1.213845 -0.030389
v -1.054012 1.198518 -0.038945
v -1.076401 1.218164 -0.055203
v -1.111433 1.264016 -0.069286
v -1.086943 1.265096 -0.053019
v -1.008184 1.251745 -0.121288
v -0.991000 1.232905 -0.089999
v -1.008184 1.251745 -0.121288
v -1.069024 1.194562 -0.015837
v -1.052486 1.169362 -0.037771
v -1.054012 1.198518 -0.038945
v -1.065944 1.168734 -0.018626
v -1.095147 1.213845 -0.030389
v -1.076401 1.218164 -0.055203
v -1.006808 1.281342 -0.118525
v -1.022450 1.394694 -0.115778
v -0.990506 1.387443 -0.074019
v -0.986489 1.373281 -0.090057
v -1.006129 1.426450 -0.026399
v -0.464114 -0.004583 -0.311044
v -0.405114 0.008682 -0.379746
v -0.539011 0.414415 -0.243841
v -0.405114 0.008682 -0.379746
v -0.417178 -0.068372 -0.387328
v -0.456732 -0.074823 -0.305043
v -0.464114 -0.004583 -0.311044
v -0.404088 -0.065821 -0.246379
v -0.424805 -0.010914 -0.254688
v -0.452383 -0.191081 -0.371076
v -0.404116 -0.183283 -0.406552
v -0.445814 -0.196435 -0.003813
v -0.405891 -0.133637 -0.045484
v -0.334295 -0.148328 0.001847
v -0.322156 -0.172533 0.034423
v -0.362713 -0.062638 -0.313993
v -0.424805 -0.010914 -0.254688
v -0.372937 -0.002045 -0.296290
v -0.417178 -0.068372 -0.387328
v -0.405114 0.008682 -0.379746
v -0.350039 -0.177877 -0.377185
v -0.308072 -0.139896 -0.022282
v -0.276642 -0.174809 -0.002196
v -0.350039 -0.177877 -0.377185
v -0.404116 -0.183283 -0.406552
v -0.445814 -0.196435 -0.003813
v -0.276642 -0.174809 -0.002196
v -0.322156 -0.172533 0.034423
v -0.452383 -0.191081 -0.371076
v -0.350039 -0.177877 -0.377185
v -0.404116 -0.183283 -0.406552
v -0.563907 2.310030 0.290062
v -0.539159 2.252029 0.350882
v -0.620009 2.270305 0.382204
v -0.566535 2.272999 0.396076
v -0.574717 2.282582 0.400951
v -0.532396 2.247269 0.253274
v -0.633382 2.279133 0.217881
v -0.633382 2.279133 0.217881
v -0.571135 2.356305 0.156925
v -0.571135 2.356305 0.156925
v -0.424805 -0.010914 -0.254688
v -0.464114 -0.004583 -0.311044
v -0.639065 2.412584 0.291252
v -0.622496 2.344856 0.446589
v -0.740270 2.309870 0.367089
v -0.673601 2.327694 0.426367
v -0.574717 2.282582 0.400951
v -0.562421 2.285069 0.349650
v -0.620009 2.270305 0.382204
v -0.740270 2.309870 0.367089
v -0.639065 2.412584 0.291252
v -0.842832 2.118000 -0.052240
v -0.804503 2.170057 0.077734
vn -0.2159 -0.6761 0.7045
vn -0.8147 -0.5078 -0.2799
vn -0.6667 -0.4951 -0.5571
vn -0.2431 -0.6958 0.6758
vn -0.7715 -0.3321 -0.5427
vn -0.3233 -0.5224 0.7890
vn -0.1964 0.3533 -0.9147
vn 0.0110 0.4017 -0.9157
vn 0.0768 0.5701 -0.8180
vn 0.6818 0.7301 -0.0469
vn 0.7316 0.6804 -0.0429
vn -0.1290 -0.7794 0.6131
vn 0.5896 0.3020 0.7491
vn 0.5171 0.0354 0.8552
vn 0.6817 0.7301 -0.0469
vn 0.7286 0.6834 -0.0463
vn 0.6436 0.1721 0.7457
vn 0.8405 -0.0174 0.5416
vn 0.0877 -0.8262 0.5566
vn 0.9122 -0.0600 0.4053
vn 0.7719 0.2532 0.5831
vn 0.6734 0.7048 -0.2231
vn 0.6922 0.6663 -0.2774
vn 0.7328 0.6343 -0.2463
vn -0.8735 -0.1690 -0.4565
vn -0.9096 0.1796 0.3746
vn 0.4532 -0.2300 0.8612
vn 0.5560 0.0531 0.8295
vn -0.0084 0.8926 -0.4508
vn -0.1875 0.6436 -0.7420
vn 0.7327 0.6344 -0.2464
vn 0.6971 0.6676 -0.2615
vn -0.4503 0.5039 -0.7371
vn 0.7096 0.6876 -0.1540
vn 0.4607 0.5236 0.7166
vn 0.5233 -0.0507 0.8506
vn 0.2089 0.9697 0.1271
vn 0.6261 0.7655 0.1482
vn 0.5145 0.6461 0.5638
vn -0.3327 0.4052 -0.8516
vn 0.2099 0.7100 -0.6722
vn -0.4792 0.6722 -0.5644
vn 0.7071 0.5986 -0.3765
vn 0.8635 0.3415 -0.3712
vn -0.4511 0.6499 -0.6116
vn 0.7894 -0.0574 -0.6111
vn -0.6224 0.1726 -0.7634
vn 0.8175 -0.2074 0.5373
vn 0.7863 -0.0927 0.6109
vn 0.8280 -0.3511 0.4372
vn -0.9527 -0.1988 0.2300
vn -0.9704 -0.2406 0.0189
vn -0.2067 -0.7593 0.6170
vn -0.2198 -0.4367 0.8724
vn 0.8311 -0.3380 0.4416
vn 0.8449 -0.2097 0.4922
vn -0.2151 -0.0293 0.9762
vn 0.7954 -0.0886 0.5996
vn -0.9661 0.0092 0.2582
vn -0.1406 0.0999 0.9850
vn -0.3789 -0.7006 0.6047
vn 0.8107 -0.0161 0.5853
vn -0.3796 -0.6442 -0.6640
vn 0.1768 -0.7694 0.6138
vn -0.1643 -0.8912 -0.4229
vn 0.8591 -0.3659 0.3579
vn -0.2517 -0.7971 0.5488
vn -0.9751 -0.2213 -0.0125
vn -0.2430 -0.7671 0.5938
vn -0.9837 0.0102 -0.1798
vn 0.2098 0.7100 -0.6722
vn -0.2430 -0.7670 0.5938
vn 0.8484 -0.2962 -0.4388
vn 0.8534 -0.2663 -0.4481
vn 0.8107 -0.0162 0.5852
vn 0.7894 -0.0672 0.6102
vn 0.8479 -0.0900 0.5224
vn 0.4430 -0.3164 0.8389
vn 0.9384 -0.0935 0.3326
vn 0.0407 -0.3186 0.9470
vn -0.0248 -0.5104 0.8596
vn 0.8609 0.2843 -0.4220
vn 0.8685 0.2205 -0.4439
vn 0.8909 -0.1392 0.4323
vn 0.0052 -0.9284 0.3717
vn -0.3713 -0.8917 0.2589
vn -0.2082 -0.0635 0.9760
vn 0.2693 0.3799 -0.8850
vn 0.2541 0.2697 -0.9288
vn 0.0141 0.2651 -0.9641
vn -0.0315 0.3648 -0.9306
vn 0.0079 0.1271 -0.9919
vn -0.3543 -0.1371 -0.9250
vn 0.3220 -0.0225 -0.9465
vn -0.4266 -0.3176 -0.8468
vn 0.8350 -0.0786 -0.5447
vn -0.0383 -0.8778 -0.4776
vn -0.1352 -0.9142 -0.3821
vn 0.8964 0.0977 -0.4324
vn 0.8537 -0.1570 -0.4965
vn 0.8550 -0.1944 -0.4808
vn -0.1497 0.4103 -0.8996
vn 0.7313 0.3984 -0.5536
vn 0.5054 0.4167 -0.7556
vn -0.2408 0.6329 -0.7358
vn -0.1148 0.9931 0.0253
vn -0.2174 0.9628 -0.1603
vn -0.0929 0.6023 0.7928
vn 0.0887 0.5566 0.8260
vn 0.4092 0.6162 0.6730
vn -0.3341 0.9001 -0.2798
vn 0.9560 -0.0494 0.2892
vn 0.9515 -0.1095 0.2875
vn 0.6072 -0.3399 0.7182
vn 0.5905 -0.2372 0.7714
vn 0.1707 -0.3717 0.9125
vn 0.2228 0.1646 0.9609
vn 0.0924 -0.2464 0.9648
vn 0.4276 0.5980 0.6779
vn 0.0557 0.7184 0.6934
vn 0.1229 0.0798 0.9892
vn -0.1336 0.6174 0.7752
vn 0.7268 -0.6521 0.2156
vn 0.1660 -0.5006 0.8496
vn 0.0345 -0.2422 0.9696
vn -0.9958 0.0825 0.0404
vn -0.8763 -0.3900 0.2830
vn -0.9507 0.0554 0.3053
vn -0.9481 -0.2405 -0.2082
vn -0.8102 -0.5144 -0.2811
vn 0.3209 -0.1834 -0.9292
vn 0.6221 -0.7240 0.2981
vn -0.6725 -0.4523 0.5858
vn -0.9982 -0.0517 -0.0302
vn -0.6251 -0.5709 0.5323
vn 0.1815 -0.6568 0.7319
vn -0.8829 0.2341 -0.4071
vn 0.5193 0.4483 -0.7276
vn -0.7418 0.1912 -0.6428
vn 0.4078 0.3103 -0.8587
vn -0.5112 -0.8210 -0.2541
vn 0.5213 -0.7253 -0.4496
vn -0.3244 0.3007 0.8968
vn 0.2906 -0.1819 0.9394
vn -0.3923 0.2448 0.8866
vn 0.0695 -0.0834 0.9941
vn -0.6717 -0.7405 -0.0213
vn -0.9173 -0.3674 -0.1532
vn -0.7797 0.4011 0.4808
vn -0.2257 -0.9294 0.2921
vn -0.9658 0.2588 0.0139
vn -0.2992 0.0602 -0.9523
vn -0.9173 -0.3675 -0.1532
vn -0.7797 0.4011 0.4809
vn 0.2253 -0.4466 -0.8659
vn -0.6718 -0.7405 -0.0213
vn 0.6733 -0.7079 -0.2135
vn 0.6121 0.2300 -0.7566
vn 0.7537 0.2456 -0.6095
vn -0.2258 -0.9294 0.2921
vn 0.7452 0.6227 -0.2385
vn 0.0064 0.6684 -0.7438
vn -0.1107 0.5727 -0.8123
vn -0.9658 0.2587 0.0141
vn -0.9982 -0.0517 -0.0301
vn 0.2905 -0.1819 0.9394
vn 0.7538 0.2457 -0.6094
vn -0.6250 -0.5709 0.5323
vn 0.7034 0.7098 -0.0387
vn 0.6186 0.3020 0.7253
vn 0.8609 0.1349 0.4906
vn 0.9985 -0.0505 -0.0220
vn 0.6221 -0.7239 0.2981
vn -0.1328 -0.1923 0.9723
vn 0.7322 -0.3388 0.5909
vn -0.4815 -0.4054 0.7771
vn -0.3118 -0.0986 0.9450
vn -0.9506 0.0553 0.3053
vn -0.9481 -0.2406 -0.2079
vn 0.8342 -0.3947 0.3852
vn -0.5290 -0.5349 0.6587
vn 0.5214 -0.7253 -0.4494
vn -0.5113 -0.8210 -0.2540
vn -0.8829 0.2342 -0.4071
vn -0.7418 0.1913 -0.6427
vn 0.4077 0.3102 -0.8588
vn 0.5191 0.4484 -0.7276
vn -0.2731 -0.5577 0.7838
vn 0.0180 0.0826 -0.9964
vn 0.8202 -0.5130 -0.2532
vn -0.0523 -0.9826 0.1785
vn -0.7370 -0.5082 -0.4456
vn -0.0718 -0.2300 0.9705
vn 0.2011 -0.3383 0.9193
vn -0.8866 0.3922 0.2454
vn -0.8697 0.4934 -0.0156
vn -0.9658 0.2589 0.0143
vn -0.2995 0.0604 -0.9522
vn -0.7796 0.4011 0.4811
vn -0.9659 0.2587 0.0140
vn -0.9658 0.2588 0.0140
vn -0.0718 -0.2299 0.9706
vn -0.7369 -0.5083 -0.4457
vn -0.0523 -0.9826 0.1784
vn 0.2011 -0.3384 0.9193
vn -0.8698 0.4932 -0.0156
vn -0.9982 -0.0516 -0.0302
vn 0.0970 0.2653 -0.9593
vn 0.7774 -0.5028 -0.3780
vn 0.7653 -0.5916 -0.2536
vn -0.2429 -0.6462 0.7235
vn -0.3320 -0.4671 0.8195
vn 0.9475 -0.2011 0.2484
vn 0.8590 -0.3660 0.3579
vn 0.2930 0.7584 -0.5822
vn 0.9271 -0.1964 0.3191
vn 0.8011 0.0866 0.5923
vn 0.1831 0.9548 -0.2343
vn -0.4883 -0.0642 0.8703
vn -0.2189 -0.8328 0.5085
vn 0.9483 0.1261 -0.2913
vn 0.3926 0.5131 -0.7632
vn 0.6549 -0.6803 0.3292
vn -0.1573 0.0332 0.9870
vn -0.5050 -0.0985 0.8575
vn -0.2885 -0.9284 0.2341
vn -0.9499 0.2294 -0.2121
vn -0.2698 -0.8444 0.4628
vn -0.9543 -0.1086 -0.2784
vn 0.1060 0.9602 -0.2585
vn 0.2133 0.7316 -0.6475
vn -0.3025 0.1644 -0.9388
vn -0.8147 0.0847 0.5736
vn -0.6809 -0.5770 -0.4510
vn 0.1340 0.9729 -0.1882
vn 0.3927 0.5131 -0.7632
vn -0.3025 0.1644 -0.9389
vn 0.6549 -0.6803 0.3291
vn -0.6809 -0.5771 -0.4510
vn 0.9483 0.1261 -0.2912
vn -0.3026 0.1644 -0.9388
vn 0.6027 -0.2172 0.7678
vn 0.7910 -0.6117 -0.0105
vn 0.9618 0.1217 0.2453
vn 0.5708 -0.1983 0.7968
vn 0.3980 -0.7203 0.5681
vn 0.5851 -0.7813 -0.2174
vn 0.3048 -0.6261 0.7177
vn 0.3822 -0.7053 0.5971
vn 0.7204 0.0333 0.6928
vn 0.7891 0.3841 0.4794
vn 0.4380 -0.2053 0.8752
vn -0.0065 -0.2465 0.9691
vn 0.2296 -0.5421 0.8083
vn 0.5492 -0.3462 0.7606
vn 0.5377 -0.2280 0.8117
vn 0.2227 -0.5343 0.8154
vn 0.0313 -0.2965 0.9545
vn 0.3567 -0.0610 0.9322
vn -0.2979 0.1799 0.9375
vn 0.4073 0.4492 0.7952
vn 0.2983 0.9360 0.1871
vn 0.7635 0.6425 0.0653
vn 0.9142 0.3952 -0.0897
vn 0.9774 -0.1893 -0.0936
vn 0.9139 0.3373 -0.2257
vn 0.7466 -0.5585 -0.3614
vn 0.5001 0.7591 -0.4168
vn -0.3587 0.6822 -0.6371
vn 0.0491 0.1883 -0.9809
vn 0.7634 0.4594 -0.4540
vn 0.0588 0.1748 -0.9829
vn 0.0699 0.1866 -0.9799
vn -0.4512 0.7536 -0.4779
vn -0.1886 0.0039 0.9820
vn 0.5812 -0.8137 0.0001
vn 0.6043 -0.7752 -0.1842
vn 0.4533 -0.8906 0.0377
vn -0.1313 -0.0320 0.9908
vn 0.9489 0.3121 -0.0468
vn 0.0624 0.7489 0.6597
vn 0.2538 -0.6354 0.7293
vn -0.4082 0.2323 0.8829
vn 0.0987 0.7637 0.6380
vn -0.3530 0.8372 -0.4177
vn 0.9666 0.2390 -0.0923
vn -0.5156 -0.6868 -0.5123
vn -0.5517 -0.4532 -0.7002
vn 0.0606 0.1895 -0.9800
vn -0.6207 -0.6705 -0.4065
vn -0.0602 -0.9206 -0.3859
vn 0.4027 -0.7695 -0.4957
vn -0.4779 -0.8751 -0.0759
vn -0.8506 -0.4741 -0.2274
vn -0.7177 -0.6650 0.2069
vn -0.4260 -0.7719 0.4719
vn -0.1812 -0.7666 0.6160
vn 0.3321 -0.9381 -0.0980
vn -0.1908 -0.7296 0.6567
vn 0.5850 -0.7813 -0.2174
vn -0.1615 -0.6234 0.7650
vn -0.0062 -0.2462 0.9692
vn 0.2295 -0.5422 0.8083
vn -0.0396 -0.7569 0.6523
vn -0.1567 -0.7125 0.6840
vn 0.2228 -0.5343 0.8154
vn 0.0313 -0.2964 0.9545
vn -0.2821 -0.5066 0.8147
vn -0.7330 -0.3463 0.5855
vn -0.9982 0.0315 -0.0514
vn -0.7534 -0.1126 -0.6478
vn -0.3587 0.6822 -0.6372
vn 0.0491 0.1882 -0.9809
vn 0.0589 0.1747 -0.9829
vn -0.5093 0.0127 0.8605
vn -0.8678 0.3214 0.3790
vn -0.9982 0.0316 -0.0513
vn -0.5583 0.8245 -0.0916
vn -0.5209 0.5822 0.6242
vn -0.5583 0.8246 -0.0917
vn -0.1130 0.8480 0.5178
vn -0.0592 0.3266 0.9433
vn 0.3822 -0.7052 0.5972
vn 0.0365 -0.3034 0.9522
vn -0.0063 -0.2463 0.9692
vn -0.2431 -0.7671 0.5937
vn 0.8590 -0.3660 0.3580
vn 0.1200 -0.4387 0.8906
vn 0.9331 -0.0183 0.3591
vn 0.4834 -0.8753 0.0084
vn 0.6512 -0.3333 0.6818
vn -0.4080 0.2322 0.8830
vn -0.1135 -0.0402 0.9927
vn -0.6238 0.5750 0.5293
vn 0.9699 0.2104 0.1223
vn 0.3243 -0.6889 0.6483
vn 0.5272 0.8442 0.0966
vn 0.3567 0.7893 0.4997
vn 0.7923 0.5715 0.2139
vn 0.3584 0.0850 0.9297
vn 0.6580 -0.7516 -0.0459
vn 0.9222 -0.3852 0.0345
vn 0.7473 -0.6414 -0.1736
vn 0.4330 0.2808 0.8565
vn 0.2535 -0.3354 -0.9073
vn -0.0799 -0.4628 -0.8829
vn -0.1948 -0.2768 -0.9410
vn -0.7426 0.4317 -0.5120
vn -0.7824 0.4061 -0.4722
vn 0.3627 -0.9318 -0.0123
vn -0.5464 0.7805 0.3037
vn -0.4428 0.6945 0.5671
vn -0.7426 0.4318 -0.5120
vn -0.7855 0.4018 -0.4707
vn 0.0868 0.9844 -0.1528
vn -0.3237 -0.8896 -0.3221
vn -0.1040 -0.6871 0.7191
vn -0.9437 -0.3278 0.0442
vn -0.9880 0.0229 0.1525
vn -0.6074 0.2477 -0.7548
vn -0.6437 0.2956 -0.7059
vn -0.6837 0.2575 -0.6828
vn 0.9949 0.0969 -0.0293
vn 0.6359 0.5620 0.5290
vn -0.5179 -0.4537 0.7252
vn -0.7863 -0.1785 0.5915
vn 0.0185 0.7231 -0.6905
vn 0.3169 0.5281 -0.7878
vn -0.6836 0.2575 -0.6829
vn -0.6569 0.2976 -0.6927
vn 0.5483 0.3134 -0.7754
vn -0.7952 0.3059 -0.5235
vn -0.9042 0.0265 0.4264
vn -0.5706 -0.6912 0.4434
vn -0.7660 0.6321 -0.1171
vn -0.8359 0.3992 -0.3766
vn -0.9689 0.1413 0.2031
vn 0.4477 -0.0475 -0.8929
vn 0.1784 0.0509 -0.9826
vn -0.4036 0.1041 -0.9090
vn 0.7625 0.1792 -0.6217
vn -0.4975 0.0783 -0.8639
vn 0.7389 0.1716 -0.6516
vn -0.4536 -0.1662 -0.8756
vn 0.7946 -0.0475 -0.6053
vn -0.9762 -0.0741 0.2039
vn -0.9630 -0.0636 0.2619
vn -0.9737 -0.1160 0.1958
vn 0.8146 -0.0474 0.5781
vn 0.8510 -0.0638 0.5213
vn -0.1625 -0.2366 0.9579
vn -0.1775 -0.1128 0.9776
vn -0.9748 -0.1144 0.1915
vn -0.9812 -0.0753 0.1777
vn -0.1775 0.0476 0.9830
vn -0.9630 -0.0528 0.2643
vn 0.8186 0.0484 0.5723
vn -0.2497 0.1022 0.9629
vn 0.4859 -0.5442 0.6840
vn -0.9728 -0.0038 0.2317
vn 0.4579 -0.6356 -0.6215
vn -0.9805 -0.1373 0.1405
vn -0.1106 -0.1919 0.9752
vn 0.8571 -0.0517 0.5125
vn -0.1296 -0.1409 0.9815
vn 0.9667 0.0088 0.2557
vn -0.1296 -0.1410 0.9815
vn -0.1233 -0.7309 0.6712
vn 0.2616 -0.9175 0.2997
vn 0.3125 -0.3920 -0.8653
vn 0.1424 -0.9302 -0.3384
vn -0.7364 -0.2576 -0.6256
vn -0.6649 -0.2746 -0.6947
vn -0.7204 -0.2092 -0.6612
vn -0.9427 -0.0458 0.3305
vn -0.9526 -0.0091 0.3041
vn -0.8391 -0.2853 0.4632
vn -0.9374 0.0010 0.3483
vn -0.4721 -0.2485 0.8458
vn 0.0639 -0.4112 0.9093
vn -0.0249 -0.5104 0.8596
vn -0.7865 0.2538 -0.5630
vn -0.8404 0.3063 -0.4472
vn -0.9600 -0.0065 0.2799
vn -0.3415 -0.0767 0.9367
vn 0.1660 -0.9523 0.2559
vn -0.0692 -0.8935 0.4438
vn -0.8832 0.1661 -0.4386
vn -0.7244 -0.0974 -0.6824
vn -0.2241 0.2899 -0.9304
vn -0.8224 -0.0462 -0.5670
vn -0.2302 0.4023 -0.8861
vn 0.0220 0.4045 -0.9143
vn 0.0080 0.1271 -0.9919
vn 0.3062 -0.2206 -0.9261
vn -0.3358 -0.0049 -0.9419
vn 0.4051 -0.3882 -0.8278
vn -0.7532 -0.1327 -0.6443
vn -0.0383 -0.8778 -0.4775
vn 0.0955 -0.9565 -0.2755
vn -0.7796 -0.0976 -0.6187
vn -0.0776 0.4360 -0.8966
vn -0.5199 -0.0535 -0.8525
vn -0.1737 0.6511 -0.7389
vn -0.6547 0.7532 -0.0636
vn -0.2442 0.8590 -0.4500
vn -0.6572 0.4526 0.6027
vn -0.6941 0.1880 0.6949
vn -0.9126 0.1234 0.3897
vn -0.3910 0.8827 -0.2607
vn -0.6802 -0.6469 0.3446
vn -0.5769 -0.7826 0.2339
vn -0.3315 -0.6920 0.6413
vn -0.3589 -0.6155 0.7016
vn 0.0390 -0.4085 0.9119
vn -0.5493 -0.0501 0.8342
vn -0.0660 -0.3395 0.9383
vn -0.8678 0.1092 0.4847
vn -0.7334 0.5102 0.4492
vn -0.5776 0.0546 0.8145
vn -0.5916 0.5582 0.5817
vn -0.1031 -0.9864 0.1277
vn 0.1193 -0.5258 0.8422
vn 0.0874 0.2906 0.9528
vn 0.9113 -0.2295 0.3417
vn 0.9916 0.0459 -0.1210
vn 0.9793 0.1603 0.1233
vn 0.9204 -0.3563 -0.1608
vn 0.7801 -0.6222 -0.0664
vn -0.4271 -0.6186 -0.6594
vn -0.5675 -0.4398 0.6961
vn 0.7468 -0.1186 0.6544
vn 0.9881 -0.1054 -0.1123
vn 0.6956 -0.2455 0.6752
vn -0.0792 -0.1800 0.9805
vn 0.8227 -0.0481 -0.5665
vn -0.6117 0.0355 -0.7903
vn 0.6551 -0.1990 -0.7289
vn -0.5143 -0.1552 -0.8435
vn 0.4925 -0.8576 0.1481
vn -0.5579 -0.8284 0.0500
vn 0.4245 0.7025 0.5713
vn -0.1715 0.3386 0.9252
vn 0.4917 0.6463 0.5835
vn 0.0527 0.4409 0.8960
vn 0.6784 -0.6766 0.2863
vn 0.8990 -0.4356 -0.0452
vn 0.8242 0.5546 0.1144
vn 0.2772 -0.6577 0.7004
vn 0.9553 0.1849 -0.2306
vn 0.1809 -0.4499 -0.8746
vn 0.8243 0.5545 0.1143
vn 0.8990 -0.4357 -0.0453
vn -0.3196 -0.8163 -0.4812
vn 0.6784 -0.6767 0.2863
vn -0.6804 -0.6856 0.2586
vn -0.7032 -0.1623 -0.6922
vn -0.8264 -0.0671 -0.5591
vn 0.2772 -0.6578 0.7004
vn -0.8095 0.4011 -0.4288
vn -0.4009 -0.1276 -0.9072
vn 0.0008 0.0699 -0.9976
vn 0.9553 0.1848 -0.2306
vn 0.9881 -0.1054 -0.1122
vn 0.0527 0.4408 0.8960
vn -0.1715 0.3385 0.9252
vn -0.8265 -0.0671 -0.5590
vn 0.9661 0.0694 -0.2488
vn -0.7353 0.3880 -0.5556
vn -0.5675 0.7302 0.3804
vn -0.7760 0.4245 0.4664
vn -0.8264 -0.0670 -0.5591
vn -0.9927 -0.0088 0.1204
vn -0.5676 -0.4397 0.6961
vn 0.2554 0.4384 0.8618
vn -0.6488 0.0457 0.7595
vn 0.5796 0.0283 0.8144
vn 0.4254 0.3853 0.8189
vn 0.9793 0.1604 0.1234
vn 0.9204 -0.3563 -0.1607
vn -0.4271 -0.6186 -0.6595
vn -0.7738 -0.1029 0.6250
vn 0.6148 -0.1454 0.7751
vn -0.5579 -0.8284 0.0499
vn 0.4924 -0.8577 0.1479
vn 0.8226 -0.0481 -0.5665
vn 0.6549 -0.1992 -0.7290
vn -0.5143 -0.1552 -0.8434
vn 0.3498 0.2110 0.9128
vn -0.1396 -0.4388 -0.8877
vn 0.0923 -0.7535 0.6509
vn -0.8348 -0.5321 0.1414
vn 0.6874 -0.6978 -0.2012
vn 0.1929 0.2968 0.9352
vn -0.0821 0.1900 0.9783
vn 0.9020 0.4216 -0.0934
vn 0.8519 0.3752 -0.3654
vn -0.8264 -0.0671 -0.5590
vn 0.6955 -0.2455 0.6752
vn 0.9553 0.1852 -0.2305
vn 0.8241 0.5548 0.1145
vn 0.1811 -0.4497 -0.8746
vn 0.9553 0.1849 -0.2305
vn 0.1928 0.2968 0.9353
vn 0.9020 0.4215 -0.0935
vn 0.0924 -0.7535 0.6509
vn 0.8518 0.3752 -0.3655
vn -0.3289 -0.9348 -0.1340
vn -0.6677 0.4756 -0.5727
vn -0.9561 -0.2200 0.1937
vn -0.7475 -0.5287 0.4022
vn 0.3629 0.2009 0.9099
vn 0.3660 0.3614 0.8576
vn -0.9924 -0.0995 -0.0725
vn -0.9805 -0.1373 0.1407
vn -0.0283 -0.0323 -0.9991
vn -0.0287 0.2879 -0.9572
vn -0.9868 0.1609 0.0173
vn -0.9609 -0.2524 -0.1137
vn -0.0294 0.8480 0.5292
vn -0.1239 -0.1657 0.9784
vn -0.6673 -0.6326 -0.3930
vn 0.0095 -0.5230 -0.8523
vn -0.6574 -0.3983 0.6397
vn -0.3810 0.8186 0.4297
vn -0.0051 0.8381 0.5455
vn 0.2183 -0.1075 0.9699
vn 0.8994 0.4021 -0.1712
vn 0.0947 -0.0836 0.9920
vn 0.9714 -0.0475 0.2325
vn -0.0042 0.3515 -0.9362
vn 0.1550 -0.0393 -0.9871
vn 0.7265 -0.4619 -0.5087
vn 0.3862 0.8691 0.3091
vn 0.8707 -0.2526 0.4220
vn -0.1154 0.2391 -0.9641
vn 0.7266 -0.4619 -0.5086
vn -0.6574 -0.3984 0.6397
vn 0.8707 -0.2527 0.4220
vn 0.2183 -0.1076 0.9699
vn -0.6674 -0.6326 -0.3930
vn 0.7265 -0.4619 -0.5088
vn 0.0096 -0.5230 -0.8523
vn 0.6042 -0.7752 -0.1842
vn 0.5812 -0.8138 0.0001
vn -0.2643 -0.0755 0.9615
vn 0.2537 -0.6354 0.7293
vn -0.4081 0.2323 0.8829
vn 0.4829 -0.8741 0.0520
vn -0.6144 -0.6725 -0.4127
vn 0.0548 -0.0293 0.9981
vn -0.8944 0.1034 0.4351
vn -0.8922 0.0855 0.4436
vn -0.5185 -0.7129 -0.4721
vn -0.4456 0.7749 -0.4483
vn -0.4574 0.7465 -0.4833
vn 0.1344 -0.4284 0.8935
vn 0.6618 -0.7462 0.0719
vn -0.3711 -0.9248 0.0834
vn -0.1422 -0.7724 0.6190
vn -0.4079 0.2322 0.8830
vn -0.5131 0.6476 0.5633
vn -0.2365 -0.1915 0.9526
vn -0.5055 -0.8250 -0.2527
vn 0.3424 -0.6762 0.6523
vn -0.7271 0.5639 -0.3916
vn -0.8411 0.4994 0.2077
vt 0.730382 0.103619
vt 0.705649 0.144477
vt 0.906050 0.162418
vt 0.907543 0.101904
vt 0.999984 0.166941
vt 1.001061 0.095946
vt 0.733494 0.205318
vt 0.838940 0.209383
vt 0.991053 0.210366
vt 0.981648 0.252295
vt 0.840260 0.252371
vt 0.689743 0.104698
vt 0.991405 0.052870
vt 0.810174 0.064464
vt 0.981657 0.011468
vt 0.840250 0.011429
vt 0.734207 0.056759
vt 0.693123 0.056174
vt 0.518060 0.096757
vt 0.575201 0.047645
vt 0.473165 0.043970
vt 0.716055 0.011396
vt 0.597290 0.011359
vt 0.510869 0.011322
vt 0.522475 0.164896
vt 0.485011 0.157654
vt 0.479927 0.107408
vt 0.445175 0.049232
vt 0.473366 0.225391
vt 0.579352 0.211659
vt 0.510849 0.252622
vt 0.597275 0.252464
vt 0.688056 0.203710
vt 0.716059 0.252303
vt 0.459430 0.138427
vt 0.448360 0.105872
vt 0.445220 0.217118
vt 0.468555 0.252667
vt 0.435264 0.252667
vt 0.710772 0.204691
vt 0.809314 0.993189
vt 0.844593 0.748486
vt 0.799681 0.766537
vt 0.795370 0.616810
vt 0.844460 0.624653
vt 0.796731 0.566457
vt 0.846052 0.573862
vt 0.737687 0.589384
vt 0.737679 0.566887
vt 0.737691 0.611583
vt 0.903594 0.595045
vt 0.902086 0.622902
vt 0.947494 0.615460
vt 0.947980 0.591500
vt 0.993009 0.611673
vt 0.993010 0.589483
vt 0.948583 0.568105
vt 0.993012 0.566905
vt 0.904969 0.574145
vt 0.939443 0.344499
vt 0.898532 0.361084
vt 0.993076 0.320695
vt 0.854260 0.365264
vt 0.915162 0.347050
vt 0.854851 0.350073
vt 0.993004 0.780156
vt 0.944441 0.769131
vt 0.900724 0.759988
vt 0.936461 0.995025
vt 0.880074 0.997653
vt 0.789589 0.353336
vt 0.737576 0.320774
vt 0.459999 0.699940
vt 0.421847 0.911548
vt 0.493482 0.874305
vt 0.334346 0.703269
vt 0.334346 0.906337
vt 0.574509 0.696105
vt 0.570429 0.874521
vt 0.490508 0.948126
vt 0.334346 0.965522
vt 0.365140 0.975937
vt 0.420117 0.965795
vt 0.650541 0.838561
vt 0.643075 0.892767
vt 0.726515 0.817051
vt 0.726515 0.703484
vt 0.726515 0.932364
vt 0.709975 0.959389
vt 0.635989 0.948441
vt 0.695226 0.983366
vt 0.579503 0.979625
vt 0.726515 0.978941
vt 0.572418 0.925007
vt 0.726515 0.610225
vt 0.575486 0.609180
vt 0.574131 0.447552
vt 0.726515 0.445670
vt 0.628909 0.318546
vt 0.561909 0.331279
vt 0.561667 0.289065
vt 0.629838 0.284131
vt 0.681244 0.268659
vt 0.726515 0.308737
vt 0.465542 0.609718
vt 0.497836 0.448231
vt 0.389955 0.608312
vt 0.424485 0.456931
vt 0.334346 0.436815
vt 0.434410 0.332167
vt 0.334346 0.318454
vt 0.382074 0.269755
vt 0.433481 0.285227
vt 0.501409 0.332846
vt 0.501652 0.290161
vt 0.532354 0.423067
vt 0.334346 0.607952
vt 0.079805 0.232283
vt 0.164710 0.210607
vt 0.122523 0.194649
vt 0.082536 0.195321
vt 0.065738 0.163787
vt 0.098907 0.148763
vt 0.061632 0.142152
vt 0.067395 0.121429
vt 0.123677 0.114515
vt 0.175785 0.114562
vt 0.094627 0.115280
vt 0.071940 0.113520
vt 0.035702 0.148111
vt 0.041923 0.132093
vt 0.020229 0.138299
vt 0.026355 0.125859
vt 0.005702 0.131286
vt 0.011940 0.118620
vt 0.124248 0.087244
vt 0.097369 0.085301
vt 0.124231 0.055219
vt 0.098622 0.055224
vt 0.124118 0.033753
vt 0.158367 0.040381
vt 0.164154 0.054336
vt 0.099739 0.035139
vt 0.171577 0.088395
vt 0.192231 0.080816
vt 0.172887 0.036601
vt 0.229659 0.051083
vt 0.207206 0.014433
vt 0.253565 0.037615
vt 0.259273 0.099604
vt 0.295568 0.088781
vt 0.225257 0.005464
vt 0.257519 0.214069
vt 0.210893 0.208562
vt 0.203087 0.112287
vt 0.256732 0.004405
vt 0.275505 0.029551
vt 0.296663 0.056271
vt 0.254448 0.243670
vt 0.287294 0.248875
vt 0.299549 0.220380
vt 0.323300 0.104611
vt 0.343328 0.116239
vt 0.349575 0.166371
vt 0.341191 0.234380
vt 0.379236 0.180734
vt 0.393815 0.198439
vt 0.369935 0.227020
vt 0.383913 0.245331
vt 0.408148 0.211617
vt 0.372524 0.153454
vt 0.406401 0.154959
vt 0.418570 0.170953
vt 0.432503 0.130104
vt 0.445823 0.142555
vt 0.433494 0.180403
vt 0.448844 0.163198
vt 0.412154 0.127150
vt 0.395815 0.139939
vt 0.325332 0.261049
vt 0.344700 0.051550
vt 0.359289 0.070966
vt 0.389947 0.045029
vt 0.374202 0.026325
vt 0.391323 0.064504
vt 0.369359 0.086828
vt 0.352694 0.023153
vt 0.330809 0.036634
vt 0.068269 0.054545
vt 0.088448 0.054365
vt 0.085147 0.033440
vt 0.068311 0.035581
vt 0.069129 0.082960
vt 0.091835 0.081384
vt 0.214759 0.239928
vt 0.170727 0.242683
vt 0.094294 0.262400
vt 0.737783 0.987757
vt 0.737708 0.780107
vt 0.274783 0.263290
vt 0.251897 0.284556
vt 0.265085 0.304716
vt 0.290410 0.280108
vt 0.230808 0.322133
vt 0.234686 0.293532
vt 0.317161 0.315098
vt 0.326877 0.296848
vt 0.247112 0.446506
vt 0.230894 0.421947
vt 0.204488 0.436013
vt 0.200804 0.450038
vt 0.202857 0.296193
vt 0.220949 0.280878
vt 0.186739 0.265822
vt 0.206200 0.254811
vt 0.152216 0.291162
vt 0.194174 0.426648
vt 0.177297 0.438725
vt 0.148125 0.271043
vt 0.109679 0.437051
vt 0.158639 0.453515
vt 0.110675 0.292890
vt 0.130164 0.279394
vt 0.048936 0.787641
vt 0.037433 0.823986
vt 0.095670 0.805101
vt 0.018334 0.795488
vt 0.001309 0.823986
vt 0.001309 0.828672
vt 0.001309 0.805245
vt 0.001309 0.793266
vt 0.072476 0.756292
vt 0.104842 0.722758
vt 0.009703 0.762035
vt 0.001309 0.770446
vt 0.001309 0.745864
vt 0.041600 0.754625
vt 0.045013 0.731461
vt 0.001309 0.728107
vt 0.001309 0.706350
vt 0.045012 0.704329
vt 0.000634 0.640415
vt 0.080537 0.664700
vt 0.172489 0.654188
vt 0.168984 0.731210
vt 0.146949 0.810560
vt 0.044855 0.876465
vt 0.134665 0.883862
vt 0.053879 0.921862
vt 0.230813 0.753236
vt 0.327296 0.709405
vt 0.289853 0.844016
vt 0.198004 0.819694
vt 0.222406 0.906637
vt 0.208321 0.985394
vt 0.032665 0.835220
vt 0.001309 0.884699
vt 0.068912 0.997425
vt 0.136690 0.961832
vt 0.001309 0.847491
vt 0.001309 0.839125
vt 0.041894 0.649915
vt 0.070649 0.583980
vt 0.103642 0.580263
vt 0.049090 0.502723
vt 0.103028 0.449168
vt 0.013527 0.576938
vt 0.001309 0.788851
vt 0.992969 0.987765
vt 0.232379 0.916718
vt 0.282941 0.969753
vt 0.311768 0.908112
vt 0.306313 0.933309
vt 0.220304 0.994415
vt 0.243005 0.989735
vt 0.222758 0.978624
vt 0.468563 0.011307
vt 0.435273 0.011298
s 1
usemtl enemy_tonnel.001
f 619/279/508 620/280/509 621/281/510
f 619/279/508 621/281/510 622/282/511
f 622/282/511 621/281/510 623/283/512
f 622/282/511 623/283/512 624/284/513
f 621/281/510 620/280/509 625/285/514
f 621/281/510 625/285/514 626/286/515
f 623/283/512 621/281/510 626/286/515
f 623/283/512 626/286/515 627/287/516
f 628/288/517 627/287/516 626/286/515
f 628/288/517 626/286/515 629/289/518
f 629/289/518 626/286/515 625/285/514
f 619/279/508 630/290/519 620/280/509
f 622/282/511 624/284/513 631/291/520
f 632/292/521 622/282/511 631/291/520
f 619/279/508 622/282/511 632/292/521
f 632/292/521 631/291/520 633/293/522
f 632/292/521 633/293/522 634/294/523
f 634/294/523 635/295/524 632/292/521
f 619/279/508 632/292/521 635/295/524
f 636/296/525 630/290/519 619/279/508
f 636/296/525 619/279/508 635/295/524
f 636/296/525 637/297/526 630/290/519
f 636/296/525 638/298/527 637/297/526
f 638/298/527 639/299/528 637/297/526
f 640/300/529 638/298/527 636/296/525
f 634/294/523 640/300/529 635/295/524
f 636/296/525 635/295/524 640/300/529
f 640/300/529 641/301/530 638/298/527
f 642/302/531 639/299/528 638/298/527
f 642/302/531 638/298/527 641/301/530
f 643/303/532 630/290/519 637/297/526
f 644/304/533 643/303/532 637/297/526
f 644/304/533 637/297/526 645/305/534
f 637/297/526 639/299/528 645/305/534
f 639/299/528 646/306/535 645/305/534
f 647/307/536 643/303/532 644/304/533
f 647/307/536 648/308/537 643/303/532
f 648/308/537 647/307/536 649/309/538
f 648/308/537 649/309/538 650/310/539
f 651/311/540 648/308/537 650/310/539
f 651/311/540 650/310/539 652/312/541
f 645/305/534 653/313/542 644/304/533
f 645/305/534 654/314/543 653/313/542
f 653/313/542 655/315/544 644/304/533
f 655/315/544 647/307/536 644/304/533
f 655/315/544 656/316/545 647/307/536
f 649/309/538 647/307/536 656/316/545
f 655/315/544 657/317/546 656/316/545
f 648/308/537 651/311/540 620/280/509
f 648/308/537 620/280/509 643/303/532
f 643/303/532 620/280/509 630/290/519
f 620/280/509 651/311/540 658/318/547
f 658/318/547 651/311/540 652/312/541
f 625/285/514 658/318/547 652/312/541
f 625/285/514 620/280/509 658/318/547
f 629/289/518 625/285/514 652/312/541
f 659/319/548 660/320/549 661/321/550
f 660/320/549 662/322/551 661/321/550
f 660/320/549 663/323/552 662/322/551
f 663/323/552 664/324/553 662/322/551
f 663/323/552 665/325/554 664/324/553
f 666/326/555 662/322/551 664/324/553
f 667/327/556 666/326/555 664/324/553
f 666/326/555 668/328/557 662/322/551
f 661/321/550 662/322/551 668/328/557
f 669/329/558 665/325/554 663/323/552
f 670/330/559 669/329/558 663/323/552
f 670/330/559 663/323/552 660/320/549
f 669/329/558 670/330/559 671/331/560
f 669/329/558 671/331/560 672/332/561
f 672/332/561 671/331/560 673/333/562
f 672/332/561 673/333/562 674/334/563
f 675/335/564 672/332/561 674/334/563
f 675/335/564 674/334/563 676/336/565
f 677/337/566 669/329/558 672/332/561
f 677/337/566 672/332/561 675/335/564
f 669/329/558 677/337/566 665/325/554
f 677/337/566 675/335/564 678/338/567
f 678/338/567 675/335/564 676/336/565
f 677/337/566 678/338/567 679/339/568
f 665/325/554 677/337/566 679/339/568
f 678/338/567 676/336/565 680/340/569
f 665/325/554 679/339/568 681/341/570
f 682/342/571 681/341/570 679/339/568
f 682/342/571 683/343/572 681/341/570
f 671/331/560 684/344/573 673/333/562
f 671/331/560 685/345/574 684/344/573
f 671/331/560 670/330/559 686/346/575
f 671/331/560 686/346/575 685/345/574
f 687/347/576 684/344/573 685/345/574
f 686/346/575 687/347/576 685/345/574
f 670/330/559 660/320/549 686/346/575
f 660/320/549 688/348/577 686/346/575
f 660/320/549 689/319/578 688/348/577
f 686/346/575 688/348/577 690/347/579
f 681/341/570 691/349/580 664/324/553
f 681/341/570 664/324/553 665/325/554
f 692/349/581 667/327/556 664/324/553
f 693/349/581 694/350/582 667/327/583
f 695/351/584 696/352/585 697/353/586
f 695/351/584 698/354/587 696/352/585
f 698/354/587 699/355/588 696/352/585
f 697/353/586 700/356/589 695/351/584
f 697/353/586 701/357/590 700/356/589
f 697/353/586 696/352/585 702/358/591
f 696/352/585 699/355/588 703/359/592
f 696/352/585 703/359/592 704/360/593
f 704/360/593 705/361/594 696/352/585
f 696/352/585 705/361/594 702/358/591
f 700/356/589 701/357/590 706/362/595
f 707/363/596 706/362/595 701/357/590
f 707/363/596 708/364/597 706/362/595
f 709/365/598 706/362/595 708/364/597
f 709/365/598 700/356/589 706/362/595
f 710/366/599 708/364/597 707/363/596
f 710/366/599 707/363/596 711/367/600
f 707/363/596 712/368/601 711/367/600
f 711/367/600 712/368/601 713/369/602
f 712/368/601 707/363/596 714/370/603
f 715/371/604 710/366/599 711/367/600
f 716/371/605 711/367/600 713/369/602
f 707/363/596 701/357/590 717/372/606
f 707/363/596 717/372/606 714/370/603
f 717/372/606 701/357/590 697/353/586
f 717/372/606 697/353/586 702/358/591
f 718/370/607 717/372/606 702/358/591
f 712/368/601 719/370/608 713/369/602
f 709/365/598 720/373/609 721/374/610
f 709/365/598 721/374/610 700/356/589
f 720/373/609 722/375/611 721/374/610
f 720/373/609 723/376/612 722/375/611
f 723/376/612 724/377/613 722/375/611
f 725/378/614 722/375/611 724/377/613
f 724/377/613 726/379/615 725/378/614
f 724/377/613 727/380/616 726/379/615
f 728/381/617 727/380/616 724/377/613
f 724/377/613 729/382/618 728/381/617
f 723/376/612 729/382/618 724/377/613
f 695/351/584 700/356/589 721/374/610
f 695/351/584 721/374/610 730/383/619
f 731/384/620 730/383/619 721/374/610
f 731/384/620 721/374/610 722/375/611
f 731/384/620 732/385/621 730/383/619
f 695/351/584 730/383/619 732/385/621
f 731/384/620 733/386/622 732/385/621
f 733/386/622 734/387/623 732/385/621
f 734/387/623 733/386/622 735/388/624
f 735/388/624 733/386/622 731/384/620
f 734/387/623 735/388/624 736/389/625
f 735/388/624 737/390/626 736/389/625
f 735/388/624 738/391/627 737/390/626
f 738/391/627 735/388/624 739/392/628
f 738/391/627 739/392/628 740/393/629
f 695/351/584 732/385/621 698/354/587
f 735/388/624 731/384/620 741/394/630
f 735/388/624 741/394/630 739/392/628
f 698/354/587 732/385/621 742/395/631
f 732/385/621 734/387/623 742/395/631
f 743/396/632 744/397/633 745/398/634
f 746/399/635 743/396/632 745/398/634
f 745/398/634 747/400/636 746/399/635
f 745/398/634 748/401/637 747/400/636
f 747/400/636 748/401/637 749/402/638
f 748/401/637 750/403/639 749/402/638
f 751/404/640 748/401/637 745/398/634
f 745/398/634 752/405/641 751/404/640
f 748/401/637 751/404/640 753/406/642
f 748/401/637 753/406/642 750/403/639
f 753/406/642 754/407/643 750/403/639
f 755/408/644 747/400/636 749/402/638
f 755/408/644 749/402/638 756/409/645
f 757/410/646 755/408/644 756/409/645
f 757/410/646 756/409/645 758/411/647
f 759/412/648 757/410/646 758/411/647
f 759/412/648 758/411/647 760/413/649
f 753/406/642 751/404/640 761/414/650
f 753/406/642 761/414/650 762/415/651
f 762/415/651 761/414/650 763/416/652
f 762/415/651 763/416/652 764/417/653
f 763/416/652 765/418/654 764/417/653
f 766/419/655 765/418/654 763/416/652
f 767/420/656 766/419/655 763/416/652
f 761/414/650 767/420/656 763/416/652
f 765/418/654 768/421/657 764/417/653
f 761/414/650 769/422/658 767/420/656
f 770/423/659 771/424/660 767/420/661
f 772/425/662 771/424/660 770/423/659
f 772/425/662 773/426/663 771/424/660
f 774/427/664 773/426/663 772/425/662
f 775/428/665 774/427/664 772/425/662
f 772/425/662 770/423/659 775/428/665
f 775/428/665 776/429/666 774/427/664
f 774/427/664 777/430/667 773/426/663
f 776/429/666 775/428/665 778/431/668
f 775/428/665 779/432/669 778/431/668
f 775/428/665 780/433/670 779/432/669
f 770/423/659 780/433/670 775/428/665
f 780/433/670 770/423/659 781/422/671
f 782/405/672 780/433/670 781/422/671
f 779/432/669 780/433/670 782/405/672
f 774/427/664 783/434/653 777/430/667
f 774/427/664 784/435/673 783/434/653
f 785/429/674 784/435/673 774/427/664
f 785/429/674 786/436/675 784/435/673
f 744/397/633 779/432/669 782/405/672
f 779/432/669 787/437/676 778/431/668
f 788/438/677 778/431/668 787/437/676
f 788/438/677 789/439/678 778/431/668
f 790/429/674 778/431/668 789/439/678
f 791/440/679 790/429/674 789/439/678
f 789/439/678 792/441/643 791/440/679
f 789/439/678 793/442/680 792/441/643
f 789/439/678 794/443/681 793/442/680
f 788/438/677 794/443/681 789/439/678
f 795/444/682 793/442/680 794/443/681
f 794/443/681 796/445/683 795/444/682
f 794/443/681 797/446/684 796/445/683
f 798/447/685 797/446/684 794/443/681
f 796/445/683 797/446/684 798/447/685
f 796/445/683 798/447/685 799/448/686
f 795/444/682 800/449/638 793/442/680
f 796/445/683 801/450/687 795/444/682
f 796/445/683 802/451/688 801/450/687
f 799/448/686 802/451/688 796/445/683
f 802/451/688 803/452/689 801/450/687
f 802/451/688 804/453/690 803/452/689
f 799/448/686 805/454/691 802/451/688
f 805/454/691 804/453/690 802/451/688
f 805/454/691 806/455/692 804/453/690
f 807/456/693 801/450/687 803/452/689
f 807/456/693 808/457/694 801/450/687
f 808/457/694 800/449/638 795/444/682
f 808/457/694 795/444/682 801/450/687
f 788/438/677 809/458/695 794/443/681
f 810/459/696 811/460/697 812/461/698
f 810/459/696 812/461/698 813/462/699
f 790/429/674 811/460/697 810/459/696
f 790/429/674 791/440/679 811/460/697
f 811/460/697 814/463/700 812/461/698
f 811/460/697 815/464/701 814/463/700
f 791/440/679 815/464/701 811/460/697
f 791/440/679 792/441/643 815/464/701
f 810/459/696 813/462/699 816/465/702
f 810/459/696 816/465/702 817/466/703
f 818/429/674 810/459/696 817/466/703
f 818/429/674 817/466/703 819/436/642
f 820/422/704 770/423/705 821/420/706
f 751/404/640 752/405/641 769/422/707
f 751/404/640 822/422/708 761/414/650
f 823/467/709 824/468/702 825/469/710
f 823/467/709 825/469/710 826/470/711
f 827/471/712 824/468/702 823/467/709
f 827/471/712 828/472/713 824/468/702
f 753/406/642 828/472/713 827/471/712
f 754/407/643 753/406/642 827/471/712
f 744/397/633 829/405/714 745/398/634
f 779/432/669 830/473/715 787/437/676
f 831/397/716 830/473/715 779/432/669
f 831/397/716 832/474/717 830/473/715
f 833/475/718 832/474/717 831/397/716
f 833/475/718 831/397/716 743/396/719
f 834/476/720 835/319/548 661/321/550
f 834/476/720 661/321/550 836/477/721
f 836/477/721 661/321/550 668/328/557
f 837/478/722 838/479/723 839/480/724
f 837/478/722 839/480/724 840/481/725
f 838/479/723 841/482/726 839/480/724
f 838/479/723 842/483/727 841/482/726
f 839/480/724 843/484/728 840/481/725
f 840/481/725 843/484/728 844/485/729
f 839/480/724 845/486/730 843/484/728
f 839/480/724 841/482/726 846/487/731
f 839/480/724 846/487/731 845/486/730
f 847/488/732 845/486/730 846/487/731
f 841/482/726 847/488/732 846/487/731
f 847/488/732 848/489/733 845/486/730
f 841/482/726 849/490/734 847/488/732
f 850/483/735 849/490/734 841/482/726
f 850/483/735 851/491/736 849/490/734
f 851/491/736 852/492/737 849/490/734
f 851/491/736 853/493/738 852/492/737
f 852/492/737 854/494/739 849/490/734
f 849/490/734 855/495/740 847/488/732
f 855/495/740 849/490/734 856/496/741
f 847/488/732 855/495/740 856/496/741
f 847/488/732 856/496/741 848/489/733
f 849/490/734 854/494/739 856/496/741
f 852/492/742 857/497/743 858/494/744
f 859/498/745 860/499/733 861/496/746
f 862/500/747 859/498/745 861/496/746
f 862/500/747 861/496/746 863/494/748
f 864/501/743 862/500/747 863/494/748
f 865/502/749 866/503/750 867/504/751
f 865/502/749 868/505/752 866/503/750
f 868/505/752 869/506/753 866/503/750
f 870/507/754 866/503/750 869/506/753
f 869/506/753 868/505/752 871/508/755
f 871/508/755 868/505/752 872/509/756
f 867/504/751 873/510/757 865/502/749
f 867/504/751 874/511/758 873/510/757
f 868/505/752 865/502/749 875/512/759
f 876/513/760 868/505/752 875/512/759
f 876/513/760 875/512/759 877/514/761
f 865/502/749 878/515/762 875/512/759
f 865/502/749 873/510/757 878/515/762
f 879/516/763 877/514/761 875/512/759
f 875/512/759 878/515/762 879/516/763
f 878/515/762 873/510/757 879/516/763
f 873/510/757 874/511/758 879/516/763
f 877/514/761 879/516/763 880/517/764
f 880/517/764 879/516/763 881/518/765
f 879/516/763 882/519/766 881/518/765
f 874/511/758 882/519/766 879/516/763
f 881/518/765 882/519/766 883/520/767
f 884/521/768 882/519/766 874/511/758
f 884/521/768 874/511/758 885/522/769
f 874/511/758 886/523/770 885/522/769
f 867/504/751 886/523/770 874/511/758
f 867/504/751 887/524/771 886/523/770
f 888/525/772 887/524/771 867/504/751
f 888/525/772 889/526/773 887/524/771
f 888/525/772 890/527/774 889/526/773
f 886/523/770 891/528/775 885/522/769
f 887/524/771 891/528/775 886/523/770
f 892/529/776 885/522/769 891/528/775
f 892/529/776 891/528/775 893/530/777
f 893/530/777 891/528/775 894/531/778
f 889/526/773 894/531/778 887/524/771
f 887/524/771 894/531/778 891/528/775
f 893/530/777 894/531/778 895/532/779
f 889/526/773 896/532/780 894/531/778
f 897/533/781 896/532/780 889/526/773
f 888/525/772 867/504/751 898/534/782
f 899/535/783 888/525/772 898/534/782
f 888/525/772 899/535/783 900/527/784
f 900/527/785 901/536/786 889/526/787
f 901/536/786 902/537/788 889/526/787
f 903/538/789 899/535/783 898/534/782
f 904/539/790 903/538/789 898/534/782
f 905/537/791 906/533/792 889/526/793
f 907/526/794 908/531/795 896/532/796
f 907/526/794 909/524/797 908/531/795
f 910/525/798 909/524/797 907/526/794
f 910/525/798 907/526/794 911/527/799
f 910/525/798 912/504/800 909/524/797
f 912/504/800 913/523/801 909/524/797
f 912/504/800 914/511/802 913/523/801
f 912/504/800 915/510/803 914/511/802
f 912/504/800 916/502/804 915/510/803
f 916/502/804 912/504/800 917/503/805
f 916/502/804 917/503/805 918/505/806
f 918/505/806 917/503/805 919/506/753
f 920/507/807 919/506/753 917/503/805
f 919/506/753 921/508/755 918/505/806
f 921/508/755 922/509/756 918/505/806
f 918/505/806 923/512/808 916/502/804
f 924/513/809 923/512/808 918/505/806
f 924/513/809 925/514/810 923/512/808
f 916/502/804 923/512/808 926/515/811
f 916/502/804 926/515/811 915/510/803
f 927/516/812 923/512/808 925/514/810
f 923/512/808 927/516/812 926/515/811
f 926/515/811 927/516/812 915/510/803
f 915/510/803 927/516/812 914/511/802
f 925/514/810 928/517/813 927/516/812
f 928/517/813 929/518/814 927/516/812
f 927/516/812 929/518/814 930/519/815
f 914/511/802 927/516/812 930/519/815
f 931/521/816 914/511/802 930/519/815
f 931/521/816 932/522/817 914/511/802
f 914/511/802 932/522/817 913/523/801
f 913/523/801 932/522/817 933/528/818
f 934/529/819 933/528/818 932/522/817
f 934/529/819 935/530/820 933/528/818
f 935/530/820 908/531/795 933/528/818
f 935/530/820 936/532/821 908/531/795
f 909/524/797 913/523/801 933/528/818
f 909/524/797 933/528/818 908/531/795
f 931/521/816 930/519/815 937/540/822
f 937/540/822 938/541/823 931/521/816
f 931/521/816 938/541/823 939/542/824
f 939/542/824 938/541/823 940/543/825
f 940/543/825 941/544/776 939/542/824
f 937/540/822 930/519/815 942/520/767
f 938/541/823 937/540/822 942/520/767
f 929/518/814 942/520/767 930/519/815
f 938/541/823 942/520/767 943/545/826
f 944/543/827 938/541/823 943/545/826
f 945/543/825 946/542/769 941/544/776
f 946/542/769 945/543/825 947/541/828
f 884/521/768 946/542/769 947/541/828
f 948/540/829 884/521/768 947/541/828
f 884/521/768 948/540/829 882/519/766
f 948/540/829 883/520/767 882/519/766
f 947/541/828 883/520/767 948/540/829
f 947/541/828 949/545/826 883/520/767
f 950/543/827 949/545/826 947/541/828
f 951/509/830 868/505/752 952/546/831
f 868/505/752 953/513/832 952/546/831
f 951/509/830 952/546/831 918/505/806
f 918/505/806 952/546/831 953/513/832
f 954/347/833 955/547/720 684/344/834
f 956/548/835 957/549/836 958/550/837
f 957/549/836 959/551/838 958/550/837
f 960/552/839 961/553/840 962/554/841
f 961/553/840 963/549/842 962/554/841
f 964/548/843 962/554/841 963/549/842
f 965/555/844 966/556/845 639/299/528
f 642/302/531 965/555/844 639/299/528
f 966/556/845 646/306/535 639/299/528
f 967/279/846 968/282/847 969/281/848
f 967/279/846 969/281/848 970/280/849
f 968/282/847 971/283/850 969/281/848
f 968/282/847 972/284/851 971/283/850
f 969/281/848 973/285/852 970/280/849
f 969/281/848 974/286/853 973/285/852
f 971/283/850 974/286/853 969/281/848
f 971/283/850 975/287/854 974/286/853
f 976/288/855 974/286/853 975/287/854
f 976/288/855 977/289/856 974/286/853
f 977/289/856 973/285/852 974/286/853
f 967/279/846 970/280/849 978/290/857
f 968/282/847 979/291/858 972/284/851
f 980/292/859 979/291/858 968/282/847
f 967/279/846 980/292/859 968/282/847
f 980/292/859 981/293/860 979/291/858
f 980/292/859 982/294/861 981/293/860
f 982/294/861 980/292/859 983/295/862
f 967/279/846 983/295/862 980/292/859
f 984/296/863 983/295/862 967/279/846
f 984/296/863 967/279/846 978/290/857
f 984/296/863 978/290/857 985/297/864
f 984/296/863 985/297/864 986/298/865
f 986/298/865 985/297/864 987/299/866
f 988/300/867 984/296/863 986/298/865
f 982/294/861 983/295/862 988/300/867
f 984/296/863 988/300/867 983/295/862
f 988/300/867 986/298/865 989/301/868
f 990/302/869 986/298/865 987/299/866
f 990/302/869 989/301/868 986/298/865
f 991/303/870 985/297/864 978/290/857
f 992/304/871 985/297/864 991/303/870
f 992/304/871 993/305/872 985/297/864
f 985/297/864 993/305/872 987/299/866
f 987/299/866 993/305/872 994/306/873
f 995/307/874 992/304/871 991/303/870
f 995/307/874 991/303/870 996/308/875
f 996/308/875 997/309/876 995/307/874
f 996/308/875 998/310/877 997/309/876
f 999/311/878 998/310/877 996/308/875
f 999/311/878 1000/312/879 998/310/877
f 993/305/872 992/304/871 1001/313/880
f 993/305/872 1001/313/880 1002/314/881
f 1001/313/880 992/304/871 1003/315/882
f 1003/315/882 992/304/871 995/307/874
f 1003/315/882 995/307/874 1004/316/883
f 997/309/876 1004/316/883 995/307/874
f 1003/315/882 1004/316/883 1005/317/884
f 996/308/875 970/280/849 999/311/878
f 996/308/875 991/303/870 970/280/849
f 991/303/870 978/290/857 970/280/849
f 970/280/849 1006/318/885 999/311/878
f 1006/318/885 1000/312/879 999/311/878
f 973/285/852 1000/312/879 1006/318/885
f 973/285/852 1006/318/885 970/280/849
f 977/289/856 1000/312/879 973/285/852
f 1007/319/886 1008/321/887 1009/320/888
f 1009/320/888 1008/321/887 1010/322/889
f 1009/320/888 1010/322/889 1011/323/890
f 1011/323/890 1010/322/889 1012/324/891
f 1011/323/890 1012/324/891 1013/325/892
f 1014/326/893 1012/324/891 1010/322/889
f 1015/327/894 1012/324/891 1014/326/893
f 1014/326/893 1010/322/889 1016/328/895
f 1008/321/887 1016/328/895 1010/322/889
f 1017/329/896 1011/323/890 1013/325/892
f 1018/330/897 1011/323/890 1017/329/896
f 1018/330/897 1009/320/888 1011/323/890
f 1017/329/896 1019/331/898 1018/330/897
f 1017/329/896 1020/332/899 1019/331/898
f 1020/332/899 1021/333/900 1019/331/898
f 1020/332/899 1022/334/901 1021/333/900
f 1023/335/902 1022/334/901 1020/332/899
f 1023/335/902 1024/336/903 1022/334/901
f 1025/337/904 1023/335/902 1020/332/899
f 1025/337/904 1020/332/899 1017/329/896
f 1017/329/896 1013/325/892 1025/337/904
f 1025/337/904 1026/338/905 1023/335/902
f 1026/338/905 1024/336/903 1023/335/902
f 1025/337/904 1027/339/906 1026/338/905
f 1013/325/892 1027/339/906 1025/337/904
f 1026/338/905 1028/340/907 1024/336/903
f 1013/325/892 1029/341/908 1027/339/906
f 1019/331/898 1021/333/900 1030/344/909
f 1019/331/898 1030/344/909 1031/345/910
f 1019/331/898 1032/346/911 1018/330/897
f 1019/331/898 1031/345/910 1032/346/911
f 1033/347/912 1031/345/910 1030/344/909
f 1032/346/911 1031/345/910 1033/347/912
f 1018/330/897 1032/346/911 1009/320/888
f 1009/320/888 1032/346/911 1034/348/913
f 1009/320/888 1034/348/913 1035/319/886
f 1032/346/911 1036/347/914 1034/348/913
f 1037/342/915 1027/339/916 1038/341/917
f 1037/342/915 1038/341/917 1039/343/918
f 1029/341/908 1012/324/891 1040/349/919
f 1029/341/908 1013/325/892 1012/324/891
f 1041/349/920 1012/324/891 1015/327/894
f 1042/349/921 1015/327/922 1043/350/923
f 1044/351/924 1045/353/925 1046/352/926
f 1044/351/924 1046/352/926 1047/354/927
f 1047/354/927 1046/352/926 1048/355/928
f 1045/353/925 1044/351/924 1049/356/929
f 1045/353/925 1049/356/929 1050/357/930
f 1046/352/926 1045/353/925 1051/358/931
f 1046/352/926 1051/358/931 1052/361/932
f 1053/360/933 1046/352/926 1052/361/932
f 1046/352/926 1054/359/934 1048/355/928
f 1046/352/926 1053/360/933 1054/359/934
f 1055/372/935 1051/358/931 1045/353/925
f 1055/372/935 1045/353/925 1050/357/930
f 1056/370/936 1051/358/931 1055/372/935
f 1057/363/937 1055/372/935 1050/357/930
f 1055/372/935 1057/363/937 1058/370/938
f 1057/363/937 1050/357/930 1059/362/939
f 1049/356/929 1059/362/939 1050/357/930
f 1057/363/937 1059/362/939 1060/364/597
f 1061/365/940 1060/364/597 1059/362/939
f 1061/365/940 1059/362/939 1049/356/929
f 1062/366/941 1057/363/937 1060/364/597
f 1062/366/941 1063/367/942 1057/363/937
f 1057/363/937 1063/367/942 1064/368/943
f 1057/363/937 1064/368/943 1058/370/938
f 1064/368/943 1063/367/942 1065/369/944
f 1066/370/945 1064/368/943 1065/369/944
f 1067/371/946 1063/367/942 1062/366/941
f 1068/371/947 1065/369/944 1063/367/942
f 1061/365/940 1049/356/929 1069/374/948
f 1061/365/940 1069/374/948 1070/373/949
f 1070/373/949 1069/374/948 1071/375/950
f 1070/373/949 1071/375/950 1072/376/951
f 1072/376/951 1071/375/950 1073/377/952
f 1074/378/953 1073/377/952 1071/375/950
f 1073/377/952 1074/378/953 1075/379/954
f 1073/377/952 1075/379/954 1076/380/955
f 1077/381/956 1073/377/952 1076/380/955
f 1073/377/952 1077/381/956 1078/382/957
f 1072/376/951 1073/377/952 1078/382/957
f 1044/351/924 1069/374/948 1049/356/929
f 1044/351/924 1079/383/958 1069/374/948
f 1080/384/959 1071/375/950 1069/374/948
f 1080/384/959 1069/374/948 1079/383/958
f 1080/384/959 1079/383/958 1081/385/960
f 1044/351/924 1081/385/960 1079/383/958
f 1080/384/959 1081/385/960 1082/386/961
f 1082/386/961 1081/385/960 1083/387/962
f 1083/387/962 1084/388/963 1082/386/961
f 1084/388/963 1080/384/959 1082/386/961
f 1083/387/962 1085/389/964 1084/388/963
f 1084/388/963 1085/389/964 1086/390/965
f 1084/388/963 1086/390/965 1087/391/966
f 1087/391/966 1088/392/967 1084/388/963
f 1087/391/966 1089/393/968 1088/392/967
f 1044/351/924 1047/354/927 1081/385/960
f 1084/388/963 1090/394/969 1080/384/959
f 1084/388/963 1088/392/967 1090/394/969
f 1047/354/927 1091/395/970 1081/385/960
f 1081/385/960 1091/395/970 1083/387/962
f 1092/396/971 1093/398/972 1094/397/973
f 1095/399/974 1093/398/972 1092/396/971
f 1093/398/972 1095/399/974 1096/400/975
f 1093/398/972 1096/400/975 1097/401/976
f 1096/400/975 1098/402/977 1097/401/976
f 1097/401/976 1098/402/977 1099/403/978
f 1100/404/979 1093/398/972 1097/401/976
f 1093/398/972 1100/404/979 1101/405/980
f 1097/401/976 1102/406/981 1100/404/979
f 1097/401/976 1099/403/978 1102/406/981
f 1102/406/981 1099/403/978 1103/407/982
f 1104/408/983 1098/402/977 1096/400/975
f 1104/408/983 1105/409/984 1098/402/977
f 1106/410/985 1105/409/984 1104/408/983
f 1106/410/985 1107/411/986 1105/409/984
f 1108/412/987 1107/411/986 1106/410/985
f 1108/412/987 1109/413/988 1107/411/986
f 1102/406/981 1110/414/989 1100/404/979
f 1102/406/981 1111/415/990 1110/414/989
f 1111/415/990 1112/416/991 1110/414/989
f 1111/415/990 1113/417/992 1112/416/991
f 1112/416/991 1113/417/992 1114/418/993
f 1115/419/994 1112/416/991 1114/418/993
f 1116/420/995 1112/416/991 1115/419/994
f 1110/414/989 1112/416/991 1116/420/995
f 1114/418/993 1113/417/992 1117/421/996
f 1110/414/989 1116/420/995 1118/422/997
f 1119/423/998 1116/420/999 1120/424/1000
f 1121/425/1001 1119/423/998 1120/424/1000
f 1121/425/1001 1120/424/1000 1122/426/1002
f 1123/427/1003 1121/425/1001 1122/426/1002
f 1124/428/1004 1121/425/1001 1123/427/1003
f 1121/425/1001 1124/428/1004 1119/423/998
f 1124/428/1004 1123/427/1003 1125/429/1005
f 1123/427/1003 1122/426/1002 1126/430/1006
f 1125/429/1005 1127/431/1007 1124/428/1004
f 1124/428/1004 1127/431/1007 1128/432/1008
f 1124/428/1004 1128/432/1008 1129/433/1009
f 1119/423/998 1124/428/1004 1129/433/1009
f 1129/433/1009 1130/422/1010 1119/423/998
f 1131/405/1011 1130/422/1010 1129/433/1009
f 1128/432/1008 1131/405/1011 1129/433/1009
f 1123/427/1003 1126/430/1006 1132/434/1012
f 1123/427/1003 1132/434/1012 1133/435/1013
f 1134/429/1014 1123/427/1003 1133/435/1013
f 1134/429/1014 1133/435/1013 1135/436/981
f 1094/397/1015 1131/405/1011 1128/432/1008
f 1128/432/1008 1127/431/1007 1136/437/1016
f 1137/438/1017 1136/437/1016 1127/431/1007
f 1137/438/1017 1127/431/1007 1138/439/1018
f 1139/429/1019 1138/439/1018 1127/431/1007
f 1140/440/1020 1138/439/1018 1139/429/1019
f 1138/439/1018 1140/440/1020 1141/441/982
f 1138/439/1018 1141/441/982 1142/442/1021
f 1138/439/1018 1142/442/1021 1143/443/1022
f 1137/438/1017 1138/439/1018 1143/443/1022
f 1144/444/1023 1143/443/1022 1142/442/1021
f 1143/443/1022 1144/444/1023 1145/445/1024
f 1143/443/1022 1145/445/1024 1146/446/1025
f 1147/447/1026 1143/443/1022 1146/446/1025
f 1145/445/1024 1147/447/1026 1146/446/1025
f 1145/445/1024 1148/448/1027 1147/447/1026
f 1144/444/1023 1142/442/1021 1149/449/1028
f 1145/445/1024 1144/444/1023 1150/450/1029
f 1145/445/1024 1150/450/1029 1151/451/1030
f 1148/448/1027 1145/445/1024 1151/451/1030
f 1151/451/1030 1150/450/1029 1152/452/1031
f 1151/451/1030 1152/452/1031 1153/453/1032
f 1148/448/1027 1151/451/1030 1154/454/1033
f 1154/454/1033 1151/451/1030 1153/453/1032
f 1154/454/1033 1153/453/1032 1155/455/1034
f 1156/456/1035 1152/452/1031 1150/450/1029
f 1156/456/1035 1150/450/1029 1157/457/984
f 1157/457/984 1150/450/1029 1144/444/1023
f 1157/457/984 1144/444/1023 1149/449/1028
f 1137/438/1017 1143/443/1022 1158/458/1036
f 1159/459/1037 1160/461/1038 1161/460/1039
f 1159/459/1037 1162/462/1040 1160/461/1038
f 1139/429/1019 1159/459/1037 1161/460/1039
f 1139/429/1019 1161/460/1039 1140/440/1020
f 1161/460/1039 1160/461/1038 1163/463/1041
f 1161/460/1039 1163/463/1041 1164/464/1042
f 1140/440/1020 1161/460/1039 1164/464/1042
f 1140/440/1020 1164/464/1042 1141/441/982
f 1159/459/1037 1165/465/1043 1162/462/1040
f 1159/459/1037 1166/466/1044 1165/465/1043
f 1167/429/1045 1166/466/1044 1159/459/1037
f 1167/429/1045 1168/436/1046 1166/466/1044
f 1169/422/1047 1170/420/1048 1119/423/1049
f 1100/404/979 1118/422/1010 1101/405/980
f 1100/404/979 1110/414/989 1171/422/1050
f 1172/467/1051 1173/469/1040 1174/468/1052
f 1172/467/1051 1175/470/1053 1173/469/1040
f 1176/471/1042 1172/467/1051 1174/468/1052
f 1176/471/1042 1174/468/1052 1177/472/1054
f 1102/406/981 1176/471/1042 1177/472/1054
f 1103/407/982 1176/471/1042 1102/406/981
f 1094/397/973 1093/398/972 1178/405/980
f 1094/397/1015 1128/432/1008 1179/473/1055
f 1128/432/1008 1136/437/1016 1179/473/1055
f 1180/397/1056 1179/473/1057 1181/474/1058
f 1182/475/1059 1180/397/1056 1181/474/1058
f 1182/475/1059 1092/396/1060 1180/397/1056
f 1183/476/1061 1008/321/887 1184/319/886
f 1183/476/1061 1185/477/1062 1008/321/887
f 1185/477/1062 1016/328/895 1008/321/887
f 1186/478/1063 1187/481/1064 1188/480/1065
f 1186/478/1063 1188/480/1065 1189/479/1066
f 1189/479/1066 1188/480/1065 1190/482/1067
f 1189/479/1066 1190/482/1067 1191/483/1068
f 1188/480/1065 1187/481/1064 1192/484/1069
f 1187/481/1064 1193/485/1070 1192/484/1069
f 1188/480/1065 1192/484/1069 1194/486/1071
f 1188/480/1065 1195/487/1072 1190/482/1067
f 1188/480/1065 1194/486/1071 1195/487/1072
f 1196/488/1073 1195/487/1072 1194/486/1071
f 1190/482/1067 1195/487/1072 1196/488/1073
f 1196/488/1073 1194/486/1071 1197/489/1074
f 1190/482/1067 1196/488/1073 1198/490/1075
f 1199/483/1076 1190/482/1067 1198/490/1075
f 1199/483/1076 1198/490/1075 1200/491/1077
f 1200/491/1077 1198/490/1075 1201/492/1078
f 1200/491/1077 1201/492/1078 1202/493/1079
f 1201/492/1078 1198/490/1075 1203/494/1080
f 1198/490/1075 1196/488/1073 1204/495/1081
f 1204/495/1081 1205/496/1082 1198/490/1075
f 1196/488/1073 1205/496/1082 1204/495/1081
f 1196/488/1073 1197/489/1074 1205/496/1082
f 1198/490/1075 1205/496/1082 1203/494/1080
f 1201/492/1083 1206/494/1084 1207/497/1070
f 1208/498/1085 1209/496/1086 1210/499/1087
f 1211/500/1088 1209/496/1086 1208/498/1085
f 1211/500/1088 1212/494/1089 1209/496/1086
f 1213/501/1090 1212/494/1089 1211/500/1088
f 910/525/798 1214/527/1091 1215/535/1092
f 1215/535/1092 1216/534/1093 910/525/798
f 1217/538/1094 1216/534/1093 1215/535/1092
f 1218/539/1095 1216/534/1093 1217/538/1094
f 910/525/798 1216/534/1093 912/504/800
f 1214/527/1096 907/526/1097 1219/536/1098
f 1219/536/1098 907/526/1097 1220/537/1099
f 1221/537/1100 907/526/1101 1222/533/1102
f 1223/533/1103 907/526/794 896/532/796
f 1224/347/912 1030/344/1062 1225/547/1061
f 1226/548/1104 1227/550/1105 1228/549/1106
f 1228/549/1106 1227/550/1105 1229/551/1107
f 1230/552/1108 1231/554/1109 1232/553/1110
f 1232/553/1110 1231/554/1109 1233/549/1111
f 1234/548/1112 1233/549/1111 1231/554/1109
f 1235/555/1113 987/299/866 1236/556/1114
f 990/302/869 987/299/866 1235/555/1113
f 1236/556/1114 987/299/866 994/306/873
