# Blender 5.1.2
# www.blender.org
mtllib monstro0003.mtl
o Object_33
v 4.565014 -132.905014 81.523972
v 4.338254 -132.559113 81.425369
v 6.325670 -132.440353 81.552483
v 6.325670 -132.918106 81.552483
v 7.102668 -132.467285 81.580780
v 7.102668 -132.936066 81.580780
v 4.604606 -132.289001 81.881615
v 5.673593 -132.345871 81.938492
v 7.098910 -132.480667 81.850616
v 7.098910 -132.718765 81.968033
v 5.673593 -132.678268 82.065178
v 4.188889 -132.890106 81.536995
v 7.098910 -132.925232 81.850616
v 5.354472 -133.015778 81.832832
v 7.098910 -132.718765 81.968033
v 5.673593 -132.678268 82.065178
v 4.604605 -132.949631 81.941986
v 4.228481 -132.949234 81.966881
v 2.392396 -133.100464 81.685524
v 3.052271 -133.067551 82.195854
v 1.939022 -133.067551 82.412827
v 4.416542 -132.597885 82.148407
v 3.241556 -132.678268 82.294983
v 2.372585 -132.678268 82.496277
v 2.392396 -132.244522 81.606728
v 1.900582 -132.319397 81.549591
v 1.900582 -133.096832 81.549591
v 1.605497 -133.076324 82.409904
v 1.939022 -132.346130 82.464088
v 3.052271 -132.289001 82.107231
v 2.372585 -132.678268 82.496277
v 3.241556 -132.678268 82.294983
v 4.151087 -132.272736 81.893082
v 4.416542 -132.597885 82.148407
v 1.633513 -132.371201 81.323006
v 1.526906 -133.167282 81.323006
v 1.605497 -132.325760 82.426895
v 1.942397 -132.678268 82.536102
v 1.607806 -132.678268 82.516968
v 4.379998 -132.272202 81.886894
v 0.619154 -132.449768 68.875793
v 0.414365 -132.308167 71.593933
v 0.935154 -132.266754 71.382149
v 0.993650 -132.513153 73.058838
v 0.487022 -132.523544 72.977684
v 0.994998 -132.511032 73.598366
v 0.464458 -132.539154 73.509979
v 1.172612 -133.127411 73.350433
v 1.172613 -133.171326 73.623421
v 1.172612 -133.095306 73.087509
v 0.308060 -133.138672 73.254631
v 0.308060 -133.095306 72.949013
v 0.740336 -133.327408 73.018265
v 0.740336 -133.369629 73.285431
v 1.172612 -133.095306 73.087509
v 1.172612 -133.127411 73.350433
v 0.740337 -133.412094 73.554169
v 1.172613 -133.171326 73.623421
v 0.308061 -133.171326 73.484924
v 0.830301 -133.629517 76.088402
v 0.306055 -133.237137 76.277496
v 1.230235 -133.237137 76.416039
v 0.334208 -132.405548 76.120567
v 0.012404 -133.560760 76.376801
v 0.012404 -132.527084 76.250900
v 1.165215 -132.951279 71.227577
v 0.715179 -133.245193 71.333466
v 0.333095 -132.951279 71.439354
v 0.619154 -133.154327 68.875793
v 0.372845 -132.879669 68.875793
v 0.619154 -132.449768 68.875793
v 0.619154 -133.154327 68.875793
v 1.294992 -132.310837 76.166573
v 1.294992 -132.310837 76.166573
v 1.294992 -132.310837 76.166573
v 1.230235 -133.237137 76.416039
v 0.968926 -133.528076 78.856369
v 0.846803 -133.735321 77.065964
v 1.250908 -133.261337 77.246635
v 0.012404 -134.118225 78.877609
v 0.012404 -133.861694 76.941177
v 1.115779 -132.679794 78.887535
v 1.245259 -132.425232 77.246635
v 1.230235 -133.237137 76.416039
v 0.012404 -133.560760 76.376801
v 0.306055 -133.237137 76.277496
v 0.830301 -133.629517 76.088402
v 0.760325 -132.216232 77.589539
v 0.831511 -132.105301 77.072639
v 0.012404 -132.278580 77.794662
v 0.012404 -132.310715 78.877609
v 0.012404 -132.254700 76.695053
v 0.193570 -132.208344 76.437347
v 0.899084 -132.132019 76.541748
v 0.334208 -132.405548 76.120567
v 1.294992 -132.310837 76.166573
v 0.012404 -132.527084 76.250900
v 0.012404 -132.527084 76.250900
v 1.280284 -132.421356 77.007362
v 1.294992 -132.310837 76.166573
v 1.294992 -132.310837 76.166573
v 0.012404 -132.197815 79.766899
v 1.178962 -132.571777 79.716705
v 1.633513 -132.371201 81.323006
v 0.012404 -131.796722 81.336067
v 0.966596 -132.178238 82.548309
v 1.605497 -132.325760 82.426895
v 1.607806 -132.678268 82.516968
v 0.957743 -132.678268 82.564018
v 0.467534 -132.733658 82.711540
v 0.012404 -132.288986 82.641838
v 1.050097 -133.475220 79.716705
v 1.526906 -133.167282 81.323006
v 0.542687 -133.922379 79.783081
v 0.871952 -133.728806 81.226639
v 0.012404 -133.906128 81.418457
v 0.966596 -133.067551 82.416367
v 0.012404 -133.111694 82.547127
v 0.467534 -132.733658 82.711540
v 0.957743 -132.678268 82.564018
v 1.605497 -133.076324 82.409904
v 1.607806 -132.678268 82.516968
v 1.900582 -133.096832 81.549591
v 0.012404 -134.090424 79.786514
v 7.304121 -132.976486 81.539520
v 7.304121 -132.432266 81.539520
v 7.452557 -132.662125 81.548004
v 7.471015 -132.844849 81.398323
v 7.696621 -132.936188 81.390800
v 7.722791 -132.771652 81.550415
v 7.814222 -132.987167 81.503250
v 7.732298 -133.018936 81.643456
v 7.998094 -132.651062 81.764587
v 7.924614 -132.317245 81.640755
v 8.008974 -132.868790 81.784622
v 8.016235 -133.040833 81.797997
v 7.952839 -132.976318 81.351234
v 7.976388 -133.031403 81.470039
v 8.094219 -132.966843 81.358345
v 8.104343 -133.019913 81.451134
v 8.187252 -133.033829 81.308746
v 8.197563 -133.087860 81.403229
v 8.153023 -132.647873 81.636078
v 8.201752 -132.844437 81.635910
v 8.200872 -132.660660 81.448280
v 8.219378 -132.841660 81.454140
v 8.336580 -132.645706 81.376869
v 8.252338 -132.421677 81.386719
v 8.151924 -132.412354 81.434792
v 8.352680 -132.813370 81.379700
v 8.087557 -132.318771 81.625534
v 8.194149 -132.314926 81.691910
v 8.252338 -132.421677 81.386719
v 8.348555 -132.648483 81.680092
v 8.336580 -132.645706 81.376869
v 8.341963 -132.848007 81.679138
v 8.046482 -132.672836 81.948761
v 8.044224 -132.872360 81.942497
v 8.352680 -132.813370 81.379700
v 7.304121 -132.709824 81.981804
v 7.304121 -132.432266 81.840729
v 7.963366 -132.302612 81.818100
v 8.087557 -132.318771 81.625534
v 7.924614 -132.317245 81.640755
v 8.219378 -132.841660 81.454140
v 8.201752 -132.844437 81.635910
v 8.044224 -132.872360 81.942497
v 8.008974 -132.868790 81.784622
v 7.098910 -132.718765 81.968033
v 7.098910 -132.925232 81.850616
v 7.304121 -132.976486 81.828369
v 8.044224 -132.872360 81.942497
v 8.042400 -133.033569 81.937431
v 8.016235 -133.040833 81.797997
v 7.732298 -133.018936 81.643456
v 7.304121 -132.976486 81.539520
v 7.704122 -133.117828 81.460487
v 7.670760 -133.044693 81.334610
v 7.422751 -132.983292 81.389915
v 7.471015 -132.844849 81.398323
v 7.696621 -132.936188 81.390800
v 7.814222 -132.987167 81.503250
v 7.961060 -133.152039 81.418671
v 7.930259 -133.077530 81.288940
v 8.197563 -133.087860 81.403229
v 8.187252 -133.033829 81.308746
v 7.952839 -132.976318 81.351234
v 8.094219 -132.966843 81.358345
v 8.104343 -133.019913 81.451134
v 7.976388 -133.031403 81.470039
v 7.102668 -132.936066 81.580780
v 8.393637 -132.844879 81.783943
v 8.388773 -133.006104 81.781639
v 8.486700 -132.989838 81.489441
v 8.490694 -132.861145 81.487854
v 8.346937 -133.003601 81.520737
v 8.271900 -133.013351 81.701218
v 8.335295 -132.851074 81.527557
v 8.257322 -132.841324 81.696854
v 8.044224 -132.872360 81.942497
v 8.008974 -132.868790 81.784622
v 8.087557 -132.318771 81.625534
v 8.151924 -132.412354 81.434792
v 8.087557 -132.318771 81.625534
v 8.346937 -133.003601 81.520737
v 8.335295 -132.851074 81.527557
v 8.490694 -132.861145 81.487854
v 8.486700 -132.989838 81.489441
v 8.271900 -133.013351 81.701218
v 8.257322 -132.841324 81.696854
v 7.924614 -132.317245 81.640755
v 7.098910 -132.480667 81.850616
v 7.304121 -132.432266 81.539520
v 7.102668 -132.467285 81.580780
v 7.102668 -132.936066 81.580780
v 0.881024 -132.879669 68.875793
v 0.619154 -132.449768 68.875793
v 1.165215 -132.951279 71.227577
v 0.619154 -132.449768 68.875793
v 0.881024 -132.879669 68.875793
v 0.881024 -132.879669 68.505905
v 0.619154 -132.449768 68.505905
v 0.619154 -133.228241 68.523651
v 0.619154 -133.154327 68.875793
v 0.905084 -132.523376 67.862648
v 0.619154 -132.354263 67.868217
v 1.063068 -134.537628 67.862648
v 0.780535 -134.328842 68.173485
v 0.426572 -134.625900 68.047722
v 0.394534 -134.811234 67.910217
v 0.357284 -132.879669 68.505905
v 0.619154 -133.154327 68.875793
v 0.372845 -132.879669 68.875793
v 0.619154 -132.449768 68.505905
v 0.619154 -132.449768 68.875793
v 0.336893 -132.543274 67.862648
v 0.265768 -134.507355 68.073181
v 0.130052 -134.634689 67.862648
v 0.619154 -132.354263 67.868217
v 0.336893 -132.543274 67.862648
v 1.063068 -134.537628 67.862648
v 0.394534 -134.811234 67.910217
v 0.130052 -134.634689 67.862648
v 0.905084 -132.523376 67.862648
v 0.336893 -132.543274 67.862648
v 0.619154 -132.354263 67.868217
v 0.405199 -133.561996 83.966873
v 0.310331 -133.536453 83.667122
v 0.704464 -133.208313 83.822868
v 0.152816 -133.639984 83.902161
v 0.012404 -133.697296 83.667122
v 0.012404 -133.636566 83.628479
v 0.012404 -133.675201 83.821686
v 0.012404 -133.802536 83.920486
v 0.599341 -133.406342 84.225418
v 0.780101 -133.212219 84.501984
v 0.081631 -133.638153 84.178062
v 0.012404 -133.712006 84.108688
v 0.012404 -133.653183 84.311424
v 0.344696 -133.614853 84.239166
v 0.372842 -133.648376 84.430214
v 0.012404 -133.688522 84.457870
v 0.012404 -133.677429 84.637306
v 0.372842 -133.629730 84.653969
v 0.012404 -133.404358 85.181091
v 0.644279 -133.357361 84.980812
v 0.668668 -132.680145 85.130341
v 0.829423 -132.693283 84.495117
v 0.676726 -132.778183 83.826881
v 0.350000 -133.358963 83.234306
v 0.458957 -132.767426 83.215637
v 0.012404 -133.099030 83.176239
v 0.674152 -132.173843 84.400513
v 0.012404 -131.828552 84.815338
v 0.012404 -131.939865 83.860649
v 0.644992 -132.369202 83.821320
v 0.012404 -132.351837 83.319336
v 0.012404 -132.351837 83.319336
v 0.012404 -132.288986 82.641838
v 0.271007 -133.516525 83.574463
v 0.012404 -133.580765 83.166397
v 0.012404 -133.099030 83.176239
v 0.012404 -133.111694 82.547127
v 0.467534 -132.733658 82.711540
v 0.012404 -133.640717 83.473259
v 0.012404 -133.613129 83.542259
v 0.467534 -132.733658 82.711540
v 0.012404 -132.288986 82.641838
v -0.434149 -132.767426 83.215637
v -0.620183 -132.369202 83.821320
v -0.651917 -132.778183 83.826881
v -0.325192 -133.358963 83.234306
v 0.012404 -133.099030 83.176239
v -0.679655 -133.208313 83.822868
v -0.804614 -132.693283 84.495117
v -0.755293 -133.212219 84.501984
v -0.574532 -133.406342 84.225418
v -0.380390 -133.561996 83.966873
v -0.285523 -133.536453 83.667122
v -0.128008 -133.639984 83.902161
v 0.012404 -133.697296 83.667122
v 0.012404 -133.636566 83.628479
v 0.012404 -133.675201 83.821686
v 0.012404 -133.802536 83.920486
v -0.056822 -133.638153 84.178062
v 0.012404 -133.712006 84.108688
v 0.012404 -133.653183 84.311424
v -0.319888 -133.614853 84.239166
v -0.348034 -133.648376 84.430214
v 0.012404 -133.688522 84.457870
v 0.012404 -133.677429 84.637306
v -0.348034 -133.629730 84.653969
v -0.619471 -133.357361 84.980812
v -0.643859 -132.680145 85.130341
v -0.649343 -132.173843 84.400513
v 0.012404 -131.828552 84.815338
v 0.012404 -131.939865 83.860649
v 0.012404 -132.351837 83.319336
v -0.322313 -133.379333 85.102745
v -0.459236 -132.805405 85.302948
v -0.643859 -132.680145 85.130341
v 0.012404 -132.245300 85.295799
v 0.012404 -131.828552 84.815338
v 0.012404 -133.404358 85.181091
v 0.012404 -132.919510 85.405190
v 0.012404 -132.245300 85.295799
v 0.012404 -132.245300 85.295799
v 0.668668 -132.680145 85.130341
v 0.484045 -132.805405 85.302948
v 0.347122 -133.379333 85.102745
v 0.012404 -132.919510 85.405190
v 0.012404 -132.245300 85.295799
v 0.012404 -133.802536 83.920486
v 0.012404 -133.805237 83.956894
v 0.012404 -133.712006 84.108688
v 0.619154 -133.154327 68.875793
v 0.881024 -132.879669 68.875793
v 0.012404 -132.676636 83.603111
v 0.704464 -133.208313 83.822868
v 0.012404 -133.636566 83.628479
v 0.310331 -133.536453 83.667122
v 0.012404 -133.613129 83.542259
v 0.271007 -133.516525 83.574463
v 0.012404 -133.422791 83.322845
v 0.704464 -133.208313 83.822868
v 0.012404 -132.676636 83.603111
v 1.942397 -132.678268 82.536102
v 1.607806 -132.678268 82.516968
v -4.540206 -132.904984 81.523941
v -6.300860 -132.918076 81.552452
v -6.300860 -132.440323 81.552452
v -4.313445 -132.559067 81.425354
v -7.077860 -132.467255 81.580750
v -7.077861 -132.936035 81.580750
v -4.579795 -132.288956 81.881599
v -5.648786 -132.345840 81.938461
v -7.074100 -132.480637 81.850586
v -7.074100 -132.718735 81.968002
v -5.648786 -132.678238 82.065147
v -4.164080 -132.890076 81.536972
v -7.074100 -132.925201 81.850586
v -5.329665 -133.015747 81.832802
v -7.074100 -132.718735 81.968002
v -5.648786 -132.678238 82.065147
v -4.579799 -132.949600 81.941956
v -4.203672 -132.949203 81.966858
v -2.367586 -133.100433 81.685501
v -3.027462 -133.067520 82.195831
v -1.914213 -133.067520 82.412804
v -4.391735 -132.597839 82.148392
v -3.216747 -132.678238 82.294952
v -2.347774 -132.678238 82.496254
v -2.367586 -132.244492 81.606705
v -1.875772 -132.319366 81.549568
v -1.875772 -133.096802 81.549568
v -1.580689 -133.076309 82.409889
v -1.914213 -132.346100 82.464066
v -3.027462 -132.288971 82.107208
v -2.347774 -132.678238 82.496254
v -3.216747 -132.678238 82.294952
v -4.126278 -132.272705 81.893059
v -4.391735 -132.597839 82.148392
v -1.608704 -132.371185 81.322998
v -1.502098 -133.167267 81.322998
v -1.580689 -132.325745 82.426880
v -1.917587 -132.678238 82.536079
v -1.582998 -132.678253 82.516953
v -4.355187 -132.272156 81.886879
v -0.594346 -132.449753 68.875793
v -0.910346 -132.266739 71.382149
v -0.389556 -132.308151 71.593925
v -0.968841 -132.513138 73.058838
v -0.462213 -132.523529 72.977684
v -0.970189 -132.511002 73.598358
v -0.439649 -132.539124 73.509972
v -1.147803 -133.127396 73.350426
v -1.147804 -133.171295 73.623413
v -1.147803 -133.095291 73.087509
v -0.283251 -133.138657 73.254623
v -0.283252 -133.095291 72.949013
v -0.715527 -133.327393 73.018265
v -0.715527 -133.369614 73.285423
v -1.147803 -133.095291 73.087509
v -1.147803 -133.127396 73.350426
v -0.715528 -133.412064 73.554161
v -1.147804 -133.171295 73.623413
v -0.283251 -133.171295 73.484917
v -0.805492 -133.629486 76.088394
v -0.281246 -133.237106 76.277489
v -1.205426 -133.237106 76.416031
v -0.309400 -132.405533 76.120560
v -1.140407 -132.951263 71.227577
v -0.690371 -133.245178 71.333466
v -0.308287 -132.951263 71.439354
v -0.594346 -133.154312 68.875793
v -0.348036 -132.879654 68.875793
v -0.594346 -132.449753 68.875793
v -0.594346 -133.154312 68.875793
v 0.012404 -133.560760 76.376801
v -0.309400 -132.405533 76.120560
v 0.012404 -132.527084 76.250900
v -1.270182 -132.393051 76.156235
v -1.270182 -132.393051 76.156235
v -1.270182 -132.393051 76.156235
v -1.205426 -133.237106 76.416031
v -0.944117 -133.528076 78.856369
v -1.226099 -133.261337 77.246635
v -0.821995 -133.735321 77.065964
v 0.012404 -134.118225 78.877609
v 0.012404 -133.861694 76.941177
v -1.090970 -132.679794 78.887535
v -1.220450 -132.425232 77.246635
v -1.205426 -133.237106 76.416031
v -0.805492 -133.629486 76.088394
v -0.281246 -133.237106 76.277489
v 0.012404 -133.560760 76.376801
v -1.259399 -132.421356 77.014854
v -1.270182 -132.393051 76.156235
v -0.806702 -132.105301 77.072639
v -1.270182 -132.393051 76.156235
v -0.735517 -132.216232 77.589539
v 0.012404 -132.278580 77.794662
v 0.012404 -132.310715 78.877609
v 0.012404 -132.254700 76.695053
v -0.168761 -132.208344 76.437347
v -0.874276 -132.132019 76.541748
v -0.309400 -132.405533 76.120560
v -1.270182 -132.393051 76.156235
v 0.012404 -132.527084 76.250900
v 0.012404 -132.527084 76.250900
v -1.154153 -132.571777 79.716705
v 0.012404 -132.197815 79.766899
v -1.608704 -132.371185 81.322998
v 0.012404 -131.796722 81.336067
v -0.941788 -132.178223 82.548302
v -1.580689 -132.325745 82.426880
v -1.582998 -132.678253 82.516953
v -0.932935 -132.678253 82.564003
v -0.442726 -132.733658 82.711540
v 0.012404 -132.288986 82.641838
v -1.025290 -133.475220 79.716705
v -1.502098 -133.167267 81.322998
v -0.517879 -133.922379 79.783081
v -0.847144 -133.728790 81.226631
v 0.012404 -133.906128 81.418457
v -0.941788 -133.067535 82.416359
v 0.012404 -133.111694 82.547127
v -0.442726 -132.733658 82.711540
v -0.932935 -132.678253 82.564003
v -1.580689 -133.076309 82.409889
v -1.582998 -132.678253 82.516953
v -1.875772 -133.096802 81.549568
v 0.012404 -134.090424 79.786514
v -7.279314 -132.976471 81.539482
v -7.427750 -132.662109 81.547966
v -7.279313 -132.432251 81.539482
v -7.446208 -132.844833 81.398285
v -7.671814 -132.936172 81.390762
v -7.697984 -132.771637 81.550377
v -7.789415 -132.987152 81.503204
v -7.707491 -133.018921 81.643417
v -7.973287 -132.651047 81.764542
v -7.899807 -132.317230 81.640717
v -7.984167 -132.868774 81.784584
v -7.991427 -133.040817 81.797958
v -7.928032 -132.976303 81.351196
v -7.951581 -133.031387 81.470001
v -8.069410 -132.966827 81.358307
v -8.079535 -133.019897 81.451096
v -8.162444 -133.033813 81.308708
v -8.172755 -133.087845 81.403191
v -8.128216 -132.647858 81.636040
v -8.176944 -132.844421 81.635872
v -8.176064 -132.660645 81.448242
v -8.194570 -132.841644 81.454102
v -8.311772 -132.645691 81.376831
v -8.227530 -132.421661 81.386681
v -8.127116 -132.412338 81.434753
v -8.327873 -132.813354 81.379662
v -8.062750 -132.318756 81.625496
v -8.169342 -132.314911 81.691872
v -8.227530 -132.421661 81.386681
v -8.323747 -132.648468 81.680054
v -8.311772 -132.645691 81.376831
v -8.317156 -132.847992 81.679100
v -8.021675 -132.672821 81.948723
v -8.019417 -132.872345 81.942459
v -8.327873 -132.813354 81.379662
v -7.279314 -132.709808 81.981766
v -7.279313 -132.432251 81.840691
v -7.938558 -132.302597 81.818062
v -8.062750 -132.318756 81.625496
v -7.899807 -132.317230 81.640717
v -8.194570 -132.841644 81.454102
v -8.176944 -132.844421 81.635872
v -8.019417 -132.872345 81.942459
v -7.984167 -132.868774 81.784584
v -7.074100 -132.718735 81.968002
v -7.074100 -132.925201 81.850586
v -7.279314 -132.976471 81.828331
v -8.019417 -132.872345 81.942459
v -8.017591 -133.033554 81.937393
v -7.991427 -133.040817 81.797958
v -7.707491 -133.018921 81.643417
v -7.279314 -132.976471 81.539482
v -7.679315 -133.117813 81.460449
v -7.645953 -133.044678 81.334572
v -7.397944 -132.983276 81.389877
v -7.446208 -132.844833 81.398285
v -7.671814 -132.936172 81.390762
v -7.789415 -132.987152 81.503204
v -7.936253 -133.152023 81.418633
v -7.905452 -133.077515 81.288902
v -8.172755 -133.087845 81.403191
v -8.162444 -133.033813 81.308708
v -7.928032 -132.976303 81.351196
v -8.069410 -132.966827 81.358307
v -8.079535 -133.019897 81.451096
v -7.951581 -133.031387 81.470001
v -7.077861 -132.936035 81.580750
v -8.368830 -132.844864 81.783905
v -8.461892 -132.989822 81.489403
v -8.363965 -133.006088 81.781601
v -8.465886 -132.861130 81.487816
v -8.322128 -133.003586 81.520699
v -8.247092 -133.013336 81.701180
v -8.310487 -132.851059 81.527512
v -8.232514 -132.841309 81.696815
v -8.019417 -132.872345 81.942459
v -7.984167 -132.868774 81.784584
v -8.062750 -132.318756 81.625496
v -8.127116 -132.412338 81.434753
v -8.062750 -132.318756 81.625496
v -8.322128 -133.003586 81.520699
v -8.465886 -132.861130 81.487816
v -8.310487 -132.851059 81.527512
v -8.461892 -132.989822 81.489403
v -8.247092 -133.013336 81.701180
v -8.232514 -132.841309 81.696815
v -7.899807 -132.317230 81.640717
v -7.074100 -132.480637 81.850586
v -7.279313 -132.432251 81.539482
v -7.077860 -132.467255 81.580750
v -7.077861 -132.936035 81.580750
v -0.856215 -132.879654 68.875793
v -0.594346 -132.449753 68.875793
v -1.140407 -132.951263 71.227577
v -0.594346 -132.449753 68.875793
v -0.594346 -132.449753 68.505898
v -0.856215 -132.879654 68.505898
v -0.856215 -132.879654 68.875793
v -0.594346 -133.228226 68.523643
v -0.594346 -133.154312 68.875793
v -0.880275 -132.523361 67.862640
v -0.594346 -132.354248 67.868210
v -1.038260 -134.537613 67.862640
v -0.755726 -134.328827 68.173477
v -0.401764 -134.625885 68.047714
v -0.369725 -134.811218 67.910210
v -0.332474 -132.879654 68.505898
v -0.594346 -133.154312 68.875793
v -0.348036 -132.879654 68.875793
v -0.594346 -132.449753 68.505898
v -0.594346 -132.449753 68.875793
v -0.312085 -132.543259 67.862640
v -0.240959 -134.507339 68.073174
v -0.105244 -134.634674 67.862640
v -0.312085 -132.543259 67.862640
v -0.594346 -132.354248 67.868210
v -1.038260 -134.537613 67.862640
v -0.105244 -134.634674 67.862640
v -0.369725 -134.811218 67.910210
v -0.880275 -132.523361 67.862640
v -0.312085 -132.543259 67.862640
v -0.594346 -132.354248 67.868210
v 0.012404 -133.099030 83.176239
v 0.012404 -133.580765 83.166397
v -0.246199 -133.516525 83.574463
v 0.012404 -133.640717 83.473259
v 0.012404 -133.613129 83.542259
v 0.012404 -133.111694 82.547127
v -0.442726 -132.733658 82.711540
v -0.442726 -132.733658 82.711540
v 0.012404 -132.288986 82.641838
v 0.012404 -132.288986 82.641838
v -0.594346 -133.154312 68.875793
v -0.856215 -132.879654 68.875793
v 0.012404 -132.676636 83.603111
v 0.012404 -133.636566 83.628479
v -0.679655 -133.208313 83.822868
v -0.285523 -133.536453 83.667122
v 0.012404 -133.613129 83.542259
v 0.012404 -133.422791 83.322845
v -0.246199 -133.516525 83.574463
v -0.679655 -133.208313 83.822868
v 0.012404 -132.676636 83.603111
v -1.917587 -132.678238 82.536079
v -1.582998 -132.678253 82.516953
vn -0.0207 -0.7165 -0.6973
vn -0.0255 0.4064 -0.9133
vn 0.0683 0.6544 -0.7530
vn 0.0512 -0.6648 -0.7453
vn -0.1115 0.7019 -0.7035
vn -0.1555 -0.7151 -0.6815
vn 0.0472 0.9698 0.2394
vn 0.0518 0.9233 0.3806
vn -0.0312 0.8305 0.5561
vn -0.0001 -0.0580 0.9983
vn 0.0606 -0.0828 0.9947
vn -0.0238 -0.7149 -0.6988
vn -0.0640 -0.8396 0.5394
vn 0.0233 -0.9588 0.2831
vn -0.0001 -0.0581 0.9983
vn -0.0115 -0.8846 0.4663
vn 0.1045 -0.8851 0.4535
vn 0.0490 -0.7943 -0.6056
vn 0.1574 -0.8370 0.5241
vn 0.0418 -0.7795 0.6250
vn 0.0899 0.0816 0.9926
vn 0.1888 0.0760 0.9791
vn 0.2012 0.0172 0.9794
vn 0.0137 0.7476 -0.6640
vn 0.1449 0.7695 -0.6219
vn 0.3050 -0.7575 -0.5772
vn 0.0124 -0.7983 0.6022
vn 0.0300 0.7354 0.6770
vn 0.1404 0.8973 0.4186
vn 0.2012 0.0173 0.9794
vn 0.1889 0.0761 0.9791
vn -0.0079 0.9899 0.1419
vn 0.6213 0.6579 -0.4257
vn 0.7451 -0.6489 -0.1545
vn 0.1109 0.7805 0.6153
vn 0.0129 -0.0413 0.9991
vn 0.0187 -0.0621 0.9979
vn 0.0393 0.9860 0.1620
vn -0.0206 0.9945 -0.1031
vn -0.6581 0.7515 0.0467
vn 0.5405 0.8413 -0.0098
vn 0.5989 0.7992 0.0513
vn -0.6142 0.7848 0.0826
vn 0.5776 0.8144 -0.0562
vn -0.6432 0.7654 -0.0186
vn 0.9292 -0.3643 -0.0629
vn 0.9067 -0.4114 -0.0934
vn 0.9319 -0.3599 -0.0451
vn -0.9159 -0.3950 -0.0722
vn -0.9221 -0.3855 -0.0344
vn 0.0129 -0.9934 -0.1143
vn 0.0202 -0.9888 -0.1481
vn 0.9292 -0.3642 -0.0629
vn 0.0090 -0.9930 -0.1175
vn 0.9067 -0.4113 -0.0933
vn -0.9071 -0.4178 -0.0508
vn 0.0748 -0.9950 -0.0661
vn -0.5270 -0.5581 -0.6409
vn 0.9194 -0.3915 -0.0375
vn -0.5005 0.6828 -0.5322
vn -0.0000 -0.6392 -0.7690
vn -0.0000 0.2789 -0.9603
vn 0.9489 -0.3090 -0.0648
vn -0.0413 -0.9983 -0.0408
vn -0.9262 -0.3765 -0.0197
vn -0.0250 -0.9996 0.0114
vn -0.9950 -0.0997 -0.0033
vn -0.0249 -0.9996 0.0115
vn 0.7460 0.6550 -0.1201
vn 0.7460 0.6551 -0.1201
vn 0.9194 -0.3914 -0.0375
vn 0.8248 -0.5653 0.0116
vn 0.4632 -0.8745 -0.1438
vn 0.9380 -0.3454 0.0288
vn -0.0000 -0.9994 -0.0357
vn -0.0000 -0.9489 -0.3156
vn 0.8721 0.4870 0.0470
vn 0.8568 0.4909 0.1581
vn 0.2500 0.9487 0.1934
vn 0.2160 0.9709 0.1033
vn -0.0000 0.9986 0.0535
vn -0.0000 0.9997 0.0243
vn -0.0000 0.9962 -0.0874
vn -0.3488 0.8709 -0.3462
vn 0.1281 0.9719 -0.1977
vn -0.5004 0.6826 -0.5326
vn -0.0000 0.2788 -0.9604
vn 0.9046 0.4169 0.0894
vn -0.0000 0.9822 -0.1880
vn 0.8165 0.5309 -0.2269
vn 0.6213 0.6579 -0.4256
vn 0.0001 0.9997 -0.0245
vn 0.2083 0.7123 0.6703
vn 0.0188 -0.0621 0.9979
vn 0.2018 -0.1235 0.9716
vn 0.5848 -0.1700 0.7931
vn -0.0000 0.8650 0.5019
vn 0.8616 -0.4983 -0.0966
vn 0.7450 -0.6489 -0.1545
vn 0.4752 -0.8799 -0.0013
vn 0.4556 -0.8692 0.1920
vn 0.0001 -0.9450 0.3271
vn 0.1917 -0.6954 0.6926
vn -0.0000 -0.8719 0.4896
vn 0.5848 -0.1699 0.7932
vn 0.2018 -0.1236 0.9716
vn 0.0124 -0.7983 0.6021
vn 0.0187 -0.0622 0.9979
vn 0.3049 -0.7575 -0.5773
vn -0.0000 -0.9975 0.0711
vn -0.4408 -0.7146 -0.5433
vn -0.1428 0.6660 -0.7322
vn 0.0664 0.2244 -0.9722
vn -0.2909 0.4654 -0.8359
vn 0.2663 0.6342 -0.7258
vn 0.5293 0.4611 -0.7122
vn 0.7577 0.2611 0.5981
vn 0.3919 -0.9200 -0.0021
vn -0.0710 -0.1191 -0.9903
vn 0.0048 0.6478 -0.7618
vn 0.0565 -0.1729 -0.9833
vn 0.0364 -0.8601 -0.5089
vn 0.0372 0.9298 -0.3662
vn 0.1574 0.3023 0.9401
vn 0.2300 0.9586 -0.1679
vn 0.3412 0.3901 0.8552
vn 0.7614 0.1076 -0.6393
vn 0.8707 -0.4075 0.2752
vn -0.8262 -0.1853 -0.5320
vn -0.4532 -0.8363 -0.3085
vn -0.7808 -0.1605 -0.6038
vn -0.5755 -0.6788 -0.4561
vn 0.5409 0.1107 -0.8338
vn 0.3291 0.5226 -0.7865
vn -0.6583 0.4081 -0.6326
vn 0.5062 -0.4561 -0.7319
vn -0.2582 0.7436 -0.6168
vn 0.5537 0.7935 0.2526
vn -0.6583 0.4080 -0.6326
vn 0.9119 0.1643 0.3761
vn 0.7131 -0.6401 0.2860
vn 0.3472 0.1581 0.9244
vn 0.2479 -0.0155 0.9687
vn -0.0382 -0.0074 0.9992
vn -0.1313 0.8359 0.5330
vn 0.0834 0.8229 0.5620
vn -0.2582 0.7435 -0.6168
vn -0.5756 -0.6787 -0.4561
vn -0.1428 0.6659 -0.7322
vn -0.0002 -0.0580 0.9983
vn -0.1279 -0.8683 0.4793
vn 0.2478 -0.0155 0.9687
vn 0.1066 -0.6639 0.7402
vn 0.3918 -0.9201 -0.0020
vn -0.4408 -0.7146 -0.5432
vn -0.0846 -0.9894 0.1179
vn -0.2199 -0.3368 -0.9156
vn -0.5528 -0.4068 -0.7272
vn 0.2663 0.6342 -0.7259
vn 0.7577 0.2611 0.5980
vn 0.0964 -0.9590 0.2667
vn -0.0475 -0.2948 -0.9544
vn 0.8707 -0.4075 0.2753
vn 0.2299 0.9586 -0.1678
vn 0.3413 0.3901 0.8552
vn 0.1573 0.3024 0.9401
vn -0.1555 -0.7151 -0.6816
vn 0.5824 0.6226 0.5227
vn 0.5984 -0.6225 0.5044
vn 0.6294 -0.5263 -0.5717
vn 0.6350 0.5145 -0.5763
vn -0.4564 -0.6399 -0.6182
vn -0.3260 -0.8379 -0.4377
vn -0.5050 0.6148 -0.6058
vn -0.4123 0.8067 -0.4234
vn 0.0565 -0.1728 -0.9833
vn -0.2581 0.7436 -0.6168
vn 0.5537 0.7935 0.2525
vn -0.6582 0.4080 -0.6326
vn -0.2581 0.7435 -0.6169
vn 0.6350 0.5144 -0.5763
vn 0.6295 -0.5263 -0.5717
vn -0.4122 0.8067 -0.4235
vn 0.0048 0.6479 -0.7617
vn -0.1115 0.7019 -0.7034
vn -0.4407 -0.7146 -0.5432
vn 0.9936 -0.0970 -0.0580
vn -0.0205 0.9945 -0.1031
vn 0.9488 -0.3090 -0.0648
vn 0.9707 0.0618 0.2320
vn -0.0073 0.9718 0.2357
vn -0.0146 -0.5522 0.8336
vn -0.0250 -0.9996 0.0115
vn 0.7029 0.4519 -0.5492
vn -0.0227 0.8451 -0.5341
vn 0.7602 -0.5759 -0.3009
vn 0.3118 -0.3877 0.8675
vn -0.0509 -0.5387 0.8410
vn -0.1106 -0.9868 -0.1181
vn -0.9677 0.0694 0.2422
vn -0.0249 -0.9996 0.0114
vn -0.7060 0.4350 -0.5589
vn -0.4635 -0.3405 0.8181
vn -0.7877 -0.5043 -0.3540
vn -0.0226 0.8451 -0.5342
vn 0.7602 -0.5758 -0.3009
vn -0.7876 -0.5043 -0.3540
vn 0.5204 -0.8431 -0.1356
vn 0.3902 -0.3321 -0.8588
vn 0.8660 -0.3393 -0.3673
vn 0.4696 -0.8810 -0.0579
vn 0.0001 -0.9060 -0.4233
vn -0.0000 -0.2956 -0.9553
vn -0.0000 -0.9721 -0.2347
vn -0.0001 -0.9207 -0.3902
vn 0.7290 -0.6804 -0.0754
vn 0.9295 -0.3665 0.0422
vn 0.3696 -0.9278 0.0501
vn -0.0001 -0.9486 0.3164
vn -0.0000 -0.9958 -0.0920
vn 0.3630 -0.9175 -0.1626
vn 0.4282 -0.9022 -0.0520
vn -0.0000 -0.9968 -0.0794
vn -0.0000 -0.9670 0.2547
vn 0.3939 -0.8925 0.2199
vn -0.0000 -0.6636 0.7481
vn 0.7030 -0.5379 0.4653
vn 0.7993 0.2380 0.5517
vn 0.9929 0.1153 0.0301
vn 0.9537 0.0578 -0.2953
vn 0.6052 -0.4003 -0.6881
vn 0.9124 0.1030 -0.3960
vn -0.0000 -0.5389 -0.8424
vn 0.7735 0.6333 0.0229
vn -0.0000 0.9397 0.3419
vn -0.0000 0.9230 -0.3848
vn 0.8148 0.4648 -0.3465
vn -0.0000 0.9164 -0.4002
vn -0.0000 0.8650 0.5018
vn 0.0980 -0.6530 0.7510
vn -0.0000 -0.6883 -0.7254
vn -0.0000 -0.8719 0.4897
vn 0.9125 0.1029 -0.3960
vn 0.5849 -0.1700 0.7931
vn -0.0000 -0.9995 0.0322
vn -0.0000 -0.3630 0.9318
vn 0.5849 -0.1699 0.7931
vn -0.0000 0.8649 0.5019
vn 0.9124 0.1029 -0.3961
vn -0.9124 0.1030 -0.3960
vn -0.8148 0.4648 -0.3465
vn -0.0000 0.9164 -0.4003
vn -0.9537 0.0578 -0.2953
vn -0.6052 -0.4003 -0.6881
vn -0.8660 -0.3393 -0.3673
vn -0.9929 0.1153 0.0301
vn -0.9295 -0.3665 0.0422
vn -0.7290 -0.6804 -0.0754
vn -0.5204 -0.8431 -0.1356
vn -0.3901 -0.3321 -0.8588
vn -0.4696 -0.8810 -0.0579
vn -0.0001 -0.9060 -0.4233
vn 0.0001 -0.9208 -0.3901
vn -0.3696 -0.9278 0.0501
vn -0.0000 -0.9486 0.3164
vn -0.0000 -0.9958 -0.0921
vn -0.3630 -0.9175 -0.1626
vn -0.4282 -0.9022 -0.0520
vn -0.3939 -0.8925 0.2199
vn -0.7030 -0.5379 0.4653
vn -0.7994 0.2380 0.5517
vn -0.7735 0.6333 0.0229
vn -0.0000 0.9230 -0.3849
vn -0.2775 -0.6404 0.7162
vn -0.4654 -0.0145 0.8850
vn -0.7993 0.2380 0.5518
vn -0.0000 0.5765 0.8171
vn -0.0000 -0.1608 0.9870
vn -0.0000 0.5766 0.8171
vn 0.7993 0.2380 0.5518
vn -0.0001 0.9397 0.3419
vn 0.4654 -0.0144 0.8850
vn 0.2775 -0.6404 0.7162
vn -0.0000 -0.1609 0.9870
vn -0.0000 -0.9208 -0.3901
vn -0.0000 -0.9693 0.2460
vn -0.4696 -0.8810 -0.0580
vn 0.9936 -0.0970 -0.0581
vn -0.0000 -0.9997 -0.0252
vn 0.8660 -0.3392 -0.3673
vn 0.3902 -0.3322 -0.8587
vn 0.0001 -0.3630 0.9318
vn 0.0980 -0.6529 0.7510
vn -0.0000 0.2087 0.9780
vn 0.8660 -0.3393 -0.3674
vn -0.0001 -0.9997 -0.0253
vn 0.0129 -0.0414 0.9991
vn 0.0206 -0.7165 -0.6973
vn -0.0512 -0.6648 -0.7453
vn -0.0684 0.6545 -0.7530
vn 0.0255 0.4064 -0.9133
vn 0.1115 0.7020 -0.7034
vn 0.1554 -0.7151 -0.6815
vn -0.0472 0.9698 0.2394
vn -0.0518 0.9233 0.3806
vn 0.0312 0.8305 0.5561
vn 0.0001 -0.0580 0.9983
vn -0.0606 -0.0828 0.9947
vn 0.0238 -0.7149 -0.6988
vn 0.0640 -0.8396 0.5394
vn -0.0233 -0.9588 0.2831
vn 0.0002 -0.0581 0.9983
vn 0.0115 -0.8846 0.4663
vn -0.1045 -0.8851 0.4535
vn -0.0490 -0.7943 -0.6056
vn -0.1574 -0.8370 0.5241
vn -0.0418 -0.7795 0.6250
vn -0.0899 0.0816 0.9926
vn -0.1888 0.0761 0.9791
vn -0.2012 0.0172 0.9794
vn -0.0138 0.7477 -0.6639
vn -0.1449 0.7695 -0.6219
vn -0.3050 -0.7575 -0.5772
vn -0.0124 -0.7983 0.6021
vn -0.0300 0.7354 0.6770
vn -0.1404 0.8972 0.4186
vn -0.1889 0.0761 0.9790
vn 0.0079 0.9899 0.1419
vn -0.6213 0.6579 -0.4257
vn -0.7450 -0.6489 -0.1545
vn -0.1108 0.7805 0.6153
vn -0.0129 -0.0413 0.9991
vn -0.0187 -0.0621 0.9979
vn -0.0393 0.9860 0.1620
vn 0.0206 0.9945 -0.1031
vn -0.5405 0.8413 -0.0098
vn 0.6581 0.7515 0.0467
vn -0.5989 0.7992 0.0513
vn 0.6142 0.7848 0.0826
vn -0.5787 0.8139 -0.0515
vn 0.6432 0.7654 -0.0186
vn -0.9292 -0.3642 -0.0629
vn -0.9073 -0.4103 -0.0921
vn -0.9319 -0.3600 -0.0451
vn 0.9158 -0.3950 -0.0722
vn 0.9221 -0.3855 -0.0343
vn -0.0129 -0.9934 -0.1143
vn -0.0202 -0.9888 -0.1481
vn -0.9319 -0.3599 -0.0452
vn -0.0090 -0.9930 -0.1174
vn -0.9073 -0.4103 -0.0920
vn 0.9071 -0.4178 -0.0508
vn -0.0791 -0.9950 -0.0610
vn 0.5270 -0.5581 -0.6409
vn -0.9190 -0.3927 -0.0351
vn 0.4751 0.6905 -0.5455
vn -0.9489 -0.3090 -0.0648
vn 0.0413 -0.9983 -0.0408
vn 0.9262 -0.3765 -0.0197
vn 0.0250 -0.9996 0.0114
vn 0.9950 -0.0997 -0.0033
vn 0.0249 -0.9996 0.0114
vn -0.0000 -0.6392 -0.7691
vn -0.7847 0.6061 -0.1301
vn -0.9073 -0.4102 -0.0921
vn -0.9190 -0.3926 -0.0351
vn -0.8248 -0.5653 0.0116
vn -0.9359 -0.3513 0.0240
vn -0.4613 -0.8752 -0.1456
vn -0.8721 0.4870 0.0470
vn -0.8543 0.4923 0.1670
vn -0.0790 -0.9950 -0.0610
vn -0.8987 0.4321 0.0746
vn -0.2246 0.9701 0.0923
vn -0.7846 0.6061 -0.1301
vn -0.2500 0.9487 0.1934
vn 0.3489 0.8709 -0.3462
vn -0.2186 0.9527 -0.2111
vn 0.4750 0.6905 -0.5455
vn -0.7847 0.6060 -0.1302
vn -0.0000 0.2788 -0.9603
vn -0.8165 0.5309 -0.2268
vn -0.0000 0.9997 -0.0245
vn -0.2083 0.7123 0.6703
vn -0.1109 0.7805 0.6153
vn -0.2018 -0.1235 0.9716
vn -0.5848 -0.1700 0.7931
vn -0.8616 -0.4983 -0.0966
vn -0.7450 -0.6489 -0.1544
vn -0.4749 -0.8800 -0.0010
vn -0.4559 -0.8691 0.1918
vn -0.0001 -0.9450 0.3271
vn -0.1916 -0.6954 0.6926
vn -0.5849 -0.1699 0.7931
vn -0.2018 -0.1236 0.9716
vn -0.0188 -0.0622 0.9979
vn -0.3050 -0.7575 -0.5773
vn 0.4407 -0.7146 -0.5433
vn -0.0664 0.2244 -0.9722
vn 0.1427 0.6660 -0.7322
vn 0.2909 0.4655 -0.8359
vn -0.2663 0.6342 -0.7258
vn -0.5293 0.4611 -0.7122
vn -0.7577 0.2611 0.5981
vn -0.3918 -0.9200 -0.0020
vn 0.0710 -0.1191 -0.9903
vn -0.0048 0.6478 -0.7618
vn -0.0565 -0.1729 -0.9833
vn -0.0364 -0.8601 -0.5089
vn -0.0373 0.9298 -0.3662
vn -0.1574 0.3024 0.9401
vn -0.2299 0.9586 -0.1678
vn -0.3412 0.3901 0.8552
vn -0.7614 0.1076 -0.6393
vn -0.8707 -0.4075 0.2752
vn 0.8262 -0.1853 -0.5320
vn 0.4532 -0.8363 -0.3085
vn 0.7808 -0.1605 -0.6038
vn 0.5755 -0.6788 -0.4562
vn -0.5409 0.1107 -0.8338
vn -0.3291 0.5226 -0.7865
vn 0.6582 0.4081 -0.6327
vn -0.5062 -0.4561 -0.7320
vn 0.2582 0.7436 -0.6168
vn -0.5537 0.7935 0.2525
vn 0.6582 0.4080 -0.6326
vn -0.9119 0.1643 0.3761
vn -0.7131 -0.6401 0.2860
vn -0.3472 0.1581 0.9244
vn -0.2479 -0.0155 0.9687
vn 0.0382 -0.0074 0.9992
vn 0.1312 0.8359 0.5330
vn -0.0834 0.8229 0.5620
vn 0.2581 0.7436 -0.6169
vn 0.5756 -0.6787 -0.4562
vn -0.2478 -0.0155 0.9687
vn 0.1427 0.6659 -0.7322
vn 0.1279 -0.8683 0.4793
vn -0.1066 -0.6639 0.7401
vn -0.3918 -0.9201 -0.0020
vn 0.4408 -0.7146 -0.5432
vn 0.0847 -0.9894 0.1179
vn 0.2199 -0.3368 -0.9156
vn 0.5528 -0.4068 -0.7272
vn 0.2909 0.4654 -0.8359
vn -0.2663 0.6342 -0.7259
vn -0.7577 0.2612 0.5981
vn -0.0963 -0.9590 0.2667
vn 0.0475 -0.2948 -0.9544
vn -0.8707 -0.4076 0.2752
vn -0.2300 0.9586 -0.1678
vn -0.3412 0.3902 0.8552
vn -0.1573 0.3024 0.9401
vn 0.1555 -0.7151 -0.6816
vn -0.5823 0.6226 0.5228
vn -0.6295 -0.5263 -0.5717
vn -0.5983 -0.6225 0.5044
vn -0.6350 0.5145 -0.5763
vn 0.4564 -0.6399 -0.6183
vn 0.3261 -0.8379 -0.4377
vn 0.5051 0.6148 -0.6057
vn 0.4123 0.8067 -0.4235
vn 0.2581 0.7436 -0.6168
vn 0.6582 0.4081 -0.6326
vn -0.5537 0.7935 0.2526
vn 0.4564 -0.6399 -0.6182
vn -0.6294 -0.5263 -0.5717
vn 0.4123 0.8067 -0.4234
vn -0.0048 0.6479 -0.7617
vn 0.0313 0.8305 0.5561
vn 0.1428 0.6659 -0.7322
vn 0.1116 0.7020 -0.7034
vn 0.1555 -0.7151 -0.6815
vn -0.9936 -0.0970 -0.0581
vn 0.0205 0.9945 -0.1031
vn -0.9488 -0.3090 -0.0648
vn 0.0073 0.9718 0.2356
vn -0.9707 0.0618 0.2321
vn -0.9936 -0.0970 -0.0580
vn 0.0146 -0.5522 0.8336
vn -0.7029 0.4519 -0.5493
vn 0.0226 0.8451 -0.5342
vn -0.7602 -0.5759 -0.3009
vn -0.3118 -0.3877 0.8675
vn 0.0509 -0.5386 0.8410
vn 0.1106 -0.9868 -0.1181
vn 0.9677 0.0694 0.2422
vn 0.0073 0.9718 0.2357
vn 0.7060 0.4350 -0.5589
vn 0.4635 -0.3405 0.8181
vn 0.7877 -0.5043 -0.3540
vn 0.7061 0.4349 -0.5589
vn -0.7601 -0.5759 -0.3009
vn 0.7876 -0.5043 -0.3540
vn -0.7029 0.4519 -0.5492
vn -0.0980 -0.6530 0.7510
vn -0.0000 -0.5389 -0.8423
vn -0.9125 0.1029 -0.3960
vn -0.5849 -0.1700 0.7931
vn -0.9124 0.1029 -0.3961
vn -0.0000 -0.2955 -0.9553
vn -0.8660 -0.3394 -0.3674
vn -0.3902 -0.3322 -0.8587
vn -0.0000 0.2088 0.9780
vn -0.0980 -0.6529 0.7510
vn -0.0129 -0.0414 0.9991
vn -0.0187 -0.0622 0.9979
vt 0.730382 0.103619
vt 0.705649 0.144477
vt 0.906050 0.162418
vt 0.907543 0.101904
vt 0.999984 0.166941
vt 1.001061 0.095946
vt 0.733494 0.205318
vt 0.838940 0.209383
vt 0.991053 0.210366
vt 0.981648 0.252295
vt 0.840260 0.252371
vt 0.689743 0.104698
vt 0.991405 0.052870
vt 0.810174 0.064464
vt 0.981657 0.011468
vt 0.840250 0.011429
vt 0.734207 0.056759
vt 0.693123 0.056174
vt 0.518060 0.096757
vt 0.575201 0.047645
vt 0.473165 0.043970
vt 0.716055 0.011396
vt 0.597290 0.011359
vt 0.510869 0.011322
vt 0.522475 0.164896
vt 0.485011 0.157654
vt 0.479927 0.107408
vt 0.445175 0.049232
vt 0.473366 0.225391
vt 0.579352 0.211659
vt 0.510849 0.252622
vt 0.597275 0.252464
vt 0.688056 0.203710
vt 0.716059 0.252303
vt 0.459430 0.138427
vt 0.448360 0.105872
vt 0.445220 0.217118
vt 0.468555 0.252667
vt 0.435264 0.252667
vt 0.710772 0.204691
vt 0.809314 0.993189
vt 0.844593 0.748486
vt 0.799681 0.766537
vt 0.795370 0.616810
vt 0.844460 0.624653
vt 0.796731 0.566457
vt 0.846052 0.573862
vt 0.737687 0.589384
vt 0.737679 0.566887
vt 0.737691 0.611583
vt 0.903594 0.595045
vt 0.902086 0.622902
vt 0.947494 0.615460
vt 0.947980 0.591500
vt 0.993009 0.611673
vt 0.993010 0.589483
vt 0.948583 0.568105
vt 0.993012 0.566905
vt 0.904969 0.574145
vt 0.939443 0.344499
vt 0.898532 0.361084
vt 0.993076 0.320695
vt 0.854260 0.365264
vt 0.915162 0.347050
vt 0.854851 0.350073
vt 0.993004 0.780156
vt 0.944441 0.769131
vt 0.900724 0.759988
vt 0.936461 0.995025
vt 0.880074 0.997653
vt 0.789589 0.353336
vt 0.737576 0.320774
vt 0.459999 0.699940
vt 0.421847 0.911548
vt 0.493482 0.874305
vt 0.334346 0.703269
vt 0.334346 0.906337
vt 0.574509 0.696105
vt 0.570429 0.874521
vt 0.490508 0.948126
vt 0.334346 0.965522
vt 0.365140 0.975937
vt 0.420117 0.965795
vt 0.650541 0.838561
vt 0.643075 0.892767
vt 0.726515 0.817051
vt 0.726515 0.703484
vt 0.726515 0.932364
vt 0.709975 0.959389
vt 0.635989 0.948441
vt 0.695226 0.983366
vt 0.579503 0.979625
vt 0.726515 0.978941
vt 0.572418 0.925007
vt 0.726515 0.610225
vt 0.575486 0.609180
vt 0.574131 0.447552
vt 0.726515 0.445670
vt 0.628909 0.318546
vt 0.561909 0.331279
vt 0.561667 0.289065
vt 0.629838 0.284131
vt 0.681244 0.268659
vt 0.726515 0.308737
vt 0.465542 0.609718
vt 0.497836 0.448231
vt 0.389955 0.608312
vt 0.424485 0.456931
vt 0.334346 0.436815
vt 0.434410 0.332167
vt 0.334346 0.318454
vt 0.382074 0.269755
vt 0.433481 0.285227
vt 0.501409 0.332846
vt 0.501652 0.290161
vt 0.532354 0.423067
vt 0.334346 0.607952
vt 0.079805 0.232283
vt 0.164710 0.210607
vt 0.122523 0.194649
vt 0.082536 0.195321
vt 0.065738 0.163787
vt 0.098907 0.148763
vt 0.061632 0.142152
vt 0.067395 0.121429
vt 0.123677 0.114515
vt 0.175785 0.114562
vt 0.094627 0.115280
vt 0.071940 0.113520
vt 0.035702 0.148111
vt 0.041923 0.132093
vt 0.020229 0.138299
vt 0.026355 0.125859
vt 0.005702 0.131286
vt 0.011940 0.118620
vt 0.124248 0.087244
vt 0.097369 0.085301
vt 0.124231 0.055219
vt 0.098622 0.055224
vt 0.124118 0.033753
vt 0.158367 0.040381
vt 0.164154 0.054336
vt 0.099739 0.035139
vt 0.171577 0.088395
vt 0.192231 0.080816
vt 0.172887 0.036601
vt 0.229659 0.051083
vt 0.207206 0.014433
vt 0.253565 0.037615
vt 0.259273 0.099604
vt 0.295568 0.088781
vt 0.225257 0.005464
vt 0.257519 0.214069
vt 0.210893 0.208562
vt 0.203087 0.112287
vt 0.256732 0.004405
vt 0.275505 0.029551
vt 0.296663 0.056271
vt 0.254448 0.243670
vt 0.287294 0.248875
vt 0.299549 0.220380
vt 0.323300 0.104611
vt 0.343328 0.116239
vt 0.349575 0.166371
vt 0.341191 0.234380
vt 0.379236 0.180734
vt 0.393815 0.198439
vt 0.369935 0.227020
vt 0.383913 0.245331
vt 0.408148 0.211617
vt 0.372524 0.153454
vt 0.406401 0.154959
vt 0.418570 0.170953
vt 0.432503 0.130104
vt 0.445823 0.142555
vt 0.433494 0.180403
vt 0.448844 0.163198
vt 0.412154 0.127150
vt 0.395815 0.139939
vt 0.325332 0.261049
vt 0.344700 0.051550
vt 0.359289 0.070966
vt 0.389947 0.045029
vt 0.374202 0.026325
vt 0.391323 0.064504
vt 0.369359 0.086828
vt 0.352694 0.023153
vt 0.330809 0.036634
vt 0.068269 0.054545
vt 0.088448 0.054365
vt 0.085147 0.033440
vt 0.068311 0.035581
vt 0.069129 0.082960
vt 0.091835 0.081384
vt 0.214759 0.239928
vt 0.170727 0.242683
vt 0.094294 0.262400
vt 0.737783 0.987757
vt 0.737708 0.780107
vt 0.274783 0.263290
vt 0.251897 0.284556
vt 0.265085 0.304716
vt 0.290410 0.280108
vt 0.230808 0.322133
vt 0.234686 0.293532
vt 0.317161 0.315098
vt 0.326877 0.296848
vt 0.247112 0.446506
vt 0.230894 0.421947
vt 0.204488 0.436013
vt 0.200804 0.450038
vt 0.202857 0.296193
vt 0.220949 0.280878
vt 0.186739 0.265822
vt 0.206200 0.254811
vt 0.152216 0.291162
vt 0.194174 0.426648
vt 0.177297 0.438725
vt 0.148125 0.271043
vt 0.109679 0.437051
vt 0.158639 0.453515
vt 0.110675 0.292890
vt 0.130164 0.279394
vt 0.048936 0.787641
vt 0.037433 0.823986
vt 0.095670 0.805101
vt 0.018334 0.795488
vt 0.001309 0.823986
vt 0.001309 0.828672
vt 0.001309 0.805245
vt 0.001309 0.793266
vt 0.072476 0.756292
vt 0.104842 0.722758
vt 0.009703 0.762035
vt 0.001309 0.770446
vt 0.001309 0.745864
vt 0.041600 0.754625
vt 0.045013 0.731461
vt 0.001309 0.728107
vt 0.001309 0.706350
vt 0.045012 0.704329
vt 0.000634 0.640415
vt 0.080537 0.664700
vt 0.172489 0.654188
vt 0.168984 0.731210
vt 0.146949 0.810560
vt 0.044855 0.876465
vt 0.134665 0.883862
vt 0.053879 0.921862
vt 0.230813 0.753236
vt 0.327296 0.709405
vt 0.289853 0.844016
vt 0.198004 0.819694
vt 0.222406 0.906637
vt 0.208321 0.985394
vt 0.032665 0.835220
vt 0.001309 0.884699
vt 0.068912 0.997425
vt 0.136690 0.961832
vt 0.001309 0.847491
vt 0.001309 0.839125
vt 0.041894 0.649915
vt 0.070649 0.583980
vt 0.103642 0.580263
vt 0.049090 0.502723
vt 0.103028 0.449168
vt 0.013527 0.576938
vt 0.001309 0.788851
vt 0.992969 0.987765
vt 0.232379 0.916718
vt 0.282941 0.969753
vt 0.311768 0.908112
vt 0.306313 0.933309
vt 0.220304 0.994415
vt 0.243005 0.989735
vt 0.222758 0.978624
vt 0.468563 0.011307
vt 0.435273 0.011298
s 1
usemtl enemy_tonnel
f 1/1/1 2/2/2 3/3/3
f 1/1/1 3/3/3 4/4/4
f 4/4/4 3/3/3 5/5/5
f 4/4/4 5/5/5 6/6/6
f 3/3/3 2/2/2 7/7/7
f 3/3/3 7/7/7 8/8/8
f 5/5/5 3/3/3 8/8/8
f 5/5/5 8/8/8 9/9/9
f 10/10/10 9/9/9 8/8/8
f 10/10/10 8/8/8 11/11/11
f 11/11/11 8/8/8 7/7/7
f 1/1/1 12/12/12 2/2/2
f 4/4/4 6/6/6 13/13/13
f 14/14/14 4/4/4 13/13/13
f 1/1/1 4/4/4 14/14/14
f 14/14/14 13/13/13 15/15/15
f 14/14/14 15/15/15 16/16/11
f 16/16/11 17/17/16 14/14/14
f 1/1/1 14/14/14 17/17/16
f 18/18/17 12/12/12 1/1/1
f 18/18/17 1/1/1 17/17/16
f 18/18/17 19/19/18 12/12/12
f 18/18/17 20/20/19 19/19/18
f 20/20/19 21/21/20 19/19/18
f 22/22/21 20/20/19 18/18/17
f 16/16/11 22/22/21 17/17/16
f 18/18/17 17/17/16 22/22/21
f 22/22/21 23/23/22 20/20/19
f 24/24/23 21/21/20 20/20/19
f 24/24/23 20/20/19 23/23/22
f 25/25/24 12/12/12 19/19/18
f 26/26/25 25/25/24 19/19/18
f 26/26/25 19/19/18 27/27/26
f 19/19/18 21/21/20 27/27/26
f 21/21/20 28/28/27 27/27/26
f 29/29/28 25/25/24 26/26/25
f 29/29/28 30/30/29 25/25/24
f 30/30/29 29/29/28 31/31/30
f 30/30/29 31/31/30 32/32/31
f 33/33/32 30/30/29 32/32/31
f 33/33/32 32/32/31 34/34/21
f 27/27/26 35/35/33 26/26/25
f 27/27/26 36/36/34 35/35/33
f 35/35/33 37/37/35 26/26/25
f 37/37/35 29/29/28 26/26/25
f 37/37/35 38/38/36 29/29/28
f 31/31/30 29/29/28 38/38/36
f 37/37/35 39/39/37 38/38/36
f 30/30/29 33/33/32 2/2/2
f 30/30/29 2/2/2 25/25/24
f 25/25/24 2/2/2 12/12/12
f 2/2/2 33/33/32 40/40/38
f 40/40/38 33/33/32 34/34/21
f 7/7/7 40/40/38 34/34/21
f 7/7/7 2/2/2 40/40/38
f 11/11/11 7/7/7 34/34/21
f 41/41/39 42/42/40 43/43/41
f 42/42/40 44/44/42 43/43/41
f 42/42/40 45/45/43 44/44/42
f 45/45/43 46/46/44 44/44/42
f 45/45/43 47/47/45 46/46/44
f 48/48/46 44/44/42 46/46/44
f 49/49/47 48/48/46 46/46/44
f 48/48/46 50/50/48 44/44/42
f 43/43/41 44/44/42 50/50/48
f 51/51/49 47/47/45 45/45/43
f 52/52/50 51/51/49 45/45/43
f 52/52/50 45/45/43 42/42/40
f 51/51/49 52/52/50 53/53/51
f 51/51/49 53/53/51 54/54/52
f 54/54/52 53/53/51 55/55/48
f 54/54/52 55/55/48 56/56/53
f 57/57/54 54/54/52 56/56/53
f 57/57/54 56/56/53 58/58/55
f 59/59/56 51/51/49 54/54/52
f 59/59/56 54/54/52 57/57/54
f 51/51/49 59/59/56 47/47/45
f 59/59/56 57/57/54 60/60/57
f 60/60/57 57/57/54 58/58/55
f 59/59/56 60/60/57 61/61/58
f 47/47/45 59/59/56 61/61/58
f 60/60/57 58/58/55 62/62/59
f 47/47/45 61/61/58 63/63/60
f 64/64/61 63/63/60 61/61/58
f 64/64/61 65/65/62 63/63/60
f 53/53/51 66/66/63 55/55/48
f 53/53/51 67/67/64 66/66/63
f 53/53/51 52/52/50 68/68/65
f 53/53/51 68/68/65 67/67/64
f 69/69/66 66/66/63 67/67/64
f 68/68/65 69/69/66 67/67/64
f 52/52/50 42/42/40 68/68/65
f 42/42/40 70/70/67 68/68/65
f 42/42/40 71/41/39 70/70/67
f 68/68/65 70/70/67 72/69/68
f 63/63/60 73/71/69 46/46/44
f 63/63/60 46/46/44 47/47/45
f 74/71/69 49/49/47 46/46/44
f 75/71/70 76/72/71 49/49/55
f 77/73/72 78/74/73 79/75/74
f 77/73/72 80/76/75 78/74/73
f 80/76/75 81/77/76 78/74/73
f 79/75/74 82/78/77 77/73/72
f 79/75/74 83/79/78 82/78/77
f 79/75/74 78/74/73 84/80/59
f 78/74/73 81/77/76 85/81/61
f 78/74/73 85/81/61 86/82/58
f 86/82/58 87/83/57 78/74/73
f 78/74/73 87/83/57 84/80/59
f 82/78/77 83/79/78 88/84/79
f 89/85/80 88/84/79 83/79/78
f 89/85/80 90/86/81 88/84/79
f 91/87/82 88/84/79 90/86/81
f 91/87/82 82/78/77 88/84/79
f 92/88/83 90/86/81 89/85/80
f 92/88/83 89/85/80 93/89/84
f 89/85/80 94/90/85 93/89/84
f 93/89/84 94/90/85 95/91/86
f 94/90/85 89/85/80 96/92/70
f 97/93/62 92/88/83 93/89/84
f 98/93/87 93/89/84 95/91/86
f 89/85/80 83/79/78 99/94/88
f 89/85/80 99/94/88 96/92/70
f 99/94/88 83/79/78 79/75/74
f 99/94/88 79/75/74 84/80/59
f 100/92/70 99/94/88 84/80/59
f 94/90/85 101/92/70 95/91/86
f 91/87/82 102/95/89 103/96/90
f 91/87/82 103/96/90 82/78/77
f 102/95/89 104/97/91 103/96/90
f 102/95/89 105/98/92 104/97/91
f 105/98/92 106/99/93 104/97/91
f 107/100/35 104/97/91 106/99/93
f 106/99/93 108/101/94 107/100/35
f 106/99/93 109/102/95 108/101/94
f 110/103/96 109/102/95 106/99/93
f 106/99/93 111/104/97 110/103/96
f 105/98/92 111/104/97 106/99/93
f 77/73/72 82/78/77 103/96/90
f 77/73/72 103/96/90 112/105/98
f 113/106/99 112/105/98 103/96/90
f 113/106/99 103/96/90 104/97/91
f 113/106/99 114/107/100 112/105/98
f 77/73/72 112/105/98 114/107/100
f 113/106/99 115/108/101 114/107/100
f 115/108/101 116/109/102 114/107/100
f 116/109/102 115/108/101 117/110/103
f 117/110/103 115/108/101 113/106/99
f 116/109/102 117/110/103 118/111/104
f 117/110/103 119/112/105 118/111/104
f 117/110/103 120/113/106 119/112/105
f 120/113/106 117/110/103 121/114/107
f 120/113/106 121/114/107 122/115/108
f 77/73/72 114/107/100 80/76/75
f 117/110/103 113/106/99 123/116/109
f 117/110/103 123/116/109 121/114/107
f 80/76/75 114/107/100 124/117/110
f 114/107/100 116/109/102 124/117/110
f 125/118/111 126/119/112 127/120/113
f 128/121/114 125/118/111 127/120/113
f 127/120/113 129/122/115 128/121/114
f 127/120/113 130/123/116 129/122/115
f 129/122/115 130/123/116 131/124/117
f 130/123/116 132/125/118 131/124/117
f 133/126/119 130/123/116 127/120/113
f 127/120/113 134/127/120 133/126/119
f 130/123/116 133/126/119 135/128/121
f 130/123/116 135/128/121 132/125/118
f 135/128/121 136/129/122 132/125/118
f 137/130/123 129/122/115 131/124/117
f 137/130/123 131/124/117 138/131/124
f 139/132/125 137/130/123 138/131/124
f 139/132/125 138/131/124 140/133/126
f 141/134/127 139/132/125 140/133/126
f 141/134/127 140/133/126 142/135/128
f 135/128/121 133/126/119 143/136/129
f 135/128/121 143/136/129 144/137/130
f 144/137/130 143/136/129 145/138/131
f 144/137/130 145/138/131 146/139/132
f 145/138/131 147/140/133 146/139/132
f 148/141/134 147/140/133 145/138/131
f 149/142/135 148/141/134 145/138/131
f 143/136/129 149/142/135 145/138/131
f 147/140/133 150/143/136 146/139/132
f 143/136/129 151/144/137 149/142/135
f 152/145/138 153/146/134 149/142/139
f 154/147/140 153/146/134 152/145/138
f 154/147/140 155/148/133 153/146/134
f 156/149/141 155/148/133 154/147/140
f 157/150/142 156/149/141 154/147/140
f 154/147/140 152/145/138 157/150/142
f 157/150/142 158/151/143 156/149/141
f 156/149/141 159/152/136 155/148/133
f 158/151/143 157/150/142 160/153/144
f 157/150/142 161/154/145 160/153/144
f 157/150/142 162/155/146 161/154/145
f 152/145/138 162/155/146 157/150/142
f 162/155/146 152/145/138 163/144/147
f 164/127/120 162/155/146 163/144/147
f 161/154/145 162/155/146 164/127/120
f 156/149/141 165/156/148 159/152/136
f 156/149/141 166/157/130 165/156/148
f 167/151/143 166/157/130 156/149/141
f 167/151/143 168/158/121 166/157/130
f 126/119/149 161/154/145 164/127/120
f 161/154/145 169/159/150 160/153/144
f 170/160/13 160/153/144 169/159/150
f 170/160/13 171/161/151 160/153/144
f 172/151/152 160/153/144 171/161/151
f 173/162/153 172/151/152 171/161/151
f 171/161/151 174/163/122 173/162/153
f 171/161/151 175/164/154 174/163/122
f 171/161/151 176/165/155 175/164/154
f 170/160/13 176/165/155 171/161/151
f 177/166/156 175/164/154 176/165/155
f 176/165/155 178/167/157 177/166/156
f 176/165/155 179/168/158 178/167/157
f 180/169/114 179/168/158 176/165/155
f 178/167/157 179/168/158 180/169/114
f 178/167/157 180/169/114 181/170/159
f 177/166/156 182/171/160 175/164/154
f 178/167/157 183/172/161 177/166/156
f 178/167/157 184/173/162 183/172/161
f 181/170/159 184/173/162 178/167/157
f 184/173/162 185/174/163 183/172/161
f 184/173/162 186/175/127 185/174/163
f 181/170/159 187/176/123 184/173/162
f 187/176/123 186/175/127 184/173/162
f 187/176/123 188/177/164 186/175/127
f 189/178/165 183/172/161 185/174/163
f 189/178/165 190/179/166 183/172/161
f 190/179/166 182/171/160 177/166/156
f 190/179/166 177/166/156 183/172/161
f 170/160/13 191/180/167 176/165/155
f 192/181/168 193/182/169 194/183/170
f 192/181/168 194/183/170 195/184/171
f 172/151/152 193/182/169 192/181/168
f 172/151/152 173/162/153 193/182/169
f 193/182/169 196/185/172 194/183/170
f 193/182/169 197/186/173 196/185/172
f 173/162/153 197/186/173 193/182/169
f 173/162/153 174/163/122 197/186/173
f 192/181/168 195/184/171 198/187/174
f 192/181/168 198/187/174 199/188/175
f 200/151/143 192/181/168 199/188/175
f 200/151/143 199/188/175 201/158/176
f 202/144/177 152/145/178 203/142/179
f 133/126/119 134/127/120 151/144/180
f 133/126/119 204/144/137 143/136/129
f 205/189/172 206/190/174 207/191/181
f 205/189/172 207/191/181 208/192/182
f 209/193/173 206/190/174 205/189/172
f 209/193/173 210/194/183 206/190/174
f 135/128/121 210/194/183 209/193/173
f 136/129/122 135/128/121 209/193/173
f 126/119/112 211/127/184 127/120/113
f 161/154/145 212/195/9 169/159/150
f 213/119/112 212/195/9 161/154/145
f 213/119/112 214/196/185 212/195/9
f 215/197/6 214/196/185 213/119/112
f 215/197/6 213/119/112 125/118/186
f 216/198/187 217/41/188 43/43/41
f 216/198/187 43/43/41 218/199/189
f 218/199/189 43/43/41 50/50/48
f 219/200/188 220/201/187 221/202/190
f 219/200/188 221/202/190 222/203/191
f 220/201/187 223/204/192 221/202/190
f 220/201/187 224/205/193 223/204/192
f 221/202/190 225/206/194 222/203/191
f 222/203/191 225/206/194 226/207/195
f 221/202/190 227/208/196 225/206/194
f 221/202/190 223/204/192 228/209/197
f 221/202/190 228/209/197 227/208/196
f 229/210/198 227/208/196 228/209/197
f 223/204/192 229/210/198 228/209/197
f 229/210/198 230/211/199 227/208/196
f 223/204/192 231/212/200 229/210/198
f 232/205/201 231/212/200 223/204/192
f 232/205/201 233/213/67 231/212/200
f 233/213/67 234/214/191 231/212/200
f 233/213/67 235/215/39 234/214/191
f 234/214/191 236/216/202 231/212/200
f 231/212/200 237/217/203 229/210/198
f 237/217/203 231/212/200 238/218/204
f 229/210/198 237/217/203 238/218/204
f 229/210/198 238/218/204 230/211/199
f 231/212/200 236/216/202 238/218/204
f 234/214/191 239/219/205 240/216/202
f 241/220/206 242/221/199 243/218/207
f 244/222/194 241/220/206 243/218/207
f 244/222/194 243/218/207 245/216/202
f 246/223/205 244/222/194 245/216/202
f 247/224/208 248/225/209 249/226/210
f 247/224/208 250/227/211 248/225/209
f 250/227/211 251/228/212 248/225/209
f 252/229/213 248/225/209 251/228/212
f 251/228/212 250/227/211 253/230/214
f 253/230/214 250/227/211 254/231/215
f 249/226/210 255/232/216 247/224/208
f 249/226/210 256/233/217 255/232/216
f 250/227/211 247/224/208 257/234/218
f 258/235/219 250/227/211 257/234/218
f 258/235/219 257/234/218 259/236/220
f 247/224/208 260/237/221 257/234/218
f 247/224/208 255/232/216 260/237/221
f 261/238/222 259/236/220 257/234/218
f 257/234/218 260/237/221 261/238/222
f 260/237/221 255/232/216 261/238/222
f 255/232/216 256/233/217 261/238/222
f 259/236/220 261/238/222 262/239/223
f 262/239/223 261/238/222 263/240/224
f 261/238/222 264/241/225 263/240/224
f 256/233/217 264/241/225 261/238/222
f 263/240/224 264/241/225 265/242/226
f 266/243/227 264/241/225 256/233/217
f 266/243/227 256/233/217 267/244/228
f 256/233/217 268/245/229 267/244/228
f 249/226/210 268/245/229 256/233/217
f 249/226/210 269/246/230 268/245/229
f 270/247/231 269/246/230 249/226/210
f 270/247/231 271/248/232 269/246/230
f 270/247/231 272/249/233 271/248/232
f 268/245/229 273/250/234 267/244/228
f 269/246/230 273/250/234 268/245/229
f 274/251/235 267/244/228 273/250/234
f 274/251/235 273/250/234 275/252/236
f 275/252/236 273/250/234 276/253/237
f 271/248/232 276/253/237 269/246/230
f 269/246/230 276/253/237 273/250/234
f 275/252/236 276/253/237 277/254/238
f 271/248/232 278/254/238 276/253/237
f 279/255/239 278/254/238 271/248/232
f 270/247/231 249/226/210 280/256/240
f 281/257/241 270/247/231 280/256/240
f 270/247/231 281/257/241 282/249/233
f 282/249/233 283/258/242 271/248/243
f 283/258/242 284/259/244 271/248/243
f 285/260/245 281/257/241 280/256/240
f 286/261/246 285/260/245 280/256/240
f 287/259/247 288/255/248 271/248/249
f 289/248/250 290/253/251 278/254/252
f 289/248/250 291/246/253 290/253/251
f 292/247/254 291/246/253 289/248/250
f 292/247/254 289/248/250 293/249/233
f 292/247/254 294/226/255 291/246/253
f 294/226/255 295/245/256 291/246/253
f 294/226/255 296/233/257 295/245/256
f 294/226/255 297/232/258 296/233/257
f 294/226/255 298/224/259 297/232/258
f 298/224/259 294/226/255 299/225/260
f 298/224/259 299/225/260 300/227/261
f 300/227/261 299/225/260 301/228/262
f 302/229/213 301/228/262 299/225/260
f 301/228/262 303/230/214 300/227/261
f 303/230/214 304/231/263 300/227/261
f 300/227/261 305/234/264 298/224/259
f 306/235/265 305/234/264 300/227/261
f 306/235/265 307/236/266 305/234/264
f 298/224/259 305/234/264 308/237/267
f 298/224/259 308/237/267 297/232/258
f 309/238/268 305/234/264 307/236/266
f 305/234/264 309/238/268 308/237/267
f 308/237/267 309/238/268 297/232/258
f 297/232/258 309/238/268 296/233/257
f 307/236/266 310/239/223 309/238/268
f 310/239/223 311/240/224 309/238/268
f 309/238/268 311/240/224 312/241/269
f 296/233/257 309/238/268 312/241/269
f 313/243/270 296/233/257 312/241/269
f 313/243/270 314/244/271 296/233/257
f 296/233/257 314/244/271 295/245/256
f 295/245/256 314/244/271 315/250/272
f 316/251/235 315/250/272 314/244/271
f 316/251/235 317/252/273 315/250/272
f 317/252/273 290/253/251 315/250/272
f 317/252/273 318/254/252 290/253/251
f 291/246/253 295/245/256 315/250/272
f 291/246/253 315/250/272 290/253/251
f 313/243/270 312/241/269 319/262/274
f 319/262/274 320/263/275 313/243/270
f 313/243/270 320/263/275 321/264/276
f 321/264/276 320/263/275 322/265/277
f 322/265/277 323/266/235 321/264/276
f 319/262/274 312/241/269 324/242/226
f 320/263/275 319/262/274 324/242/226
f 311/240/224 324/242/226 312/241/269
f 320/263/275 324/242/226 325/267/278
f 326/265/279 320/263/275 325/267/278
f 327/265/277 328/264/280 323/266/281
f 328/264/280 327/265/277 329/263/282
f 266/243/227 328/264/280 329/263/282
f 330/262/283 266/243/227 329/263/282
f 266/243/227 330/262/283 264/241/225
f 330/262/283 265/242/226 264/241/225
f 329/263/282 265/242/226 330/262/283
f 329/263/282 331/267/284 265/242/226
f 332/265/279 331/267/284 329/263/282
f 333/231/285 250/227/211 334/268/286
f 250/227/211 335/235/265 334/268/286
f 333/231/285 334/268/286 300/227/287
f 300/227/287 334/268/286 335/235/265
f 336/69/66 337/269/288 66/66/189
f 338/270/289 339/271/290 340/272/213
f 339/271/290 341/273/291 340/272/213
f 342/274/292 343/275/293 344/276/294
f 343/275/293 345/271/295 344/276/294
f 346/270/296 344/276/294 345/271/295
f 347/277/297 348/278/37 21/21/20
f 24/24/23 347/277/297 21/21/20
f 348/278/37 28/28/27 21/21/20
f 349/1/298 350/4/299 351/3/300
f 349/1/298 351/3/300 352/2/301
f 350/4/299 353/5/302 351/3/300
f 350/4/299 354/6/303 353/5/302
f 351/3/300 355/7/304 352/2/301
f 351/3/300 356/8/305 355/7/304
f 353/5/302 356/8/305 351/3/300
f 353/5/302 357/9/306 356/8/305
f 358/10/307 356/8/305 357/9/306
f 358/10/307 359/11/308 356/8/305
f 359/11/308 355/7/304 356/8/305
f 349/1/298 352/2/301 360/12/309
f 350/4/299 361/13/310 354/6/303
f 362/14/311 361/13/310 350/4/299
f 349/1/298 362/14/311 350/4/299
f 362/14/311 363/15/312 361/13/310
f 362/14/311 364/16/308 363/15/312
f 364/16/308 362/14/311 365/17/313
f 349/1/298 365/17/313 362/14/311
f 366/18/314 365/17/313 349/1/298
f 366/18/314 349/1/298 360/12/309
f 366/18/314 360/12/309 367/19/315
f 366/18/314 367/19/315 368/20/316
f 368/20/316 367/19/315 369/21/317
f 370/22/318 366/18/314 368/20/316
f 364/16/308 365/17/313 370/22/318
f 366/18/314 370/22/318 365/17/313
f 370/22/318 368/20/316 371/23/319
f 372/24/320 368/20/316 369/21/317
f 372/24/320 371/23/319 368/20/316
f 373/25/321 367/19/315 360/12/309
f 374/26/322 367/19/315 373/25/321
f 374/26/322 375/27/323 367/19/315
f 367/19/315 375/27/323 369/21/317
f 369/21/317 375/27/323 376/28/324
f 377/29/325 374/26/322 373/25/321
f 377/29/325 373/25/321 378/30/326
f 378/30/326 379/31/320 377/29/325
f 378/30/326 380/32/327 379/31/320
f 381/33/328 380/32/327 378/30/326
f 381/33/328 382/34/318 380/32/327
f 375/27/323 374/26/322 383/35/329
f 375/27/323 383/35/329 384/36/330
f 383/35/329 374/26/322 385/37/331
f 385/37/331 374/26/322 377/29/325
f 385/37/331 377/29/325 386/38/332
f 379/31/320 386/38/332 377/29/325
f 385/37/331 386/38/332 387/39/333
f 378/30/326 352/2/301 381/33/328
f 378/30/326 373/25/321 352/2/301
f 373/25/321 360/12/309 352/2/301
f 352/2/301 388/40/334 381/33/328
f 388/40/334 382/34/318 381/33/328
f 355/7/304 382/34/318 388/40/334
f 355/7/304 388/40/334 352/2/301
f 359/11/308 382/34/318 355/7/304
f 389/41/335 390/43/336 391/42/337
f 391/42/337 390/43/336 392/44/338
f 391/42/337 392/44/338 393/45/339
f 393/45/339 392/44/338 394/46/340
f 393/45/339 394/46/340 395/47/341
f 396/48/342 394/46/340 392/44/338
f 397/49/343 394/46/340 396/48/342
f 396/48/342 392/44/338 398/50/344
f 390/43/336 398/50/344 392/44/338
f 399/51/345 393/45/339 395/47/341
f 400/52/346 393/45/339 399/51/345
f 400/52/346 391/42/337 393/45/339
f 399/51/345 401/53/347 400/52/346
f 399/51/345 402/54/348 401/53/347
f 402/54/348 403/55/349 401/53/347
f 402/54/348 404/56/342 403/55/349
f 405/57/350 404/56/342 402/54/348
f 405/57/350 406/58/351 404/56/342
f 407/59/352 405/57/350 402/54/348
f 407/59/352 402/54/348 399/51/345
f 399/51/345 395/47/341 407/59/352
f 407/59/352 408/60/353 405/57/350
f 408/60/353 406/58/351 405/57/350
f 407/59/352 409/61/354 408/60/353
f 395/47/341 409/61/354 407/59/352
f 408/60/353 410/62/355 406/58/351
f 395/47/341 411/63/356 409/61/354
f 401/53/347 403/55/349 412/66/357
f 401/53/347 412/66/357 413/67/358
f 401/53/347 414/68/359 400/52/346
f 401/53/347 413/67/358 414/68/359
f 415/69/360 413/67/358 412/66/357
f 414/68/359 413/67/358 415/69/360
f 400/52/346 414/68/359 391/42/337
f 391/42/337 414/68/359 416/70/361
f 391/42/337 416/70/361 417/41/335
f 414/68/359 418/69/362 416/70/361
f 419/64/363 409/61/354 420/63/356
f 419/64/363 420/63/356 421/65/62
f 411/63/356 394/46/340 422/71/364
f 411/63/356 395/47/341 394/46/340
f 423/71/364 394/46/340 397/49/343
f 424/71/364 397/49/365 425/72/366
f 426/73/367 427/75/368 428/74/369
f 426/73/367 428/74/369 429/76/75
f 429/76/75 428/74/369 430/77/76
f 427/75/368 426/73/367 431/78/370
f 427/75/368 431/78/370 432/79/371
f 428/74/369 427/75/368 433/80/355
f 428/74/369 433/80/355 434/83/372
f 435/82/354 428/74/369 434/83/372
f 428/74/369 436/81/61 430/77/76
f 428/74/369 435/82/354 436/81/61
f 437/94/373 433/80/355 427/75/368
f 437/94/373 427/75/368 432/79/371
f 438/92/364 433/80/355 437/94/373
f 439/85/374 437/94/373 432/79/371
f 437/94/373 439/85/374 440/92/375
f 439/85/374 432/79/371 441/84/376
f 431/78/370 441/84/376 432/79/371
f 439/85/374 441/84/376 442/86/81
f 443/87/82 442/86/81 441/84/376
f 443/87/82 441/84/376 431/78/370
f 444/88/83 439/85/374 442/86/81
f 444/88/83 445/89/377 439/85/374
f 439/85/374 445/89/377 446/90/378
f 439/85/374 446/90/378 440/92/375
f 446/90/378 445/89/377 447/91/379
f 448/92/380 446/90/378 447/91/379
f 449/93/381 445/89/377 444/88/83
f 450/93/62 447/91/379 445/89/377
f 443/87/82 431/78/370 451/96/382
f 443/87/82 451/96/382 452/95/89
f 452/95/89 451/96/382 453/97/329
f 452/95/89 453/97/329 454/98/383
f 454/98/383 453/97/329 455/99/384
f 456/100/385 455/99/384 453/97/329
f 455/99/384 456/100/385 457/101/333
f 455/99/384 457/101/333 458/102/386
f 459/103/387 455/99/384 458/102/386
f 455/99/384 459/103/387 460/104/97
f 454/98/383 455/99/384 460/104/97
f 426/73/367 451/96/382 431/78/370
f 426/73/367 461/105/388 451/96/382
f 462/106/389 453/97/329 451/96/382
f 462/106/389 451/96/382 461/105/388
f 462/106/389 461/105/388 463/107/390
f 426/73/367 463/107/390 461/105/388
f 462/106/389 463/107/390 464/108/391
f 464/108/391 463/107/390 465/109/392
f 465/109/392 466/110/393 464/108/391
f 466/110/393 462/106/389 464/108/391
f 465/109/392 467/111/104 466/110/393
f 466/110/393 467/111/104 468/112/394
f 466/110/393 468/112/394 469/113/395
f 469/113/395 470/114/324 466/110/393
f 469/113/395 471/115/396 470/114/324
f 426/73/367 429/76/75 463/107/390
f 466/110/393 472/116/397 462/106/389
f 466/110/393 470/114/324 472/116/397
f 429/76/75 473/117/110 463/107/390
f 463/107/390 473/117/110 465/109/392
f 474/118/398 475/120/399 476/119/400
f 477/121/401 475/120/399 474/118/398
f 475/120/399 477/121/401 478/122/402
f 475/120/399 478/122/402 479/123/403
f 478/122/402 480/124/404 479/123/403
f 479/123/403 480/124/404 481/125/405
f 482/126/406 475/120/399 479/123/403
f 475/120/399 482/126/406 483/127/407
f 479/123/403 484/128/408 482/126/406
f 479/123/403 481/125/405 484/128/408
f 484/128/408 481/125/405 485/129/409
f 486/130/410 480/124/404 478/122/402
f 486/130/410 487/131/411 480/124/404
f 488/132/412 487/131/411 486/130/410
f 488/132/412 489/133/413 487/131/411
f 490/134/414 489/133/413 488/132/412
f 490/134/414 491/135/415 489/133/413
f 484/128/408 492/136/416 482/126/406
f 484/128/408 493/137/417 492/136/416
f 493/137/417 494/138/418 492/136/416
f 493/137/417 495/139/419 494/138/418
f 494/138/418 495/139/419 496/140/420
f 497/141/421 494/138/418 496/140/420
f 498/142/422 494/138/418 497/141/421
f 492/136/416 494/138/418 498/142/422
f 496/140/420 495/139/419 499/143/423
f 492/136/416 498/142/422 500/144/424
f 501/145/425 498/142/426 502/146/421
f 503/147/427 501/145/425 502/146/421
f 503/147/427 502/146/421 504/148/420
f 505/149/428 503/147/427 504/148/420
f 506/150/429 503/147/427 505/149/428
f 503/147/427 506/150/429 501/145/425
f 506/150/429 505/149/428 507/151/430
f 505/149/428 504/148/420 508/152/423
f 507/151/430 509/153/431 506/150/429
f 506/150/429 509/153/431 510/154/432
f 506/150/429 510/154/432 511/155/433
f 501/145/425 506/150/429 511/155/433
f 511/155/433 512/144/434 501/145/425
f 513/127/407 512/144/434 511/155/433
f 510/154/432 513/127/407 511/155/433
f 505/149/428 508/152/423 514/156/435
f 505/149/428 514/156/435 515/157/417
f 516/151/436 505/149/428 515/157/417
f 516/151/436 515/157/417 517/158/408
f 476/119/437 513/127/407 510/154/432
f 510/154/432 509/153/431 518/159/312
f 519/160/310 518/159/312 509/153/431
f 519/160/310 509/153/431 520/161/438
f 521/151/430 520/161/438 509/153/431
f 522/162/439 520/161/438 521/151/430
f 520/161/438 522/162/439 523/163/409
f 520/161/438 523/163/409 524/164/440
f 520/161/438 524/164/440 525/165/441
f 519/160/310 520/161/438 525/165/441
f 526/166/442 525/165/441 524/164/440
f 525/165/441 526/166/442 527/167/443
f 525/165/441 527/167/443 528/168/444
f 529/169/445 525/165/441 528/168/444
f 527/167/443 529/169/445 528/168/444
f 527/167/443 530/170/446 529/169/445
f 526/166/442 524/164/440 531/171/447
f 527/167/443 526/166/442 532/172/448
f 527/167/443 532/172/448 533/173/449
f 530/170/446 527/167/443 533/173/449
f 533/173/449 532/172/448 534/174/450
f 533/173/449 534/174/450 535/175/414
f 530/170/446 533/173/449 536/176/410
f 536/176/410 533/173/449 535/175/414
f 536/176/410 535/175/414 537/177/451
f 538/178/452 534/174/450 532/172/448
f 538/178/452 532/172/448 539/179/453
f 539/179/453 532/172/448 526/166/442
f 539/179/453 526/166/442 531/171/447
f 519/160/310 525/165/441 540/180/454
f 541/181/455 542/183/456 543/182/457
f 541/181/455 544/184/458 542/183/456
f 521/151/430 541/181/455 543/182/457
f 521/151/430 543/182/457 522/162/439
f 543/182/457 542/183/456 545/185/459
f 543/182/457 545/185/459 546/186/460
f 522/162/439 543/182/457 546/186/460
f 522/162/439 546/186/460 523/163/409
f 541/181/455 547/187/461 544/184/458
f 541/181/455 548/188/462 547/187/461
f 549/151/430 548/188/462 541/181/455
f 549/151/430 550/158/408 548/188/462
f 551/144/463 552/142/464 501/145/465
f 482/126/406 500/144/434 483/127/407
f 482/126/406 492/136/416 553/144/424
f 554/189/466 555/191/458 556/190/461
f 554/189/466 557/192/467 555/191/458
f 558/193/460 554/189/466 556/190/461
f 558/193/460 556/190/461 559/194/468
f 484/128/408 558/193/460 559/194/468
f 485/129/409 558/193/460 484/128/408
f 476/119/400 475/120/399 560/127/469
f 476/119/437 510/154/432 561/195/470
f 510/154/432 518/159/312 561/195/470
f 562/119/471 561/195/470 563/196/472
f 564/197/473 562/119/471 563/196/472
f 564/197/473 474/118/441 562/119/471
f 565/198/474 390/43/336 566/41/475
f 565/198/474 567/199/476 390/43/336
f 567/199/476 398/50/344 390/43/336
f 568/200/335 569/203/477 570/202/478
f 568/200/335 570/202/478 571/201/479
f 571/201/479 570/202/478 572/204/480
f 571/201/479 572/204/480 573/205/360
f 570/202/478 569/203/477 574/206/481
f 569/203/477 575/207/482 574/206/481
f 570/202/478 574/206/481 576/208/483
f 570/202/478 577/209/484 572/204/480
f 570/202/478 576/208/483 577/209/484
f 578/210/485 577/209/484 576/208/483
f 572/204/480 577/209/484 578/210/485
f 578/210/485 576/208/483 579/211/486
f 572/204/480 578/210/485 580/212/487
f 581/205/362 572/204/480 580/212/487
f 581/205/362 580/212/487 582/213/361
f 582/213/361 580/212/487 583/214/488
f 582/213/361 583/214/488 584/215/335
f 583/214/488 580/212/487 585/216/489
f 580/212/487 578/210/485 586/217/490
f 586/217/490 587/218/491 580/212/487
f 578/210/485 587/218/491 586/217/490
f 578/210/485 579/211/486 587/218/491
f 580/212/487 587/218/491 585/216/489
f 583/214/488 588/216/492 589/219/482
f 590/220/493 591/218/494 592/221/486
f 593/222/495 591/218/494 590/220/493
f 593/222/495 594/216/489 591/218/494
f 595/223/482 594/216/489 593/222/495
f 292/247/254 596/249/233 597/257/241
f 597/257/241 598/256/496 292/247/254
f 599/260/245 598/256/496 597/257/241
f 600/261/246 598/256/496 599/260/245
f 292/247/254 598/256/496 294/226/255
f 596/249/497 289/248/498 601/258/104
f 601/258/104 289/248/498 602/259/499
f 603/259/394 289/248/500 604/255/248
f 605/255/248 289/248/250 278/254/252
f 606/69/360 412/66/476 607/269/479
f 608/270/289 609/272/501 610/271/502
f 610/271/502 609/272/501 611/273/503
f 612/274/292 613/276/504 614/275/505
f 614/275/505 613/276/504 615/271/255
f 616/270/289 615/271/255 613/276/504
f 617/277/506 369/21/317 618/278/507
f 372/24/320 369/21/317 617/277/506
f 618/278/507 369/21/317 376/28/324
o Object_33.001
v 0.009546 1.989712 -0.247520
v -0.052790 2.008789 -0.286519
v 0.207017 1.805864 -0.439484
v 0.238390 1.795585 -0.359135
v 0.311149 1.721960 -0.485583
v 0.341932 1.711874 -0.406743
v -0.000123 2.060801 -0.362736
v 0.160613 1.935724 -0.423326
v 0.341649 1.760221 -0.489966
v 0.370383 1.771689 -0.452915
v 0.196575 1.946475 -0.370652
v -0.010995 2.011242 -0.229225
v 0.370842 1.750657 -0.415200
v 0.152074 1.942247 -0.287468
v 0.370383 1.771689 -0.452915
v 0.196575 1.946475 -0.370652
v 0.064162 2.043368 -0.253210
v 0.047155 2.064286 -0.238264
v -0.105160 2.164801 0.047255
v -0.002176 2.185012 -0.062414
v -0.062485 2.308053 0.091700
v 0.039458 2.101544 -0.306758
v -0.024210 2.213758 -0.134572
v -0.067729 2.314327 -0.015011
v -0.218294 2.220436 -0.045107
v -0.252873 2.247260 0.034731
v -0.158095 2.186581 0.120268
v -0.188141 2.292464 0.183748
v -0.144717 2.371625 0.011149
v -0.106969 2.233214 -0.146030
v -0.067729 2.314327 -0.015011
v -0.024210 2.213758 -0.134572
v -0.046535 2.107514 -0.318302
v 0.039458 2.101544 -0.306758
v -0.167901 2.249603 -0.025143
v -0.153728 2.150126 0.080766
v -0.222700 2.381603 0.086315
v -0.095941 2.355632 0.045554
v -0.209609 2.352414 0.144219
v -0.023973 2.084316 -0.341937
v -0.172661 0.291563 -0.871847
v -0.210373 0.623029 -0.504418
v -0.115190 0.599543 -0.534323
v -0.109497 0.754945 -0.268097
v -0.201418 0.749337 -0.283115
v -0.110990 0.780913 -0.265725
v -0.207859 0.767670 -0.260190
v -0.084173 0.730268 -0.150491
v -0.081867 0.811251 -0.148644
v -0.085019 0.674075 -0.196329
v -0.241334 0.721168 -0.160157
v -0.241640 0.667010 -0.223973
v -0.166496 0.637717 -0.183820
v -0.164972 0.711218 -0.121799
v -0.085019 0.674075 -0.196329
v -0.084173 0.730268 -0.150491
v -0.161855 0.809642 -0.105610
v -0.081867 0.811251 -0.148644
v -0.239477 0.788826 -0.147967
v -0.137347 1.267600 -0.167404
v -0.229995 1.286789 -0.247442
v -0.061550 1.309076 -0.247786
v -0.223466 1.249286 -0.405711
v -0.279212 1.275016 -0.206520
v -0.283474 1.291450 -0.395094
v -0.082675 0.482819 -0.476449
v -0.168378 0.457832 -0.432259
v -0.233739 0.515298 -0.454130
v -0.182274 0.191917 -0.791917
v -0.223184 0.233241 -0.825360
v -0.172661 0.291563 -0.871847
v -0.182274 0.191917 -0.791917
v -0.046140 1.227720 -0.401747
v -0.046140 1.227720 -0.401747
v -0.046140 1.227720 -0.401747
v -0.061550 1.309076 -0.247786
v -0.103557 1.717427 -0.123131
v -0.126304 1.391123 -0.153013
v -0.054618 1.441101 -0.232186
v -0.275034 1.698964 -0.013449
v -0.277564 1.364114 -0.131803
v -0.080257 1.754850 -0.273429
v -0.059013 1.472511 -0.380864
v -0.061550 1.309076 -0.247786
v -0.279212 1.275016 -0.206520
v -0.229995 1.286789 -0.247442
v -0.137347 1.267600 -0.167404
v -0.147739 1.541327 -0.403167
v -0.135646 1.453544 -0.442602
v -0.283283 1.575418 -0.381308
v -0.282317 1.766865 -0.334918
v -0.284228 1.380697 -0.426855
v -0.251683 1.336607 -0.445521
v -0.123665 1.358101 -0.458066
v -0.223466 1.249286 -0.405711
v -0.046140 1.227720 -0.401747
v -0.283474 1.291450 -0.395094
v -0.283474 1.291450 -0.395094
v -0.052847 1.430094 -0.390683
v -0.046140 1.227720 -0.401747
v -0.046140 1.227720 -0.401747
v -0.339640 1.982105 -0.244115
v -0.128317 2.014007 -0.180715
v -0.167901 2.249603 -0.025143
v -0.451906 2.217744 -0.107772
v -0.349208 2.381701 0.096844
v -0.222700 2.381603 0.086315
v -0.209609 2.352414 0.144219
v -0.323358 2.321265 0.155796
v -0.428158 2.305395 0.192507
v -0.515738 2.317170 0.116766
v -0.117471 1.899267 -0.061345
v -0.153728 2.150126 0.080766
v -0.190323 1.819391 -0.001516
v -0.237359 2.031126 0.141439
v -0.381482 1.980820 0.185882
v -0.306673 2.261778 0.199426
v -0.480357 2.209513 0.215914
v -0.428158 2.305395 0.192507
v -0.323358 2.321265 0.155796
v -0.188141 2.292464 0.183748
v -0.209609 2.352414 0.144219
v -0.158095 2.186581 0.120268
v -0.273065 1.763001 0.012772
v 0.382807 1.695691 -0.405009
v 0.317498 1.720173 -0.475201
v 0.349578 1.686243 -0.457967
v 0.351756 1.664934 -0.420588
v 0.366799 1.623595 -0.425592
v 0.369151 1.637489 -0.465105
v 0.390722 1.609733 -0.439617
v 0.411572 1.631084 -0.443426
v 0.389751 1.612527 -0.523888
v 0.331351 1.631163 -0.548614
v 0.418824 1.602310 -0.498692
v 0.441432 1.594291 -0.478428
v 0.372073 1.577417 -0.436318
v 0.395219 1.579108 -0.443146
v 0.375089 1.555308 -0.449263
v 0.394185 1.557523 -0.452654
v 0.378545 1.533809 -0.442807
v 0.397988 1.536065 -0.446264
v 0.375555 1.578794 -0.523264
v 0.400219 1.562008 -0.501685
v 0.352869 1.557780 -0.506210
v 0.375799 1.547019 -0.484900
v 0.344521 1.531551 -0.511423
v 0.317060 1.556006 -0.534767
v 0.320151 1.576009 -0.533055
v 0.365384 1.521578 -0.491337
v 0.333162 1.603544 -0.559542
v 0.344049 1.590838 -0.575092
v 0.317060 1.556006 -0.534767
v 0.385972 1.549902 -0.542876
v 0.344521 1.531551 -0.511423
v 0.409641 1.541935 -0.516534
v 0.418269 1.616076 -0.543600
v 0.441316 1.607047 -0.517052
v 0.365384 1.521578 -0.491337
v 0.410390 1.737480 -0.484445
v 0.358076 1.740464 -0.505877
v 0.354361 1.637460 -0.571580
v 0.333162 1.603544 -0.559542
v 0.331351 1.631163 -0.548614
v 0.375799 1.547019 -0.484900
v 0.400219 1.562008 -0.501685
v 0.441316 1.607047 -0.517052
v 0.418824 1.602310 -0.498692
v 0.370383 1.771689 -0.452915
v 0.370842 1.750657 -0.415200
v 0.421717 1.715148 -0.434426
v 0.441316 1.607047 -0.517052
v 0.459937 1.599751 -0.495601
v 0.441432 1.594291 -0.478428
v 0.411572 1.631084 -0.443426
v 0.382807 1.695691 -0.405009
v 0.398155 1.618896 -0.409845
v 0.371665 1.619138 -0.403864
v 0.366150 1.665997 -0.398123
v 0.351756 1.664934 -0.420588
v 0.366799 1.623595 -0.425592
v 0.390722 1.609733 -0.439617
v 0.402427 1.572716 -0.421162
v 0.375316 1.572343 -0.415164
v 0.397988 1.536065 -0.446264
v 0.378545 1.533809 -0.442807
v 0.372073 1.577417 -0.436318
v 0.375089 1.555308 -0.449263
v 0.394185 1.557523 -0.452654
v 0.395219 1.579108 -0.443146
v 0.341932 1.711874 -0.406743
v 0.424550 1.540724 -0.531629
v 0.443477 1.534107 -0.510222
v 0.404372 1.499216 -0.490180
v 0.388805 1.504248 -0.506926
v 0.407083 1.523457 -0.480719
v 0.430870 1.547390 -0.492005
v 0.389435 1.532672 -0.500181
v 0.409313 1.557207 -0.512616
v 0.441316 1.607047 -0.517052
v 0.418824 1.602310 -0.498692
v 0.333162 1.603544 -0.559542
v 0.320151 1.576009 -0.533055
v 0.333162 1.603544 -0.559542
v 0.407083 1.523457 -0.480719
v 0.389435 1.532672 -0.500181
v 0.388805 1.504248 -0.506926
v 0.404372 1.499216 -0.490180
v 0.430870 1.547390 -0.492005
v 0.409313 1.557207 -0.512616
v 0.331351 1.631163 -0.548614
v 0.341649 1.760221 -0.489966
v 0.317498 1.720173 -0.475201
v 0.311149 1.721960 -0.485583
v 0.341932 1.711874 -0.406743
v -0.131048 0.228128 -0.820654
v -0.172661 0.291563 -0.871847
v -0.082675 0.482819 -0.476449
v -0.172661 0.291563 -0.871847
v -0.131048 0.228128 -0.820654
v -0.126262 0.189690 -0.863069
v -0.160286 0.252359 -0.920443
v -0.182583 0.140497 -0.836571
v -0.182274 0.191917 -0.791917
v -0.087350 0.172216 -0.989858
v -0.133052 0.197355 -1.020331
v -0.115547 -0.122088 -0.771814
v -0.171319 -0.058134 -0.763236
v -0.236840 -0.115375 -0.766729
v -0.242308 -0.157356 -0.768266
v -0.218181 0.189359 -0.887947
v -0.182274 0.191917 -0.791917
v -0.223184 0.233241 -0.825360
v -0.160286 0.252359 -0.920443
v -0.172661 0.291563 -0.871847
v -0.187623 0.168948 -1.014769
v -0.262752 -0.095400 -0.783170
v -0.281991 -0.136864 -0.805989
v -0.133052 0.197355 -1.020331
v -0.187623 0.168948 -1.014769
v -0.115547 -0.122088 -0.771814
v -0.242308 -0.157356 -0.768266
v -0.281991 -0.136864 -0.805989
v -0.087350 0.172216 -0.989858
v -0.187623 0.168948 -1.014769
v -0.133052 0.197355 -1.020331
v -0.555735 2.403057 0.431263
v -0.537679 2.358645 0.399783
v -0.493597 2.423295 0.367986
v -0.581610 2.360935 0.432429
v -0.573974 2.312603 0.418557
v -0.572014 2.312796 0.405620
v -0.591495 2.332832 0.428034
v -0.597530 2.334555 0.456657
v -0.561898 2.467997 0.432664
v -0.573308 2.536640 0.429135
v -0.621587 2.386107 0.453700
v -0.621187 2.364224 0.458044
v -0.645258 2.393121 0.465713
v -0.591812 2.424660 0.461199
v -0.607263 2.447987 0.483269
v -0.659804 2.407828 0.483669
v -0.679612 2.430156 0.496994
v -0.632141 2.476213 0.499113
v -0.748385 2.516795 0.499169
v -0.639011 2.567201 0.489428
v -0.676456 2.641450 0.394534
v -0.584533 2.582442 0.346911
v -0.517605 2.461334 0.304502
v -0.455881 2.289251 0.304480
v -0.495902 2.382208 0.242559
v -0.510872 2.274643 0.250857
v -0.615246 2.594927 0.252500
v -0.766371 2.597908 0.217015
v -0.659071 2.474963 0.154473
v -0.549608 2.506955 0.234275
v -0.585493 2.377616 0.174662
v -0.585493 2.377616 0.174662
v -0.515738 2.317170 0.116766
v -0.493597 2.293988 0.362853
v -0.483310 2.220687 0.314135
v -0.510872 2.274643 0.250857
v -0.480357 2.209513 0.215914
v -0.428158 2.305395 0.192507
v -0.511999 2.242023 0.358334
v -0.520712 2.251345 0.362778
v -0.428158 2.305395 0.192507
v -0.515738 2.317170 0.116766
v -0.622308 2.282386 0.221918
v -0.728675 2.365545 0.205038
v -0.703578 2.312405 0.265520
v -0.549334 2.213350 0.280465
v -0.510872 2.274643 0.250857
v -0.687335 2.268147 0.327377
v -0.815808 2.399806 0.309150
v -0.790621 2.365029 0.393657
v -0.728042 2.336791 0.405537
v -0.666923 2.315253 0.413108
v -0.622014 2.292046 0.386013
v -0.621356 2.329547 0.425939
v -0.573974 2.312603 0.418557
v -0.572014 2.312796 0.405620
v -0.591495 2.332832 0.428034
v -0.597530 2.334555 0.456657
v -0.641183 2.370632 0.450498
v -0.621187 2.364224 0.458044
v -0.645258 2.393121 0.465713
v -0.685874 2.350379 0.445843
v -0.709293 2.367416 0.466609
v -0.659804 2.407828 0.483669
v -0.679612 2.430156 0.496994
v -0.734170 2.395641 0.482453
v -0.817876 2.425951 0.460222
v -0.862225 2.494750 0.364201
v -0.802567 2.447001 0.221915
v -0.766371 2.597908 0.217015
v -0.659071 2.474963 0.154473
v -0.585493 2.377616 0.174662
v -0.788201 2.471999 0.480853
v -0.850185 2.526096 0.402968
v -0.862225 2.494750 0.364201
v -0.803110 2.622328 0.323912
v -0.766371 2.597908 0.217015
v -0.748385 2.516795 0.499169
v -0.790322 2.581994 0.440671
v -0.803110 2.622328 0.323912
v -0.803110 2.622328 0.323912
v -0.676456 2.641450 0.394534
v -0.716678 2.631526 0.424769
v -0.693452 2.546824 0.496322
v -0.790322 2.581994 0.440671
v -0.803110 2.622328 0.323912
v -0.597530 2.334555 0.456657
v -0.601368 2.338693 0.460150
v -0.621187 2.364224 0.458044
v -0.182274 0.191917 -0.791917
v -0.131048 0.228128 -0.820654
v -0.591480 2.372923 0.247514
v -0.493597 2.423295 0.367986
v -0.572014 2.312796 0.405620
v -0.537679 2.358645 0.399783
v -0.520712 2.251345 0.362778
v -0.493597 2.293988 0.362853
v -0.508322 2.252331 0.311449
v -0.493597 2.423295 0.367986
v -0.591480 2.372923 0.247514
v -0.095941 2.355632 0.045554
v -0.209609 2.352414 0.144219
v -0.617799 1.667155 -0.189729
v -0.802507 1.436619 -0.066248
v -0.776464 1.382866 -0.129317
v -0.565108 1.655153 -0.235806
v -0.861332 1.284341 -0.073647
v -0.886885 1.337081 -0.011759
v -0.616613 1.640661 -0.319609
v -0.758738 1.479179 -0.227741
v -0.899487 1.300644 -0.099948
v -0.928921 1.333657 -0.080613
v -0.794611 1.523292 -0.196909
v -0.625138 1.653504 -0.191280
v -0.923722 1.350663 -0.041259
v -0.747827 1.591278 -0.151016
v -0.928921 1.333657 -0.080613
v -0.794611 1.523292 -0.196909
v -0.682854 1.689078 -0.224101
v -0.690888 1.666032 -0.233670
v -0.709790 1.901492 0.009276
v -0.762414 1.837563 -0.117940
v -0.817286 2.010586 -0.020068
v -0.672503 1.683882 -0.307155
v -0.727299 1.852763 -0.189036
v -0.774574 1.989595 -0.115928
v -0.600499 1.978609 -0.071558
v -0.612046 2.039419 -0.004787
v -0.701350 1.965402 0.076003
v -0.735988 2.063881 0.098714
v -0.741548 2.082121 -0.100314
v -0.660648 1.906764 -0.189721
v -0.774574 1.989595 -0.115928
v -0.727299 1.852763 -0.189036
v -0.598681 1.704006 -0.314279
v -0.672503 1.683882 -0.307155
v -0.665053 2.024955 -0.082026
v -0.632146 1.942363 0.032850
v -0.741271 2.149402 -0.007550
v -0.789650 2.054011 -0.073578
v -0.749464 2.120360 0.051322
v -0.606934 1.671936 -0.317964
v -0.387008 0.005343 -0.214732
v -0.451244 0.460490 -0.186566
v -0.359681 0.497787 -0.159533
v -0.476349 0.754773 -0.098103
v -0.385100 0.740303 -0.085036
v -0.474118 0.809423 -0.111342
v -0.380616 0.800398 -0.083676
v -0.525889 0.806125 0.008075
v -0.524361 0.869832 -0.014886
v -0.523885 0.743492 0.001411
v -0.371144 0.792701 0.036981
v -0.367706 0.719293 0.020554
v -0.451858 0.724900 0.052237
v -0.454986 0.803467 0.062661
v -0.523885 0.743492 0.001411
v -0.525889 0.806125 0.008075
v -0.454297 0.881820 0.041681
v -0.524361 0.869832 -0.014886
v -0.370646 0.852029 0.022513
v -0.451924 1.304964 -0.145647
v -0.344988 1.303732 -0.208262
v -0.509397 1.321247 -0.247420
v -0.335330 1.239591 -0.373301
v -0.509755 0.413385 -0.075264
v -0.437000 0.424540 -0.008152
v -0.361111 0.452088 -0.047326
v -0.405412 -0.014371 -0.089499
v -0.353935 -0.006492 -0.131778
v -0.387008 0.005343 -0.214732
v -0.405412 -0.014371 -0.089499
v -0.279212 1.275016 -0.206520
v -0.335330 1.239591 -0.373301
v -0.283474 1.291450 -0.395094
v -0.508476 1.242871 -0.388430
v -0.508476 1.242871 -0.388430
v -0.508476 1.242871 -0.388430
v -0.509397 1.321247 -0.247420
v -0.451300 1.717280 -0.115282
v -0.504875 1.440911 -0.222026
v -0.429649 1.390994 -0.146169
v -0.275034 1.698964 -0.013449
v -0.277564 1.364114 -0.131803
v -0.481388 1.754681 -0.264377
v -0.507217 1.472321 -0.370752
v -0.509397 1.321247 -0.247420
v -0.451924 1.304964 -0.145647
v -0.344988 1.303732 -0.208262
v -0.279212 1.275016 -0.206520
v -0.514492 1.431231 -0.379985
v -0.508476 1.242871 -0.388430
v -0.433432 1.453418 -0.435883
v -0.508476 1.242871 -0.388430
v -0.419646 1.541210 -0.397033
v -0.283283 1.575418 -0.381308
v -0.282317 1.766865 -0.334918
v -0.284228 1.380697 -0.426855
v -0.317545 1.336579 -0.444036
v -0.446017 1.357965 -0.450792
v -0.335330 1.239591 -0.373301
v -0.508476 1.242871 -0.388430
v -0.283474 1.291450 -0.395094
v -0.283474 1.291450 -0.395094
v -0.517907 1.850610 -0.219113
v -0.339640 1.982105 -0.244115
v -0.665053 2.024955 -0.082026
v -0.451906 2.217744 -0.107772
v -0.666666 2.243309 0.048345
v -0.741271 2.149402 -0.007550
v -0.749464 2.120360 0.051322
v -0.658145 2.181464 0.095712
v -0.580156 2.241646 0.177525
v -0.515738 2.317170 0.116766
v -0.464025 1.753921 -0.095501
v -0.632146 1.942363 0.032850
v -0.367419 1.745115 -0.018972
v -0.509516 1.917877 0.126174
v -0.381482 1.980820 0.185882
v -0.637601 2.126224 0.157899
v -0.480357 2.209513 0.215914
v -0.580156 2.241646 0.177525
v -0.658145 2.181464 0.095712
v -0.735988 2.063881 0.098714
v -0.749464 2.120360 0.051322
v -0.701350 1.965402 0.076003
v -0.273065 1.763001 0.012772
v -0.921058 1.287861 0.023351
v -0.892865 1.264596 -0.028236
v -0.866131 1.293423 -0.058765
v -0.889061 1.255668 0.013732
v -0.900575 1.213981 0.023220
v -0.908385 1.214948 -0.017982
v -0.924426 1.195127 0.017158
v -0.947487 1.213038 0.009912
v -0.932622 1.172034 -0.063523
v -0.879182 1.185561 -0.099998
v -0.957774 1.168355 -0.032894
v -0.977261 1.165625 -0.008419
v -0.902564 1.166513 0.027471
v -0.926357 1.164686 0.023498
v -0.904825 1.141368 0.022180
v -0.924299 1.141325 0.020776
v -0.905533 1.122715 0.035114
v -0.925361 1.122671 0.033691
v -0.915315 1.140997 -0.054748
v -0.935868 1.130223 -0.026161
v -0.889075 1.127568 -0.035305
v -0.908507 1.122538 -0.008985
v -0.878882 1.101535 -0.033524
v -0.856474 1.119217 -0.066422
v -0.861243 1.138568 -0.070343
v -0.896474 1.096997 -0.008865
v -0.879520 1.155868 -0.101901
v -0.890740 1.138400 -0.111428
v -0.856474 1.119217 -0.066422
v -0.924970 1.106935 -0.063376
v -0.878882 1.101535 -0.033524
v -0.944862 1.106057 -0.033030
v -0.963267 1.167716 -0.079540
v -0.982427 1.165928 -0.048766
v -0.896474 1.096997 -0.008865
v -0.960696 1.301644 -0.060652
v -0.911453 1.300954 -0.088573
v -0.904978 1.183177 -0.120620
v -0.879520 1.155868 -0.101901
v -0.879182 1.185561 -0.099998
v -0.908507 1.122538 -0.008985
v -0.935868 1.130223 -0.026161
v -0.982427 1.165928 -0.048766
v -0.957774 1.168355 -0.032894
v -0.928921 1.333657 -0.080613
v -0.923722 1.350663 -0.041259
v -0.964521 1.295083 -0.005231
v -0.982427 1.165928 -0.048766
v -0.997908 1.164481 -0.023900
v -0.977261 1.165625 -0.008419
v -0.947487 1.213038 0.009912
v -0.921058 1.287861 0.023351
v -0.929506 1.212519 0.043568
v -0.902678 1.216119 0.045732
v -0.901036 1.262721 0.036534
v -0.889061 1.255668 0.013732
v -0.900575 1.213981 0.023220
v -0.924426 1.195127 0.017158
v -0.930569 1.164926 0.047130
v -0.903061 1.167982 0.049410
v -0.925361 1.122671 0.033691
v -0.905533 1.122715 0.035114
v -0.902564 1.166513 0.027471
v -0.904825 1.141368 0.022180
v -0.924299 1.141325 0.020776
v -0.926357 1.164686 0.023498
v -0.886885 1.337081 -0.011759
v -0.961103 1.099418 -0.045026
v -0.932833 1.073841 0.003911
v -0.976956 1.098588 -0.020362
v -0.919665 1.074399 -0.015443
v -0.936811 1.099612 0.006014
v -0.963811 1.117518 -0.008699
v -0.922262 1.103435 -0.017419
v -0.945572 1.121788 -0.033901
v -0.982427 1.165928 -0.048766
v -0.957774 1.168355 -0.032894
v -0.879520 1.155868 -0.101901
v -0.861243 1.138568 -0.070343
v -0.879520 1.155868 -0.101901
v -0.936811 1.099612 0.006014
v -0.919665 1.074399 -0.015443
v -0.922262 1.103435 -0.017419
v -0.932833 1.073841 0.003911
v -0.963811 1.117518 -0.008699
v -0.945572 1.121788 -0.033901
v -0.879182 1.185561 -0.099998
v -0.899487 1.300644 -0.099948
v -0.866131 1.293423 -0.058765
v -0.861332 1.284341 -0.073647
v -0.886885 1.337081 -0.011759
v -0.445340 -0.006892 -0.145275
v -0.387008 0.005343 -0.214732
v -0.509755 0.413385 -0.075264
v -0.387008 0.005343 -0.214732
v -0.400872 -0.066717 -0.224248
v -0.439399 -0.077995 -0.141996
v -0.445340 -0.006892 -0.145275
v -0.385767 -0.074058 -0.083668
v -0.405412 -0.014371 -0.089499
v -0.438375 -0.189534 -0.215839
v -0.390457 -0.180283 -0.251442
v -0.426794 -0.220088 0.150062
v -0.386166 -0.155387 0.112150
v -0.314236 -0.174681 0.157270
v -0.302146 -0.201288 0.187935
v -0.345283 -0.067077 -0.151540
v -0.405412 -0.014371 -0.089499
v -0.353935 -0.006492 -0.131778
v -0.400872 -0.066717 -0.224248
v -0.387008 0.005343 -0.214732
v -0.335876 -0.177959 -0.222608
v -0.288183 -0.165140 0.133374
v -0.257204 -0.201954 0.150556
v -0.335876 -0.177959 -0.222608
v -0.390457 -0.180283 -0.251442
v -0.426794 -0.220088 0.150062
v -0.257204 -0.201954 0.150556
v -0.302146 -0.201288 0.187935
v -0.438375 -0.189534 -0.215839
v -0.335876 -0.177959 -0.222608
v -0.390457 -0.180283 -0.251442
v -0.510872 2.274643 0.250857
v -0.483310 2.220687 0.314135
v -0.565183 2.235847 0.344456
v -0.511999 2.242023 0.358334
v -0.520712 2.251345 0.362778
v -0.480357 2.209513 0.215914
v -0.580156 2.241646 0.177525
v -0.580156 2.241646 0.177525
v -0.515738 2.317170 0.116766
v -0.515738 2.317170 0.116766
v -0.405412 -0.014371 -0.089499
v -0.445340 -0.006892 -0.145275
v -0.591480 2.372923 0.247514
v -0.572014 2.312796 0.405620
v -0.687335 2.268147 0.327377
v -0.622014 2.292046 0.386013
v -0.520712 2.251345 0.362778
v -0.508322 2.252331 0.311449
v -0.565183 2.235847 0.344456
v -0.687335 2.268147 0.327377
v -0.591480 2.372923 0.247514
v -0.789650 2.054011 -0.073578
v -0.749464 2.120360 0.051322
vn -0.1503 -0.6752 0.7222
vn -0.8011 -0.5484 -0.2400
vn -0.6490 -0.5513 -0.5242
vn -0.1812 -0.6895 0.7013
vn -0.7634 -0.3947 -0.5113
vn -0.2691 -0.5181 0.8119
vn -0.2571 0.3235 -0.9106
vn -0.0377 0.3745 -0.9265
vn 0.0193 0.5497 -0.8351
vn 0.6334 0.7690 -0.0862
vn 0.6865 0.7225 -0.0821
vn -0.0471 -0.7927 0.6078
vn 0.5892 0.3594 0.7236
vn 0.5364 0.0921 0.8389
vn 0.6830 0.7253 -0.0859
vn 0.6569 0.2280 0.7187
vn 0.8807 0.0352 0.4723
vn 0.1816 -0.8354 0.5187
vn 0.9482 -0.0223 0.3168
vn 0.7996 0.2758 0.5334
vn 0.6159 0.7415 -0.2662
vn 0.6283 0.7097 -0.3186
vn 0.6731 0.6792 -0.2924
vn -0.9031 -0.2027 -0.3786
vn -0.8736 0.0845 0.4793
vn 0.5304 -0.2304 0.8158
vn 0.5748 0.1314 0.8077
vn -0.0756 0.8959 -0.4378
vn -0.2893 0.6536 -0.6994
vn 0.6731 0.6792 -0.2925
vn 0.6354 0.7110 -0.3014
vn -0.5329 0.4901 -0.6898
vn 0.6648 0.7233 -0.1866
vn 0.4682 0.5502 0.6915
vn 0.5920 -0.0712 0.8028
vn 0.1704 0.9789 0.1125
vn 0.5948 0.7967 0.1068
vn 0.4935 0.6833 0.5381
vn -0.4064 0.3848 -0.8287
vn 0.0546 0.7102 -0.7019
vn -0.6001 0.6502 -0.4660
vn 0.6022 0.6183 -0.5050
vn 0.7744 0.3484 -0.5281
vn -0.5762 0.6383 -0.5104
vn 0.6628 -0.0780 -0.7447
vn -0.7770 0.1209 -0.6178
vn 0.9114 -0.1645 0.3772
vn 0.8911 -0.0419 0.4519
vn 0.9076 -0.3162 0.2763
vn -0.8819 -0.2197 0.4171
vn -0.9399 -0.2730 0.2051
vn -0.0604 -0.7544 0.6536
vn -0.0349 -0.4123 0.9104
vn 0.9108 -0.3024 0.2811
vn 0.9293 -0.1692 0.3283
vn -0.0236 0.0147 0.9996
vn 0.8984 -0.0376 0.4375
vn -0.8971 -0.0042 0.4417
vn 0.0466 0.1528 0.9872
vn -0.4319 -0.6032 0.6705
vn 0.9075 0.0368 0.4183
vn -0.4338 -0.7043 -0.5620
vn 0.1824 -0.7143 0.6757
vn -0.1829 -0.9094 -0.3736
vn 0.9233 -0.3334 0.1906
vn -0.1159 -0.7998 0.5890
vn -0.9517 -0.2540 0.1723
vn -0.1000 -0.7690 0.6314
vn -0.9997 -0.0246 0.0089
vn -0.0999 -0.7690 0.6314
vn 0.7896 -0.3015 -0.5345
vn 0.7609 -0.2710 -0.5896
vn 0.7608 -0.2711 -0.5896
vn 0.9076 0.0368 0.4182
vn 0.8932 -0.0132 0.4495
vn 0.8621 -0.0584 0.5034
vn 0.4764 -0.2678 0.8375
vn 0.9478 -0.0341 0.3169
vn 0.0480 -0.3353 0.9409
vn 0.0197 -0.5049 0.8630
vn 0.8340 0.3143 -0.4535
vn 0.8463 0.2565 -0.4669
vn 0.9413 -0.0647 0.3314
vn 0.0488 -0.9161 0.3979
vn -0.2261 -0.9450 0.2365
vn 0.0555 -0.0876 0.9946
vn 0.2297 0.3854 -0.8937
vn 0.2212 0.2701 -0.9371
vn -0.0219 0.2586 -0.9657
vn -0.0569 0.3637 -0.9298
vn -0.0225 0.1203 -0.9925
vn -0.3552 -0.1801 -0.9173
vn 0.3299 -0.0126 -0.9439
vn -0.4461 -0.3389 -0.8283
vn 0.8214 -0.0899 -0.5632
vn -0.0102 -0.8819 -0.4712
vn -0.1426 -0.9367 -0.3198
vn 0.8787 0.1191 -0.4624
vn 0.7601 -0.1954 -0.6197
vn 0.7945 -0.2337 -0.5605
vn -0.1226 0.4034 -0.9068
vn 0.7425 0.3966 -0.5398
vn 0.5514 0.3875 -0.7387
vn -0.2058 0.6236 -0.7542
vn -0.1036 0.9945 -0.0158
vn -0.2005 0.9524 -0.2298
vn -0.1152 0.6507 0.7506
vn 0.0651 0.5918 0.8035
vn 0.3997 0.6428 0.6535
vn -0.3166 0.8994 -0.3015
vn 0.9440 -0.0471 0.3265
vn 0.9255 -0.1510 0.3472
vn 0.5929 -0.3353 0.7321
vn 0.5529 -0.2362 0.7991
vn 0.1189 -0.3658 0.9231
vn 0.1844 0.1936 0.9636
vn 0.0611 -0.2311 0.9710
vn 0.4029 0.6247 0.6689
vn 0.0276 0.7487 0.6623
vn 0.0839 0.1096 0.9904
vn -0.1648 0.6684 0.7253
vn 0.6996 -0.6755 0.2328
vn 0.1270 -0.4702 0.8734
vn 0.0143 0.0166 0.9998
vn -0.9998 0.0213 -0.0012
vn -0.8602 -0.3642 0.3570
vn -0.9627 0.0659 0.2625
vn -0.9233 -0.3504 -0.1573
vn -0.7662 -0.6237 -0.1547
vn 0.3649 -0.3921 -0.8445
vn 0.6544 -0.5792 0.4861
vn -0.6640 -0.3328 0.6696
vn -0.9914 -0.1263 -0.0349
vn -0.6075 -0.4577 0.6492
vn 0.1951 -0.4340 0.8796
vn -0.8804 0.0609 -0.4704
vn 0.5166 0.2822 -0.8084
vn -0.7284 -0.0310 -0.6845
vn 0.4187 0.1079 -0.9017
vn -0.4501 -0.8919 -0.0441
vn 0.5809 -0.7784 -0.2379
vn -0.3745 0.4968 0.7829
vn 0.2671 0.0846 0.9600
vn -0.4384 0.4356 0.7861
vn 0.0385 0.1784 0.9832
vn -0.6236 -0.7658 0.1571
vn -0.8868 -0.4567 -0.0709
vn -0.8198 0.4560 0.3465
vn -0.1785 -0.8371 0.5171
vn -0.9798 0.1866 -0.0715
vn -0.2678 -0.2058 -0.9412
vn -0.8867 -0.4568 -0.0709
vn -0.8198 0.4559 0.3464
vn 0.2835 -0.6364 -0.7174
vn -0.6237 -0.7658 0.1571
vn 0.7229 -0.6908 -0.0112
vn 0.6237 0.0707 -0.7785
vn 0.7587 0.1331 -0.6377
vn -0.1784 -0.8372 0.5170
vn 0.6932 0.6199 -0.3677
vn -0.0750 0.5685 -0.8193
vn -0.1164 0.3371 -0.9342
vn -0.9798 0.1866 -0.0714
vn 0.0386 0.1784 0.9832
vn 0.2670 0.0846 0.9600
vn 0.7588 0.1331 -0.6376
vn -0.6074 -0.4577 0.6493
vn 0.6773 0.7311 -0.0824
vn 0.5793 0.4388 0.6869
vn 0.8375 0.3223 0.4413
vn 0.7587 0.1331 -0.6376
vn 0.9998 0.0145 0.0108
vn 0.1951 -0.4339 0.8796
vn 0.6544 -0.5791 0.4862
vn -0.1479 -0.0433 0.9881
vn 0.7298 -0.1253 0.6720
vn -0.4834 -0.2257 0.8458
vn -0.3389 0.1248 0.9325
vn -0.9626 0.0659 0.2627
vn 0.3649 -0.3921 -0.8444
vn 0.8424 -0.2248 0.4897
vn -0.5185 -0.3840 0.7640
vn 0.5811 -0.7784 -0.2376
vn -0.4502 -0.8919 -0.0440
vn -0.8803 0.0610 -0.4705
vn -0.7284 -0.0308 -0.6844
vn 0.4186 0.1078 -0.9017
vn 0.5165 0.2822 -0.8084
vn -0.2193 -0.5181 0.8267
vn 0.0488 -0.1736 -0.9836
vn 0.8589 -0.5029 -0.0969
vn 0.0020 -0.9055 0.4243
vn -0.6877 -0.6547 -0.3138
vn -0.0925 0.0213 0.9955
vn 0.1881 -0.0775 0.9791
vn -0.9173 0.3798 0.1193
vn -0.8973 0.4119 -0.1586
vn -0.6075 -0.4576 0.6492
vn -0.9798 0.1869 -0.0712
vn -0.2681 -0.2056 -0.9412
vn -0.8196 0.4560 0.3467
vn -0.9799 0.1865 -0.0714
vn -0.0924 0.0212 0.9955
vn -0.6876 -0.6548 -0.3138
vn 0.0019 -0.9056 0.4242
vn 0.1882 -0.0776 0.9791
vn -0.8974 0.4118 -0.1587
vn -0.9914 -0.1262 -0.0349
vn 0.0373 0.4249 -0.9045
vn 0.0842 -0.9561 -0.2807
vn 0.6786 -0.6177 -0.3976
vn -0.1161 -0.6928 0.7117
vn -0.2949 -0.5347 0.7920
vn 0.9838 -0.1668 0.0659
vn 0.9233 -0.3335 0.1906
vn 0.1419 0.7202 -0.6791
vn 0.9836 -0.1380 0.1158
vn 0.9123 0.1645 0.3751
vn 0.1031 0.9160 -0.3876
vn -0.2946 0.0805 0.9522
vn -0.0977 -0.7834 0.6138
vn 0.8640 0.0391 -0.5021
vn 0.2204 0.3616 -0.9059
vn 0.7096 -0.6392 0.2964
vn 0.0579 0.2054 0.9770
vn -0.3097 0.0670 0.9485
vn -0.2324 -0.8639 0.4468
vn -0.9714 0.2310 -0.0554
vn -0.1676 -0.7981 0.5788
vn -0.9902 -0.1050 -0.0915
vn 0.0653 0.9215 -0.3829
vn 0.0685 0.6960 -0.7148
vn -0.4965 0.0148 -0.8679
vn -0.6728 0.2112 0.7090
vn -0.7623 -0.6186 -0.1904
vn 0.0914 0.9214 -0.3778
vn 0.2205 0.3615 -0.9059
vn 0.7097 -0.6392 0.2963
vn -0.7622 -0.6187 -0.1904
vn 0.8640 0.0391 -0.5020
vn -0.4966 0.0148 -0.8679
vn 0.6099 -0.1516 0.7779
vn 0.8230 -0.5678 0.0174
vn 0.9526 0.1840 0.2423
vn 0.5769 -0.1333 0.8059
vn 0.4338 -0.6730 0.5991
vn 0.6275 -0.7569 -0.1827
vn 0.3349 -0.5778 0.7443
vn 0.4169 -0.6577 0.6273
vn 0.7142 0.1016 0.6926
vn 0.7648 0.4462 0.4646
vn 0.4442 -0.1442 0.8842
vn 0.0021 -0.2055 0.9787
vn 0.2547 -0.4943 0.8311
vn 0.5636 -0.2835 0.7759
vn 0.5454 -0.1641 0.8220
vn 0.2474 -0.4866 0.8378
vn 0.0427 -0.2539 0.9663
vn 0.3550 -0.0021 0.9349
vn -0.3116 0.2027 0.9283
vn 0.3785 0.5037 0.7765
vn 0.2463 0.9578 0.1480
vn 0.7273 0.6852 0.0400
vn 0.8919 0.4401 -0.1040
vn 0.9867 -0.1397 -0.0831
vn 0.8931 0.3826 -0.2367
vn 0.7775 -0.5319 -0.3355
vn 0.4603 0.7669 -0.4473
vn -0.3920 0.6343 -0.6663
vn 0.0435 0.1492 -0.9879
vn 0.7396 0.4806 -0.4711
vn 0.0539 0.1362 -0.9892
vn 0.0784 0.1493 -0.9857
vn -0.4983 0.6966 -0.5163
vn -0.1933 0.0350 0.9805
vn 0.6245 -0.7802 0.0360
vn 0.6463 -0.7483 -0.1497
vn 0.4730 -0.8788 0.0633
vn -0.1384 0.0220 0.9901
vn 0.9455 0.3251 -0.0202
vn 0.0120 0.7746 0.6323
vn 0.2843 -0.5893 0.7562
vn -0.4244 0.2467 0.8712
vn 0.0553 0.7912 0.6091
vn -0.3344 0.8209 -0.4629
vn 0.9680 0.2471 -0.0436
vn -0.4706 -0.7371 -0.4849
vn -0.5230 -0.5116 -0.6818
vn 0.0664 0.1594 -0.9850
vn -0.5815 -0.7197 -0.3794
vn -0.0084 -0.9379 -0.3467
vn 0.4462 -0.7667 -0.4616
vn -0.4294 -0.9022 -0.0400
vn -0.8225 -0.5288 -0.2093
vn -0.6816 -0.6937 0.2330
vn -0.3858 -0.7733 0.5031
vn -0.1424 -0.7487 0.6474
vn 0.3829 -0.9220 -0.0573
vn -0.1542 -0.7106 0.6865
vn 0.4337 -0.6731 0.5991
vn 0.3348 -0.5779 0.7443
vn 0.4170 -0.6577 0.6274
vn -0.1312 -0.5985 0.7903
vn 0.0024 -0.2052 0.9787
vn 0.2547 -0.4944 0.8311
vn -0.0016 -0.7298 0.6837
vn -0.1212 -0.6905 0.7131
vn 0.2475 -0.4866 0.8379
vn -0.2582 -0.4864 0.8347
vn -0.7160 -0.3606 0.5978
vn -0.9982 -0.0250 -0.0552
vn -0.7431 -0.1805 -0.6444
vn -0.3921 0.6342 -0.6664
vn 0.0435 0.1491 -0.9879
vn 0.0540 0.1361 -0.9892
vn -0.5133 0.0212 0.8579
vn -0.8857 0.2894 0.3629
vn -0.9982 -0.0248 -0.0551
vn -0.6017 0.7884 -0.1279
vn -0.3117 0.2027 0.9283
vn -0.5547 0.5788 0.5977
vn -0.6017 0.7884 -0.1278
vn 0.2462 0.9578 0.1480
vn -0.3921 0.6342 -0.6663
vn -0.1612 0.8617 0.4812
vn -0.0813 0.3624 0.9285
vn -0.5547 0.5789 0.5977
vn 0.4169 -0.6577 0.6274
vn 0.5769 -0.1332 0.8059
vn 0.0484 -0.2606 0.9642
vn 0.0023 -0.2053 0.9787
vn -0.1541 -0.7106 0.6865
vn 0.9838 -0.1668 0.0658
vn 0.1393 -0.3937 0.9086
vn 0.9310 0.0475 0.3619
vn 0.5301 -0.8467 0.0466
vn 0.6651 -0.2684 0.6969
vn -0.4242 0.2467 0.8713
vn -0.1159 -0.0045 0.9932
vn -0.6566 0.5621 0.5029
vn 0.9565 0.2677 0.1157
vn 0.3581 -0.6423 0.6776
vn 0.4892 0.8691 0.0736
vn 0.3592 0.8089 0.4654
vn 0.7084 0.6783 0.1952
vn 0.3463 0.1568 0.9249
vn 0.7388 -0.6735 -0.0226
vn 0.9565 -0.2878 0.0482
vn 0.8153 -0.5581 -0.1545
vn 0.3983 0.3573 0.8448
vn 0.2822 -0.3469 -0.8945
vn -0.0314 -0.4991 -0.8660
vn -0.1620 -0.3291 -0.9303
vn -0.7867 0.3270 -0.5236
vn -0.8239 0.2981 -0.4820
vn 0.4638 -0.8852 0.0375
vn -0.6315 0.7235 0.2790
vn -0.5188 0.6588 0.5448
vn -0.8259 0.2939 -0.4811
vn -0.0270 0.9797 -0.1988
vn -0.2372 -0.9419 -0.2378
vn -0.0323 -0.6399 0.7678
vn -0.9108 -0.4034 0.0881
vn -0.9833 -0.0438 0.1764
vn -0.6483 0.1492 -0.7466
vn -0.6782 0.1879 -0.7104
vn -0.7144 0.1482 -0.6839
vn 0.9821 0.1793 -0.0581
vn 0.5700 0.6877 0.4496
vn -0.4823 -0.3835 0.7876
vn -0.7667 -0.1723 0.6185
vn -0.0635 0.6678 -0.7416
vn 0.2571 0.4958 -0.8295
vn -0.7143 0.1482 -0.6839
vn -0.6921 0.1899 -0.6964
vn 0.5082 0.3158 -0.8013
vn -0.8246 0.1977 -0.5300
vn -0.9067 -0.0076 0.4218
vn -0.5059 -0.6870 0.5216
vn -0.8063 0.5670 -0.1685
vn -0.8714 0.3135 -0.3773
vn -0.9685 0.1278 0.2139
vn 0.4424 -0.0497 -0.8954
vn 0.1661 0.0513 -0.9848
vn -0.4136 0.1174 -0.9029
vn 0.7578 0.1647 -0.6314
vn -0.5422 0.0109 -0.8402
vn 0.7465 0.1170 -0.6550
vn -0.4901 -0.3478 -0.7993
vn 0.8195 -0.1977 -0.5379
vn -0.9772 0.0140 0.2117
vn -0.9630 0.0782 0.2578
vn -0.9748 -0.0805 0.2081
vn 0.7965 0.0110 0.6045
vn 0.8518 -0.0771 0.5182
vn -0.1556 -0.1909 0.9692
vn -0.1720 0.0684 0.9827
vn -0.9762 -0.0748 0.2035
vn -0.9854 -0.0000 0.1704
vn -0.1664 0.3429 0.9245
vn -0.9634 0.0887 0.2528
vn 0.8143 0.1629 0.5572
vn -0.2357 0.4191 0.8768
vn 0.4884 -0.3644 0.7929
vn -0.9693 0.1314 0.2076
vn 0.3747 -0.8319 -0.4094
vn -0.9813 -0.1157 0.1536
vn -0.1014 -0.1938 0.9758
vn 0.8627 -0.0734 0.5004
vn -0.1192 -0.1424 0.9826
vn 0.9701 -0.0143 0.2423
vn 0.1659 0.0513 -0.9848
vn -0.1193 -0.1425 0.9826
vn 0.0335 -0.6471 0.7616
vn 0.2468 -0.9372 0.2463
vn 0.1770 -0.4652 -0.8673
vn 0.2447 -0.9431 -0.2253
vn -0.7553 -0.4075 -0.5133
vn -0.6863 -0.4358 -0.5823
vn -0.7309 -0.3401 -0.5917
vn -0.9439 0.1173 0.3087
vn -0.9518 0.1345 0.2757
vn -0.8129 -0.2880 0.5062
vn -0.9268 -0.0236 0.3748
vn -0.4245 -0.2098 0.8808
vn 0.0755 -0.3791 0.9223
vn -0.8310 0.1630 -0.5319
vn -0.8642 0.2647 -0.4278
vn -0.9636 0.0136 0.2670
vn -0.4016 0.0950 0.9109
vn 0.0394 -0.9877 0.1515
vn -0.0325 -0.8827 0.4688
vn -0.8920 0.1130 -0.4376
vn -0.7378 -0.2064 -0.6427
vn -0.2679 0.2635 -0.9267
vn -0.8572 -0.1067 -0.5039
vn -0.2701 0.3852 -0.8824
vn -0.0041 0.3798 -0.9250
vn -0.0224 0.1203 -0.9925
vn 0.2800 -0.2415 -0.9291
vn -0.4020 -0.0624 -0.9135
vn 0.3111 -0.4041 -0.8602
vn -0.7645 -0.2302 -0.6021
vn -0.0102 -0.8820 -0.4711
vn 0.1724 -0.9697 -0.1729
vn -0.7652 -0.0917 -0.6372
vn -0.0677 0.4255 -0.9024
vn -0.5296 -0.0962 -0.8428
vn -0.1768 0.6279 -0.7579
vn -0.6609 0.7425 -0.1087
vn -0.3464 0.8123 -0.4692
vn -0.6535 0.4821 0.5836
vn -0.6878 0.2396 0.6852
vn -0.9093 0.1280 0.3960
vn -0.3909 0.8709 -0.2980
vn -0.7288 -0.6056 0.3195
vn -0.5550 -0.7912 0.2569
vn -0.3292 -0.6827 0.6523
vn -0.3470 -0.5941 0.7257
vn 0.0444 -0.3822 0.9230
vn -0.5342 -0.0103 0.8453
vn -0.0721 -0.3038 0.9500
vn -0.8701 0.1211 0.4777
vn -0.7361 0.5200 0.4333
vn -0.5413 0.0940 0.8356
vn -0.5920 0.5868 0.5525
vn -0.0303 -0.9836 0.1781
vn 0.0965 -0.4959 0.8630
vn 0.0898 0.3210 0.9428
vn 0.9236 -0.1868 0.3347
vn 0.9876 0.0778 -0.1367
vn 0.9745 0.1988 0.1043
vn 0.9305 -0.3276 -0.1641
vn 0.8011 -0.5955 -0.0601
vn -0.4133 -0.6524 -0.6353
vn -0.5417 -0.4395 0.7165
vn 0.7594 -0.0727 0.6465
vn 0.9896 -0.0731 -0.1236
vn 0.7131 -0.2008 0.6717
vn -0.0594 -0.1543 0.9862
vn 0.8161 -0.0350 -0.5768
vn -0.6232 -0.0093 -0.7820
vn 0.6520 -0.1964 -0.7324
vn -0.5197 -0.1979 -0.8311
vn 0.5253 -0.8347 0.1652
vn -0.5267 -0.8461 0.0818
vn 0.4064 0.7335 0.5448
vn -0.1711 0.3588 0.9176
vn 0.4758 0.6801 0.5577
vn 0.0488 0.4683 0.8822
vn 0.7063 -0.6433 0.2955
vn 0.9135 -0.4042 -0.0460
vn 0.8051 0.5868 0.0865
vn 0.3104 -0.6268 0.7147
vn 0.9448 0.2122 -0.2497
vn 0.1852 -0.4682 -0.8640
vn 0.8050 0.5869 0.0865
vn 0.9135 -0.4042 -0.0461
vn -0.2963 -0.8408 -0.4531
vn -0.6516 -0.7018 0.2879
vn -0.7062 -0.2074 -0.6769
vn -0.8309 -0.1129 -0.5448
vn 0.3103 -0.6269 0.7147
vn -0.8402 0.3262 -0.4332
vn -0.3738 -0.2103 -0.9034
vn -0.0152 0.0410 -0.9990
vn 0.0488 0.4682 0.8823
vn -0.8310 -0.1128 -0.5447
vn 0.9616 0.0932 -0.2582
vn -0.7753 0.2710 -0.5705
vn -0.6413 0.6766 0.3618
vn -0.7897 0.3934 0.4708
vn -0.8309 -0.1127 -0.5448
vn -0.9900 -0.0409 0.1350
vn -0.5418 -0.4394 0.7165
vn 0.2338 0.4723 0.8499
vn -0.6397 0.0443 0.7674
vn 0.5892 0.0726 0.8048
vn 0.4222 0.4238 0.8014
vn 0.9745 0.1989 0.1044
vn 0.9305 -0.3276 -0.1639
vn -0.7610 -0.1124 0.6390
vn 0.6302 -0.1008 0.7698
vn -0.5267 -0.8461 0.0816
vn 0.5252 -0.8348 0.1649
vn 0.8160 -0.0350 -0.5770
vn 0.6515 -0.1966 -0.7327
vn -0.5199 -0.1979 -0.8310
vn -0.6234 -0.0093 -0.7819
vn 0.3210 0.2772 0.9056
vn -0.1357 -0.4690 -0.8727
vn 0.1284 -0.7307 0.6705
vn -0.8130 -0.5574 0.1686
vn 0.7095 -0.6783 -0.1914
vn 0.1946 0.3303 0.9236
vn -0.0758 0.2151 0.9736
vn 0.8847 0.4508 -0.1184
vn 0.8327 0.3948 -0.3883
vn -0.8310 -0.1128 -0.5448
vn 0.7130 -0.2009 0.6717
vn 0.9448 0.2124 -0.2496
vn 0.8050 0.5870 0.0866
vn 0.1853 -0.4681 -0.8640
vn 0.9448 0.2122 -0.2496
vn 0.9448 0.2123 -0.2496
vn 0.7095 -0.6782 -0.1914
vn 0.8847 0.4507 -0.1186
vn 0.1285 -0.7307 0.6705
vn -0.0757 0.2152 0.9736
vn 0.8326 0.3948 -0.3884
vn -0.2374 -0.9467 -0.2178
vn 0.9547 -0.2020 0.2185
vn -0.9040 -0.4052 0.1363
vn -0.5770 -0.7301 0.3661
vn 0.3245 0.2945 0.8989
vn 0.3091 0.4484 0.8387
vn -0.9953 -0.0766 -0.0591
vn 0.1660 0.0513 -0.9848
vn -0.9813 -0.1157 0.1537
vn -0.0503 -0.0019 -0.9987
vn -0.0391 0.3378 -0.9404
vn -0.9824 0.1805 0.0475
vn -0.9701 -0.2257 -0.0893
vn -0.0086 0.8118 0.5839
vn -0.1106 -0.1931 0.9749
vn -0.6857 -0.5911 -0.4248
vn -0.0133 -0.4637 -0.8859
vn -0.6565 -0.4281 0.6211
vn -0.3580 0.7947 0.4902
vn 0.0198 0.7988 0.6012
vn 0.2295 -0.1778 0.9569
vn 0.9077 0.3908 -0.1528
vn 0.0947 -0.1261 0.9875
vn 0.9704 -0.0763 0.2290
vn 0.0035 0.3979 -0.9174
vn 0.1432 -0.0187 -0.9895
vn 0.7096 -0.4403 -0.5501
vn 0.4084 0.8382 0.3615
vn 0.8711 -0.2979 0.3905
vn -0.1239 0.3067 -0.9437
vn 0.7097 -0.4403 -0.5500
vn -0.0131 -0.4637 -0.8859
vn 0.8711 -0.2980 0.3904
vn 0.2295 -0.1779 0.9569
vn -0.6858 -0.5910 -0.4248
vn 0.6462 -0.7483 -0.1497
vn 0.6244 -0.7803 0.0360
vn -0.2644 -0.0492 0.9632
vn -0.4243 0.2468 0.8712
vn 0.4877 -0.8692 0.0816
vn -0.5923 -0.6701 -0.4474
vn 0.0736 -0.0064 0.9973
vn -0.9107 0.0610 0.4086
vn -0.8992 0.0409 0.4357
vn -0.4913 -0.7056 -0.5107
vn -0.4391 0.7817 -0.4428
vn -0.5030 0.6864 -0.5252
vn 0.1531 -0.3825 0.9112
vn 0.7009 -0.7054 0.1051
vn -0.3209 -0.9393 0.1216
vn -0.1031 -0.7522 0.6508
vn -0.4241 0.2467 0.8713
vn -0.5502 0.6419 0.5341
vn -0.2303 -0.1637 0.9593
vn -0.4588 -0.8612 -0.2188
vn 0.3753 -0.6285 0.6812
vn -0.7777 0.4766 -0.4099
vn -0.8647 0.4689 0.1804
vt 0.730382 0.103619
vt 0.705649 0.144477
vt 0.906050 0.162418
vt 0.907543 0.101904
vt 0.999984 0.166941
vt 1.001061 0.095946
vt 0.733494 0.205318
vt 0.838940 0.209383
vt 0.991053 0.210366
vt 0.981648 0.252295
vt 0.840260 0.252371
vt 0.689743 0.104698
vt 0.991405 0.052870
vt 0.810174 0.064464
vt 0.981657 0.011468
vt 0.840250 0.011429
vt 0.734207 0.056759
vt 0.693123 0.056174
vt 0.518060 0.096757
vt 0.575201 0.047645
vt 0.473165 0.043970
vt 0.716055 0.011396
vt 0.597290 0.011359
vt 0.510869 0.011322
vt 0.522475 0.164896
vt 0.485011 0.157654
vt 0.479927 0.107408
vt 0.445175 0.049232
vt 0.473366 0.225391
vt 0.579352 0.211659
vt 0.510849 0.252622
vt 0.597275 0.252464
vt 0.688056 0.203710
vt 0.716059 0.252303
vt 0.459430 0.138427
vt 0.448360 0.105872
vt 0.445220 0.217118
vt 0.468555 0.252667
vt 0.435264 0.252667
vt 0.710772 0.204691
vt 0.809314 0.993189
vt 0.844593 0.748486
vt 0.799681 0.766537
vt 0.795370 0.616810
vt 0.844460 0.624653
vt 0.796731 0.566457
vt 0.846052 0.573862
vt 0.737687 0.589384
vt 0.737679 0.566887
vt 0.737691 0.611583
vt 0.903594 0.595045
vt 0.902086 0.622902
vt 0.947494 0.615460
vt 0.947980 0.591500
vt 0.993009 0.611673
vt 0.993010 0.589483
vt 0.948583 0.568105
vt 0.993012 0.566905
vt 0.904969 0.574145
vt 0.939443 0.344499
vt 0.898532 0.361084
vt 0.993076 0.320695
vt 0.854260 0.365264
vt 0.915162 0.347050
vt 0.854851 0.350073
vt 0.993004 0.780156
vt 0.944441 0.769131
vt 0.900724 0.759988
vt 0.936461 0.995025
vt 0.880074 0.997653
vt 0.789589 0.353336
vt 0.737576 0.320774
vt 0.459999 0.699940
vt 0.421847 0.911548
vt 0.493482 0.874305
vt 0.334346 0.703269
vt 0.334346 0.906337
vt 0.574509 0.696105
vt 0.570429 0.874521
vt 0.490508 0.948126
vt 0.334346 0.965522
vt 0.365140 0.975937
vt 0.420117 0.965795
vt 0.650541 0.838561
vt 0.643075 0.892767
vt 0.726515 0.817051
vt 0.726515 0.703484
vt 0.726515 0.932364
vt 0.709975 0.959389
vt 0.635989 0.948441
vt 0.695226 0.983366
vt 0.579503 0.979625
vt 0.726515 0.978941
vt 0.572418 0.925007
vt 0.726515 0.610225
vt 0.575486 0.609180
vt 0.574131 0.447552
vt 0.726515 0.445670
vt 0.628909 0.318546
vt 0.561909 0.331279
vt 0.561667 0.289065
vt 0.629838 0.284131
vt 0.681244 0.268659
vt 0.726515 0.308737
vt 0.465542 0.609718
vt 0.497836 0.448231
vt 0.389955 0.608312
vt 0.424485 0.456931
vt 0.334346 0.436815
vt 0.434410 0.332167
vt 0.334346 0.318454
vt 0.382074 0.269755
vt 0.433481 0.285227
vt 0.501409 0.332846
vt 0.501652 0.290161
vt 0.532354 0.423067
vt 0.334346 0.607952
vt 0.079805 0.232283
vt 0.164710 0.210607
vt 0.122523 0.194649
vt 0.082536 0.195321
vt 0.065738 0.163787
vt 0.098907 0.148763
vt 0.061632 0.142152
vt 0.067395 0.121429
vt 0.123677 0.114515
vt 0.175785 0.114562
vt 0.094627 0.115280
vt 0.071940 0.113520
vt 0.035702 0.148111
vt 0.041923 0.132093
vt 0.020229 0.138299
vt 0.026355 0.125859
vt 0.005702 0.131286
vt 0.011940 0.118620
vt 0.124248 0.087244
vt 0.097369 0.085301
vt 0.124231 0.055219
vt 0.098622 0.055224
vt 0.124118 0.033753
vt 0.158367 0.040381
vt 0.164154 0.054336
vt 0.099739 0.035139
vt 0.171577 0.088395
vt 0.192231 0.080816
vt 0.172887 0.036601
vt 0.229659 0.051083
vt 0.207206 0.014433
vt 0.253565 0.037615
vt 0.259273 0.099604
vt 0.295568 0.088781
vt 0.225257 0.005464
vt 0.257519 0.214069
vt 0.210893 0.208562
vt 0.203087 0.112287
vt 0.256732 0.004405
vt 0.275505 0.029551
vt 0.296663 0.056271
vt 0.254448 0.243670
vt 0.287294 0.248875
vt 0.299549 0.220380
vt 0.323300 0.104611
vt 0.343328 0.116239
vt 0.349575 0.166371
vt 0.341191 0.234380
vt 0.379236 0.180734
vt 0.393815 0.198439
vt 0.369935 0.227020
vt 0.383913 0.245331
vt 0.408148 0.211617
vt 0.372524 0.153454
vt 0.406401 0.154959
vt 0.418570 0.170953
vt 0.432503 0.130104
vt 0.445823 0.142555
vt 0.433494 0.180403
vt 0.448844 0.163198
vt 0.412154 0.127150
vt 0.395815 0.139939
vt 0.325332 0.261049
vt 0.344700 0.051550
vt 0.359289 0.070966
vt 0.389947 0.045029
vt 0.374202 0.026325
vt 0.391323 0.064504
vt 0.369359 0.086828
vt 0.352694 0.023153
vt 0.330809 0.036634
vt 0.068269 0.054545
vt 0.088448 0.054365
vt 0.085147 0.033440
vt 0.068311 0.035581
vt 0.069129 0.082960
vt 0.091835 0.081384
vt 0.214759 0.239928
vt 0.170727 0.242683
vt 0.094294 0.262400
vt 0.737783 0.987757
vt 0.737708 0.780107
vt 0.274783 0.263290
vt 0.251897 0.284556
vt 0.265085 0.304716
vt 0.290410 0.280108
vt 0.230808 0.322133
vt 0.234686 0.293532
vt 0.317161 0.315098
vt 0.326877 0.296848
vt 0.247112 0.446506
vt 0.230894 0.421947
vt 0.204488 0.436013
vt 0.200804 0.450038
vt 0.202857 0.296193
vt 0.220949 0.280878
vt 0.186739 0.265822
vt 0.206200 0.254811
vt 0.152216 0.291162
vt 0.194174 0.426648
vt 0.177297 0.438725
vt 0.148125 0.271043
vt 0.109679 0.437051
vt 0.158639 0.453515
vt 0.110675 0.292890
vt 0.130164 0.279394
vt 0.048936 0.787641
vt 0.037433 0.823986
vt 0.095670 0.805101
vt 0.018334 0.795488
vt 0.001309 0.823986
vt 0.001309 0.828672
vt 0.001309 0.805245
vt 0.001309 0.793266
vt 0.072476 0.756292
vt 0.104842 0.722758
vt 0.009703 0.762035
vt 0.001309 0.770446
vt 0.001309 0.745864
vt 0.041600 0.754625
vt 0.045013 0.731461
vt 0.001309 0.728107
vt 0.001309 0.706350
vt 0.045012 0.704329
vt 0.000634 0.640415
vt 0.080537 0.664700
vt 0.172489 0.654188
vt 0.168984 0.731210
vt 0.146949 0.810560
vt 0.044855 0.876465
vt 0.134665 0.883862
vt 0.053879 0.921862
vt 0.230813 0.753236
vt 0.327296 0.709405
vt 0.289853 0.844016
vt 0.198004 0.819694
vt 0.222406 0.906637
vt 0.208321 0.985394
vt 0.032665 0.835220
vt 0.001309 0.884699
vt 0.068912 0.997425
vt 0.136690 0.961832
vt 0.001309 0.847491
vt 0.001309 0.839125
vt 0.041894 0.649915
vt 0.070649 0.583980
vt 0.103642 0.580263
vt 0.049090 0.502723
vt 0.103028 0.449168
vt 0.013527 0.576938
vt 0.001309 0.788851
vt 0.992969 0.987765
vt 0.232379 0.916718
vt 0.282941 0.969753
vt 0.311768 0.908112
vt 0.306313 0.933309
vt 0.220304 0.994415
vt 0.243005 0.989735
vt 0.222758 0.978624
vt 0.468563 0.011307
vt 0.435273 0.011298
s 1
usemtl enemy_tonnel.001
f 619/279/508 620/280/509 621/281/510
f 619/279/508 621/281/510 622/282/511
f 622/282/511 621/281/510 623/283/512
f 622/282/511 623/283/512 624/284/513
f 621/281/510 620/280/509 625/285/514
f 621/281/510 625/285/514 626/286/515
f 623/283/512 621/281/510 626/286/515
f 623/283/512 626/286/515 627/287/516
f 628/288/517 627/287/516 626/286/515
f 628/288/517 626/286/515 629/289/518
f 629/289/518 626/286/515 625/285/514
f 619/279/508 630/290/519 620/280/509
f 622/282/511 624/284/513 631/291/520
f 632/292/521 622/282/511 631/291/520
f 619/279/508 622/282/511 632/292/521
f 632/292/521 631/291/520 633/293/517
f 632/292/521 633/293/517 634/294/522
f 634/294/522 635/295/523 632/292/521
f 619/279/508 632/292/521 635/295/523
f 636/296/524 630/290/519 619/279/508
f 636/296/524 619/279/508 635/295/523
f 636/296/524 637/297/525 630/290/519
f 636/296/524 638/298/526 637/297/525
f 638/298/526 639/299/527 637/297/525
f 640/300/528 638/298/526 636/296/524
f 634/294/522 640/300/528 635/295/523
f 636/296/524 635/295/523 640/300/528
f 640/300/528 641/301/529 638/298/526
f 642/302/530 639/299/527 638/298/526
f 642/302/530 638/298/526 641/301/529
f 643/303/531 630/290/519 637/297/525
f 644/304/532 643/303/531 637/297/525
f 644/304/532 637/297/525 645/305/533
f 637/297/525 639/299/527 645/305/533
f 639/299/527 646/306/534 645/305/533
f 647/307/535 643/303/531 644/304/532
f 647/307/535 648/308/536 643/303/531
f 648/308/536 647/307/535 649/309/537
f 648/308/536 649/309/537 650/310/538
f 651/311/539 648/308/536 650/310/538
f 651/311/539 650/310/538 652/312/540
f 645/305/533 653/313/541 644/304/532
f 645/305/533 654/314/542 653/313/541
f 653/313/541 655/315/543 644/304/532
f 655/315/543 647/307/535 644/304/532
f 655/315/543 656/316/544 647/307/535
f 649/309/537 647/307/535 656/316/544
f 655/315/543 657/317/545 656/316/544
f 648/308/536 651/311/539 620/280/509
f 648/308/536 620/280/509 643/303/531
f 643/303/531 620/280/509 630/290/519
f 620/280/509 651/311/539 658/318/546
f 658/318/546 651/311/539 652/312/540
f 625/285/514 658/318/546 652/312/540
f 625/285/514 620/280/509 658/318/546
f 629/289/518 625/285/514 652/312/540
f 659/319/547 660/320/548 661/321/549
f 660/320/548 662/322/550 661/321/549
f 660/320/548 663/323/551 662/322/550
f 663/323/551 664/324/552 662/322/550
f 663/323/551 665/325/553 664/324/552
f 666/326/554 662/322/550 664/324/552
f 667/327/555 666/326/554 664/324/552
f 666/326/554 668/328/556 662/322/550
f 661/321/549 662/322/550 668/328/556
f 669/329/557 665/325/553 663/323/551
f 670/330/558 669/329/557 663/323/551
f 670/330/558 663/323/551 660/320/548
f 669/329/557 670/330/558 671/331/559
f 669/329/557 671/331/559 672/332/560
f 672/332/560 671/331/559 673/333/561
f 672/332/560 673/333/561 674/334/562
f 675/335/563 672/332/560 674/334/562
f 675/335/563 674/334/562 676/336/564
f 677/337/565 669/329/557 672/332/560
f 677/337/565 672/332/560 675/335/563
f 669/329/557 677/337/565 665/325/553
f 677/337/565 675/335/563 678/338/566
f 678/338/566 675/335/563 676/336/564
f 677/337/565 678/338/566 679/339/567
f 665/325/553 677/337/565 679/339/567
f 678/338/566 676/336/564 680/340/568
f 665/325/553 679/339/567 681/341/569
f 682/342/570 681/341/569 679/339/567
f 682/342/570 683/343/571 681/341/569
f 671/331/559 684/344/572 673/333/561
f 671/331/559 685/345/573 684/344/572
f 671/331/559 670/330/558 686/346/574
f 671/331/559 686/346/574 685/345/573
f 687/347/575 684/344/572 685/345/573
f 686/346/574 687/347/575 685/345/573
f 670/330/558 660/320/548 686/346/574
f 660/320/548 688/348/576 686/346/574
f 660/320/548 689/319/547 688/348/576
f 686/346/574 688/348/576 690/347/577
f 681/341/569 691/349/578 664/324/552
f 681/341/569 664/324/552 665/325/553
f 692/349/579 667/327/555 664/324/552
f 693/349/580 694/350/581 667/327/582
f 695/351/583 696/352/584 697/353/585
f 695/351/583 698/354/586 696/352/584
f 698/354/586 699/355/587 696/352/584
f 697/353/585 700/356/588 695/351/583
f 697/353/585 701/357/589 700/356/588
f 697/353/585 696/352/584 702/358/590
f 696/352/584 699/355/587 703/359/591
f 696/352/584 703/359/591 704/360/592
f 704/360/592 705/361/593 696/352/584
f 696/352/584 705/361/593 702/358/590
f 700/356/588 701/357/589 706/362/594
f 707/363/595 706/362/594 701/357/589
f 707/363/595 708/364/596 706/362/594
f 709/365/597 706/362/594 708/364/596
f 709/365/597 700/356/588 706/362/594
f 710/366/598 708/364/596 707/363/595
f 710/366/598 707/363/595 711/367/599
f 707/363/595 712/368/600 711/367/599
f 711/367/599 712/368/600 713/369/601
f 712/368/600 707/363/595 714/370/602
f 715/371/603 710/366/598 711/367/599
f 716/371/604 711/367/599 713/369/601
f 707/363/595 701/357/589 717/372/605
f 707/363/595 717/372/605 714/370/602
f 717/372/605 701/357/589 697/353/585
f 717/372/605 697/353/585 702/358/590
f 718/370/606 717/372/605 702/358/590
f 712/368/600 719/370/607 713/369/601
f 709/365/597 720/373/608 721/374/609
f 709/365/597 721/374/609 700/356/588
f 720/373/608 722/375/610 721/374/609
f 720/373/608 723/376/611 722/375/610
f 723/376/611 724/377/612 722/375/610
f 725/378/613 722/375/610 724/377/612
f 724/377/612 726/379/614 725/378/613
f 724/377/612 727/380/615 726/379/614
f 728/381/616 727/380/615 724/377/612
f 724/377/612 729/382/617 728/381/616
f 723/376/611 729/382/617 724/377/612
f 695/351/583 700/356/588 721/374/609
f 695/351/583 721/374/609 730/383/618
f 731/384/619 730/383/618 721/374/609
f 731/384/619 721/374/609 722/375/610
f 731/384/619 732/385/620 730/383/618
f 695/351/583 730/383/618 732/385/620
f 731/384/619 733/386/621 732/385/620
f 733/386/621 734/387/622 732/385/620
f 734/387/622 733/386/621 735/388/623
f 735/388/623 733/386/621 731/384/619
f 734/387/622 735/388/623 736/389/624
f 735/388/623 737/390/625 736/389/624
f 735/388/623 738/391/626 737/390/625
f 738/391/626 735/388/623 739/392/627
f 738/391/626 739/392/627 740/393/628
f 695/351/583 732/385/620 698/354/586
f 735/388/623 731/384/619 741/394/629
f 735/388/623 741/394/629 739/392/627
f 698/354/586 732/385/620 742/395/630
f 732/385/620 734/387/622 742/395/630
f 743/396/631 744/397/632 745/398/633
f 746/399/634 743/396/631 745/398/633
f 745/398/633 747/400/635 746/399/634
f 745/398/633 748/401/636 747/400/635
f 747/400/635 748/401/636 749/402/637
f 748/401/636 750/403/638 749/402/637
f 751/404/639 748/401/636 745/398/633
f 745/398/633 752/405/640 751/404/639
f 748/401/636 751/404/639 753/406/641
f 748/401/636 753/406/641 750/403/638
f 753/406/641 754/407/642 750/403/638
f 755/408/643 747/400/635 749/402/637
f 755/408/643 749/402/637 756/409/644
f 757/410/645 755/408/643 756/409/644
f 757/410/645 756/409/644 758/411/646
f 759/412/647 757/410/645 758/411/646
f 759/412/647 758/411/646 760/413/648
f 753/406/641 751/404/639 761/414/649
f 753/406/641 761/414/649 762/415/650
f 762/415/650 761/414/649 763/416/651
f 762/415/650 763/416/651 764/417/652
f 763/416/651 765/418/653 764/417/652
f 766/419/654 765/418/653 763/416/651
f 767/420/655 766/419/654 763/416/651
f 761/414/649 767/420/655 763/416/651
f 765/418/653 768/421/656 764/417/652
f 761/414/649 769/422/657 767/420/655
f 770/423/658 771/424/659 767/420/660
f 772/425/661 771/424/659 770/423/658
f 772/425/661 773/426/662 771/424/659
f 774/427/663 773/426/662 772/425/661
f 775/428/664 774/427/663 772/425/661
f 772/425/661 770/423/658 775/428/664
f 775/428/664 776/429/665 774/427/663
f 774/427/663 777/430/666 773/426/662
f 776/429/665 775/428/664 778/431/667
f 775/428/664 779/432/668 778/431/667
f 775/428/664 780/433/669 779/432/668
f 770/423/658 780/433/669 775/428/664
f 780/433/669 770/423/658 781/422/670
f 782/405/640 780/433/669 781/422/670
f 779/432/668 780/433/669 782/405/640
f 774/427/663 783/434/671 777/430/666
f 774/427/663 784/435/672 783/434/671
f 785/429/673 784/435/672 774/427/663
f 785/429/673 786/436/674 784/435/672
f 744/397/632 779/432/668 782/405/640
f 779/432/668 787/437/675 778/431/667
f 788/438/676 778/431/667 787/437/675
f 788/438/676 789/439/677 778/431/667
f 790/429/678 778/431/667 789/439/677
f 791/440/679 790/429/678 789/439/677
f 789/439/677 792/441/680 791/440/679
f 789/439/677 793/442/681 792/441/680
f 789/439/677 794/443/682 793/442/681
f 788/438/676 794/443/682 789/439/677
f 795/444/683 793/442/681 794/443/682
f 794/443/682 796/445/684 795/444/683
f 794/443/682 797/446/685 796/445/684
f 798/447/686 797/446/685 794/443/682
f 796/445/684 797/446/685 798/447/686
f 796/445/684 798/447/686 799/448/635
f 795/444/683 800/449/687 793/442/681
f 796/445/684 801/450/688 795/444/683
f 796/445/684 802/451/689 801/450/688
f 799/448/635 802/451/689 796/445/684
f 802/451/689 803/452/690 801/450/688
f 802/451/689 804/453/691 803/452/690
f 799/448/635 805/454/692 802/451/689
f 805/454/692 804/453/691 802/451/689
f 805/454/692 806/455/693 804/453/691
f 807/456/694 801/450/688 803/452/690
f 807/456/694 808/457/695 801/450/688
f 808/457/695 800/449/687 795/444/683
f 808/457/695 795/444/683 801/450/688
f 788/438/676 809/458/696 794/443/682
f 810/459/697 811/460/698 812/461/699
f 810/459/697 812/461/699 813/462/700
f 790/429/678 811/460/698 810/459/697
f 790/429/678 791/440/679 811/460/698
f 811/460/698 814/463/701 812/461/699
f 811/460/698 815/464/702 814/463/701
f 791/440/679 815/464/702 811/460/698
f 791/440/679 792/441/680 815/464/702
f 810/459/697 813/462/700 816/465/703
f 810/459/697 816/465/703 817/466/704
f 818/429/678 810/459/697 817/466/704
f 818/429/678 817/466/704 819/436/705
f 820/422/706 770/423/707 821/420/708
f 751/404/639 752/405/640 769/422/709
f 751/404/639 822/422/657 761/414/649
f 823/467/710 824/468/703 825/469/711
f 823/467/710 825/469/711 826/470/712
f 827/471/713 824/468/703 823/467/710
f 827/471/713 828/472/714 824/468/703
f 753/406/641 828/472/714 827/471/713
f 754/407/642 753/406/641 827/471/713
f 744/397/632 829/405/715 745/398/633
f 779/432/668 830/473/716 787/437/675
f 831/397/717 830/473/716 779/432/668
f 831/397/717 832/474/718 830/473/716
f 833/475/719 832/474/718 831/397/717
f 833/475/719 831/397/717 743/396/720
f 834/476/721 835/319/547 661/321/549
f 834/476/721 661/321/549 836/477/722
f 836/477/722 661/321/549 668/328/556
f 837/478/723 838/479/724 839/480/725
f 837/478/723 839/480/725 840/481/726
f 838/479/724 841/482/727 839/480/725
f 838/479/724 842/483/728 841/482/727
f 839/480/725 843/484/729 840/481/726
f 840/481/726 843/484/729 844/485/730
f 839/480/725 845/486/731 843/484/729
f 839/480/725 841/482/727 846/487/732
f 839/480/725 846/487/732 845/486/731
f 847/488/733 845/486/731 846/487/732
f 841/482/727 847/488/733 846/487/732
f 847/488/733 848/489/734 845/486/731
f 841/482/727 849/490/735 847/488/733
f 850/483/736 849/490/735 841/482/727
f 850/483/736 851/491/737 849/490/735
f 851/491/737 852/492/738 849/490/735
f 851/491/737 853/493/739 852/492/738
f 852/492/738 854/494/740 849/490/735
f 849/490/735 855/495/741 847/488/733
f 855/495/741 849/490/735 856/496/742
f 847/488/733 855/495/741 856/496/742
f 847/488/733 856/496/742 848/489/734
f 849/490/735 854/494/740 856/496/742
f 852/492/743 857/497/744 858/494/740
f 859/498/745 860/499/734 861/496/746
f 862/500/747 859/498/745 861/496/746
f 862/500/747 861/496/746 863/494/748
f 864/501/744 862/500/747 863/494/748
f 865/502/749 866/503/750 867/504/751
f 865/502/749 868/505/752 866/503/750
f 868/505/752 869/506/753 866/503/750
f 870/507/754 866/503/750 869/506/753
f 869/506/753 868/505/752 871/508/755
f 871/508/755 868/505/752 872/509/756
f 867/504/751 873/510/757 865/502/749
f 867/504/751 874/511/758 873/510/757
f 868/505/752 865/502/749 875/512/759
f 876/513/760 868/505/752 875/512/759
f 876/513/760 875/512/759 877/514/761
f 865/502/749 878/515/762 875/512/759
f 865/502/749 873/510/757 878/515/762
f 879/516/763 877/514/761 875/512/759
f 875/512/759 878/515/762 879/516/763
f 878/515/762 873/510/757 879/516/763
f 873/510/757 874/511/758 879/516/763
f 877/514/761 879/516/763 880/517/764
f 880/517/764 879/516/763 881/518/765
f 879/516/763 882/519/766 881/518/765
f 874/511/758 882/519/766 879/516/763
f 881/518/765 882/519/766 883/520/767
f 884/521/768 882/519/766 874/511/758
f 884/521/768 874/511/758 885/522/769
f 874/511/758 886/523/770 885/522/769
f 867/504/751 886/523/770 874/511/758
f 867/504/751 887/524/771 886/523/770
f 888/525/772 887/524/771 867/504/751
f 888/525/772 889/526/773 887/524/771
f 888/525/772 890/527/774 889/526/773
f 886/523/770 891/528/775 885/522/769
f 887/524/771 891/528/775 886/523/770
f 892/529/776 885/522/769 891/528/775
f 892/529/776 891/528/775 893/530/777
f 893/530/777 891/528/775 894/531/778
f 889/526/773 894/531/778 887/524/771
f 887/524/771 894/531/778 891/528/775
f 893/530/777 894/531/778 895/532/779
f 889/526/773 896/532/780 894/531/778
f 897/533/781 896/532/780 889/526/773
f 888/525/772 867/504/751 898/534/782
f 899/535/783 888/525/772 898/534/782
f 888/525/772 899/535/783 900/527/784
f 900/527/785 901/536/786 889/526/787
f 901/536/786 902/537/788 889/526/787
f 903/538/789 899/535/783 898/534/782
f 904/539/790 903/538/789 898/534/782
f 905/537/791 906/533/792 889/526/793
f 907/526/794 908/531/795 896/532/796
f 907/526/794 909/524/797 908/531/795
f 910/525/798 909/524/797 907/526/794
f 910/525/798 907/526/794 911/527/799
f 910/525/798 912/504/800 909/524/797
f 912/504/800 913/523/801 909/524/797
f 912/504/800 914/511/802 913/523/801
f 912/504/800 915/510/803 914/511/802
f 912/504/800 916/502/804 915/510/803
f 916/502/804 912/504/800 917/503/805
f 916/502/804 917/503/805 918/505/806
f 918/505/806 917/503/805 919/506/807
f 920/507/754 919/506/807 917/503/805
f 919/506/807 921/508/808 918/505/806
f 921/508/808 922/509/809 918/505/806
f 918/505/806 923/512/810 916/502/804
f 924/513/811 923/512/810 918/505/806
f 924/513/811 925/514/812 923/512/810
f 916/502/804 923/512/810 926/515/813
f 916/502/804 926/515/813 915/510/803
f 927/516/814 923/512/810 925/514/812
f 923/512/810 927/516/814 926/515/813
f 926/515/813 927/516/814 915/510/803
f 915/510/803 927/516/814 914/511/802
f 925/514/812 928/517/815 927/516/814
f 928/517/815 929/518/765 927/516/814
f 927/516/814 929/518/765 930/519/816
f 914/511/802 927/516/814 930/519/816
f 931/521/817 914/511/802 930/519/816
f 931/521/817 932/522/818 914/511/802
f 914/511/802 932/522/818 913/523/801
f 913/523/801 932/522/818 933/528/819
f 934/529/820 933/528/819 932/522/818
f 934/529/820 935/530/821 933/528/819
f 935/530/821 908/531/795 933/528/819
f 935/530/821 936/532/822 908/531/795
f 909/524/797 913/523/801 933/528/819
f 909/524/797 933/528/819 908/531/795
f 931/521/817 930/519/816 937/540/823
f 937/540/823 938/541/824 931/521/817
f 931/521/817 938/541/824 939/542/825
f 939/542/825 938/541/824 940/543/826
f 940/543/826 941/544/776 939/542/825
f 937/540/823 930/519/816 942/520/827
f 938/541/824 937/540/823 942/520/827
f 929/518/765 942/520/827 930/519/816
f 938/541/824 942/520/827 943/545/828
f 944/543/826 938/541/824 943/545/828
f 945/543/829 946/542/830 941/544/831
f 946/542/830 945/543/829 947/541/832
f 884/521/768 946/542/830 947/541/832
f 948/540/833 884/521/768 947/541/832
f 884/521/768 948/540/833 882/519/766
f 948/540/833 883/520/767 882/519/766
f 947/541/832 883/520/767 948/540/833
f 947/541/832 949/545/834 883/520/767
f 950/543/826 949/545/834 947/541/832
f 951/509/835 868/505/836 952/546/837
f 868/505/836 953/513/838 952/546/837
f 951/509/835 952/546/837 918/505/839
f 918/505/839 952/546/837 953/513/838
f 954/347/575 955/547/840 684/344/572
f 956/548/841 957/549/842 958/550/843
f 957/549/842 959/551/844 958/550/843
f 960/552/845 961/553/846 962/554/847
f 961/553/846 963/549/848 962/554/847
f 964/548/849 962/554/847 963/549/848
f 965/555/850 966/556/851 639/299/527
f 642/302/530 965/555/850 639/299/527
f 966/556/851 646/306/534 639/299/527
f 967/279/852 968/282/853 969/281/854
f 967/279/852 969/281/854 970/280/855
f 968/282/853 971/283/856 969/281/854
f 968/282/853 972/284/857 971/283/856
f 969/281/854 973/285/858 970/280/855
f 969/281/854 974/286/859 973/285/858
f 971/283/856 974/286/859 969/281/854
f 971/283/856 975/287/860 974/286/859
f 976/288/861 974/286/859 975/287/860
f 976/288/861 977/289/862 974/286/859
f 977/289/862 973/285/858 974/286/859
f 967/279/852 970/280/855 978/290/863
f 968/282/853 979/291/864 972/284/857
f 980/292/865 979/291/864 968/282/853
f 967/279/852 980/292/865 968/282/853
f 980/292/865 981/293/861 979/291/864
f 980/292/865 982/294/866 981/293/861
f 982/294/866 980/292/865 983/295/867
f 967/279/852 983/295/867 980/292/865
f 984/296/868 983/295/867 967/279/852
f 984/296/868 967/279/852 978/290/863
f 984/296/868 978/290/863 985/297/869
f 984/296/868 985/297/869 986/298/870
f 986/298/870 985/297/869 987/299/871
f 988/300/872 984/296/868 986/298/870
f 982/294/866 983/295/867 988/300/872
f 984/296/868 988/300/872 983/295/867
f 988/300/872 986/298/870 989/301/873
f 990/302/874 986/298/870 987/299/871
f 990/302/874 989/301/873 986/298/870
f 991/303/875 985/297/869 978/290/863
f 992/304/876 985/297/869 991/303/875
f 992/304/876 993/305/877 985/297/869
f 985/297/869 993/305/877 987/299/871
f 987/299/871 993/305/877 994/306/878
f 995/307/879 992/304/876 991/303/875
f 995/307/879 991/303/875 996/308/880
f 996/308/880 997/309/881 995/307/879
f 996/308/880 998/310/882 997/309/881
f 999/311/883 998/310/882 996/308/880
f 999/311/883 1000/312/884 998/310/882
f 993/305/877 992/304/876 1001/313/885
f 993/305/877 1001/313/885 1002/314/886
f 1001/313/885 992/304/876 1003/315/887
f 1003/315/887 992/304/876 995/307/879
f 1003/315/887 995/307/879 1004/316/888
f 997/309/881 1004/316/888 995/307/879
f 1003/315/887 1004/316/888 1005/317/889
f 996/308/880 970/280/855 999/311/883
f 996/308/880 991/303/875 970/280/855
f 991/303/875 978/290/863 970/280/855
f 970/280/855 1006/318/890 999/311/883
f 1006/318/890 1000/312/884 999/311/883
f 973/285/858 1000/312/884 1006/318/890
f 973/285/858 1006/318/890 970/280/855
f 977/289/862 1000/312/884 973/285/858
f 1007/319/891 1008/321/892 1009/320/893
f 1009/320/893 1008/321/892 1010/322/894
f 1009/320/893 1010/322/894 1011/323/895
f 1011/323/895 1010/322/894 1012/324/896
f 1011/323/895 1012/324/896 1013/325/897
f 1014/326/898 1012/324/896 1010/322/894
f 1015/327/899 1012/324/896 1014/326/898
f 1014/326/898 1010/322/894 1016/328/900
f 1008/321/892 1016/328/900 1010/322/894
f 1017/329/901 1011/323/895 1013/325/897
f 1018/330/902 1011/323/895 1017/329/901
f 1018/330/902 1009/320/893 1011/323/895
f 1017/329/901 1019/331/903 1018/330/902
f 1017/329/901 1020/332/904 1019/331/903
f 1020/332/904 1021/333/905 1019/331/903
f 1020/332/904 1022/334/906 1021/333/905
f 1023/335/907 1022/334/906 1020/332/904
f 1023/335/907 1024/336/908 1022/334/906
f 1025/337/909 1023/335/907 1020/332/904
f 1025/337/909 1020/332/904 1017/329/901
f 1017/329/901 1013/325/897 1025/337/909
f 1025/337/909 1026/338/910 1023/335/907
f 1026/338/910 1024/336/908 1023/335/907
f 1025/337/909 1027/339/911 1026/338/910
f 1013/325/897 1027/339/911 1025/337/909
f 1026/338/910 1028/340/912 1024/336/908
f 1013/325/897 1029/341/913 1027/339/911
f 1019/331/903 1021/333/905 1030/344/914
f 1019/331/903 1030/344/914 1031/345/915
f 1019/331/903 1032/346/916 1018/330/902
f 1019/331/903 1031/345/915 1032/346/916
f 1033/347/917 1031/345/915 1030/344/914
f 1032/346/916 1031/345/915 1033/347/917
f 1018/330/902 1032/346/916 1009/320/893
f 1009/320/893 1032/346/916 1034/348/918
f 1009/320/893 1034/348/918 1035/319/919
f 1032/346/916 1036/347/920 1034/348/918
f 1037/342/921 1027/339/922 1038/341/923
f 1037/342/921 1038/341/923 1039/343/924
f 1029/341/913 1012/324/896 1040/349/925
f 1029/341/913 1013/325/897 1012/324/896
f 1041/349/926 1012/324/896 1015/327/899
f 1042/349/927 1015/327/928 1043/350/929
f 1044/351/930 1045/353/931 1046/352/932
f 1044/351/930 1046/352/932 1047/354/933
f 1047/354/933 1046/352/932 1048/355/587
f 1045/353/931 1044/351/930 1049/356/934
f 1045/353/931 1049/356/934 1050/357/935
f 1046/352/932 1045/353/931 1051/358/936
f 1046/352/932 1051/358/936 1052/361/937
f 1053/360/938 1046/352/932 1052/361/937
f 1046/352/932 1054/359/939 1048/355/587
f 1046/352/932 1053/360/938 1054/359/939
f 1055/372/940 1051/358/936 1045/353/931
f 1055/372/940 1045/353/931 1050/357/935
f 1056/370/941 1051/358/936 1055/372/940
f 1057/363/942 1055/372/940 1050/357/935
f 1055/372/940 1057/363/942 1058/370/943
f 1057/363/942 1050/357/935 1059/362/944
f 1049/356/934 1059/362/944 1050/357/935
f 1057/363/942 1059/362/944 1060/364/596
f 1061/365/945 1060/364/596 1059/362/944
f 1061/365/945 1059/362/944 1049/356/934
f 1062/366/946 1057/363/942 1060/364/596
f 1062/366/946 1063/367/947 1057/363/942
f 1057/363/942 1063/367/947 1064/368/948
f 1057/363/942 1064/368/948 1058/370/943
f 1064/368/948 1063/367/947 1065/369/949
f 1066/370/950 1064/368/948 1065/369/949
f 1067/371/951 1063/367/947 1062/366/946
f 1068/371/952 1065/369/949 1063/367/947
f 1061/365/945 1049/356/934 1069/374/953
f 1061/365/945 1069/374/953 1070/373/954
f 1070/373/954 1069/374/953 1071/375/955
f 1070/373/954 1071/375/955 1072/376/956
f 1072/376/956 1071/375/955 1073/377/957
f 1074/378/958 1073/377/957 1071/375/955
f 1073/377/957 1074/378/958 1075/379/959
f 1073/377/957 1075/379/959 1076/380/960
f 1077/381/961 1073/377/957 1076/380/960
f 1073/377/957 1077/381/961 1078/382/962
f 1072/376/956 1073/377/957 1078/382/962
f 1044/351/930 1069/374/953 1049/356/934
f 1044/351/930 1079/383/963 1069/374/953
f 1080/384/964 1071/375/955 1069/374/953
f 1080/384/964 1069/374/953 1079/383/963
f 1080/384/964 1079/383/963 1081/385/965
f 1044/351/930 1081/385/965 1079/383/963
f 1080/384/964 1081/385/965 1082/386/966
f 1082/386/966 1081/385/965 1083/387/967
f 1083/387/967 1084/388/968 1082/386/966
f 1084/388/968 1080/384/964 1082/386/966
f 1083/387/967 1085/389/969 1084/388/968
f 1084/388/968 1085/389/969 1086/390/970
f 1084/388/968 1086/390/970 1087/391/971
f 1087/391/971 1088/392/972 1084/388/968
f 1087/391/971 1089/393/973 1088/392/972
f 1044/351/930 1047/354/933 1081/385/965
f 1084/388/968 1090/394/974 1080/384/964
f 1084/388/968 1088/392/972 1090/394/974
f 1047/354/933 1091/395/975 1081/385/965
f 1081/385/965 1091/395/975 1083/387/967
f 1092/396/976 1093/398/977 1094/397/978
f 1095/399/979 1093/398/977 1092/396/976
f 1093/398/977 1095/399/979 1096/400/980
f 1093/398/977 1096/400/980 1097/401/981
f 1096/400/980 1098/402/982 1097/401/981
f 1097/401/981 1098/402/982 1099/403/983
f 1100/404/984 1093/398/977 1097/401/981
f 1093/398/977 1100/404/984 1101/405/985
f 1097/401/981 1102/406/986 1100/404/984
f 1097/401/981 1099/403/983 1102/406/986
f 1102/406/986 1099/403/983 1103/407/987
f 1104/408/988 1098/402/982 1096/400/980
f 1104/408/988 1105/409/989 1098/402/982
f 1106/410/990 1105/409/989 1104/408/988
f 1106/410/990 1107/411/991 1105/409/989
f 1108/412/992 1107/411/991 1106/410/990
f 1108/412/992 1109/413/993 1107/411/991
f 1102/406/986 1110/414/994 1100/404/984
f 1102/406/986 1111/415/995 1110/414/994
f 1111/415/995 1112/416/996 1110/414/994
f 1111/415/995 1113/417/997 1112/416/996
f 1112/416/996 1113/417/997 1114/418/998
f 1115/419/999 1112/416/996 1114/418/998
f 1116/420/1000 1112/416/996 1115/419/999
f 1110/414/994 1112/416/996 1116/420/1000
f 1114/418/998 1113/417/997 1117/421/1001
f 1110/414/994 1116/420/1000 1118/422/1002
f 1119/423/1003 1116/420/1004 1120/424/1005
f 1121/425/1006 1119/423/1003 1120/424/1005
f 1121/425/1006 1120/424/1005 1122/426/998
f 1123/427/1007 1121/425/1006 1122/426/998
f 1124/428/1008 1121/425/1006 1123/427/1007
f 1121/425/1006 1124/428/1008 1119/423/1003
f 1124/428/1008 1123/427/1007 1125/429/1009
f 1123/427/1007 1122/426/998 1126/430/1010
f 1125/429/1009 1127/431/1011 1124/428/1008
f 1124/428/1008 1127/431/1011 1128/432/1012
f 1124/428/1008 1128/432/1012 1129/433/1013
f 1119/423/1003 1124/428/1008 1129/433/1013
f 1129/433/1013 1130/422/1002 1119/423/1003
f 1131/405/985 1130/422/1002 1129/433/1013
f 1128/432/1012 1131/405/985 1129/433/1013
f 1123/427/1007 1126/430/1010 1132/434/1014
f 1123/427/1007 1132/434/1014 1133/435/995
f 1134/429/1015 1123/427/1007 1133/435/995
f 1134/429/1015 1133/435/995 1135/436/986
f 1094/397/1016 1131/405/985 1128/432/1012
f 1128/432/1012 1127/431/1011 1136/437/1017
f 1137/438/1018 1136/437/1017 1127/431/1011
f 1137/438/1018 1127/431/1011 1138/439/1019
f 1139/429/1020 1138/439/1019 1127/431/1011
f 1140/440/1021 1138/439/1019 1139/429/1020
f 1138/439/1019 1140/440/1021 1141/441/987
f 1138/439/1019 1141/441/987 1142/442/1022
f 1138/439/1019 1142/442/1022 1143/443/1023
f 1137/438/1018 1138/439/1019 1143/443/1023
f 1144/444/1024 1143/443/1023 1142/442/1022
f 1143/443/1023 1144/444/1024 1145/445/1025
f 1143/443/1023 1145/445/1025 1146/446/1026
f 1147/447/1027 1143/443/1023 1146/446/1026
f 1145/445/1025 1147/447/1027 1146/446/1026
f 1145/445/1025 1148/448/1028 1147/447/1027
f 1144/444/1024 1142/442/1022 1149/449/982
f 1145/445/1025 1144/444/1024 1150/450/1029
f 1145/445/1025 1150/450/1029 1151/451/1030
f 1148/448/1028 1145/445/1025 1151/451/1030
f 1151/451/1030 1150/450/1029 1152/452/1031
f 1151/451/1030 1152/452/1031 1153/453/1032
f 1148/448/1028 1151/451/1030 1154/454/1033
f 1154/454/1033 1151/451/1030 1153/453/1032
f 1154/454/1033 1153/453/1032 1155/455/1034
f 1156/456/1035 1152/452/1031 1150/450/1029
f 1156/456/1035 1150/450/1029 1157/457/1036
f 1157/457/1036 1150/450/1029 1144/444/1024
f 1157/457/1036 1144/444/1024 1149/449/982
f 1137/438/1018 1143/443/1023 1158/458/1037
f 1159/459/1038 1160/461/1039 1161/460/1040
f 1159/459/1038 1162/462/1041 1160/461/1039
f 1139/429/1020 1159/459/1038 1161/460/1040
f 1139/429/1020 1161/460/1040 1140/440/1021
f 1161/460/1040 1160/461/1039 1163/463/1042
f 1161/460/1040 1163/463/1042 1164/464/1043
f 1140/440/1021 1161/460/1040 1164/464/1043
f 1140/440/1021 1164/464/1043 1141/441/987
f 1159/459/1038 1165/465/1044 1162/462/1041
f 1159/459/1038 1166/466/1045 1165/465/1044
f 1167/429/1046 1166/466/1045 1159/459/1038
f 1167/429/1046 1168/436/1047 1166/466/1045
f 1169/422/1048 1170/420/1049 1119/423/1050
f 1100/404/984 1118/422/1051 1101/405/985
f 1100/404/984 1110/414/994 1171/422/1052
f 1172/467/1042 1173/469/1053 1174/468/1054
f 1172/467/1042 1175/470/1055 1173/469/1053
f 1176/471/1056 1172/467/1042 1174/468/1054
f 1176/471/1056 1174/468/1054 1177/472/1057
f 1102/406/986 1176/471/1056 1177/472/1057
f 1103/407/987 1176/471/1056 1102/406/986
f 1094/397/978 1093/398/977 1178/405/985
f 1094/397/1016 1128/432/1012 1179/473/1058
f 1128/432/1012 1136/437/1017 1179/473/1058
f 1180/397/1059 1179/473/1060 1181/474/1061
f 1182/475/1062 1180/397/1059 1181/474/1061
f 1182/475/1062 1092/396/1063 1180/397/1059
f 1183/476/1064 1008/321/892 1184/319/1065
f 1183/476/1064 1185/477/1066 1008/321/892
f 1185/477/1066 1016/328/900 1008/321/892
f 1186/478/1067 1187/481/1068 1188/480/1069
f 1186/478/1067 1188/480/1069 1189/479/1070
f 1189/479/1070 1188/480/1069 1190/482/1071
f 1189/479/1070 1190/482/1071 1191/483/1072
f 1188/480/1069 1187/481/1068 1192/484/1073
f 1187/481/1068 1193/485/1074 1192/484/1073
f 1188/480/1069 1192/484/1073 1194/486/1075
f 1188/480/1069 1195/487/1076 1190/482/1071
f 1188/480/1069 1194/486/1075 1195/487/1076
f 1196/488/1077 1195/487/1076 1194/486/1075
f 1190/482/1071 1195/487/1076 1196/488/1077
f 1196/488/1077 1194/486/1075 1197/489/1078
f 1190/482/1071 1196/488/1077 1198/490/1079
f 1199/483/1080 1190/482/1071 1198/490/1079
f 1199/483/1080 1198/490/1079 1200/491/1081
f 1200/491/1081 1198/490/1079 1201/492/1082
f 1200/491/1081 1201/492/1082 1202/493/1083
f 1201/492/1082 1198/490/1079 1203/494/1084
f 1198/490/1079 1196/488/1077 1204/495/1085
f 1204/495/1085 1205/496/1086 1198/490/1079
f 1196/488/1077 1205/496/1086 1204/495/1085
f 1196/488/1077 1197/489/1078 1205/496/1086
f 1198/490/1079 1205/496/1086 1203/494/1084
f 1201/492/1087 1206/494/1088 1207/497/1089
f 1208/498/1075 1209/496/1090 1210/499/1091
f 1211/500/1092 1209/496/1090 1208/498/1075
f 1211/500/1092 1212/494/1084 1209/496/1090
f 1213/501/1089 1212/494/1084 1211/500/1092
f 910/525/798 1214/527/1093 1215/535/1094
f 1215/535/1094 1216/534/1095 910/525/798
f 1217/538/789 1216/534/1095 1215/535/1094
f 1218/539/1096 1216/534/1095 1217/538/789
f 910/525/798 1216/534/1095 912/504/800
f 1214/527/1097 907/526/1098 1219/536/1099
f 1219/536/1099 907/526/1098 1220/537/1100
f 1221/537/1101 907/526/1102 1222/533/1103
f 1223/533/1104 907/526/794 896/532/796
f 1224/347/917 1030/344/1066 1225/547/1064
f 1226/548/1105 1227/550/1106 1228/549/1107
f 1228/549/1107 1227/550/1106 1229/551/1108
f 1230/552/1109 1231/554/1110 1232/553/1111
f 1232/553/1111 1231/554/1110 1233/549/1112
f 1234/548/1113 1233/549/1112 1231/554/1110
f 1235/555/1114 987/299/871 1236/556/1115
f 990/302/874 987/299/871 1235/555/1114
f 1236/556/1115 987/299/871 994/306/878
