# Blender 5.1.2
# www.blender.org
mtllib monstro0022.mtl
o Object_33
v 4.565014 -132.905014 81.523972
v 4.338254 -132.559113 81.425369
v 6.325670 -132.440353 81.552483
v 6.325670 -132.918106 81.552483
v 7.102668 -132.467285 81.580780
v 7.102668 -132.936066 81.580780
v 4.604606 -132.289001 81.881615
v 5.673593 -132.345871 81.938492
v 7.098910 -132.480667 81.850616
v 7.098910 -132.718765 81.968033
v 5.673593 -132.678268 82.065178
v 4.188889 -132.890106 81.536995
v 7.098910 -132.925232 81.850616
v 5.354472 -133.015778 81.832832
v 7.098910 -132.718765 81.968033
v 5.673593 -132.678268 82.065178
v 4.604605 -132.949631 81.941986
v 4.228481 -132.949234 81.966881
v 2.392396 -133.100464 81.685524
v 3.052271 -133.067551 82.195854
v 1.939022 -133.067551 82.412827
v 4.416542 -132.597885 82.148407
v 3.241556 -132.678268 82.294983
v 2.372585 -132.678268 82.496277
v 2.392396 -132.244522 81.606728
v 1.900582 -132.319397 81.549591
v 1.900582 -133.096832 81.549591
v 1.605497 -133.076324 82.409904
v 1.939022 -132.346130 82.464088
v 3.052271 -132.289001 82.107231
v 2.372585 -132.678268 82.496277
v 3.241556 -132.678268 82.294983
v 4.151087 -132.272736 81.893082
v 4.416542 -132.597885 82.148407
v 1.633513 -132.371201 81.323006
v 1.526906 -133.167282 81.323006
v 1.605497 -132.325760 82.426895
v 1.942397 -132.678268 82.536102
v 1.607806 -132.678268 82.516968
v 4.379998 -132.272202 81.886894
v 0.619154 -132.449768 68.875793
v 0.414365 -132.308167 71.593933
v 0.935154 -132.266754 71.382149
v 0.993650 -132.513153 73.058838
v 0.487022 -132.523544 72.977684
v 0.994998 -132.511032 73.598366
v 0.464458 -132.539154 73.509979
v 1.172612 -133.127411 73.350433
v 1.172613 -133.171326 73.623421
v 1.172612 -133.095306 73.087509
v 0.308060 -133.138672 73.254631
v 0.308060 -133.095306 72.949013
v 0.740336 -133.327408 73.018265
v 0.740336 -133.369629 73.285431
v 1.172612 -133.095306 73.087509
v 1.172612 -133.127411 73.350433
v 0.740337 -133.412094 73.554169
v 1.172613 -133.171326 73.623421
v 0.308061 -133.171326 73.484924
v 0.830301 -133.629517 76.088402
v 0.306055 -133.237137 76.277496
v 1.230235 -133.237137 76.416039
v 0.334208 -132.405548 76.120567
v 0.012404 -133.560760 76.376801
v 0.012404 -132.527084 76.250900
v 1.165215 -132.951279 71.227577
v 0.715179 -133.245193 71.333466
v 0.333095 -132.951279 71.439354
v 0.619154 -133.154327 68.875793
v 0.372845 -132.879669 68.875793
v 0.619154 -132.449768 68.875793
v 0.619154 -133.154327 68.875793
v 1.294992 -132.310837 76.166573
v 1.294992 -132.310837 76.166573
v 1.294992 -132.310837 76.166573
v 1.230235 -133.237137 76.416039
v 0.968926 -133.528076 78.856369
v 0.846803 -133.735321 77.065964
v 1.250908 -133.261337 77.246635
v 0.012404 -134.118225 78.877609
v 0.012404 -133.861694 76.941177
v 1.115779 -132.679794 78.887535
v 1.245259 -132.425232 77.246635
v 1.230235 -133.237137 76.416039
v 0.012404 -133.560760 76.376801
v 0.306055 -133.237137 76.277496
v 0.830301 -133.629517 76.088402
v 0.760325 -132.216232 77.589539
v 0.831511 -132.105301 77.072639
v 0.012404 -132.278580 77.794662
v 0.012404 -132.310715 78.877609
v 0.012404 -132.254700 76.695053
v 0.193570 -132.208344 76.437347
v 0.899084 -132.132019 76.541748
v 0.334208 -132.405548 76.120567
v 1.294992 -132.310837 76.166573
v 0.012404 -132.527084 76.250900
v 0.012404 -132.527084 76.250900
v 1.280284 -132.421356 77.007362
v 1.294992 -132.310837 76.166573
v 1.294992 -132.310837 76.166573
v 0.012404 -132.197815 79.766899
v 1.178962 -132.571777 79.716705
v 1.633513 -132.371201 81.323006
v 0.012404 -131.796722 81.336067
v 0.966596 -132.178238 82.548309
v 1.605497 -132.325760 82.426895
v 1.607806 -132.678268 82.516968
v 0.957743 -132.678268 82.564018
v 0.467534 -132.733658 82.711540
v 0.012404 -132.288986 82.641838
v 1.050097 -133.475220 79.716705
v 1.526906 -133.167282 81.323006
v 0.542687 -133.922379 79.783081
v 0.871952 -133.728806 81.226639
v 0.012404 -133.906128 81.418457
v 0.966596 -133.067551 82.416367
v 0.012404 -133.111694 82.547127
v 0.467534 -132.733658 82.711540
v 0.957743 -132.678268 82.564018
v 1.605497 -133.076324 82.409904
v 1.607806 -132.678268 82.516968
v 1.900582 -133.096832 81.549591
v 0.012404 -134.090424 79.786514
v 7.304121 -132.976486 81.539520
v 7.304121 -132.432266 81.539520
v 7.452557 -132.662125 81.548004
v 7.471015 -132.844849 81.398323
v 7.696621 -132.936188 81.390800
v 7.722791 -132.771652 81.550415
v 7.814222 -132.987167 81.503250
v 7.732298 -133.018936 81.643456
v 7.998094 -132.651062 81.764587
v 7.924614 -132.317245 81.640755
v 8.008974 -132.868790 81.784622
v 8.016235 -133.040833 81.797997
v 7.952839 -132.976318 81.351234
v 7.976388 -133.031403 81.470039
v 8.094219 -132.966843 81.358345
v 8.104343 -133.019913 81.451134
v 8.187252 -133.033829 81.308746
v 8.197563 -133.087860 81.403229
v 8.153023 -132.647873 81.636078
v 8.201752 -132.844437 81.635910
v 8.200872 -132.660660 81.448280
v 8.219378 -132.841660 81.454140
v 8.336580 -132.645706 81.376869
v 8.252338 -132.421677 81.386719
v 8.151924 -132.412354 81.434792
v 8.352680 -132.813370 81.379700
v 8.087557 -132.318771 81.625534
v 8.194149 -132.314926 81.691910
v 8.252338 -132.421677 81.386719
v 8.348555 -132.648483 81.680092
v 8.336580 -132.645706 81.376869
v 8.341963 -132.848007 81.679138
v 8.046482 -132.672836 81.948761
v 8.044224 -132.872360 81.942497
v 8.352680 -132.813370 81.379700
v 7.304121 -132.709824 81.981804
v 7.304121 -132.432266 81.840729
v 7.963366 -132.302612 81.818100
v 8.087557 -132.318771 81.625534
v 7.924614 -132.317245 81.640755
v 8.219378 -132.841660 81.454140
v 8.201752 -132.844437 81.635910
v 8.044224 -132.872360 81.942497
v 8.008974 -132.868790 81.784622
v 7.098910 -132.718765 81.968033
v 7.098910 -132.925232 81.850616
v 7.304121 -132.976486 81.828369
v 8.044224 -132.872360 81.942497
v 8.042400 -133.033569 81.937431
v 8.016235 -133.040833 81.797997
v 7.732298 -133.018936 81.643456
v 7.304121 -132.976486 81.539520
v 7.704122 -133.117828 81.460487
v 7.670760 -133.044693 81.334610
v 7.422751 -132.983292 81.389915
v 7.471015 -132.844849 81.398323
v 7.696621 -132.936188 81.390800
v 7.814222 -132.987167 81.503250
v 7.961060 -133.152039 81.418671
v 7.930259 -133.077530 81.288940
v 8.197563 -133.087860 81.403229
v 8.187252 -133.033829 81.308746
v 7.952839 -132.976318 81.351234
v 8.094219 -132.966843 81.358345
v 8.104343 -133.019913 81.451134
v 7.976388 -133.031403 81.470039
v 7.102668 -132.936066 81.580780
v 8.393637 -132.844879 81.783943
v 8.388773 -133.006104 81.781639
v 8.486700 -132.989838 81.489441
v 8.490694 -132.861145 81.487854
v 8.346937 -133.003601 81.520737
v 8.271900 -133.013351 81.701218
v 8.335295 -132.851074 81.527557
v 8.257322 -132.841324 81.696854
v 8.044224 -132.872360 81.942497
v 8.008974 -132.868790 81.784622
v 8.087557 -132.318771 81.625534
v 8.151924 -132.412354 81.434792
v 8.087557 -132.318771 81.625534
v 8.346937 -133.003601 81.520737
v 8.335295 -132.851074 81.527557
v 8.490694 -132.861145 81.487854
v 8.486700 -132.989838 81.489441
v 8.271900 -133.013351 81.701218
v 8.257322 -132.841324 81.696854
v 7.924614 -132.317245 81.640755
v 7.098910 -132.480667 81.850616
v 7.304121 -132.432266 81.539520
v 7.102668 -132.467285 81.580780
v 7.102668 -132.936066 81.580780
v 0.881024 -132.879669 68.875793
v 0.619154 -132.449768 68.875793
v 1.165215 -132.951279 71.227577
v 0.619154 -132.449768 68.875793
v 0.881024 -132.879669 68.875793
v 0.881024 -132.879669 68.505905
v 0.619154 -132.449768 68.505905
v 0.619154 -133.228241 68.523651
v 0.619154 -133.154327 68.875793
v 0.905084 -132.523376 67.862648
v 0.619154 -132.354263 67.868217
v 1.063068 -134.537628 67.862648
v 0.780535 -134.328842 68.173485
v 0.426572 -134.625900 68.047722
v 0.394534 -134.811234 67.910217
v 0.357284 -132.879669 68.505905
v 0.619154 -133.154327 68.875793
v 0.372845 -132.879669 68.875793
v 0.619154 -132.449768 68.505905
v 0.619154 -132.449768 68.875793
v 0.336893 -132.543274 67.862648
v 0.265768 -134.507355 68.073181
v 0.130052 -134.634689 67.862648
v 0.619154 -132.354263 67.868217
v 0.336893 -132.543274 67.862648
v 1.063068 -134.537628 67.862648
v 0.394534 -134.811234 67.910217
v 0.130052 -134.634689 67.862648
v 0.905084 -132.523376 67.862648
v 0.336893 -132.543274 67.862648
v 0.619154 -132.354263 67.868217
v 0.405199 -133.561996 83.966873
v 0.310331 -133.536453 83.667122
v 0.704464 -133.208313 83.822868
v 0.152816 -133.639984 83.902161
v 0.012404 -133.697296 83.667122
v 0.012404 -133.636566 83.628479
v 0.012404 -133.675201 83.821686
v 0.012404 -133.802536 83.920486
v 0.599341 -133.406342 84.225418
v 0.780101 -133.212219 84.501984
v 0.081631 -133.638153 84.178062
v 0.012404 -133.712006 84.108688
v 0.012404 -133.653183 84.311424
v 0.344696 -133.614853 84.239166
v 0.372842 -133.648376 84.430214
v 0.012404 -133.688522 84.457870
v 0.012404 -133.677429 84.637306
v 0.372842 -133.629730 84.653969
v 0.012404 -133.404358 85.181091
v 0.644279 -133.357361 84.980812
v 0.668668 -132.680145 85.130341
v 0.829423 -132.693283 84.495117
v 0.676726 -132.778183 83.826881
v 0.350000 -133.358963 83.234306
v 0.458957 -132.767426 83.215637
v 0.012404 -133.099030 83.176239
v 0.674152 -132.173843 84.400513
v 0.012404 -131.828552 84.815338
v 0.012404 -131.939865 83.860649
v 0.644992 -132.369202 83.821320
v 0.012404 -132.351837 83.319336
v 0.012404 -132.351837 83.319336
v 0.012404 -132.288986 82.641838
v 0.271007 -133.516525 83.574463
v 0.012404 -133.580765 83.166397
v 0.012404 -133.099030 83.176239
v 0.012404 -133.111694 82.547127
v 0.467534 -132.733658 82.711540
v 0.012404 -133.640717 83.473259
v 0.012404 -133.613129 83.542259
v 0.467534 -132.733658 82.711540
v 0.012404 -132.288986 82.641838
v -0.434149 -132.767426 83.215637
v -0.620183 -132.369202 83.821320
v -0.651917 -132.778183 83.826881
v -0.325192 -133.358963 83.234306
v 0.012404 -133.099030 83.176239
v -0.679655 -133.208313 83.822868
v -0.804614 -132.693283 84.495117
v -0.755293 -133.212219 84.501984
v -0.574532 -133.406342 84.225418
v -0.380390 -133.561996 83.966873
v -0.285523 -133.536453 83.667122
v -0.128008 -133.639984 83.902161
v 0.012404 -133.697296 83.667122
v 0.012404 -133.636566 83.628479
v 0.012404 -133.675201 83.821686
v 0.012404 -133.802536 83.920486
v -0.056822 -133.638153 84.178062
v 0.012404 -133.712006 84.108688
v 0.012404 -133.653183 84.311424
v -0.319888 -133.614853 84.239166
v -0.348034 -133.648376 84.430214
v 0.012404 -133.688522 84.457870
v 0.012404 -133.677429 84.637306
v -0.348034 -133.629730 84.653969
v -0.619471 -133.357361 84.980812
v -0.643859 -132.680145 85.130341
v -0.649343 -132.173843 84.400513
v 0.012404 -131.828552 84.815338
v 0.012404 -131.939865 83.860649
v 0.012404 -132.351837 83.319336
v -0.322313 -133.379333 85.102745
v -0.459236 -132.805405 85.302948
v -0.643859 -132.680145 85.130341
v 0.012404 -132.245300 85.295799
v 0.012404 -131.828552 84.815338
v 0.012404 -133.404358 85.181091
v 0.012404 -132.919510 85.405190
v 0.012404 -132.245300 85.295799
v 0.012404 -132.245300 85.295799
v 0.668668 -132.680145 85.130341
v 0.484045 -132.805405 85.302948
v 0.347122 -133.379333 85.102745
v 0.012404 -132.919510 85.405190
v 0.012404 -132.245300 85.295799
v 0.012404 -133.802536 83.920486
v 0.012404 -133.805237 83.956894
v 0.012404 -133.712006 84.108688
v 0.619154 -133.154327 68.875793
v 0.881024 -132.879669 68.875793
v 0.012404 -132.676636 83.603111
v 0.704464 -133.208313 83.822868
v 0.012404 -133.636566 83.628479
v 0.310331 -133.536453 83.667122
v 0.012404 -133.613129 83.542259
v 0.271007 -133.516525 83.574463
v 0.012404 -133.422791 83.322845
v 0.704464 -133.208313 83.822868
v 0.012404 -132.676636 83.603111
v 1.942397 -132.678268 82.536102
v 1.607806 -132.678268 82.516968
v -4.540206 -132.904984 81.523941
v -6.300860 -132.918076 81.552452
v -6.300860 -132.440323 81.552452
v -4.313445 -132.559067 81.425354
v -7.077860 -132.467255 81.580750
v -7.077861 -132.936035 81.580750
v -4.579795 -132.288956 81.881599
v -5.648786 -132.345840 81.938461
v -7.074100 -132.480637 81.850586
v -7.074100 -132.718735 81.968002
v -5.648786 -132.678238 82.065147
v -4.164080 -132.890076 81.536972
v -7.074100 -132.925201 81.850586
v -5.329665 -133.015747 81.832802
v -7.074100 -132.718735 81.968002
v -5.648786 -132.678238 82.065147
v -4.579799 -132.949600 81.941956
v -4.203672 -132.949203 81.966858
v -2.367586 -133.100433 81.685501
v -3.027462 -133.067520 82.195831
v -1.914213 -133.067520 82.412804
v -4.391735 -132.597839 82.148392
v -3.216747 -132.678238 82.294952
v -2.347774 -132.678238 82.496254
v -2.367586 -132.244492 81.606705
v -1.875772 -132.319366 81.549568
v -1.875772 -133.096802 81.549568
v -1.580689 -133.076309 82.409889
v -1.914213 -132.346100 82.464066
v -3.027462 -132.288971 82.107208
v -2.347774 -132.678238 82.496254
v -3.216747 -132.678238 82.294952
v -4.126278 -132.272705 81.893059
v -4.391735 -132.597839 82.148392
v -1.608704 -132.371185 81.322998
v -1.502098 -133.167267 81.322998
v -1.580689 -132.325745 82.426880
v -1.917587 -132.678238 82.536079
v -1.582998 -132.678253 82.516953
v -4.355187 -132.272156 81.886879
v -0.594346 -132.449753 68.875793
v -0.910346 -132.266739 71.382149
v -0.389556 -132.308151 71.593925
v -0.968841 -132.513138 73.058838
v -0.462213 -132.523529 72.977684
v -0.970189 -132.511002 73.598358
v -0.439649 -132.539124 73.509972
v -1.147803 -133.127396 73.350426
v -1.147804 -133.171295 73.623413
v -1.147803 -133.095291 73.087509
v -0.283251 -133.138657 73.254623
v -0.283252 -133.095291 72.949013
v -0.715527 -133.327393 73.018265
v -0.715527 -133.369614 73.285423
v -1.147803 -133.095291 73.087509
v -1.147803 -133.127396 73.350426
v -0.715528 -133.412064 73.554161
v -1.147804 -133.171295 73.623413
v -0.283251 -133.171295 73.484917
v -0.805492 -133.629486 76.088394
v -0.281246 -133.237106 76.277489
v -1.205426 -133.237106 76.416031
v -0.309400 -132.405533 76.120560
v -1.140407 -132.951263 71.227577
v -0.690371 -133.245178 71.333466
v -0.308287 -132.951263 71.439354
v -0.594346 -133.154312 68.875793
v -0.348036 -132.879654 68.875793
v -0.594346 -132.449753 68.875793
v -0.594346 -133.154312 68.875793
v 0.012404 -133.560760 76.376801
v -0.309400 -132.405533 76.120560
v 0.012404 -132.527084 76.250900
v -1.270182 -132.393051 76.156235
v -1.270182 -132.393051 76.156235
v -1.270182 -132.393051 76.156235
v -1.205426 -133.237106 76.416031
v -0.944117 -133.528076 78.856369
v -1.226099 -133.261337 77.246635
v -0.821995 -133.735321 77.065964
v 0.012404 -134.118225 78.877609
v 0.012404 -133.861694 76.941177
v -1.090970 -132.679794 78.887535
v -1.220450 -132.425232 77.246635
v -1.205426 -133.237106 76.416031
v -0.805492 -133.629486 76.088394
v -0.281246 -133.237106 76.277489
v 0.012404 -133.560760 76.376801
v -1.259399 -132.421356 77.014854
v -1.270182 -132.393051 76.156235
v -0.806702 -132.105301 77.072639
v -1.270182 -132.393051 76.156235
v -0.735517 -132.216232 77.589539
v 0.012404 -132.278580 77.794662
v 0.012404 -132.310715 78.877609
v 0.012404 -132.254700 76.695053
v -0.168761 -132.208344 76.437347
v -0.874276 -132.132019 76.541748
v -0.309400 -132.405533 76.120560
v -1.270182 -132.393051 76.156235
v 0.012404 -132.527084 76.250900
v 0.012404 -132.527084 76.250900
v -1.154153 -132.571777 79.716705
v 0.012404 -132.197815 79.766899
v -1.608704 -132.371185 81.322998
v 0.012404 -131.796722 81.336067
v -0.941788 -132.178223 82.548302
v -1.580689 -132.325745 82.426880
v -1.582998 -132.678253 82.516953
v -0.932935 -132.678253 82.564003
v -0.442726 -132.733658 82.711540
v 0.012404 -132.288986 82.641838
v -1.025290 -133.475220 79.716705
v -1.502098 -133.167267 81.322998
v -0.517879 -133.922379 79.783081
v -0.847144 -133.728790 81.226631
v 0.012404 -133.906128 81.418457
v -0.941788 -133.067535 82.416359
v 0.012404 -133.111694 82.547127
v -0.442726 -132.733658 82.711540
v -0.932935 -132.678253 82.564003
v -1.580689 -133.076309 82.409889
v -1.582998 -132.678253 82.516953
v -1.875772 -133.096802 81.549568
v 0.012404 -134.090424 79.786514
v -7.279314 -132.976471 81.539482
v -7.427750 -132.662109 81.547966
v -7.279313 -132.432251 81.539482
v -7.446208 -132.844833 81.398285
v -7.671814 -132.936172 81.390762
v -7.697984 -132.771637 81.550377
v -7.789415 -132.987152 81.503204
v -7.707491 -133.018921 81.643417
v -7.973287 -132.651047 81.764542
v -7.899807 -132.317230 81.640717
v -7.984167 -132.868774 81.784584
v -7.991427 -133.040817 81.797958
v -7.928032 -132.976303 81.351196
v -7.951581 -133.031387 81.470001
v -8.069410 -132.966827 81.358307
v -8.079535 -133.019897 81.451096
v -8.162444 -133.033813 81.308708
v -8.172755 -133.087845 81.403191
v -8.128216 -132.647858 81.636040
v -8.176944 -132.844421 81.635872
v -8.176064 -132.660645 81.448242
v -8.194570 -132.841644 81.454102
v -8.311772 -132.645691 81.376831
v -8.227530 -132.421661 81.386681
v -8.127116 -132.412338 81.434753
v -8.327873 -132.813354 81.379662
v -8.062750 -132.318756 81.625496
v -8.169342 -132.314911 81.691872
v -8.227530 -132.421661 81.386681
v -8.323747 -132.648468 81.680054
v -8.311772 -132.645691 81.376831
v -8.317156 -132.847992 81.679100
v -8.021675 -132.672821 81.948723
v -8.019417 -132.872345 81.942459
v -8.327873 -132.813354 81.379662
v -7.279314 -132.709808 81.981766
v -7.279313 -132.432251 81.840691
v -7.938558 -132.302597 81.818062
v -8.062750 -132.318756 81.625496
v -7.899807 -132.317230 81.640717
v -8.194570 -132.841644 81.454102
v -8.176944 -132.844421 81.635872
v -8.019417 -132.872345 81.942459
v -7.984167 -132.868774 81.784584
v -7.074100 -132.718735 81.968002
v -7.074100 -132.925201 81.850586
v -7.279314 -132.976471 81.828331
v -8.019417 -132.872345 81.942459
v -8.017591 -133.033554 81.937393
v -7.991427 -133.040817 81.797958
v -7.707491 -133.018921 81.643417
v -7.279314 -132.976471 81.539482
v -7.679315 -133.117813 81.460449
v -7.645953 -133.044678 81.334572
v -7.397944 -132.983276 81.389877
v -7.446208 -132.844833 81.398285
v -7.671814 -132.936172 81.390762
v -7.789415 -132.987152 81.503204
v -7.936253 -133.152023 81.418633
v -7.905452 -133.077515 81.288902
v -8.172755 -133.087845 81.403191
v -8.162444 -133.033813 81.308708
v -7.928032 -132.976303 81.351196
v -8.069410 -132.966827 81.358307
v -8.079535 -133.019897 81.451096
v -7.951581 -133.031387 81.470001
v -7.077861 -132.936035 81.580750
v -8.368830 -132.844864 81.783905
v -8.461892 -132.989822 81.489403
v -8.363965 -133.006088 81.781601
v -8.465886 -132.861130 81.487816
v -8.322128 -133.003586 81.520699
v -8.247092 -133.013336 81.701180
v -8.310487 -132.851059 81.527512
v -8.232514 -132.841309 81.696815
v -8.019417 -132.872345 81.942459
v -7.984167 -132.868774 81.784584
v -8.062750 -132.318756 81.625496
v -8.127116 -132.412338 81.434753
v -8.062750 -132.318756 81.625496
v -8.322128 -133.003586 81.520699
v -8.465886 -132.861130 81.487816
v -8.310487 -132.851059 81.527512
v -8.461892 -132.989822 81.489403
v -8.247092 -133.013336 81.701180
v -8.232514 -132.841309 81.696815
v -7.899807 -132.317230 81.640717
v -7.074100 -132.480637 81.850586
v -7.279313 -132.432251 81.539482
v -7.077860 -132.467255 81.580750
v -7.077861 -132.936035 81.580750
v -0.856215 -132.879654 68.875793
v -0.594346 -132.449753 68.875793
v -1.140407 -132.951263 71.227577
v -0.594346 -132.449753 68.875793
v -0.594346 -132.449753 68.505898
v -0.856215 -132.879654 68.505898
v -0.856215 -132.879654 68.875793
v -0.594346 -133.228226 68.523643
v -0.594346 -133.154312 68.875793
v -0.880275 -132.523361 67.862640
v -0.594346 -132.354248 67.868210
v -1.038260 -134.537613 67.862640
v -0.755726 -134.328827 68.173477
v -0.401764 -134.625885 68.047714
v -0.369725 -134.811218 67.910210
v -0.332474 -132.879654 68.505898
v -0.594346 -133.154312 68.875793
v -0.348036 -132.879654 68.875793
v -0.594346 -132.449753 68.505898
v -0.594346 -132.449753 68.875793
v -0.312085 -132.543259 67.862640
v -0.240959 -134.507339 68.073174
v -0.105244 -134.634674 67.862640
v -0.312085 -132.543259 67.862640
v -0.594346 -132.354248 67.868210
v -1.038260 -134.537613 67.862640
v -0.105244 -134.634674 67.862640
v -0.369725 -134.811218 67.910210
v -0.880275 -132.523361 67.862640
v -0.312085 -132.543259 67.862640
v -0.594346 -132.354248 67.868210
v 0.012404 -133.099030 83.176239
v 0.012404 -133.580765 83.166397
v -0.246199 -133.516525 83.574463
v 0.012404 -133.640717 83.473259
v 0.012404 -133.613129 83.542259
v 0.012404 -133.111694 82.547127
v -0.442726 -132.733658 82.711540
v -0.442726 -132.733658 82.711540
v 0.012404 -132.288986 82.641838
v 0.012404 -132.288986 82.641838
v -0.594346 -133.154312 68.875793
v -0.856215 -132.879654 68.875793
v 0.012404 -132.676636 83.603111
v 0.012404 -133.636566 83.628479
v -0.679655 -133.208313 83.822868
v -0.285523 -133.536453 83.667122
v 0.012404 -133.613129 83.542259
v 0.012404 -133.422791 83.322845
v -0.246199 -133.516525 83.574463
v -0.679655 -133.208313 83.822868
v 0.012404 -132.676636 83.603111
v -1.917587 -132.678238 82.536079
v -1.582998 -132.678253 82.516953
vn -0.0207 -0.7165 -0.6973
vn -0.0255 0.4064 -0.9133
vn 0.0683 0.6544 -0.7530
vn 0.0512 -0.6648 -0.7453
vn -0.1115 0.7019 -0.7035
vn -0.1555 -0.7151 -0.6815
vn 0.0472 0.9698 0.2394
vn 0.0518 0.9233 0.3806
vn -0.0312 0.8305 0.5561
vn -0.0001 -0.0580 0.9983
vn 0.0606 -0.0828 0.9947
vn -0.0238 -0.7149 -0.6988
vn -0.0640 -0.8396 0.5394
vn 0.0233 -0.9588 0.2831
vn -0.0001 -0.0581 0.9983
vn -0.0115 -0.8846 0.4663
vn 0.1045 -0.8851 0.4535
vn 0.0490 -0.7943 -0.6056
vn 0.1574 -0.8370 0.5241
vn 0.0418 -0.7795 0.6250
vn 0.0899 0.0816 0.9926
vn 0.1888 0.0760 0.9791
vn 0.2012 0.0172 0.9794
vn 0.0137 0.7476 -0.6640
vn 0.1449 0.7695 -0.6219
vn 0.3050 -0.7575 -0.5772
vn 0.0124 -0.7983 0.6022
vn 0.0300 0.7354 0.6770
vn 0.1404 0.8973 0.4186
vn 0.2012 0.0173 0.9794
vn 0.1889 0.0761 0.9791
vn -0.0079 0.9899 0.1419
vn 0.6213 0.6579 -0.4257
vn 0.7451 -0.6489 -0.1545
vn 0.1109 0.7805 0.6153
vn 0.0129 -0.0413 0.9991
vn 0.0187 -0.0621 0.9979
vn 0.0393 0.9860 0.1620
vn -0.0206 0.9945 -0.1031
vn -0.6581 0.7515 0.0467
vn 0.5405 0.8413 -0.0098
vn 0.5989 0.7992 0.0513
vn -0.6142 0.7848 0.0826
vn 0.5776 0.8144 -0.0562
vn -0.6432 0.7654 -0.0186
vn 0.9292 -0.3643 -0.0629
vn 0.9067 -0.4114 -0.0934
vn 0.9319 -0.3599 -0.0451
vn -0.9159 -0.3950 -0.0722
vn -0.9221 -0.3855 -0.0344
vn 0.0129 -0.9934 -0.1143
vn 0.0202 -0.9888 -0.1481
vn 0.9292 -0.3642 -0.0629
vn 0.0090 -0.9930 -0.1175
vn 0.9067 -0.4113 -0.0933
vn -0.9071 -0.4178 -0.0508
vn 0.0748 -0.9950 -0.0661
vn -0.5270 -0.5581 -0.6409
vn 0.9194 -0.3915 -0.0375
vn -0.5005 0.6828 -0.5322
vn -0.0000 -0.6392 -0.7690
vn -0.0000 0.2789 -0.9603
vn 0.9489 -0.3090 -0.0648
vn -0.0413 -0.9983 -0.0408
vn -0.9262 -0.3765 -0.0197
vn -0.0250 -0.9996 0.0114
vn -0.9950 -0.0997 -0.0033
vn -0.0249 -0.9996 0.0115
vn 0.7460 0.6550 -0.1201
vn 0.7460 0.6551 -0.1201
vn 0.9194 -0.3914 -0.0375
vn 0.8248 -0.5653 0.0116
vn 0.4632 -0.8745 -0.1438
vn 0.9380 -0.3454 0.0288
vn -0.0000 -0.9994 -0.0357
vn -0.0000 -0.9489 -0.3156
vn 0.8721 0.4870 0.0470
vn 0.8568 0.4909 0.1581
vn 0.2500 0.9487 0.1934
vn 0.2160 0.9709 0.1033
vn -0.0000 0.9986 0.0535
vn -0.0000 0.9997 0.0243
vn -0.0000 0.9962 -0.0874
vn -0.3488 0.8709 -0.3462
vn 0.1281 0.9719 -0.1977
vn -0.5004 0.6826 -0.5326
vn -0.0000 0.2788 -0.9604
vn 0.9046 0.4169 0.0894
vn -0.0000 0.9822 -0.1880
vn 0.8165 0.5309 -0.2269
vn 0.6213 0.6579 -0.4256
vn 0.0001 0.9997 -0.0245
vn 0.2083 0.7123 0.6703
vn 0.0188 -0.0621 0.9979
vn 0.2018 -0.1235 0.9716
vn 0.5848 -0.1700 0.7931
vn -0.0000 0.8650 0.5019
vn 0.8616 -0.4983 -0.0966
vn 0.7450 -0.6489 -0.1545
vn 0.4752 -0.8799 -0.0013
vn 0.4556 -0.8692 0.1920
vn 0.0001 -0.9450 0.3271
vn 0.1917 -0.6954 0.6926
vn -0.0000 -0.8719 0.4896
vn 0.5848 -0.1699 0.7932
vn 0.2018 -0.1236 0.9716
vn 0.0124 -0.7983 0.6021
vn 0.0187 -0.0622 0.9979
vn 0.3049 -0.7575 -0.5773
vn -0.0000 -0.9975 0.0711
vn -0.4408 -0.7146 -0.5433
vn -0.1428 0.6660 -0.7322
vn 0.0664 0.2244 -0.9722
vn -0.2909 0.4654 -0.8359
vn 0.2663 0.6342 -0.7258
vn 0.5293 0.4611 -0.7122
vn 0.7577 0.2611 0.5981
vn 0.3919 -0.9200 -0.0021
vn -0.0710 -0.1191 -0.9903
vn 0.0048 0.6478 -0.7618
vn 0.0565 -0.1729 -0.9833
vn 0.0364 -0.8601 -0.5089
vn 0.0372 0.9298 -0.3662
vn 0.1574 0.3023 0.9401
vn 0.2300 0.9586 -0.1679
vn 0.3412 0.3901 0.8552
vn 0.7614 0.1076 -0.6393
vn 0.8707 -0.4075 0.2752
vn -0.8262 -0.1853 -0.5320
vn -0.4532 -0.8363 -0.3085
vn -0.7808 -0.1605 -0.6038
vn -0.5755 -0.6788 -0.4561
vn 0.5409 0.1107 -0.8338
vn 0.3291 0.5226 -0.7865
vn -0.6583 0.4081 -0.6326
vn 0.5062 -0.4561 -0.7319
vn -0.2582 0.7436 -0.6168
vn 0.5537 0.7935 0.2526
vn -0.6583 0.4080 -0.6326
vn 0.9119 0.1643 0.3761
vn 0.7131 -0.6401 0.2860
vn 0.3472 0.1581 0.9244
vn 0.2479 -0.0155 0.9687
vn -0.0382 -0.0074 0.9992
vn -0.1313 0.8359 0.5330
vn 0.0834 0.8229 0.5620
vn -0.2582 0.7435 -0.6168
vn -0.5756 -0.6787 -0.4561
vn -0.1428 0.6659 -0.7322
vn -0.0002 -0.0580 0.9983
vn -0.1279 -0.8683 0.4793
vn 0.2478 -0.0155 0.9687
vn 0.1066 -0.6639 0.7402
vn 0.3918 -0.9201 -0.0020
vn -0.4408 -0.7146 -0.5432
vn -0.0846 -0.9894 0.1179
vn -0.2199 -0.3368 -0.9156
vn -0.5528 -0.4068 -0.7272
vn 0.2663 0.6342 -0.7259
vn 0.7577 0.2611 0.5980
vn 0.0964 -0.9590 0.2667
vn -0.0475 -0.2948 -0.9544
vn 0.8707 -0.4075 0.2753
vn 0.2299 0.9586 -0.1678
vn 0.3413 0.3901 0.8552
vn 0.1573 0.3024 0.9401
vn -0.1555 -0.7151 -0.6816
vn 0.5824 0.6226 0.5227
vn 0.5984 -0.6225 0.5044
vn 0.6294 -0.5263 -0.5717
vn 0.6350 0.5145 -0.5763
vn -0.4564 -0.6399 -0.6182
vn -0.3260 -0.8379 -0.4377
vn -0.5050 0.6148 -0.6058
vn -0.4123 0.8067 -0.4234
vn 0.0565 -0.1728 -0.9833
vn -0.2581 0.7436 -0.6168
vn 0.5537 0.7935 0.2525
vn -0.6582 0.4080 -0.6326
vn -0.2581 0.7435 -0.6169
vn 0.6350 0.5144 -0.5763
vn 0.6295 -0.5263 -0.5717
vn -0.4122 0.8067 -0.4235
vn 0.0048 0.6479 -0.7617
vn -0.1115 0.7019 -0.7034
vn -0.4407 -0.7146 -0.5432
vn 0.9936 -0.0970 -0.0580
vn -0.0205 0.9945 -0.1031
vn 0.9488 -0.3090 -0.0648
vn 0.9707 0.0618 0.2320
vn -0.0073 0.9718 0.2357
vn -0.0146 -0.5522 0.8336
vn -0.0250 -0.9996 0.0115
vn 0.7029 0.4519 -0.5492
vn -0.0227 0.8451 -0.5341
vn 0.7602 -0.5759 -0.3009
vn 0.3118 -0.3877 0.8675
vn -0.0509 -0.5387 0.8410
vn -0.1106 -0.9868 -0.1181
vn -0.9677 0.0694 0.2422
vn -0.0249 -0.9996 0.0114
vn -0.7060 0.4350 -0.5589
vn -0.4635 -0.3405 0.8181
vn -0.7877 -0.5043 -0.3540
vn -0.0226 0.8451 -0.5342
vn 0.7602 -0.5758 -0.3009
vn -0.7876 -0.5043 -0.3540
vn 0.5204 -0.8431 -0.1356
vn 0.3902 -0.3321 -0.8588
vn 0.8660 -0.3393 -0.3673
vn 0.4696 -0.8810 -0.0579
vn 0.0001 -0.9060 -0.4233
vn -0.0000 -0.2956 -0.9553
vn -0.0000 -0.9721 -0.2347
vn -0.0001 -0.9207 -0.3902
vn 0.7290 -0.6804 -0.0754
vn 0.9295 -0.3665 0.0422
vn 0.3696 -0.9278 0.0501
vn -0.0001 -0.9486 0.3164
vn -0.0000 -0.9958 -0.0920
vn 0.3630 -0.9175 -0.1626
vn 0.4282 -0.9022 -0.0520
vn -0.0000 -0.9968 -0.0794
vn -0.0000 -0.9670 0.2547
vn 0.3939 -0.8925 0.2199
vn -0.0000 -0.6636 0.7481
vn 0.7030 -0.5379 0.4653
vn 0.7993 0.2380 0.5517
vn 0.9929 0.1153 0.0301
vn 0.9537 0.0578 -0.2953
vn 0.6052 -0.4003 -0.6881
vn 0.9124 0.1030 -0.3960
vn -0.0000 -0.5389 -0.8424
vn 0.7735 0.6333 0.0229
vn -0.0000 0.9397 0.3419
vn -0.0000 0.9230 -0.3848
vn 0.8148 0.4648 -0.3465
vn -0.0000 0.9164 -0.4002
vn -0.0000 0.8650 0.5018
vn 0.0980 -0.6530 0.7510
vn -0.0000 -0.6883 -0.7254
vn -0.0000 -0.8719 0.4897
vn 0.9125 0.1029 -0.3960
vn 0.5849 -0.1700 0.7931
vn -0.0000 -0.9995 0.0322
vn -0.0000 -0.3630 0.9318
vn 0.5849 -0.1699 0.7931
vn -0.0000 0.8649 0.5019
vn 0.9124 0.1029 -0.3961
vn -0.9124 0.1030 -0.3960
vn -0.8148 0.4648 -0.3465
vn -0.0000 0.9164 -0.4003
vn -0.9537 0.0578 -0.2953
vn -0.6052 -0.4003 -0.6881
vn -0.8660 -0.3393 -0.3673
vn -0.9929 0.1153 0.0301
vn -0.9295 -0.3665 0.0422
vn -0.7290 -0.6804 -0.0754
vn -0.5204 -0.8431 -0.1356
vn -0.3901 -0.3321 -0.8588
vn -0.4696 -0.8810 -0.0579
vn -0.0001 -0.9060 -0.4233
vn 0.0001 -0.9208 -0.3901
vn -0.3696 -0.9278 0.0501
vn -0.0000 -0.9486 0.3164
vn -0.0000 -0.9958 -0.0921
vn -0.3630 -0.9175 -0.1626
vn -0.4282 -0.9022 -0.0520
vn -0.3939 -0.8925 0.2199
vn -0.7030 -0.5379 0.4653
vn -0.7994 0.2380 0.5517
vn -0.7735 0.6333 0.0229
vn -0.0000 0.9230 -0.3849
vn -0.2775 -0.6404 0.7162
vn -0.4654 -0.0145 0.8850
vn -0.7993 0.2380 0.5518
vn -0.0000 0.5765 0.8171
vn -0.0000 -0.1608 0.9870
vn -0.0000 0.5766 0.8171
vn 0.7993 0.2380 0.5518
vn -0.0001 0.9397 0.3419
vn 0.4654 -0.0144 0.8850
vn 0.2775 -0.6404 0.7162
vn -0.0000 -0.1609 0.9870
vn -0.0000 -0.9208 -0.3901
vn -0.0000 -0.9693 0.2460
vn -0.4696 -0.8810 -0.0580
vn 0.9936 -0.0970 -0.0581
vn -0.0000 -0.9997 -0.0252
vn 0.8660 -0.3392 -0.3673
vn 0.3902 -0.3322 -0.8587
vn 0.0001 -0.3630 0.9318
vn 0.0980 -0.6529 0.7510
vn -0.0000 0.2087 0.9780
vn 0.8660 -0.3393 -0.3674
vn -0.0001 -0.9997 -0.0253
vn 0.0129 -0.0414 0.9991
vn 0.0206 -0.7165 -0.6973
vn -0.0512 -0.6648 -0.7453
vn -0.0684 0.6545 -0.7530
vn 0.0255 0.4064 -0.9133
vn 0.1115 0.7020 -0.7034
vn 0.1554 -0.7151 -0.6815
vn -0.0472 0.9698 0.2394
vn -0.0518 0.9233 0.3806
vn 0.0312 0.8305 0.5561
vn 0.0001 -0.0580 0.9983
vn -0.0606 -0.0828 0.9947
vn 0.0238 -0.7149 -0.6988
vn 0.0640 -0.8396 0.5394
vn -0.0233 -0.9588 0.2831
vn 0.0002 -0.0581 0.9983
vn 0.0115 -0.8846 0.4663
vn -0.1045 -0.8851 0.4535
vn -0.0490 -0.7943 -0.6056
vn -0.1574 -0.8370 0.5241
vn -0.0418 -0.7795 0.6250
vn -0.0899 0.0816 0.9926
vn -0.1888 0.0761 0.9791
vn -0.2012 0.0172 0.9794
vn -0.0138 0.7477 -0.6639
vn -0.1449 0.7695 -0.6219
vn -0.3050 -0.7575 -0.5772
vn -0.0124 -0.7983 0.6021
vn -0.0300 0.7354 0.6770
vn -0.1404 0.8972 0.4186
vn -0.1889 0.0761 0.9790
vn 0.0079 0.9899 0.1419
vn -0.6213 0.6579 -0.4257
vn -0.7450 -0.6489 -0.1545
vn -0.1108 0.7805 0.6153
vn -0.0129 -0.0413 0.9991
vn -0.0187 -0.0621 0.9979
vn -0.0393 0.9860 0.1620
vn 0.0206 0.9945 -0.1031
vn -0.5405 0.8413 -0.0098
vn 0.6581 0.7515 0.0467
vn -0.5989 0.7992 0.0513
vn 0.6142 0.7848 0.0826
vn -0.5787 0.8139 -0.0515
vn 0.6432 0.7654 -0.0186
vn -0.9292 -0.3642 -0.0629
vn -0.9073 -0.4103 -0.0921
vn -0.9319 -0.3600 -0.0451
vn 0.9158 -0.3950 -0.0722
vn 0.9221 -0.3855 -0.0343
vn -0.0129 -0.9934 -0.1143
vn -0.0202 -0.9888 -0.1481
vn -0.9319 -0.3599 -0.0452
vn -0.0090 -0.9930 -0.1174
vn -0.9073 -0.4103 -0.0920
vn 0.9071 -0.4178 -0.0508
vn -0.0791 -0.9950 -0.0610
vn 0.5270 -0.5581 -0.6409
vn -0.9190 -0.3927 -0.0351
vn 0.4751 0.6905 -0.5455
vn -0.9489 -0.3090 -0.0648
vn 0.0413 -0.9983 -0.0408
vn 0.9262 -0.3765 -0.0197
vn 0.0250 -0.9996 0.0114
vn 0.9950 -0.0997 -0.0033
vn 0.0249 -0.9996 0.0114
vn -0.0000 -0.6392 -0.7691
vn -0.7847 0.6061 -0.1301
vn -0.9073 -0.4102 -0.0921
vn -0.9190 -0.3926 -0.0351
vn -0.8248 -0.5653 0.0116
vn -0.9359 -0.3513 0.0240
vn -0.4613 -0.8752 -0.1456
vn -0.8721 0.4870 0.0470
vn -0.8543 0.4923 0.1670
vn -0.0790 -0.9950 -0.0610
vn -0.8987 0.4321 0.0746
vn -0.2246 0.9701 0.0923
vn -0.7846 0.6061 -0.1301
vn -0.2500 0.9487 0.1934
vn 0.3489 0.8709 -0.3462
vn -0.2186 0.9527 -0.2111
vn 0.4750 0.6905 -0.5455
vn -0.7847 0.6060 -0.1302
vn -0.0000 0.2788 -0.9603
vn -0.8165 0.5309 -0.2268
vn -0.0000 0.9997 -0.0245
vn -0.2083 0.7123 0.6703
vn -0.1109 0.7805 0.6153
vn -0.2018 -0.1235 0.9716
vn -0.5848 -0.1700 0.7931
vn -0.8616 -0.4983 -0.0966
vn -0.7450 -0.6489 -0.1544
vn -0.4749 -0.8800 -0.0010
vn -0.4559 -0.8691 0.1918
vn -0.0001 -0.9450 0.3271
vn -0.1916 -0.6954 0.6926
vn -0.5849 -0.1699 0.7931
vn -0.2018 -0.1236 0.9716
vn -0.0188 -0.0622 0.9979
vn -0.3050 -0.7575 -0.5773
vn 0.4407 -0.7146 -0.5433
vn -0.0664 0.2244 -0.9722
vn 0.1427 0.6660 -0.7322
vn 0.2909 0.4655 -0.8359
vn -0.2663 0.6342 -0.7258
vn -0.5293 0.4611 -0.7122
vn -0.7577 0.2611 0.5981
vn -0.3918 -0.9200 -0.0020
vn 0.0710 -0.1191 -0.9903
vn -0.0048 0.6478 -0.7618
vn -0.0565 -0.1729 -0.9833
vn -0.0364 -0.8601 -0.5089
vn -0.0373 0.9298 -0.3662
vn -0.1574 0.3024 0.9401
vn -0.2299 0.9586 -0.1678
vn -0.3412 0.3901 0.8552
vn -0.7614 0.1076 -0.6393
vn -0.8707 -0.4075 0.2752
vn 0.8262 -0.1853 -0.5320
vn 0.4532 -0.8363 -0.3085
vn 0.7808 -0.1605 -0.6038
vn 0.5755 -0.6788 -0.4562
vn -0.5409 0.1107 -0.8338
vn -0.3291 0.5226 -0.7865
vn 0.6582 0.4081 -0.6327
vn -0.5062 -0.4561 -0.7320
vn 0.2582 0.7436 -0.6168
vn -0.5537 0.7935 0.2525
vn 0.6582 0.4080 -0.6326
vn -0.9119 0.1643 0.3761
vn -0.7131 -0.6401 0.2860
vn -0.3472 0.1581 0.9244
vn -0.2479 -0.0155 0.9687
vn 0.0382 -0.0074 0.9992
vn 0.1312 0.8359 0.5330
vn -0.0834 0.8229 0.5620
vn 0.2581 0.7436 -0.6169
vn 0.5756 -0.6787 -0.4562
vn -0.2478 -0.0155 0.9687
vn 0.1427 0.6659 -0.7322
vn 0.1279 -0.8683 0.4793
vn -0.1066 -0.6639 0.7401
vn -0.3918 -0.9201 -0.0020
vn 0.4408 -0.7146 -0.5432
vn 0.0847 -0.9894 0.1179
vn 0.2199 -0.3368 -0.9156
vn 0.5528 -0.4068 -0.7272
vn 0.2909 0.4654 -0.8359
vn -0.2663 0.6342 -0.7259
vn -0.7577 0.2612 0.5981
vn -0.0963 -0.9590 0.2667
vn 0.0475 -0.2948 -0.9544
vn -0.8707 -0.4076 0.2752
vn -0.2300 0.9586 -0.1678
vn -0.3412 0.3902 0.8552
vn -0.1573 0.3024 0.9401
vn 0.1555 -0.7151 -0.6816
vn -0.5823 0.6226 0.5228
vn -0.6295 -0.5263 -0.5717
vn -0.5983 -0.6225 0.5044
vn -0.6350 0.5145 -0.5763
vn 0.4564 -0.6399 -0.6183
vn 0.3261 -0.8379 -0.4377
vn 0.5051 0.6148 -0.6057
vn 0.4123 0.8067 -0.4235
vn 0.2581 0.7436 -0.6168
vn 0.6582 0.4081 -0.6326
vn -0.5537 0.7935 0.2526
vn 0.4564 -0.6399 -0.6182
vn -0.6294 -0.5263 -0.5717
vn 0.4123 0.8067 -0.4234
vn -0.0048 0.6479 -0.7617
vn 0.0313 0.8305 0.5561
vn 0.1428 0.6659 -0.7322
vn 0.1116 0.7020 -0.7034
vn 0.1555 -0.7151 -0.6815
vn -0.9936 -0.0970 -0.0581
vn 0.0205 0.9945 -0.1031
vn -0.9488 -0.3090 -0.0648
vn 0.0073 0.9718 0.2356
vn -0.9707 0.0618 0.2321
vn -0.9936 -0.0970 -0.0580
vn 0.0146 -0.5522 0.8336
vn -0.7029 0.4519 -0.5493
vn 0.0226 0.8451 -0.5342
vn -0.7602 -0.5759 -0.3009
vn -0.3118 -0.3877 0.8675
vn 0.0509 -0.5386 0.8410
vn 0.1106 -0.9868 -0.1181
vn 0.9677 0.0694 0.2422
vn 0.0073 0.9718 0.2357
vn 0.7060 0.4350 -0.5589
vn 0.4635 -0.3405 0.8181
vn 0.7877 -0.5043 -0.3540
vn 0.7061 0.4349 -0.5589
vn -0.7601 -0.5759 -0.3009
vn 0.7876 -0.5043 -0.3540
vn -0.7029 0.4519 -0.5492
vn -0.0980 -0.6530 0.7510
vn -0.0000 -0.5389 -0.8423
vn -0.9125 0.1029 -0.3960
vn -0.5849 -0.1700 0.7931
vn -0.9124 0.1029 -0.3961
vn -0.0000 -0.2955 -0.9553
vn -0.8660 -0.3394 -0.3674
vn -0.3902 -0.3322 -0.8587
vn -0.0000 0.2088 0.9780
vn -0.0980 -0.6529 0.7510
vn -0.0129 -0.0414 0.9991
vn -0.0187 -0.0622 0.9979
vt 0.730382 0.103619
vt 0.705649 0.144477
vt 0.906050 0.162418
vt 0.907543 0.101904
vt 0.999984 0.166941
vt 1.001061 0.095946
vt 0.733494 0.205318
vt 0.838940 0.209383
vt 0.991053 0.210366
vt 0.981648 0.252295
vt 0.840260 0.252371
vt 0.689743 0.104698
vt 0.991405 0.052870
vt 0.810174 0.064464
vt 0.981657 0.011468
vt 0.840250 0.011429
vt 0.734207 0.056759
vt 0.693123 0.056174
vt 0.518060 0.096757
vt 0.575201 0.047645
vt 0.473165 0.043970
vt 0.716055 0.011396
vt 0.597290 0.011359
vt 0.510869 0.011322
vt 0.522475 0.164896
vt 0.485011 0.157654
vt 0.479927 0.107408
vt 0.445175 0.049232
vt 0.473366 0.225391
vt 0.579352 0.211659
vt 0.510849 0.252622
vt 0.597275 0.252464
vt 0.688056 0.203710
vt 0.716059 0.252303
vt 0.459430 0.138427
vt 0.448360 0.105872
vt 0.445220 0.217118
vt 0.468555 0.252667
vt 0.435264 0.252667
vt 0.710772 0.204691
vt 0.809314 0.993189
vt 0.844593 0.748486
vt 0.799681 0.766537
vt 0.795370 0.616810
vt 0.844460 0.624653
vt 0.796731 0.566457
vt 0.846052 0.573862
vt 0.737687 0.589384
vt 0.737679 0.566887
vt 0.737691 0.611583
vt 0.903594 0.595045
vt 0.902086 0.622902
vt 0.947494 0.615460
vt 0.947980 0.591500
vt 0.993009 0.611673
vt 0.993010 0.589483
vt 0.948583 0.568105
vt 0.993012 0.566905
vt 0.904969 0.574145
vt 0.939443 0.344499
vt 0.898532 0.361084
vt 0.993076 0.320695
vt 0.854260 0.365264
vt 0.915162 0.347050
vt 0.854851 0.350073
vt 0.993004 0.780156
vt 0.944441 0.769131
vt 0.900724 0.759988
vt 0.936461 0.995025
vt 0.880074 0.997653
vt 0.789589 0.353336
vt 0.737576 0.320774
vt 0.459999 0.699940
vt 0.421847 0.911548
vt 0.493482 0.874305
vt 0.334346 0.703269
vt 0.334346 0.906337
vt 0.574509 0.696105
vt 0.570429 0.874521
vt 0.490508 0.948126
vt 0.334346 0.965522
vt 0.365140 0.975937
vt 0.420117 0.965795
vt 0.650541 0.838561
vt 0.643075 0.892767
vt 0.726515 0.817051
vt 0.726515 0.703484
vt 0.726515 0.932364
vt 0.709975 0.959389
vt 0.635989 0.948441
vt 0.695226 0.983366
vt 0.579503 0.979625
vt 0.726515 0.978941
vt 0.572418 0.925007
vt 0.726515 0.610225
vt 0.575486 0.609180
vt 0.574131 0.447552
vt 0.726515 0.445670
vt 0.628909 0.318546
vt 0.561909 0.331279
vt 0.561667 0.289065
vt 0.629838 0.284131
vt 0.681244 0.268659
vt 0.726515 0.308737
vt 0.465542 0.609718
vt 0.497836 0.448231
vt 0.389955 0.608312
vt 0.424485 0.456931
vt 0.334346 0.436815
vt 0.434410 0.332167
vt 0.334346 0.318454
vt 0.382074 0.269755
vt 0.433481 0.285227
vt 0.501409 0.332846
vt 0.501652 0.290161
vt 0.532354 0.423067
vt 0.334346 0.607952
vt 0.079805 0.232283
vt 0.164710 0.210607
vt 0.122523 0.194649
vt 0.082536 0.195321
vt 0.065738 0.163787
vt 0.098907 0.148763
vt 0.061632 0.142152
vt 0.067395 0.121429
vt 0.123677 0.114515
vt 0.175785 0.114562
vt 0.094627 0.115280
vt 0.071940 0.113520
vt 0.035702 0.148111
vt 0.041923 0.132093
vt 0.020229 0.138299
vt 0.026355 0.125859
vt 0.005702 0.131286
vt 0.011940 0.118620
vt 0.124248 0.087244
vt 0.097369 0.085301
vt 0.124231 0.055219
vt 0.098622 0.055224
vt 0.124118 0.033753
vt 0.158367 0.040381
vt 0.164154 0.054336
vt 0.099739 0.035139
vt 0.171577 0.088395
vt 0.192231 0.080816
vt 0.172887 0.036601
vt 0.229659 0.051083
vt 0.207206 0.014433
vt 0.253565 0.037615
vt 0.259273 0.099604
vt 0.295568 0.088781
vt 0.225257 0.005464
vt 0.257519 0.214069
vt 0.210893 0.208562
vt 0.203087 0.112287
vt 0.256732 0.004405
vt 0.275505 0.029551
vt 0.296663 0.056271
vt 0.254448 0.243670
vt 0.287294 0.248875
vt 0.299549 0.220380
vt 0.323300 0.104611
vt 0.343328 0.116239
vt 0.349575 0.166371
vt 0.341191 0.234380
vt 0.379236 0.180734
vt 0.393815 0.198439
vt 0.369935 0.227020
vt 0.383913 0.245331
vt 0.408148 0.211617
vt 0.372524 0.153454
vt 0.406401 0.154959
vt 0.418570 0.170953
vt 0.432503 0.130104
vt 0.445823 0.142555
vt 0.433494 0.180403
vt 0.448844 0.163198
vt 0.412154 0.127150
vt 0.395815 0.139939
vt 0.325332 0.261049
vt 0.344700 0.051550
vt 0.359289 0.070966
vt 0.389947 0.045029
vt 0.374202 0.026325
vt 0.391323 0.064504
vt 0.369359 0.086828
vt 0.352694 0.023153
vt 0.330809 0.036634
vt 0.068269 0.054545
vt 0.088448 0.054365
vt 0.085147 0.033440
vt 0.068311 0.035581
vt 0.069129 0.082960
vt 0.091835 0.081384
vt 0.214759 0.239928
vt 0.170727 0.242683
vt 0.094294 0.262400
vt 0.737783 0.987757
vt 0.737708 0.780107
vt 0.274783 0.263290
vt 0.251897 0.284556
vt 0.265085 0.304716
vt 0.290410 0.280108
vt 0.230808 0.322133
vt 0.234686 0.293532
vt 0.317161 0.315098
vt 0.326877 0.296848
vt 0.247112 0.446506
vt 0.230894 0.421947
vt 0.204488 0.436013
vt 0.200804 0.450038
vt 0.202857 0.296193
vt 0.220949 0.280878
vt 0.186739 0.265822
vt 0.206200 0.254811
vt 0.152216 0.291162
vt 0.194174 0.426648
vt 0.177297 0.438725
vt 0.148125 0.271043
vt 0.109679 0.437051
vt 0.158639 0.453515
vt 0.110675 0.292890
vt 0.130164 0.279394
vt 0.048936 0.787641
vt 0.037433 0.823986
vt 0.095670 0.805101
vt 0.018334 0.795488
vt 0.001309 0.823986
vt 0.001309 0.828672
vt 0.001309 0.805245
vt 0.001309 0.793266
vt 0.072476 0.756292
vt 0.104842 0.722758
vt 0.009703 0.762035
vt 0.001309 0.770446
vt 0.001309 0.745864
vt 0.041600 0.754625
vt 0.045013 0.731461
vt 0.001309 0.728107
vt 0.001309 0.706350
vt 0.045012 0.704329
vt 0.000634 0.640415
vt 0.080537 0.664700
vt 0.172489 0.654188
vt 0.168984 0.731210
vt 0.146949 0.810560
vt 0.044855 0.876465
vt 0.134665 0.883862
vt 0.053879 0.921862
vt 0.230813 0.753236
vt 0.327296 0.709405
vt 0.289853 0.844016
vt 0.198004 0.819694
vt 0.222406 0.906637
vt 0.208321 0.985394
vt 0.032665 0.835220
vt 0.001309 0.884699
vt 0.068912 0.997425
vt 0.136690 0.961832
vt 0.001309 0.847491
vt 0.001309 0.839125
vt 0.041894 0.649915
vt 0.070649 0.583980
vt 0.103642 0.580263
vt 0.049090 0.502723
vt 0.103028 0.449168
vt 0.013527 0.576938
vt 0.001309 0.788851
vt 0.992969 0.987765
vt 0.232379 0.916718
vt 0.282941 0.969753
vt 0.311768 0.908112
vt 0.306313 0.933309
vt 0.220304 0.994415
vt 0.243005 0.989735
vt 0.222758 0.978624
vt 0.468563 0.011307
vt 0.435273 0.011298
s 1
usemtl enemy_tonnel
f 1/1/1 2/2/2 3/3/3
f 1/1/1 3/3/3 4/4/4
f 4/4/4 3/3/3 5/5/5
f 4/4/4 5/5/5 6/6/6
f 3/3/3 2/2/2 7/7/7
f 3/3/3 7/7/7 8/8/8
f 5/5/5 3/3/3 8/8/8
f 5/5/5 8/8/8 9/9/9
f 10/10/10 9/9/9 8/8/8
f 10/10/10 8/8/8 11/11/11
f 11/11/11 8/8/8 7/7/7
f 1/1/1 12/12/12 2/2/2
f 4/4/4 6/6/6 13/13/13
f 14/14/14 4/4/4 13/13/13
f 1/1/1 4/4/4 14/14/14
f 14/14/14 13/13/13 15/15/15
f 14/14/14 15/15/15 16/16/11
f 16/16/11 17/17/16 14/14/14
f 1/1/1 14/14/14 17/17/16
f 18/18/17 12/12/12 1/1/1
f 18/18/17 1/1/1 17/17/16
f 18/18/17 19/19/18 12/12/12
f 18/18/17 20/20/19 19/19/18
f 20/20/19 21/21/20 19/19/18
f 22/22/21 20/20/19 18/18/17
f 16/16/11 22/22/21 17/17/16
f 18/18/17 17/17/16 22/22/21
f 22/22/21 23/23/22 20/20/19
f 24/24/23 21/21/20 20/20/19
f 24/24/23 20/20/19 23/23/22
f 25/25/24 12/12/12 19/19/18
f 26/26/25 25/25/24 19/19/18
f 26/26/25 19/19/18 27/27/26
f 19/19/18 21/21/20 27/27/26
f 21/21/20 28/28/27 27/27/26
f 29/29/28 25/25/24 26/26/25
f 29/29/28 30/30/29 25/25/24
f 30/30/29 29/29/28 31/31/30
f 30/30/29 31/31/30 32/32/31
f 33/33/32 30/30/29 32/32/31
f 33/33/32 32/32/31 34/34/21
f 27/27/26 35/35/33 26/26/25
f 27/27/26 36/36/34 35/35/33
f 35/35/33 37/37/35 26/26/25
f 37/37/35 29/29/28 26/26/25
f 37/37/35 38/38/36 29/29/28
f 31/31/30 29/29/28 38/38/36
f 37/37/35 39/39/37 38/38/36
f 30/30/29 33/33/32 2/2/2
f 30/30/29 2/2/2 25/25/24
f 25/25/24 2/2/2 12/12/12
f 2/2/2 33/33/32 40/40/38
f 40/40/38 33/33/32 34/34/21
f 7/7/7 40/40/38 34/34/21
f 7/7/7 2/2/2 40/40/38
f 11/11/11 7/7/7 34/34/21
f 41/41/39 42/42/40 43/43/41
f 42/42/40 44/44/42 43/43/41
f 42/42/40 45/45/43 44/44/42
f 45/45/43 46/46/44 44/44/42
f 45/45/43 47/47/45 46/46/44
f 48/48/46 44/44/42 46/46/44
f 49/49/47 48/48/46 46/46/44
f 48/48/46 50/50/48 44/44/42
f 43/43/41 44/44/42 50/50/48
f 51/51/49 47/47/45 45/45/43
f 52/52/50 51/51/49 45/45/43
f 52/52/50 45/45/43 42/42/40
f 51/51/49 52/52/50 53/53/51
f 51/51/49 53/53/51 54/54/52
f 54/54/52 53/53/51 55/55/48
f 54/54/52 55/55/48 56/56/53
f 57/57/54 54/54/52 56/56/53
f 57/57/54 56/56/53 58/58/55
f 59/59/56 51/51/49 54/54/52
f 59/59/56 54/54/52 57/57/54
f 51/51/49 59/59/56 47/47/45
f 59/59/56 57/57/54 60/60/57
f 60/60/57 57/57/54 58/58/55
f 59/59/56 60/60/57 61/61/58
f 47/47/45 59/59/56 61/61/58
f 60/60/57 58/58/55 62/62/59
f 47/47/45 61/61/58 63/63/60
f 64/64/61 63/63/60 61/61/58
f 64/64/61 65/65/62 63/63/60
f 53/53/51 66/66/63 55/55/48
f 53/53/51 67/67/64 66/66/63
f 53/53/51 52/52/50 68/68/65
f 53/53/51 68/68/65 67/67/64
f 69/69/66 66/66/63 67/67/64
f 68/68/65 69/69/66 67/67/64
f 52/52/50 42/42/40 68/68/65
f 42/42/40 70/70/67 68/68/65
f 42/42/40 71/41/39 70/70/67
f 68/68/65 70/70/67 72/69/68
f 63/63/60 73/71/69 46/46/44
f 63/63/60 46/46/44 47/47/45
f 74/71/69 49/49/47 46/46/44
f 75/71/70 76/72/71 49/49/55
f 77/73/72 78/74/73 79/75/74
f 77/73/72 80/76/75 78/74/73
f 80/76/75 81/77/76 78/74/73
f 79/75/74 82/78/77 77/73/72
f 79/75/74 83/79/78 82/78/77
f 79/75/74 78/74/73 84/80/59
f 78/74/73 81/77/76 85/81/61
f 78/74/73 85/81/61 86/82/58
f 86/82/58 87/83/57 78/74/73
f 78/74/73 87/83/57 84/80/59
f 82/78/77 83/79/78 88/84/79
f 89/85/80 88/84/79 83/79/78
f 89/85/80 90/86/81 88/84/79
f 91/87/82 88/84/79 90/86/81
f 91/87/82 82/78/77 88/84/79
f 92/88/83 90/86/81 89/85/80
f 92/88/83 89/85/80 93/89/84
f 89/85/80 94/90/85 93/89/84
f 93/89/84 94/90/85 95/91/86
f 94/90/85 89/85/80 96/92/70
f 97/93/62 92/88/83 93/89/84
f 98/93/87 93/89/84 95/91/86
f 89/85/80 83/79/78 99/94/88
f 89/85/80 99/94/88 96/92/70
f 99/94/88 83/79/78 79/75/74
f 99/94/88 79/75/74 84/80/59
f 100/92/70 99/94/88 84/80/59
f 94/90/85 101/92/70 95/91/86
f 91/87/82 102/95/89 103/96/90
f 91/87/82 103/96/90 82/78/77
f 102/95/89 104/97/91 103/96/90
f 102/95/89 105/98/92 104/97/91
f 105/98/92 106/99/93 104/97/91
f 107/100/35 104/97/91 106/99/93
f 106/99/93 108/101/94 107/100/35
f 106/99/93 109/102/95 108/101/94
f 110/103/96 109/102/95 106/99/93
f 106/99/93 111/104/97 110/103/96
f 105/98/92 111/104/97 106/99/93
f 77/73/72 82/78/77 103/96/90
f 77/73/72 103/96/90 112/105/98
f 113/106/99 112/105/98 103/96/90
f 113/106/99 103/96/90 104/97/91
f 113/106/99 114/107/100 112/105/98
f 77/73/72 112/105/98 114/107/100
f 113/106/99 115/108/101 114/107/100
f 115/108/101 116/109/102 114/107/100
f 116/109/102 115/108/101 117/110/103
f 117/110/103 115/108/101 113/106/99
f 116/109/102 117/110/103 118/111/104
f 117/110/103 119/112/105 118/111/104
f 117/110/103 120/113/106 119/112/105
f 120/113/106 117/110/103 121/114/107
f 120/113/106 121/114/107 122/115/108
f 77/73/72 114/107/100 80/76/75
f 117/110/103 113/106/99 123/116/109
f 117/110/103 123/116/109 121/114/107
f 80/76/75 114/107/100 124/117/110
f 114/107/100 116/109/102 124/117/110
f 125/118/111 126/119/112 127/120/113
f 128/121/114 125/118/111 127/120/113
f 127/120/113 129/122/115 128/121/114
f 127/120/113 130/123/116 129/122/115
f 129/122/115 130/123/116 131/124/117
f 130/123/116 132/125/118 131/124/117
f 133/126/119 130/123/116 127/120/113
f 127/120/113 134/127/120 133/126/119
f 130/123/116 133/126/119 135/128/121
f 130/123/116 135/128/121 132/125/118
f 135/128/121 136/129/122 132/125/118
f 137/130/123 129/122/115 131/124/117
f 137/130/123 131/124/117 138/131/124
f 139/132/125 137/130/123 138/131/124
f 139/132/125 138/131/124 140/133/126
f 141/134/127 139/132/125 140/133/126
f 141/134/127 140/133/126 142/135/128
f 135/128/121 133/126/119 143/136/129
f 135/128/121 143/136/129 144/137/130
f 144/137/130 143/136/129 145/138/131
f 144/137/130 145/138/131 146/139/132
f 145/138/131 147/140/133 146/139/132
f 148/141/134 147/140/133 145/138/131
f 149/142/135 148/141/134 145/138/131
f 143/136/129 149/142/135 145/138/131
f 147/140/133 150/143/136 146/139/132
f 143/136/129 151/144/137 149/142/135
f 152/145/138 153/146/134 149/142/139
f 154/147/140 153/146/134 152/145/138
f 154/147/140 155/148/133 153/146/134
f 156/149/141 155/148/133 154/147/140
f 157/150/142 156/149/141 154/147/140
f 154/147/140 152/145/138 157/150/142
f 157/150/142 158/151/143 156/149/141
f 156/149/141 159/152/136 155/148/133
f 158/151/143 157/150/142 160/153/144
f 157/150/142 161/154/145 160/153/144
f 157/150/142 162/155/146 161/154/145
f 152/145/138 162/155/146 157/150/142
f 162/155/146 152/145/138 163/144/147
f 164/127/120 162/155/146 163/144/147
f 161/154/145 162/155/146 164/127/120
f 156/149/141 165/156/148 159/152/136
f 156/149/141 166/157/130 165/156/148
f 167/151/143 166/157/130 156/149/141
f 167/151/143 168/158/121 166/157/130
f 126/119/149 161/154/145 164/127/120
f 161/154/145 169/159/150 160/153/144
f 170/160/13 160/153/144 169/159/150
f 170/160/13 171/161/151 160/153/144
f 172/151/152 160/153/144 171/161/151
f 173/162/153 172/151/152 171/161/151
f 171/161/151 174/163/122 173/162/153
f 171/161/151 175/164/154 174/163/122
f 171/161/151 176/165/155 175/164/154
f 170/160/13 176/165/155 171/161/151
f 177/166/156 175/164/154 176/165/155
f 176/165/155 178/167/157 177/166/156
f 176/165/155 179/168/158 178/167/157
f 180/169/114 179/168/158 176/165/155
f 178/167/157 179/168/158 180/169/114
f 178/167/157 180/169/114 181/170/159
f 177/166/156 182/171/160 175/164/154
f 178/167/157 183/172/161 177/166/156
f 178/167/157 184/173/162 183/172/161
f 181/170/159 184/173/162 178/167/157
f 184/173/162 185/174/163 183/172/161
f 184/173/162 186/175/127 185/174/163
f 181/170/159 187/176/123 184/173/162
f 187/176/123 186/175/127 184/173/162
f 187/176/123 188/177/164 186/175/127
f 189/178/165 183/172/161 185/174/163
f 189/178/165 190/179/166 183/172/161
f 190/179/166 182/171/160 177/166/156
f 190/179/166 177/166/156 183/172/161
f 170/160/13 191/180/167 176/165/155
f 192/181/168 193/182/169 194/183/170
f 192/181/168 194/183/170 195/184/171
f 172/151/152 193/182/169 192/181/168
f 172/151/152 173/162/153 193/182/169
f 193/182/169 196/185/172 194/183/170
f 193/182/169 197/186/173 196/185/172
f 173/162/153 197/186/173 193/182/169
f 173/162/153 174/163/122 197/186/173
f 192/181/168 195/184/171 198/187/174
f 192/181/168 198/187/174 199/188/175
f 200/151/143 192/181/168 199/188/175
f 200/151/143 199/188/175 201/158/176
f 202/144/177 152/145/178 203/142/179
f 133/126/119 134/127/120 151/144/180
f 133/126/119 204/144/137 143/136/129
f 205/189/172 206/190/174 207/191/181
f 205/189/172 207/191/181 208/192/182
f 209/193/173 206/190/174 205/189/172
f 209/193/173 210/194/183 206/190/174
f 135/128/121 210/194/183 209/193/173
f 136/129/122 135/128/121 209/193/173
f 126/119/112 211/127/184 127/120/113
f 161/154/145 212/195/9 169/159/150
f 213/119/112 212/195/9 161/154/145
f 213/119/112 214/196/185 212/195/9
f 215/197/6 214/196/185 213/119/112
f 215/197/6 213/119/112 125/118/186
f 216/198/187 217/41/188 43/43/41
f 216/198/187 43/43/41 218/199/189
f 218/199/189 43/43/41 50/50/48
f 219/200/188 220/201/187 221/202/190
f 219/200/188 221/202/190 222/203/191
f 220/201/187 223/204/192 221/202/190
f 220/201/187 224/205/193 223/204/192
f 221/202/190 225/206/194 222/203/191
f 222/203/191 225/206/194 226/207/195
f 221/202/190 227/208/196 225/206/194
f 221/202/190 223/204/192 228/209/197
f 221/202/190 228/209/197 227/208/196
f 229/210/198 227/208/196 228/209/197
f 223/204/192 229/210/198 228/209/197
f 229/210/198 230/211/199 227/208/196
f 223/204/192 231/212/200 229/210/198
f 232/205/201 231/212/200 223/204/192
f 232/205/201 233/213/67 231/212/200
f 233/213/67 234/214/191 231/212/200
f 233/213/67 235/215/39 234/214/191
f 234/214/191 236/216/202 231/212/200
f 231/212/200 237/217/203 229/210/198
f 237/217/203 231/212/200 238/218/204
f 229/210/198 237/217/203 238/218/204
f 229/210/198 238/218/204 230/211/199
f 231/212/200 236/216/202 238/218/204
f 234/214/191 239/219/205 240/216/202
f 241/220/206 242/221/199 243/218/207
f 244/222/194 241/220/206 243/218/207
f 244/222/194 243/218/207 245/216/202
f 246/223/205 244/222/194 245/216/202
f 247/224/208 248/225/209 249/226/210
f 247/224/208 250/227/211 248/225/209
f 250/227/211 251/228/212 248/225/209
f 252/229/213 248/225/209 251/228/212
f 251/228/212 250/227/211 253/230/214
f 253/230/214 250/227/211 254/231/215
f 249/226/210 255/232/216 247/224/208
f 249/226/210 256/233/217 255/232/216
f 250/227/211 247/224/208 257/234/218
f 258/235/219 250/227/211 257/234/218
f 258/235/219 257/234/218 259/236/220
f 247/224/208 260/237/221 257/234/218
f 247/224/208 255/232/216 260/237/221
f 261/238/222 259/236/220 257/234/218
f 257/234/218 260/237/221 261/238/222
f 260/237/221 255/232/216 261/238/222
f 255/232/216 256/233/217 261/238/222
f 259/236/220 261/238/222 262/239/223
f 262/239/223 261/238/222 263/240/224
f 261/238/222 264/241/225 263/240/224
f 256/233/217 264/241/225 261/238/222
f 263/240/224 264/241/225 265/242/226
f 266/243/227 264/241/225 256/233/217
f 266/243/227 256/233/217 267/244/228
f 256/233/217 268/245/229 267/244/228
f 249/226/210 268/245/229 256/233/217
f 249/226/210 269/246/230 268/245/229
f 270/247/231 269/246/230 249/226/210
f 270/247/231 271/248/232 269/246/230
f 270/247/231 272/249/233 271/248/232
f 268/245/229 273/250/234 267/244/228
f 269/246/230 273/250/234 268/245/229
f 274/251/235 267/244/228 273/250/234
f 274/251/235 273/250/234 275/252/236
f 275/252/236 273/250/234 276/253/237
f 271/248/232 276/253/237 269/246/230
f 269/246/230 276/253/237 273/250/234
f 275/252/236 276/253/237 277/254/238
f 271/248/232 278/254/238 276/253/237
f 279/255/239 278/254/238 271/248/232
f 270/247/231 249/226/210 280/256/240
f 281/257/241 270/247/231 280/256/240
f 270/247/231 281/257/241 282/249/233
f 282/249/233 283/258/242 271/248/243
f 283/258/242 284/259/244 271/248/243
f 285/260/245 281/257/241 280/256/240
f 286/261/246 285/260/245 280/256/240
f 287/259/247 288/255/248 271/248/249
f 289/248/250 290/253/251 278/254/252
f 289/248/250 291/246/253 290/253/251
f 292/247/254 291/246/253 289/248/250
f 292/247/254 289/248/250 293/249/233
f 292/247/254 294/226/255 291/246/253
f 294/226/255 295/245/256 291/246/253
f 294/226/255 296/233/257 295/245/256
f 294/226/255 297/232/258 296/233/257
f 294/226/255 298/224/259 297/232/258
f 298/224/259 294/226/255 299/225/260
f 298/224/259 299/225/260 300/227/261
f 300/227/261 299/225/260 301/228/262
f 302/229/213 301/228/262 299/225/260
f 301/228/262 303/230/214 300/227/261
f 303/230/214 304/231/263 300/227/261
f 300/227/261 305/234/264 298/224/259
f 306/235/265 305/234/264 300/227/261
f 306/235/265 307/236/266 305/234/264
f 298/224/259 305/234/264 308/237/267
f 298/224/259 308/237/267 297/232/258
f 309/238/268 305/234/264 307/236/266
f 305/234/264 309/238/268 308/237/267
f 308/237/267 309/238/268 297/232/258
f 297/232/258 309/238/268 296/233/257
f 307/236/266 310/239/223 309/238/268
f 310/239/223 311/240/224 309/238/268
f 309/238/268 311/240/224 312/241/269
f 296/233/257 309/238/268 312/241/269
f 313/243/270 296/233/257 312/241/269
f 313/243/270 314/244/271 296/233/257
f 296/233/257 314/244/271 295/245/256
f 295/245/256 314/244/271 315/250/272
f 316/251/235 315/250/272 314/244/271
f 316/251/235 317/252/273 315/250/272
f 317/252/273 290/253/251 315/250/272
f 317/252/273 318/254/252 290/253/251
f 291/246/253 295/245/256 315/250/272
f 291/246/253 315/250/272 290/253/251
f 313/243/270 312/241/269 319/262/274
f 319/262/274 320/263/275 313/243/270
f 313/243/270 320/263/275 321/264/276
f 321/264/276 320/263/275 322/265/277
f 322/265/277 323/266/235 321/264/276
f 319/262/274 312/241/269 324/242/226
f 320/263/275 319/262/274 324/242/226
f 311/240/224 324/242/226 312/241/269
f 320/263/275 324/242/226 325/267/278
f 326/265/279 320/263/275 325/267/278
f 327/265/277 328/264/280 323/266/281
f 328/264/280 327/265/277 329/263/282
f 266/243/227 328/264/280 329/263/282
f 330/262/283 266/243/227 329/263/282
f 266/243/227 330/262/283 264/241/225
f 330/262/283 265/242/226 264/241/225
f 329/263/282 265/242/226 330/262/283
f 329/263/282 331/267/284 265/242/226
f 332/265/279 331/267/284 329/263/282
f 333/231/285 250/227/211 334/268/286
f 250/227/211 335/235/265 334/268/286
f 333/231/285 334/268/286 300/227/287
f 300/227/287 334/268/286 335/235/265
f 336/69/66 337/269/288 66/66/189
f 338/270/289 339/271/290 340/272/213
f 339/271/290 341/273/291 340/272/213
f 342/274/292 343/275/293 344/276/294
f 343/275/293 345/271/295 344/276/294
f 346/270/296 344/276/294 345/271/295
f 347/277/297 348/278/37 21/21/20
f 24/24/23 347/277/297 21/21/20
f 348/278/37 28/28/27 21/21/20
f 349/1/298 350/4/299 351/3/300
f 349/1/298 351/3/300 352/2/301
f 350/4/299 353/5/302 351/3/300
f 350/4/299 354/6/303 353/5/302
f 351/3/300 355/7/304 352/2/301
f 351/3/300 356/8/305 355/7/304
f 353/5/302 356/8/305 351/3/300
f 353/5/302 357/9/306 356/8/305
f 358/10/307 356/8/305 357/9/306
f 358/10/307 359/11/308 356/8/305
f 359/11/308 355/7/304 356/8/305
f 349/1/298 352/2/301 360/12/309
f 350/4/299 361/13/310 354/6/303
f 362/14/311 361/13/310 350/4/299
f 349/1/298 362/14/311 350/4/299
f 362/14/311 363/15/312 361/13/310
f 362/14/311 364/16/308 363/15/312
f 364/16/308 362/14/311 365/17/313
f 349/1/298 365/17/313 362/14/311
f 366/18/314 365/17/313 349/1/298
f 366/18/314 349/1/298 360/12/309
f 366/18/314 360/12/309 367/19/315
f 366/18/314 367/19/315 368/20/316
f 368/20/316 367/19/315 369/21/317
f 370/22/318 366/18/314 368/20/316
f 364/16/308 365/17/313 370/22/318
f 366/18/314 370/22/318 365/17/313
f 370/22/318 368/20/316 371/23/319
f 372/24/320 368/20/316 369/21/317
f 372/24/320 371/23/319 368/20/316
f 373/25/321 367/19/315 360/12/309
f 374/26/322 367/19/315 373/25/321
f 374/26/322 375/27/323 367/19/315
f 367/19/315 375/27/323 369/21/317
f 369/21/317 375/27/323 376/28/324
f 377/29/325 374/26/322 373/25/321
f 377/29/325 373/25/321 378/30/326
f 378/30/326 379/31/320 377/29/325
f 378/30/326 380/32/327 379/31/320
f 381/33/328 380/32/327 378/30/326
f 381/33/328 382/34/318 380/32/327
f 375/27/323 374/26/322 383/35/329
f 375/27/323 383/35/329 384/36/330
f 383/35/329 374/26/322 385/37/331
f 385/37/331 374/26/322 377/29/325
f 385/37/331 377/29/325 386/38/332
f 379/31/320 386/38/332 377/29/325
f 385/37/331 386/38/332 387/39/333
f 378/30/326 352/2/301 381/33/328
f 378/30/326 373/25/321 352/2/301
f 373/25/321 360/12/309 352/2/301
f 352/2/301 388/40/334 381/33/328
f 388/40/334 382/34/318 381/33/328
f 355/7/304 382/34/318 388/40/334
f 355/7/304 388/40/334 352/2/301
f 359/11/308 382/34/318 355/7/304
f 389/41/335 390/43/336 391/42/337
f 391/42/337 390/43/336 392/44/338
f 391/42/337 392/44/338 393/45/339
f 393/45/339 392/44/338 394/46/340
f 393/45/339 394/46/340 395/47/341
f 396/48/342 394/46/340 392/44/338
f 397/49/343 394/46/340 396/48/342
f 396/48/342 392/44/338 398/50/344
f 390/43/336 398/50/344 392/44/338
f 399/51/345 393/45/339 395/47/341
f 400/52/346 393/45/339 399/51/345
f 400/52/346 391/42/337 393/45/339
f 399/51/345 401/53/347 400/52/346
f 399/51/345 402/54/348 401/53/347
f 402/54/348 403/55/349 401/53/347
f 402/54/348 404/56/342 403/55/349
f 405/57/350 404/56/342 402/54/348
f 405/57/350 406/58/351 404/56/342
f 407/59/352 405/57/350 402/54/348
f 407/59/352 402/54/348 399/51/345
f 399/51/345 395/47/341 407/59/352
f 407/59/352 408/60/353 405/57/350
f 408/60/353 406/58/351 405/57/350
f 407/59/352 409/61/354 408/60/353
f 395/47/341 409/61/354 407/59/352
f 408/60/353 410/62/355 406/58/351
f 395/47/341 411/63/356 409/61/354
f 401/53/347 403/55/349 412/66/357
f 401/53/347 412/66/357 413/67/358
f 401/53/347 414/68/359 400/52/346
f 401/53/347 413/67/358 414/68/359
f 415/69/360 413/67/358 412/66/357
f 414/68/359 413/67/358 415/69/360
f 400/52/346 414/68/359 391/42/337
f 391/42/337 414/68/359 416/70/361
f 391/42/337 416/70/361 417/41/335
f 414/68/359 418/69/362 416/70/361
f 419/64/363 409/61/354 420/63/356
f 419/64/363 420/63/356 421/65/62
f 411/63/356 394/46/340 422/71/364
f 411/63/356 395/47/341 394/46/340
f 423/71/364 394/46/340 397/49/343
f 424/71/364 397/49/365 425/72/366
f 426/73/367 427/75/368 428/74/369
f 426/73/367 428/74/369 429/76/75
f 429/76/75 428/74/369 430/77/76
f 427/75/368 426/73/367 431/78/370
f 427/75/368 431/78/370 432/79/371
f 428/74/369 427/75/368 433/80/355
f 428/74/369 433/80/355 434/83/372
f 435/82/354 428/74/369 434/83/372
f 428/74/369 436/81/61 430/77/76
f 428/74/369 435/82/354 436/81/61
f 437/94/373 433/80/355 427/75/368
f 437/94/373 427/75/368 432/79/371
f 438/92/364 433/80/355 437/94/373
f 439/85/374 437/94/373 432/79/371
f 437/94/373 439/85/374 440/92/375
f 439/85/374 432/79/371 441/84/376
f 431/78/370 441/84/376 432/79/371
f 439/85/374 441/84/376 442/86/81
f 443/87/82 442/86/81 441/84/376
f 443/87/82 441/84/376 431/78/370
f 444/88/83 439/85/374 442/86/81
f 444/88/83 445/89/377 439/85/374
f 439/85/374 445/89/377 446/90/378
f 439/85/374 446/90/378 440/92/375
f 446/90/378 445/89/377 447/91/379
f 448/92/380 446/90/378 447/91/379
f 449/93/381 445/89/377 444/88/83
f 450/93/62 447/91/379 445/89/377
f 443/87/82 431/78/370 451/96/382
f 443/87/82 451/96/382 452/95/89
f 452/95/89 451/96/382 453/97/329
f 452/95/89 453/97/329 454/98/383
f 454/98/383 453/97/329 455/99/384
f 456/100/385 455/99/384 453/97/329
f 455/99/384 456/100/385 457/101/333
f 455/99/384 457/101/333 458/102/386
f 459/103/387 455/99/384 458/102/386
f 455/99/384 459/103/387 460/104/97
f 454/98/383 455/99/384 460/104/97
f 426/73/367 451/96/382 431/78/370
f 426/73/367 461/105/388 451/96/382
f 462/106/389 453/97/329 451/96/382
f 462/106/389 451/96/382 461/105/388
f 462/106/389 461/105/388 463/107/390
f 426/73/367 463/107/390 461/105/388
f 462/106/389 463/107/390 464/108/391
f 464/108/391 463/107/390 465/109/392
f 465/109/392 466/110/393 464/108/391
f 466/110/393 462/106/389 464/108/391
f 465/109/392 467/111/104 466/110/393
f 466/110/393 467/111/104 468/112/394
f 466/110/393 468/112/394 469/113/395
f 469/113/395 470/114/324 466/110/393
f 469/113/395 471/115/396 470/114/324
f 426/73/367 429/76/75 463/107/390
f 466/110/393 472/116/397 462/106/389
f 466/110/393 470/114/324 472/116/397
f 429/76/75 473/117/110 463/107/390
f 463/107/390 473/117/110 465/109/392
f 474/118/398 475/120/399 476/119/400
f 477/121/401 475/120/399 474/118/398
f 475/120/399 477/121/401 478/122/402
f 475/120/399 478/122/402 479/123/403
f 478/122/402 480/124/404 479/123/403
f 479/123/403 480/124/404 481/125/405
f 482/126/406 475/120/399 479/123/403
f 475/120/399 482/126/406 483/127/407
f 479/123/403 484/128/408 482/126/406
f 479/123/403 481/125/405 484/128/408
f 484/128/408 481/125/405 485/129/409
f 486/130/410 480/124/404 478/122/402
f 486/130/410 487/131/411 480/124/404
f 488/132/412 487/131/411 486/130/410
f 488/132/412 489/133/413 487/131/411
f 490/134/414 489/133/413 488/132/412
f 490/134/414 491/135/415 489/133/413
f 484/128/408 492/136/416 482/126/406
f 484/128/408 493/137/417 492/136/416
f 493/137/417 494/138/418 492/136/416
f 493/137/417 495/139/419 494/138/418
f 494/138/418 495/139/419 496/140/420
f 497/141/421 494/138/418 496/140/420
f 498/142/422 494/138/418 497/141/421
f 492/136/416 494/138/418 498/142/422
f 496/140/420 495/139/419 499/143/423
f 492/136/416 498/142/422 500/144/424
f 501/145/425 498/142/426 502/146/421
f 503/147/427 501/145/425 502/146/421
f 503/147/427 502/146/421 504/148/420
f 505/149/428 503/147/427 504/148/420
f 506/150/429 503/147/427 505/149/428
f 503/147/427 506/150/429 501/145/425
f 506/150/429 505/149/428 507/151/430
f 505/149/428 504/148/420 508/152/423
f 507/151/430 509/153/431 506/150/429
f 506/150/429 509/153/431 510/154/432
f 506/150/429 510/154/432 511/155/433
f 501/145/425 506/150/429 511/155/433
f 511/155/433 512/144/434 501/145/425
f 513/127/407 512/144/434 511/155/433
f 510/154/432 513/127/407 511/155/433
f 505/149/428 508/152/423 514/156/435
f 505/149/428 514/156/435 515/157/417
f 516/151/436 505/149/428 515/157/417
f 516/151/436 515/157/417 517/158/408
f 476/119/437 513/127/407 510/154/432
f 510/154/432 509/153/431 518/159/312
f 519/160/310 518/159/312 509/153/431
f 519/160/310 509/153/431 520/161/438
f 521/151/430 520/161/438 509/153/431
f 522/162/439 520/161/438 521/151/430
f 520/161/438 522/162/439 523/163/409
f 520/161/438 523/163/409 524/164/440
f 520/161/438 524/164/440 525/165/441
f 519/160/310 520/161/438 525/165/441
f 526/166/442 525/165/441 524/164/440
f 525/165/441 526/166/442 527/167/443
f 525/165/441 527/167/443 528/168/444
f 529/169/445 525/165/441 528/168/444
f 527/167/443 529/169/445 528/168/444
f 527/167/443 530/170/446 529/169/445
f 526/166/442 524/164/440 531/171/447
f 527/167/443 526/166/442 532/172/448
f 527/167/443 532/172/448 533/173/449
f 530/170/446 527/167/443 533/173/449
f 533/173/449 532/172/448 534/174/450
f 533/173/449 534/174/450 535/175/414
f 530/170/446 533/173/449 536/176/410
f 536/176/410 533/173/449 535/175/414
f 536/176/410 535/175/414 537/177/451
f 538/178/452 534/174/450 532/172/448
f 538/178/452 532/172/448 539/179/453
f 539/179/453 532/172/448 526/166/442
f 539/179/453 526/166/442 531/171/447
f 519/160/310 525/165/441 540/180/454
f 541/181/455 542/183/456 543/182/457
f 541/181/455 544/184/458 542/183/456
f 521/151/430 541/181/455 543/182/457
f 521/151/430 543/182/457 522/162/439
f 543/182/457 542/183/456 545/185/459
f 543/182/457 545/185/459 546/186/460
f 522/162/439 543/182/457 546/186/460
f 522/162/439 546/186/460 523/163/409
f 541/181/455 547/187/461 544/184/458
f 541/181/455 548/188/462 547/187/461
f 549/151/430 548/188/462 541/181/455
f 549/151/430 550/158/408 548/188/462
f 551/144/463 552/142/464 501/145/465
f 482/126/406 500/144/434 483/127/407
f 482/126/406 492/136/416 553/144/424
f 554/189/466 555/191/458 556/190/461
f 554/189/466 557/192/467 555/191/458
f 558/193/460 554/189/466 556/190/461
f 558/193/460 556/190/461 559/194/468
f 484/128/408 558/193/460 559/194/468
f 485/129/409 558/193/460 484/128/408
f 476/119/400 475/120/399 560/127/469
f 476/119/437 510/154/432 561/195/470
f 510/154/432 518/159/312 561/195/470
f 562/119/471 561/195/470 563/196/472
f 564/197/473 562/119/471 563/196/472
f 564/197/473 474/118/441 562/119/471
f 565/198/474 390/43/336 566/41/475
f 565/198/474 567/199/476 390/43/336
f 567/199/476 398/50/344 390/43/336
f 568/200/335 569/203/477 570/202/478
f 568/200/335 570/202/478 571/201/479
f 571/201/479 570/202/478 572/204/480
f 571/201/479 572/204/480 573/205/360
f 570/202/478 569/203/477 574/206/481
f 569/203/477 575/207/482 574/206/481
f 570/202/478 574/206/481 576/208/483
f 570/202/478 577/209/484 572/204/480
f 570/202/478 576/208/483 577/209/484
f 578/210/485 577/209/484 576/208/483
f 572/204/480 577/209/484 578/210/485
f 578/210/485 576/208/483 579/211/486
f 572/204/480 578/210/485 580/212/487
f 581/205/362 572/204/480 580/212/487
f 581/205/362 580/212/487 582/213/361
f 582/213/361 580/212/487 583/214/488
f 582/213/361 583/214/488 584/215/335
f 583/214/488 580/212/487 585/216/489
f 580/212/487 578/210/485 586/217/490
f 586/217/490 587/218/491 580/212/487
f 578/210/485 587/218/491 586/217/490
f 578/210/485 579/211/486 587/218/491
f 580/212/487 587/218/491 585/216/489
f 583/214/488 588/216/492 589/219/482
f 590/220/493 591/218/494 592/221/486
f 593/222/495 591/218/494 590/220/493
f 593/222/495 594/216/489 591/218/494
f 595/223/482 594/216/489 593/222/495
f 292/247/254 596/249/233 597/257/241
f 597/257/241 598/256/496 292/247/254
f 599/260/245 598/256/496 597/257/241
f 600/261/246 598/256/496 599/260/245
f 292/247/254 598/256/496 294/226/255
f 596/249/497 289/248/498 601/258/104
f 601/258/104 289/248/498 602/259/499
f 603/259/394 289/248/500 604/255/248
f 605/255/248 289/248/250 278/254/252
f 606/69/360 412/66/476 607/269/479
f 608/270/289 609/272/501 610/271/502
f 610/271/502 609/272/501 611/273/503
f 612/274/292 613/276/504 614/275/505
f 614/275/505 613/276/504 615/271/255
f 616/270/289 615/271/255 613/276/504
f 617/277/506 369/21/317 618/278/507
f 372/24/320 369/21/317 617/277/506
f 618/278/507 369/21/317 376/28/324
o Object_33.001
v 0.151287 1.967273 -0.324120
v 0.092855 1.977054 -0.370016
v 0.361906 1.748741 -0.456507
v 0.386706 1.755984 -0.373576
v 0.468694 1.657918 -0.475381
v 0.493031 1.665025 -0.394009
v 0.144373 2.019256 -0.449988
v 0.315415 1.878657 -0.471944
v 0.499754 1.694658 -0.485333
v 0.525543 1.713966 -0.449388
v 0.347158 1.900634 -0.420055
v 0.142497 1.978520 -0.318241
v 0.522834 1.701398 -0.408158
v 0.296151 1.913708 -0.341668
v 0.525543 1.713966 -0.449388
v 0.347158 1.900634 -0.420055
v 0.206612 2.018997 -0.336685
v 0.201488 2.028041 -0.336802
v 0.097335 2.141892 -0.035119
v 0.184428 2.154375 -0.158812
v 0.153519 2.283262 -0.000823
v 0.186245 2.064533 -0.403683
v 0.153819 2.183063 -0.227797
v 0.133344 2.287973 -0.105824
v -0.024770 2.202205 -0.111792
v -0.046041 2.232308 -0.028541
v 0.056674 2.167879 0.044119
v 0.026748 2.288302 0.106038
v 0.064071 2.349962 -0.070412
v 0.071425 2.206949 -0.227833
v 0.133344 2.287973 -0.105824
v 0.153819 2.183063 -0.227797
v 0.103021 2.069368 -0.412126
v 0.186245 2.064533 -0.403683
v 0.039017 2.221826 -0.098797
v 0.039091 2.131646 0.015968
v 0.005822 2.369953 -0.001333
v 0.116362 2.331843 -0.042915
v 0.014478 2.345905 0.059684
v 0.123042 2.044316 -0.432387
v -0.197951 0.131635 -0.763128
v -0.132013 0.541959 -0.491861
v -0.051349 0.510918 -0.546960
v 0.033606 0.725570 -0.342589
v -0.057227 0.717551 -0.322802
v 0.035566 0.771465 -0.336710
v -0.054114 0.758708 -0.299503
v 0.100322 0.722022 -0.234957
v 0.102989 0.795827 -0.235032
v 0.087051 0.664004 -0.267470
v -0.050634 0.712003 -0.189699
v -0.068601 0.652268 -0.236186
v 0.017687 0.632623 -0.219296
v 0.035472 0.704934 -0.176229
v 0.087051 0.664004 -0.267470
v 0.100322 0.722022 -0.234957
v 0.042060 0.792728 -0.167726
v 0.102989 0.795827 -0.235032
v -0.045741 0.774600 -0.182377
v 0.055218 1.252958 -0.214210
v -0.058432 1.276740 -0.257521
v 0.100611 1.297728 -0.313516
v -0.087006 1.241176 -0.428317
v -0.124734 1.263210 -0.243558
v -0.132835 1.277126 -0.432201
v 0.007516 0.411130 -0.479082
v -0.055806 0.398431 -0.403245
v -0.128754 0.449702 -0.413380
v -0.172263 0.054183 -0.664377
v -0.225073 0.086735 -0.689890
v -0.197951 0.131635 -0.763128
v -0.172263 0.054183 -0.664377
v 0.061549 1.223875 -0.467078
v 0.061549 1.223875 -0.467078
v 0.061549 1.223875 -0.467078
v 0.100611 1.297728 -0.313516
v 0.039968 1.711343 -0.168791
v 0.025809 1.384178 -0.194274
v 0.094639 1.435114 -0.275346
v -0.128931 1.689528 -0.055777
v -0.124233 1.353260 -0.169970
v 0.059515 1.747483 -0.319939
v 0.086701 1.464497 -0.424291
v 0.100611 1.297728 -0.313516
v -0.124734 1.263210 -0.243558
v -0.058432 1.276740 -0.257521
v 0.055218 1.252958 -0.214210
v -0.004297 1.530542 -0.445807
v 0.009533 1.442632 -0.484384
v -0.140326 1.561141 -0.421889
v -0.143873 1.753114 -0.377865
v -0.136651 1.365906 -0.465033
v -0.103227 1.322501 -0.483754
v 0.023895 1.347370 -0.498900
v -0.087006 1.241176 -0.428317
v 0.061549 1.223875 -0.467078
v -0.132835 1.277126 -0.432201
v -0.132835 1.277126 -0.432201
v 0.093872 1.422146 -0.433705
v 0.061549 1.223875 -0.467078
v 0.061549 1.223875 -0.467078
v -0.175657 1.971330 -0.299287
v 0.039104 1.975557 -0.239665
v 0.039017 2.221826 -0.098797
v -0.249083 2.230366 -0.180008
v -0.119317 2.390565 0.009426
v 0.005822 2.369953 -0.001333
v 0.014478 2.345905 0.059684
v -0.102642 2.333672 0.072962
v -0.207407 2.334820 0.112849
v -0.293509 2.354157 0.036970
v 0.034682 1.869379 -0.112236
v 0.039091 2.131646 0.015968
v -0.048276 1.805882 -0.046253
v -0.060932 2.032878 0.086959
v -0.209932 2.007292 0.129875
v -0.094292 2.275664 0.122934
v -0.272959 2.249816 0.143567
v -0.207407 2.334820 0.112849
v -0.102642 2.333672 0.072962
v 0.026748 2.288302 0.106038
v 0.014478 2.345905 0.059684
v 0.056674 2.167879 0.044119
v -0.138269 1.763759 -0.027359
v 0.529391 1.658646 -0.385841
v 0.474786 1.654413 -0.468251
v 0.504502 1.630181 -0.436518
v 0.501475 1.622545 -0.394231
v 0.517752 1.582920 -0.383036
v 0.525690 1.583158 -0.424230
v 0.543701 1.566784 -0.388274
v 0.564542 1.586988 -0.396187
v 0.555142 1.541625 -0.467938
v 0.500743 1.547289 -0.505059
v 0.580334 1.542162 -0.437123
v 0.599826 1.542727 -0.412511
v 0.525288 1.536224 -0.376869
v 0.549161 1.537061 -0.380706
v 0.530531 1.511330 -0.381136
v 0.549882 1.513530 -0.382484
v 0.533341 1.493423 -0.367453
v 0.553045 1.495662 -0.368829
v 0.541548 1.509137 -0.457958
v 0.563022 1.502011 -0.428908
v 0.516934 1.493491 -0.438052
v 0.536632 1.491840 -0.411504
v 0.509865 1.466528 -0.435247
v 0.485767 1.480118 -0.468887
v 0.488250 1.499726 -0.473575
v 0.527690 1.465084 -0.410381
v 0.504591 1.517790 -0.505761
v 0.517858 1.501403 -0.514550
v 0.485767 1.480118 -0.468887
v 0.555209 1.476134 -0.465183
v 0.509865 1.466528 -0.435247
v 0.574852 1.478820 -0.434773
v 0.586196 1.540318 -0.483693
v 0.605214 1.542030 -0.452823
v 0.527690 1.465084 -0.410381
v 0.567733 1.673653 -0.470235
v 0.519120 1.666046 -0.498226
v 0.526788 1.547146 -0.525506
v 0.504591 1.517790 -0.505761
v 0.500743 1.547289 -0.505059
v 0.536632 1.491840 -0.411504
v 0.563022 1.502011 -0.428908
v 0.605214 1.542030 -0.452823
v 0.580334 1.542162 -0.437123
v 0.525543 1.713966 -0.449388
v 0.522834 1.701398 -0.408158
v 0.571905 1.669802 -0.414587
v 0.605214 1.542030 -0.452823
v 0.620576 1.543411 -0.427881
v 0.599826 1.542727 -0.412511
v 0.564542 1.586988 -0.396187
v 0.529391 1.658646 -0.385841
v 0.546509 1.585693 -0.362581
v 0.519425 1.586184 -0.360625
v 0.512373 1.631864 -0.371706
v 0.501475 1.622545 -0.394231
v 0.517752 1.582920 -0.383036
v 0.543701 1.566784 -0.388274
v 0.553145 1.538737 -0.357096
v 0.525451 1.538615 -0.355007
v 0.553045 1.495662 -0.368829
v 0.533341 1.493423 -0.367453
v 0.525288 1.536224 -0.376869
v 0.530531 1.511330 -0.381136
v 0.549882 1.513530 -0.382484
v 0.549161 1.537061 -0.380706
v 0.493031 1.665025 -0.394009
v 0.591842 1.473671 -0.446453
v 0.607506 1.475700 -0.421736
v 0.566429 1.446906 -0.396592
v 0.553428 1.445135 -0.415982
v 0.567327 1.473030 -0.395524
v 0.592136 1.493395 -0.410880
v 0.552601 1.474173 -0.419125
v 0.573703 1.494476 -0.436279
v 0.605214 1.542030 -0.452823
v 0.580334 1.542162 -0.437123
v 0.504591 1.517790 -0.505761
v 0.488250 1.499726 -0.473575
v 0.504591 1.517790 -0.505761
v 0.567327 1.473030 -0.395524
v 0.552601 1.474173 -0.419125
v 0.553428 1.445135 -0.415982
v 0.566429 1.446906 -0.396592
v 0.592136 1.493395 -0.410880
v 0.573703 1.494476 -0.436279
v 0.500743 1.547289 -0.505059
v 0.499754 1.694658 -0.485333
v 0.474786 1.654413 -0.468251
v 0.468694 1.657918 -0.475381
v 0.493031 1.665025 -0.394009
v -0.136776 0.081869 -0.716676
v -0.197951 0.131635 -0.763128
v 0.007516 0.411130 -0.479082
v -0.197951 0.131635 -0.763128
v -0.136776 0.081869 -0.716676
v -0.143574 0.031087 -0.741854
v -0.202186 0.060756 -0.805584
v -0.181290 0.005524 -0.676906
v -0.172263 0.054183 -0.664377
v -0.150027 -0.048520 -0.849167
v -0.205966 -0.037642 -0.869211
v -0.067638 -0.197542 -0.523658
v -0.123445 -0.133149 -0.527295
v -0.179376 -0.179476 -0.479260
v -0.180434 -0.216379 -0.458485
v -0.237756 0.026179 -0.728667
v -0.172263 0.054183 -0.664377
v -0.225073 0.086735 -0.689890
v -0.202186 0.060756 -0.805584
v -0.197951 0.131635 -0.763128
v -0.251669 -0.055331 -0.831605
v -0.211421 -0.167911 -0.492685
v -0.232817 -0.213541 -0.484287
v -0.205966 -0.037642 -0.869211
v -0.251669 -0.055331 -0.831605
v -0.067638 -0.197542 -0.523658
v -0.180434 -0.216379 -0.458485
v -0.232817 -0.213541 -0.484287
v -0.150027 -0.048520 -0.849167
v -0.251669 -0.055331 -0.831605
v -0.205966 -0.037642 -0.869211
v -0.276916 2.464805 0.347183
v -0.278524 2.415385 0.318122
v -0.213544 2.455941 0.282532
v -0.317162 2.436306 0.350837
v -0.329413 2.388234 0.339632
v -0.327882 2.387007 0.326692
v -0.337365 2.414146 0.348066
v -0.341471 2.419499 0.376583
v -0.257153 2.526947 0.345003
v -0.240901 2.594307 0.337726
v -0.343523 2.476141 0.370896
v -0.351594 2.456098 0.376453
v -0.362232 2.492453 0.382634
v -0.300852 2.500257 0.376076
v -0.305348 2.528826 0.396894
v -0.369378 2.512545 0.399824
v -0.378510 2.541475 0.411998
v -0.316769 2.565284 0.411285
v -0.407839 2.648131 0.409734
v -0.287769 2.651090 0.396589
v -0.295737 2.729329 0.297922
v -0.235533 2.636755 0.253143
v -0.222466 2.497186 0.217165
v -0.232980 2.314900 0.226373
v -0.235113 2.412952 0.159600
v -0.290727 2.320407 0.173954
v -0.261449 2.655637 0.158357
v -0.400270 2.715870 0.123608
v -0.351323 2.557802 0.067405
v -0.235959 2.548197 0.144688
v -0.321159 2.440522 0.092568
v -0.321159 2.440522 0.092568
v -0.293509 2.354157 0.036970
v -0.264250 2.336895 0.284602
v -0.284766 2.263137 0.239982
v -0.290727 2.320407 0.173954
v -0.272959 2.249816 0.143567
v -0.207407 2.334820 0.112849
v -0.301623 2.296148 0.283084
v -0.305873 2.308344 0.287054
v -0.207407 2.334820 0.112849
v -0.293509 2.354157 0.036970
v -0.390996 2.369781 0.145256
v -0.456784 2.487041 0.124368
v -0.452847 2.431350 0.187574
v -0.349283 2.280626 0.207144
v -0.290727 2.320407 0.173954
v -0.453545 2.387357 0.251706
v -0.520738 2.557770 0.226901
v -0.508890 2.520090 0.313067
v -0.462042 2.470205 0.326151
v -0.414033 2.426832 0.334566
v -0.382525 2.386584 0.308553
v -0.366178 2.422733 0.346326
v -0.329413 2.388234 0.339632
v -0.327882 2.387007 0.326692
v -0.337365 2.414146 0.348066
v -0.341471 2.419499 0.376583
v -0.367689 2.469449 0.368674
v -0.351594 2.456098 0.376453
v -0.362232 2.492453 0.382634
v -0.416849 2.468133 0.365400
v -0.431171 2.493983 0.385320
v -0.369378 2.512545 0.399824
v -0.378510 2.541475 0.411998
v -0.442591 2.530440 0.399708
v -0.508344 2.590004 0.376295
v -0.524827 2.665884 0.276842
v -0.492452 2.591663 0.137102
v -0.400270 2.715870 0.123608
v -0.351323 2.557802 0.067405
v -0.321159 2.440522 0.092568
v -0.462480 2.621687 0.394162
v -0.500447 2.691864 0.313736
v -0.524827 2.665884 0.276842
v -0.421637 2.757942 0.229187
v -0.400270 2.715870 0.123608
v -0.407839 2.648131 0.409734
v -0.422498 2.721598 0.347932
v -0.421637 2.757942 0.229187
v -0.421637 2.757942 0.229187
v -0.295737 2.729329 0.297922
v -0.335807 2.737459 0.328886
v -0.345636 2.654046 0.404912
v -0.422498 2.721598 0.347932
v -0.421637 2.757942 0.229187
v -0.341471 2.419499 0.376583
v -0.343290 2.424975 0.379863
v -0.351594 2.456098 0.376453
v -0.172263 0.054183 -0.664377
v -0.136776 0.081869 -0.716676
v -0.326539 2.442126 0.165601
v -0.213544 2.455941 0.282532
v -0.327882 2.387007 0.326692
v -0.278524 2.415385 0.318122
v -0.305873 2.308344 0.287054
v -0.264250 2.336895 0.284602
v -0.295473 2.301879 0.235681
v -0.213544 2.455941 0.282532
v -0.326539 2.442126 0.165601
v 0.116362 2.331843 -0.042915
v 0.014478 2.345905 0.059684
v -0.397060 1.705677 -0.173005
v -0.557745 1.459985 -0.045226
v -0.520205 1.406506 -0.102467
v -0.339706 1.698366 -0.214982
v -0.594950 1.300862 -0.045354
v -0.631784 1.353337 0.010810
v -0.383279 1.668716 -0.300466
v -0.508404 1.497976 -0.206253
v -0.632923 1.310040 -0.075142
v -0.667844 1.339802 -0.060152
v -0.552014 1.538540 -0.181037
v -0.401616 1.696916 -0.173508
v -0.667855 1.359804 -0.021877
v -0.518231 1.615098 -0.137280
v -0.667844 1.339802 -0.060152
v -0.552014 1.538540 -0.181037
v -0.461781 1.716173 -0.212943
v -0.465765 1.697890 -0.219992
v -0.517029 1.960745 -0.012386
v -0.557258 1.876199 -0.131862
v -0.631322 2.055097 -0.060893
v -0.444917 1.707259 -0.294426
v -0.519682 1.884927 -0.202791
v -0.581889 2.025497 -0.151082
v -0.410169 2.035866 -0.098192
v -0.430264 2.103696 -0.040876
v -0.517484 2.033390 0.045321
v -0.546659 2.131126 0.054498
v -0.557433 2.121825 -0.146799
v -0.457730 1.944037 -0.207954
v -0.581889 2.025497 -0.151082
v -0.519682 1.884927 -0.202791
v -0.372266 1.735947 -0.300785
v -0.444917 1.707259 -0.294426
v -0.490452 2.068766 -0.131565
v -0.464692 1.993235 -0.010064
v -0.547662 2.204280 -0.060741
v -0.604458 2.093351 -0.118575
v -0.555849 2.183263 0.001450
v -0.376935 1.701908 -0.301589
v -0.368191 0.003081 -0.038937
v -0.387853 0.459388 -0.097898
v -0.294554 0.492775 -0.071705
v -0.387923 0.766042 -0.065953
v -0.299395 0.746203 -0.044141
v -0.379484 0.822015 -0.088140
v -0.288851 0.808837 -0.053477
v -0.437832 0.839307 0.026810
v -0.429474 0.897645 -0.002945
v -0.441498 0.777768 0.030389
v -0.286879 0.817163 0.067982
v -0.289750 0.743767 0.064459
v -0.374460 0.762636 0.088648
v -0.370652 0.839079 0.086354
v -0.441498 0.777768 0.030389
v -0.437832 0.839307 0.026810
v -0.361897 0.910695 0.056346
v -0.429474 0.897645 -0.002945
v -0.280286 0.872059 0.046375
v -0.311422 1.306182 -0.178576
v -0.201684 1.288592 -0.233401
v -0.361434 1.314549 -0.285137
v -0.189381 1.216514 -0.396986
v -0.456542 0.439230 0.015705
v -0.386651 0.456174 0.084626
v -0.306435 0.469085 0.046528
v -0.395014 0.008753 0.086199
v -0.340862 0.004010 0.046900
v -0.368191 0.003081 -0.038937
v -0.395014 0.008753 0.086199
v -0.124734 1.263210 -0.243558
v -0.189381 1.216514 -0.396986
v -0.132835 1.277126 -0.432201
v -0.361146 1.222361 -0.416079
v -0.361146 1.222361 -0.416079
v -0.361146 1.222361 -0.416079
v -0.361434 1.314549 -0.285137
v -0.307438 1.701663 -0.154586
v -0.355183 1.422583 -0.256952
v -0.277243 1.375735 -0.181881
v -0.128931 1.689528 -0.055777
v -0.124233 1.353260 -0.169970
v -0.341229 1.736319 -0.303551
v -0.361069 1.452024 -0.405983
v -0.361434 1.314549 -0.285137
v -0.311422 1.306182 -0.178576
v -0.201684 1.288592 -0.233401
v -0.124734 1.263210 -0.243558
v -0.367358 1.410633 -0.414581
v -0.361146 1.222361 -0.416079
v -0.287965 1.434345 -0.472219
v -0.361146 1.222361 -0.416079
v -0.275940 1.522974 -0.434701
v -0.140326 1.561141 -0.421889
v -0.143873 1.753114 -0.377865
v -0.136651 1.365906 -0.465033
v -0.169026 1.320667 -0.481063
v -0.298146 1.338401 -0.485732
v -0.189381 1.216514 -0.396986
v -0.361146 1.222361 -0.416079
v -0.132835 1.277126 -0.432201
v -0.132835 1.277126 -0.432201
v -0.371141 1.870295 -0.263611
v -0.175657 1.971330 -0.299287
v -0.490452 2.068766 -0.131565
v -0.249083 2.230366 -0.180008
v -0.457307 2.295768 -0.022194
v -0.547662 2.204280 -0.060741
v -0.555849 2.183263 0.001450
v -0.455172 2.236532 0.034157
v -0.367463 2.293751 0.103508
v -0.293509 2.354157 0.036970
v -0.330245 1.775744 -0.133535
v -0.464692 1.993235 -0.010064
v -0.234761 1.758034 -0.057137
v -0.342807 1.960677 0.082017
v -0.209932 2.007292 0.129875
v -0.440266 2.186314 0.097376
v -0.272959 2.249816 0.143567
v -0.367463 2.293751 0.103508
v -0.455172 2.236532 0.034157
v -0.546659 2.131126 0.054498
v -0.555849 2.183263 0.001450
v -0.517484 2.033390 0.045321
v -0.138269 1.763759 -0.027359
v -0.660523 1.301440 0.047141
v -0.627571 1.277118 -0.001031
v -0.601026 1.305856 -0.031801
v -0.625826 1.271139 0.041598
v -0.635001 1.229398 0.053164
v -0.640234 1.227205 0.011598
v -0.657055 1.208503 0.046994
v -0.680795 1.224187 0.037214
v -0.658506 1.179862 -0.032303
v -0.603928 1.194957 -0.066406
v -0.685234 1.176275 -0.003028
v -0.705992 1.173664 0.020388
v -0.633958 1.182272 0.060458
v -0.657268 1.178461 0.055231
v -0.634130 1.156746 0.056743
v -0.653426 1.155188 0.054207
v -0.634363 1.138939 0.070837
v -0.654011 1.137353 0.068254
v -0.639679 1.150788 -0.020468
v -0.661208 1.140349 0.007523
v -0.613855 1.140563 0.001339
v -0.634519 1.135782 0.026747
v -0.602014 1.115509 0.005453
v -0.578848 1.132691 -0.027184
v -0.584685 1.151357 -0.032667
v -0.620774 1.111249 0.029285
v -0.602086 1.165258 -0.066331
v -0.611441 1.146453 -0.075309
v -0.578848 1.132691 -0.027184
v -0.646382 1.115635 -0.027348
v -0.602014 1.115509 0.005453
v -0.668050 1.115205 0.001772
v -0.687703 1.172316 -0.049771
v -0.708602 1.171059 -0.020118
v -0.620774 1.111249 0.029285
v -0.695621 1.306991 -0.039777
v -0.644784 1.308163 -0.064652
v -0.628140 1.189402 -0.088298
v -0.602086 1.165258 -0.066331
v -0.603928 1.194957 -0.066406
v -0.634519 1.135782 0.026747
v -0.661208 1.140349 0.007523
v -0.708602 1.171059 -0.020118
v -0.685234 1.176275 -0.003028
v -0.667844 1.339802 -0.060152
v -0.667855 1.359804 -0.021877
v -0.702485 1.303653 0.015638
v -0.708602 1.171059 -0.020118
v -0.725490 1.170043 0.003839
v -0.705992 1.173664 0.020388
v -0.680795 1.224187 0.037214
v -0.660523 1.301440 0.047141
v -0.664992 1.227097 0.071827
v -0.638669 1.232780 0.075320
v -0.639679 1.278710 0.063130
v -0.625826 1.271139 0.041598
v -0.635001 1.229398 0.053164
v -0.657055 1.208503 0.046994
v -0.662978 1.179870 0.078502
v -0.635944 1.185071 0.082184
v -0.654011 1.137353 0.068254
v -0.634363 1.138939 0.070837
v -0.633958 1.182272 0.060458
v -0.634130 1.156746 0.056743
v -0.653426 1.155188 0.054207
v -0.657268 1.178461 0.055231
v -0.631784 1.353337 0.010810
v -0.682998 1.106656 -0.010688
v -0.656175 1.086337 0.041428
v -0.700282 1.106214 0.013005
v -0.641882 1.086643 0.022890
v -0.662057 1.111828 0.041562
v -0.689248 1.126748 0.024122
v -0.646354 1.115230 0.018823
v -0.669789 1.130757 -0.000193
v -0.708602 1.171059 -0.020118
v -0.685234 1.176275 -0.003028
v -0.602086 1.165258 -0.066331
v -0.584685 1.151357 -0.032667
v -0.602086 1.165258 -0.066331
v -0.662057 1.111828 0.041562
v -0.641882 1.086643 0.022890
v -0.646354 1.115230 0.018823
v -0.656175 1.086337 0.041428
v -0.689248 1.126748 0.024122
v -0.669789 1.130757 -0.000193
v -0.603928 1.194957 -0.066406
v -0.632923 1.310040 -0.075142
v -0.601026 1.305856 -0.031801
v -0.594950 1.300862 -0.045354
v -0.631784 1.353337 0.010810
v -0.431014 0.009233 0.027338
v -0.368191 0.003081 -0.038937
v -0.456542 0.439230 0.015705
v -0.368191 0.003081 -0.038937
v -0.388356 -0.066011 -0.037322
v -0.432168 -0.060945 0.042880
v -0.431014 0.009233 0.027338
v -0.381647 -0.052321 0.103439
v -0.395014 0.008753 0.086199
v -0.437456 -0.182427 -0.012877
v -0.387026 -0.182912 -0.046130
v -0.448627 -0.155760 0.353343
v -0.400193 -0.101441 0.308867
v -0.332911 -0.119276 0.361186
v -0.325015 -0.141625 0.396298
v -0.337067 -0.059509 0.038208
v -0.395014 0.008753 0.086199
v -0.340862 0.004010 0.046900
v -0.388356 -0.066011 -0.037322
v -0.368191 0.003081 -0.038937
v -0.334110 -0.180602 -0.014342
v -0.304829 -0.115815 0.337945
v -0.278365 -0.151900 0.362595
v -0.334110 -0.180602 -0.014342
v -0.387026 -0.182912 -0.046130
v -0.448627 -0.155760 0.353343
v -0.278365 -0.151900 0.362595
v -0.325015 -0.141625 0.396298
v -0.437456 -0.182427 -0.012877
v -0.334110 -0.180602 -0.014342
v -0.387026 -0.182912 -0.046130
v -0.290727 2.320407 0.173954
v -0.284766 2.263137 0.239982
v -0.353340 2.310640 0.269870
v -0.301623 2.296148 0.283084
v -0.305873 2.308344 0.287054
v -0.272959 2.249816 0.143567
v -0.367463 2.293751 0.103508
v -0.367463 2.293751 0.103508
v -0.293509 2.354157 0.036970
v -0.293509 2.354157 0.036970
v -0.395014 0.008753 0.086199
v -0.431014 0.009233 0.027338
v -0.326539 2.442126 0.165601
v -0.327882 2.387007 0.326692
v -0.453545 2.387357 0.251706
v -0.382525 2.386584 0.308553
v -0.305873 2.308344 0.287054
v -0.295473 2.301879 0.235681
v -0.353340 2.310640 0.269870
v -0.453545 2.387357 0.251706
v -0.326539 2.442126 0.165601
v -0.604458 2.093351 -0.118575
v -0.555849 2.183263 0.001450
vn -0.2087 -0.5151 0.8314
vn -0.8259 -0.5340 -0.1809
vn -0.6101 -0.6552 -0.4455
vn -0.2420 -0.5270 0.8147
vn -0.7235 -0.5008 -0.4751
vn -0.3369 -0.3370 0.8792
vn -0.2346 0.1627 -0.9584
vn 0.0328 0.1676 -0.9853
vn 0.0900 0.3606 -0.9284
vn 0.6444 0.7390 -0.1965
vn 0.6960 0.6955 -0.1787
vn -0.0671 -0.7253 0.6852
vn 0.5327 0.5097 0.6756
vn 0.4687 0.2724 0.8403
vn 0.6937 0.6965 -0.1836
vn 0.5254 0.4083 0.7465
vn 0.9211 0.1481 0.3602
vn 0.2095 -0.8353 0.5084
vn 0.9813 -0.0702 0.1790
vn 0.8740 0.2371 0.4241
vn 0.6126 0.6844 -0.3953
vn 0.6129 0.6675 -0.4228
vn 0.6593 0.6351 -0.4024
vn -0.9577 -0.1579 -0.2406
vn -0.7869 0.1169 0.6059
vn 0.6047 -0.3142 0.7318
vn 0.6442 0.1580 0.7484
vn -0.0745 0.8760 -0.4766
vn -0.3513 0.6574 -0.6666
vn 0.6240 0.6687 -0.4044
vn -0.5701 0.4685 -0.6749
vn 0.6943 0.6680 -0.2677
vn 0.5884 0.5291 0.6114
vn 0.7059 -0.2126 0.6757
vn 0.2596 0.9644 0.0502
vn 0.6486 0.7610 -0.0136
vn 0.5874 0.6688 0.4557
vn -0.4249 0.2959 -0.8555
vn -0.2413 0.5204 -0.8191
vn -0.7695 0.5261 -0.3620
vn 0.3457 0.4723 -0.8108
vn 0.4769 0.2954 -0.8278
vn -0.7746 0.4798 -0.4121
vn 0.3662 -0.0800 -0.9271
vn -0.9092 0.0789 -0.4089
vn 0.9881 -0.1434 0.0552
vn 0.9908 -0.0534 0.1247
vn 0.9632 -0.2688 -0.0012
vn -0.7021 -0.1643 0.6929
vn -0.7989 -0.2077 0.5644
vn 0.2130 -0.6143 0.7598
vn 0.2874 -0.3295 0.8994
vn 0.9660 -0.2586 -0.0051
vn 0.9896 -0.1441 0.0032
vn 0.3137 0.0051 0.9495
vn 0.9917 -0.0519 0.1176
vn -0.7111 0.0093 0.7030
vn 0.3787 0.1040 0.9197
vn -0.4600 -0.3956 0.7949
vn 0.9959 0.0094 0.0900
vn -0.5507 -0.6889 -0.4714
vn 0.0117 -0.7413 0.6710
vn -0.1867 -0.9427 -0.2765
vn 0.9547 -0.2883 -0.0736
vn 0.1519 -0.6338 0.7584
vn -0.8139 -0.1946 0.5475
vn 0.1791 -0.5940 0.7843
vn -0.9316 -0.0105 0.3634
vn 0.1791 -0.5939 0.7843
vn 0.6159 -0.2725 -0.7392
vn 0.5124 -0.2477 -0.8223
vn 0.5123 -0.2477 -0.8223
vn 0.9959 0.0094 0.0899
vn 0.9917 -0.0419 0.1219
vn 0.8691 -0.0686 0.4899
vn 0.5022 -0.2322 0.8330
vn 0.9501 -0.0011 0.3119
vn 0.0428 -0.3409 0.9391
vn 0.0493 -0.4931 0.8685
vn 0.8172 0.2957 -0.4947
vn 0.8303 0.2739 -0.4853
vn 0.9862 -0.0205 0.1641
vn 0.0247 -0.8364 0.5476
vn -0.2765 -0.8865 0.3711
vn 0.4871 -0.0217 0.8731
vn 0.2028 0.3802 -0.9024
vn 0.1996 0.2579 -0.9453
vn -0.0464 0.2456 -0.9682
vn -0.0679 0.3461 -0.9357
vn -0.0437 0.1070 -0.9933
vn -0.3375 -0.2471 -0.9083
vn 0.4481 0.0086 -0.8939
vn -0.4697 -0.3610 -0.8057
vn 0.8008 -0.1585 -0.5775
vn 0.0059 -0.8878 -0.4601
vn -0.1317 -0.9678 -0.2145
vn 0.8660 0.1103 -0.4877
vn 0.5311 -0.2330 -0.8146
vn 0.6199 -0.3082 -0.7216
vn -0.0719 0.3661 -0.9278
vn 0.7794 0.2802 -0.5604
vn 0.6083 0.2349 -0.7582
vn -0.1137 0.5914 -0.7983
vn 0.0480 0.9933 -0.1053
vn -0.0582 0.9403 -0.3353
vn -0.0072 0.7382 0.6746
vn 0.1617 0.6485 0.7438
vn 0.5053 0.6338 0.5856
vn -0.1809 0.9137 -0.3638
vn 0.9233 -0.1398 0.3578
vn 0.8624 -0.3037 0.4050
vn 0.5523 -0.3638 0.7501
vn 0.5101 -0.2609 0.8196
vn 0.0565 -0.3159 0.9471
vn 0.2174 0.2453 0.9448
vn 0.0380 -0.1673 0.9852
vn 0.4941 0.6192 0.6103
vn 0.1378 0.7973 0.5877
vn 0.1067 0.1675 0.9801
vn -0.0609 0.7636 0.6428
vn 0.5411 -0.8032 0.2490
vn 0.0701 -0.4333 0.8985
vn -0.1338 0.3455 0.9288
vn -0.9888 -0.0446 -0.1421
vn -0.8976 -0.2809 0.3397
vn -0.9918 0.0865 0.0939
vn -0.8842 -0.4413 -0.1530
vn -0.7250 -0.6878 -0.0380
vn 0.4918 -0.6238 -0.6075
vn 0.5845 -0.3436 0.7350
vn -0.7502 -0.1360 0.6471
vn -0.9732 -0.1943 -0.1230
vn -0.6893 -0.2566 0.6775
vn 0.0699 -0.1068 0.9918
vn -0.8021 -0.1539 -0.5770
vn 0.6257 0.0330 -0.7793
vn -0.6188 -0.3012 -0.7255
vn 0.5454 -0.1681 -0.8211
vn -0.4243 -0.8837 0.1974
vn 0.6221 -0.7742 0.1166
vn -0.4939 0.7015 0.5137
vn 0.1210 0.4127 0.9028
vn -0.5566 0.6409 0.5286
vn -0.1100 0.4941 0.8625
vn -0.6277 -0.7098 0.3195
vn -0.8592 -0.5107 -0.0319
vn -0.8691 0.4908 0.0607
vn -0.2395 -0.6300 0.7387
vn -0.9614 0.0892 -0.2604
vn -0.1225 -0.5209 -0.8448
vn -0.8591 -0.5108 -0.0319
vn -0.8692 0.4907 0.0606
vn 0.3965 -0.8173 -0.4180
vn -0.6277 -0.7099 0.3195
vn 0.7276 -0.6080 0.3177
vn 0.7306 -0.1494 -0.6663
vn 0.8423 -0.0356 -0.5378
vn -0.2394 -0.6301 0.7387
vn 0.7210 0.5157 -0.4628
vn 0.0081 0.3117 -0.9501
vn 0.0175 0.0027 -0.9998
vn -0.9614 0.0892 -0.2603
vn -0.9732 -0.1942 -0.1230
vn -0.1100 0.4941 0.8624
vn 0.1209 0.4127 0.9028
vn 0.8424 -0.0356 -0.5377
vn -0.9889 -0.0446 -0.1421
vn 0.6943 0.6947 -0.1881
vn 0.4970 0.6198 0.6073
vn 0.7644 0.5004 0.4066
vn 0.9869 0.0816 0.1391
vn 0.0700 -0.1068 0.9918
vn 0.5846 -0.3435 0.7350
vn -0.2776 0.2108 0.9373
vn 0.6246 0.1500 0.7664
vn -0.5993 0.0346 0.7997
vn -0.4750 0.4026 0.7825
vn -0.9918 0.0865 0.0940
vn 0.4919 -0.6238 -0.6074
vn 0.7644 0.0035 0.6447
vn -0.6195 -0.1438 0.7717
vn 0.6221 -0.7741 0.1168
vn -0.4244 -0.8837 0.1975
vn -0.8021 -0.1539 -0.5771
vn -0.6190 -0.3010 -0.7254
vn 0.5453 -0.1682 -0.8212
vn 0.6256 0.0331 -0.7794
vn -0.2739 -0.3064 0.9117
vn 0.1962 -0.4841 -0.8527
vn 0.8717 -0.4504 0.1930
vn -0.0463 -0.7134 0.6992
vn -0.6232 -0.7643 -0.1655
vn -0.2388 0.3416 0.9090
vn 0.0427 0.2612 0.9643
vn -0.9308 0.3381 -0.1387
vn -0.8705 0.2782 -0.4060
vn -0.6894 -0.2566 0.6774
vn -0.9614 0.0895 -0.2603
vn -0.1227 -0.5207 -0.8449
vn -0.8691 0.4909 0.0609
vn -0.9614 0.0892 -0.2602
vn -0.2387 0.3416 0.9090
vn -0.9309 0.3380 -0.1387
vn -0.6232 -0.7643 -0.1654
vn -0.0464 -0.7134 0.6992
vn 0.0428 0.2612 0.9643
vn -0.8705 0.2780 -0.4061
vn -0.9732 -0.1942 -0.1231
vn 0.1391 0.2738 -0.9517
vn -0.3614 -0.9106 -0.2006
vn 0.3218 -0.8015 -0.5041
vn -0.0999 -0.5313 0.8413
vn -0.3207 -0.4083 0.8547
vn 0.9564 -0.1571 -0.2462
vn -0.1862 0.4463 -0.8753
vn 0.9608 -0.1005 -0.2585
vn 0.9572 0.2618 -0.1236
vn -0.1634 0.6603 -0.7330
vn 0.0478 0.5284 0.8477
vn 0.1875 -0.4885 0.8522
vn 0.6228 -0.2780 -0.7313
vn -0.1526 -0.1401 -0.9783
vn 0.8335 -0.4713 0.2882
vn 0.3747 0.6463 0.6648
vn 0.0379 0.5415 0.8398
vn 0.0348 -0.5187 0.8543
vn -0.9509 0.2552 0.1753
vn 0.1023 -0.5117 0.8530
vn -0.9607 -0.0616 0.2705
vn -0.1327 0.6775 -0.7234
vn -0.2370 0.4249 -0.8737
vn -0.7682 -0.3663 -0.5250
vn -0.3996 0.5808 0.7093
vn -0.7084 -0.5700 0.4162
vn -0.1479 0.6135 -0.7757
vn -0.1525 -0.1401 -0.9783
vn 0.0348 -0.5187 0.8542
vn -0.7084 -0.5701 0.4162
vn -0.7683 -0.3663 -0.5250
vn 0.5228 -0.3402 0.7816
vn 0.5356 -0.8433 0.0443
vn 0.9548 -0.1925 0.2264
vn 0.5003 -0.3091 0.8088
vn 0.1520 -0.7589 0.6332
vn 0.2764 -0.9502 -0.1437
vn 0.1021 -0.6256 0.7734
vn 0.1433 -0.7369 0.6607
vn 0.7154 -0.1527 0.6818
vn 0.8907 0.1329 0.4348
vn 0.3762 -0.2632 0.8884
vn -0.0519 -0.1415 0.9886
vn 0.0635 -0.5132 0.8559
vn 0.4285 -0.4433 0.7873
vn 0.4597 -0.3242 0.8268
vn 0.0599 -0.5030 0.8622
vn -0.0339 -0.2026 0.9787
vn 0.3510 -0.0953 0.9315
vn -0.1824 0.3539 0.9173
vn 0.5662 0.3524 0.7451
vn 0.6052 0.7906 0.0931
vn 0.9381 0.3463 -0.0023
vn 0.9898 0.0496 -0.1334
vn 0.8509 -0.5192 -0.0807
vn 0.9643 -0.0255 -0.2636
vn 0.4982 -0.8098 -0.3098
vn 0.7113 0.5022 -0.4918
vn -0.1306 0.7037 -0.6984
vn 0.0717 0.0716 -0.9949
vn 0.8557 0.1286 -0.5013
vn 0.0762 0.0555 -0.9955
vn 0.0735 0.0661 -0.9951
vn -0.1680 0.8228 -0.5429
vn -0.1377 0.1559 0.9781
vn 0.2703 -0.9598 0.0759
vn 0.2979 -0.9481 -0.1115
vn 0.2070 -0.9699 0.1281
vn -0.1307 0.0492 0.9902
vn 0.9909 0.0218 -0.1330
vn 0.3363 0.7456 0.5753
vn 0.0515 -0.6159 0.7862
vn -0.2703 0.4356 0.8586
vn 0.3637 0.7501 0.5524
vn -0.1565 0.8589 -0.4877
vn 0.9792 -0.0560 -0.1951
vn -0.7415 -0.5079 -0.4385
vn -0.6995 -0.2984 -0.6493
vn 0.0667 0.0620 -0.9958
vn -0.8266 -0.4519 -0.3354
vn -0.3839 -0.8754 -0.2939
vn 0.0982 -0.9018 -0.4208
vn -0.7489 -0.6625 0.0127
vn -0.9691 -0.1737 -0.1749
vn -0.8920 -0.3587 0.2751
vn -0.6438 -0.5346 0.5475
vn -0.4063 -0.6003 0.6889
vn -0.0099 -0.9999 -0.0081
vn -0.4012 -0.5588 0.7258
vn 0.1519 -0.7590 0.6332
vn 0.2763 -0.9502 -0.1437
vn -0.3334 -0.4597 0.8231
vn -0.0516 -0.1415 0.9886
vn 0.0633 -0.5133 0.8559
vn -0.2685 -0.6363 0.7232
vn -0.3623 -0.5519 0.7511
vn 0.0600 -0.5029 0.8622
vn -0.4052 -0.3047 0.8619
vn -0.7836 -0.0214 0.6210
vn -0.9295 0.3656 -0.0481
vn -0.7716 0.0938 -0.6292
vn 0.0717 0.0715 -0.9949
vn 0.0763 0.0554 -0.9955
vn -0.4408 0.2628 0.8583
vn -0.6919 0.6309 0.3512
vn -0.9295 0.3657 -0.0481
vn -0.2487 0.9539 -0.1681
vn -0.2678 0.7785 0.5677
vn -0.2486 0.9539 -0.1682
vn 0.6051 0.7907 0.0931
vn -0.1307 0.7037 -0.6984
vn 0.2016 0.8784 0.4334
vn 0.0919 0.4103 0.9073
vn -0.2487 0.9539 -0.1682
vn 0.1434 -0.7370 0.6605
vn -0.0314 -0.2112 0.9769
vn -0.0517 -0.1416 0.9886
vn 0.1790 -0.5940 0.7843
vn -0.0013 -0.3718 0.9283
vn 0.8848 -0.3035 0.3535
vn 0.1578 -0.9833 0.0907
vn 0.5256 -0.4731 0.7071
vn -0.0816 0.0900 0.9926
vn -0.3707 0.7984 0.4745
vn 0.9878 -0.1233 0.0953
vn 0.0965 -0.6972 0.7103
vn 0.5427 0.8396 -0.0235
vn 0.4771 0.7929 0.3791
vn 0.5254 0.8236 0.2136
vn 0.2537 0.2611 0.9314
vn 0.8217 -0.5651 0.0736
vn 0.9760 -0.1681 0.1381
vn 0.8918 -0.4483 -0.0615
vn 0.2841 0.4613 0.8405
vn 0.3792 -0.3812 -0.8432
vn 0.0915 -0.5535 -0.8278
vn -0.0482 -0.4061 -0.9126
vn -0.7831 0.1813 -0.5949
vn -0.8198 0.1499 -0.5527
vn 0.5803 -0.7970 0.1676
vn -0.7413 0.6451 0.1853
vn -0.6407 0.6135 0.4617
vn -0.8205 0.1460 -0.5526
vn -0.1495 0.9444 -0.2929
vn -0.1225 -0.9892 -0.0798
vn -0.0216 -0.5334 0.8456
vn -0.8782 -0.4670 0.1030
vn -0.9852 -0.0639 0.1591
vn -0.6329 0.0067 -0.7742
vn -0.6516 0.0320 -0.7579
vn -0.6858 -0.0069 -0.7277
vn 0.9658 0.2560 -0.0397
vn 0.4868 0.7896 0.3735
vn -0.5181 -0.1305 0.8453
vn -0.7846 -0.0488 0.6181
vn -0.1051 0.5623 -0.8202
vn 0.2604 0.4036 -0.8771
vn -0.6858 -0.0069 -0.7278
vn -0.6674 0.0349 -0.7439
vn 0.5239 0.2750 -0.8061
vn -0.8028 0.0514 -0.5940
vn -0.9026 0.1391 0.4074
vn -0.5370 -0.5242 0.6609
vn -0.8219 0.5320 -0.2035
vn -0.8757 0.2347 -0.4219
vn -0.9593 0.1867 0.2117
vn 0.5006 -0.0859 -0.8614
vn 0.2217 -0.1480 -0.9638
vn -0.3519 -0.0165 -0.9359
vn 0.8025 -0.0239 -0.5962
vn -0.4843 -0.0829 -0.8710
vn 0.7864 -0.0672 -0.6140
vn -0.4696 -0.4126 -0.7805
vn 0.8189 -0.3449 -0.4588
vn -0.9817 0.1278 0.1411
vn -0.9651 0.1874 0.1828
vn -0.9875 0.0437 0.1514
vn 0.7640 0.0346 0.6443
vn 0.8125 -0.0571 0.5802
vn -0.2253 -0.0025 0.9743
vn -0.2184 0.2311 0.9481
vn -0.9882 0.0475 0.1457
vn -0.9885 0.1105 0.1037
vn -0.1860 0.4717 0.8619
vn -0.9639 0.1991 0.1767
vn 0.7959 0.1654 0.5823
vn -0.2462 0.5408 0.8043
vn 0.4290 -0.3274 0.8419
vn -0.9639 0.2344 0.1262
vn 0.3206 -0.9025 -0.2876
vn -0.9947 0.0027 0.1029
vn -0.1713 0.0012 0.9852
vn 0.8236 -0.0554 0.5645
vn -0.1842 0.0543 0.9814
vn 0.9497 -0.0551 0.3082
vn 0.2216 -0.1480 -0.9638
vn -0.1843 0.0542 0.9814
vn 0.2017 -0.6056 0.7698
vn 0.3732 -0.9044 0.2068
vn 0.1331 -0.5127 -0.8482
vn 0.2589 -0.9491 -0.1796
vn -0.7580 -0.4188 -0.5001
vn -0.6887 -0.4464 -0.5714
vn -0.7311 -0.3398 -0.5916
vn -0.9419 0.2361 0.2390
vn -0.9467 0.2490 0.2044
vn -0.8063 -0.2334 0.5436
vn -0.9167 -0.0396 0.3976
vn -0.3879 -0.1861 0.9027
vn 0.0635 -0.3364 0.9396
vn 0.0492 -0.4931 0.8686
vn -0.8678 0.1337 -0.4785
vn -0.8788 0.2352 -0.4151
vn -0.9671 0.0353 0.2519
vn -0.4852 0.2470 0.8388
vn 0.1926 -0.9282 0.3183
vn 0.0512 -0.8252 0.5625
vn -0.8987 0.0905 -0.4292
vn -0.7423 -0.2468 -0.6230
vn -0.2920 0.2443 -0.9247
vn -0.8656 -0.1280 -0.4841
vn -0.2966 0.3663 -0.8820
vn -0.0464 0.2456 -0.9683
vn -0.0186 0.3392 -0.9405
vn -0.0435 0.1070 -0.9933
vn 0.2648 -0.2592 -0.9288
vn -0.4063 -0.1015 -0.9081
vn 0.2796 -0.4342 -0.8563
vn -0.7584 -0.2589 -0.5981
vn 0.0060 -0.8879 -0.4600
vn 0.1754 -0.9757 -0.1310
vn -0.7801 -0.0290 -0.6250
vn -0.0323 0.3799 -0.9245
vn -0.5783 -0.0967 -0.8101
vn -0.1167 0.5847 -0.8028
vn -0.5588 0.8118 -0.1696
vn -0.3214 0.7980 -0.5098
vn -0.5516 0.6252 0.5522
vn -0.6122 0.4122 0.6748
vn -0.8634 0.2848 0.4165
vn -0.2739 0.8885 -0.3682
vn -0.8096 -0.4888 0.3250
vn -0.6515 -0.6881 0.3194
vn -0.3912 -0.5798 0.7147
vn -0.3911 -0.4790 0.7859
vn 0.0283 -0.3123 0.9495
vn -0.4818 0.1468 0.8639
vn -0.0827 -0.2077 0.9747
vn -0.8272 0.2806 0.4869
vn -0.6395 0.6514 0.4083
vn -0.4604 0.2624 0.8480
vn -0.4806 0.7164 0.5058
vn -0.1242 -0.9504 0.2853
vn 0.0469 -0.4438 0.8949
vn 0.0074 0.3852 0.9228
vn 0.9113 -0.0972 0.4001
vn 0.9864 0.1413 -0.0835
vn 0.9498 0.2759 0.1478
vn 0.9595 -0.2681 -0.0868
vn 0.8427 -0.5378 0.0271
vn -0.3260 -0.7194 -0.6133
vn -0.5543 -0.4323 0.7112
vn 0.7202 0.0238 0.6934
vn 0.9982 -0.0080 -0.0602
vn 0.6813 -0.1055 0.7243
vn -0.1108 -0.0961 0.9892
vn 0.8514 -0.0111 -0.5244
vn -0.5705 -0.1039 -0.8147
vn 0.7090 -0.1937 -0.6781
vn -0.4511 -0.2872 -0.8450
vn 0.5703 -0.7821 0.2513
vn -0.4710 -0.8756 0.1070
vn 0.3193 0.7940 0.5173
vn -0.2533 0.4020 0.8799
vn 0.3913 0.7467 0.5379
vn -0.0397 0.5249 0.8502
vn 0.7291 -0.5700 0.3789
vn 0.9404 -0.3384 0.0349
vn 0.7554 0.6485 0.0941
vn 0.3072 -0.5563 0.7721
vn 0.9417 0.2649 -0.2075
vn 0.2716 -0.5066 -0.8183
vn 0.7554 0.6485 0.0940
vn 0.9404 -0.3383 0.0348
vn -0.2080 -0.8870 -0.4123
vn 0.7291 -0.5701 0.3788
vn -0.6182 -0.7283 0.2956
vn -0.6459 -0.3006 -0.7018
vn -0.7850 -0.2074 -0.5838
vn 0.3071 -0.5564 0.7721
vn -0.8378 0.2062 -0.5055
vn -0.2605 -0.3155 -0.9125
vn 0.0452 -0.0229 -0.9987
vn -0.2532 0.4020 0.8799
vn -0.7850 -0.2073 -0.5838
vn 0.9688 0.1453 -0.2006
vn -0.7613 0.1149 -0.6381
vn -0.7476 0.6053 0.2732
vn -0.8466 0.3493 0.4015
vn -0.7849 -0.2073 -0.5839
vn -0.9913 -0.1048 0.0792
vn -0.1107 -0.0961 0.9892
vn -0.5543 -0.4322 0.7113
vn 0.1320 0.5391 0.8318
vn -0.6886 0.0453 0.7237
vn 0.5305 0.1658 0.8313
vn 0.3403 0.5030 0.7945
vn 0.9498 0.2759 0.1479
vn 0.9595 -0.2681 -0.0867
vn -0.3260 -0.7194 -0.6134
vn -0.7903 -0.1277 0.5992
vn 0.5857 -0.0059 0.8105
vn 0.5703 -0.7821 0.2512
vn 0.8514 -0.0112 -0.5244
vn 0.7088 -0.1938 -0.6783
vn -0.4511 -0.2870 -0.8451
vn -0.5703 -0.1039 -0.8148
vn 0.2123 0.3727 0.9034
vn -0.0473 -0.5314 -0.8458
vn 0.1360 -0.6759 0.7244
vn -0.7814 -0.6038 0.1576
vn 0.7655 -0.6351 -0.1035
vn 0.1123 0.4010 0.9092
vn -0.1519 0.2696 0.9509
vn 0.8571 0.5061 -0.0962
vn 0.8262 0.4297 -0.3644
vn 0.6813 -0.1056 0.7243
vn 0.9416 0.2651 -0.2074
vn 0.7552 0.6487 0.0941
vn 0.2717 -0.5064 -0.8184
vn 0.9417 0.2648 -0.2074
vn 0.9417 0.2649 -0.2074
vn 0.8571 0.5061 -0.0963
vn 0.1362 -0.6758 0.7244
vn -0.1520 0.2697 0.9509
vn 0.9982 -0.0079 -0.0602
vn -0.0994 -0.9579 -0.2695
vn 0.8973 -0.2565 0.3593
vn -0.7869 -0.6170 0.0071
vn -0.3076 -0.9041 0.2966
vn 0.2088 0.4021 0.8914
vn 0.1774 0.5491 0.8167
vn -0.9935 0.0025 -0.1138
vn -0.9947 0.0027 0.1030
vn -0.0014 -0.1723 -0.9850
vn 0.0429 0.1803 -0.9827
vn -0.9620 0.2691 -0.0460
vn -0.9824 -0.1514 -0.1093
vn 0.0329 0.8924 0.4500
vn -0.1799 -0.0110 0.9836
vn -0.7133 -0.5918 -0.3754
vn -0.0080 -0.5949 -0.8038
vn -0.7260 -0.2688 0.6329
vn -0.3090 0.8890 0.3380
vn 0.0609 0.8792 0.4725
vn 0.1598 -0.0430 0.9862
vn 0.9479 0.2831 -0.1461
vn 0.0242 0.0374 0.9990
vn 0.9427 -0.1186 0.3117
vn 0.0973 0.2384 -0.9663
vn 0.1945 -0.2067 -0.9589
vn 0.6947 -0.5788 -0.4271
vn 0.4639 0.8479 0.2566
vn 0.8173 -0.3038 0.4896
vn -0.0436 0.1632 -0.9856
vn 0.6948 -0.5788 -0.4269
vn -0.0078 -0.5949 -0.8038
vn -0.7260 -0.2689 0.6330
vn 0.8173 -0.3039 0.4895
vn 0.1599 -0.0432 0.9862
vn -0.7134 -0.5917 -0.3755
vn 0.2978 -0.9481 -0.1115
vn -0.2365 0.1056 0.9659
vn -0.2704 0.4356 0.8586
vn 0.2548 -0.9576 0.1347
vn -0.8232 -0.5111 -0.2474
vn 0.0280 0.0813 0.9963
vn -0.7566 0.4507 0.4738
vn -0.7805 0.4400 0.4440
vn -0.7600 -0.5669 -0.3179
vn -0.2495 0.8151 -0.5229
vn -0.1783 0.8208 -0.5427
vn 0.0158 -0.3667 0.9302
vn 0.3718 -0.9177 0.1402
vn -0.6593 -0.7312 0.1755
vn -0.3715 -0.6187 0.6923
vn -0.2407 0.8315 0.5006
vn -0.2501 -0.0131 0.9681
vn -0.7648 -0.6220 -0.1680
vn 0.1179 -0.6912 0.7130
vn -0.7844 0.3907 -0.4817
vn -0.8601 0.4978 0.1119
vt 0.730382 0.103619
vt 0.705649 0.144477
vt 0.906050 0.162418
vt 0.907543 0.101904
vt 0.999984 0.166941
vt 1.001061 0.095946
vt 0.733494 0.205318
vt 0.838940 0.209383
vt 0.991053 0.210366
vt 0.981648 0.252295
vt 0.840260 0.252371
vt 0.689743 0.104698
vt 0.991405 0.052870
vt 0.810174 0.064464
vt 0.981657 0.011468
vt 0.840250 0.011429
vt 0.734207 0.056759
vt 0.693123 0.056174
vt 0.518060 0.096757
vt 0.575201 0.047645
vt 0.473165 0.043970
vt 0.716055 0.011396
vt 0.597290 0.011359
vt 0.510869 0.011322
vt 0.522475 0.164896
vt 0.485011 0.157654
vt 0.479927 0.107408
vt 0.445175 0.049232
vt 0.473366 0.225391
vt 0.579352 0.211659
vt 0.510849 0.252622
vt 0.597275 0.252464
vt 0.688056 0.203710
vt 0.716059 0.252303
vt 0.459430 0.138427
vt 0.448360 0.105872
vt 0.445220 0.217118
vt 0.468555 0.252667
vt 0.435264 0.252667
vt 0.710772 0.204691
vt 0.809314 0.993189
vt 0.844593 0.748486
vt 0.799681 0.766537
vt 0.795370 0.616810
vt 0.844460 0.624653
vt 0.796731 0.566457
vt 0.846052 0.573862
vt 0.737687 0.589384
vt 0.737679 0.566887
vt 0.737691 0.611583
vt 0.903594 0.595045
vt 0.902086 0.622902
vt 0.947494 0.615460
vt 0.947980 0.591500
vt 0.993009 0.611673
vt 0.993010 0.589483
vt 0.948583 0.568105
vt 0.993012 0.566905
vt 0.904969 0.574145
vt 0.939443 0.344499
vt 0.898532 0.361084
vt 0.993076 0.320695
vt 0.854260 0.365264
vt 0.915162 0.347050
vt 0.854851 0.350073
vt 0.993004 0.780156
vt 0.944441 0.769131
vt 0.900724 0.759988
vt 0.936461 0.995025
vt 0.880074 0.997653
vt 0.789589 0.353336
vt 0.737576 0.320774
vt 0.459999 0.699940
vt 0.421847 0.911548
vt 0.493482 0.874305
vt 0.334346 0.703269
vt 0.334346 0.906337
vt 0.574509 0.696105
vt 0.570429 0.874521
vt 0.490508 0.948126
vt 0.334346 0.965522
vt 0.365140 0.975937
vt 0.420117 0.965795
vt 0.650541 0.838561
vt 0.643075 0.892767
vt 0.726515 0.817051
vt 0.726515 0.703484
vt 0.726515 0.932364
vt 0.709975 0.959389
vt 0.635989 0.948441
vt 0.695226 0.983366
vt 0.579503 0.979625
vt 0.726515 0.978941
vt 0.572418 0.925007
vt 0.726515 0.610225
vt 0.575486 0.609180
vt 0.574131 0.447552
vt 0.726515 0.445670
vt 0.628909 0.318546
vt 0.561909 0.331279
vt 0.561667 0.289065
vt 0.629838 0.284131
vt 0.681244 0.268659
vt 0.726515 0.308737
vt 0.465542 0.609718
vt 0.497836 0.448231
vt 0.389955 0.608312
vt 0.424485 0.456931
vt 0.334346 0.436815
vt 0.434410 0.332167
vt 0.334346 0.318454
vt 0.382074 0.269755
vt 0.433481 0.285227
vt 0.501409 0.332846
vt 0.501652 0.290161
vt 0.532354 0.423067
vt 0.334346 0.607952
vt 0.079805 0.232283
vt 0.164710 0.210607
vt 0.122523 0.194649
vt 0.082536 0.195321
vt 0.065738 0.163787
vt 0.098907 0.148763
vt 0.061632 0.142152
vt 0.067395 0.121429
vt 0.123677 0.114515
vt 0.175785 0.114562
vt 0.094627 0.115280
vt 0.071940 0.113520
vt 0.035702 0.148111
vt 0.041923 0.132093
vt 0.020229 0.138299
vt 0.026355 0.125859
vt 0.005702 0.131286
vt 0.011940 0.118620
vt 0.124248 0.087244
vt 0.097369 0.085301
vt 0.124231 0.055219
vt 0.098622 0.055224
vt 0.124118 0.033753
vt 0.158367 0.040381
vt 0.164154 0.054336
vt 0.099739 0.035139
vt 0.171577 0.088395
vt 0.192231 0.080816
vt 0.172887 0.036601
vt 0.229659 0.051083
vt 0.207206 0.014433
vt 0.253565 0.037615
vt 0.259273 0.099604
vt 0.295568 0.088781
vt 0.225257 0.005464
vt 0.257519 0.214069
vt 0.210893 0.208562
vt 0.203087 0.112287
vt 0.256732 0.004405
vt 0.275505 0.029551
vt 0.296663 0.056271
vt 0.254448 0.243670
vt 0.287294 0.248875
vt 0.299549 0.220380
vt 0.323300 0.104611
vt 0.343328 0.116239
vt 0.349575 0.166371
vt 0.341191 0.234380
vt 0.379236 0.180734
vt 0.393815 0.198439
vt 0.369935 0.227020
vt 0.383913 0.245331
vt 0.408148 0.211617
vt 0.372524 0.153454
vt 0.406401 0.154959
vt 0.418570 0.170953
vt 0.432503 0.130104
vt 0.445823 0.142555
vt 0.433494 0.180403
vt 0.448844 0.163198
vt 0.412154 0.127150
vt 0.395815 0.139939
vt 0.325332 0.261049
vt 0.344700 0.051550
vt 0.359289 0.070966
vt 0.389947 0.045029
vt 0.374202 0.026325
vt 0.391323 0.064504
vt 0.369359 0.086828
vt 0.352694 0.023153
vt 0.330809 0.036634
vt 0.068269 0.054545
vt 0.088448 0.054365
vt 0.085147 0.033440
vt 0.068311 0.035581
vt 0.069129 0.082960
vt 0.091835 0.081384
vt 0.214759 0.239928
vt 0.170727 0.242683
vt 0.094294 0.262400
vt 0.737783 0.987757
vt 0.737708 0.780107
vt 0.274783 0.263290
vt 0.251897 0.284556
vt 0.265085 0.304716
vt 0.290410 0.280108
vt 0.230808 0.322133
vt 0.234686 0.293532
vt 0.317161 0.315098
vt 0.326877 0.296848
vt 0.247112 0.446506
vt 0.230894 0.421947
vt 0.204488 0.436013
vt 0.200804 0.450038
vt 0.202857 0.296193
vt 0.220949 0.280878
vt 0.186739 0.265822
vt 0.206200 0.254811
vt 0.152216 0.291162
vt 0.194174 0.426648
vt 0.177297 0.438725
vt 0.148125 0.271043
vt 0.109679 0.437051
vt 0.158639 0.453515
vt 0.110675 0.292890
vt 0.130164 0.279394
vt 0.048936 0.787641
vt 0.037433 0.823986
vt 0.095670 0.805101
vt 0.018334 0.795488
vt 0.001309 0.823986
vt 0.001309 0.828672
vt 0.001309 0.805245
vt 0.001309 0.793266
vt 0.072476 0.756292
vt 0.104842 0.722758
vt 0.009703 0.762035
vt 0.001309 0.770446
vt 0.001309 0.745864
vt 0.041600 0.754625
vt 0.045013 0.731461
vt 0.001309 0.728107
vt 0.001309 0.706350
vt 0.045012 0.704329
vt 0.000634 0.640415
vt 0.080537 0.664700
vt 0.172489 0.654188
vt 0.168984 0.731210
vt 0.146949 0.810560
vt 0.044855 0.876465
vt 0.134665 0.883862
vt 0.053879 0.921862
vt 0.230813 0.753236
vt 0.327296 0.709405
vt 0.289853 0.844016
vt 0.198004 0.819694
vt 0.222406 0.906637
vt 0.208321 0.985394
vt 0.032665 0.835220
vt 0.001309 0.884699
vt 0.068912 0.997425
vt 0.136690 0.961832
vt 0.001309 0.847491
vt 0.001309 0.839125
vt 0.041894 0.649915
vt 0.070649 0.583980
vt 0.103642 0.580263
vt 0.049090 0.502723
vt 0.103028 0.449168
vt 0.013527 0.576938
vt 0.001309 0.788851
vt 0.992969 0.987765
vt 0.232379 0.916718
vt 0.282941 0.969753
vt 0.311768 0.908112
vt 0.306313 0.933309
vt 0.220304 0.994415
vt 0.243005 0.989735
vt 0.222758 0.978624
vt 0.468563 0.011307
vt 0.435273 0.011298
s 1
usemtl enemy_tonnel.001
f 619/279/508 620/280/509 621/281/510
f 619/279/508 621/281/510 622/282/511
f 622/282/511 621/281/510 623/283/512
f 622/282/511 623/283/512 624/284/513
f 621/281/510 620/280/509 625/285/514
f 621/281/510 625/285/514 626/286/515
f 623/283/512 621/281/510 626/286/515
f 623/283/512 626/286/515 627/287/516
f 628/288/517 627/287/516 626/286/515
f 628/288/517 626/286/515 629/289/518
f 629/289/518 626/286/515 625/285/514
f 619/279/508 630/290/519 620/280/509
f 622/282/511 624/284/513 631/291/520
f 632/292/521 622/282/511 631/291/520
f 619/279/508 622/282/511 632/292/521
f 632/292/521 631/291/520 633/293/517
f 632/292/521 633/293/517 634/294/522
f 634/294/522 635/295/523 632/292/521
f 619/279/508 632/292/521 635/295/523
f 636/296/524 630/290/519 619/279/508
f 636/296/524 619/279/508 635/295/523
f 636/296/524 637/297/525 630/290/519
f 636/296/524 638/298/526 637/297/525
f 638/298/526 639/299/527 637/297/525
f 640/300/528 638/298/526 636/296/524
f 634/294/522 640/300/528 635/295/523
f 636/296/524 635/295/523 640/300/528
f 640/300/528 641/301/529 638/298/526
f 642/302/530 639/299/527 638/298/526
f 642/302/530 638/298/526 641/301/529
f 643/303/531 630/290/519 637/297/525
f 644/304/532 643/303/531 637/297/525
f 644/304/532 637/297/525 645/305/533
f 637/297/525 639/299/527 645/305/533
f 639/299/527 646/306/534 645/305/533
f 647/307/535 643/303/531 644/304/532
f 647/307/535 648/308/536 643/303/531
f 648/308/536 647/307/535 649/309/530
f 648/308/536 649/309/530 650/310/537
f 651/311/538 648/308/536 650/310/537
f 651/311/538 650/310/537 652/312/539
f 645/305/533 653/313/540 644/304/532
f 645/305/533 654/314/541 653/313/540
f 653/313/540 655/315/542 644/304/532
f 655/315/542 647/307/535 644/304/532
f 655/315/542 656/316/543 647/307/535
f 649/309/530 647/307/535 656/316/543
f 655/315/542 657/317/544 656/316/543
f 648/308/536 651/311/538 620/280/509
f 648/308/536 620/280/509 643/303/531
f 643/303/531 620/280/509 630/290/519
f 620/280/509 651/311/538 658/318/545
f 658/318/545 651/311/538 652/312/539
f 625/285/514 658/318/545 652/312/539
f 625/285/514 620/280/509 658/318/545
f 629/289/518 625/285/514 652/312/539
f 659/319/546 660/320/547 661/321/548
f 660/320/547 662/322/549 661/321/548
f 660/320/547 663/323/550 662/322/549
f 663/323/550 664/324/551 662/322/549
f 663/323/550 665/325/552 664/324/551
f 666/326/553 662/322/549 664/324/551
f 667/327/554 666/326/553 664/324/551
f 666/326/553 668/328/555 662/322/549
f 661/321/548 662/322/549 668/328/555
f 669/329/556 665/325/552 663/323/550
f 670/330/557 669/329/556 663/323/550
f 670/330/557 663/323/550 660/320/547
f 669/329/556 670/330/557 671/331/558
f 669/329/556 671/331/558 672/332/559
f 672/332/559 671/331/558 673/333/560
f 672/332/559 673/333/560 674/334/561
f 675/335/562 672/332/559 674/334/561
f 675/335/562 674/334/561 676/336/563
f 677/337/564 669/329/556 672/332/559
f 677/337/564 672/332/559 675/335/562
f 669/329/556 677/337/564 665/325/552
f 677/337/564 675/335/562 678/338/565
f 678/338/565 675/335/562 676/336/563
f 677/337/564 678/338/565 679/339/566
f 665/325/552 677/337/564 679/339/566
f 678/338/565 676/336/563 680/340/567
f 665/325/552 679/339/566 681/341/568
f 682/342/569 681/341/568 679/339/566
f 682/342/569 683/343/570 681/341/568
f 671/331/558 684/344/571 673/333/560
f 671/331/558 685/345/572 684/344/571
f 671/331/558 670/330/557 686/346/573
f 671/331/558 686/346/573 685/345/572
f 687/347/574 684/344/571 685/345/572
f 686/346/573 687/347/574 685/345/572
f 670/330/557 660/320/547 686/346/573
f 660/320/547 688/348/575 686/346/573
f 660/320/547 689/319/546 688/348/575
f 686/346/573 688/348/575 690/347/576
f 681/341/568 691/349/577 664/324/551
f 681/341/568 664/324/551 665/325/552
f 692/349/578 667/327/554 664/324/551
f 693/349/579 694/350/580 667/327/581
f 695/351/582 696/352/583 697/353/584
f 695/351/582 698/354/585 696/352/583
f 698/354/585 699/355/586 696/352/583
f 697/353/584 700/356/587 695/351/582
f 697/353/584 701/357/588 700/356/587
f 697/353/584 696/352/583 702/358/589
f 696/352/583 699/355/586 703/359/590
f 696/352/583 703/359/590 704/360/591
f 704/360/591 705/361/592 696/352/583
f 696/352/583 705/361/592 702/358/589
f 700/356/587 701/357/588 706/362/593
f 707/363/594 706/362/593 701/357/588
f 707/363/594 708/364/595 706/362/593
f 709/365/596 706/362/593 708/364/595
f 709/365/596 700/356/587 706/362/593
f 710/366/597 708/364/595 707/363/594
f 710/366/597 707/363/594 711/367/598
f 707/363/594 712/368/599 711/367/598
f 711/367/598 712/368/599 713/369/600
f 712/368/599 707/363/594 714/370/601
f 715/371/602 710/366/597 711/367/598
f 716/371/603 711/367/598 713/369/600
f 707/363/594 701/357/588 717/372/604
f 707/363/594 717/372/604 714/370/601
f 717/372/604 701/357/588 697/353/584
f 717/372/604 697/353/584 702/358/589
f 718/370/605 717/372/604 702/358/589
f 712/368/599 719/370/606 713/369/600
f 709/365/596 720/373/607 721/374/608
f 709/365/596 721/374/608 700/356/587
f 720/373/607 722/375/609 721/374/608
f 720/373/607 723/376/610 722/375/609
f 723/376/610 724/377/611 722/375/609
f 725/378/612 722/375/609 724/377/611
f 724/377/611 726/379/613 725/378/612
f 724/377/611 727/380/614 726/379/613
f 728/381/615 727/380/614 724/377/611
f 724/377/611 729/382/616 728/381/615
f 723/376/610 729/382/616 724/377/611
f 695/351/582 700/356/587 721/374/608
f 695/351/582 721/374/608 730/383/617
f 731/384/618 730/383/617 721/374/608
f 731/384/618 721/374/608 722/375/609
f 731/384/618 732/385/619 730/383/617
f 695/351/582 730/383/617 732/385/619
f 731/384/618 733/386/620 732/385/619
f 733/386/620 734/387/621 732/385/619
f 734/387/621 733/386/620 735/388/622
f 735/388/622 733/386/620 731/384/618
f 734/387/621 735/388/622 736/389/623
f 735/388/622 737/390/624 736/389/623
f 735/388/622 738/391/625 737/390/624
f 738/391/625 735/388/622 739/392/626
f 738/391/625 739/392/626 740/393/627
f 695/351/582 732/385/619 698/354/585
f 735/388/622 731/384/618 741/394/628
f 735/388/622 741/394/628 739/392/626
f 698/354/585 732/385/619 742/395/629
f 732/385/619 734/387/621 742/395/629
f 743/396/630 744/397/631 745/398/632
f 746/399/633 743/396/630 745/398/632
f 745/398/632 747/400/634 746/399/633
f 745/398/632 748/401/635 747/400/634
f 747/400/634 748/401/635 749/402/636
f 748/401/635 750/403/637 749/402/636
f 751/404/638 748/401/635 745/398/632
f 745/398/632 752/405/639 751/404/638
f 748/401/635 751/404/638 753/406/640
f 748/401/635 753/406/640 750/403/637
f 753/406/640 754/407/641 750/403/637
f 755/408/642 747/400/634 749/402/636
f 755/408/642 749/402/636 756/409/643
f 757/410/644 755/408/642 756/409/643
f 757/410/644 756/409/643 758/411/645
f 759/412/646 757/410/644 758/411/645
f 759/412/646 758/411/645 760/413/647
f 753/406/640 751/404/638 761/414/648
f 753/406/640 761/414/648 762/415/649
f 762/415/649 761/414/648 763/416/650
f 762/415/649 763/416/650 764/417/651
f 763/416/650 765/418/652 764/417/651
f 766/419/653 765/418/652 763/416/650
f 767/420/654 766/419/653 763/416/650
f 761/414/648 767/420/654 763/416/650
f 765/418/652 768/421/655 764/417/651
f 761/414/648 769/422/656 767/420/654
f 770/423/657 771/424/658 767/420/659
f 772/425/660 771/424/658 770/423/657
f 772/425/660 773/426/661 771/424/658
f 774/427/662 773/426/661 772/425/660
f 775/428/663 774/427/662 772/425/660
f 772/425/660 770/423/657 775/428/663
f 775/428/663 776/429/664 774/427/662
f 774/427/662 777/430/665 773/426/661
f 776/429/664 775/428/663 778/431/666
f 775/428/663 779/432/667 778/431/666
f 775/428/663 780/433/668 779/432/667
f 770/423/657 780/433/668 775/428/663
f 780/433/668 770/423/657 781/422/669
f 782/405/670 780/433/668 781/422/669
f 779/432/667 780/433/668 782/405/670
f 774/427/662 783/434/671 777/430/665
f 774/427/662 784/435/672 783/434/671
f 785/429/673 784/435/672 774/427/662
f 785/429/673 786/436/640 784/435/672
f 744/397/674 779/432/667 782/405/670
f 779/432/667 787/437/675 778/431/666
f 788/438/676 778/431/666 787/437/675
f 788/438/676 789/439/677 778/431/666
f 790/429/673 778/431/666 789/439/677
f 791/440/678 790/429/673 789/439/677
f 789/439/677 792/441/679 791/440/678
f 789/439/677 793/442/680 792/441/679
f 789/439/677 794/443/681 793/442/680
f 788/438/676 794/443/681 789/439/677
f 795/444/682 793/442/680 794/443/681
f 794/443/681 796/445/683 795/444/682
f 794/443/681 797/446/684 796/445/683
f 798/447/685 797/446/684 794/443/681
f 796/445/683 797/446/684 798/447/685
f 796/445/683 798/447/685 799/448/634
f 795/444/682 800/449/686 793/442/680
f 796/445/683 801/450/687 795/444/682
f 796/445/683 802/451/688 801/450/687
f 799/448/634 802/451/688 796/445/683
f 802/451/688 803/452/689 801/450/687
f 802/451/688 804/453/690 803/452/689
f 799/448/634 805/454/691 802/451/688
f 805/454/691 804/453/690 802/451/688
f 805/454/691 806/455/692 804/453/690
f 807/456/693 801/450/687 803/452/689
f 807/456/693 808/457/694 801/450/687
f 808/457/694 800/449/686 795/444/682
f 808/457/694 795/444/682 801/450/687
f 788/438/676 809/458/695 794/443/681
f 810/459/696 811/460/697 812/461/698
f 810/459/696 812/461/698 813/462/699
f 790/429/673 811/460/697 810/459/696
f 790/429/673 791/440/678 811/460/697
f 811/460/697 814/463/700 812/461/698
f 811/460/697 815/464/701 814/463/700
f 791/440/678 815/464/701 811/460/697
f 791/440/678 792/441/679 815/464/701
f 810/459/696 813/462/699 816/465/702
f 810/459/696 816/465/702 817/466/703
f 818/429/673 810/459/696 817/466/703
f 818/429/673 817/466/703 819/436/704
f 820/422/705 770/423/706 821/420/707
f 751/404/638 752/405/639 769/422/708
f 751/404/638 822/422/656 761/414/648
f 823/467/709 824/468/710 825/469/711
f 823/467/709 825/469/711 826/470/712
f 827/471/713 824/468/710 823/467/709
f 827/471/713 828/472/714 824/468/710
f 753/406/640 828/472/714 827/471/713
f 754/407/641 753/406/640 827/471/713
f 744/397/631 829/405/715 745/398/632
f 779/432/667 830/473/716 787/437/675
f 831/397/717 830/473/716 779/432/667
f 831/397/717 832/474/718 830/473/716
f 833/475/719 832/474/718 831/397/717
f 833/475/719 831/397/717 743/396/720
f 834/476/721 835/319/546 661/321/548
f 834/476/721 661/321/548 836/477/571
f 836/477/571 661/321/548 668/328/555
f 837/478/722 838/479/723 839/480/724
f 837/478/722 839/480/724 840/481/725
f 838/479/723 841/482/726 839/480/724
f 838/479/723 842/483/727 841/482/726
f 839/480/724 843/484/728 840/481/725
f 840/481/725 843/484/728 844/485/729
f 839/480/724 845/486/730 843/484/728
f 839/480/724 841/482/726 846/487/731
f 839/480/724 846/487/731 845/486/730
f 847/488/732 845/486/730 846/487/731
f 841/482/726 847/488/732 846/487/731
f 847/488/732 848/489/733 845/486/730
f 841/482/726 849/490/734 847/488/732
f 850/483/735 849/490/734 841/482/726
f 850/483/735 851/491/736 849/490/734
f 851/491/736 852/492/737 849/490/734
f 851/491/736 853/493/738 852/492/737
f 852/492/737 854/494/739 849/490/734
f 849/490/734 855/495/740 847/488/732
f 855/495/740 849/490/734 856/496/741
f 847/488/732 855/495/740 856/496/741
f 847/488/732 856/496/741 848/489/733
f 849/490/734 854/494/739 856/496/741
f 852/492/742 857/497/743 858/494/739
f 859/498/730 860/499/744 861/496/745
f 862/500/728 859/498/730 861/496/745
f 862/500/728 861/496/745 863/494/746
f 864/501/729 862/500/728 863/494/746
f 865/502/747 866/503/748 867/504/749
f 865/502/747 868/505/750 866/503/748
f 868/505/750 869/506/751 866/503/748
f 870/507/752 866/503/748 869/506/751
f 869/506/751 868/505/750 871/508/753
f 871/508/753 868/505/750 872/509/754
f 867/504/749 873/510/755 865/502/747
f 867/504/749 874/511/756 873/510/755
f 868/505/750 865/502/747 875/512/757
f 876/513/758 868/505/750 875/512/757
f 876/513/758 875/512/757 877/514/759
f 865/502/747 878/515/760 875/512/757
f 865/502/747 873/510/755 878/515/760
f 879/516/761 877/514/759 875/512/757
f 875/512/757 878/515/760 879/516/761
f 878/515/760 873/510/755 879/516/761
f 873/510/755 874/511/756 879/516/761
f 877/514/759 879/516/761 880/517/762
f 880/517/762 879/516/761 881/518/763
f 879/516/761 882/519/764 881/518/763
f 874/511/756 882/519/764 879/516/761
f 881/518/763 882/519/764 883/520/765
f 884/521/766 882/519/764 874/511/756
f 884/521/766 874/511/756 885/522/767
f 874/511/756 886/523/768 885/522/767
f 867/504/749 886/523/768 874/511/756
f 867/504/749 887/524/769 886/523/768
f 888/525/770 887/524/769 867/504/749
f 888/525/770 889/526/771 887/524/769
f 888/525/770 890/527/772 889/526/771
f 886/523/768 891/528/773 885/522/767
f 887/524/769 891/528/773 886/523/768
f 892/529/774 885/522/767 891/528/773
f 892/529/774 891/528/773 893/530/775
f 893/530/775 891/528/773 894/531/776
f 889/526/771 894/531/776 887/524/769
f 887/524/769 894/531/776 891/528/773
f 893/530/775 894/531/776 895/532/777
f 889/526/771 896/532/778 894/531/776
f 897/533/779 896/532/778 889/526/771
f 888/525/770 867/504/749 898/534/780
f 899/535/781 888/525/770 898/534/780
f 888/525/770 899/535/781 900/527/782
f 900/527/783 901/536/784 889/526/785
f 901/536/784 902/537/786 889/526/785
f 903/538/787 899/535/781 898/534/780
f 904/539/788 903/538/787 898/534/780
f 905/537/789 906/533/790 889/526/791
f 907/526/792 908/531/793 896/532/794
f 907/526/792 909/524/795 908/531/793
f 910/525/796 909/524/795 907/526/792
f 910/525/796 907/526/792 911/527/797
f 910/525/796 912/504/798 909/524/795
f 912/504/798 913/523/799 909/524/795
f 912/504/798 914/511/800 913/523/799
f 912/504/798 915/510/801 914/511/800
f 912/504/798 916/502/802 915/510/801
f 916/502/802 912/504/798 917/503/803
f 916/502/802 917/503/803 918/505/804
f 918/505/804 917/503/803 919/506/805
f 920/507/806 919/506/805 917/503/803
f 919/506/805 921/508/753 918/505/804
f 921/508/753 922/509/754 918/505/804
f 918/505/804 923/512/807 916/502/802
f 924/513/808 923/512/807 918/505/804
f 924/513/808 925/514/809 923/512/807
f 916/502/802 923/512/807 926/515/810
f 916/502/802 926/515/810 915/510/801
f 927/516/811 923/512/807 925/514/809
f 923/512/807 927/516/811 926/515/810
f 926/515/810 927/516/811 915/510/801
f 915/510/801 927/516/811 914/511/800
f 925/514/809 928/517/812 927/516/811
f 928/517/812 929/518/763 927/516/811
f 927/516/811 929/518/763 930/519/813
f 914/511/800 927/516/811 930/519/813
f 931/521/814 914/511/800 930/519/813
f 931/521/814 932/522/815 914/511/800
f 914/511/800 932/522/815 913/523/799
f 913/523/799 932/522/815 933/528/816
f 934/529/774 933/528/816 932/522/815
f 934/529/774 935/530/817 933/528/816
f 935/530/817 908/531/793 933/528/816
f 935/530/817 936/532/818 908/531/793
f 909/524/795 913/523/799 933/528/816
f 909/524/795 933/528/816 908/531/793
f 931/521/814 930/519/813 937/540/819
f 937/540/819 938/541/820 931/521/814
f 931/521/814 938/541/820 939/542/821
f 939/542/821 938/541/820 940/543/822
f 940/543/822 941/544/774 939/542/821
f 937/540/819 930/519/813 942/520/765
f 938/541/820 937/540/819 942/520/765
f 929/518/763 942/520/765 930/519/813
f 938/541/820 942/520/765 943/545/823
f 944/543/824 938/541/820 943/545/823
f 945/543/822 946/542/825 941/544/826
f 946/542/825 945/543/822 947/541/827
f 884/521/766 946/542/825 947/541/827
f 948/540/828 884/521/766 947/541/827
f 884/521/766 948/540/828 882/519/764
f 948/540/828 883/520/765 882/519/764
f 947/541/827 883/520/765 948/540/828
f 947/541/827 949/545/823 883/520/765
f 950/543/829 949/545/823 947/541/827
f 951/509/830 868/505/750 952/546/831
f 868/505/750 953/513/832 952/546/831
f 951/509/830 952/546/831 918/505/804
f 918/505/804 952/546/831 953/513/832
f 954/347/833 955/547/721 684/344/571
f 956/548/834 957/549/835 958/550/836
f 957/549/835 959/551/837 958/550/836
f 960/552/788 961/553/838 962/554/839
f 961/553/838 963/549/840 962/554/839
f 964/548/841 962/554/839 963/549/840
f 965/555/842 966/556/843 639/299/527
f 642/302/530 965/555/842 639/299/527
f 966/556/843 646/306/534 639/299/527
f 967/279/844 968/282/845 969/281/846
f 967/279/844 969/281/846 970/280/847
f 968/282/845 971/283/848 969/281/846
f 968/282/845 972/284/849 971/283/848
f 969/281/846 973/285/850 970/280/847
f 969/281/846 974/286/851 973/285/850
f 971/283/848 974/286/851 969/281/846
f 971/283/848 975/287/852 974/286/851
f 976/288/853 974/286/851 975/287/852
f 976/288/853 977/289/854 974/286/851
f 977/289/854 973/285/850 974/286/851
f 967/279/844 970/280/847 978/290/855
f 968/282/845 979/291/856 972/284/849
f 980/292/857 979/291/856 968/282/845
f 967/279/844 980/292/857 968/282/845
f 980/292/857 981/293/853 979/291/856
f 980/292/857 982/294/858 981/293/853
f 982/294/858 980/292/857 983/295/859
f 967/279/844 983/295/859 980/292/857
f 984/296/860 983/295/859 967/279/844
f 984/296/860 967/279/844 978/290/855
f 984/296/860 978/290/855 985/297/861
f 984/296/860 985/297/861 986/298/862
f 986/298/862 985/297/861 987/299/863
f 988/300/864 984/296/860 986/298/862
f 982/294/858 983/295/859 988/300/864
f 984/296/860 988/300/864 983/295/859
f 988/300/864 986/298/862 989/301/865
f 990/302/866 986/298/862 987/299/863
f 990/302/866 989/301/865 986/298/862
f 991/303/867 985/297/861 978/290/855
f 992/304/868 985/297/861 991/303/867
f 992/304/868 993/305/869 985/297/861
f 985/297/861 993/305/869 987/299/863
f 987/299/863 993/305/869 994/306/870
f 995/307/871 992/304/868 991/303/867
f 995/307/871 991/303/867 996/308/872
f 996/308/872 997/309/873 995/307/871
f 996/308/872 998/310/874 997/309/873
f 999/311/875 998/310/874 996/308/872
f 999/311/875 1000/312/876 998/310/874
f 993/305/869 992/304/868 1001/313/877
f 993/305/869 1001/313/877 1002/314/878
f 1001/313/877 992/304/868 1003/315/879
f 1003/315/879 992/304/868 995/307/871
f 1003/315/879 995/307/871 1004/316/880
f 997/309/873 1004/316/880 995/307/871
f 1003/315/879 1004/316/880 1005/317/881
f 996/308/872 970/280/847 999/311/875
f 996/308/872 991/303/867 970/280/847
f 991/303/867 978/290/855 970/280/847
f 970/280/847 1006/318/882 999/311/875
f 1006/318/882 1000/312/876 999/311/875
f 973/285/850 1000/312/876 1006/318/882
f 973/285/850 1006/318/882 970/280/847
f 977/289/854 1000/312/876 973/285/850
f 1007/319/883 1008/321/884 1009/320/885
f 1009/320/885 1008/321/884 1010/322/886
f 1009/320/885 1010/322/886 1011/323/887
f 1011/323/887 1010/322/886 1012/324/888
f 1011/323/887 1012/324/888 1013/325/889
f 1014/326/890 1012/324/888 1010/322/886
f 1015/327/891 1012/324/888 1014/326/890
f 1014/326/890 1010/322/886 1016/328/892
f 1008/321/884 1016/328/892 1010/322/886
f 1017/329/893 1011/323/887 1013/325/889
f 1018/330/894 1011/323/887 1017/329/893
f 1018/330/894 1009/320/885 1011/323/887
f 1017/329/893 1019/331/895 1018/330/894
f 1017/329/893 1020/332/896 1019/331/895
f 1020/332/896 1021/333/897 1019/331/895
f 1020/332/896 1022/334/898 1021/333/897
f 1023/335/899 1022/334/898 1020/332/896
f 1023/335/899 1024/336/900 1022/334/898
f 1025/337/901 1023/335/899 1020/332/896
f 1025/337/901 1020/332/896 1017/329/893
f 1017/329/893 1013/325/889 1025/337/901
f 1025/337/901 1026/338/902 1023/335/899
f 1026/338/902 1024/336/900 1023/335/899
f 1025/337/901 1027/339/903 1026/338/902
f 1013/325/889 1027/339/903 1025/337/901
f 1026/338/902 1028/340/904 1024/336/900
f 1013/325/889 1029/341/905 1027/339/903
f 1019/331/895 1021/333/897 1030/344/906
f 1019/331/895 1030/344/906 1031/345/907
f 1019/331/895 1032/346/908 1018/330/894
f 1019/331/895 1031/345/907 1032/346/908
f 1033/347/909 1031/345/907 1030/344/906
f 1032/346/908 1031/345/907 1033/347/909
f 1018/330/894 1032/346/908 1009/320/885
f 1009/320/885 1032/346/908 1034/348/910
f 1009/320/885 1034/348/910 1035/319/911
f 1032/346/908 1036/347/912 1034/348/910
f 1037/342/913 1027/339/914 1038/341/915
f 1037/342/913 1038/341/915 1039/343/916
f 1029/341/905 1012/324/888 1040/349/917
f 1029/341/905 1013/325/889 1012/324/888
f 1041/349/918 1012/324/888 1015/327/891
f 1042/349/919 1015/327/920 1043/350/921
f 1044/351/922 1045/353/923 1046/352/924
f 1044/351/922 1046/352/924 1047/354/925
f 1047/354/925 1046/352/924 1048/355/926
f 1045/353/923 1044/351/922 1049/356/927
f 1045/353/923 1049/356/927 1050/357/928
f 1046/352/924 1045/353/923 1051/358/929
f 1046/352/924 1051/358/929 1052/361/930
f 1053/360/931 1046/352/924 1052/361/930
f 1046/352/924 1054/359/932 1048/355/926
f 1046/352/924 1053/360/931 1054/359/932
f 1055/372/933 1051/358/929 1045/353/923
f 1055/372/933 1045/353/923 1050/357/928
f 1056/370/934 1051/358/929 1055/372/933
f 1057/363/935 1055/372/933 1050/357/928
f 1055/372/933 1057/363/935 1058/370/936
f 1057/363/935 1050/357/928 1059/362/937
f 1049/356/927 1059/362/937 1050/357/928
f 1057/363/935 1059/362/937 1060/364/938
f 1061/365/939 1060/364/938 1059/362/937
f 1061/365/939 1059/362/937 1049/356/927
f 1062/366/940 1057/363/935 1060/364/938
f 1062/366/940 1063/367/941 1057/363/935
f 1057/363/935 1063/367/941 1064/368/942
f 1057/363/935 1064/368/942 1058/370/936
f 1064/368/942 1063/367/941 1065/369/943
f 1066/370/944 1064/368/942 1065/369/943
f 1067/371/945 1063/367/941 1062/366/940
f 1068/371/946 1065/369/943 1063/367/941
f 1061/365/939 1049/356/927 1069/374/947
f 1061/365/939 1069/374/947 1070/373/948
f 1070/373/948 1069/374/947 1071/375/949
f 1070/373/948 1071/375/949 1072/376/950
f 1072/376/950 1071/375/949 1073/377/951
f 1074/378/952 1073/377/951 1071/375/949
f 1073/377/951 1074/378/952 1075/379/953
f 1073/377/951 1075/379/953 1076/380/954
f 1077/381/955 1073/377/951 1076/380/954
f 1073/377/951 1077/381/955 1078/382/956
f 1072/376/950 1073/377/951 1078/382/956
f 1044/351/922 1069/374/947 1049/356/927
f 1044/351/922 1079/383/957 1069/374/947
f 1080/384/958 1071/375/949 1069/374/947
f 1080/384/958 1069/374/947 1079/383/957
f 1080/384/958 1079/383/957 1081/385/959
f 1044/351/922 1081/385/959 1079/383/957
f 1080/384/958 1081/385/959 1082/386/960
f 1082/386/960 1081/385/959 1083/387/961
f 1083/387/961 1084/388/962 1082/386/960
f 1084/388/962 1080/384/958 1082/386/960
f 1083/387/961 1085/389/963 1084/388/962
f 1084/388/962 1085/389/963 1086/390/964
f 1084/388/962 1086/390/964 1087/391/965
f 1087/391/965 1088/392/966 1084/388/962
f 1087/391/965 1089/393/967 1088/392/966
f 1044/351/922 1047/354/925 1081/385/959
f 1084/388/962 1090/394/968 1080/384/958
f 1084/388/962 1088/392/966 1090/394/968
f 1047/354/925 1091/395/969 1081/385/959
f 1081/385/959 1091/395/969 1083/387/961
f 1092/396/970 1093/398/971 1094/397/972
f 1095/399/973 1093/398/971 1092/396/970
f 1093/398/971 1095/399/973 1096/400/974
f 1093/398/971 1096/400/974 1097/401/975
f 1096/400/974 1098/402/976 1097/401/975
f 1097/401/975 1098/402/976 1099/403/977
f 1100/404/978 1093/398/971 1097/401/975
f 1093/398/971 1100/404/978 1101/405/979
f 1097/401/975 1102/406/980 1100/404/978
f 1097/401/975 1099/403/977 1102/406/980
f 1102/406/980 1099/403/977 1103/407/981
f 1104/408/982 1098/402/976 1096/400/974
f 1104/408/982 1105/409/983 1098/402/976
f 1106/410/984 1105/409/983 1104/408/982
f 1106/410/984 1107/411/985 1105/409/983
f 1108/412/986 1107/411/985 1106/410/984
f 1108/412/986 1109/413/987 1107/411/985
f 1102/406/980 1110/414/988 1100/404/978
f 1102/406/980 1111/415/989 1110/414/988
f 1111/415/989 1112/416/990 1110/414/988
f 1111/415/989 1113/417/991 1112/416/990
f 1112/416/990 1113/417/991 1114/418/992
f 1115/419/993 1112/416/990 1114/418/992
f 1116/420/994 1112/416/990 1115/419/993
f 1110/414/988 1112/416/990 1116/420/994
f 1114/418/992 1113/417/991 1117/421/995
f 1110/414/988 1116/420/994 1118/422/996
f 1119/423/997 1116/420/998 1120/424/999
f 1121/425/1000 1119/423/997 1120/424/999
f 1121/425/1000 1120/424/999 1122/426/1001
f 1123/427/1002 1121/425/1000 1122/426/1001
f 1124/428/1003 1121/425/1000 1123/427/1002
f 1121/425/1000 1124/428/1003 1119/423/997
f 1124/428/1003 1123/427/1002 1125/429/1004
f 1123/427/1002 1122/426/1001 1126/430/1005
f 1125/429/1004 1127/431/1006 1124/428/1003
f 1124/428/1003 1127/431/1006 1128/432/1007
f 1124/428/1003 1128/432/1007 1129/433/1008
f 1119/423/997 1124/428/1003 1129/433/1008
f 1129/433/1008 1130/422/996 1119/423/997
f 1131/405/979 1130/422/996 1129/433/1008
f 1128/432/1007 1131/405/979 1129/433/1008
f 1123/427/1002 1126/430/1005 1132/434/991
f 1123/427/1002 1132/434/991 1133/435/1009
f 1134/429/1010 1123/427/1002 1133/435/1009
f 1134/429/1010 1133/435/1009 1135/436/980
f 1094/397/1011 1131/405/979 1128/432/1007
f 1128/432/1007 1127/431/1006 1136/437/1012
f 1137/438/1013 1136/437/1012 1127/431/1006
f 1137/438/1013 1127/431/1006 1138/439/1014
f 1139/429/1015 1138/439/1014 1127/431/1006
f 1140/440/1016 1138/439/1014 1139/429/1015
f 1138/439/1014 1140/440/1016 1141/441/1017
f 1138/439/1014 1141/441/1017 1142/442/1018
f 1138/439/1014 1142/442/1018 1143/443/1019
f 1137/438/1013 1138/439/1014 1143/443/1019
f 1144/444/1020 1143/443/1019 1142/442/1018
f 1143/443/1019 1144/444/1020 1145/445/1021
f 1143/443/1019 1145/445/1021 1146/446/1022
f 1147/447/1023 1143/443/1019 1146/446/1022
f 1145/445/1021 1147/447/1023 1146/446/1022
f 1145/445/1021 1148/448/1024 1147/447/1023
f 1144/444/1020 1142/442/1018 1149/449/1025
f 1145/445/1021 1144/444/1020 1150/450/1026
f 1145/445/1021 1150/450/1026 1151/451/1027
f 1148/448/1024 1145/445/1021 1151/451/1027
f 1151/451/1027 1150/450/1026 1152/452/987
f 1151/451/1027 1152/452/987 1153/453/1028
f 1148/448/1024 1151/451/1027 1154/454/1029
f 1154/454/1029 1151/451/1027 1153/453/1028
f 1154/454/1029 1153/453/1028 1155/455/1030
f 1156/456/1031 1152/452/987 1150/450/1026
f 1156/456/1031 1150/450/1026 1157/457/1032
f 1157/457/1032 1150/450/1026 1144/444/1020
f 1157/457/1032 1144/444/1020 1149/449/1025
f 1137/438/1013 1143/443/1019 1158/458/1033
f 1159/459/1034 1160/461/1035 1161/460/1036
f 1159/459/1034 1162/462/1037 1160/461/1035
f 1139/429/1015 1159/459/1034 1161/460/1036
f 1139/429/1015 1161/460/1036 1140/440/1016
f 1161/460/1036 1160/461/1035 1163/463/1038
f 1161/460/1036 1163/463/1038 1164/464/1039
f 1140/440/1016 1161/460/1036 1164/464/1039
f 1140/440/1016 1164/464/1039 1141/441/1017
f 1159/459/1034 1165/465/1040 1162/462/1037
f 1159/459/1034 1166/466/1041 1165/465/1040
f 1167/429/1010 1166/466/1041 1159/459/1034
f 1167/429/1010 1168/436/1042 1166/466/1041
f 1169/422/1043 1170/420/1044 1119/423/1045
f 1100/404/978 1118/422/1046 1101/405/979
f 1100/404/978 1110/414/988 1171/422/1047
f 1172/467/1038 1173/469/1037 1174/468/1048
f 1172/467/1038 1175/470/1049 1173/469/1037
f 1176/471/1050 1172/467/1038 1174/468/1048
f 1176/471/1050 1174/468/1048 1177/472/1041
f 1102/406/980 1176/471/1050 1177/472/1041
f 1103/407/981 1176/471/1050 1102/406/980
f 1094/397/972 1093/398/971 1178/405/1051
f 1094/397/1011 1128/432/1007 1179/473/1052
f 1128/432/1007 1136/437/1012 1179/473/1052
f 1180/397/1053 1179/473/1054 1181/474/1055
f 1182/475/1056 1180/397/1053 1181/474/1055
f 1182/475/1056 1092/396/1057 1180/397/1053
f 1183/476/1058 1008/321/884 1184/319/911
f 1183/476/1058 1185/477/1059 1008/321/884
f 1185/477/1059 1016/328/892 1008/321/884
f 1186/478/1060 1187/481/1061 1188/480/1062
f 1186/478/1060 1188/480/1062 1189/479/1063
f 1189/479/1063 1188/480/1062 1190/482/1064
f 1189/479/1063 1190/482/1064 1191/483/1065
f 1188/480/1062 1187/481/1061 1192/484/1066
f 1187/481/1061 1193/485/1067 1192/484/1066
f 1188/480/1062 1192/484/1066 1194/486/1068
f 1188/480/1062 1195/487/1069 1190/482/1064
f 1188/480/1062 1194/486/1068 1195/487/1069
f 1196/488/1070 1195/487/1069 1194/486/1068
f 1190/482/1064 1195/487/1069 1196/488/1070
f 1196/488/1070 1194/486/1068 1197/489/1071
f 1190/482/1064 1196/488/1070 1198/490/1072
f 1199/483/1073 1190/482/1064 1198/490/1072
f 1199/483/1073 1198/490/1072 1200/491/1074
f 1200/491/1074 1198/490/1072 1201/492/1075
f 1200/491/1074 1201/492/1075 1202/493/1076
f 1201/492/1075 1198/490/1072 1203/494/1077
f 1198/490/1072 1196/488/1070 1204/495/1078
f 1204/495/1078 1205/496/1079 1198/490/1072
f 1196/488/1070 1205/496/1079 1204/495/1078
f 1196/488/1070 1197/489/1071 1205/496/1079
f 1198/490/1072 1205/496/1079 1203/494/1077
f 1201/492/1080 1206/494/1081 1207/497/1082
f 1208/498/1083 1209/496/1084 1210/499/1085
f 1211/500/1086 1209/496/1084 1208/498/1083
f 1211/500/1086 1212/494/1077 1209/496/1084
f 1213/501/1082 1212/494/1077 1211/500/1086
f 910/525/796 1214/527/1087 1215/535/781
f 1215/535/781 1216/534/1088 910/525/796
f 1217/538/787 1216/534/1088 1215/535/781
f 1218/539/1089 1216/534/1088 1217/538/787
f 910/525/796 1216/534/1088 912/504/798
f 1214/527/1090 907/526/1091 1219/536/1092
f 1219/536/1092 907/526/1091 1220/537/1093
f 1221/537/1094 907/526/1095 1222/533/1096
f 1223/533/1097 907/526/792 896/532/794
f 1224/347/909 1030/344/1059 1225/547/1058
f 1226/548/1098 1227/550/1099 1228/549/1100
f 1228/549/1100 1227/550/1099 1229/551/1101
f 1230/552/788 1231/554/1102 1232/553/1103
f 1232/553/1103 1231/554/1102 1233/549/1104
f 1234/548/1105 1233/549/1104 1231/554/1102
f 1235/555/1106 987/299/863 1236/556/1107
f 990/302/866 987/299/863 1235/555/1106
f 1236/556/1107 987/299/863 994/306/870
