# Blender 5.1.2
# www.blender.org
mtllib monstro0006.mtl
o Object_33
v 4.565014 -132.905014 81.523972
v 4.338254 -132.559113 81.425369
v 6.325670 -132.440353 81.552483
v 6.325670 -132.918106 81.552483
v 7.102668 -132.467285 81.580780
v 7.102668 -132.936066 81.580780
v 4.604606 -132.289001 81.881615
v 5.673593 -132.345871 81.938492
v 7.098910 -132.480667 81.850616
v 7.098910 -132.718765 81.968033
v 5.673593 -132.678268 82.065178
v 4.188889 -132.890106 81.536995
v 7.098910 -132.925232 81.850616
v 5.354472 -133.015778 81.832832
v 7.098910 -132.718765 81.968033
v 5.673593 -132.678268 82.065178
v 4.604605 -132.949631 81.941986
v 4.228481 -132.949234 81.966881
v 2.392396 -133.100464 81.685524
v 3.052271 -133.067551 82.195854
v 1.939022 -133.067551 82.412827
v 4.416542 -132.597885 82.148407
v 3.241556 -132.678268 82.294983
v 2.372585 -132.678268 82.496277
v 2.392396 -132.244522 81.606728
v 1.900582 -132.319397 81.549591
v 1.900582 -133.096832 81.549591
v 1.605497 -133.076324 82.409904
v 1.939022 -132.346130 82.464088
v 3.052271 -132.289001 82.107231
v 2.372585 -132.678268 82.496277
v 3.241556 -132.678268 82.294983
v 4.151087 -132.272736 81.893082
v 4.416542 -132.597885 82.148407
v 1.633513 -132.371201 81.323006
v 1.526906 -133.167282 81.323006
v 1.605497 -132.325760 82.426895
v 1.942397 -132.678268 82.536102
v 1.607806 -132.678268 82.516968
v 4.379998 -132.272202 81.886894
v 0.619154 -132.449768 68.875793
v 0.414365 -132.308167 71.593933
v 0.935154 -132.266754 71.382149
v 0.993650 -132.513153 73.058838
v 0.487022 -132.523544 72.977684
v 0.994998 -132.511032 73.598366
v 0.464458 -132.539154 73.509979
v 1.172612 -133.127411 73.350433
v 1.172613 -133.171326 73.623421
v 1.172612 -133.095306 73.087509
v 0.308060 -133.138672 73.254631
v 0.308060 -133.095306 72.949013
v 0.740336 -133.327408 73.018265
v 0.740336 -133.369629 73.285431
v 1.172612 -133.095306 73.087509
v 1.172612 -133.127411 73.350433
v 0.740337 -133.412094 73.554169
v 1.172613 -133.171326 73.623421
v 0.308061 -133.171326 73.484924
v 0.830301 -133.629517 76.088402
v 0.306055 -133.237137 76.277496
v 1.230235 -133.237137 76.416039
v 0.334208 -132.405548 76.120567
v 0.012404 -133.560760 76.376801
v 0.012404 -132.527084 76.250900
v 1.165215 -132.951279 71.227577
v 0.715179 -133.245193 71.333466
v 0.333095 -132.951279 71.439354
v 0.619154 -133.154327 68.875793
v 0.372845 -132.879669 68.875793
v 0.619154 -132.449768 68.875793
v 0.619154 -133.154327 68.875793
v 1.294992 -132.310837 76.166573
v 1.294992 -132.310837 76.166573
v 1.294992 -132.310837 76.166573
v 1.230235 -133.237137 76.416039
v 0.968926 -133.528076 78.856369
v 0.846803 -133.735321 77.065964
v 1.250908 -133.261337 77.246635
v 0.012404 -134.118225 78.877609
v 0.012404 -133.861694 76.941177
v 1.115779 -132.679794 78.887535
v 1.245259 -132.425232 77.246635
v 1.230235 -133.237137 76.416039
v 0.012404 -133.560760 76.376801
v 0.306055 -133.237137 76.277496
v 0.830301 -133.629517 76.088402
v 0.760325 -132.216232 77.589539
v 0.831511 -132.105301 77.072639
v 0.012404 -132.278580 77.794662
v 0.012404 -132.310715 78.877609
v 0.012404 -132.254700 76.695053
v 0.193570 -132.208344 76.437347
v 0.899084 -132.132019 76.541748
v 0.334208 -132.405548 76.120567
v 1.294992 -132.310837 76.166573
v 0.012404 -132.527084 76.250900
v 0.012404 -132.527084 76.250900
v 1.280284 -132.421356 77.007362
v 1.294992 -132.310837 76.166573
v 1.294992 -132.310837 76.166573
v 0.012404 -132.197815 79.766899
v 1.178962 -132.571777 79.716705
v 1.633513 -132.371201 81.323006
v 0.012404 -131.796722 81.336067
v 0.966596 -132.178238 82.548309
v 1.605497 -132.325760 82.426895
v 1.607806 -132.678268 82.516968
v 0.957743 -132.678268 82.564018
v 0.467534 -132.733658 82.711540
v 0.012404 -132.288986 82.641838
v 1.050097 -133.475220 79.716705
v 1.526906 -133.167282 81.323006
v 0.542687 -133.922379 79.783081
v 0.871952 -133.728806 81.226639
v 0.012404 -133.906128 81.418457
v 0.966596 -133.067551 82.416367
v 0.012404 -133.111694 82.547127
v 0.467534 -132.733658 82.711540
v 0.957743 -132.678268 82.564018
v 1.605497 -133.076324 82.409904
v 1.607806 -132.678268 82.516968
v 1.900582 -133.096832 81.549591
v 0.012404 -134.090424 79.786514
v 7.304121 -132.976486 81.539520
v 7.304121 -132.432266 81.539520
v 7.452557 -132.662125 81.548004
v 7.471015 -132.844849 81.398323
v 7.696621 -132.936188 81.390800
v 7.722791 -132.771652 81.550415
v 7.814222 -132.987167 81.503250
v 7.732298 -133.018936 81.643456
v 7.998094 -132.651062 81.764587
v 7.924614 -132.317245 81.640755
v 8.008974 -132.868790 81.784622
v 8.016235 -133.040833 81.797997
v 7.952839 -132.976318 81.351234
v 7.976388 -133.031403 81.470039
v 8.094219 -132.966843 81.358345
v 8.104343 -133.019913 81.451134
v 8.187252 -133.033829 81.308746
v 8.197563 -133.087860 81.403229
v 8.153023 -132.647873 81.636078
v 8.201752 -132.844437 81.635910
v 8.200872 -132.660660 81.448280
v 8.219378 -132.841660 81.454140
v 8.336580 -132.645706 81.376869
v 8.252338 -132.421677 81.386719
v 8.151924 -132.412354 81.434792
v 8.352680 -132.813370 81.379700
v 8.087557 -132.318771 81.625534
v 8.194149 -132.314926 81.691910
v 8.252338 -132.421677 81.386719
v 8.348555 -132.648483 81.680092
v 8.336580 -132.645706 81.376869
v 8.341963 -132.848007 81.679138
v 8.046482 -132.672836 81.948761
v 8.044224 -132.872360 81.942497
v 8.352680 -132.813370 81.379700
v 7.304121 -132.709824 81.981804
v 7.304121 -132.432266 81.840729
v 7.963366 -132.302612 81.818100
v 8.087557 -132.318771 81.625534
v 7.924614 -132.317245 81.640755
v 8.219378 -132.841660 81.454140
v 8.201752 -132.844437 81.635910
v 8.044224 -132.872360 81.942497
v 8.008974 -132.868790 81.784622
v 7.098910 -132.718765 81.968033
v 7.098910 -132.925232 81.850616
v 7.304121 -132.976486 81.828369
v 8.044224 -132.872360 81.942497
v 8.042400 -133.033569 81.937431
v 8.016235 -133.040833 81.797997
v 7.732298 -133.018936 81.643456
v 7.304121 -132.976486 81.539520
v 7.704122 -133.117828 81.460487
v 7.670760 -133.044693 81.334610
v 7.422751 -132.983292 81.389915
v 7.471015 -132.844849 81.398323
v 7.696621 -132.936188 81.390800
v 7.814222 -132.987167 81.503250
v 7.961060 -133.152039 81.418671
v 7.930259 -133.077530 81.288940
v 8.197563 -133.087860 81.403229
v 8.187252 -133.033829 81.308746
v 7.952839 -132.976318 81.351234
v 8.094219 -132.966843 81.358345
v 8.104343 -133.019913 81.451134
v 7.976388 -133.031403 81.470039
v 7.102668 -132.936066 81.580780
v 8.393637 -132.844879 81.783943
v 8.388773 -133.006104 81.781639
v 8.486700 -132.989838 81.489441
v 8.490694 -132.861145 81.487854
v 8.346937 -133.003601 81.520737
v 8.271900 -133.013351 81.701218
v 8.335295 -132.851074 81.527557
v 8.257322 -132.841324 81.696854
v 8.044224 -132.872360 81.942497
v 8.008974 -132.868790 81.784622
v 8.087557 -132.318771 81.625534
v 8.151924 -132.412354 81.434792
v 8.087557 -132.318771 81.625534
v 8.346937 -133.003601 81.520737
v 8.335295 -132.851074 81.527557
v 8.490694 -132.861145 81.487854
v 8.486700 -132.989838 81.489441
v 8.271900 -133.013351 81.701218
v 8.257322 -132.841324 81.696854
v 7.924614 -132.317245 81.640755
v 7.098910 -132.480667 81.850616
v 7.304121 -132.432266 81.539520
v 7.102668 -132.467285 81.580780
v 7.102668 -132.936066 81.580780
v 0.881024 -132.879669 68.875793
v 0.619154 -132.449768 68.875793
v 1.165215 -132.951279 71.227577
v 0.619154 -132.449768 68.875793
v 0.881024 -132.879669 68.875793
v 0.881024 -132.879669 68.505905
v 0.619154 -132.449768 68.505905
v 0.619154 -133.228241 68.523651
v 0.619154 -133.154327 68.875793
v 0.905084 -132.523376 67.862648
v 0.619154 -132.354263 67.868217
v 1.063068 -134.537628 67.862648
v 0.780535 -134.328842 68.173485
v 0.426572 -134.625900 68.047722
v 0.394534 -134.811234 67.910217
v 0.357284 -132.879669 68.505905
v 0.619154 -133.154327 68.875793
v 0.372845 -132.879669 68.875793
v 0.619154 -132.449768 68.505905
v 0.619154 -132.449768 68.875793
v 0.336893 -132.543274 67.862648
v 0.265768 -134.507355 68.073181
v 0.130052 -134.634689 67.862648
v 0.619154 -132.354263 67.868217
v 0.336893 -132.543274 67.862648
v 1.063068 -134.537628 67.862648
v 0.394534 -134.811234 67.910217
v 0.130052 -134.634689 67.862648
v 0.905084 -132.523376 67.862648
v 0.336893 -132.543274 67.862648
v 0.619154 -132.354263 67.868217
v 0.405199 -133.561996 83.966873
v 0.310331 -133.536453 83.667122
v 0.704464 -133.208313 83.822868
v 0.152816 -133.639984 83.902161
v 0.012404 -133.697296 83.667122
v 0.012404 -133.636566 83.628479
v 0.012404 -133.675201 83.821686
v 0.012404 -133.802536 83.920486
v 0.599341 -133.406342 84.225418
v 0.780101 -133.212219 84.501984
v 0.081631 -133.638153 84.178062
v 0.012404 -133.712006 84.108688
v 0.012404 -133.653183 84.311424
v 0.344696 -133.614853 84.239166
v 0.372842 -133.648376 84.430214
v 0.012404 -133.688522 84.457870
v 0.012404 -133.677429 84.637306
v 0.372842 -133.629730 84.653969
v 0.012404 -133.404358 85.181091
v 0.644279 -133.357361 84.980812
v 0.668668 -132.680145 85.130341
v 0.829423 -132.693283 84.495117
v 0.676726 -132.778183 83.826881
v 0.350000 -133.358963 83.234306
v 0.458957 -132.767426 83.215637
v 0.012404 -133.099030 83.176239
v 0.674152 -132.173843 84.400513
v 0.012404 -131.828552 84.815338
v 0.012404 -131.939865 83.860649
v 0.644992 -132.369202 83.821320
v 0.012404 -132.351837 83.319336
v 0.012404 -132.351837 83.319336
v 0.012404 -132.288986 82.641838
v 0.271007 -133.516525 83.574463
v 0.012404 -133.580765 83.166397
v 0.012404 -133.099030 83.176239
v 0.012404 -133.111694 82.547127
v 0.467534 -132.733658 82.711540
v 0.012404 -133.640717 83.473259
v 0.012404 -133.613129 83.542259
v 0.467534 -132.733658 82.711540
v 0.012404 -132.288986 82.641838
v -0.434149 -132.767426 83.215637
v -0.620183 -132.369202 83.821320
v -0.651917 -132.778183 83.826881
v -0.325192 -133.358963 83.234306
v 0.012404 -133.099030 83.176239
v -0.679655 -133.208313 83.822868
v -0.804614 -132.693283 84.495117
v -0.755293 -133.212219 84.501984
v -0.574532 -133.406342 84.225418
v -0.380390 -133.561996 83.966873
v -0.285523 -133.536453 83.667122
v -0.128008 -133.639984 83.902161
v 0.012404 -133.697296 83.667122
v 0.012404 -133.636566 83.628479
v 0.012404 -133.675201 83.821686
v 0.012404 -133.802536 83.920486
v -0.056822 -133.638153 84.178062
v 0.012404 -133.712006 84.108688
v 0.012404 -133.653183 84.311424
v -0.319888 -133.614853 84.239166
v -0.348034 -133.648376 84.430214
v 0.012404 -133.688522 84.457870
v 0.012404 -133.677429 84.637306
v -0.348034 -133.629730 84.653969
v -0.619471 -133.357361 84.980812
v -0.643859 -132.680145 85.130341
v -0.649343 -132.173843 84.400513
v 0.012404 -131.828552 84.815338
v 0.012404 -131.939865 83.860649
v 0.012404 -132.351837 83.319336
v -0.322313 -133.379333 85.102745
v -0.459236 -132.805405 85.302948
v -0.643859 -132.680145 85.130341
v 0.012404 -132.245300 85.295799
v 0.012404 -131.828552 84.815338
v 0.012404 -133.404358 85.181091
v 0.012404 -132.919510 85.405190
v 0.012404 -132.245300 85.295799
v 0.012404 -132.245300 85.295799
v 0.668668 -132.680145 85.130341
v 0.484045 -132.805405 85.302948
v 0.347122 -133.379333 85.102745
v 0.012404 -132.919510 85.405190
v 0.012404 -132.245300 85.295799
v 0.012404 -133.802536 83.920486
v 0.012404 -133.805237 83.956894
v 0.012404 -133.712006 84.108688
v 0.619154 -133.154327 68.875793
v 0.881024 -132.879669 68.875793
v 0.012404 -132.676636 83.603111
v 0.704464 -133.208313 83.822868
v 0.012404 -133.636566 83.628479
v 0.310331 -133.536453 83.667122
v 0.012404 -133.613129 83.542259
v 0.271007 -133.516525 83.574463
v 0.012404 -133.422791 83.322845
v 0.704464 -133.208313 83.822868
v 0.012404 -132.676636 83.603111
v 1.942397 -132.678268 82.536102
v 1.607806 -132.678268 82.516968
v -4.540206 -132.904984 81.523941
v -6.300860 -132.918076 81.552452
v -6.300860 -132.440323 81.552452
v -4.313445 -132.559067 81.425354
v -7.077860 -132.467255 81.580750
v -7.077861 -132.936035 81.580750
v -4.579795 -132.288956 81.881599
v -5.648786 -132.345840 81.938461
v -7.074100 -132.480637 81.850586
v -7.074100 -132.718735 81.968002
v -5.648786 -132.678238 82.065147
v -4.164080 -132.890076 81.536972
v -7.074100 -132.925201 81.850586
v -5.329665 -133.015747 81.832802
v -7.074100 -132.718735 81.968002
v -5.648786 -132.678238 82.065147
v -4.579799 -132.949600 81.941956
v -4.203672 -132.949203 81.966858
v -2.367586 -133.100433 81.685501
v -3.027462 -133.067520 82.195831
v -1.914213 -133.067520 82.412804
v -4.391735 -132.597839 82.148392
v -3.216747 -132.678238 82.294952
v -2.347774 -132.678238 82.496254
v -2.367586 -132.244492 81.606705
v -1.875772 -132.319366 81.549568
v -1.875772 -133.096802 81.549568
v -1.580689 -133.076309 82.409889
v -1.914213 -132.346100 82.464066
v -3.027462 -132.288971 82.107208
v -2.347774 -132.678238 82.496254
v -3.216747 -132.678238 82.294952
v -4.126278 -132.272705 81.893059
v -4.391735 -132.597839 82.148392
v -1.608704 -132.371185 81.322998
v -1.502098 -133.167267 81.322998
v -1.580689 -132.325745 82.426880
v -1.917587 -132.678238 82.536079
v -1.582998 -132.678253 82.516953
v -4.355187 -132.272156 81.886879
v -0.594346 -132.449753 68.875793
v -0.910346 -132.266739 71.382149
v -0.389556 -132.308151 71.593925
v -0.968841 -132.513138 73.058838
v -0.462213 -132.523529 72.977684
v -0.970189 -132.511002 73.598358
v -0.439649 -132.539124 73.509972
v -1.147803 -133.127396 73.350426
v -1.147804 -133.171295 73.623413
v -1.147803 -133.095291 73.087509
v -0.283251 -133.138657 73.254623
v -0.283252 -133.095291 72.949013
v -0.715527 -133.327393 73.018265
v -0.715527 -133.369614 73.285423
v -1.147803 -133.095291 73.087509
v -1.147803 -133.127396 73.350426
v -0.715528 -133.412064 73.554161
v -1.147804 -133.171295 73.623413
v -0.283251 -133.171295 73.484917
v -0.805492 -133.629486 76.088394
v -0.281246 -133.237106 76.277489
v -1.205426 -133.237106 76.416031
v -0.309400 -132.405533 76.120560
v -1.140407 -132.951263 71.227577
v -0.690371 -133.245178 71.333466
v -0.308287 -132.951263 71.439354
v -0.594346 -133.154312 68.875793
v -0.348036 -132.879654 68.875793
v -0.594346 -132.449753 68.875793
v -0.594346 -133.154312 68.875793
v 0.012404 -133.560760 76.376801
v -0.309400 -132.405533 76.120560
v 0.012404 -132.527084 76.250900
v -1.270182 -132.393051 76.156235
v -1.270182 -132.393051 76.156235
v -1.270182 -132.393051 76.156235
v -1.205426 -133.237106 76.416031
v -0.944117 -133.528076 78.856369
v -1.226099 -133.261337 77.246635
v -0.821995 -133.735321 77.065964
v 0.012404 -134.118225 78.877609
v 0.012404 -133.861694 76.941177
v -1.090970 -132.679794 78.887535
v -1.220450 -132.425232 77.246635
v -1.205426 -133.237106 76.416031
v -0.805492 -133.629486 76.088394
v -0.281246 -133.237106 76.277489
v 0.012404 -133.560760 76.376801
v -1.259399 -132.421356 77.014854
v -1.270182 -132.393051 76.156235
v -0.806702 -132.105301 77.072639
v -1.270182 -132.393051 76.156235
v -0.735517 -132.216232 77.589539
v 0.012404 -132.278580 77.794662
v 0.012404 -132.310715 78.877609
v 0.012404 -132.254700 76.695053
v -0.168761 -132.208344 76.437347
v -0.874276 -132.132019 76.541748
v -0.309400 -132.405533 76.120560
v -1.270182 -132.393051 76.156235
v 0.012404 -132.527084 76.250900
v 0.012404 -132.527084 76.250900
v -1.154153 -132.571777 79.716705
v 0.012404 -132.197815 79.766899
v -1.608704 -132.371185 81.322998
v 0.012404 -131.796722 81.336067
v -0.941788 -132.178223 82.548302
v -1.580689 -132.325745 82.426880
v -1.582998 -132.678253 82.516953
v -0.932935 -132.678253 82.564003
v -0.442726 -132.733658 82.711540
v 0.012404 -132.288986 82.641838
v -1.025290 -133.475220 79.716705
v -1.502098 -133.167267 81.322998
v -0.517879 -133.922379 79.783081
v -0.847144 -133.728790 81.226631
v 0.012404 -133.906128 81.418457
v -0.941788 -133.067535 82.416359
v 0.012404 -133.111694 82.547127
v -0.442726 -132.733658 82.711540
v -0.932935 -132.678253 82.564003
v -1.580689 -133.076309 82.409889
v -1.582998 -132.678253 82.516953
v -1.875772 -133.096802 81.549568
v 0.012404 -134.090424 79.786514
v -7.279314 -132.976471 81.539482
v -7.427750 -132.662109 81.547966
v -7.279313 -132.432251 81.539482
v -7.446208 -132.844833 81.398285
v -7.671814 -132.936172 81.390762
v -7.697984 -132.771637 81.550377
v -7.789415 -132.987152 81.503204
v -7.707491 -133.018921 81.643417
v -7.973287 -132.651047 81.764542
v -7.899807 -132.317230 81.640717
v -7.984167 -132.868774 81.784584
v -7.991427 -133.040817 81.797958
v -7.928032 -132.976303 81.351196
v -7.951581 -133.031387 81.470001
v -8.069410 -132.966827 81.358307
v -8.079535 -133.019897 81.451096
v -8.162444 -133.033813 81.308708
v -8.172755 -133.087845 81.403191
v -8.128216 -132.647858 81.636040
v -8.176944 -132.844421 81.635872
v -8.176064 -132.660645 81.448242
v -8.194570 -132.841644 81.454102
v -8.311772 -132.645691 81.376831
v -8.227530 -132.421661 81.386681
v -8.127116 -132.412338 81.434753
v -8.327873 -132.813354 81.379662
v -8.062750 -132.318756 81.625496
v -8.169342 -132.314911 81.691872
v -8.227530 -132.421661 81.386681
v -8.323747 -132.648468 81.680054
v -8.311772 -132.645691 81.376831
v -8.317156 -132.847992 81.679100
v -8.021675 -132.672821 81.948723
v -8.019417 -132.872345 81.942459
v -8.327873 -132.813354 81.379662
v -7.279314 -132.709808 81.981766
v -7.279313 -132.432251 81.840691
v -7.938558 -132.302597 81.818062
v -8.062750 -132.318756 81.625496
v -7.899807 -132.317230 81.640717
v -8.194570 -132.841644 81.454102
v -8.176944 -132.844421 81.635872
v -8.019417 -132.872345 81.942459
v -7.984167 -132.868774 81.784584
v -7.074100 -132.718735 81.968002
v -7.074100 -132.925201 81.850586
v -7.279314 -132.976471 81.828331
v -8.019417 -132.872345 81.942459
v -8.017591 -133.033554 81.937393
v -7.991427 -133.040817 81.797958
v -7.707491 -133.018921 81.643417
v -7.279314 -132.976471 81.539482
v -7.679315 -133.117813 81.460449
v -7.645953 -133.044678 81.334572
v -7.397944 -132.983276 81.389877
v -7.446208 -132.844833 81.398285
v -7.671814 -132.936172 81.390762
v -7.789415 -132.987152 81.503204
v -7.936253 -133.152023 81.418633
v -7.905452 -133.077515 81.288902
v -8.172755 -133.087845 81.403191
v -8.162444 -133.033813 81.308708
v -7.928032 -132.976303 81.351196
v -8.069410 -132.966827 81.358307
v -8.079535 -133.019897 81.451096
v -7.951581 -133.031387 81.470001
v -7.077861 -132.936035 81.580750
v -8.368830 -132.844864 81.783905
v -8.461892 -132.989822 81.489403
v -8.363965 -133.006088 81.781601
v -8.465886 -132.861130 81.487816
v -8.322128 -133.003586 81.520699
v -8.247092 -133.013336 81.701180
v -8.310487 -132.851059 81.527512
v -8.232514 -132.841309 81.696815
v -8.019417 -132.872345 81.942459
v -7.984167 -132.868774 81.784584
v -8.062750 -132.318756 81.625496
v -8.127116 -132.412338 81.434753
v -8.062750 -132.318756 81.625496
v -8.322128 -133.003586 81.520699
v -8.465886 -132.861130 81.487816
v -8.310487 -132.851059 81.527512
v -8.461892 -132.989822 81.489403
v -8.247092 -133.013336 81.701180
v -8.232514 -132.841309 81.696815
v -7.899807 -132.317230 81.640717
v -7.074100 -132.480637 81.850586
v -7.279313 -132.432251 81.539482
v -7.077860 -132.467255 81.580750
v -7.077861 -132.936035 81.580750
v -0.856215 -132.879654 68.875793
v -0.594346 -132.449753 68.875793
v -1.140407 -132.951263 71.227577
v -0.594346 -132.449753 68.875793
v -0.594346 -132.449753 68.505898
v -0.856215 -132.879654 68.505898
v -0.856215 -132.879654 68.875793
v -0.594346 -133.228226 68.523643
v -0.594346 -133.154312 68.875793
v -0.880275 -132.523361 67.862640
v -0.594346 -132.354248 67.868210
v -1.038260 -134.537613 67.862640
v -0.755726 -134.328827 68.173477
v -0.401764 -134.625885 68.047714
v -0.369725 -134.811218 67.910210
v -0.332474 -132.879654 68.505898
v -0.594346 -133.154312 68.875793
v -0.348036 -132.879654 68.875793
v -0.594346 -132.449753 68.505898
v -0.594346 -132.449753 68.875793
v -0.312085 -132.543259 67.862640
v -0.240959 -134.507339 68.073174
v -0.105244 -134.634674 67.862640
v -0.312085 -132.543259 67.862640
v -0.594346 -132.354248 67.868210
v -1.038260 -134.537613 67.862640
v -0.105244 -134.634674 67.862640
v -0.369725 -134.811218 67.910210
v -0.880275 -132.523361 67.862640
v -0.312085 -132.543259 67.862640
v -0.594346 -132.354248 67.868210
v 0.012404 -133.099030 83.176239
v 0.012404 -133.580765 83.166397
v -0.246199 -133.516525 83.574463
v 0.012404 -133.640717 83.473259
v 0.012404 -133.613129 83.542259
v 0.012404 -133.111694 82.547127
v -0.442726 -132.733658 82.711540
v -0.442726 -132.733658 82.711540
v 0.012404 -132.288986 82.641838
v 0.012404 -132.288986 82.641838
v -0.594346 -133.154312 68.875793
v -0.856215 -132.879654 68.875793
v 0.012404 -132.676636 83.603111
v 0.012404 -133.636566 83.628479
v -0.679655 -133.208313 83.822868
v -0.285523 -133.536453 83.667122
v 0.012404 -133.613129 83.542259
v 0.012404 -133.422791 83.322845
v -0.246199 -133.516525 83.574463
v -0.679655 -133.208313 83.822868
v 0.012404 -132.676636 83.603111
v -1.917587 -132.678238 82.536079
v -1.582998 -132.678253 82.516953
vn -0.0207 -0.7165 -0.6973
vn -0.0255 0.4064 -0.9133
vn 0.0683 0.6544 -0.7530
vn 0.0512 -0.6648 -0.7453
vn -0.1115 0.7019 -0.7035
vn -0.1555 -0.7151 -0.6815
vn 0.0472 0.9698 0.2394
vn 0.0518 0.9233 0.3806
vn -0.0312 0.8305 0.5561
vn -0.0001 -0.0580 0.9983
vn 0.0606 -0.0828 0.9947
vn -0.0238 -0.7149 -0.6988
vn -0.0640 -0.8396 0.5394
vn 0.0233 -0.9588 0.2831
vn -0.0001 -0.0581 0.9983
vn -0.0115 -0.8846 0.4663
vn 0.1045 -0.8851 0.4535
vn 0.0490 -0.7943 -0.6056
vn 0.1574 -0.8370 0.5241
vn 0.0418 -0.7795 0.6250
vn 0.0899 0.0816 0.9926
vn 0.1888 0.0760 0.9791
vn 0.2012 0.0172 0.9794
vn 0.0137 0.7476 -0.6640
vn 0.1449 0.7695 -0.6219
vn 0.3050 -0.7575 -0.5772
vn 0.0124 -0.7983 0.6022
vn 0.0300 0.7354 0.6770
vn 0.1404 0.8973 0.4186
vn 0.2012 0.0173 0.9794
vn 0.1889 0.0761 0.9791
vn -0.0079 0.9899 0.1419
vn 0.6213 0.6579 -0.4257
vn 0.7451 -0.6489 -0.1545
vn 0.1109 0.7805 0.6153
vn 0.0129 -0.0413 0.9991
vn 0.0187 -0.0621 0.9979
vn 0.0393 0.9860 0.1620
vn -0.0206 0.9945 -0.1031
vn -0.6581 0.7515 0.0467
vn 0.5405 0.8413 -0.0098
vn 0.5989 0.7992 0.0513
vn -0.6142 0.7848 0.0826
vn 0.5776 0.8144 -0.0562
vn -0.6432 0.7654 -0.0186
vn 0.9292 -0.3643 -0.0629
vn 0.9067 -0.4114 -0.0934
vn 0.9319 -0.3599 -0.0451
vn -0.9159 -0.3950 -0.0722
vn -0.9221 -0.3855 -0.0344
vn 0.0129 -0.9934 -0.1143
vn 0.0202 -0.9888 -0.1481
vn 0.9292 -0.3642 -0.0629
vn 0.0090 -0.9930 -0.1175
vn 0.9067 -0.4113 -0.0933
vn -0.9071 -0.4178 -0.0508
vn 0.0748 -0.9950 -0.0661
vn -0.5270 -0.5581 -0.6409
vn 0.9194 -0.3915 -0.0375
vn -0.5005 0.6828 -0.5322
vn -0.0000 -0.6392 -0.7690
vn -0.0000 0.2789 -0.9603
vn 0.9489 -0.3090 -0.0648
vn -0.0413 -0.9983 -0.0408
vn -0.9262 -0.3765 -0.0197
vn -0.0250 -0.9996 0.0114
vn -0.9950 -0.0997 -0.0033
vn -0.0249 -0.9996 0.0115
vn 0.7460 0.6550 -0.1201
vn 0.7460 0.6551 -0.1201
vn 0.9194 -0.3914 -0.0375
vn 0.8248 -0.5653 0.0116
vn 0.4632 -0.8745 -0.1438
vn 0.9380 -0.3454 0.0288
vn -0.0000 -0.9994 -0.0357
vn -0.0000 -0.9489 -0.3156
vn 0.8721 0.4870 0.0470
vn 0.8568 0.4909 0.1581
vn 0.2500 0.9487 0.1934
vn 0.2160 0.9709 0.1033
vn -0.0000 0.9986 0.0535
vn -0.0000 0.9997 0.0243
vn -0.0000 0.9962 -0.0874
vn -0.3488 0.8709 -0.3462
vn 0.1281 0.9719 -0.1977
vn -0.5004 0.6826 -0.5326
vn -0.0000 0.2788 -0.9604
vn 0.9046 0.4169 0.0894
vn -0.0000 0.9822 -0.1880
vn 0.8165 0.5309 -0.2269
vn 0.6213 0.6579 -0.4256
vn 0.0001 0.9997 -0.0245
vn 0.2083 0.7123 0.6703
vn 0.0188 -0.0621 0.9979
vn 0.2018 -0.1235 0.9716
vn 0.5848 -0.1700 0.7931
vn -0.0000 0.8650 0.5019
vn 0.8616 -0.4983 -0.0966
vn 0.7450 -0.6489 -0.1545
vn 0.4752 -0.8799 -0.0013
vn 0.4556 -0.8692 0.1920
vn 0.0001 -0.9450 0.3271
vn 0.1917 -0.6954 0.6926
vn -0.0000 -0.8719 0.4896
vn 0.5848 -0.1699 0.7932
vn 0.2018 -0.1236 0.9716
vn 0.0124 -0.7983 0.6021
vn 0.0187 -0.0622 0.9979
vn 0.3049 -0.7575 -0.5773
vn -0.0000 -0.9975 0.0711
vn -0.4408 -0.7146 -0.5433
vn -0.1428 0.6660 -0.7322
vn 0.0664 0.2244 -0.9722
vn -0.2909 0.4654 -0.8359
vn 0.2663 0.6342 -0.7258
vn 0.5293 0.4611 -0.7122
vn 0.7577 0.2611 0.5981
vn 0.3919 -0.9200 -0.0021
vn -0.0710 -0.1191 -0.9903
vn 0.0048 0.6478 -0.7618
vn 0.0565 -0.1729 -0.9833
vn 0.0364 -0.8601 -0.5089
vn 0.0372 0.9298 -0.3662
vn 0.1574 0.3023 0.9401
vn 0.2300 0.9586 -0.1679
vn 0.3412 0.3901 0.8552
vn 0.7614 0.1076 -0.6393
vn 0.8707 -0.4075 0.2752
vn -0.8262 -0.1853 -0.5320
vn -0.4532 -0.8363 -0.3085
vn -0.7808 -0.1605 -0.6038
vn -0.5755 -0.6788 -0.4561
vn 0.5409 0.1107 -0.8338
vn 0.3291 0.5226 -0.7865
vn -0.6583 0.4081 -0.6326
vn 0.5062 -0.4561 -0.7319
vn -0.2582 0.7436 -0.6168
vn 0.5537 0.7935 0.2526
vn -0.6583 0.4080 -0.6326
vn 0.9119 0.1643 0.3761
vn 0.7131 -0.6401 0.2860
vn 0.3472 0.1581 0.9244
vn 0.2479 -0.0155 0.9687
vn -0.0382 -0.0074 0.9992
vn -0.1313 0.8359 0.5330
vn 0.0834 0.8229 0.5620
vn -0.2582 0.7435 -0.6168
vn -0.5756 -0.6787 -0.4561
vn -0.1428 0.6659 -0.7322
vn -0.0002 -0.0580 0.9983
vn -0.1279 -0.8683 0.4793
vn 0.2478 -0.0155 0.9687
vn 0.1066 -0.6639 0.7402
vn 0.3918 -0.9201 -0.0020
vn -0.4408 -0.7146 -0.5432
vn -0.0846 -0.9894 0.1179
vn -0.2199 -0.3368 -0.9156
vn -0.5528 -0.4068 -0.7272
vn 0.2663 0.6342 -0.7259
vn 0.7577 0.2611 0.5980
vn 0.0964 -0.9590 0.2667
vn -0.0475 -0.2948 -0.9544
vn 0.8707 -0.4075 0.2753
vn 0.2299 0.9586 -0.1678
vn 0.3413 0.3901 0.8552
vn 0.1573 0.3024 0.9401
vn -0.1555 -0.7151 -0.6816
vn 0.5824 0.6226 0.5227
vn 0.5984 -0.6225 0.5044
vn 0.6294 -0.5263 -0.5717
vn 0.6350 0.5145 -0.5763
vn -0.4564 -0.6399 -0.6182
vn -0.3260 -0.8379 -0.4377
vn -0.5050 0.6148 -0.6058
vn -0.4123 0.8067 -0.4234
vn 0.0565 -0.1728 -0.9833
vn -0.2581 0.7436 -0.6168
vn 0.5537 0.7935 0.2525
vn -0.6582 0.4080 -0.6326
vn -0.2581 0.7435 -0.6169
vn 0.6350 0.5144 -0.5763
vn 0.6295 -0.5263 -0.5717
vn -0.4122 0.8067 -0.4235
vn 0.0048 0.6479 -0.7617
vn -0.1115 0.7019 -0.7034
vn -0.4407 -0.7146 -0.5432
vn 0.9936 -0.0970 -0.0580
vn -0.0205 0.9945 -0.1031
vn 0.9488 -0.3090 -0.0648
vn 0.9707 0.0618 0.2320
vn -0.0073 0.9718 0.2357
vn -0.0146 -0.5522 0.8336
vn -0.0250 -0.9996 0.0115
vn 0.7029 0.4519 -0.5492
vn -0.0227 0.8451 -0.5341
vn 0.7602 -0.5759 -0.3009
vn 0.3118 -0.3877 0.8675
vn -0.0509 -0.5387 0.8410
vn -0.1106 -0.9868 -0.1181
vn -0.9677 0.0694 0.2422
vn -0.0249 -0.9996 0.0114
vn -0.7060 0.4350 -0.5589
vn -0.4635 -0.3405 0.8181
vn -0.7877 -0.5043 -0.3540
vn -0.0226 0.8451 -0.5342
vn 0.7602 -0.5758 -0.3009
vn -0.7876 -0.5043 -0.3540
vn 0.5204 -0.8431 -0.1356
vn 0.3902 -0.3321 -0.8588
vn 0.8660 -0.3393 -0.3673
vn 0.4696 -0.8810 -0.0579
vn 0.0001 -0.9060 -0.4233
vn -0.0000 -0.2956 -0.9553
vn -0.0000 -0.9721 -0.2347
vn -0.0001 -0.9207 -0.3902
vn 0.7290 -0.6804 -0.0754
vn 0.9295 -0.3665 0.0422
vn 0.3696 -0.9278 0.0501
vn -0.0001 -0.9486 0.3164
vn -0.0000 -0.9958 -0.0920
vn 0.3630 -0.9175 -0.1626
vn 0.4282 -0.9022 -0.0520
vn -0.0000 -0.9968 -0.0794
vn -0.0000 -0.9670 0.2547
vn 0.3939 -0.8925 0.2199
vn -0.0000 -0.6636 0.7481
vn 0.7030 -0.5379 0.4653
vn 0.7993 0.2380 0.5517
vn 0.9929 0.1153 0.0301
vn 0.9537 0.0578 -0.2953
vn 0.6052 -0.4003 -0.6881
vn 0.9124 0.1030 -0.3960
vn -0.0000 -0.5389 -0.8424
vn 0.7735 0.6333 0.0229
vn -0.0000 0.9397 0.3419
vn -0.0000 0.9230 -0.3848
vn 0.8148 0.4648 -0.3465
vn -0.0000 0.9164 -0.4002
vn -0.0000 0.8650 0.5018
vn 0.0980 -0.6530 0.7510
vn -0.0000 -0.6883 -0.7254
vn -0.0000 -0.8719 0.4897
vn 0.9125 0.1029 -0.3960
vn 0.5849 -0.1700 0.7931
vn -0.0000 -0.9995 0.0322
vn -0.0000 -0.3630 0.9318
vn 0.5849 -0.1699 0.7931
vn -0.0000 0.8649 0.5019
vn 0.9124 0.1029 -0.3961
vn -0.9124 0.1030 -0.3960
vn -0.8148 0.4648 -0.3465
vn -0.0000 0.9164 -0.4003
vn -0.9537 0.0578 -0.2953
vn -0.6052 -0.4003 -0.6881
vn -0.8660 -0.3393 -0.3673
vn -0.9929 0.1153 0.0301
vn -0.9295 -0.3665 0.0422
vn -0.7290 -0.6804 -0.0754
vn -0.5204 -0.8431 -0.1356
vn -0.3901 -0.3321 -0.8588
vn -0.4696 -0.8810 -0.0579
vn -0.0001 -0.9060 -0.4233
vn 0.0001 -0.9208 -0.3901
vn -0.3696 -0.9278 0.0501
vn -0.0000 -0.9486 0.3164
vn -0.0000 -0.9958 -0.0921
vn -0.3630 -0.9175 -0.1626
vn -0.4282 -0.9022 -0.0520
vn -0.3939 -0.8925 0.2199
vn -0.7030 -0.5379 0.4653
vn -0.7994 0.2380 0.5517
vn -0.7735 0.6333 0.0229
vn -0.0000 0.9230 -0.3849
vn -0.2775 -0.6404 0.7162
vn -0.4654 -0.0145 0.8850
vn -0.7993 0.2380 0.5518
vn -0.0000 0.5765 0.8171
vn -0.0000 -0.1608 0.9870
vn -0.0000 0.5766 0.8171
vn 0.7993 0.2380 0.5518
vn -0.0001 0.9397 0.3419
vn 0.4654 -0.0144 0.8850
vn 0.2775 -0.6404 0.7162
vn -0.0000 -0.1609 0.9870
vn -0.0000 -0.9208 -0.3901
vn -0.0000 -0.9693 0.2460
vn -0.4696 -0.8810 -0.0580
vn 0.9936 -0.0970 -0.0581
vn -0.0000 -0.9997 -0.0252
vn 0.8660 -0.3392 -0.3673
vn 0.3902 -0.3322 -0.8587
vn 0.0001 -0.3630 0.9318
vn 0.0980 -0.6529 0.7510
vn -0.0000 0.2087 0.9780
vn 0.8660 -0.3393 -0.3674
vn -0.0001 -0.9997 -0.0253
vn 0.0129 -0.0414 0.9991
vn 0.0206 -0.7165 -0.6973
vn -0.0512 -0.6648 -0.7453
vn -0.0684 0.6545 -0.7530
vn 0.0255 0.4064 -0.9133
vn 0.1115 0.7020 -0.7034
vn 0.1554 -0.7151 -0.6815
vn -0.0472 0.9698 0.2394
vn -0.0518 0.9233 0.3806
vn 0.0312 0.8305 0.5561
vn 0.0001 -0.0580 0.9983
vn -0.0606 -0.0828 0.9947
vn 0.0238 -0.7149 -0.6988
vn 0.0640 -0.8396 0.5394
vn -0.0233 -0.9588 0.2831
vn 0.0002 -0.0581 0.9983
vn 0.0115 -0.8846 0.4663
vn -0.1045 -0.8851 0.4535
vn -0.0490 -0.7943 -0.6056
vn -0.1574 -0.8370 0.5241
vn -0.0418 -0.7795 0.6250
vn -0.0899 0.0816 0.9926
vn -0.1888 0.0761 0.9791
vn -0.2012 0.0172 0.9794
vn -0.0138 0.7477 -0.6639
vn -0.1449 0.7695 -0.6219
vn -0.3050 -0.7575 -0.5772
vn -0.0124 -0.7983 0.6021
vn -0.0300 0.7354 0.6770
vn -0.1404 0.8972 0.4186
vn -0.1889 0.0761 0.9790
vn 0.0079 0.9899 0.1419
vn -0.6213 0.6579 -0.4257
vn -0.7450 -0.6489 -0.1545
vn -0.1108 0.7805 0.6153
vn -0.0129 -0.0413 0.9991
vn -0.0187 -0.0621 0.9979
vn -0.0393 0.9860 0.1620
vn 0.0206 0.9945 -0.1031
vn -0.5405 0.8413 -0.0098
vn 0.6581 0.7515 0.0467
vn -0.5989 0.7992 0.0513
vn 0.6142 0.7848 0.0826
vn -0.5787 0.8139 -0.0515
vn 0.6432 0.7654 -0.0186
vn -0.9292 -0.3642 -0.0629
vn -0.9073 -0.4103 -0.0921
vn -0.9319 -0.3600 -0.0451
vn 0.9158 -0.3950 -0.0722
vn 0.9221 -0.3855 -0.0343
vn -0.0129 -0.9934 -0.1143
vn -0.0202 -0.9888 -0.1481
vn -0.9319 -0.3599 -0.0452
vn -0.0090 -0.9930 -0.1174
vn -0.9073 -0.4103 -0.0920
vn 0.9071 -0.4178 -0.0508
vn -0.0791 -0.9950 -0.0610
vn 0.5270 -0.5581 -0.6409
vn -0.9190 -0.3927 -0.0351
vn 0.4751 0.6905 -0.5455
vn -0.9489 -0.3090 -0.0648
vn 0.0413 -0.9983 -0.0408
vn 0.9262 -0.3765 -0.0197
vn 0.0250 -0.9996 0.0114
vn 0.9950 -0.0997 -0.0033
vn 0.0249 -0.9996 0.0114
vn -0.0000 -0.6392 -0.7691
vn -0.7847 0.6061 -0.1301
vn -0.9073 -0.4102 -0.0921
vn -0.9190 -0.3926 -0.0351
vn -0.8248 -0.5653 0.0116
vn -0.9359 -0.3513 0.0240
vn -0.4613 -0.8752 -0.1456
vn -0.8721 0.4870 0.0470
vn -0.8543 0.4923 0.1670
vn -0.0790 -0.9950 -0.0610
vn -0.8987 0.4321 0.0746
vn -0.2246 0.9701 0.0923
vn -0.7846 0.6061 -0.1301
vn -0.2500 0.9487 0.1934
vn 0.3489 0.8709 -0.3462
vn -0.2186 0.9527 -0.2111
vn 0.4750 0.6905 -0.5455
vn -0.7847 0.6060 -0.1302
vn -0.0000 0.2788 -0.9603
vn -0.8165 0.5309 -0.2268
vn -0.0000 0.9997 -0.0245
vn -0.2083 0.7123 0.6703
vn -0.1109 0.7805 0.6153
vn -0.2018 -0.1235 0.9716
vn -0.5848 -0.1700 0.7931
vn -0.8616 -0.4983 -0.0966
vn -0.7450 -0.6489 -0.1544
vn -0.4749 -0.8800 -0.0010
vn -0.4559 -0.8691 0.1918
vn -0.0001 -0.9450 0.3271
vn -0.1916 -0.6954 0.6926
vn -0.5849 -0.1699 0.7931
vn -0.2018 -0.1236 0.9716
vn -0.0188 -0.0622 0.9979
vn -0.3050 -0.7575 -0.5773
vn 0.4407 -0.7146 -0.5433
vn -0.0664 0.2244 -0.9722
vn 0.1427 0.6660 -0.7322
vn 0.2909 0.4655 -0.8359
vn -0.2663 0.6342 -0.7258
vn -0.5293 0.4611 -0.7122
vn -0.7577 0.2611 0.5981
vn -0.3918 -0.9200 -0.0020
vn 0.0710 -0.1191 -0.9903
vn -0.0048 0.6478 -0.7618
vn -0.0565 -0.1729 -0.9833
vn -0.0364 -0.8601 -0.5089
vn -0.0373 0.9298 -0.3662
vn -0.1574 0.3024 0.9401
vn -0.2299 0.9586 -0.1678
vn -0.3412 0.3901 0.8552
vn -0.7614 0.1076 -0.6393
vn -0.8707 -0.4075 0.2752
vn 0.8262 -0.1853 -0.5320
vn 0.4532 -0.8363 -0.3085
vn 0.7808 -0.1605 -0.6038
vn 0.5755 -0.6788 -0.4562
vn -0.5409 0.1107 -0.8338
vn -0.3291 0.5226 -0.7865
vn 0.6582 0.4081 -0.6327
vn -0.5062 -0.4561 -0.7320
vn 0.2582 0.7436 -0.6168
vn -0.5537 0.7935 0.2525
vn 0.6582 0.4080 -0.6326
vn -0.9119 0.1643 0.3761
vn -0.7131 -0.6401 0.2860
vn -0.3472 0.1581 0.9244
vn -0.2479 -0.0155 0.9687
vn 0.0382 -0.0074 0.9992
vn 0.1312 0.8359 0.5330
vn -0.0834 0.8229 0.5620
vn 0.2581 0.7436 -0.6169
vn 0.5756 -0.6787 -0.4562
vn -0.2478 -0.0155 0.9687
vn 0.1427 0.6659 -0.7322
vn 0.1279 -0.8683 0.4793
vn -0.1066 -0.6639 0.7401
vn -0.3918 -0.9201 -0.0020
vn 0.4408 -0.7146 -0.5432
vn 0.0847 -0.9894 0.1179
vn 0.2199 -0.3368 -0.9156
vn 0.5528 -0.4068 -0.7272
vn 0.2909 0.4654 -0.8359
vn -0.2663 0.6342 -0.7259
vn -0.7577 0.2612 0.5981
vn -0.0963 -0.9590 0.2667
vn 0.0475 -0.2948 -0.9544
vn -0.8707 -0.4076 0.2752
vn -0.2300 0.9586 -0.1678
vn -0.3412 0.3902 0.8552
vn -0.1573 0.3024 0.9401
vn 0.1555 -0.7151 -0.6816
vn -0.5823 0.6226 0.5228
vn -0.6295 -0.5263 -0.5717
vn -0.5983 -0.6225 0.5044
vn -0.6350 0.5145 -0.5763
vn 0.4564 -0.6399 -0.6183
vn 0.3261 -0.8379 -0.4377
vn 0.5051 0.6148 -0.6057
vn 0.4123 0.8067 -0.4235
vn 0.2581 0.7436 -0.6168
vn 0.6582 0.4081 -0.6326
vn -0.5537 0.7935 0.2526
vn 0.4564 -0.6399 -0.6182
vn -0.6294 -0.5263 -0.5717
vn 0.4123 0.8067 -0.4234
vn -0.0048 0.6479 -0.7617
vn 0.0313 0.8305 0.5561
vn 0.1428 0.6659 -0.7322
vn 0.1116 0.7020 -0.7034
vn 0.1555 -0.7151 -0.6815
vn -0.9936 -0.0970 -0.0581
vn 0.0205 0.9945 -0.1031
vn -0.9488 -0.3090 -0.0648
vn 0.0073 0.9718 0.2356
vn -0.9707 0.0618 0.2321
vn -0.9936 -0.0970 -0.0580
vn 0.0146 -0.5522 0.8336
vn -0.7029 0.4519 -0.5493
vn 0.0226 0.8451 -0.5342
vn -0.7602 -0.5759 -0.3009
vn -0.3118 -0.3877 0.8675
vn 0.0509 -0.5386 0.8410
vn 0.1106 -0.9868 -0.1181
vn 0.9677 0.0694 0.2422
vn 0.0073 0.9718 0.2357
vn 0.7060 0.4350 -0.5589
vn 0.4635 -0.3405 0.8181
vn 0.7877 -0.5043 -0.3540
vn 0.7061 0.4349 -0.5589
vn -0.7601 -0.5759 -0.3009
vn 0.7876 -0.5043 -0.3540
vn -0.7029 0.4519 -0.5492
vn -0.0980 -0.6530 0.7510
vn -0.0000 -0.5389 -0.8423
vn -0.9125 0.1029 -0.3960
vn -0.5849 -0.1700 0.7931
vn -0.9124 0.1029 -0.3961
vn -0.0000 -0.2955 -0.9553
vn -0.8660 -0.3394 -0.3674
vn -0.3902 -0.3322 -0.8587
vn -0.0000 0.2088 0.9780
vn -0.0980 -0.6529 0.7510
vn -0.0129 -0.0414 0.9991
vn -0.0187 -0.0622 0.9979
vt 0.730382 0.103619
vt 0.705649 0.144477
vt 0.906050 0.162418
vt 0.907543 0.101904
vt 0.999984 0.166941
vt 1.001061 0.095946
vt 0.733494 0.205318
vt 0.838940 0.209383
vt 0.991053 0.210366
vt 0.981648 0.252295
vt 0.840260 0.252371
vt 0.689743 0.104698
vt 0.991405 0.052870
vt 0.810174 0.064464
vt 0.981657 0.011468
vt 0.840250 0.011429
vt 0.734207 0.056759
vt 0.693123 0.056174
vt 0.518060 0.096757
vt 0.575201 0.047645
vt 0.473165 0.043970
vt 0.716055 0.011396
vt 0.597290 0.011359
vt 0.510869 0.011322
vt 0.522475 0.164896
vt 0.485011 0.157654
vt 0.479927 0.107408
vt 0.445175 0.049232
vt 0.473366 0.225391
vt 0.579352 0.211659
vt 0.510849 0.252622
vt 0.597275 0.252464
vt 0.688056 0.203710
vt 0.716059 0.252303
vt 0.459430 0.138427
vt 0.448360 0.105872
vt 0.445220 0.217118
vt 0.468555 0.252667
vt 0.435264 0.252667
vt 0.710772 0.204691
vt 0.809314 0.993189
vt 0.844593 0.748486
vt 0.799681 0.766537
vt 0.795370 0.616810
vt 0.844460 0.624653
vt 0.796731 0.566457
vt 0.846052 0.573862
vt 0.737687 0.589384
vt 0.737679 0.566887
vt 0.737691 0.611583
vt 0.903594 0.595045
vt 0.902086 0.622902
vt 0.947494 0.615460
vt 0.947980 0.591500
vt 0.993009 0.611673
vt 0.993010 0.589483
vt 0.948583 0.568105
vt 0.993012 0.566905
vt 0.904969 0.574145
vt 0.939443 0.344499
vt 0.898532 0.361084
vt 0.993076 0.320695
vt 0.854260 0.365264
vt 0.915162 0.347050
vt 0.854851 0.350073
vt 0.993004 0.780156
vt 0.944441 0.769131
vt 0.900724 0.759988
vt 0.936461 0.995025
vt 0.880074 0.997653
vt 0.789589 0.353336
vt 0.737576 0.320774
vt 0.459999 0.699940
vt 0.421847 0.911548
vt 0.493482 0.874305
vt 0.334346 0.703269
vt 0.334346 0.906337
vt 0.574509 0.696105
vt 0.570429 0.874521
vt 0.490508 0.948126
vt 0.334346 0.965522
vt 0.365140 0.975937
vt 0.420117 0.965795
vt 0.650541 0.838561
vt 0.643075 0.892767
vt 0.726515 0.817051
vt 0.726515 0.703484
vt 0.726515 0.932364
vt 0.709975 0.959389
vt 0.635989 0.948441
vt 0.695226 0.983366
vt 0.579503 0.979625
vt 0.726515 0.978941
vt 0.572418 0.925007
vt 0.726515 0.610225
vt 0.575486 0.609180
vt 0.574131 0.447552
vt 0.726515 0.445670
vt 0.628909 0.318546
vt 0.561909 0.331279
vt 0.561667 0.289065
vt 0.629838 0.284131
vt 0.681244 0.268659
vt 0.726515 0.308737
vt 0.465542 0.609718
vt 0.497836 0.448231
vt 0.389955 0.608312
vt 0.424485 0.456931
vt 0.334346 0.436815
vt 0.434410 0.332167
vt 0.334346 0.318454
vt 0.382074 0.269755
vt 0.433481 0.285227
vt 0.501409 0.332846
vt 0.501652 0.290161
vt 0.532354 0.423067
vt 0.334346 0.607952
vt 0.079805 0.232283
vt 0.164710 0.210607
vt 0.122523 0.194649
vt 0.082536 0.195321
vt 0.065738 0.163787
vt 0.098907 0.148763
vt 0.061632 0.142152
vt 0.067395 0.121429
vt 0.123677 0.114515
vt 0.175785 0.114562
vt 0.094627 0.115280
vt 0.071940 0.113520
vt 0.035702 0.148111
vt 0.041923 0.132093
vt 0.020229 0.138299
vt 0.026355 0.125859
vt 0.005702 0.131286
vt 0.011940 0.118620
vt 0.124248 0.087244
vt 0.097369 0.085301
vt 0.124231 0.055219
vt 0.098622 0.055224
vt 0.124118 0.033753
vt 0.158367 0.040381
vt 0.164154 0.054336
vt 0.099739 0.035139
vt 0.171577 0.088395
vt 0.192231 0.080816
vt 0.172887 0.036601
vt 0.229659 0.051083
vt 0.207206 0.014433
vt 0.253565 0.037615
vt 0.259273 0.099604
vt 0.295568 0.088781
vt 0.225257 0.005464
vt 0.257519 0.214069
vt 0.210893 0.208562
vt 0.203087 0.112287
vt 0.256732 0.004405
vt 0.275505 0.029551
vt 0.296663 0.056271
vt 0.254448 0.243670
vt 0.287294 0.248875
vt 0.299549 0.220380
vt 0.323300 0.104611
vt 0.343328 0.116239
vt 0.349575 0.166371
vt 0.341191 0.234380
vt 0.379236 0.180734
vt 0.393815 0.198439
vt 0.369935 0.227020
vt 0.383913 0.245331
vt 0.408148 0.211617
vt 0.372524 0.153454
vt 0.406401 0.154959
vt 0.418570 0.170953
vt 0.432503 0.130104
vt 0.445823 0.142555
vt 0.433494 0.180403
vt 0.448844 0.163198
vt 0.412154 0.127150
vt 0.395815 0.139939
vt 0.325332 0.261049
vt 0.344700 0.051550
vt 0.359289 0.070966
vt 0.389947 0.045029
vt 0.374202 0.026325
vt 0.391323 0.064504
vt 0.369359 0.086828
vt 0.352694 0.023153
vt 0.330809 0.036634
vt 0.068269 0.054545
vt 0.088448 0.054365
vt 0.085147 0.033440
vt 0.068311 0.035581
vt 0.069129 0.082960
vt 0.091835 0.081384
vt 0.214759 0.239928
vt 0.170727 0.242683
vt 0.094294 0.262400
vt 0.737783 0.987757
vt 0.737708 0.780107
vt 0.274783 0.263290
vt 0.251897 0.284556
vt 0.265085 0.304716
vt 0.290410 0.280108
vt 0.230808 0.322133
vt 0.234686 0.293532
vt 0.317161 0.315098
vt 0.326877 0.296848
vt 0.247112 0.446506
vt 0.230894 0.421947
vt 0.204488 0.436013
vt 0.200804 0.450038
vt 0.202857 0.296193
vt 0.220949 0.280878
vt 0.186739 0.265822
vt 0.206200 0.254811
vt 0.152216 0.291162
vt 0.194174 0.426648
vt 0.177297 0.438725
vt 0.148125 0.271043
vt 0.109679 0.437051
vt 0.158639 0.453515
vt 0.110675 0.292890
vt 0.130164 0.279394
vt 0.048936 0.787641
vt 0.037433 0.823986
vt 0.095670 0.805101
vt 0.018334 0.795488
vt 0.001309 0.823986
vt 0.001309 0.828672
vt 0.001309 0.805245
vt 0.001309 0.793266
vt 0.072476 0.756292
vt 0.104842 0.722758
vt 0.009703 0.762035
vt 0.001309 0.770446
vt 0.001309 0.745864
vt 0.041600 0.754625
vt 0.045013 0.731461
vt 0.001309 0.728107
vt 0.001309 0.706350
vt 0.045012 0.704329
vt 0.000634 0.640415
vt 0.080537 0.664700
vt 0.172489 0.654188
vt 0.168984 0.731210
vt 0.146949 0.810560
vt 0.044855 0.876465
vt 0.134665 0.883862
vt 0.053879 0.921862
vt 0.230813 0.753236
vt 0.327296 0.709405
vt 0.289853 0.844016
vt 0.198004 0.819694
vt 0.222406 0.906637
vt 0.208321 0.985394
vt 0.032665 0.835220
vt 0.001309 0.884699
vt 0.068912 0.997425
vt 0.136690 0.961832
vt 0.001309 0.847491
vt 0.001309 0.839125
vt 0.041894 0.649915
vt 0.070649 0.583980
vt 0.103642 0.580263
vt 0.049090 0.502723
vt 0.103028 0.449168
vt 0.013527 0.576938
vt 0.001309 0.788851
vt 0.992969 0.987765
vt 0.232379 0.916718
vt 0.282941 0.969753
vt 0.311768 0.908112
vt 0.306313 0.933309
vt 0.220304 0.994415
vt 0.243005 0.989735
vt 0.222758 0.978624
vt 0.468563 0.011307
vt 0.435273 0.011298
s 1
usemtl enemy_tonnel
f 1/1/1 2/2/2 3/3/3
f 1/1/1 3/3/3 4/4/4
f 4/4/4 3/3/3 5/5/5
f 4/4/4 5/5/5 6/6/6
f 3/3/3 2/2/2 7/7/7
f 3/3/3 7/7/7 8/8/8
f 5/5/5 3/3/3 8/8/8
f 5/5/5 8/8/8 9/9/9
f 10/10/10 9/9/9 8/8/8
f 10/10/10 8/8/8 11/11/11
f 11/11/11 8/8/8 7/7/7
f 1/1/1 12/12/12 2/2/2
f 4/4/4 6/6/6 13/13/13
f 14/14/14 4/4/4 13/13/13
f 1/1/1 4/4/4 14/14/14
f 14/14/14 13/13/13 15/15/15
f 14/14/14 15/15/15 16/16/11
f 16/16/11 17/17/16 14/14/14
f 1/1/1 14/14/14 17/17/16
f 18/18/17 12/12/12 1/1/1
f 18/18/17 1/1/1 17/17/16
f 18/18/17 19/19/18 12/12/12
f 18/18/17 20/20/19 19/19/18
f 20/20/19 21/21/20 19/19/18
f 22/22/21 20/20/19 18/18/17
f 16/16/11 22/22/21 17/17/16
f 18/18/17 17/17/16 22/22/21
f 22/22/21 23/23/22 20/20/19
f 24/24/23 21/21/20 20/20/19
f 24/24/23 20/20/19 23/23/22
f 25/25/24 12/12/12 19/19/18
f 26/26/25 25/25/24 19/19/18
f 26/26/25 19/19/18 27/27/26
f 19/19/18 21/21/20 27/27/26
f 21/21/20 28/28/27 27/27/26
f 29/29/28 25/25/24 26/26/25
f 29/29/28 30/30/29 25/25/24
f 30/30/29 29/29/28 31/31/30
f 30/30/29 31/31/30 32/32/31
f 33/33/32 30/30/29 32/32/31
f 33/33/32 32/32/31 34/34/21
f 27/27/26 35/35/33 26/26/25
f 27/27/26 36/36/34 35/35/33
f 35/35/33 37/37/35 26/26/25
f 37/37/35 29/29/28 26/26/25
f 37/37/35 38/38/36 29/29/28
f 31/31/30 29/29/28 38/38/36
f 37/37/35 39/39/37 38/38/36
f 30/30/29 33/33/32 2/2/2
f 30/30/29 2/2/2 25/25/24
f 25/25/24 2/2/2 12/12/12
f 2/2/2 33/33/32 40/40/38
f 40/40/38 33/33/32 34/34/21
f 7/7/7 40/40/38 34/34/21
f 7/7/7 2/2/2 40/40/38
f 11/11/11 7/7/7 34/34/21
f 41/41/39 42/42/40 43/43/41
f 42/42/40 44/44/42 43/43/41
f 42/42/40 45/45/43 44/44/42
f 45/45/43 46/46/44 44/44/42
f 45/45/43 47/47/45 46/46/44
f 48/48/46 44/44/42 46/46/44
f 49/49/47 48/48/46 46/46/44
f 48/48/46 50/50/48 44/44/42
f 43/43/41 44/44/42 50/50/48
f 51/51/49 47/47/45 45/45/43
f 52/52/50 51/51/49 45/45/43
f 52/52/50 45/45/43 42/42/40
f 51/51/49 52/52/50 53/53/51
f 51/51/49 53/53/51 54/54/52
f 54/54/52 53/53/51 55/55/48
f 54/54/52 55/55/48 56/56/53
f 57/57/54 54/54/52 56/56/53
f 57/57/54 56/56/53 58/58/55
f 59/59/56 51/51/49 54/54/52
f 59/59/56 54/54/52 57/57/54
f 51/51/49 59/59/56 47/47/45
f 59/59/56 57/57/54 60/60/57
f 60/60/57 57/57/54 58/58/55
f 59/59/56 60/60/57 61/61/58
f 47/47/45 59/59/56 61/61/58
f 60/60/57 58/58/55 62/62/59
f 47/47/45 61/61/58 63/63/60
f 64/64/61 63/63/60 61/61/58
f 64/64/61 65/65/62 63/63/60
f 53/53/51 66/66/63 55/55/48
f 53/53/51 67/67/64 66/66/63
f 53/53/51 52/52/50 68/68/65
f 53/53/51 68/68/65 67/67/64
f 69/69/66 66/66/63 67/67/64
f 68/68/65 69/69/66 67/67/64
f 52/52/50 42/42/40 68/68/65
f 42/42/40 70/70/67 68/68/65
f 42/42/40 71/41/39 70/70/67
f 68/68/65 70/70/67 72/69/68
f 63/63/60 73/71/69 46/46/44
f 63/63/60 46/46/44 47/47/45
f 74/71/69 49/49/47 46/46/44
f 75/71/70 76/72/71 49/49/55
f 77/73/72 78/74/73 79/75/74
f 77/73/72 80/76/75 78/74/73
f 80/76/75 81/77/76 78/74/73
f 79/75/74 82/78/77 77/73/72
f 79/75/74 83/79/78 82/78/77
f 79/75/74 78/74/73 84/80/59
f 78/74/73 81/77/76 85/81/61
f 78/74/73 85/81/61 86/82/58
f 86/82/58 87/83/57 78/74/73
f 78/74/73 87/83/57 84/80/59
f 82/78/77 83/79/78 88/84/79
f 89/85/80 88/84/79 83/79/78
f 89/85/80 90/86/81 88/84/79
f 91/87/82 88/84/79 90/86/81
f 91/87/82 82/78/77 88/84/79
f 92/88/83 90/86/81 89/85/80
f 92/88/83 89/85/80 93/89/84
f 89/85/80 94/90/85 93/89/84
f 93/89/84 94/90/85 95/91/86
f 94/90/85 89/85/80 96/92/70
f 97/93/62 92/88/83 93/89/84
f 98/93/87 93/89/84 95/91/86
f 89/85/80 83/79/78 99/94/88
f 89/85/80 99/94/88 96/92/70
f 99/94/88 83/79/78 79/75/74
f 99/94/88 79/75/74 84/80/59
f 100/92/70 99/94/88 84/80/59
f 94/90/85 101/92/70 95/91/86
f 91/87/82 102/95/89 103/96/90
f 91/87/82 103/96/90 82/78/77
f 102/95/89 104/97/91 103/96/90
f 102/95/89 105/98/92 104/97/91
f 105/98/92 106/99/93 104/97/91
f 107/100/35 104/97/91 106/99/93
f 106/99/93 108/101/94 107/100/35
f 106/99/93 109/102/95 108/101/94
f 110/103/96 109/102/95 106/99/93
f 106/99/93 111/104/97 110/103/96
f 105/98/92 111/104/97 106/99/93
f 77/73/72 82/78/77 103/96/90
f 77/73/72 103/96/90 112/105/98
f 113/106/99 112/105/98 103/96/90
f 113/106/99 103/96/90 104/97/91
f 113/106/99 114/107/100 112/105/98
f 77/73/72 112/105/98 114/107/100
f 113/106/99 115/108/101 114/107/100
f 115/108/101 116/109/102 114/107/100
f 116/109/102 115/108/101 117/110/103
f 117/110/103 115/108/101 113/106/99
f 116/109/102 117/110/103 118/111/104
f 117/110/103 119/112/105 118/111/104
f 117/110/103 120/113/106 119/112/105
f 120/113/106 117/110/103 121/114/107
f 120/113/106 121/114/107 122/115/108
f 77/73/72 114/107/100 80/76/75
f 117/110/103 113/106/99 123/116/109
f 117/110/103 123/116/109 121/114/107
f 80/76/75 114/107/100 124/117/110
f 114/107/100 116/109/102 124/117/110
f 125/118/111 126/119/112 127/120/113
f 128/121/114 125/118/111 127/120/113
f 127/120/113 129/122/115 128/121/114
f 127/120/113 130/123/116 129/122/115
f 129/122/115 130/123/116 131/124/117
f 130/123/116 132/125/118 131/124/117
f 133/126/119 130/123/116 127/120/113
f 127/120/113 134/127/120 133/126/119
f 130/123/116 133/126/119 135/128/121
f 130/123/116 135/128/121 132/125/118
f 135/128/121 136/129/122 132/125/118
f 137/130/123 129/122/115 131/124/117
f 137/130/123 131/124/117 138/131/124
f 139/132/125 137/130/123 138/131/124
f 139/132/125 138/131/124 140/133/126
f 141/134/127 139/132/125 140/133/126
f 141/134/127 140/133/126 142/135/128
f 135/128/121 133/126/119 143/136/129
f 135/128/121 143/136/129 144/137/130
f 144/137/130 143/136/129 145/138/131
f 144/137/130 145/138/131 146/139/132
f 145/138/131 147/140/133 146/139/132
f 148/141/134 147/140/133 145/138/131
f 149/142/135 148/141/134 145/138/131
f 143/136/129 149/142/135 145/138/131
f 147/140/133 150/143/136 146/139/132
f 143/136/129 151/144/137 149/142/135
f 152/145/138 153/146/134 149/142/139
f 154/147/140 153/146/134 152/145/138
f 154/147/140 155/148/133 153/146/134
f 156/149/141 155/148/133 154/147/140
f 157/150/142 156/149/141 154/147/140
f 154/147/140 152/145/138 157/150/142
f 157/150/142 158/151/143 156/149/141
f 156/149/141 159/152/136 155/148/133
f 158/151/143 157/150/142 160/153/144
f 157/150/142 161/154/145 160/153/144
f 157/150/142 162/155/146 161/154/145
f 152/145/138 162/155/146 157/150/142
f 162/155/146 152/145/138 163/144/147
f 164/127/120 162/155/146 163/144/147
f 161/154/145 162/155/146 164/127/120
f 156/149/141 165/156/148 159/152/136
f 156/149/141 166/157/130 165/156/148
f 167/151/143 166/157/130 156/149/141
f 167/151/143 168/158/121 166/157/130
f 126/119/149 161/154/145 164/127/120
f 161/154/145 169/159/150 160/153/144
f 170/160/13 160/153/144 169/159/150
f 170/160/13 171/161/151 160/153/144
f 172/151/152 160/153/144 171/161/151
f 173/162/153 172/151/152 171/161/151
f 171/161/151 174/163/122 173/162/153
f 171/161/151 175/164/154 174/163/122
f 171/161/151 176/165/155 175/164/154
f 170/160/13 176/165/155 171/161/151
f 177/166/156 175/164/154 176/165/155
f 176/165/155 178/167/157 177/166/156
f 176/165/155 179/168/158 178/167/157
f 180/169/114 179/168/158 176/165/155
f 178/167/157 179/168/158 180/169/114
f 178/167/157 180/169/114 181/170/159
f 177/166/156 182/171/160 175/164/154
f 178/167/157 183/172/161 177/166/156
f 178/167/157 184/173/162 183/172/161
f 181/170/159 184/173/162 178/167/157
f 184/173/162 185/174/163 183/172/161
f 184/173/162 186/175/127 185/174/163
f 181/170/159 187/176/123 184/173/162
f 187/176/123 186/175/127 184/173/162
f 187/176/123 188/177/164 186/175/127
f 189/178/165 183/172/161 185/174/163
f 189/178/165 190/179/166 183/172/161
f 190/179/166 182/171/160 177/166/156
f 190/179/166 177/166/156 183/172/161
f 170/160/13 191/180/167 176/165/155
f 192/181/168 193/182/169 194/183/170
f 192/181/168 194/183/170 195/184/171
f 172/151/152 193/182/169 192/181/168
f 172/151/152 173/162/153 193/182/169
f 193/182/169 196/185/172 194/183/170
f 193/182/169 197/186/173 196/185/172
f 173/162/153 197/186/173 193/182/169
f 173/162/153 174/163/122 197/186/173
f 192/181/168 195/184/171 198/187/174
f 192/181/168 198/187/174 199/188/175
f 200/151/143 192/181/168 199/188/175
f 200/151/143 199/188/175 201/158/176
f 202/144/177 152/145/178 203/142/179
f 133/126/119 134/127/120 151/144/180
f 133/126/119 204/144/137 143/136/129
f 205/189/172 206/190/174 207/191/181
f 205/189/172 207/191/181 208/192/182
f 209/193/173 206/190/174 205/189/172
f 209/193/173 210/194/183 206/190/174
f 135/128/121 210/194/183 209/193/173
f 136/129/122 135/128/121 209/193/173
f 126/119/112 211/127/184 127/120/113
f 161/154/145 212/195/9 169/159/150
f 213/119/112 212/195/9 161/154/145
f 213/119/112 214/196/185 212/195/9
f 215/197/6 214/196/185 213/119/112
f 215/197/6 213/119/112 125/118/186
f 216/198/187 217/41/188 43/43/41
f 216/198/187 43/43/41 218/199/189
f 218/199/189 43/43/41 50/50/48
f 219/200/188 220/201/187 221/202/190
f 219/200/188 221/202/190 222/203/191
f 220/201/187 223/204/192 221/202/190
f 220/201/187 224/205/193 223/204/192
f 221/202/190 225/206/194 222/203/191
f 222/203/191 225/206/194 226/207/195
f 221/202/190 227/208/196 225/206/194
f 221/202/190 223/204/192 228/209/197
f 221/202/190 228/209/197 227/208/196
f 229/210/198 227/208/196 228/209/197
f 223/204/192 229/210/198 228/209/197
f 229/210/198 230/211/199 227/208/196
f 223/204/192 231/212/200 229/210/198
f 232/205/201 231/212/200 223/204/192
f 232/205/201 233/213/67 231/212/200
f 233/213/67 234/214/191 231/212/200
f 233/213/67 235/215/39 234/214/191
f 234/214/191 236/216/202 231/212/200
f 231/212/200 237/217/203 229/210/198
f 237/217/203 231/212/200 238/218/204
f 229/210/198 237/217/203 238/218/204
f 229/210/198 238/218/204 230/211/199
f 231/212/200 236/216/202 238/218/204
f 234/214/191 239/219/205 240/216/202
f 241/220/206 242/221/199 243/218/207
f 244/222/194 241/220/206 243/218/207
f 244/222/194 243/218/207 245/216/202
f 246/223/205 244/222/194 245/216/202
f 247/224/208 248/225/209 249/226/210
f 247/224/208 250/227/211 248/225/209
f 250/227/211 251/228/212 248/225/209
f 252/229/213 248/225/209 251/228/212
f 251/228/212 250/227/211 253/230/214
f 253/230/214 250/227/211 254/231/215
f 249/226/210 255/232/216 247/224/208
f 249/226/210 256/233/217 255/232/216
f 250/227/211 247/224/208 257/234/218
f 258/235/219 250/227/211 257/234/218
f 258/235/219 257/234/218 259/236/220
f 247/224/208 260/237/221 257/234/218
f 247/224/208 255/232/216 260/237/221
f 261/238/222 259/236/220 257/234/218
f 257/234/218 260/237/221 261/238/222
f 260/237/221 255/232/216 261/238/222
f 255/232/216 256/233/217 261/238/222
f 259/236/220 261/238/222 262/239/223
f 262/239/223 261/238/222 263/240/224
f 261/238/222 264/241/225 263/240/224
f 256/233/217 264/241/225 261/238/222
f 263/240/224 264/241/225 265/242/226
f 266/243/227 264/241/225 256/233/217
f 266/243/227 256/233/217 267/244/228
f 256/233/217 268/245/229 267/244/228
f 249/226/210 268/245/229 256/233/217
f 249/226/210 269/246/230 268/245/229
f 270/247/231 269/246/230 249/226/210
f 270/247/231 271/248/232 269/246/230
f 270/247/231 272/249/233 271/248/232
f 268/245/229 273/250/234 267/244/228
f 269/246/230 273/250/234 268/245/229
f 274/251/235 267/244/228 273/250/234
f 274/251/235 273/250/234 275/252/236
f 275/252/236 273/250/234 276/253/237
f 271/248/232 276/253/237 269/246/230
f 269/246/230 276/253/237 273/250/234
f 275/252/236 276/253/237 277/254/238
f 271/248/232 278/254/238 276/253/237
f 279/255/239 278/254/238 271/248/232
f 270/247/231 249/226/210 280/256/240
f 281/257/241 270/247/231 280/256/240
f 270/247/231 281/257/241 282/249/233
f 282/249/233 283/258/242 271/248/243
f 283/258/242 284/259/244 271/248/243
f 285/260/245 281/257/241 280/256/240
f 286/261/246 285/260/245 280/256/240
f 287/259/247 288/255/248 271/248/249
f 289/248/250 290/253/251 278/254/252
f 289/248/250 291/246/253 290/253/251
f 292/247/254 291/246/253 289/248/250
f 292/247/254 289/248/250 293/249/233
f 292/247/254 294/226/255 291/246/253
f 294/226/255 295/245/256 291/246/253
f 294/226/255 296/233/257 295/245/256
f 294/226/255 297/232/258 296/233/257
f 294/226/255 298/224/259 297/232/258
f 298/224/259 294/226/255 299/225/260
f 298/224/259 299/225/260 300/227/261
f 300/227/261 299/225/260 301/228/262
f 302/229/213 301/228/262 299/225/260
f 301/228/262 303/230/214 300/227/261
f 303/230/214 304/231/263 300/227/261
f 300/227/261 305/234/264 298/224/259
f 306/235/265 305/234/264 300/227/261
f 306/235/265 307/236/266 305/234/264
f 298/224/259 305/234/264 308/237/267
f 298/224/259 308/237/267 297/232/258
f 309/238/268 305/234/264 307/236/266
f 305/234/264 309/238/268 308/237/267
f 308/237/267 309/238/268 297/232/258
f 297/232/258 309/238/268 296/233/257
f 307/236/266 310/239/223 309/238/268
f 310/239/223 311/240/224 309/238/268
f 309/238/268 311/240/224 312/241/269
f 296/233/257 309/238/268 312/241/269
f 313/243/270 296/233/257 312/241/269
f 313/243/270 314/244/271 296/233/257
f 296/233/257 314/244/271 295/245/256
f 295/245/256 314/244/271 315/250/272
f 316/251/235 315/250/272 314/244/271
f 316/251/235 317/252/273 315/250/272
f 317/252/273 290/253/251 315/250/272
f 317/252/273 318/254/252 290/253/251
f 291/246/253 295/245/256 315/250/272
f 291/246/253 315/250/272 290/253/251
f 313/243/270 312/241/269 319/262/274
f 319/262/274 320/263/275 313/243/270
f 313/243/270 320/263/275 321/264/276
f 321/264/276 320/263/275 322/265/277
f 322/265/277 323/266/235 321/264/276
f 319/262/274 312/241/269 324/242/226
f 320/263/275 319/262/274 324/242/226
f 311/240/224 324/242/226 312/241/269
f 320/263/275 324/242/226 325/267/278
f 326/265/279 320/263/275 325/267/278
f 327/265/277 328/264/280 323/266/281
f 328/264/280 327/265/277 329/263/282
f 266/243/227 328/264/280 329/263/282
f 330/262/283 266/243/227 329/263/282
f 266/243/227 330/262/283 264/241/225
f 330/262/283 265/242/226 264/241/225
f 329/263/282 265/242/226 330/262/283
f 329/263/282 331/267/284 265/242/226
f 332/265/279 331/267/284 329/263/282
f 333/231/285 250/227/211 334/268/286
f 250/227/211 335/235/265 334/268/286
f 333/231/285 334/268/286 300/227/287
f 300/227/287 334/268/286 335/235/265
f 336/69/66 337/269/288 66/66/189
f 338/270/289 339/271/290 340/272/213
f 339/271/290 341/273/291 340/272/213
f 342/274/292 343/275/293 344/276/294
f 343/275/293 345/271/295 344/276/294
f 346/270/296 344/276/294 345/271/295
f 347/277/297 348/278/37 21/21/20
f 24/24/23 347/277/297 21/21/20
f 348/278/37 28/28/27 21/21/20
f 349/1/298 350/4/299 351/3/300
f 349/1/298 351/3/300 352/2/301
f 350/4/299 353/5/302 351/3/300
f 350/4/299 354/6/303 353/5/302
f 351/3/300 355/7/304 352/2/301
f 351/3/300 356/8/305 355/7/304
f 353/5/302 356/8/305 351/3/300
f 353/5/302 357/9/306 356/8/305
f 358/10/307 356/8/305 357/9/306
f 358/10/307 359/11/308 356/8/305
f 359/11/308 355/7/304 356/8/305
f 349/1/298 352/2/301 360/12/309
f 350/4/299 361/13/310 354/6/303
f 362/14/311 361/13/310 350/4/299
f 349/1/298 362/14/311 350/4/299
f 362/14/311 363/15/312 361/13/310
f 362/14/311 364/16/308 363/15/312
f 364/16/308 362/14/311 365/17/313
f 349/1/298 365/17/313 362/14/311
f 366/18/314 365/17/313 349/1/298
f 366/18/314 349/1/298 360/12/309
f 366/18/314 360/12/309 367/19/315
f 366/18/314 367/19/315 368/20/316
f 368/20/316 367/19/315 369/21/317
f 370/22/318 366/18/314 368/20/316
f 364/16/308 365/17/313 370/22/318
f 366/18/314 370/22/318 365/17/313
f 370/22/318 368/20/316 371/23/319
f 372/24/320 368/20/316 369/21/317
f 372/24/320 371/23/319 368/20/316
f 373/25/321 367/19/315 360/12/309
f 374/26/322 367/19/315 373/25/321
f 374/26/322 375/27/323 367/19/315
f 367/19/315 375/27/323 369/21/317
f 369/21/317 375/27/323 376/28/324
f 377/29/325 374/26/322 373/25/321
f 377/29/325 373/25/321 378/30/326
f 378/30/326 379/31/320 377/29/325
f 378/30/326 380/32/327 379/31/320
f 381/33/328 380/32/327 378/30/326
f 381/33/328 382/34/318 380/32/327
f 375/27/323 374/26/322 383/35/329
f 375/27/323 383/35/329 384/36/330
f 383/35/329 374/26/322 385/37/331
f 385/37/331 374/26/322 377/29/325
f 385/37/331 377/29/325 386/38/332
f 379/31/320 386/38/332 377/29/325
f 385/37/331 386/38/332 387/39/333
f 378/30/326 352/2/301 381/33/328
f 378/30/326 373/25/321 352/2/301
f 373/25/321 360/12/309 352/2/301
f 352/2/301 388/40/334 381/33/328
f 388/40/334 382/34/318 381/33/328
f 355/7/304 382/34/318 388/40/334
f 355/7/304 388/40/334 352/2/301
f 359/11/308 382/34/318 355/7/304
f 389/41/335 390/43/336 391/42/337
f 391/42/337 390/43/336 392/44/338
f 391/42/337 392/44/338 393/45/339
f 393/45/339 392/44/338 394/46/340
f 393/45/339 394/46/340 395/47/341
f 396/48/342 394/46/340 392/44/338
f 397/49/343 394/46/340 396/48/342
f 396/48/342 392/44/338 398/50/344
f 390/43/336 398/50/344 392/44/338
f 399/51/345 393/45/339 395/47/341
f 400/52/346 393/45/339 399/51/345
f 400/52/346 391/42/337 393/45/339
f 399/51/345 401/53/347 400/52/346
f 399/51/345 402/54/348 401/53/347
f 402/54/348 403/55/349 401/53/347
f 402/54/348 404/56/342 403/55/349
f 405/57/350 404/56/342 402/54/348
f 405/57/350 406/58/351 404/56/342
f 407/59/352 405/57/350 402/54/348
f 407/59/352 402/54/348 399/51/345
f 399/51/345 395/47/341 407/59/352
f 407/59/352 408/60/353 405/57/350
f 408/60/353 406/58/351 405/57/350
f 407/59/352 409/61/354 408/60/353
f 395/47/341 409/61/354 407/59/352
f 408/60/353 410/62/355 406/58/351
f 395/47/341 411/63/356 409/61/354
f 401/53/347 403/55/349 412/66/357
f 401/53/347 412/66/357 413/67/358
f 401/53/347 414/68/359 400/52/346
f 401/53/347 413/67/358 414/68/359
f 415/69/360 413/67/358 412/66/357
f 414/68/359 413/67/358 415/69/360
f 400/52/346 414/68/359 391/42/337
f 391/42/337 414/68/359 416/70/361
f 391/42/337 416/70/361 417/41/335
f 414/68/359 418/69/362 416/70/361
f 419/64/363 409/61/354 420/63/356
f 419/64/363 420/63/356 421/65/62
f 411/63/356 394/46/340 422/71/364
f 411/63/356 395/47/341 394/46/340
f 423/71/364 394/46/340 397/49/343
f 424/71/364 397/49/365 425/72/366
f 426/73/367 427/75/368 428/74/369
f 426/73/367 428/74/369 429/76/75
f 429/76/75 428/74/369 430/77/76
f 427/75/368 426/73/367 431/78/370
f 427/75/368 431/78/370 432/79/371
f 428/74/369 427/75/368 433/80/355
f 428/74/369 433/80/355 434/83/372
f 435/82/354 428/74/369 434/83/372
f 428/74/369 436/81/61 430/77/76
f 428/74/369 435/82/354 436/81/61
f 437/94/373 433/80/355 427/75/368
f 437/94/373 427/75/368 432/79/371
f 438/92/364 433/80/355 437/94/373
f 439/85/374 437/94/373 432/79/371
f 437/94/373 439/85/374 440/92/375
f 439/85/374 432/79/371 441/84/376
f 431/78/370 441/84/376 432/79/371
f 439/85/374 441/84/376 442/86/81
f 443/87/82 442/86/81 441/84/376
f 443/87/82 441/84/376 431/78/370
f 444/88/83 439/85/374 442/86/81
f 444/88/83 445/89/377 439/85/374
f 439/85/374 445/89/377 446/90/378
f 439/85/374 446/90/378 440/92/375
f 446/90/378 445/89/377 447/91/379
f 448/92/380 446/90/378 447/91/379
f 449/93/381 445/89/377 444/88/83
f 450/93/62 447/91/379 445/89/377
f 443/87/82 431/78/370 451/96/382
f 443/87/82 451/96/382 452/95/89
f 452/95/89 451/96/382 453/97/329
f 452/95/89 453/97/329 454/98/383
f 454/98/383 453/97/329 455/99/384
f 456/100/385 455/99/384 453/97/329
f 455/99/384 456/100/385 457/101/333
f 455/99/384 457/101/333 458/102/386
f 459/103/387 455/99/384 458/102/386
f 455/99/384 459/103/387 460/104/97
f 454/98/383 455/99/384 460/104/97
f 426/73/367 451/96/382 431/78/370
f 426/73/367 461/105/388 451/96/382
f 462/106/389 453/97/329 451/96/382
f 462/106/389 451/96/382 461/105/388
f 462/106/389 461/105/388 463/107/390
f 426/73/367 463/107/390 461/105/388
f 462/106/389 463/107/390 464/108/391
f 464/108/391 463/107/390 465/109/392
f 465/109/392 466/110/393 464/108/391
f 466/110/393 462/106/389 464/108/391
f 465/109/392 467/111/104 466/110/393
f 466/110/393 467/111/104 468/112/394
f 466/110/393 468/112/394 469/113/395
f 469/113/395 470/114/324 466/110/393
f 469/113/395 471/115/396 470/114/324
f 426/73/367 429/76/75 463/107/390
f 466/110/393 472/116/397 462/106/389
f 466/110/393 470/114/324 472/116/397
f 429/76/75 473/117/110 463/107/390
f 463/107/390 473/117/110 465/109/392
f 474/118/398 475/120/399 476/119/400
f 477/121/401 475/120/399 474/118/398
f 475/120/399 477/121/401 478/122/402
f 475/120/399 478/122/402 479/123/403
f 478/122/402 480/124/404 479/123/403
f 479/123/403 480/124/404 481/125/405
f 482/126/406 475/120/399 479/123/403
f 475/120/399 482/126/406 483/127/407
f 479/123/403 484/128/408 482/126/406
f 479/123/403 481/125/405 484/128/408
f 484/128/408 481/125/405 485/129/409
f 486/130/410 480/124/404 478/122/402
f 486/130/410 487/131/411 480/124/404
f 488/132/412 487/131/411 486/130/410
f 488/132/412 489/133/413 487/131/411
f 490/134/414 489/133/413 488/132/412
f 490/134/414 491/135/415 489/133/413
f 484/128/408 492/136/416 482/126/406
f 484/128/408 493/137/417 492/136/416
f 493/137/417 494/138/418 492/136/416
f 493/137/417 495/139/419 494/138/418
f 494/138/418 495/139/419 496/140/420
f 497/141/421 494/138/418 496/140/420
f 498/142/422 494/138/418 497/141/421
f 492/136/416 494/138/418 498/142/422
f 496/140/420 495/139/419 499/143/423
f 492/136/416 498/142/422 500/144/424
f 501/145/425 498/142/426 502/146/421
f 503/147/427 501/145/425 502/146/421
f 503/147/427 502/146/421 504/148/420
f 505/149/428 503/147/427 504/148/420
f 506/150/429 503/147/427 505/149/428
f 503/147/427 506/150/429 501/145/425
f 506/150/429 505/149/428 507/151/430
f 505/149/428 504/148/420 508/152/423
f 507/151/430 509/153/431 506/150/429
f 506/150/429 509/153/431 510/154/432
f 506/150/429 510/154/432 511/155/433
f 501/145/425 506/150/429 511/155/433
f 511/155/433 512/144/434 501/145/425
f 513/127/407 512/144/434 511/155/433
f 510/154/432 513/127/407 511/155/433
f 505/149/428 508/152/423 514/156/435
f 505/149/428 514/156/435 515/157/417
f 516/151/436 505/149/428 515/157/417
f 516/151/436 515/157/417 517/158/408
f 476/119/437 513/127/407 510/154/432
f 510/154/432 509/153/431 518/159/312
f 519/160/310 518/159/312 509/153/431
f 519/160/310 509/153/431 520/161/438
f 521/151/430 520/161/438 509/153/431
f 522/162/439 520/161/438 521/151/430
f 520/161/438 522/162/439 523/163/409
f 520/161/438 523/163/409 524/164/440
f 520/161/438 524/164/440 525/165/441
f 519/160/310 520/161/438 525/165/441
f 526/166/442 525/165/441 524/164/440
f 525/165/441 526/166/442 527/167/443
f 525/165/441 527/167/443 528/168/444
f 529/169/445 525/165/441 528/168/444
f 527/167/443 529/169/445 528/168/444
f 527/167/443 530/170/446 529/169/445
f 526/166/442 524/164/440 531/171/447
f 527/167/443 526/166/442 532/172/448
f 527/167/443 532/172/448 533/173/449
f 530/170/446 527/167/443 533/173/449
f 533/173/449 532/172/448 534/174/450
f 533/173/449 534/174/450 535/175/414
f 530/170/446 533/173/449 536/176/410
f 536/176/410 533/173/449 535/175/414
f 536/176/410 535/175/414 537/177/451
f 538/178/452 534/174/450 532/172/448
f 538/178/452 532/172/448 539/179/453
f 539/179/453 532/172/448 526/166/442
f 539/179/453 526/166/442 531/171/447
f 519/160/310 525/165/441 540/180/454
f 541/181/455 542/183/456 543/182/457
f 541/181/455 544/184/458 542/183/456
f 521/151/430 541/181/455 543/182/457
f 521/151/430 543/182/457 522/162/439
f 543/182/457 542/183/456 545/185/459
f 543/182/457 545/185/459 546/186/460
f 522/162/439 543/182/457 546/186/460
f 522/162/439 546/186/460 523/163/409
f 541/181/455 547/187/461 544/184/458
f 541/181/455 548/188/462 547/187/461
f 549/151/430 548/188/462 541/181/455
f 549/151/430 550/158/408 548/188/462
f 551/144/463 552/142/464 501/145/465
f 482/126/406 500/144/434 483/127/407
f 482/126/406 492/136/416 553/144/424
f 554/189/466 555/191/458 556/190/461
f 554/189/466 557/192/467 555/191/458
f 558/193/460 554/189/466 556/190/461
f 558/193/460 556/190/461 559/194/468
f 484/128/408 558/193/460 559/194/468
f 485/129/409 558/193/460 484/128/408
f 476/119/400 475/120/399 560/127/469
f 476/119/437 510/154/432 561/195/470
f 510/154/432 518/159/312 561/195/470
f 562/119/471 561/195/470 563/196/472
f 564/197/473 562/119/471 563/196/472
f 564/197/473 474/118/441 562/119/471
f 565/198/474 390/43/336 566/41/475
f 565/198/474 567/199/476 390/43/336
f 567/199/476 398/50/344 390/43/336
f 568/200/335 569/203/477 570/202/478
f 568/200/335 570/202/478 571/201/479
f 571/201/479 570/202/478 572/204/480
f 571/201/479 572/204/480 573/205/360
f 570/202/478 569/203/477 574/206/481
f 569/203/477 575/207/482 574/206/481
f 570/202/478 574/206/481 576/208/483
f 570/202/478 577/209/484 572/204/480
f 570/202/478 576/208/483 577/209/484
f 578/210/485 577/209/484 576/208/483
f 572/204/480 577/209/484 578/210/485
f 578/210/485 576/208/483 579/211/486
f 572/204/480 578/210/485 580/212/487
f 581/205/362 572/204/480 580/212/487
f 581/205/362 580/212/487 582/213/361
f 582/213/361 580/212/487 583/214/488
f 582/213/361 583/214/488 584/215/335
f 583/214/488 580/212/487 585/216/489
f 580/212/487 578/210/485 586/217/490
f 586/217/490 587/218/491 580/212/487
f 578/210/485 587/218/491 586/217/490
f 578/210/485 579/211/486 587/218/491
f 580/212/487 587/218/491 585/216/489
f 583/214/488 588/216/492 589/219/482
f 590/220/493 591/218/494 592/221/486
f 593/222/495 591/218/494 590/220/493
f 593/222/495 594/216/489 591/218/494
f 595/223/482 594/216/489 593/222/495
f 292/247/254 596/249/233 597/257/241
f 597/257/241 598/256/496 292/247/254
f 599/260/245 598/256/496 597/257/241
f 600/261/246 598/256/496 599/260/245
f 292/247/254 598/256/496 294/226/255
f 596/249/497 289/248/498 601/258/104
f 601/258/104 289/248/498 602/259/499
f 603/259/394 289/248/500 604/255/248
f 605/255/248 289/248/250 278/254/252
f 606/69/360 412/66/476 607/269/479
f 608/270/289 609/272/501 610/271/502
f 610/271/502 609/272/501 611/273/503
f 612/274/292 613/276/504 614/275/505
f 614/275/505 613/276/504 615/271/255
f 616/270/289 615/271/255 613/276/504
f 617/277/506 369/21/317 618/278/507
f 372/24/320 369/21/317 617/277/506
f 618/278/507 369/21/317 376/28/324
o Object_33.001
v -0.015354 1.992733 -0.188065
v -0.070720 2.015852 -0.234671
v 0.177079 1.774553 -0.346218
v 0.198750 1.766601 -0.262476
v 0.274562 1.676383 -0.375687
v 0.295825 1.668579 -0.293516
v -0.004745 2.055932 -0.307696
v 0.145121 1.909630 -0.342941
v 0.309697 1.710557 -0.379008
v 0.335715 1.721350 -0.339812
v 0.176619 1.920016 -0.287415
v -0.035044 2.017838 -0.173375
v 0.329861 1.703157 -0.301084
v 0.123782 1.926798 -0.209441
v 0.335715 1.721350 -0.339812
v 0.176619 1.920016 -0.287415
v 0.045571 2.039359 -0.190989
v 0.029632 2.063229 -0.179170
v -0.138153 2.200980 0.081010
v -0.022770 2.201383 -0.017613
v -0.083509 2.341451 0.121017
v 0.033512 2.095951 -0.250261
v -0.033687 2.226998 -0.093403
v -0.076967 2.340366 0.014198
v -0.233755 2.261944 -0.026549
v -0.272910 2.298297 0.047171
v -0.195338 2.233886 0.146241
v -0.198454 2.329338 0.203099
v -0.148862 2.407694 0.028100
v -0.111922 2.254694 -0.115124
v -0.076967 2.340366 0.014198
v -0.033687 2.226998 -0.093403
v -0.049552 2.110691 -0.271507
v 0.033512 2.095951 -0.250261
v -0.198578 2.298604 -0.005772
v -0.181432 2.193688 0.094100
v -0.237306 2.427985 0.117121
v -0.106134 2.388933 0.068612
v -0.220297 2.393383 0.170878
v -0.027624 2.083437 -0.291088
v -0.168128 0.307378 -0.812897
v -0.272810 0.655722 -0.475265
v -0.174316 0.628352 -0.482722
v -0.221031 0.795202 -0.227697
v -0.307626 0.791435 -0.262243
v -0.222154 0.822877 -0.225746
v -0.318238 0.812369 -0.241463
v -0.222915 0.774452 -0.106285
v -0.218514 0.854820 -0.105563
v -0.215692 0.716958 -0.149346
v -0.374379 0.769175 -0.150014
v -0.362703 0.712937 -0.210301
v -0.299202 0.683422 -0.153615
v -0.308686 0.758374 -0.095326
v -0.215692 0.716958 -0.149346
v -0.222915 0.774452 -0.106285
v -0.306006 0.856252 -0.081160
v -0.218514 0.854820 -0.105563
v -0.373045 0.836674 -0.139255
v -0.254426 1.312018 -0.142507
v -0.326615 1.332052 -0.241224
v -0.161595 1.349771 -0.204825
v -0.300677 1.295147 -0.386768
v -0.374090 1.326911 -0.183321
v -0.369744 1.344846 -0.371753
v -0.159415 0.513471 -0.414819
v -0.253525 0.492809 -0.389548
v -0.310440 0.551002 -0.427318
v -0.198496 0.211673 -0.733342
v -0.229630 0.252569 -0.776442
v -0.168128 0.307378 -0.812897
v -0.198496 0.211673 -0.733342
v -0.115288 1.264885 -0.350465
v -0.115288 1.264885 -0.350465
v -0.115288 1.264885 -0.350465
v -0.161595 1.349771 -0.204825
v -0.171363 1.755336 -0.089028
v -0.215670 1.431639 -0.122820
v -0.137596 1.476980 -0.198671
v -0.347908 1.748238 0.013718
v -0.369167 1.415179 -0.107766
v -0.139588 1.792020 -0.237951
v -0.133912 1.509599 -0.347111
v -0.161595 1.349771 -0.204825
v -0.374090 1.326911 -0.183321
v -0.326615 1.332052 -0.241224
v -0.254426 1.312018 -0.142507
v -0.216659 1.584620 -0.372208
v -0.209185 1.496466 -0.411956
v -0.350245 1.628001 -0.355318
v -0.337729 1.818599 -0.307144
v -0.363003 1.434133 -0.402684
v -0.332908 1.387990 -0.420479
v -0.203305 1.400520 -0.427834
v -0.300677 1.295147 -0.386768
v -0.115288 1.264885 -0.350465
v -0.369744 1.344846 -0.371753
v -0.369744 1.344846 -0.371753
v -0.130343 1.466918 -0.357077
v -0.115288 1.264885 -0.350465
v -0.115288 1.264885 -0.350465
v -0.394054 2.036084 -0.211192
v -0.177858 2.056391 -0.160779
v -0.198578 2.298604 -0.005772
v -0.485266 2.275877 -0.066631
v -0.362061 2.433106 0.136126
v -0.237306 2.427985 0.117121
v -0.220297 2.393383 0.170878
v -0.333939 2.366767 0.191389
v -0.438568 2.359257 0.232169
v -0.529900 2.376286 0.162069
v -0.165710 1.940087 -0.043060
v -0.181432 2.193688 0.094100
v -0.238822 1.863507 0.020640
v -0.266123 2.076016 0.156265
v -0.409411 2.032781 0.220553
v -0.318082 2.306620 0.229470
v -0.494170 2.265981 0.258134
v -0.438568 2.359257 0.232169
v -0.333939 2.366767 0.191389
v -0.198454 2.329338 0.203099
v -0.220297 2.393383 0.170878
v -0.195338 2.233886 0.146241
v -0.323364 1.811339 0.039650
v 0.337518 1.624219 -0.296323
v 0.278779 1.674466 -0.358100
v 0.306994 1.634115 -0.350804
v 0.305191 1.602529 -0.321567
v 0.317249 1.563349 -0.338297
v 0.323114 1.588108 -0.371650
v 0.340842 1.552140 -0.354999
v 0.363486 1.571624 -0.351431
v 0.345300 1.580004 -0.434459
v 0.290168 1.610504 -0.454449
v 0.371876 1.560088 -0.412517
v 0.392495 1.544328 -0.394836
v 0.319562 1.522187 -0.362287
v 0.343150 1.523680 -0.367458
v 0.321640 1.504763 -0.381194
v 0.341025 1.506104 -0.383081
v 0.323008 1.482094 -0.381424
v 0.342745 1.483460 -0.383344
v 0.328507 1.549089 -0.444566
v 0.350411 1.524419 -0.428209
v 0.303246 1.526149 -0.435480
v 0.323904 1.507446 -0.417622
v 0.293217 1.503560 -0.448672
v 0.269241 1.536302 -0.464489
v 0.273769 1.554507 -0.456701
v 0.311961 1.486162 -0.431815
v 0.290498 1.587355 -0.473145
v 0.301302 1.578907 -0.491412
v 0.269241 1.536302 -0.464489
v 0.337840 1.526521 -0.471614
v 0.293217 1.503560 -0.448672
v 0.359139 1.508902 -0.448090
v 0.375172 1.586604 -0.451150
v 0.395758 1.567973 -0.427773
v 0.311961 1.486162 -0.431815
v 0.373130 1.685037 -0.358375
v 0.322634 1.699119 -0.379746
v 0.314974 1.621194 -0.473603
v 0.290498 1.587355 -0.473145
v 0.290168 1.610504 -0.454449
v 0.323904 1.507446 -0.417622
v 0.350411 1.524419 -0.428209
v 0.395758 1.567973 -0.427773
v 0.371876 1.560088 -0.412517
v 0.335715 1.721350 -0.339812
v 0.329861 1.703157 -0.301084
v 0.379572 1.647860 -0.317081
v 0.395758 1.567973 -0.427773
v 0.412396 1.552916 -0.408885
v 0.392495 1.544328 -0.394836
v 0.363486 1.571624 -0.351431
v 0.337518 1.624219 -0.296323
v 0.347106 1.551281 -0.323604
v 0.320400 1.552185 -0.318774
v 0.318206 1.595503 -0.299334
v 0.305191 1.602529 -0.321567
v 0.317249 1.563349 -0.338297
v 0.340842 1.552140 -0.354999
v 0.348466 1.510385 -0.348193
v 0.321088 1.510760 -0.343557
v 0.342745 1.483460 -0.383344
v 0.323008 1.482094 -0.381424
v 0.319562 1.522187 -0.362287
v 0.321640 1.504763 -0.381194
v 0.341025 1.506104 -0.383081
v 0.343150 1.523680 -0.367458
v 0.295825 1.668579 -0.293516
v 0.374817 1.510868 -0.462306
v 0.391807 1.496444 -0.443243
v 0.348940 1.460953 -0.436091
v 0.334880 1.472171 -0.451072
v 0.352944 1.480908 -0.419655
v 0.379175 1.504802 -0.422324
v 0.337302 1.497103 -0.436030
v 0.359757 1.522274 -0.439750
v 0.395758 1.567973 -0.427773
v 0.371876 1.560088 -0.412517
v 0.290498 1.587355 -0.473145
v 0.273769 1.554507 -0.456701
v 0.290498 1.587355 -0.473145
v 0.352944 1.480908 -0.419655
v 0.337302 1.497103 -0.436030
v 0.334880 1.472171 -0.451072
v 0.348940 1.460953 -0.436091
v 0.379175 1.504802 -0.422324
v 0.359757 1.522274 -0.439750
v 0.290168 1.610504 -0.454449
v 0.309697 1.710557 -0.379008
v 0.278779 1.674466 -0.358100
v 0.274562 1.676383 -0.375687
v 0.295825 1.668579 -0.293516
v -0.140971 0.245165 -0.751503
v -0.168128 0.307378 -0.812897
v -0.159415 0.513471 -0.414819
v -0.168128 0.307378 -0.812897
v -0.140971 0.245165 -0.751503
v -0.126449 0.209004 -0.793155
v -0.149005 0.279548 -0.846931
v -0.184660 0.155237 -0.789307
v -0.198496 0.211673 -0.733342
v -0.057024 0.212916 -0.907434
v -0.095306 0.241885 -0.944103
v -0.120688 -0.113203 -0.750765
v -0.180378 -0.052422 -0.746662
v -0.239770 -0.109435 -0.775016
v -0.242335 -0.150701 -0.784249
v -0.209418 0.211161 -0.839839
v -0.198496 0.211673 -0.733342
v -0.229630 0.252569 -0.776442
v -0.149005 0.279548 -0.846931
v -0.168128 0.307378 -0.812897
v -0.147912 0.212042 -0.956673
v -0.262001 -0.087498 -0.794129
v -0.272768 -0.125044 -0.827063
v -0.095306 0.241885 -0.944103
v -0.147912 0.212042 -0.956673
v -0.120688 -0.113203 -0.750765
v -0.242335 -0.150701 -0.784249
v -0.272768 -0.125044 -0.827063
v -0.057024 0.212916 -0.907434
v -0.147912 0.212042 -0.956673
v -0.095306 0.241885 -0.944103
v -0.540749 2.454622 0.482736
v -0.531227 2.409423 0.448736
v -0.476969 2.466951 0.419062
v -0.573587 2.417650 0.482481
v -0.574749 2.369509 0.466121
v -0.572976 2.370023 0.453164
v -0.588310 2.391965 0.476971
v -0.593525 2.393236 0.505780
v -0.535412 2.519478 0.487411
v -0.534663 2.589151 0.487464
v -0.608215 2.448275 0.505877
v -0.611592 2.426465 0.509151
v -0.630109 2.458679 0.518770
v -0.572035 2.480608 0.514522
v -0.582829 2.505104 0.538046
v -0.641584 2.474751 0.537752
v -0.656973 2.499475 0.552598
v -0.602136 2.536378 0.555816
v -0.709453 2.596547 0.560568
v -0.593092 2.627547 0.550689
v -0.618340 2.711981 0.460392
v -0.538900 2.640385 0.407831
v -0.494873 2.511814 0.358064
v -0.464279 2.331838 0.348301
v -0.488295 2.433417 0.291890
v -0.521765 2.329828 0.295347
v -0.568341 2.662885 0.314879
v -0.717112 2.693991 0.283154
v -0.633961 2.557616 0.212244
v -0.519418 2.565875 0.290891
v -0.578298 2.448021 0.225982
v -0.578298 2.448021 0.225982
v -0.529900 2.376286 0.162069
v -0.499712 2.340062 0.407706
v -0.503157 2.268703 0.355287
v -0.521765 2.329828 0.295347
v -0.494170 2.265981 0.258134
v -0.438568 2.359257 0.232169
v -0.527003 2.292406 0.401125
v -0.533880 2.302859 0.406219
v -0.438568 2.359257 0.232169
v -0.529900 2.376286 0.162069
v -0.630533 2.358359 0.269451
v -0.720913 2.459548 0.259108
v -0.704630 2.399799 0.316352
v -0.569934 2.274733 0.322866
v -0.521765 2.329828 0.295347
v -0.695484 2.350257 0.375604
v -0.799141 2.503057 0.366776
v -0.779195 2.460112 0.448889
v -0.722366 2.420824 0.457920
v -0.665864 2.388600 0.462999
v -0.626125 2.359348 0.433766
v -0.618312 2.394050 0.475426
v -0.574749 2.369509 0.466121
v -0.572976 2.370023 0.453164
v -0.588310 2.391965 0.476971
v -0.593525 2.393236 0.505780
v -0.630265 2.436640 0.502398
v -0.611592 2.426465 0.509151
v -0.630109 2.458679 0.518770
v -0.677878 2.424756 0.497826
v -0.697638 2.444520 0.519935
v -0.641584 2.474751 0.537752
v -0.656973 2.499475 0.552598
v -0.716945 2.475794 0.537705
v -0.794361 2.521338 0.518939
v -0.827377 2.601674 0.427415
v -0.779124 2.551657 0.281628
v -0.717112 2.693991 0.283154
v -0.633961 2.557616 0.212244
v -0.578298 2.448021 0.225982
v -0.756771 2.560383 0.541056
v -0.809458 2.628400 0.467352
v -0.827377 2.601674 0.427415
v -0.747416 2.718898 0.391939
v -0.717112 2.693991 0.283154
v -0.709453 2.596547 0.560568
v -0.740171 2.670985 0.506282
v -0.747416 2.718898 0.391939
v -0.747416 2.718898 0.391939
v -0.618340 2.711981 0.460392
v -0.659228 2.707675 0.491051
v -0.650155 2.616643 0.557875
v -0.740171 2.670985 0.506282
v -0.747416 2.718898 0.391939
v -0.593525 2.393236 0.505780
v -0.596527 2.397794 0.509556
v -0.611592 2.426465 0.509151
v -0.198496 0.211673 -0.733342
v -0.140971 0.245165 -0.751503
v -0.583937 2.440693 0.298646
v -0.476969 2.466951 0.419062
v -0.572976 2.370023 0.453164
v -0.531227 2.409423 0.448736
v -0.533880 2.302859 0.406219
v -0.499712 2.340062 0.407706
v -0.522270 2.304317 0.354719
v -0.476969 2.466951 0.419062
v -0.583937 2.440693 0.298646
v -0.106134 2.388933 0.068612
v -0.220297 2.393383 0.170878
v -0.701625 1.763204 -0.185732
v -0.926563 1.560969 -0.080772
v -0.907580 1.506969 -0.146111
v -0.650128 1.744888 -0.230895
v -1.009660 1.421386 -0.098525
v -1.028285 1.474373 -0.034415
v -0.699850 1.744401 -0.316673
v -0.870477 1.603929 -0.238306
v -1.043583 1.445242 -0.124862
v -1.067778 1.481686 -0.104456
v -0.899582 1.651783 -0.205962
v -0.711699 1.749648 -0.188661
v -1.061246 1.495491 -0.064061
v -0.843807 1.708414 -0.154980
v -1.067778 1.481686 -0.104456
v -0.899582 1.651783 -0.205962
v -0.760822 1.797547 -0.220528
v -0.772724 1.775182 -0.232255
v -0.766570 1.993338 0.026957
v -0.822424 1.947353 -0.106482
v -0.854629 2.119633 0.002190
v -0.748442 1.795027 -0.303473
v -0.782148 1.961767 -0.174959
v -0.811249 2.098914 -0.093431
v -0.643147 2.057860 -0.043958
v -0.648321 2.114964 0.026766
v -0.751541 2.050378 0.098569
v -0.769406 2.148530 0.127911
v -0.765211 2.183848 -0.069735
v -0.708059 2.004624 -0.169235
v -0.811249 2.098914 -0.093431
v -0.782148 1.961767 -0.174959
v -0.672511 1.803034 -0.306689
v -0.748442 1.795027 -0.303473
v -0.702433 2.106624 -0.041248
v -0.673501 2.016320 0.068018
v -0.764387 2.243323 0.029820
v -0.818229 2.161809 -0.046894
v -0.776387 2.210102 0.085757
v -0.685505 1.773276 -0.312692
v -0.400982 0.011401 -0.460486
v -0.474499 0.465799 -0.446381
v -0.384748 0.505492 -0.416809
v -0.508353 0.761642 -0.366451
v -0.417434 0.749242 -0.349525
v -0.511799 0.851600 -0.362270
v -0.417589 0.838516 -0.338968
v -0.563117 0.802161 -0.257407
v -0.566245 0.855441 -0.250477
v -0.559513 0.751918 -0.268588
v -0.408410 0.789220 -0.227189
v -0.403784 0.731184 -0.242845
v -0.489193 0.735961 -0.214571
v -0.493535 0.789797 -0.200388
v -0.559513 0.751918 -0.268588
v -0.563117 0.802161 -0.257407
v -0.496960 0.845377 -0.192595
v -0.566245 0.855441 -0.250477
v -0.411185 0.835109 -0.220694
v -0.534182 1.305524 -0.160579
v -0.428200 1.342655 -0.212990
v -0.593902 1.362663 -0.244812
v -0.416425 1.322092 -0.380806
v -0.536434 0.420349 -0.336249
v -0.466558 0.434541 -0.266696
v -0.389715 0.462558 -0.303612
v -0.423886 -0.005563 -0.335594
v -0.370953 0.002251 -0.376048
v -0.400982 0.011401 -0.460486
v -0.423886 -0.005563 -0.335594
v -0.374090 1.326911 -0.183321
v -0.416425 1.322092 -0.380806
v -0.369744 1.344846 -0.371753
v -0.588928 1.332128 -0.400221
v -0.588928 1.332128 -0.400221
v -0.588928 1.332128 -0.400221
v -0.593902 1.362663 -0.244812
v -0.518304 1.779559 -0.094721
v -0.586814 1.508343 -0.206045
v -0.518315 1.452769 -0.127789
v -0.347908 1.748238 0.013718
v -0.369167 1.415179 -0.107766
v -0.539793 1.819961 -0.244520
v -0.581081 1.540819 -0.354452
v -0.593902 1.362663 -0.244812
v -0.534182 1.305524 -0.160579
v -0.428200 1.342655 -0.212990
v -0.374090 1.326911 -0.183321
v -0.590840 1.500400 -0.364345
v -0.588928 1.332128 -0.400221
v -0.506284 1.517209 -0.416834
v -0.588928 1.332128 -0.400221
v -0.487938 1.603561 -0.376661
v -0.350245 1.628001 -0.355318
v -0.337729 1.818599 -0.307144
v -0.363003 1.434133 -0.402684
v -0.398619 1.392576 -0.421558
v -0.524913 1.422975 -0.433114
v -0.416425 1.322092 -0.380806
v -0.588928 1.332128 -0.400221
v -0.369744 1.344846 -0.371753
v -0.369744 1.344846 -0.371753
v -0.577076 1.913755 -0.176068
v -0.394054 2.036084 -0.211192
v -0.702433 2.106624 -0.041248
v -0.485266 2.275877 -0.066631
v -0.684205 2.318324 0.098458
v -0.764387 2.243323 0.029820
v -0.776387 2.210102 0.085757
v -0.680110 2.257399 0.136123
v -0.594322 2.303607 0.226204
v -0.529900 2.376286 0.162069
v -0.520828 1.813207 -0.056662
v -0.673501 2.016320 0.068018
v -0.420295 1.798669 0.013690
v -0.551675 1.977476 0.156315
v -0.409411 2.032781 0.220553
v -0.661857 2.194214 0.200916
v -0.494170 2.265981 0.258134
v -0.594322 2.303607 0.226204
v -0.680110 2.257399 0.136123
v -0.769406 2.148530 0.127911
v -0.776387 2.210102 0.085757
v -0.751541 2.050378 0.098569
v -0.323364 1.811339 0.039650
v -1.072880 1.431972 -0.002939
v -1.043211 1.409450 -0.054029
v -1.013525 1.438102 -0.081876
v -1.042057 1.398596 -0.012358
v -1.056095 1.357201 -0.005314
v -1.061683 1.360286 -0.046774
v -1.080501 1.339874 -0.013388
v -1.102238 1.359239 -0.020987
v -1.085600 1.320616 -0.095323
v -1.029722 1.332870 -0.128441
v -1.112476 1.316969 -0.066189
v -1.133322 1.314233 -0.042865
v -1.060651 1.309764 -0.003275
v -1.084266 1.309336 -0.008507
v -1.063874 1.285011 -0.009781
v -1.083223 1.286033 -0.012156
v -1.066183 1.265898 0.002268
v -1.085886 1.266938 -0.000151
v -1.070336 1.288387 -0.087075
v -1.092864 1.277509 -0.060058
v -1.045844 1.272821 -0.066955
v -1.066849 1.267711 -0.041891
v -1.037057 1.246244 -0.065820
v -1.012113 1.264100 -0.096741
v -1.015706 1.283819 -0.100034
v -1.056117 1.241600 -0.042299
v -1.031431 1.303338 -0.131673
v -1.042989 1.286888 -0.142515
v -1.012113 1.264100 -0.096741
v -1.081200 1.255258 -0.097678
v -1.037057 1.246244 -0.065820
v -1.102671 1.254147 -0.068431
v -1.115544 1.318560 -0.113035
v -1.136352 1.316482 -0.083365
v -1.056117 1.241600 -0.042299
v -1.107340 1.451272 -0.088129
v -1.056803 1.449199 -0.113553
v -1.054494 1.332684 -0.150416
v -1.031431 1.303338 -0.131673
v -1.029722 1.332870 -0.128441
v -1.066849 1.267711 -0.041891
v -1.092864 1.277509 -0.060058
v -1.136352 1.316482 -0.083365
v -1.112476 1.316969 -0.066189
v -1.067778 1.481686 -0.104456
v -1.061246 1.495491 -0.064061
v -1.114379 1.442614 -0.033316
v -1.136352 1.316482 -0.083365
v -1.153165 1.314803 -0.059395
v -1.133322 1.314233 -0.042865
v -1.102238 1.359239 -0.020987
v -1.072880 1.431972 -0.002939
v -1.086092 1.356391 0.013471
v -1.059266 1.358505 0.017136
v -1.054841 1.405303 0.010100
v -1.042057 1.398596 -0.012358
v -1.056095 1.357201 -0.005314
v -1.080501 1.339874 -0.013388
v -1.089693 1.308809 0.014867
v -1.062224 1.310341 0.018656
v -1.085886 1.266938 -0.000151
v -1.066183 1.265898 0.002268
v -1.060651 1.309764 -0.003275
v -1.063874 1.285011 -0.009781
v -1.083223 1.286033 -0.012156
v -1.084266 1.309336 -0.008507
v -1.028285 1.474373 -0.034415
v -1.118571 1.248862 -0.081509
v -1.094198 1.219842 -0.032398
v -1.135711 1.247826 -0.057730
v -1.080027 1.220523 -0.051022
v -1.096995 1.245674 -0.029360
v -1.122275 1.265548 -0.044599
v -1.081076 1.249712 -0.051840
v -1.102549 1.269915 -0.068642
v -1.136352 1.316482 -0.083365
v -1.112476 1.316969 -0.066189
v -1.031431 1.303338 -0.131673
v -1.015706 1.283819 -0.100034
v -1.031431 1.303338 -0.131673
v -1.096995 1.245674 -0.029360
v -1.080027 1.220523 -0.051022
v -1.081076 1.249712 -0.051840
v -1.094198 1.219842 -0.032398
v -1.122275 1.265548 -0.044599
v -1.102549 1.269915 -0.068642
v -1.029722 1.332870 -0.128441
v -1.043583 1.445242 -0.124862
v -1.013525 1.438102 -0.081876
v -1.009660 1.421386 -0.098525
v -1.028285 1.474373 -0.034415
v -0.461742 -0.000226 -0.393032
v -0.400982 0.011401 -0.460486
v -0.536434 0.420349 -0.336249
v -0.400982 0.011401 -0.460486
v -0.413201 -0.067276 -0.466095
v -0.454883 -0.070075 -0.384659
v -0.461742 -0.000226 -0.393032
v -0.403703 -0.058869 -0.325085
v -0.423886 -0.005563 -0.335594
v -0.449530 -0.189023 -0.445632
v -0.400326 -0.182955 -0.480150
v -0.452381 -0.178980 -0.078421
v -0.411037 -0.118179 -0.121646
v -0.340763 -0.131210 -0.071907
v -0.329603 -0.154084 -0.038043
v -0.360595 -0.058728 -0.391687
v -0.423886 -0.005563 -0.335594
v -0.370953 0.002251 -0.376048
v -0.413201 -0.067276 -0.466095
v -0.400982 0.011401 -0.460486
v -0.346987 -0.176580 -0.449649
v -0.313882 -0.123927 -0.095684
v -0.283181 -0.158116 -0.073347
v -0.346987 -0.176580 -0.449649
v -0.400326 -0.182955 -0.480150
v -0.452381 -0.178980 -0.078421
v -0.283181 -0.158116 -0.073347
v -0.329603 -0.154084 -0.038043
v -0.449530 -0.189023 -0.445632
v -0.346987 -0.176580 -0.449649
v -0.400326 -0.182955 -0.480150
v -0.521765 2.329828 0.295347
v -0.503157 2.268703 0.355287
v -0.580645 2.296319 0.388225
v -0.527003 2.292406 0.401125
v -0.533880 2.302859 0.406219
v -0.494170 2.265981 0.258134
v -0.594322 2.303607 0.226204
v -0.594322 2.303607 0.226204
v -0.529900 2.376286 0.162069
v -0.529900 2.376286 0.162069
v -0.423886 -0.005563 -0.335594
v -0.461742 -0.000226 -0.393032
v -0.583937 2.440693 0.298646
v -0.572976 2.370023 0.453164
v -0.695484 2.350257 0.375604
v -0.626125 2.359348 0.433766
v -0.533880 2.302859 0.406219
v -0.522270 2.304317 0.354719
v -0.580645 2.296319 0.388225
v -0.695484 2.350257 0.375604
v -0.583937 2.440693 0.298646
v -0.818229 2.161809 -0.046894
v -0.776387 2.210102 0.085757
vn -0.3019 -0.6001 0.7407
vn -0.8321 -0.4712 -0.2924
vn -0.6541 -0.5110 -0.5577
vn -0.3319 -0.6126 0.7173
vn -0.7496 -0.3420 -0.5666
vn -0.4094 -0.4250 0.8073
vn -0.1232 0.2838 -0.9509
vn 0.1008 0.3089 -0.9457
vn 0.1688 0.4827 -0.8593
vn 0.7261 0.6848 -0.0627
vn 0.7726 0.6330 -0.0501
vn -0.2029 -0.7358 0.6461
vn 0.5520 0.3419 0.7605
vn 0.4563 0.0912 0.8851
vn 0.7699 0.6359 -0.0544
vn 0.6036 0.2038 0.7708
vn 0.8256 -0.0296 0.5635
vn 0.0265 -0.8099 0.5860
vn 0.9012 -0.1048 0.4205
vn 0.7858 0.2214 0.5775
vn 0.7239 0.6463 -0.2413
vn 0.7378 0.6095 -0.2902
vn 0.7758 0.5762 -0.2573
vn -0.8771 -0.1278 -0.4630
vn -0.8975 0.2770 0.3432
vn 0.4403 -0.2531 0.8614
vn 0.5693 -0.0040 0.8221
vn 0.0463 0.8772 -0.4778
vn -0.1359 0.6284 -0.7660
vn 0.7757 0.5762 -0.2574
vn 0.7431 0.6112 -0.2725
vn -0.3974 0.4947 -0.7729
vn 0.7617 0.6288 -0.1564
vn 0.5137 0.4903 0.7040
vn 0.5376 -0.0767 0.8397
vn 0.2824 0.9528 0.1117
vn 0.6778 0.7234 0.1314
vn 0.5757 0.6045 0.5505
vn -0.2712 0.3665 -0.8900
vn 0.2316 0.6766 -0.6990
vn -0.4604 0.6450 -0.6099
vn 0.7196 0.5787 -0.3838
vn 0.8790 0.3126 -0.3602
vn -0.4295 0.6251 -0.6517
vn 0.8053 -0.1056 -0.5834
vn -0.6078 0.1273 -0.7839
vn 0.8009 -0.1774 0.5720
vn 0.7685 -0.0550 0.6375
vn 0.8137 -0.3296 0.4788
vn -0.9592 -0.1815 0.2166
vn -0.9713 -0.2379 0.0032
vn -0.2277 -0.7256 0.6494
vn -0.2469 -0.3820 0.8906
vn 0.8165 -0.3160 0.4832
vn 0.8291 -0.1833 0.5281
vn -0.2419 0.0392 0.9695
vn 0.7785 -0.0515 0.6256
vn -0.9723 0.0316 0.2318
vn -0.1665 0.1717 0.9710
vn -0.4244 -0.6667 0.6127
vn 0.7943 0.0209 0.6072
vn -0.3766 -0.6881 -0.6202
vn 0.1333 -0.7592 0.6370
vn -0.1983 -0.8905 -0.4096
vn 0.8471 -0.3496 0.4003
vn -0.2701 -0.7694 0.5788
vn -0.9750 -0.2201 -0.0307
vn -0.2626 -0.7372 0.6225
vn -0.9779 0.0030 -0.2091
vn -0.2626 -0.7372 0.6226
vn 0.8550 -0.3401 -0.3916
vn 0.8630 -0.3035 -0.4039
vn 0.8629 -0.3035 -0.4040
vn 0.7944 0.0209 0.6071
vn 0.7720 -0.0280 0.6351
vn 0.8377 -0.1211 0.5325
vn 0.4234 -0.3216 0.8469
vn 0.9315 -0.1174 0.3444
vn 0.0313 -0.3092 0.9505
vn -0.0497 -0.5107 0.8583
vn 0.8765 0.2508 -0.4109
vn 0.8800 0.1994 -0.4312
vn 0.8827 -0.1491 0.4456
vn -0.0259 -0.9265 0.3755
vn -0.3656 -0.9036 0.2231
vn -0.2523 -0.0133 0.9676
vn 0.2912 0.3742 -0.8805
vn 0.2770 0.2605 -0.9249
vn 0.0343 0.2659 -0.9634
vn -0.0175 0.3577 -0.9337
vn 0.0252 0.1281 -0.9914
vn -0.3419 -0.1326 -0.9303
vn 0.3519 -0.0388 -0.9352
vn -0.3991 -0.3123 -0.8621
vn 0.8491 -0.1064 -0.5174
vn -0.0532 -0.8759 -0.4795
vn -0.1665 -0.9177 -0.3607
vn 0.9010 0.0692 -0.4282
vn 0.8664 -0.1942 -0.4600
vn 0.8677 -0.2281 -0.4416
vn -0.1589 0.4084 -0.8989
vn 0.7331 0.3518 -0.5821
vn 0.4876 0.3848 -0.7837
vn -0.2357 0.6391 -0.7321
vn -0.0539 0.9981 0.0293
vn -0.1650 0.9766 -0.1378
vn -0.0213 0.5958 0.8029
vn 0.1582 0.5461 0.8226
vn 0.4706 0.5864 0.6593
vn -0.2904 0.9155 -0.2784
vn 0.9613 -0.0970 0.2579
vn 0.9575 -0.1547 0.2434
vn 0.6064 -0.3638 0.7071
vn 0.6122 -0.2617 0.7461
vn 0.1965 -0.3691 0.9084
vn 0.2772 0.1517 0.9488
vn 0.1174 -0.2424 0.9631
vn 0.4956 0.5667 0.6583
vn 0.1350 0.7094 0.6917
vn 0.1740 0.0703 0.9822
vn -0.0563 0.6112 0.7895
vn 0.6968 -0.6923 0.1877
vn 0.1735 -0.5152 0.8393
vn -0.0463 -0.2837 0.9578
vn -0.9931 0.1134 -0.0302
vn -0.9064 -0.3725 0.1994
vn -0.9690 0.0738 0.2358
vn -0.9363 -0.2002 -0.2886
vn -0.8014 -0.4752 -0.3631
vn 0.3848 -0.1547 -0.9100
vn 0.5760 -0.7559 0.3111
vn -0.7280 -0.4541 0.5136
vn -0.9941 -0.0175 -0.1066
vn -0.6802 -0.5719 0.4585
vn 0.1059 -0.6926 0.7135
vn -0.8422 0.2799 -0.4609
vn 0.5859 0.4611 -0.6664
vn -0.6850 0.2423 -0.6871
vn 0.4806 0.3325 -0.8115
vn -0.5146 -0.7924 -0.3275
vn 0.5321 -0.7226 -0.4412
vn -0.3823 0.2734 0.8827
vn 0.2130 -0.2306 0.9494
vn -0.4509 0.2202 0.8650
vn -0.0086 -0.1272 0.9918
vn -0.6899 -0.7164 -0.1040
vn -0.9136 -0.3303 -0.2371
vn -0.8016 0.4060 0.4388
vn -0.2747 -0.9329 0.2330
vn -0.9560 0.2896 -0.0465
vn -0.2243 0.1099 -0.9683
vn -0.9135 -0.3304 -0.2372
vn -0.8017 0.4060 0.4388
vn 0.2769 -0.4170 -0.8657
vn 0.6662 -0.7201 -0.1939
vn 0.6742 0.2413 -0.6980
vn 0.8048 0.2460 -0.5402
vn 0.7927 0.5857 -0.1690
vn 0.1492 0.6070 -0.7806
vn -0.0318 0.6096 -0.7921
vn -0.9560 0.2895 -0.0464
vn -0.0085 -0.1272 0.9918
vn 0.8047 0.2461 -0.5402
vn -0.6802 -0.5719 0.4586
vn 0.7351 0.6750 -0.0636
vn 0.5911 0.2929 0.7516
vn 0.8211 0.0794 0.5652
vn 0.9953 -0.0823 0.0501
vn 0.5760 -0.7559 0.3113
vn -0.2072 -0.1828 0.9611
vn 0.6749 -0.3871 0.6282
vn -0.5509 -0.4216 0.7203
vn -0.3852 -0.1279 0.9139
vn -0.9690 0.0737 0.2359
vn -0.9363 -0.2003 -0.2885
vn 0.3849 -0.1548 -0.9099
vn 0.7905 -0.4377 0.4284
vn -0.5931 -0.5444 0.5932
vn 0.5322 -0.7226 -0.4411
vn -0.5147 -0.7924 -0.3275
vn -0.6850 0.2424 -0.6870
vn 0.4806 0.3323 -0.8115
vn 0.5859 0.4612 -0.6664
vn -0.3448 -0.4871 0.8024
vn 0.0959 0.1237 -0.9877
vn 0.8215 -0.5286 -0.2139
vn -0.0948 -0.9869 0.1304
vn -0.7159 -0.4646 -0.5212
vn -0.1518 -0.2680 0.9514
vn 0.1207 -0.3830 0.9158
vn -0.8906 0.4104 0.1959
vn -0.8510 0.5219 -0.0584
vn 0.8048 0.2461 -0.5401
vn -0.6802 -0.5718 0.4586
vn -0.9560 0.2897 -0.0462
vn -0.2246 0.1101 -0.9682
vn -0.8015 0.4060 0.4391
vn -0.9561 0.2894 -0.0464
vn -0.1517 -0.2681 0.9514
vn -0.8906 0.4104 0.1960
vn -0.0949 -0.9869 0.1304
vn 0.1208 -0.3831 0.9158
vn -0.8511 0.5218 -0.0584
vn 0.2552 -0.0348 -0.9663
vn -0.8915 0.4473 0.0721
vn 0.7345 -0.6610 -0.1535
vn -0.3312 -0.5264 0.7831
vn -0.3771 -0.3518 0.8568
vn 0.9392 -0.1904 0.2857
vn 0.2317 0.6766 -0.6990
vn 0.8470 -0.3497 0.4003
vn 0.3125 0.7376 -0.5986
vn 0.9141 -0.1875 0.3594
vn 0.7772 0.1036 0.6207
vn 0.1867 0.9500 -0.2503
vn -0.5173 -0.0532 0.8541
vn -0.2322 -0.8173 0.5274
vn 0.9563 0.1342 -0.2596
vn 0.4129 0.5069 -0.7567
vn 0.6513 -0.6667 0.3623
vn -0.1925 0.0457 0.9802
vn -0.5338 -0.0924 0.8406
vn -0.2850 -0.9285 0.2379
vn -0.9456 0.2127 -0.2464
vn -0.2787 -0.8309 0.4816
vn -0.9449 -0.1286 -0.3012
vn 0.1020 0.9540 -0.2820
vn 0.2318 0.7062 -0.6690
vn -0.2712 0.1467 -0.9513
vn -0.8355 0.0825 0.5433
vn -0.6573 -0.5924 -0.4659
vn 0.1284 0.9717 -0.1981
vn 0.4130 0.5069 -0.7566
vn -0.2712 0.1466 -0.9513
vn 0.6514 -0.6668 0.3622
vn -0.2849 -0.9286 0.2378
vn -0.6572 -0.5925 -0.4659
vn 0.5853 -0.2955 0.7550
vn 0.7109 -0.7027 -0.0294
vn 0.9736 0.0024 0.2284
vn 0.5565 -0.2732 0.7847
vn 0.3179 -0.7683 0.5556
vn 0.4824 -0.8442 -0.2336
vn 0.2393 -0.6650 0.7075
vn 0.3044 -0.7518 0.5849
vn 0.7311 -0.0603 0.6796
vn 0.8380 0.2815 0.4674
vn 0.4251 -0.2648 0.8655
vn -0.0194 -0.2529 0.9673
vn 0.1764 -0.5734 0.8001
vn 0.5165 -0.4170 0.7479
vn 0.5203 -0.2988 0.8000
vn 0.1707 -0.5648 0.8074
vn 0.0118 -0.3069 0.9517
vn 0.3629 -0.1122 0.9250
vn -0.2575 0.2058 0.9441
vn 0.4724 0.3893 0.7907
vn 0.4125 0.8913 0.1882
vn 0.8366 0.5449 0.0558
vn 0.9536 0.2827 -0.1037
vn 0.9456 -0.3051 -0.1129
vn 0.9450 0.2208 -0.2413
vn 0.6672 -0.6413 -0.3790
vn 0.5809 0.6969 -0.4205
vn -0.2846 0.7264 -0.6256
vn 0.0544 0.1900 -0.9803
vn 0.8054 0.3680 -0.4647
vn 0.0623 0.1755 -0.9825
vn 0.0621 0.1858 -0.9806
vn -0.3530 0.8143 -0.4609
vn -0.1696 0.0175 0.9854
vn 0.4785 -0.8780 -0.0163
vn 0.5028 -0.8408 -0.2008
vn 0.3749 -0.9266 0.0306
vn -0.1149 -0.0459 0.9923
vn 0.9676 0.2332 -0.0968
vn 0.1711 0.7321 0.6594
vn 0.1878 -0.6681 0.7200
vn -0.3615 0.2716 0.8919
vn 0.2013 0.7423 0.6391
vn -0.3167 0.8637 -0.3922
vn 0.9735 0.1639 -0.1592
vn -0.6076 -0.6118 -0.5065
vn -0.6146 -0.3767 -0.6931
vn 0.0553 0.1828 -0.9816
vn -0.7042 -0.5868 -0.3998
vn -0.1778 -0.9030 -0.3912
vn 0.2981 -0.8079 -0.5084
vn -0.5814 -0.8103 -0.0733
vn -0.9055 -0.3658 -0.2151
vn -0.7891 -0.5753 0.2153
vn -0.5079 -0.7191 0.4742
vn -0.2618 -0.7448 0.6138
vn 0.2144 -0.9704 -0.1107
vn -0.2662 -0.7073 0.6549
vn 0.3177 -0.7684 0.5556
vn 0.4823 -0.8443 -0.2336
vn -0.2223 -0.6064 0.7634
vn -0.0190 -0.2526 0.9674
vn 0.1763 -0.5734 0.8001
vn -0.1194 -0.7526 0.6475
vn -0.2298 -0.6946 0.6817
vn -0.3270 -0.4763 0.8162
vn -0.7592 -0.2606 0.5965
vn -0.9878 0.1523 -0.0328
vn -0.7727 -0.0148 -0.6346
vn 0.0624 0.1754 -0.9825
vn -0.4889 0.0662 0.8698
vn -0.8158 0.4203 0.3972
vn -0.9878 0.1524 -0.0327
vn -0.4560 0.8868 -0.0755
vn -0.2576 0.2058 0.9441
vn -0.4358 0.6351 0.6378
vn -0.2847 0.7264 -0.6256
vn -0.0005 0.8506 0.5258
vn -0.0028 0.3227 0.9465
vn -0.4357 0.6351 0.6378
vn 0.3044 -0.7516 0.5852
vn 0.5564 -0.2731 0.7847
vn 0.0161 -0.3143 0.9492
vn -0.0192 -0.2527 0.9674
vn -0.2627 -0.7372 0.6225
vn 0.0816 -0.4583 0.8851
vn 0.9302 -0.1342 0.3417
vn 0.3741 -0.9274 -0.0067
vn 0.6179 -0.4158 0.6673
vn -0.1002 -0.0354 0.9943
vn -0.5404 0.6413 0.5448
vn 0.9902 0.0905 0.1059
vn 0.2499 -0.7290 0.6373
vn 0.5829 0.8091 0.0744
vn 0.4091 0.7662 0.4955
vn 0.8106 0.5295 0.2502
vn 0.3338 0.0476 0.9414
vn 0.6165 -0.7862 -0.0415
vn 0.8953 -0.4420 0.0557
vn 0.7158 -0.6787 -0.1644
vn 0.4213 0.2403 0.8745
vn 0.2573 -0.3374 -0.9055
vn -0.0806 -0.4409 -0.8939
vn -0.1808 -0.2480 -0.9518
vn -0.7016 0.4819 -0.5249
vn -0.7443 0.4577 -0.4864
vn 0.3088 -0.9511 -0.0104
vn -0.5116 0.8040 0.3031
vn -0.4210 0.7074 0.5677
vn -0.7473 0.4536 -0.4855
vn 0.1450 0.9800 -0.1365
vn -0.3726 -0.8699 -0.3232
vn -0.1653 -0.6786 0.7157
vn -0.9649 -0.2614 0.0255
vn -0.9855 0.0975 0.1388
vn -0.5787 0.2951 -0.7603
vn -0.6079 0.3400 -0.7175
vn -0.6509 0.3048 -0.6953
vn 0.9996 0.0275 -0.0100
vn 0.6737 0.4881 0.5548
vn -0.5644 -0.4089 0.7171
vn -0.8007 -0.1205 0.5869
vn 0.0804 0.7231 -0.6860
vn 0.3680 0.5055 -0.7804
vn -0.6508 0.3048 -0.6954
vn -0.6216 0.3431 -0.7042
vn 0.5854 0.2813 -0.7604
vn -0.7605 0.3604 -0.5401
vn -0.8934 0.1223 0.4322
vn -0.6375 -0.6294 0.4442
vn -0.7219 0.6865 -0.0874
vn -0.8000 0.4594 -0.3860
vn -0.9590 0.1943 0.2062
vn 0.4657 -0.0666 -0.8825
vn 0.2032 0.0301 -0.9787
vn -0.3802 0.0872 -0.9208
vn 0.7786 0.1635 -0.6058
vn -0.4591 0.1079 -0.8818
vn 0.7467 0.1819 -0.6398
vn -0.4242 -0.0628 -0.9034
vn 0.7884 0.0260 -0.6147
vn -0.9781 -0.1056 0.1796
vn -0.9641 -0.1288 0.2321
vn -0.9781 -0.1142 0.1738
vn 0.8178 -0.0763 0.5704
vn 0.8388 -0.0593 0.5412
vn -0.1858 -0.2359 0.9538
vn -0.1953 -0.1981 0.9605
vn -0.9786 -0.1139 0.1714
vn -0.9803 -0.1046 0.1677
vn -0.1915 -0.1113 0.9752
vn -0.9647 -0.1165 0.2361
vn 0.8130 -0.0220 0.5818
vn -0.2632 -0.0611 0.9628
vn 0.4736 -0.6296 0.6159
vn -0.9750 -0.0624 0.2131
vn 0.5013 -0.5133 -0.6966
vn -0.9843 -0.1306 0.1186
vn -0.1358 -0.1715 0.9758
vn 0.8438 -0.0446 0.5349
vn -0.1548 -0.1204 0.9806
vn 0.9600 0.0102 0.2797
vn -0.1890 -0.7731 0.6054
vn 0.2687 -0.9039 0.3327
vn 0.3710 -0.3945 -0.8406
vn 0.0450 -0.9167 -0.3970
vn -0.7195 -0.1610 -0.6756
vn -0.6501 -0.1720 -0.7401
vn -0.7137 -0.1291 -0.6885
vn -0.9420 -0.1193 0.3136
vn -0.9530 -0.0731 0.2939
vn -0.8528 -0.2498 0.4586
vn -0.9424 0.0144 0.3341
vn -0.4969 -0.2631 0.8270
vn 0.0508 -0.4260 0.9033
vn -0.0498 -0.5107 0.8583
vn -0.7673 0.3050 -0.5641
vn -0.8260 0.3276 -0.4586
vn -0.9594 -0.0185 0.2815
vn -0.3339 -0.1508 0.9305
vn 0.2334 -0.9207 0.3128
vn -0.0916 -0.8960 0.4345
vn -0.8765 0.1935 -0.4408
vn -0.7152 -0.0403 -0.6978
vn -0.1989 0.3015 -0.9325
vn -0.7987 -0.0118 -0.6016
vn -0.2075 0.4090 -0.8886
vn 0.0344 0.2659 -0.9634
vn 0.0371 0.4117 -0.9106
vn 0.0253 0.1281 -0.9914
vn 0.3177 -0.2200 -0.9223
vn -0.2863 0.0136 -0.9580
vn 0.4448 -0.4229 -0.7895
vn -0.7401 -0.0808 -0.6676
vn -0.0533 -0.8760 -0.4794
vn 0.0082 -0.9391 -0.3435
vn -0.8056 -0.0643 -0.5890
vn -0.0774 0.4315 -0.8988
vn -0.5382 -0.0138 -0.8427
vn -0.1478 0.6586 -0.7378
vn -0.6017 0.7978 -0.0388
vn -0.1416 0.8828 -0.4478
vn -0.6128 0.4913 0.6189
vn -0.6666 0.2190 0.7125
vn -0.8937 0.1887 0.4071
vn -0.3383 0.9073 -0.2497
vn -0.6982 -0.6095 0.3755
vn -0.6350 -0.7314 0.2485
vn -0.3554 -0.6556 0.6662
vn -0.3869 -0.5876 0.7107
vn 0.0325 -0.4062 0.9132
vn -0.5374 -0.0171 0.8431
vn -0.0615 -0.3353 0.9401
vn -0.8446 0.1683 0.5082
vn -0.6849 0.5604 0.4657
vn -0.5709 0.0951 0.8155
vn -0.5388 0.5919 0.5995
vn -0.2071 -0.9703 0.1253
vn 0.1210 -0.5330 0.8374
vn 0.0561 0.2764 0.9594
vn 0.8945 -0.2480 0.3720
vn 0.9960 0.0323 -0.0835
vn 0.9763 0.1437 0.1618
vn 0.9204 -0.3681 -0.1316
vn 0.7727 -0.6331 -0.0462
vn -0.4114 -0.6031 -0.6834
vn -0.5996 -0.4404 0.6683
vn 0.7200 -0.1387 0.6799
vn 0.9899 -0.1190 -0.0770
vn 0.6662 -0.2652 0.6970
vn -0.1183 -0.1920 0.9742
vn 0.8423 -0.0530 -0.5363
vn -0.5813 0.0555 -0.8118
vn 0.6787 -0.1992 -0.7069
vn -0.4848 -0.1360 -0.8640
vn 0.4739 -0.8670 0.1542
vn -0.5716 -0.8204 0.0176
vn 0.4132 0.6882 0.5964
vn -0.2008 0.3286 0.9229
vn 0.4791 0.6308 0.6104
vn 0.0258 0.4280 0.9034
vn 0.6572 -0.6906 0.3018
vn 0.8935 -0.4487 -0.0181
vn 0.8275 0.5403 0.1526
vn 0.2412 -0.6712 0.7009
vn 0.9659 0.1734 -0.1924
vn 0.2067 -0.4407 -0.8735
vn 0.8935 -0.4486 -0.0181
vn -0.3134 -0.8048 -0.5041
vn 0.6572 -0.6907 0.3017
vn -0.6997 -0.6786 0.2236
vn -0.6793 -0.1422 -0.7200
vn -0.8059 -0.0470 -0.5902
vn 0.2411 -0.6713 0.7009
vn -0.7803 0.4353 -0.4491
vn -0.3803 -0.0821 -0.9212
vn 0.0390 0.0833 -0.9958
vn 0.9659 0.1733 -0.1924
vn 0.0258 0.4279 0.9034
vn -0.8059 -0.0469 -0.5901
vn 0.6662 -0.2651 0.6970
vn 0.9748 0.0603 -0.2148
vn -0.6949 0.4447 -0.5652
vn -0.5412 0.7525 0.3752
vn -0.7831 0.4384 0.4411
vn -0.8059 -0.0469 -0.5902
vn -0.9965 0.0047 0.0833
vn -0.5996 -0.4403 0.6683
vn 0.2387 0.4218 0.8747
vn -0.6760 0.0453 0.7355
vn 0.5491 0.0085 0.8357
vn 0.4003 0.3677 0.8394
vn 0.9205 -0.3681 -0.1313
vn -0.4112 -0.6031 -0.6835
vn -0.7980 -0.0995 0.5944
vn 0.5833 -0.1652 0.7953
vn -0.5716 -0.8204 0.0175
vn 0.4738 -0.8670 0.1540
vn 0.8424 -0.0531 -0.5362
vn 0.6785 -0.1994 -0.7070
vn -0.4847 -0.1359 -0.8641
vn -0.5812 0.0555 -0.8119
vn 0.3344 0.1758 0.9259
vn -0.1130 -0.4246 -0.8983
vn 0.0569 -0.7636 0.6432
vn -0.8473 -0.5211 0.1029
vn 0.6840 -0.7055 -0.1854
vn 0.1622 0.2811 0.9459
vn -0.1157 0.1780 0.9772
vn 0.9110 0.4089 -0.0540
vn 0.8703 0.3670 -0.3283
vn -0.8060 -0.0469 -0.5901
vn 0.6662 -0.2652 0.6971
vn 0.9659 0.1735 -0.1923
vn 0.8274 0.5405 0.1527
vn 0.2069 -0.4407 -0.8735
vn 0.6840 -0.7055 -0.1855
vn 0.9110 0.4089 -0.0541
vn 0.0568 -0.7636 0.6431
vn -0.1157 0.1781 0.9772
vn 0.8703 0.3671 -0.3283
vn 0.9899 -0.1189 -0.0770
vn -0.3687 -0.9235 -0.1059
vn -0.9709 0.0957 -0.2194
vn -0.9733 -0.1406 0.1813
vn -0.8116 -0.4396 0.3847
vn 0.3522 0.1445 0.9247
vn 0.3667 0.3102 0.8771
vn -0.9907 -0.0970 -0.0954
vn -0.9843 -0.1306 0.1187
vn -0.0007 -0.0611 -0.9981
vn -0.0016 0.2529 -0.9675
vn -0.9861 0.1655 -0.0162
vn -0.9578 -0.2527 -0.1367
vn -0.0366 0.8693 0.4929
vn -0.1506 -0.1364 0.9791
vn -0.6608 -0.6454 -0.3832
vn 0.0282 -0.5584 -0.8291
vn -0.6759 -0.3679 0.6386
vn -0.3871 0.8378 0.3851
vn -0.0142 0.8603 0.5096
vn 0.1928 -0.0677 0.9789
vn 0.9050 0.3916 -0.1664
vn 0.0733 -0.0509 0.9960
vn 0.9661 -0.0448 0.2543
vn 0.0172 0.3176 -0.9481
vn 0.1786 -0.0668 -0.9816
vn 0.7365 -0.4864 -0.4701
vn 0.3833 0.8794 0.2823
vn 0.8581 -0.2388 0.4545
vn -0.0893 0.1990 -0.9759
vn 0.7366 -0.4864 -0.4699
vn 0.0283 -0.5584 -0.8291
vn -0.6758 -0.3680 0.6386
vn 0.8581 -0.2389 0.4545
vn 0.1928 -0.0678 0.9789
vn -0.6609 -0.6453 -0.3832
vn 0.5027 -0.8408 -0.2008
vn -0.2547 -0.0520 0.9656
vn 0.4154 -0.9087 0.0419
vn -0.6875 -0.6358 -0.3510
vn 0.0509 -0.0245 0.9984
vn -0.8553 0.2162 0.4708
vn -0.8643 0.2001 0.4615
vn -0.6016 -0.6869 -0.4078
vn -0.4037 0.7879 -0.4649
vn -0.3613 0.8097 -0.4625
vn -0.1547 -0.1204 0.9806
vn -0.9843 -0.1305 0.1188
vn 0.0971 -0.4498 0.8878
vn 0.5679 -0.8213 0.0544
vn -0.4787 -0.8740 0.0837
vn -0.2238 -0.7552 0.6161
vn -0.3614 0.2716 0.8920
vn -0.4212 0.6996 0.5773
vn -0.2413 -0.1703 0.9554
vn -0.6059 -0.7555 -0.2492
vn 0.2694 -0.7186 0.6411
vn -0.6764 0.6190 -0.3992
vn -0.8046 0.5532 0.2158
vt 0.730382 0.103619
vt 0.705649 0.144477
vt 0.906050 0.162418
vt 0.907543 0.101904
vt 0.999984 0.166941
vt 1.001061 0.095946
vt 0.733494 0.205318
vt 0.838940 0.209383
vt 0.991053 0.210366
vt 0.981648 0.252295
vt 0.840260 0.252371
vt 0.689743 0.104698
vt 0.991405 0.052870
vt 0.810174 0.064464
vt 0.981657 0.011468
vt 0.840250 0.011429
vt 0.734207 0.056759
vt 0.693123 0.056174
vt 0.518060 0.096757
vt 0.575201 0.047645
vt 0.473165 0.043970
vt 0.716055 0.011396
vt 0.597290 0.011359
vt 0.510869 0.011322
vt 0.522475 0.164896
vt 0.485011 0.157654
vt 0.479927 0.107408
vt 0.445175 0.049232
vt 0.473366 0.225391
vt 0.579352 0.211659
vt 0.510849 0.252622
vt 0.597275 0.252464
vt 0.688056 0.203710
vt 0.716059 0.252303
vt 0.459430 0.138427
vt 0.448360 0.105872
vt 0.445220 0.217118
vt 0.468555 0.252667
vt 0.435264 0.252667
vt 0.710772 0.204691
vt 0.809314 0.993189
vt 0.844593 0.748486
vt 0.799681 0.766537
vt 0.795370 0.616810
vt 0.844460 0.624653
vt 0.796731 0.566457
vt 0.846052 0.573862
vt 0.737687 0.589384
vt 0.737679 0.566887
vt 0.737691 0.611583
vt 0.903594 0.595045
vt 0.902086 0.622902
vt 0.947494 0.615460
vt 0.947980 0.591500
vt 0.993009 0.611673
vt 0.993010 0.589483
vt 0.948583 0.568105
vt 0.993012 0.566905
vt 0.904969 0.574145
vt 0.939443 0.344499
vt 0.898532 0.361084
vt 0.993076 0.320695
vt 0.854260 0.365264
vt 0.915162 0.347050
vt 0.854851 0.350073
vt 0.993004 0.780156
vt 0.944441 0.769131
vt 0.900724 0.759988
vt 0.936461 0.995025
vt 0.880074 0.997653
vt 0.789589 0.353336
vt 0.737576 0.320774
vt 0.459999 0.699940
vt 0.421847 0.911548
vt 0.493482 0.874305
vt 0.334346 0.703269
vt 0.334346 0.906337
vt 0.574509 0.696105
vt 0.570429 0.874521
vt 0.490508 0.948126
vt 0.334346 0.965522
vt 0.365140 0.975937
vt 0.420117 0.965795
vt 0.650541 0.838561
vt 0.643075 0.892767
vt 0.726515 0.817051
vt 0.726515 0.703484
vt 0.726515 0.932364
vt 0.709975 0.959389
vt 0.635989 0.948441
vt 0.695226 0.983366
vt 0.579503 0.979625
vt 0.726515 0.978941
vt 0.572418 0.925007
vt 0.726515 0.610225
vt 0.575486 0.609180
vt 0.574131 0.447552
vt 0.726515 0.445670
vt 0.628909 0.318546
vt 0.561909 0.331279
vt 0.561667 0.289065
vt 0.629838 0.284131
vt 0.681244 0.268659
vt 0.726515 0.308737
vt 0.465542 0.609718
vt 0.497836 0.448231
vt 0.389955 0.608312
vt 0.424485 0.456931
vt 0.334346 0.436815
vt 0.434410 0.332167
vt 0.334346 0.318454
vt 0.382074 0.269755
vt 0.433481 0.285227
vt 0.501409 0.332846
vt 0.501652 0.290161
vt 0.532354 0.423067
vt 0.334346 0.607952
vt 0.079805 0.232283
vt 0.164710 0.210607
vt 0.122523 0.194649
vt 0.082536 0.195321
vt 0.065738 0.163787
vt 0.098907 0.148763
vt 0.061632 0.142152
vt 0.067395 0.121429
vt 0.123677 0.114515
vt 0.175785 0.114562
vt 0.094627 0.115280
vt 0.071940 0.113520
vt 0.035702 0.148111
vt 0.041923 0.132093
vt 0.020229 0.138299
vt 0.026355 0.125859
vt 0.005702 0.131286
vt 0.011940 0.118620
vt 0.124248 0.087244
vt 0.097369 0.085301
vt 0.124231 0.055219
vt 0.098622 0.055224
vt 0.124118 0.033753
vt 0.158367 0.040381
vt 0.164154 0.054336
vt 0.099739 0.035139
vt 0.171577 0.088395
vt 0.192231 0.080816
vt 0.172887 0.036601
vt 0.229659 0.051083
vt 0.207206 0.014433
vt 0.253565 0.037615
vt 0.259273 0.099604
vt 0.295568 0.088781
vt 0.225257 0.005464
vt 0.257519 0.214069
vt 0.210893 0.208562
vt 0.203087 0.112287
vt 0.256732 0.004405
vt 0.275505 0.029551
vt 0.296663 0.056271
vt 0.254448 0.243670
vt 0.287294 0.248875
vt 0.299549 0.220380
vt 0.323300 0.104611
vt 0.343328 0.116239
vt 0.349575 0.166371
vt 0.341191 0.234380
vt 0.379236 0.180734
vt 0.393815 0.198439
vt 0.369935 0.227020
vt 0.383913 0.245331
vt 0.408148 0.211617
vt 0.372524 0.153454
vt 0.406401 0.154959
vt 0.418570 0.170953
vt 0.432503 0.130104
vt 0.445823 0.142555
vt 0.433494 0.180403
vt 0.448844 0.163198
vt 0.412154 0.127150
vt 0.395815 0.139939
vt 0.325332 0.261049
vt 0.344700 0.051550
vt 0.359289 0.070966
vt 0.389947 0.045029
vt 0.374202 0.026325
vt 0.391323 0.064504
vt 0.369359 0.086828
vt 0.352694 0.023153
vt 0.330809 0.036634
vt 0.068269 0.054545
vt 0.088448 0.054365
vt 0.085147 0.033440
vt 0.068311 0.035581
vt 0.069129 0.082960
vt 0.091835 0.081384
vt 0.214759 0.239928
vt 0.170727 0.242683
vt 0.094294 0.262400
vt 0.737783 0.987757
vt 0.737708 0.780107
vt 0.274783 0.263290
vt 0.251897 0.284556
vt 0.265085 0.304716
vt 0.290410 0.280108
vt 0.230808 0.322133
vt 0.234686 0.293532
vt 0.317161 0.315098
vt 0.326877 0.296848
vt 0.247112 0.446506
vt 0.230894 0.421947
vt 0.204488 0.436013
vt 0.200804 0.450038
vt 0.202857 0.296193
vt 0.220949 0.280878
vt 0.186739 0.265822
vt 0.206200 0.254811
vt 0.152216 0.291162
vt 0.194174 0.426648
vt 0.177297 0.438725
vt 0.148125 0.271043
vt 0.109679 0.437051
vt 0.158639 0.453515
vt 0.110675 0.292890
vt 0.130164 0.279394
vt 0.048936 0.787641
vt 0.037433 0.823986
vt 0.095670 0.805101
vt 0.018334 0.795488
vt 0.001309 0.823986
vt 0.001309 0.828672
vt 0.001309 0.805245
vt 0.001309 0.793266
vt 0.072476 0.756292
vt 0.104842 0.722758
vt 0.009703 0.762035
vt 0.001309 0.770446
vt 0.001309 0.745864
vt 0.041600 0.754625
vt 0.045013 0.731461
vt 0.001309 0.728107
vt 0.001309 0.706350
vt 0.045012 0.704329
vt 0.000634 0.640415
vt 0.080537 0.664700
vt 0.172489 0.654188
vt 0.168984 0.731210
vt 0.146949 0.810560
vt 0.044855 0.876465
vt 0.134665 0.883862
vt 0.053879 0.921862
vt 0.230813 0.753236
vt 0.327296 0.709405
vt 0.289853 0.844016
vt 0.198004 0.819694
vt 0.222406 0.906637
vt 0.208321 0.985394
vt 0.032665 0.835220
vt 0.001309 0.884699
vt 0.068912 0.997425
vt 0.136690 0.961832
vt 0.001309 0.847491
vt 0.001309 0.839125
vt 0.041894 0.649915
vt 0.070649 0.583980
vt 0.103642 0.580263
vt 0.049090 0.502723
vt 0.103028 0.449168
vt 0.013527 0.576938
vt 0.001309 0.788851
vt 0.992969 0.987765
vt 0.232379 0.916718
vt 0.282941 0.969753
vt 0.311768 0.908112
vt 0.306313 0.933309
vt 0.220304 0.994415
vt 0.243005 0.989735
vt 0.222758 0.978624
vt 0.468563 0.011307
vt 0.435273 0.011298
s 1
usemtl enemy_tonnel.001
f 619/279/508 620/280/509 621/281/510
f 619/279/508 621/281/510 622/282/511
f 622/282/511 621/281/510 623/283/512
f 622/282/511 623/283/512 624/284/513
f 621/281/510 620/280/509 625/285/514
f 621/281/510 625/285/514 626/286/515
f 623/283/512 621/281/510 626/286/515
f 623/283/512 626/286/515 627/287/516
f 628/288/517 627/287/516 626/286/515
f 628/288/517 626/286/515 629/289/518
f 629/289/518 626/286/515 625/285/514
f 619/279/508 630/290/519 620/280/509
f 622/282/511 624/284/513 631/291/520
f 632/292/521 622/282/511 631/291/520
f 619/279/508 622/282/511 632/292/521
f 632/292/521 631/291/520 633/293/517
f 632/292/521 633/293/517 634/294/522
f 634/294/522 635/295/523 632/292/521
f 619/279/508 632/292/521 635/295/523
f 636/296/524 630/290/519 619/279/508
f 636/296/524 619/279/508 635/295/523
f 636/296/524 637/297/525 630/290/519
f 636/296/524 638/298/526 637/297/525
f 638/298/526 639/299/527 637/297/525
f 640/300/528 638/298/526 636/296/524
f 634/294/522 640/300/528 635/295/523
f 636/296/524 635/295/523 640/300/528
f 640/300/528 641/301/529 638/298/526
f 642/302/530 639/299/527 638/298/526
f 642/302/530 638/298/526 641/301/529
f 643/303/531 630/290/519 637/297/525
f 644/304/532 643/303/531 637/297/525
f 644/304/532 637/297/525 645/305/533
f 637/297/525 639/299/527 645/305/533
f 639/299/527 646/306/534 645/305/533
f 647/307/535 643/303/531 644/304/532
f 647/307/535 648/308/536 643/303/531
f 648/308/536 647/307/535 649/309/537
f 648/308/536 649/309/537 650/310/538
f 651/311/539 648/308/536 650/310/538
f 651/311/539 650/310/538 652/312/540
f 645/305/533 653/313/541 644/304/532
f 645/305/533 654/314/542 653/313/541
f 653/313/541 655/315/543 644/304/532
f 655/315/543 647/307/535 644/304/532
f 655/315/543 656/316/544 647/307/535
f 649/309/537 647/307/535 656/316/544
f 655/315/543 657/317/545 656/316/544
f 648/308/536 651/311/539 620/280/509
f 648/308/536 620/280/509 643/303/531
f 643/303/531 620/280/509 630/290/519
f 620/280/509 651/311/539 658/318/546
f 658/318/546 651/311/539 652/312/540
f 625/285/514 658/318/546 652/312/540
f 625/285/514 620/280/509 658/318/546
f 629/289/518 625/285/514 652/312/540
f 659/319/547 660/320/548 661/321/549
f 660/320/548 662/322/550 661/321/549
f 660/320/548 663/323/551 662/322/550
f 663/323/551 664/324/552 662/322/550
f 663/323/551 665/325/553 664/324/552
f 666/326/554 662/322/550 664/324/552
f 667/327/555 666/326/554 664/324/552
f 666/326/554 668/328/556 662/322/550
f 661/321/549 662/322/550 668/328/556
f 669/329/557 665/325/553 663/323/551
f 670/330/558 669/329/557 663/323/551
f 670/330/558 663/323/551 660/320/548
f 669/329/557 670/330/558 671/331/559
f 669/329/557 671/331/559 672/332/560
f 672/332/560 671/331/559 673/333/561
f 672/332/560 673/333/561 674/334/562
f 675/335/563 672/332/560 674/334/562
f 675/335/563 674/334/562 676/336/564
f 677/337/565 669/329/557 672/332/560
f 677/337/565 672/332/560 675/335/563
f 669/329/557 677/337/565 665/325/553
f 677/337/565 675/335/563 678/338/566
f 678/338/566 675/335/563 676/336/564
f 677/337/565 678/338/566 679/339/567
f 665/325/553 677/337/565 679/339/567
f 678/338/566 676/336/564 680/340/568
f 665/325/553 679/339/567 681/341/569
f 682/342/570 681/341/569 679/339/567
f 682/342/570 683/343/571 681/341/569
f 671/331/559 684/344/572 673/333/561
f 671/331/559 685/345/573 684/344/572
f 671/331/559 670/330/558 686/346/574
f 671/331/559 686/346/574 685/345/573
f 687/347/575 684/344/572 685/345/573
f 686/346/574 687/347/575 685/345/573
f 670/330/558 660/320/548 686/346/574
f 660/320/548 688/348/576 686/346/574
f 660/320/548 689/319/547 688/348/576
f 686/346/574 688/348/576 690/347/577
f 681/341/569 691/349/578 664/324/552
f 681/341/569 664/324/552 665/325/553
f 692/349/579 667/327/555 664/324/552
f 693/349/580 694/350/581 667/327/582
f 695/351/583 696/352/584 697/353/585
f 695/351/583 698/354/586 696/352/584
f 698/354/586 699/355/587 696/352/584
f 697/353/585 700/356/588 695/351/583
f 697/353/585 701/357/589 700/356/588
f 697/353/585 696/352/584 702/358/590
f 696/352/584 699/355/587 703/359/591
f 696/352/584 703/359/591 704/360/592
f 704/360/592 705/361/593 696/352/584
f 696/352/584 705/361/593 702/358/590
f 700/356/588 701/357/589 706/362/594
f 707/363/595 706/362/594 701/357/589
f 707/363/595 708/364/596 706/362/594
f 709/365/597 706/362/594 708/364/596
f 709/365/597 700/356/588 706/362/594
f 710/366/598 708/364/596 707/363/595
f 710/366/598 707/363/595 711/367/599
f 707/363/595 712/368/600 711/367/599
f 711/367/599 712/368/600 713/369/601
f 712/368/600 707/363/595 714/370/602
f 715/371/603 710/366/598 711/367/599
f 716/371/604 711/367/599 713/369/601
f 707/363/595 701/357/589 717/372/605
f 707/363/595 717/372/605 714/370/602
f 717/372/605 701/357/589 697/353/585
f 717/372/605 697/353/585 702/358/590
f 718/370/606 717/372/605 702/358/590
f 712/368/600 719/370/607 713/369/601
f 709/365/597 720/373/608 721/374/609
f 709/365/597 721/374/609 700/356/588
f 720/373/608 722/375/610 721/374/609
f 720/373/608 723/376/611 722/375/610
f 723/376/611 724/377/612 722/375/610
f 725/378/613 722/375/610 724/377/612
f 724/377/612 726/379/614 725/378/613
f 724/377/612 727/380/615 726/379/614
f 728/381/616 727/380/615 724/377/612
f 724/377/612 729/382/617 728/381/616
f 723/376/611 729/382/617 724/377/612
f 695/351/583 700/356/588 721/374/609
f 695/351/583 721/374/609 730/383/618
f 731/384/619 730/383/618 721/374/609
f 731/384/619 721/374/609 722/375/610
f 731/384/619 732/385/620 730/383/618
f 695/351/583 730/383/618 732/385/620
f 731/384/619 733/386/621 732/385/620
f 733/386/621 734/387/622 732/385/620
f 734/387/622 733/386/621 735/388/623
f 735/388/623 733/386/621 731/384/619
f 734/387/622 735/388/623 736/389/624
f 735/388/623 737/390/625 736/389/624
f 735/388/623 738/391/626 737/390/625
f 738/391/626 735/388/623 739/392/627
f 738/391/626 739/392/627 740/393/628
f 695/351/583 732/385/620 698/354/586
f 735/388/623 731/384/619 741/394/629
f 735/388/623 741/394/629 739/392/627
f 698/354/586 732/385/620 742/395/630
f 732/385/620 734/387/622 742/395/630
f 743/396/631 744/397/632 745/398/633
f 746/399/634 743/396/631 745/398/633
f 745/398/633 747/400/635 746/399/634
f 745/398/633 748/401/636 747/400/635
f 747/400/635 748/401/636 749/402/637
f 748/401/636 750/403/638 749/402/637
f 751/404/639 748/401/636 745/398/633
f 745/398/633 752/405/640 751/404/639
f 748/401/636 751/404/639 753/406/641
f 748/401/636 753/406/641 750/403/638
f 753/406/641 754/407/642 750/403/638
f 755/408/643 747/400/635 749/402/637
f 755/408/643 749/402/637 756/409/644
f 757/410/645 755/408/643 756/409/644
f 757/410/645 756/409/644 758/411/646
f 759/412/647 757/410/645 758/411/646
f 759/412/647 758/411/646 760/413/648
f 753/406/641 751/404/639 761/414/649
f 753/406/641 761/414/649 762/415/650
f 762/415/650 761/414/649 763/416/651
f 762/415/650 763/416/651 764/417/652
f 763/416/651 765/418/653 764/417/652
f 766/419/654 765/418/653 763/416/651
f 767/420/655 766/419/654 763/416/651
f 761/414/649 767/420/655 763/416/651
f 765/418/653 768/421/656 764/417/652
f 761/414/649 769/422/657 767/420/655
f 770/423/658 771/424/659 767/420/660
f 772/425/661 771/424/659 770/423/658
f 772/425/661 773/426/653 771/424/659
f 774/427/662 773/426/653 772/425/661
f 775/428/663 774/427/662 772/425/661
f 772/425/661 770/423/658 775/428/663
f 775/428/663 776/429/664 774/427/662
f 774/427/662 777/430/656 773/426/653
f 776/429/664 775/428/663 778/431/665
f 775/428/663 779/432/666 778/431/665
f 775/428/663 780/433/667 779/432/666
f 770/423/658 780/433/667 775/428/663
f 780/433/667 770/423/658 781/422/668
f 782/405/640 780/433/667 781/422/668
f 779/432/666 780/433/667 782/405/640
f 774/427/662 783/434/669 777/430/656
f 774/427/662 784/435/650 783/434/669
f 785/429/670 784/435/650 774/427/662
f 785/429/670 786/436/671 784/435/650
f 744/397/632 779/432/666 782/405/640
f 779/432/666 787/437/672 778/431/665
f 788/438/673 778/431/665 787/437/672
f 788/438/673 789/439/674 778/431/665
f 790/429/670 778/431/665 789/439/674
f 791/440/675 790/429/670 789/439/674
f 789/439/674 792/441/642 791/440/675
f 789/439/674 793/442/676 792/441/642
f 789/439/674 794/443/677 793/442/676
f 788/438/673 794/443/677 789/439/674
f 795/444/678 793/442/676 794/443/677
f 794/443/677 796/445/679 795/444/678
f 794/443/677 797/446/680 796/445/679
f 798/447/681 797/446/680 794/443/677
f 796/445/679 797/446/680 798/447/681
f 796/445/679 798/447/681 799/448/682
f 795/444/678 800/449/683 793/442/676
f 796/445/679 801/450/684 795/444/678
f 796/445/679 802/451/685 801/450/684
f 799/448/682 802/451/685 796/445/679
f 802/451/685 803/452/686 801/450/684
f 802/451/685 804/453/687 803/452/686
f 799/448/682 805/454/643 802/451/685
f 805/454/643 804/453/687 802/451/685
f 805/454/643 806/455/688 804/453/687
f 807/456/689 801/450/684 803/452/686
f 807/456/689 808/457/690 801/450/684
f 808/457/690 800/449/683 795/444/678
f 808/457/690 795/444/678 801/450/684
f 788/438/673 809/458/691 794/443/677
f 810/459/692 811/460/693 812/461/694
f 810/459/692 812/461/694 813/462/695
f 790/429/670 811/460/693 810/459/692
f 790/429/670 791/440/675 811/460/693
f 811/460/693 814/463/696 812/461/694
f 811/460/693 815/464/697 814/463/696
f 791/440/675 815/464/697 811/460/693
f 791/440/675 792/441/642 815/464/697
f 810/459/692 813/462/695 816/465/698
f 810/459/692 816/465/698 817/466/699
f 818/429/700 810/459/692 817/466/699
f 818/429/700 817/466/699 819/436/701
f 820/422/702 770/423/703 821/420/704
f 751/404/639 752/405/640 769/422/705
f 751/404/639 822/422/657 761/414/649
f 823/467/706 824/468/707 825/469/695
f 823/467/706 825/469/695 826/470/708
f 827/471/709 824/468/707 823/467/706
f 827/471/709 828/472/710 824/468/707
f 753/406/641 828/472/710 827/471/709
f 754/407/642 753/406/641 827/471/709
f 744/397/632 829/405/640 745/398/633
f 779/432/666 830/473/711 787/437/672
f 831/397/712 830/473/711 779/432/666
f 831/397/712 832/474/713 830/473/711
f 833/475/714 832/474/713 831/397/712
f 833/475/714 831/397/712 743/396/715
f 834/476/716 835/319/717 661/321/549
f 834/476/716 661/321/549 836/477/718
f 836/477/718 661/321/549 668/328/556
f 837/478/719 838/479/720 839/480/721
f 837/478/719 839/480/721 840/481/722
f 838/479/720 841/482/723 839/480/721
f 838/479/720 842/483/724 841/482/723
f 839/480/721 843/484/725 840/481/722
f 840/481/722 843/484/725 844/485/726
f 839/480/721 845/486/727 843/484/725
f 839/480/721 841/482/723 846/487/728
f 839/480/721 846/487/728 845/486/727
f 847/488/729 845/486/727 846/487/728
f 841/482/723 847/488/729 846/487/728
f 847/488/729 848/489/730 845/486/727
f 841/482/723 849/490/731 847/488/729
f 850/483/732 849/490/731 841/482/723
f 850/483/732 851/491/733 849/490/731
f 851/491/733 852/492/734 849/490/731
f 851/491/733 853/493/735 852/492/734
f 852/492/734 854/494/736 849/490/731
f 849/490/731 855/495/737 847/488/729
f 855/495/737 849/490/731 856/496/738
f 847/488/729 855/495/737 856/496/738
f 847/488/729 856/496/738 848/489/730
f 849/490/731 854/494/736 856/496/738
f 852/492/739 857/497/740 858/494/741
f 859/498/742 860/499/743 861/496/744
f 862/500/725 859/498/742 861/496/744
f 862/500/725 861/496/744 863/494/741
f 864/501/740 862/500/725 863/494/741
f 865/502/745 866/503/746 867/504/747
f 865/502/745 868/505/748 866/503/746
f 868/505/748 869/506/749 866/503/746
f 870/507/750 866/503/746 869/506/749
f 869/506/749 868/505/748 871/508/751
f 871/508/751 868/505/748 872/509/752
f 867/504/747 873/510/753 865/502/745
f 867/504/747 874/511/754 873/510/753
f 868/505/748 865/502/745 875/512/755
f 876/513/756 868/505/748 875/512/755
f 876/513/756 875/512/755 877/514/757
f 865/502/745 878/515/758 875/512/755
f 865/502/745 873/510/753 878/515/758
f 879/516/759 877/514/757 875/512/755
f 875/512/755 878/515/758 879/516/759
f 878/515/758 873/510/753 879/516/759
f 873/510/753 874/511/754 879/516/759
f 877/514/757 879/516/759 880/517/760
f 880/517/760 879/516/759 881/518/761
f 879/516/759 882/519/762 881/518/761
f 874/511/754 882/519/762 879/516/759
f 881/518/761 882/519/762 883/520/763
f 884/521/764 882/519/762 874/511/754
f 884/521/764 874/511/754 885/522/765
f 874/511/754 886/523/766 885/522/765
f 867/504/747 886/523/766 874/511/754
f 867/504/747 887/524/767 886/523/766
f 888/525/768 887/524/767 867/504/747
f 888/525/768 889/526/769 887/524/767
f 888/525/768 890/527/770 889/526/769
f 886/523/766 891/528/771 885/522/765
f 887/524/767 891/528/771 886/523/766
f 892/529/772 885/522/765 891/528/771
f 892/529/772 891/528/771 893/530/773
f 893/530/773 891/528/771 894/531/774
f 889/526/769 894/531/774 887/524/767
f 887/524/767 894/531/774 891/528/771
f 893/530/773 894/531/774 895/532/775
f 889/526/769 896/532/776 894/531/774
f 897/533/777 896/532/776 889/526/769
f 888/525/768 867/504/747 898/534/778
f 899/535/779 888/525/768 898/534/778
f 888/525/768 899/535/779 900/527/780
f 900/527/781 901/536/782 889/526/783
f 901/536/782 902/537/784 889/526/783
f 903/538/785 899/535/779 898/534/778
f 904/539/786 903/538/785 898/534/778
f 905/537/787 906/533/788 889/526/789
f 907/526/790 908/531/791 896/532/792
f 907/526/790 909/524/793 908/531/791
f 910/525/794 909/524/793 907/526/790
f 910/525/794 907/526/790 911/527/795
f 910/525/794 912/504/796 909/524/793
f 912/504/796 913/523/797 909/524/793
f 912/504/796 914/511/798 913/523/797
f 912/504/796 915/510/799 914/511/798
f 912/504/796 916/502/800 915/510/799
f 916/502/800 912/504/796 917/503/801
f 916/502/800 917/503/801 918/505/802
f 918/505/802 917/503/801 919/506/803
f 920/507/804 919/506/803 917/503/801
f 919/506/803 921/508/751 918/505/802
f 921/508/751 922/509/752 918/505/802
f 918/505/802 923/512/805 916/502/800
f 924/513/806 923/512/805 918/505/802
f 924/513/806 925/514/807 923/512/805
f 916/502/800 923/512/805 926/515/808
f 916/502/800 926/515/808 915/510/799
f 927/516/809 923/512/805 925/514/807
f 923/512/805 927/516/809 926/515/808
f 926/515/808 927/516/809 915/510/799
f 915/510/799 927/516/809 914/511/798
f 925/514/807 928/517/760 927/516/809
f 928/517/760 929/518/761 927/516/809
f 927/516/809 929/518/761 930/519/810
f 914/511/798 927/516/809 930/519/810
f 931/521/811 914/511/798 930/519/810
f 931/521/811 932/522/812 914/511/798
f 914/511/798 932/522/812 913/523/797
f 913/523/797 932/522/812 933/528/813
f 934/529/772 933/528/813 932/522/812
f 934/529/772 935/530/773 933/528/813
f 935/530/773 908/531/791 933/528/813
f 935/530/773 936/532/814 908/531/791
f 909/524/793 913/523/797 933/528/813
f 909/524/793 933/528/813 908/531/791
f 931/521/811 930/519/810 937/540/815
f 937/540/815 938/541/816 931/521/811
f 931/521/811 938/541/816 939/542/817
f 939/542/817 938/541/816 940/543/818
f 940/543/818 941/544/772 939/542/817
f 937/540/815 930/519/810 942/520/819
f 938/541/816 937/540/815 942/520/819
f 929/518/761 942/520/819 930/519/810
f 938/541/816 942/520/819 943/545/820
f 944/543/818 938/541/816 943/545/820
f 945/543/818 946/542/765 941/544/821
f 946/542/765 945/543/818 947/541/822
f 884/521/764 946/542/765 947/541/822
f 948/540/823 884/521/764 947/541/822
f 884/521/764 948/540/823 882/519/762
f 948/540/823 883/520/763 882/519/762
f 947/541/822 883/520/763 948/540/823
f 947/541/822 949/545/824 883/520/763
f 950/543/818 949/545/824 947/541/822
f 951/509/825 868/505/826 952/546/827
f 868/505/826 953/513/828 952/546/827
f 951/509/825 952/546/827 918/505/802
f 918/505/802 952/546/827 953/513/828
f 954/347/829 955/547/716 684/344/718
f 956/548/830 957/549/831 958/550/832
f 957/549/831 959/551/833 958/550/832
f 960/552/786 961/553/834 962/554/835
f 961/553/834 963/549/836 962/554/835
f 964/548/837 962/554/835 963/549/836
f 965/555/838 966/556/839 639/299/527
f 642/302/530 965/555/838 639/299/527
f 966/556/839 646/306/534 639/299/527
f 967/279/840 968/282/841 969/281/842
f 967/279/840 969/281/842 970/280/843
f 968/282/841 971/283/844 969/281/842
f 968/282/841 972/284/845 971/283/844
f 969/281/842 973/285/846 970/280/843
f 969/281/842 974/286/847 973/285/846
f 971/283/844 974/286/847 969/281/842
f 971/283/844 975/287/848 974/286/847
f 976/288/849 974/286/847 975/287/848
f 976/288/849 977/289/850 974/286/847
f 977/289/850 973/285/846 974/286/847
f 967/279/840 970/280/843 978/290/851
f 968/282/841 979/291/852 972/284/845
f 980/292/853 979/291/852 968/282/841
f 967/279/840 980/292/853 968/282/841
f 980/292/853 981/293/849 979/291/852
f 980/292/853 982/294/854 981/293/849
f 982/294/854 980/292/853 983/295/855
f 967/279/840 983/295/855 980/292/853
f 984/296/856 983/295/855 967/279/840
f 984/296/856 967/279/840 978/290/851
f 984/296/856 978/290/851 985/297/857
f 984/296/856 985/297/857 986/298/858
f 986/298/858 985/297/857 987/299/859
f 988/300/860 984/296/856 986/298/858
f 982/294/854 983/295/855 988/300/860
f 984/296/856 988/300/860 983/295/855
f 988/300/860 986/298/858 989/301/861
f 990/302/862 986/298/858 987/299/859
f 990/302/862 989/301/861 986/298/858
f 991/303/863 985/297/857 978/290/851
f 992/304/864 985/297/857 991/303/863
f 992/304/864 993/305/865 985/297/857
f 985/297/857 993/305/865 987/299/859
f 987/299/859 993/305/865 994/306/866
f 995/307/867 992/304/864 991/303/863
f 995/307/867 991/303/863 996/308/868
f 996/308/868 997/309/869 995/307/867
f 996/308/868 998/310/870 997/309/869
f 999/311/871 998/310/870 996/308/868
f 999/311/871 1000/312/872 998/310/870
f 993/305/865 992/304/864 1001/313/873
f 993/305/865 1001/313/873 1002/314/874
f 1001/313/873 992/304/864 1003/315/875
f 1003/315/875 992/304/864 995/307/867
f 1003/315/875 995/307/867 1004/316/876
f 997/309/869 1004/316/876 995/307/867
f 1003/315/875 1004/316/876 1005/317/877
f 996/308/868 970/280/843 999/311/871
f 996/308/868 991/303/863 970/280/843
f 991/303/863 978/290/851 970/280/843
f 970/280/843 1006/318/878 999/311/871
f 1006/318/878 1000/312/872 999/311/871
f 973/285/846 1000/312/872 1006/318/878
f 973/285/846 1006/318/878 970/280/843
f 977/289/850 1000/312/872 973/285/846
f 1007/319/879 1008/321/880 1009/320/881
f 1009/320/881 1008/321/880 1010/322/882
f 1009/320/881 1010/322/882 1011/323/883
f 1011/323/883 1010/322/882 1012/324/884
f 1011/323/883 1012/324/884 1013/325/885
f 1014/326/886 1012/324/884 1010/322/882
f 1015/327/887 1012/324/884 1014/326/886
f 1014/326/886 1010/322/882 1016/328/888
f 1008/321/880 1016/328/888 1010/322/882
f 1017/329/889 1011/323/883 1013/325/885
f 1018/330/890 1011/323/883 1017/329/889
f 1018/330/890 1009/320/881 1011/323/883
f 1017/329/889 1019/331/891 1018/330/890
f 1017/329/889 1020/332/892 1019/331/891
f 1020/332/892 1021/333/893 1019/331/891
f 1020/332/892 1022/334/894 1021/333/893
f 1023/335/895 1022/334/894 1020/332/892
f 1023/335/895 1024/336/896 1022/334/894
f 1025/337/897 1023/335/895 1020/332/892
f 1025/337/897 1020/332/892 1017/329/889
f 1017/329/889 1013/325/885 1025/337/897
f 1025/337/897 1026/338/898 1023/335/895
f 1026/338/898 1024/336/896 1023/335/895
f 1025/337/897 1027/339/899 1026/338/898
f 1013/325/885 1027/339/899 1025/337/897
f 1026/338/898 1028/340/900 1024/336/896
f 1013/325/885 1029/341/901 1027/339/899
f 1019/331/891 1021/333/893 1030/344/902
f 1019/331/891 1030/344/902 1031/345/903
f 1019/331/891 1032/346/904 1018/330/890
f 1019/331/891 1031/345/903 1032/346/904
f 1033/347/905 1031/345/903 1030/344/902
f 1032/346/904 1031/345/903 1033/347/905
f 1018/330/890 1032/346/904 1009/320/881
f 1009/320/881 1032/346/904 1034/348/906
f 1009/320/881 1034/348/906 1035/319/879
f 1032/346/904 1036/347/905 1034/348/906
f 1037/342/907 1027/339/908 1038/341/909
f 1037/342/907 1038/341/909 1039/343/910
f 1029/341/901 1012/324/884 1040/349/911
f 1029/341/901 1013/325/885 1012/324/884
f 1041/349/912 1012/324/884 1015/327/887
f 1042/349/913 1015/327/914 1043/350/915
f 1044/351/916 1045/353/917 1046/352/918
f 1044/351/916 1046/352/918 1047/354/919
f 1047/354/919 1046/352/918 1048/355/920
f 1045/353/917 1044/351/916 1049/356/921
f 1045/353/917 1049/356/921 1050/357/922
f 1046/352/918 1045/353/917 1051/358/923
f 1046/352/918 1051/358/923 1052/361/924
f 1053/360/925 1046/352/918 1052/361/924
f 1046/352/918 1054/359/926 1048/355/920
f 1046/352/918 1053/360/925 1054/359/926
f 1055/372/927 1051/358/923 1045/353/917
f 1055/372/927 1045/353/917 1050/357/922
f 1056/370/928 1051/358/923 1055/372/927
f 1057/363/929 1055/372/927 1050/357/922
f 1055/372/927 1057/363/929 1058/370/930
f 1057/363/929 1050/357/922 1059/362/931
f 1049/356/921 1059/362/931 1050/357/922
f 1057/363/929 1059/362/931 1060/364/932
f 1061/365/933 1060/364/932 1059/362/931
f 1061/365/933 1059/362/931 1049/356/921
f 1062/366/934 1057/363/929 1060/364/932
f 1062/366/934 1063/367/935 1057/363/929
f 1057/363/929 1063/367/935 1064/368/936
f 1057/363/929 1064/368/936 1058/370/930
f 1064/368/936 1063/367/935 1065/369/937
f 1066/370/938 1064/368/936 1065/369/937
f 1067/371/939 1063/367/935 1062/366/934
f 1068/371/940 1065/369/937 1063/367/935
f 1061/365/933 1049/356/921 1069/374/941
f 1061/365/933 1069/374/941 1070/373/942
f 1070/373/942 1069/374/941 1071/375/943
f 1070/373/942 1071/375/943 1072/376/944
f 1072/376/944 1071/375/943 1073/377/945
f 1074/378/946 1073/377/945 1071/375/943
f 1073/377/945 1074/378/946 1075/379/947
f 1073/377/945 1075/379/947 1076/380/948
f 1077/381/949 1073/377/945 1076/380/948
f 1073/377/945 1077/381/949 1078/382/950
f 1072/376/944 1073/377/945 1078/382/950
f 1044/351/916 1069/374/941 1049/356/921
f 1044/351/916 1079/383/951 1069/374/941
f 1080/384/952 1071/375/943 1069/374/941
f 1080/384/952 1069/374/941 1079/383/951
f 1080/384/952 1079/383/951 1081/385/953
f 1044/351/916 1081/385/953 1079/383/951
f 1080/384/952 1081/385/953 1082/386/954
f 1082/386/954 1081/385/953 1083/387/955
f 1083/387/955 1084/388/956 1082/386/954
f 1084/388/956 1080/384/952 1082/386/954
f 1083/387/955 1085/389/957 1084/388/956
f 1084/388/956 1085/389/957 1086/390/958
f 1084/388/956 1086/390/958 1087/391/959
f 1087/391/959 1088/392/960 1084/388/956
f 1087/391/959 1089/393/961 1088/392/960
f 1044/351/916 1047/354/919 1081/385/953
f 1084/388/956 1090/394/962 1080/384/952
f 1084/388/956 1088/392/960 1090/394/962
f 1047/354/919 1091/395/963 1081/385/953
f 1081/385/953 1091/395/963 1083/387/955
f 1092/396/964 1093/398/965 1094/397/966
f 1095/399/967 1093/398/965 1092/396/964
f 1093/398/965 1095/399/967 1096/400/968
f 1093/398/965 1096/400/968 1097/401/969
f 1096/400/968 1098/402/970 1097/401/969
f 1097/401/969 1098/402/970 1099/403/971
f 1100/404/972 1093/398/965 1097/401/969
f 1093/398/965 1100/404/972 1101/405/973
f 1097/401/969 1102/406/974 1100/404/972
f 1097/401/969 1099/403/971 1102/406/974
f 1102/406/974 1099/403/971 1103/407/975
f 1104/408/976 1098/402/970 1096/400/968
f 1104/408/976 1105/409/977 1098/402/970
f 1106/410/978 1105/409/977 1104/408/976
f 1106/410/978 1107/411/979 1105/409/977
f 1108/412/980 1107/411/979 1106/410/978
f 1108/412/980 1109/413/981 1107/411/979
f 1102/406/974 1110/414/982 1100/404/972
f 1102/406/974 1111/415/983 1110/414/982
f 1111/415/983 1112/416/984 1110/414/982
f 1111/415/983 1113/417/985 1112/416/984
f 1112/416/984 1113/417/985 1114/418/986
f 1115/419/987 1112/416/984 1114/418/986
f 1116/420/988 1112/416/984 1115/419/987
f 1110/414/982 1112/416/984 1116/420/988
f 1114/418/986 1113/417/985 1117/421/989
f 1110/414/982 1116/420/988 1118/422/990
f 1119/423/991 1116/420/988 1120/424/992
f 1121/425/993 1119/423/991 1120/424/992
f 1121/425/993 1120/424/992 1122/426/994
f 1123/427/995 1121/425/993 1122/426/994
f 1124/428/996 1121/425/993 1123/427/995
f 1121/425/993 1124/428/996 1119/423/991
f 1124/428/996 1123/427/995 1125/429/997
f 1123/427/995 1122/426/994 1126/430/998
f 1125/429/997 1127/431/999 1124/428/996
f 1124/428/996 1127/431/999 1128/432/1000
f 1124/428/996 1128/432/1000 1129/433/1001
f 1119/423/991 1124/428/996 1129/433/1001
f 1129/433/1001 1130/422/1002 1119/423/991
f 1131/405/973 1130/422/1002 1129/433/1001
f 1128/432/1000 1131/405/973 1129/433/1001
f 1123/427/995 1126/430/998 1132/434/1003
f 1123/427/995 1132/434/1003 1133/435/983
f 1134/429/1004 1123/427/995 1133/435/983
f 1134/429/1004 1133/435/983 1135/436/1005
f 1094/397/1006 1131/405/973 1128/432/1000
f 1128/432/1000 1127/431/999 1136/437/1007
f 1137/438/1008 1136/437/1007 1127/431/999
f 1137/438/1008 1127/431/999 1138/439/1009
f 1139/429/1010 1138/439/1009 1127/431/999
f 1140/440/1011 1138/439/1009 1139/429/1010
f 1138/439/1009 1140/440/1011 1141/441/975
f 1138/439/1009 1141/441/975 1142/442/1012
f 1138/439/1009 1142/442/1012 1143/443/1013
f 1137/438/1008 1138/439/1009 1143/443/1013
f 1144/444/1014 1143/443/1013 1142/442/1012
f 1143/443/1013 1144/444/1014 1145/445/1015
f 1143/443/1013 1145/445/1015 1146/446/1016
f 1147/447/967 1143/443/1013 1146/446/1016
f 1145/445/1015 1147/447/967 1146/446/1016
f 1145/445/1015 1148/448/1017 1147/447/967
f 1144/444/1014 1142/442/1012 1149/449/1018
f 1145/445/1015 1144/444/1014 1150/450/1019
f 1145/445/1015 1150/450/1019 1151/451/1020
f 1148/448/1017 1145/445/1015 1151/451/1020
f 1151/451/1020 1150/450/1019 1152/452/1021
f 1151/451/1020 1152/452/1021 1153/453/1022
f 1148/448/1017 1151/451/1020 1154/454/1023
f 1154/454/1023 1151/451/1020 1153/453/1022
f 1154/454/1023 1153/453/1022 1155/455/1024
f 1156/456/1025 1152/452/1021 1150/450/1019
f 1156/456/1025 1150/450/1019 1157/457/1026
f 1157/457/1026 1150/450/1019 1144/444/1014
f 1157/457/1026 1144/444/1014 1149/449/1018
f 1137/438/1008 1143/443/1013 1158/458/1027
f 1159/459/1028 1160/461/1029 1161/460/1030
f 1159/459/1028 1162/462/1031 1160/461/1029
f 1139/429/1010 1159/459/1028 1161/460/1030
f 1139/429/1010 1161/460/1030 1140/440/1011
f 1161/460/1030 1160/461/1029 1163/463/1032
f 1161/460/1030 1163/463/1032 1164/464/1033
f 1140/440/1011 1161/460/1030 1164/464/1033
f 1140/440/1011 1164/464/1033 1141/441/975
f 1159/459/1028 1165/465/1034 1162/462/1031
f 1159/459/1028 1166/466/1035 1165/465/1034
f 1167/429/1036 1166/466/1035 1159/459/1028
f 1167/429/1036 1168/436/1037 1166/466/1035
f 1169/422/1038 1170/420/1039 1119/423/1040
f 1100/404/972 1118/422/1002 1101/405/973
f 1100/404/972 1110/414/982 1171/422/990
f 1172/467/1032 1173/469/1041 1174/468/1042
f 1172/467/1032 1175/470/1043 1173/469/1041
f 1176/471/1044 1172/467/1032 1174/468/1042
f 1176/471/1044 1174/468/1042 1177/472/1045
f 1102/406/974 1176/471/1044 1177/472/1045
f 1103/407/975 1176/471/1044 1102/406/974
f 1094/397/966 1093/398/965 1178/405/1046
f 1094/397/1006 1128/432/1000 1179/473/1047
f 1128/432/1000 1136/437/1007 1179/473/1047
f 1180/397/1048 1179/473/1049 1181/474/1050
f 1182/475/1051 1180/397/1048 1181/474/1050
f 1182/475/1051 1092/396/1052 1180/397/1048
f 1183/476/1053 1008/321/880 1184/319/879
f 1183/476/1053 1185/477/1054 1008/321/880
f 1185/477/1054 1016/328/888 1008/321/880
f 1186/478/1055 1187/481/1056 1188/480/1057
f 1186/478/1055 1188/480/1057 1189/479/1058
f 1189/479/1058 1188/480/1057 1190/482/1059
f 1189/479/1058 1190/482/1059 1191/483/1060
f 1188/480/1057 1187/481/1056 1192/484/1061
f 1187/481/1056 1193/485/1062 1192/484/1061
f 1188/480/1057 1192/484/1061 1194/486/1063
f 1188/480/1057 1195/487/1064 1190/482/1059
f 1188/480/1057 1194/486/1063 1195/487/1064
f 1196/488/1065 1195/487/1064 1194/486/1063
f 1190/482/1059 1195/487/1064 1196/488/1065
f 1196/488/1065 1194/486/1063 1197/489/1066
f 1190/482/1059 1196/488/1065 1198/490/1067
f 1199/483/1068 1190/482/1059 1198/490/1067
f 1199/483/1068 1198/490/1067 1200/491/1069
f 1200/491/1069 1198/490/1067 1201/492/1070
f 1200/491/1069 1201/492/1070 1202/493/1071
f 1201/492/1070 1198/490/1067 1203/494/1072
f 1198/490/1067 1196/488/1065 1204/495/1073
f 1204/495/1073 1205/496/1074 1198/490/1067
f 1196/488/1065 1205/496/1074 1204/495/1073
f 1196/488/1065 1197/489/1066 1205/496/1074
f 1198/490/1067 1205/496/1074 1203/494/1072
f 1201/492/1075 1206/494/1076 1207/497/1077
f 1208/498/1078 1209/496/1079 1210/499/1080
f 1211/500/1081 1209/496/1079 1208/498/1078
f 1211/500/1081 1212/494/1072 1209/496/1079
f 1213/501/1077 1212/494/1072 1211/500/1081
f 910/525/794 1214/527/1082 1215/535/779
f 1215/535/779 1216/534/1083 910/525/794
f 1217/538/785 1216/534/1083 1215/535/779
f 1218/539/786 1216/534/1083 1217/538/785
f 910/525/794 1216/534/1083 912/504/796
f 1214/527/1084 907/526/1085 1219/536/1086
f 1219/536/1086 907/526/1085 1220/537/1087
f 1221/537/1088 907/526/1089 1222/533/1090
f 1223/533/1091 907/526/790 896/532/792
f 1224/347/1092 1030/344/1093 1225/547/1053
f 1226/548/1094 1227/550/1095 1228/549/1096
f 1228/549/1096 1227/550/1095 1229/551/1097
f 1230/552/1098 1231/554/1099 1232/553/1100
f 1232/553/1100 1231/554/1099 1233/549/1101
f 1234/548/1102 1233/549/1101 1231/554/1099
f 1235/555/1103 987/299/859 1236/556/1104
f 990/302/862 987/299/859 1235/555/1103
f 1236/556/1104 987/299/859 994/306/866
