# Blender 5.1.2
# www.blender.org
mtllib monstro0016.mtl
o Object_33
v 4.565014 -132.905014 81.523972
v 4.338254 -132.559113 81.425369
v 6.325670 -132.440353 81.552483
v 6.325670 -132.918106 81.552483
v 7.102668 -132.467285 81.580780
v 7.102668 -132.936066 81.580780
v 4.604606 -132.289001 81.881615
v 5.673593 -132.345871 81.938492
v 7.098910 -132.480667 81.850616
v 7.098910 -132.718765 81.968033
v 5.673593 -132.678268 82.065178
v 4.188889 -132.890106 81.536995
v 7.098910 -132.925232 81.850616
v 5.354472 -133.015778 81.832832
v 7.098910 -132.718765 81.968033
v 5.673593 -132.678268 82.065178
v 4.604605 -132.949631 81.941986
v 4.228481 -132.949234 81.966881
v 2.392396 -133.100464 81.685524
v 3.052271 -133.067551 82.195854
v 1.939022 -133.067551 82.412827
v 4.416542 -132.597885 82.148407
v 3.241556 -132.678268 82.294983
v 2.372585 -132.678268 82.496277
v 2.392396 -132.244522 81.606728
v 1.900582 -132.319397 81.549591
v 1.900582 -133.096832 81.549591
v 1.605497 -133.076324 82.409904
v 1.939022 -132.346130 82.464088
v 3.052271 -132.289001 82.107231
v 2.372585 -132.678268 82.496277
v 3.241556 -132.678268 82.294983
v 4.151087 -132.272736 81.893082
v 4.416542 -132.597885 82.148407
v 1.633513 -132.371201 81.323006
v 1.526906 -133.167282 81.323006
v 1.605497 -132.325760 82.426895
v 1.942397 -132.678268 82.536102
v 1.607806 -132.678268 82.516968
v 4.379998 -132.272202 81.886894
v 0.619154 -132.449768 68.875793
v 0.414365 -132.308167 71.593933
v 0.935154 -132.266754 71.382149
v 0.993650 -132.513153 73.058838
v 0.487022 -132.523544 72.977684
v 0.994998 -132.511032 73.598366
v 0.464458 -132.539154 73.509979
v 1.172612 -133.127411 73.350433
v 1.172613 -133.171326 73.623421
v 1.172612 -133.095306 73.087509
v 0.308060 -133.138672 73.254631
v 0.308060 -133.095306 72.949013
v 0.740336 -133.327408 73.018265
v 0.740336 -133.369629 73.285431
v 1.172612 -133.095306 73.087509
v 1.172612 -133.127411 73.350433
v 0.740337 -133.412094 73.554169
v 1.172613 -133.171326 73.623421
v 0.308061 -133.171326 73.484924
v 0.830301 -133.629517 76.088402
v 0.306055 -133.237137 76.277496
v 1.230235 -133.237137 76.416039
v 0.334208 -132.405548 76.120567
v 0.012404 -133.560760 76.376801
v 0.012404 -132.527084 76.250900
v 1.165215 -132.951279 71.227577
v 0.715179 -133.245193 71.333466
v 0.333095 -132.951279 71.439354
v 0.619154 -133.154327 68.875793
v 0.372845 -132.879669 68.875793
v 0.619154 -132.449768 68.875793
v 0.619154 -133.154327 68.875793
v 1.294992 -132.310837 76.166573
v 1.294992 -132.310837 76.166573
v 1.294992 -132.310837 76.166573
v 1.230235 -133.237137 76.416039
v 0.968926 -133.528076 78.856369
v 0.846803 -133.735321 77.065964
v 1.250908 -133.261337 77.246635
v 0.012404 -134.118225 78.877609
v 0.012404 -133.861694 76.941177
v 1.115779 -132.679794 78.887535
v 1.245259 -132.425232 77.246635
v 1.230235 -133.237137 76.416039
v 0.012404 -133.560760 76.376801
v 0.306055 -133.237137 76.277496
v 0.830301 -133.629517 76.088402
v 0.760325 -132.216232 77.589539
v 0.831511 -132.105301 77.072639
v 0.012404 -132.278580 77.794662
v 0.012404 -132.310715 78.877609
v 0.012404 -132.254700 76.695053
v 0.193570 -132.208344 76.437347
v 0.899084 -132.132019 76.541748
v 0.334208 -132.405548 76.120567
v 1.294992 -132.310837 76.166573
v 0.012404 -132.527084 76.250900
v 0.012404 -132.527084 76.250900
v 1.280284 -132.421356 77.007362
v 1.294992 -132.310837 76.166573
v 1.294992 -132.310837 76.166573
v 0.012404 -132.197815 79.766899
v 1.178962 -132.571777 79.716705
v 1.633513 -132.371201 81.323006
v 0.012404 -131.796722 81.336067
v 0.966596 -132.178238 82.548309
v 1.605497 -132.325760 82.426895
v 1.607806 -132.678268 82.516968
v 0.957743 -132.678268 82.564018
v 0.467534 -132.733658 82.711540
v 0.012404 -132.288986 82.641838
v 1.050097 -133.475220 79.716705
v 1.526906 -133.167282 81.323006
v 0.542687 -133.922379 79.783081
v 0.871952 -133.728806 81.226639
v 0.012404 -133.906128 81.418457
v 0.966596 -133.067551 82.416367
v 0.012404 -133.111694 82.547127
v 0.467534 -132.733658 82.711540
v 0.957743 -132.678268 82.564018
v 1.605497 -133.076324 82.409904
v 1.607806 -132.678268 82.516968
v 1.900582 -133.096832 81.549591
v 0.012404 -134.090424 79.786514
v 7.304121 -132.976486 81.539520
v 7.304121 -132.432266 81.539520
v 7.452557 -132.662125 81.548004
v 7.471015 -132.844849 81.398323
v 7.696621 -132.936188 81.390800
v 7.722791 -132.771652 81.550415
v 7.814222 -132.987167 81.503250
v 7.732298 -133.018936 81.643456
v 7.998094 -132.651062 81.764587
v 7.924614 -132.317245 81.640755
v 8.008974 -132.868790 81.784622
v 8.016235 -133.040833 81.797997
v 7.952839 -132.976318 81.351234
v 7.976388 -133.031403 81.470039
v 8.094219 -132.966843 81.358345
v 8.104343 -133.019913 81.451134
v 8.187252 -133.033829 81.308746
v 8.197563 -133.087860 81.403229
v 8.153023 -132.647873 81.636078
v 8.201752 -132.844437 81.635910
v 8.200872 -132.660660 81.448280
v 8.219378 -132.841660 81.454140
v 8.336580 -132.645706 81.376869
v 8.252338 -132.421677 81.386719
v 8.151924 -132.412354 81.434792
v 8.352680 -132.813370 81.379700
v 8.087557 -132.318771 81.625534
v 8.194149 -132.314926 81.691910
v 8.252338 -132.421677 81.386719
v 8.348555 -132.648483 81.680092
v 8.336580 -132.645706 81.376869
v 8.341963 -132.848007 81.679138
v 8.046482 -132.672836 81.948761
v 8.044224 -132.872360 81.942497
v 8.352680 -132.813370 81.379700
v 7.304121 -132.709824 81.981804
v 7.304121 -132.432266 81.840729
v 7.963366 -132.302612 81.818100
v 8.087557 -132.318771 81.625534
v 7.924614 -132.317245 81.640755
v 8.219378 -132.841660 81.454140
v 8.201752 -132.844437 81.635910
v 8.044224 -132.872360 81.942497
v 8.008974 -132.868790 81.784622
v 7.098910 -132.718765 81.968033
v 7.098910 -132.925232 81.850616
v 7.304121 -132.976486 81.828369
v 8.044224 -132.872360 81.942497
v 8.042400 -133.033569 81.937431
v 8.016235 -133.040833 81.797997
v 7.732298 -133.018936 81.643456
v 7.304121 -132.976486 81.539520
v 7.704122 -133.117828 81.460487
v 7.670760 -133.044693 81.334610
v 7.422751 -132.983292 81.389915
v 7.471015 -132.844849 81.398323
v 7.696621 -132.936188 81.390800
v 7.814222 -132.987167 81.503250
v 7.961060 -133.152039 81.418671
v 7.930259 -133.077530 81.288940
v 8.197563 -133.087860 81.403229
v 8.187252 -133.033829 81.308746
v 7.952839 -132.976318 81.351234
v 8.094219 -132.966843 81.358345
v 8.104343 -133.019913 81.451134
v 7.976388 -133.031403 81.470039
v 7.102668 -132.936066 81.580780
v 8.393637 -132.844879 81.783943
v 8.388773 -133.006104 81.781639
v 8.486700 -132.989838 81.489441
v 8.490694 -132.861145 81.487854
v 8.346937 -133.003601 81.520737
v 8.271900 -133.013351 81.701218
v 8.335295 -132.851074 81.527557
v 8.257322 -132.841324 81.696854
v 8.044224 -132.872360 81.942497
v 8.008974 -132.868790 81.784622
v 8.087557 -132.318771 81.625534
v 8.151924 -132.412354 81.434792
v 8.087557 -132.318771 81.625534
v 8.346937 -133.003601 81.520737
v 8.335295 -132.851074 81.527557
v 8.490694 -132.861145 81.487854
v 8.486700 -132.989838 81.489441
v 8.271900 -133.013351 81.701218
v 8.257322 -132.841324 81.696854
v 7.924614 -132.317245 81.640755
v 7.098910 -132.480667 81.850616
v 7.304121 -132.432266 81.539520
v 7.102668 -132.467285 81.580780
v 7.102668 -132.936066 81.580780
v 0.881024 -132.879669 68.875793
v 0.619154 -132.449768 68.875793
v 1.165215 -132.951279 71.227577
v 0.619154 -132.449768 68.875793
v 0.881024 -132.879669 68.875793
v 0.881024 -132.879669 68.505905
v 0.619154 -132.449768 68.505905
v 0.619154 -133.228241 68.523651
v 0.619154 -133.154327 68.875793
v 0.905084 -132.523376 67.862648
v 0.619154 -132.354263 67.868217
v 1.063068 -134.537628 67.862648
v 0.780535 -134.328842 68.173485
v 0.426572 -134.625900 68.047722
v 0.394534 -134.811234 67.910217
v 0.357284 -132.879669 68.505905
v 0.619154 -133.154327 68.875793
v 0.372845 -132.879669 68.875793
v 0.619154 -132.449768 68.505905
v 0.619154 -132.449768 68.875793
v 0.336893 -132.543274 67.862648
v 0.265768 -134.507355 68.073181
v 0.130052 -134.634689 67.862648
v 0.619154 -132.354263 67.868217
v 0.336893 -132.543274 67.862648
v 1.063068 -134.537628 67.862648
v 0.394534 -134.811234 67.910217
v 0.130052 -134.634689 67.862648
v 0.905084 -132.523376 67.862648
v 0.336893 -132.543274 67.862648
v 0.619154 -132.354263 67.868217
v 0.405199 -133.561996 83.966873
v 0.310331 -133.536453 83.667122
v 0.704464 -133.208313 83.822868
v 0.152816 -133.639984 83.902161
v 0.012404 -133.697296 83.667122
v 0.012404 -133.636566 83.628479
v 0.012404 -133.675201 83.821686
v 0.012404 -133.802536 83.920486
v 0.599341 -133.406342 84.225418
v 0.780101 -133.212219 84.501984
v 0.081631 -133.638153 84.178062
v 0.012404 -133.712006 84.108688
v 0.012404 -133.653183 84.311424
v 0.344696 -133.614853 84.239166
v 0.372842 -133.648376 84.430214
v 0.012404 -133.688522 84.457870
v 0.012404 -133.677429 84.637306
v 0.372842 -133.629730 84.653969
v 0.012404 -133.404358 85.181091
v 0.644279 -133.357361 84.980812
v 0.668668 -132.680145 85.130341
v 0.829423 -132.693283 84.495117
v 0.676726 -132.778183 83.826881
v 0.350000 -133.358963 83.234306
v 0.458957 -132.767426 83.215637
v 0.012404 -133.099030 83.176239
v 0.674152 -132.173843 84.400513
v 0.012404 -131.828552 84.815338
v 0.012404 -131.939865 83.860649
v 0.644992 -132.369202 83.821320
v 0.012404 -132.351837 83.319336
v 0.012404 -132.351837 83.319336
v 0.012404 -132.288986 82.641838
v 0.271007 -133.516525 83.574463
v 0.012404 -133.580765 83.166397
v 0.012404 -133.099030 83.176239
v 0.012404 -133.111694 82.547127
v 0.467534 -132.733658 82.711540
v 0.012404 -133.640717 83.473259
v 0.012404 -133.613129 83.542259
v 0.467534 -132.733658 82.711540
v 0.012404 -132.288986 82.641838
v -0.434149 -132.767426 83.215637
v -0.620183 -132.369202 83.821320
v -0.651917 -132.778183 83.826881
v -0.325192 -133.358963 83.234306
v 0.012404 -133.099030 83.176239
v -0.679655 -133.208313 83.822868
v -0.804614 -132.693283 84.495117
v -0.755293 -133.212219 84.501984
v -0.574532 -133.406342 84.225418
v -0.380390 -133.561996 83.966873
v -0.285523 -133.536453 83.667122
v -0.128008 -133.639984 83.902161
v 0.012404 -133.697296 83.667122
v 0.012404 -133.636566 83.628479
v 0.012404 -133.675201 83.821686
v 0.012404 -133.802536 83.920486
v -0.056822 -133.638153 84.178062
v 0.012404 -133.712006 84.108688
v 0.012404 -133.653183 84.311424
v -0.319888 -133.614853 84.239166
v -0.348034 -133.648376 84.430214
v 0.012404 -133.688522 84.457870
v 0.012404 -133.677429 84.637306
v -0.348034 -133.629730 84.653969
v -0.619471 -133.357361 84.980812
v -0.643859 -132.680145 85.130341
v -0.649343 -132.173843 84.400513
v 0.012404 -131.828552 84.815338
v 0.012404 -131.939865 83.860649
v 0.012404 -132.351837 83.319336
v -0.322313 -133.379333 85.102745
v -0.459236 -132.805405 85.302948
v -0.643859 -132.680145 85.130341
v 0.012404 -132.245300 85.295799
v 0.012404 -131.828552 84.815338
v 0.012404 -133.404358 85.181091
v 0.012404 -132.919510 85.405190
v 0.012404 -132.245300 85.295799
v 0.012404 -132.245300 85.295799
v 0.668668 -132.680145 85.130341
v 0.484045 -132.805405 85.302948
v 0.347122 -133.379333 85.102745
v 0.012404 -132.919510 85.405190
v 0.012404 -132.245300 85.295799
v 0.012404 -133.802536 83.920486
v 0.012404 -133.805237 83.956894
v 0.012404 -133.712006 84.108688
v 0.619154 -133.154327 68.875793
v 0.881024 -132.879669 68.875793
v 0.012404 -132.676636 83.603111
v 0.704464 -133.208313 83.822868
v 0.012404 -133.636566 83.628479
v 0.310331 -133.536453 83.667122
v 0.012404 -133.613129 83.542259
v 0.271007 -133.516525 83.574463
v 0.012404 -133.422791 83.322845
v 0.704464 -133.208313 83.822868
v 0.012404 -132.676636 83.603111
v 1.942397 -132.678268 82.536102
v 1.607806 -132.678268 82.516968
v -4.540206 -132.904984 81.523941
v -6.300860 -132.918076 81.552452
v -6.300860 -132.440323 81.552452
v -4.313445 -132.559067 81.425354
v -7.077860 -132.467255 81.580750
v -7.077861 -132.936035 81.580750
v -4.579795 -132.288956 81.881599
v -5.648786 -132.345840 81.938461
v -7.074100 -132.480637 81.850586
v -7.074100 -132.718735 81.968002
v -5.648786 -132.678238 82.065147
v -4.164080 -132.890076 81.536972
v -7.074100 -132.925201 81.850586
v -5.329665 -133.015747 81.832802
v -7.074100 -132.718735 81.968002
v -5.648786 -132.678238 82.065147
v -4.579799 -132.949600 81.941956
v -4.203672 -132.949203 81.966858
v -2.367586 -133.100433 81.685501
v -3.027462 -133.067520 82.195831
v -1.914213 -133.067520 82.412804
v -4.391735 -132.597839 82.148392
v -3.216747 -132.678238 82.294952
v -2.347774 -132.678238 82.496254
v -2.367586 -132.244492 81.606705
v -1.875772 -132.319366 81.549568
v -1.875772 -133.096802 81.549568
v -1.580689 -133.076309 82.409889
v -1.914213 -132.346100 82.464066
v -3.027462 -132.288971 82.107208
v -2.347774 -132.678238 82.496254
v -3.216747 -132.678238 82.294952
v -4.126278 -132.272705 81.893059
v -4.391735 -132.597839 82.148392
v -1.608704 -132.371185 81.322998
v -1.502098 -133.167267 81.322998
v -1.580689 -132.325745 82.426880
v -1.917587 -132.678238 82.536079
v -1.582998 -132.678253 82.516953
v -4.355187 -132.272156 81.886879
v -0.594346 -132.449753 68.875793
v -0.910346 -132.266739 71.382149
v -0.389556 -132.308151 71.593925
v -0.968841 -132.513138 73.058838
v -0.462213 -132.523529 72.977684
v -0.970189 -132.511002 73.598358
v -0.439649 -132.539124 73.509972
v -1.147803 -133.127396 73.350426
v -1.147804 -133.171295 73.623413
v -1.147803 -133.095291 73.087509
v -0.283251 -133.138657 73.254623
v -0.283252 -133.095291 72.949013
v -0.715527 -133.327393 73.018265
v -0.715527 -133.369614 73.285423
v -1.147803 -133.095291 73.087509
v -1.147803 -133.127396 73.350426
v -0.715528 -133.412064 73.554161
v -1.147804 -133.171295 73.623413
v -0.283251 -133.171295 73.484917
v -0.805492 -133.629486 76.088394
v -0.281246 -133.237106 76.277489
v -1.205426 -133.237106 76.416031
v -0.309400 -132.405533 76.120560
v -1.140407 -132.951263 71.227577
v -0.690371 -133.245178 71.333466
v -0.308287 -132.951263 71.439354
v -0.594346 -133.154312 68.875793
v -0.348036 -132.879654 68.875793
v -0.594346 -132.449753 68.875793
v -0.594346 -133.154312 68.875793
v 0.012404 -133.560760 76.376801
v -0.309400 -132.405533 76.120560
v 0.012404 -132.527084 76.250900
v -1.270182 -132.393051 76.156235
v -1.270182 -132.393051 76.156235
v -1.270182 -132.393051 76.156235
v -1.205426 -133.237106 76.416031
v -0.944117 -133.528076 78.856369
v -1.226099 -133.261337 77.246635
v -0.821995 -133.735321 77.065964
v 0.012404 -134.118225 78.877609
v 0.012404 -133.861694 76.941177
v -1.090970 -132.679794 78.887535
v -1.220450 -132.425232 77.246635
v -1.205426 -133.237106 76.416031
v -0.805492 -133.629486 76.088394
v -0.281246 -133.237106 76.277489
v 0.012404 -133.560760 76.376801
v -1.259399 -132.421356 77.014854
v -1.270182 -132.393051 76.156235
v -0.806702 -132.105301 77.072639
v -1.270182 -132.393051 76.156235
v -0.735517 -132.216232 77.589539
v 0.012404 -132.278580 77.794662
v 0.012404 -132.310715 78.877609
v 0.012404 -132.254700 76.695053
v -0.168761 -132.208344 76.437347
v -0.874276 -132.132019 76.541748
v -0.309400 -132.405533 76.120560
v -1.270182 -132.393051 76.156235
v 0.012404 -132.527084 76.250900
v 0.012404 -132.527084 76.250900
v -1.154153 -132.571777 79.716705
v 0.012404 -132.197815 79.766899
v -1.608704 -132.371185 81.322998
v 0.012404 -131.796722 81.336067
v -0.941788 -132.178223 82.548302
v -1.580689 -132.325745 82.426880
v -1.582998 -132.678253 82.516953
v -0.932935 -132.678253 82.564003
v -0.442726 -132.733658 82.711540
v 0.012404 -132.288986 82.641838
v -1.025290 -133.475220 79.716705
v -1.502098 -133.167267 81.322998
v -0.517879 -133.922379 79.783081
v -0.847144 -133.728790 81.226631
v 0.012404 -133.906128 81.418457
v -0.941788 -133.067535 82.416359
v 0.012404 -133.111694 82.547127
v -0.442726 -132.733658 82.711540
v -0.932935 -132.678253 82.564003
v -1.580689 -133.076309 82.409889
v -1.582998 -132.678253 82.516953
v -1.875772 -133.096802 81.549568
v 0.012404 -134.090424 79.786514
v -7.279314 -132.976471 81.539482
v -7.427750 -132.662109 81.547966
v -7.279313 -132.432251 81.539482
v -7.446208 -132.844833 81.398285
v -7.671814 -132.936172 81.390762
v -7.697984 -132.771637 81.550377
v -7.789415 -132.987152 81.503204
v -7.707491 -133.018921 81.643417
v -7.973287 -132.651047 81.764542
v -7.899807 -132.317230 81.640717
v -7.984167 -132.868774 81.784584
v -7.991427 -133.040817 81.797958
v -7.928032 -132.976303 81.351196
v -7.951581 -133.031387 81.470001
v -8.069410 -132.966827 81.358307
v -8.079535 -133.019897 81.451096
v -8.162444 -133.033813 81.308708
v -8.172755 -133.087845 81.403191
v -8.128216 -132.647858 81.636040
v -8.176944 -132.844421 81.635872
v -8.176064 -132.660645 81.448242
v -8.194570 -132.841644 81.454102
v -8.311772 -132.645691 81.376831
v -8.227530 -132.421661 81.386681
v -8.127116 -132.412338 81.434753
v -8.327873 -132.813354 81.379662
v -8.062750 -132.318756 81.625496
v -8.169342 -132.314911 81.691872
v -8.227530 -132.421661 81.386681
v -8.323747 -132.648468 81.680054
v -8.311772 -132.645691 81.376831
v -8.317156 -132.847992 81.679100
v -8.021675 -132.672821 81.948723
v -8.019417 -132.872345 81.942459
v -8.327873 -132.813354 81.379662
v -7.279314 -132.709808 81.981766
v -7.279313 -132.432251 81.840691
v -7.938558 -132.302597 81.818062
v -8.062750 -132.318756 81.625496
v -7.899807 -132.317230 81.640717
v -8.194570 -132.841644 81.454102
v -8.176944 -132.844421 81.635872
v -8.019417 -132.872345 81.942459
v -7.984167 -132.868774 81.784584
v -7.074100 -132.718735 81.968002
v -7.074100 -132.925201 81.850586
v -7.279314 -132.976471 81.828331
v -8.019417 -132.872345 81.942459
v -8.017591 -133.033554 81.937393
v -7.991427 -133.040817 81.797958
v -7.707491 -133.018921 81.643417
v -7.279314 -132.976471 81.539482
v -7.679315 -133.117813 81.460449
v -7.645953 -133.044678 81.334572
v -7.397944 -132.983276 81.389877
v -7.446208 -132.844833 81.398285
v -7.671814 -132.936172 81.390762
v -7.789415 -132.987152 81.503204
v -7.936253 -133.152023 81.418633
v -7.905452 -133.077515 81.288902
v -8.172755 -133.087845 81.403191
v -8.162444 -133.033813 81.308708
v -7.928032 -132.976303 81.351196
v -8.069410 -132.966827 81.358307
v -8.079535 -133.019897 81.451096
v -7.951581 -133.031387 81.470001
v -7.077861 -132.936035 81.580750
v -8.368830 -132.844864 81.783905
v -8.461892 -132.989822 81.489403
v -8.363965 -133.006088 81.781601
v -8.465886 -132.861130 81.487816
v -8.322128 -133.003586 81.520699
v -8.247092 -133.013336 81.701180
v -8.310487 -132.851059 81.527512
v -8.232514 -132.841309 81.696815
v -8.019417 -132.872345 81.942459
v -7.984167 -132.868774 81.784584
v -8.062750 -132.318756 81.625496
v -8.127116 -132.412338 81.434753
v -8.062750 -132.318756 81.625496
v -8.322128 -133.003586 81.520699
v -8.465886 -132.861130 81.487816
v -8.310487 -132.851059 81.527512
v -8.461892 -132.989822 81.489403
v -8.247092 -133.013336 81.701180
v -8.232514 -132.841309 81.696815
v -7.899807 -132.317230 81.640717
v -7.074100 -132.480637 81.850586
v -7.279313 -132.432251 81.539482
v -7.077860 -132.467255 81.580750
v -7.077861 -132.936035 81.580750
v -0.856215 -132.879654 68.875793
v -0.594346 -132.449753 68.875793
v -1.140407 -132.951263 71.227577
v -0.594346 -132.449753 68.875793
v -0.594346 -132.449753 68.505898
v -0.856215 -132.879654 68.505898
v -0.856215 -132.879654 68.875793
v -0.594346 -133.228226 68.523643
v -0.594346 -133.154312 68.875793
v -0.880275 -132.523361 67.862640
v -0.594346 -132.354248 67.868210
v -1.038260 -134.537613 67.862640
v -0.755726 -134.328827 68.173477
v -0.401764 -134.625885 68.047714
v -0.369725 -134.811218 67.910210
v -0.332474 -132.879654 68.505898
v -0.594346 -133.154312 68.875793
v -0.348036 -132.879654 68.875793
v -0.594346 -132.449753 68.505898
v -0.594346 -132.449753 68.875793
v -0.312085 -132.543259 67.862640
v -0.240959 -134.507339 68.073174
v -0.105244 -134.634674 67.862640
v -0.312085 -132.543259 67.862640
v -0.594346 -132.354248 67.868210
v -1.038260 -134.537613 67.862640
v -0.105244 -134.634674 67.862640
v -0.369725 -134.811218 67.910210
v -0.880275 -132.523361 67.862640
v -0.312085 -132.543259 67.862640
v -0.594346 -132.354248 67.868210
v 0.012404 -133.099030 83.176239
v 0.012404 -133.580765 83.166397
v -0.246199 -133.516525 83.574463
v 0.012404 -133.640717 83.473259
v 0.012404 -133.613129 83.542259
v 0.012404 -133.111694 82.547127
v -0.442726 -132.733658 82.711540
v -0.442726 -132.733658 82.711540
v 0.012404 -132.288986 82.641838
v 0.012404 -132.288986 82.641838
v -0.594346 -133.154312 68.875793
v -0.856215 -132.879654 68.875793
v 0.012404 -132.676636 83.603111
v 0.012404 -133.636566 83.628479
v -0.679655 -133.208313 83.822868
v -0.285523 -133.536453 83.667122
v 0.012404 -133.613129 83.542259
v 0.012404 -133.422791 83.322845
v -0.246199 -133.516525 83.574463
v -0.679655 -133.208313 83.822868
v 0.012404 -132.676636 83.603111
v -1.917587 -132.678238 82.536079
v -1.582998 -132.678253 82.516953
vn -0.0207 -0.7165 -0.6973
vn -0.0255 0.4064 -0.9133
vn 0.0683 0.6544 -0.7530
vn 0.0512 -0.6648 -0.7453
vn -0.1115 0.7019 -0.7035
vn -0.1555 -0.7151 -0.6815
vn 0.0472 0.9698 0.2394
vn 0.0518 0.9233 0.3806
vn -0.0312 0.8305 0.5561
vn -0.0001 -0.0580 0.9983
vn 0.0606 -0.0828 0.9947
vn -0.0238 -0.7149 -0.6988
vn -0.0640 -0.8396 0.5394
vn 0.0233 -0.9588 0.2831
vn -0.0001 -0.0581 0.9983
vn -0.0115 -0.8846 0.4663
vn 0.1045 -0.8851 0.4535
vn 0.0490 -0.7943 -0.6056
vn 0.1574 -0.8370 0.5241
vn 0.0418 -0.7795 0.6250
vn 0.0899 0.0816 0.9926
vn 0.1888 0.0760 0.9791
vn 0.2012 0.0172 0.9794
vn 0.0137 0.7476 -0.6640
vn 0.1449 0.7695 -0.6219
vn 0.3050 -0.7575 -0.5772
vn 0.0124 -0.7983 0.6022
vn 0.0300 0.7354 0.6770
vn 0.1404 0.8973 0.4186
vn 0.2012 0.0173 0.9794
vn 0.1889 0.0761 0.9791
vn -0.0079 0.9899 0.1419
vn 0.6213 0.6579 -0.4257
vn 0.7451 -0.6489 -0.1545
vn 0.1109 0.7805 0.6153
vn 0.0129 -0.0413 0.9991
vn 0.0187 -0.0621 0.9979
vn 0.0393 0.9860 0.1620
vn -0.0206 0.9945 -0.1031
vn -0.6581 0.7515 0.0467
vn 0.5405 0.8413 -0.0098
vn 0.5989 0.7992 0.0513
vn -0.6142 0.7848 0.0826
vn 0.5776 0.8144 -0.0562
vn -0.6432 0.7654 -0.0186
vn 0.9292 -0.3643 -0.0629
vn 0.9067 -0.4114 -0.0934
vn 0.9319 -0.3599 -0.0451
vn -0.9159 -0.3950 -0.0722
vn -0.9221 -0.3855 -0.0344
vn 0.0129 -0.9934 -0.1143
vn 0.0202 -0.9888 -0.1481
vn 0.9292 -0.3642 -0.0629
vn 0.0090 -0.9930 -0.1175
vn 0.9067 -0.4113 -0.0933
vn -0.9071 -0.4178 -0.0508
vn 0.0748 -0.9950 -0.0661
vn -0.5270 -0.5581 -0.6409
vn 0.9194 -0.3915 -0.0375
vn -0.5005 0.6828 -0.5322
vn -0.0000 -0.6392 -0.7690
vn -0.0000 0.2789 -0.9603
vn 0.9489 -0.3090 -0.0648
vn -0.0413 -0.9983 -0.0408
vn -0.9262 -0.3765 -0.0197
vn -0.0250 -0.9996 0.0114
vn -0.9950 -0.0997 -0.0033
vn -0.0249 -0.9996 0.0115
vn 0.7460 0.6550 -0.1201
vn 0.7460 0.6551 -0.1201
vn 0.9194 -0.3914 -0.0375
vn 0.8248 -0.5653 0.0116
vn 0.4632 -0.8745 -0.1438
vn 0.9380 -0.3454 0.0288
vn -0.0000 -0.9994 -0.0357
vn -0.0000 -0.9489 -0.3156
vn 0.8721 0.4870 0.0470
vn 0.8568 0.4909 0.1581
vn 0.2500 0.9487 0.1934
vn 0.2160 0.9709 0.1033
vn -0.0000 0.9986 0.0535
vn -0.0000 0.9997 0.0243
vn -0.0000 0.9962 -0.0874
vn -0.3488 0.8709 -0.3462
vn 0.1281 0.9719 -0.1977
vn -0.5004 0.6826 -0.5326
vn -0.0000 0.2788 -0.9604
vn 0.9046 0.4169 0.0894
vn -0.0000 0.9822 -0.1880
vn 0.8165 0.5309 -0.2269
vn 0.6213 0.6579 -0.4256
vn 0.0001 0.9997 -0.0245
vn 0.2083 0.7123 0.6703
vn 0.0188 -0.0621 0.9979
vn 0.2018 -0.1235 0.9716
vn 0.5848 -0.1700 0.7931
vn -0.0000 0.8650 0.5019
vn 0.8616 -0.4983 -0.0966
vn 0.7450 -0.6489 -0.1545
vn 0.4752 -0.8799 -0.0013
vn 0.4556 -0.8692 0.1920
vn 0.0001 -0.9450 0.3271
vn 0.1917 -0.6954 0.6926
vn -0.0000 -0.8719 0.4896
vn 0.5848 -0.1699 0.7932
vn 0.2018 -0.1236 0.9716
vn 0.0124 -0.7983 0.6021
vn 0.0187 -0.0622 0.9979
vn 0.3049 -0.7575 -0.5773
vn -0.0000 -0.9975 0.0711
vn -0.4408 -0.7146 -0.5433
vn -0.1428 0.6660 -0.7322
vn 0.0664 0.2244 -0.9722
vn -0.2909 0.4654 -0.8359
vn 0.2663 0.6342 -0.7258
vn 0.5293 0.4611 -0.7122
vn 0.7577 0.2611 0.5981
vn 0.3919 -0.9200 -0.0021
vn -0.0710 -0.1191 -0.9903
vn 0.0048 0.6478 -0.7618
vn 0.0565 -0.1729 -0.9833
vn 0.0364 -0.8601 -0.5089
vn 0.0372 0.9298 -0.3662
vn 0.1574 0.3023 0.9401
vn 0.2300 0.9586 -0.1679
vn 0.3412 0.3901 0.8552
vn 0.7614 0.1076 -0.6393
vn 0.8707 -0.4075 0.2752
vn -0.8262 -0.1853 -0.5320
vn -0.4532 -0.8363 -0.3085
vn -0.7808 -0.1605 -0.6038
vn -0.5755 -0.6788 -0.4561
vn 0.5409 0.1107 -0.8338
vn 0.3291 0.5226 -0.7865
vn -0.6583 0.4081 -0.6326
vn 0.5062 -0.4561 -0.7319
vn -0.2582 0.7436 -0.6168
vn 0.5537 0.7935 0.2526
vn -0.6583 0.4080 -0.6326
vn 0.9119 0.1643 0.3761
vn 0.7131 -0.6401 0.2860
vn 0.3472 0.1581 0.9244
vn 0.2479 -0.0155 0.9687
vn -0.0382 -0.0074 0.9992
vn -0.1313 0.8359 0.5330
vn 0.0834 0.8229 0.5620
vn -0.2582 0.7435 -0.6168
vn -0.5756 -0.6787 -0.4561
vn -0.1428 0.6659 -0.7322
vn -0.0002 -0.0580 0.9983
vn -0.1279 -0.8683 0.4793
vn 0.2478 -0.0155 0.9687
vn 0.1066 -0.6639 0.7402
vn 0.3918 -0.9201 -0.0020
vn -0.4408 -0.7146 -0.5432
vn -0.0846 -0.9894 0.1179
vn -0.2199 -0.3368 -0.9156
vn -0.5528 -0.4068 -0.7272
vn 0.2663 0.6342 -0.7259
vn 0.7577 0.2611 0.5980
vn 0.0964 -0.9590 0.2667
vn -0.0475 -0.2948 -0.9544
vn 0.8707 -0.4075 0.2753
vn 0.2299 0.9586 -0.1678
vn 0.3413 0.3901 0.8552
vn 0.1573 0.3024 0.9401
vn -0.1555 -0.7151 -0.6816
vn 0.5824 0.6226 0.5227
vn 0.5984 -0.6225 0.5044
vn 0.6294 -0.5263 -0.5717
vn 0.6350 0.5145 -0.5763
vn -0.4564 -0.6399 -0.6182
vn -0.3260 -0.8379 -0.4377
vn -0.5050 0.6148 -0.6058
vn -0.4123 0.8067 -0.4234
vn 0.0565 -0.1728 -0.9833
vn -0.2581 0.7436 -0.6168
vn 0.5537 0.7935 0.2525
vn -0.6582 0.4080 -0.6326
vn -0.2581 0.7435 -0.6169
vn 0.6350 0.5144 -0.5763
vn 0.6295 -0.5263 -0.5717
vn -0.4122 0.8067 -0.4235
vn 0.0048 0.6479 -0.7617
vn -0.1115 0.7019 -0.7034
vn -0.4407 -0.7146 -0.5432
vn 0.9936 -0.0970 -0.0580
vn -0.0205 0.9945 -0.1031
vn 0.9488 -0.3090 -0.0648
vn 0.9707 0.0618 0.2320
vn -0.0073 0.9718 0.2357
vn -0.0146 -0.5522 0.8336
vn -0.0250 -0.9996 0.0115
vn 0.7029 0.4519 -0.5492
vn -0.0227 0.8451 -0.5341
vn 0.7602 -0.5759 -0.3009
vn 0.3118 -0.3877 0.8675
vn -0.0509 -0.5387 0.8410
vn -0.1106 -0.9868 -0.1181
vn -0.9677 0.0694 0.2422
vn -0.0249 -0.9996 0.0114
vn -0.7060 0.4350 -0.5589
vn -0.4635 -0.3405 0.8181
vn -0.7877 -0.5043 -0.3540
vn -0.0226 0.8451 -0.5342
vn 0.7602 -0.5758 -0.3009
vn -0.7876 -0.5043 -0.3540
vn 0.5204 -0.8431 -0.1356
vn 0.3902 -0.3321 -0.8588
vn 0.8660 -0.3393 -0.3673
vn 0.4696 -0.8810 -0.0579
vn 0.0001 -0.9060 -0.4233
vn -0.0000 -0.2956 -0.9553
vn -0.0000 -0.9721 -0.2347
vn -0.0001 -0.9207 -0.3902
vn 0.7290 -0.6804 -0.0754
vn 0.9295 -0.3665 0.0422
vn 0.3696 -0.9278 0.0501
vn -0.0001 -0.9486 0.3164
vn -0.0000 -0.9958 -0.0920
vn 0.3630 -0.9175 -0.1626
vn 0.4282 -0.9022 -0.0520
vn -0.0000 -0.9968 -0.0794
vn -0.0000 -0.9670 0.2547
vn 0.3939 -0.8925 0.2199
vn -0.0000 -0.6636 0.7481
vn 0.7030 -0.5379 0.4653
vn 0.7993 0.2380 0.5517
vn 0.9929 0.1153 0.0301
vn 0.9537 0.0578 -0.2953
vn 0.6052 -0.4003 -0.6881
vn 0.9124 0.1030 -0.3960
vn -0.0000 -0.5389 -0.8424
vn 0.7735 0.6333 0.0229
vn -0.0000 0.9397 0.3419
vn -0.0000 0.9230 -0.3848
vn 0.8148 0.4648 -0.3465
vn -0.0000 0.9164 -0.4002
vn -0.0000 0.8650 0.5018
vn 0.0980 -0.6530 0.7510
vn -0.0000 -0.6883 -0.7254
vn -0.0000 -0.8719 0.4897
vn 0.9125 0.1029 -0.3960
vn 0.5849 -0.1700 0.7931
vn -0.0000 -0.9995 0.0322
vn -0.0000 -0.3630 0.9318
vn 0.5849 -0.1699 0.7931
vn -0.0000 0.8649 0.5019
vn 0.9124 0.1029 -0.3961
vn -0.9124 0.1030 -0.3960
vn -0.8148 0.4648 -0.3465
vn -0.0000 0.9164 -0.4003
vn -0.9537 0.0578 -0.2953
vn -0.6052 -0.4003 -0.6881
vn -0.8660 -0.3393 -0.3673
vn -0.9929 0.1153 0.0301
vn -0.9295 -0.3665 0.0422
vn -0.7290 -0.6804 -0.0754
vn -0.5204 -0.8431 -0.1356
vn -0.3901 -0.3321 -0.8588
vn -0.4696 -0.8810 -0.0579
vn -0.0001 -0.9060 -0.4233
vn 0.0001 -0.9208 -0.3901
vn -0.3696 -0.9278 0.0501
vn -0.0000 -0.9486 0.3164
vn -0.0000 -0.9958 -0.0921
vn -0.3630 -0.9175 -0.1626
vn -0.4282 -0.9022 -0.0520
vn -0.3939 -0.8925 0.2199
vn -0.7030 -0.5379 0.4653
vn -0.7994 0.2380 0.5517
vn -0.7735 0.6333 0.0229
vn -0.0000 0.9230 -0.3849
vn -0.2775 -0.6404 0.7162
vn -0.4654 -0.0145 0.8850
vn -0.7993 0.2380 0.5518
vn -0.0000 0.5765 0.8171
vn -0.0000 -0.1608 0.9870
vn -0.0000 0.5766 0.8171
vn 0.7993 0.2380 0.5518
vn -0.0001 0.9397 0.3419
vn 0.4654 -0.0144 0.8850
vn 0.2775 -0.6404 0.7162
vn -0.0000 -0.1609 0.9870
vn -0.0000 -0.9208 -0.3901
vn -0.0000 -0.9693 0.2460
vn -0.4696 -0.8810 -0.0580
vn 0.9936 -0.0970 -0.0581
vn -0.0000 -0.9997 -0.0252
vn 0.8660 -0.3392 -0.3673
vn 0.3902 -0.3322 -0.8587
vn 0.0001 -0.3630 0.9318
vn 0.0980 -0.6529 0.7510
vn -0.0000 0.2087 0.9780
vn 0.8660 -0.3393 -0.3674
vn -0.0001 -0.9997 -0.0253
vn 0.0129 -0.0414 0.9991
vn 0.0206 -0.7165 -0.6973
vn -0.0512 -0.6648 -0.7453
vn -0.0684 0.6545 -0.7530
vn 0.0255 0.4064 -0.9133
vn 0.1115 0.7020 -0.7034
vn 0.1554 -0.7151 -0.6815
vn -0.0472 0.9698 0.2394
vn -0.0518 0.9233 0.3806
vn 0.0312 0.8305 0.5561
vn 0.0001 -0.0580 0.9983
vn -0.0606 -0.0828 0.9947
vn 0.0238 -0.7149 -0.6988
vn 0.0640 -0.8396 0.5394
vn -0.0233 -0.9588 0.2831
vn 0.0002 -0.0581 0.9983
vn 0.0115 -0.8846 0.4663
vn -0.1045 -0.8851 0.4535
vn -0.0490 -0.7943 -0.6056
vn -0.1574 -0.8370 0.5241
vn -0.0418 -0.7795 0.6250
vn -0.0899 0.0816 0.9926
vn -0.1888 0.0761 0.9791
vn -0.2012 0.0172 0.9794
vn -0.0138 0.7477 -0.6639
vn -0.1449 0.7695 -0.6219
vn -0.3050 -0.7575 -0.5772
vn -0.0124 -0.7983 0.6021
vn -0.0300 0.7354 0.6770
vn -0.1404 0.8972 0.4186
vn -0.1889 0.0761 0.9790
vn 0.0079 0.9899 0.1419
vn -0.6213 0.6579 -0.4257
vn -0.7450 -0.6489 -0.1545
vn -0.1108 0.7805 0.6153
vn -0.0129 -0.0413 0.9991
vn -0.0187 -0.0621 0.9979
vn -0.0393 0.9860 0.1620
vn 0.0206 0.9945 -0.1031
vn -0.5405 0.8413 -0.0098
vn 0.6581 0.7515 0.0467
vn -0.5989 0.7992 0.0513
vn 0.6142 0.7848 0.0826
vn -0.5787 0.8139 -0.0515
vn 0.6432 0.7654 -0.0186
vn -0.9292 -0.3642 -0.0629
vn -0.9073 -0.4103 -0.0921
vn -0.9319 -0.3600 -0.0451
vn 0.9158 -0.3950 -0.0722
vn 0.9221 -0.3855 -0.0343
vn -0.0129 -0.9934 -0.1143
vn -0.0202 -0.9888 -0.1481
vn -0.9319 -0.3599 -0.0452
vn -0.0090 -0.9930 -0.1174
vn -0.9073 -0.4103 -0.0920
vn 0.9071 -0.4178 -0.0508
vn -0.0791 -0.9950 -0.0610
vn 0.5270 -0.5581 -0.6409
vn -0.9190 -0.3927 -0.0351
vn 0.4751 0.6905 -0.5455
vn -0.9489 -0.3090 -0.0648
vn 0.0413 -0.9983 -0.0408
vn 0.9262 -0.3765 -0.0197
vn 0.0250 -0.9996 0.0114
vn 0.9950 -0.0997 -0.0033
vn 0.0249 -0.9996 0.0114
vn -0.0000 -0.6392 -0.7691
vn -0.7847 0.6061 -0.1301
vn -0.9073 -0.4102 -0.0921
vn -0.9190 -0.3926 -0.0351
vn -0.8248 -0.5653 0.0116
vn -0.9359 -0.3513 0.0240
vn -0.4613 -0.8752 -0.1456
vn -0.8721 0.4870 0.0470
vn -0.8543 0.4923 0.1670
vn -0.0790 -0.9950 -0.0610
vn -0.8987 0.4321 0.0746
vn -0.2246 0.9701 0.0923
vn -0.7846 0.6061 -0.1301
vn -0.2500 0.9487 0.1934
vn 0.3489 0.8709 -0.3462
vn -0.2186 0.9527 -0.2111
vn 0.4750 0.6905 -0.5455
vn -0.7847 0.6060 -0.1302
vn -0.0000 0.2788 -0.9603
vn -0.8165 0.5309 -0.2268
vn -0.0000 0.9997 -0.0245
vn -0.2083 0.7123 0.6703
vn -0.1109 0.7805 0.6153
vn -0.2018 -0.1235 0.9716
vn -0.5848 -0.1700 0.7931
vn -0.8616 -0.4983 -0.0966
vn -0.7450 -0.6489 -0.1544
vn -0.4749 -0.8800 -0.0010
vn -0.4559 -0.8691 0.1918
vn -0.0001 -0.9450 0.3271
vn -0.1916 -0.6954 0.6926
vn -0.5849 -0.1699 0.7931
vn -0.2018 -0.1236 0.9716
vn -0.0188 -0.0622 0.9979
vn -0.3050 -0.7575 -0.5773
vn 0.4407 -0.7146 -0.5433
vn -0.0664 0.2244 -0.9722
vn 0.1427 0.6660 -0.7322
vn 0.2909 0.4655 -0.8359
vn -0.2663 0.6342 -0.7258
vn -0.5293 0.4611 -0.7122
vn -0.7577 0.2611 0.5981
vn -0.3918 -0.9200 -0.0020
vn 0.0710 -0.1191 -0.9903
vn -0.0048 0.6478 -0.7618
vn -0.0565 -0.1729 -0.9833
vn -0.0364 -0.8601 -0.5089
vn -0.0373 0.9298 -0.3662
vn -0.1574 0.3024 0.9401
vn -0.2299 0.9586 -0.1678
vn -0.3412 0.3901 0.8552
vn -0.7614 0.1076 -0.6393
vn -0.8707 -0.4075 0.2752
vn 0.8262 -0.1853 -0.5320
vn 0.4532 -0.8363 -0.3085
vn 0.7808 -0.1605 -0.6038
vn 0.5755 -0.6788 -0.4562
vn -0.5409 0.1107 -0.8338
vn -0.3291 0.5226 -0.7865
vn 0.6582 0.4081 -0.6327
vn -0.5062 -0.4561 -0.7320
vn 0.2582 0.7436 -0.6168
vn -0.5537 0.7935 0.2525
vn 0.6582 0.4080 -0.6326
vn -0.9119 0.1643 0.3761
vn -0.7131 -0.6401 0.2860
vn -0.3472 0.1581 0.9244
vn -0.2479 -0.0155 0.9687
vn 0.0382 -0.0074 0.9992
vn 0.1312 0.8359 0.5330
vn -0.0834 0.8229 0.5620
vn 0.2581 0.7436 -0.6169
vn 0.5756 -0.6787 -0.4562
vn -0.2478 -0.0155 0.9687
vn 0.1427 0.6659 -0.7322
vn 0.1279 -0.8683 0.4793
vn -0.1066 -0.6639 0.7401
vn -0.3918 -0.9201 -0.0020
vn 0.4408 -0.7146 -0.5432
vn 0.0847 -0.9894 0.1179
vn 0.2199 -0.3368 -0.9156
vn 0.5528 -0.4068 -0.7272
vn 0.2909 0.4654 -0.8359
vn -0.2663 0.6342 -0.7259
vn -0.7577 0.2612 0.5981
vn -0.0963 -0.9590 0.2667
vn 0.0475 -0.2948 -0.9544
vn -0.8707 -0.4076 0.2752
vn -0.2300 0.9586 -0.1678
vn -0.3412 0.3902 0.8552
vn -0.1573 0.3024 0.9401
vn 0.1555 -0.7151 -0.6816
vn -0.5823 0.6226 0.5228
vn -0.6295 -0.5263 -0.5717
vn -0.5983 -0.6225 0.5044
vn -0.6350 0.5145 -0.5763
vn 0.4564 -0.6399 -0.6183
vn 0.3261 -0.8379 -0.4377
vn 0.5051 0.6148 -0.6057
vn 0.4123 0.8067 -0.4235
vn 0.2581 0.7436 -0.6168
vn 0.6582 0.4081 -0.6326
vn -0.5537 0.7935 0.2526
vn 0.4564 -0.6399 -0.6182
vn -0.6294 -0.5263 -0.5717
vn 0.4123 0.8067 -0.4234
vn -0.0048 0.6479 -0.7617
vn 0.0313 0.8305 0.5561
vn 0.1428 0.6659 -0.7322
vn 0.1116 0.7020 -0.7034
vn 0.1555 -0.7151 -0.6815
vn -0.9936 -0.0970 -0.0581
vn 0.0205 0.9945 -0.1031
vn -0.9488 -0.3090 -0.0648
vn 0.0073 0.9718 0.2356
vn -0.9707 0.0618 0.2321
vn -0.9936 -0.0970 -0.0580
vn 0.0146 -0.5522 0.8336
vn -0.7029 0.4519 -0.5493
vn 0.0226 0.8451 -0.5342
vn -0.7602 -0.5759 -0.3009
vn -0.3118 -0.3877 0.8675
vn 0.0509 -0.5386 0.8410
vn 0.1106 -0.9868 -0.1181
vn 0.9677 0.0694 0.2422
vn 0.0073 0.9718 0.2357
vn 0.7060 0.4350 -0.5589
vn 0.4635 -0.3405 0.8181
vn 0.7877 -0.5043 -0.3540
vn 0.7061 0.4349 -0.5589
vn -0.7601 -0.5759 -0.3009
vn 0.7876 -0.5043 -0.3540
vn -0.7029 0.4519 -0.5492
vn -0.0980 -0.6530 0.7510
vn -0.0000 -0.5389 -0.8423
vn -0.9125 0.1029 -0.3960
vn -0.5849 -0.1700 0.7931
vn -0.9124 0.1029 -0.3961
vn -0.0000 -0.2955 -0.9553
vn -0.8660 -0.3394 -0.3674
vn -0.3902 -0.3322 -0.8587
vn -0.0000 0.2088 0.9780
vn -0.0980 -0.6529 0.7510
vn -0.0129 -0.0414 0.9991
vn -0.0187 -0.0622 0.9979
vt 0.730382 0.103619
vt 0.705649 0.144477
vt 0.906050 0.162418
vt 0.907543 0.101904
vt 0.999984 0.166941
vt 1.001061 0.095946
vt 0.733494 0.205318
vt 0.838940 0.209383
vt 0.991053 0.210366
vt 0.981648 0.252295
vt 0.840260 0.252371
vt 0.689743 0.104698
vt 0.991405 0.052870
vt 0.810174 0.064464
vt 0.981657 0.011468
vt 0.840250 0.011429
vt 0.734207 0.056759
vt 0.693123 0.056174
vt 0.518060 0.096757
vt 0.575201 0.047645
vt 0.473165 0.043970
vt 0.716055 0.011396
vt 0.597290 0.011359
vt 0.510869 0.011322
vt 0.522475 0.164896
vt 0.485011 0.157654
vt 0.479927 0.107408
vt 0.445175 0.049232
vt 0.473366 0.225391
vt 0.579352 0.211659
vt 0.510849 0.252622
vt 0.597275 0.252464
vt 0.688056 0.203710
vt 0.716059 0.252303
vt 0.459430 0.138427
vt 0.448360 0.105872
vt 0.445220 0.217118
vt 0.468555 0.252667
vt 0.435264 0.252667
vt 0.710772 0.204691
vt 0.809314 0.993189
vt 0.844593 0.748486
vt 0.799681 0.766537
vt 0.795370 0.616810
vt 0.844460 0.624653
vt 0.796731 0.566457
vt 0.846052 0.573862
vt 0.737687 0.589384
vt 0.737679 0.566887
vt 0.737691 0.611583
vt 0.903594 0.595045
vt 0.902086 0.622902
vt 0.947494 0.615460
vt 0.947980 0.591500
vt 0.993009 0.611673
vt 0.993010 0.589483
vt 0.948583 0.568105
vt 0.993012 0.566905
vt 0.904969 0.574145
vt 0.939443 0.344499
vt 0.898532 0.361084
vt 0.993076 0.320695
vt 0.854260 0.365264
vt 0.915162 0.347050
vt 0.854851 0.350073
vt 0.993004 0.780156
vt 0.944441 0.769131
vt 0.900724 0.759988
vt 0.936461 0.995025
vt 0.880074 0.997653
vt 0.789589 0.353336
vt 0.737576 0.320774
vt 0.459999 0.699940
vt 0.421847 0.911548
vt 0.493482 0.874305
vt 0.334346 0.703269
vt 0.334346 0.906337
vt 0.574509 0.696105
vt 0.570429 0.874521
vt 0.490508 0.948126
vt 0.334346 0.965522
vt 0.365140 0.975937
vt 0.420117 0.965795
vt 0.650541 0.838561
vt 0.643075 0.892767
vt 0.726515 0.817051
vt 0.726515 0.703484
vt 0.726515 0.932364
vt 0.709975 0.959389
vt 0.635989 0.948441
vt 0.695226 0.983366
vt 0.579503 0.979625
vt 0.726515 0.978941
vt 0.572418 0.925007
vt 0.726515 0.610225
vt 0.575486 0.609180
vt 0.574131 0.447552
vt 0.726515 0.445670
vt 0.628909 0.318546
vt 0.561909 0.331279
vt 0.561667 0.289065
vt 0.629838 0.284131
vt 0.681244 0.268659
vt 0.726515 0.308737
vt 0.465542 0.609718
vt 0.497836 0.448231
vt 0.389955 0.608312
vt 0.424485 0.456931
vt 0.334346 0.436815
vt 0.434410 0.332167
vt 0.334346 0.318454
vt 0.382074 0.269755
vt 0.433481 0.285227
vt 0.501409 0.332846
vt 0.501652 0.290161
vt 0.532354 0.423067
vt 0.334346 0.607952
vt 0.079805 0.232283
vt 0.164710 0.210607
vt 0.122523 0.194649
vt 0.082536 0.195321
vt 0.065738 0.163787
vt 0.098907 0.148763
vt 0.061632 0.142152
vt 0.067395 0.121429
vt 0.123677 0.114515
vt 0.175785 0.114562
vt 0.094627 0.115280
vt 0.071940 0.113520
vt 0.035702 0.148111
vt 0.041923 0.132093
vt 0.020229 0.138299
vt 0.026355 0.125859
vt 0.005702 0.131286
vt 0.011940 0.118620
vt 0.124248 0.087244
vt 0.097369 0.085301
vt 0.124231 0.055219
vt 0.098622 0.055224
vt 0.124118 0.033753
vt 0.158367 0.040381
vt 0.164154 0.054336
vt 0.099739 0.035139
vt 0.171577 0.088395
vt 0.192231 0.080816
vt 0.172887 0.036601
vt 0.229659 0.051083
vt 0.207206 0.014433
vt 0.253565 0.037615
vt 0.259273 0.099604
vt 0.295568 0.088781
vt 0.225257 0.005464
vt 0.257519 0.214069
vt 0.210893 0.208562
vt 0.203087 0.112287
vt 0.256732 0.004405
vt 0.275505 0.029551
vt 0.296663 0.056271
vt 0.254448 0.243670
vt 0.287294 0.248875
vt 0.299549 0.220380
vt 0.323300 0.104611
vt 0.343328 0.116239
vt 0.349575 0.166371
vt 0.341191 0.234380
vt 0.379236 0.180734
vt 0.393815 0.198439
vt 0.369935 0.227020
vt 0.383913 0.245331
vt 0.408148 0.211617
vt 0.372524 0.153454
vt 0.406401 0.154959
vt 0.418570 0.170953
vt 0.432503 0.130104
vt 0.445823 0.142555
vt 0.433494 0.180403
vt 0.448844 0.163198
vt 0.412154 0.127150
vt 0.395815 0.139939
vt 0.325332 0.261049
vt 0.344700 0.051550
vt 0.359289 0.070966
vt 0.389947 0.045029
vt 0.374202 0.026325
vt 0.391323 0.064504
vt 0.369359 0.086828
vt 0.352694 0.023153
vt 0.330809 0.036634
vt 0.068269 0.054545
vt 0.088448 0.054365
vt 0.085147 0.033440
vt 0.068311 0.035581
vt 0.069129 0.082960
vt 0.091835 0.081384
vt 0.214759 0.239928
vt 0.170727 0.242683
vt 0.094294 0.262400
vt 0.737783 0.987757
vt 0.737708 0.780107
vt 0.274783 0.263290
vt 0.251897 0.284556
vt 0.265085 0.304716
vt 0.290410 0.280108
vt 0.230808 0.322133
vt 0.234686 0.293532
vt 0.317161 0.315098
vt 0.326877 0.296848
vt 0.247112 0.446506
vt 0.230894 0.421947
vt 0.204488 0.436013
vt 0.200804 0.450038
vt 0.202857 0.296193
vt 0.220949 0.280878
vt 0.186739 0.265822
vt 0.206200 0.254811
vt 0.152216 0.291162
vt 0.194174 0.426648
vt 0.177297 0.438725
vt 0.148125 0.271043
vt 0.109679 0.437051
vt 0.158639 0.453515
vt 0.110675 0.292890
vt 0.130164 0.279394
vt 0.048936 0.787641
vt 0.037433 0.823986
vt 0.095670 0.805101
vt 0.018334 0.795488
vt 0.001309 0.823986
vt 0.001309 0.828672
vt 0.001309 0.805245
vt 0.001309 0.793266
vt 0.072476 0.756292
vt 0.104842 0.722758
vt 0.009703 0.762035
vt 0.001309 0.770446
vt 0.001309 0.745864
vt 0.041600 0.754625
vt 0.045013 0.731461
vt 0.001309 0.728107
vt 0.001309 0.706350
vt 0.045012 0.704329
vt 0.000634 0.640415
vt 0.080537 0.664700
vt 0.172489 0.654188
vt 0.168984 0.731210
vt 0.146949 0.810560
vt 0.044855 0.876465
vt 0.134665 0.883862
vt 0.053879 0.921862
vt 0.230813 0.753236
vt 0.327296 0.709405
vt 0.289853 0.844016
vt 0.198004 0.819694
vt 0.222406 0.906637
vt 0.208321 0.985394
vt 0.032665 0.835220
vt 0.001309 0.884699
vt 0.068912 0.997425
vt 0.136690 0.961832
vt 0.001309 0.847491
vt 0.001309 0.839125
vt 0.041894 0.649915
vt 0.070649 0.583980
vt 0.103642 0.580263
vt 0.049090 0.502723
vt 0.103028 0.449168
vt 0.013527 0.576938
vt 0.001309 0.788851
vt 0.992969 0.987765
vt 0.232379 0.916718
vt 0.282941 0.969753
vt 0.311768 0.908112
vt 0.306313 0.933309
vt 0.220304 0.994415
vt 0.243005 0.989735
vt 0.222758 0.978624
vt 0.468563 0.011307
vt 0.435273 0.011298
s 1
usemtl enemy_tonnel
f 1/1/1 2/2/2 3/3/3
f 1/1/1 3/3/3 4/4/4
f 4/4/4 3/3/3 5/5/5
f 4/4/4 5/5/5 6/6/6
f 3/3/3 2/2/2 7/7/7
f 3/3/3 7/7/7 8/8/8
f 5/5/5 3/3/3 8/8/8
f 5/5/5 8/8/8 9/9/9
f 10/10/10 9/9/9 8/8/8
f 10/10/10 8/8/8 11/11/11
f 11/11/11 8/8/8 7/7/7
f 1/1/1 12/12/12 2/2/2
f 4/4/4 6/6/6 13/13/13
f 14/14/14 4/4/4 13/13/13
f 1/1/1 4/4/4 14/14/14
f 14/14/14 13/13/13 15/15/15
f 14/14/14 15/15/15 16/16/11
f 16/16/11 17/17/16 14/14/14
f 1/1/1 14/14/14 17/17/16
f 18/18/17 12/12/12 1/1/1
f 18/18/17 1/1/1 17/17/16
f 18/18/17 19/19/18 12/12/12
f 18/18/17 20/20/19 19/19/18
f 20/20/19 21/21/20 19/19/18
f 22/22/21 20/20/19 18/18/17
f 16/16/11 22/22/21 17/17/16
f 18/18/17 17/17/16 22/22/21
f 22/22/21 23/23/22 20/20/19
f 24/24/23 21/21/20 20/20/19
f 24/24/23 20/20/19 23/23/22
f 25/25/24 12/12/12 19/19/18
f 26/26/25 25/25/24 19/19/18
f 26/26/25 19/19/18 27/27/26
f 19/19/18 21/21/20 27/27/26
f 21/21/20 28/28/27 27/27/26
f 29/29/28 25/25/24 26/26/25
f 29/29/28 30/30/29 25/25/24
f 30/30/29 29/29/28 31/31/30
f 30/30/29 31/31/30 32/32/31
f 33/33/32 30/30/29 32/32/31
f 33/33/32 32/32/31 34/34/21
f 27/27/26 35/35/33 26/26/25
f 27/27/26 36/36/34 35/35/33
f 35/35/33 37/37/35 26/26/25
f 37/37/35 29/29/28 26/26/25
f 37/37/35 38/38/36 29/29/28
f 31/31/30 29/29/28 38/38/36
f 37/37/35 39/39/37 38/38/36
f 30/30/29 33/33/32 2/2/2
f 30/30/29 2/2/2 25/25/24
f 25/25/24 2/2/2 12/12/12
f 2/2/2 33/33/32 40/40/38
f 40/40/38 33/33/32 34/34/21
f 7/7/7 40/40/38 34/34/21
f 7/7/7 2/2/2 40/40/38
f 11/11/11 7/7/7 34/34/21
f 41/41/39 42/42/40 43/43/41
f 42/42/40 44/44/42 43/43/41
f 42/42/40 45/45/43 44/44/42
f 45/45/43 46/46/44 44/44/42
f 45/45/43 47/47/45 46/46/44
f 48/48/46 44/44/42 46/46/44
f 49/49/47 48/48/46 46/46/44
f 48/48/46 50/50/48 44/44/42
f 43/43/41 44/44/42 50/50/48
f 51/51/49 47/47/45 45/45/43
f 52/52/50 51/51/49 45/45/43
f 52/52/50 45/45/43 42/42/40
f 51/51/49 52/52/50 53/53/51
f 51/51/49 53/53/51 54/54/52
f 54/54/52 53/53/51 55/55/48
f 54/54/52 55/55/48 56/56/53
f 57/57/54 54/54/52 56/56/53
f 57/57/54 56/56/53 58/58/55
f 59/59/56 51/51/49 54/54/52
f 59/59/56 54/54/52 57/57/54
f 51/51/49 59/59/56 47/47/45
f 59/59/56 57/57/54 60/60/57
f 60/60/57 57/57/54 58/58/55
f 59/59/56 60/60/57 61/61/58
f 47/47/45 59/59/56 61/61/58
f 60/60/57 58/58/55 62/62/59
f 47/47/45 61/61/58 63/63/60
f 64/64/61 63/63/60 61/61/58
f 64/64/61 65/65/62 63/63/60
f 53/53/51 66/66/63 55/55/48
f 53/53/51 67/67/64 66/66/63
f 53/53/51 52/52/50 68/68/65
f 53/53/51 68/68/65 67/67/64
f 69/69/66 66/66/63 67/67/64
f 68/68/65 69/69/66 67/67/64
f 52/52/50 42/42/40 68/68/65
f 42/42/40 70/70/67 68/68/65
f 42/42/40 71/41/39 70/70/67
f 68/68/65 70/70/67 72/69/68
f 63/63/60 73/71/69 46/46/44
f 63/63/60 46/46/44 47/47/45
f 74/71/69 49/49/47 46/46/44
f 75/71/70 76/72/71 49/49/55
f 77/73/72 78/74/73 79/75/74
f 77/73/72 80/76/75 78/74/73
f 80/76/75 81/77/76 78/74/73
f 79/75/74 82/78/77 77/73/72
f 79/75/74 83/79/78 82/78/77
f 79/75/74 78/74/73 84/80/59
f 78/74/73 81/77/76 85/81/61
f 78/74/73 85/81/61 86/82/58
f 86/82/58 87/83/57 78/74/73
f 78/74/73 87/83/57 84/80/59
f 82/78/77 83/79/78 88/84/79
f 89/85/80 88/84/79 83/79/78
f 89/85/80 90/86/81 88/84/79
f 91/87/82 88/84/79 90/86/81
f 91/87/82 82/78/77 88/84/79
f 92/88/83 90/86/81 89/85/80
f 92/88/83 89/85/80 93/89/84
f 89/85/80 94/90/85 93/89/84
f 93/89/84 94/90/85 95/91/86
f 94/90/85 89/85/80 96/92/70
f 97/93/62 92/88/83 93/89/84
f 98/93/87 93/89/84 95/91/86
f 89/85/80 83/79/78 99/94/88
f 89/85/80 99/94/88 96/92/70
f 99/94/88 83/79/78 79/75/74
f 99/94/88 79/75/74 84/80/59
f 100/92/70 99/94/88 84/80/59
f 94/90/85 101/92/70 95/91/86
f 91/87/82 102/95/89 103/96/90
f 91/87/82 103/96/90 82/78/77
f 102/95/89 104/97/91 103/96/90
f 102/95/89 105/98/92 104/97/91
f 105/98/92 106/99/93 104/97/91
f 107/100/35 104/97/91 106/99/93
f 106/99/93 108/101/94 107/100/35
f 106/99/93 109/102/95 108/101/94
f 110/103/96 109/102/95 106/99/93
f 106/99/93 111/104/97 110/103/96
f 105/98/92 111/104/97 106/99/93
f 77/73/72 82/78/77 103/96/90
f 77/73/72 103/96/90 112/105/98
f 113/106/99 112/105/98 103/96/90
f 113/106/99 103/96/90 104/97/91
f 113/106/99 114/107/100 112/105/98
f 77/73/72 112/105/98 114/107/100
f 113/106/99 115/108/101 114/107/100
f 115/108/101 116/109/102 114/107/100
f 116/109/102 115/108/101 117/110/103
f 117/110/103 115/108/101 113/106/99
f 116/109/102 117/110/103 118/111/104
f 117/110/103 119/112/105 118/111/104
f 117/110/103 120/113/106 119/112/105
f 120/113/106 117/110/103 121/114/107
f 120/113/106 121/114/107 122/115/108
f 77/73/72 114/107/100 80/76/75
f 117/110/103 113/106/99 123/116/109
f 117/110/103 123/116/109 121/114/107
f 80/76/75 114/107/100 124/117/110
f 114/107/100 116/109/102 124/117/110
f 125/118/111 126/119/112 127/120/113
f 128/121/114 125/118/111 127/120/113
f 127/120/113 129/122/115 128/121/114
f 127/120/113 130/123/116 129/122/115
f 129/122/115 130/123/116 131/124/117
f 130/123/116 132/125/118 131/124/117
f 133/126/119 130/123/116 127/120/113
f 127/120/113 134/127/120 133/126/119
f 130/123/116 133/126/119 135/128/121
f 130/123/116 135/128/121 132/125/118
f 135/128/121 136/129/122 132/125/118
f 137/130/123 129/122/115 131/124/117
f 137/130/123 131/124/117 138/131/124
f 139/132/125 137/130/123 138/131/124
f 139/132/125 138/131/124 140/133/126
f 141/134/127 139/132/125 140/133/126
f 141/134/127 140/133/126 142/135/128
f 135/128/121 133/126/119 143/136/129
f 135/128/121 143/136/129 144/137/130
f 144/137/130 143/136/129 145/138/131
f 144/137/130 145/138/131 146/139/132
f 145/138/131 147/140/133 146/139/132
f 148/141/134 147/140/133 145/138/131
f 149/142/135 148/141/134 145/138/131
f 143/136/129 149/142/135 145/138/131
f 147/140/133 150/143/136 146/139/132
f 143/136/129 151/144/137 149/142/135
f 152/145/138 153/146/134 149/142/139
f 154/147/140 153/146/134 152/145/138
f 154/147/140 155/148/133 153/146/134
f 156/149/141 155/148/133 154/147/140
f 157/150/142 156/149/141 154/147/140
f 154/147/140 152/145/138 157/150/142
f 157/150/142 158/151/143 156/149/141
f 156/149/141 159/152/136 155/148/133
f 158/151/143 157/150/142 160/153/144
f 157/150/142 161/154/145 160/153/144
f 157/150/142 162/155/146 161/154/145
f 152/145/138 162/155/146 157/150/142
f 162/155/146 152/145/138 163/144/147
f 164/127/120 162/155/146 163/144/147
f 161/154/145 162/155/146 164/127/120
f 156/149/141 165/156/148 159/152/136
f 156/149/141 166/157/130 165/156/148
f 167/151/143 166/157/130 156/149/141
f 167/151/143 168/158/121 166/157/130
f 126/119/149 161/154/145 164/127/120
f 161/154/145 169/159/150 160/153/144
f 170/160/13 160/153/144 169/159/150
f 170/160/13 171/161/151 160/153/144
f 172/151/152 160/153/144 171/161/151
f 173/162/153 172/151/152 171/161/151
f 171/161/151 174/163/122 173/162/153
f 171/161/151 175/164/154 174/163/122
f 171/161/151 176/165/155 175/164/154
f 170/160/13 176/165/155 171/161/151
f 177/166/156 175/164/154 176/165/155
f 176/165/155 178/167/157 177/166/156
f 176/165/155 179/168/158 178/167/157
f 180/169/114 179/168/158 176/165/155
f 178/167/157 179/168/158 180/169/114
f 178/167/157 180/169/114 181/170/159
f 177/166/156 182/171/160 175/164/154
f 178/167/157 183/172/161 177/166/156
f 178/167/157 184/173/162 183/172/161
f 181/170/159 184/173/162 178/167/157
f 184/173/162 185/174/163 183/172/161
f 184/173/162 186/175/127 185/174/163
f 181/170/159 187/176/123 184/173/162
f 187/176/123 186/175/127 184/173/162
f 187/176/123 188/177/164 186/175/127
f 189/178/165 183/172/161 185/174/163
f 189/178/165 190/179/166 183/172/161
f 190/179/166 182/171/160 177/166/156
f 190/179/166 177/166/156 183/172/161
f 170/160/13 191/180/167 176/165/155
f 192/181/168 193/182/169 194/183/170
f 192/181/168 194/183/170 195/184/171
f 172/151/152 193/182/169 192/181/168
f 172/151/152 173/162/153 193/182/169
f 193/182/169 196/185/172 194/183/170
f 193/182/169 197/186/173 196/185/172
f 173/162/153 197/186/173 193/182/169
f 173/162/153 174/163/122 197/186/173
f 192/181/168 195/184/171 198/187/174
f 192/181/168 198/187/174 199/188/175
f 200/151/143 192/181/168 199/188/175
f 200/151/143 199/188/175 201/158/176
f 202/144/177 152/145/178 203/142/179
f 133/126/119 134/127/120 151/144/180
f 133/126/119 204/144/137 143/136/129
f 205/189/172 206/190/174 207/191/181
f 205/189/172 207/191/181 208/192/182
f 209/193/173 206/190/174 205/189/172
f 209/193/173 210/194/183 206/190/174
f 135/128/121 210/194/183 209/193/173
f 136/129/122 135/128/121 209/193/173
f 126/119/112 211/127/184 127/120/113
f 161/154/145 212/195/9 169/159/150
f 213/119/112 212/195/9 161/154/145
f 213/119/112 214/196/185 212/195/9
f 215/197/6 214/196/185 213/119/112
f 215/197/6 213/119/112 125/118/186
f 216/198/187 217/41/188 43/43/41
f 216/198/187 43/43/41 218/199/189
f 218/199/189 43/43/41 50/50/48
f 219/200/188 220/201/187 221/202/190
f 219/200/188 221/202/190 222/203/191
f 220/201/187 223/204/192 221/202/190
f 220/201/187 224/205/193 223/204/192
f 221/202/190 225/206/194 222/203/191
f 222/203/191 225/206/194 226/207/195
f 221/202/190 227/208/196 225/206/194
f 221/202/190 223/204/192 228/209/197
f 221/202/190 228/209/197 227/208/196
f 229/210/198 227/208/196 228/209/197
f 223/204/192 229/210/198 228/209/197
f 229/210/198 230/211/199 227/208/196
f 223/204/192 231/212/200 229/210/198
f 232/205/201 231/212/200 223/204/192
f 232/205/201 233/213/67 231/212/200
f 233/213/67 234/214/191 231/212/200
f 233/213/67 235/215/39 234/214/191
f 234/214/191 236/216/202 231/212/200
f 231/212/200 237/217/203 229/210/198
f 237/217/203 231/212/200 238/218/204
f 229/210/198 237/217/203 238/218/204
f 229/210/198 238/218/204 230/211/199
f 231/212/200 236/216/202 238/218/204
f 234/214/191 239/219/205 240/216/202
f 241/220/206 242/221/199 243/218/207
f 244/222/194 241/220/206 243/218/207
f 244/222/194 243/218/207 245/216/202
f 246/223/205 244/222/194 245/216/202
f 247/224/208 248/225/209 249/226/210
f 247/224/208 250/227/211 248/225/209
f 250/227/211 251/228/212 248/225/209
f 252/229/213 248/225/209 251/228/212
f 251/228/212 250/227/211 253/230/214
f 253/230/214 250/227/211 254/231/215
f 249/226/210 255/232/216 247/224/208
f 249/226/210 256/233/217 255/232/216
f 250/227/211 247/224/208 257/234/218
f 258/235/219 250/227/211 257/234/218
f 258/235/219 257/234/218 259/236/220
f 247/224/208 260/237/221 257/234/218
f 247/224/208 255/232/216 260/237/221
f 261/238/222 259/236/220 257/234/218
f 257/234/218 260/237/221 261/238/222
f 260/237/221 255/232/216 261/238/222
f 255/232/216 256/233/217 261/238/222
f 259/236/220 261/238/222 262/239/223
f 262/239/223 261/238/222 263/240/224
f 261/238/222 264/241/225 263/240/224
f 256/233/217 264/241/225 261/238/222
f 263/240/224 264/241/225 265/242/226
f 266/243/227 264/241/225 256/233/217
f 266/243/227 256/233/217 267/244/228
f 256/233/217 268/245/229 267/244/228
f 249/226/210 268/245/229 256/233/217
f 249/226/210 269/246/230 268/245/229
f 270/247/231 269/246/230 249/226/210
f 270/247/231 271/248/232 269/246/230
f 270/247/231 272/249/233 271/248/232
f 268/245/229 273/250/234 267/244/228
f 269/246/230 273/250/234 268/245/229
f 274/251/235 267/244/228 273/250/234
f 274/251/235 273/250/234 275/252/236
f 275/252/236 273/250/234 276/253/237
f 271/248/232 276/253/237 269/246/230
f 269/246/230 276/253/237 273/250/234
f 275/252/236 276/253/237 277/254/238
f 271/248/232 278/254/238 276/253/237
f 279/255/239 278/254/238 271/248/232
f 270/247/231 249/226/210 280/256/240
f 281/257/241 270/247/231 280/256/240
f 270/247/231 281/257/241 282/249/233
f 282/249/233 283/258/242 271/248/243
f 283/258/242 284/259/244 271/248/243
f 285/260/245 281/257/241 280/256/240
f 286/261/246 285/260/245 280/256/240
f 287/259/247 288/255/248 271/248/249
f 289/248/250 290/253/251 278/254/252
f 289/248/250 291/246/253 290/253/251
f 292/247/254 291/246/253 289/248/250
f 292/247/254 289/248/250 293/249/233
f 292/247/254 294/226/255 291/246/253
f 294/226/255 295/245/256 291/246/253
f 294/226/255 296/233/257 295/245/256
f 294/226/255 297/232/258 296/233/257
f 294/226/255 298/224/259 297/232/258
f 298/224/259 294/226/255 299/225/260
f 298/224/259 299/225/260 300/227/261
f 300/227/261 299/225/260 301/228/262
f 302/229/213 301/228/262 299/225/260
f 301/228/262 303/230/214 300/227/261
f 303/230/214 304/231/263 300/227/261
f 300/227/261 305/234/264 298/224/259
f 306/235/265 305/234/264 300/227/261
f 306/235/265 307/236/266 305/234/264
f 298/224/259 305/234/264 308/237/267
f 298/224/259 308/237/267 297/232/258
f 309/238/268 305/234/264 307/236/266
f 305/234/264 309/238/268 308/237/267
f 308/237/267 309/238/268 297/232/258
f 297/232/258 309/238/268 296/233/257
f 307/236/266 310/239/223 309/238/268
f 310/239/223 311/240/224 309/238/268
f 309/238/268 311/240/224 312/241/269
f 296/233/257 309/238/268 312/241/269
f 313/243/270 296/233/257 312/241/269
f 313/243/270 314/244/271 296/233/257
f 296/233/257 314/244/271 295/245/256
f 295/245/256 314/244/271 315/250/272
f 316/251/235 315/250/272 314/244/271
f 316/251/235 317/252/273 315/250/272
f 317/252/273 290/253/251 315/250/272
f 317/252/273 318/254/252 290/253/251
f 291/246/253 295/245/256 315/250/272
f 291/246/253 315/250/272 290/253/251
f 313/243/270 312/241/269 319/262/274
f 319/262/274 320/263/275 313/243/270
f 313/243/270 320/263/275 321/264/276
f 321/264/276 320/263/275 322/265/277
f 322/265/277 323/266/235 321/264/276
f 319/262/274 312/241/269 324/242/226
f 320/263/275 319/262/274 324/242/226
f 311/240/224 324/242/226 312/241/269
f 320/263/275 324/242/226 325/267/278
f 326/265/279 320/263/275 325/267/278
f 327/265/277 328/264/280 323/266/281
f 328/264/280 327/265/277 329/263/282
f 266/243/227 328/264/280 329/263/282
f 330/262/283 266/243/227 329/263/282
f 266/243/227 330/262/283 264/241/225
f 330/262/283 265/242/226 264/241/225
f 329/263/282 265/242/226 330/262/283
f 329/263/282 331/267/284 265/242/226
f 332/265/279 331/267/284 329/263/282
f 333/231/285 250/227/211 334/268/286
f 250/227/211 335/235/265 334/268/286
f 333/231/285 334/268/286 300/227/287
f 300/227/287 334/268/286 335/235/265
f 336/69/66 337/269/288 66/66/189
f 338/270/289 339/271/290 340/272/213
f 339/271/290 341/273/291 340/272/213
f 342/274/292 343/275/293 344/276/294
f 343/275/293 345/271/295 344/276/294
f 346/270/296 344/276/294 345/271/295
f 347/277/297 348/278/37 21/21/20
f 24/24/23 347/277/297 21/21/20
f 348/278/37 28/28/27 21/21/20
f 349/1/298 350/4/299 351/3/300
f 349/1/298 351/3/300 352/2/301
f 350/4/299 353/5/302 351/3/300
f 350/4/299 354/6/303 353/5/302
f 351/3/300 355/7/304 352/2/301
f 351/3/300 356/8/305 355/7/304
f 353/5/302 356/8/305 351/3/300
f 353/5/302 357/9/306 356/8/305
f 358/10/307 356/8/305 357/9/306
f 358/10/307 359/11/308 356/8/305
f 359/11/308 355/7/304 356/8/305
f 349/1/298 352/2/301 360/12/309
f 350/4/299 361/13/310 354/6/303
f 362/14/311 361/13/310 350/4/299
f 349/1/298 362/14/311 350/4/299
f 362/14/311 363/15/312 361/13/310
f 362/14/311 364/16/308 363/15/312
f 364/16/308 362/14/311 365/17/313
f 349/1/298 365/17/313 362/14/311
f 366/18/314 365/17/313 349/1/298
f 366/18/314 349/1/298 360/12/309
f 366/18/314 360/12/309 367/19/315
f 366/18/314 367/19/315 368/20/316
f 368/20/316 367/19/315 369/21/317
f 370/22/318 366/18/314 368/20/316
f 364/16/308 365/17/313 370/22/318
f 366/18/314 370/22/318 365/17/313
f 370/22/318 368/20/316 371/23/319
f 372/24/320 368/20/316 369/21/317
f 372/24/320 371/23/319 368/20/316
f 373/25/321 367/19/315 360/12/309
f 374/26/322 367/19/315 373/25/321
f 374/26/322 375/27/323 367/19/315
f 367/19/315 375/27/323 369/21/317
f 369/21/317 375/27/323 376/28/324
f 377/29/325 374/26/322 373/25/321
f 377/29/325 373/25/321 378/30/326
f 378/30/326 379/31/320 377/29/325
f 378/30/326 380/32/327 379/31/320
f 381/33/328 380/32/327 378/30/326
f 381/33/328 382/34/318 380/32/327
f 375/27/323 374/26/322 383/35/329
f 375/27/323 383/35/329 384/36/330
f 383/35/329 374/26/322 385/37/331
f 385/37/331 374/26/322 377/29/325
f 385/37/331 377/29/325 386/38/332
f 379/31/320 386/38/332 377/29/325
f 385/37/331 386/38/332 387/39/333
f 378/30/326 352/2/301 381/33/328
f 378/30/326 373/25/321 352/2/301
f 373/25/321 360/12/309 352/2/301
f 352/2/301 388/40/334 381/33/328
f 388/40/334 382/34/318 381/33/328
f 355/7/304 382/34/318 388/40/334
f 355/7/304 388/40/334 352/2/301
f 359/11/308 382/34/318 355/7/304
f 389/41/335 390/43/336 391/42/337
f 391/42/337 390/43/336 392/44/338
f 391/42/337 392/44/338 393/45/339
f 393/45/339 392/44/338 394/46/340
f 393/45/339 394/46/340 395/47/341
f 396/48/342 394/46/340 392/44/338
f 397/49/343 394/46/340 396/48/342
f 396/48/342 392/44/338 398/50/344
f 390/43/336 398/50/344 392/44/338
f 399/51/345 393/45/339 395/47/341
f 400/52/346 393/45/339 399/51/345
f 400/52/346 391/42/337 393/45/339
f 399/51/345 401/53/347 400/52/346
f 399/51/345 402/54/348 401/53/347
f 402/54/348 403/55/349 401/53/347
f 402/54/348 404/56/342 403/55/349
f 405/57/350 404/56/342 402/54/348
f 405/57/350 406/58/351 404/56/342
f 407/59/352 405/57/350 402/54/348
f 407/59/352 402/54/348 399/51/345
f 399/51/345 395/47/341 407/59/352
f 407/59/352 408/60/353 405/57/350
f 408/60/353 406/58/351 405/57/350
f 407/59/352 409/61/354 408/60/353
f 395/47/341 409/61/354 407/59/352
f 408/60/353 410/62/355 406/58/351
f 395/47/341 411/63/356 409/61/354
f 401/53/347 403/55/349 412/66/357
f 401/53/347 412/66/357 413/67/358
f 401/53/347 414/68/359 400/52/346
f 401/53/347 413/67/358 414/68/359
f 415/69/360 413/67/358 412/66/357
f 414/68/359 413/67/358 415/69/360
f 400/52/346 414/68/359 391/42/337
f 391/42/337 414/68/359 416/70/361
f 391/42/337 416/70/361 417/41/335
f 414/68/359 418/69/362 416/70/361
f 419/64/363 409/61/354 420/63/356
f 419/64/363 420/63/356 421/65/62
f 411/63/356 394/46/340 422/71/364
f 411/63/356 395/47/341 394/46/340
f 423/71/364 394/46/340 397/49/343
f 424/71/364 397/49/365 425/72/366
f 426/73/367 427/75/368 428/74/369
f 426/73/367 428/74/369 429/76/75
f 429/76/75 428/74/369 430/77/76
f 427/75/368 426/73/367 431/78/370
f 427/75/368 431/78/370 432/79/371
f 428/74/369 427/75/368 433/80/355
f 428/74/369 433/80/355 434/83/372
f 435/82/354 428/74/369 434/83/372
f 428/74/369 436/81/61 430/77/76
f 428/74/369 435/82/354 436/81/61
f 437/94/373 433/80/355 427/75/368
f 437/94/373 427/75/368 432/79/371
f 438/92/364 433/80/355 437/94/373
f 439/85/374 437/94/373 432/79/371
f 437/94/373 439/85/374 440/92/375
f 439/85/374 432/79/371 441/84/376
f 431/78/370 441/84/376 432/79/371
f 439/85/374 441/84/376 442/86/81
f 443/87/82 442/86/81 441/84/376
f 443/87/82 441/84/376 431/78/370
f 444/88/83 439/85/374 442/86/81
f 444/88/83 445/89/377 439/85/374
f 439/85/374 445/89/377 446/90/378
f 439/85/374 446/90/378 440/92/375
f 446/90/378 445/89/377 447/91/379
f 448/92/380 446/90/378 447/91/379
f 449/93/381 445/89/377 444/88/83
f 450/93/62 447/91/379 445/89/377
f 443/87/82 431/78/370 451/96/382
f 443/87/82 451/96/382 452/95/89
f 452/95/89 451/96/382 453/97/329
f 452/95/89 453/97/329 454/98/383
f 454/98/383 453/97/329 455/99/384
f 456/100/385 455/99/384 453/97/329
f 455/99/384 456/100/385 457/101/333
f 455/99/384 457/101/333 458/102/386
f 459/103/387 455/99/384 458/102/386
f 455/99/384 459/103/387 460/104/97
f 454/98/383 455/99/384 460/104/97
f 426/73/367 451/96/382 431/78/370
f 426/73/367 461/105/388 451/96/382
f 462/106/389 453/97/329 451/96/382
f 462/106/389 451/96/382 461/105/388
f 462/106/389 461/105/388 463/107/390
f 426/73/367 463/107/390 461/105/388
f 462/106/389 463/107/390 464/108/391
f 464/108/391 463/107/390 465/109/392
f 465/109/392 466/110/393 464/108/391
f 466/110/393 462/106/389 464/108/391
f 465/109/392 467/111/104 466/110/393
f 466/110/393 467/111/104 468/112/394
f 466/110/393 468/112/394 469/113/395
f 469/113/395 470/114/324 466/110/393
f 469/113/395 471/115/396 470/114/324
f 426/73/367 429/76/75 463/107/390
f 466/110/393 472/116/397 462/106/389
f 466/110/393 470/114/324 472/116/397
f 429/76/75 473/117/110 463/107/390
f 463/107/390 473/117/110 465/109/392
f 474/118/398 475/120/399 476/119/400
f 477/121/401 475/120/399 474/118/398
f 475/120/399 477/121/401 478/122/402
f 475/120/399 478/122/402 479/123/403
f 478/122/402 480/124/404 479/123/403
f 479/123/403 480/124/404 481/125/405
f 482/126/406 475/120/399 479/123/403
f 475/120/399 482/126/406 483/127/407
f 479/123/403 484/128/408 482/126/406
f 479/123/403 481/125/405 484/128/408
f 484/128/408 481/125/405 485/129/409
f 486/130/410 480/124/404 478/122/402
f 486/130/410 487/131/411 480/124/404
f 488/132/412 487/131/411 486/130/410
f 488/132/412 489/133/413 487/131/411
f 490/134/414 489/133/413 488/132/412
f 490/134/414 491/135/415 489/133/413
f 484/128/408 492/136/416 482/126/406
f 484/128/408 493/137/417 492/136/416
f 493/137/417 494/138/418 492/136/416
f 493/137/417 495/139/419 494/138/418
f 494/138/418 495/139/419 496/140/420
f 497/141/421 494/138/418 496/140/420
f 498/142/422 494/138/418 497/141/421
f 492/136/416 494/138/418 498/142/422
f 496/140/420 495/139/419 499/143/423
f 492/136/416 498/142/422 500/144/424
f 501/145/425 498/142/426 502/146/421
f 503/147/427 501/145/425 502/146/421
f 503/147/427 502/146/421 504/148/420
f 505/149/428 503/147/427 504/148/420
f 506/150/429 503/147/427 505/149/428
f 503/147/427 506/150/429 501/145/425
f 506/150/429 505/149/428 507/151/430
f 505/149/428 504/148/420 508/152/423
f 507/151/430 509/153/431 506/150/429
f 506/150/429 509/153/431 510/154/432
f 506/150/429 510/154/432 511/155/433
f 501/145/425 506/150/429 511/155/433
f 511/155/433 512/144/434 501/145/425
f 513/127/407 512/144/434 511/155/433
f 510/154/432 513/127/407 511/155/433
f 505/149/428 508/152/423 514/156/435
f 505/149/428 514/156/435 515/157/417
f 516/151/436 505/149/428 515/157/417
f 516/151/436 515/157/417 517/158/408
f 476/119/437 513/127/407 510/154/432
f 510/154/432 509/153/431 518/159/312
f 519/160/310 518/159/312 509/153/431
f 519/160/310 509/153/431 520/161/438
f 521/151/430 520/161/438 509/153/431
f 522/162/439 520/161/438 521/151/430
f 520/161/438 522/162/439 523/163/409
f 520/161/438 523/163/409 524/164/440
f 520/161/438 524/164/440 525/165/441
f 519/160/310 520/161/438 525/165/441
f 526/166/442 525/165/441 524/164/440
f 525/165/441 526/166/442 527/167/443
f 525/165/441 527/167/443 528/168/444
f 529/169/445 525/165/441 528/168/444
f 527/167/443 529/169/445 528/168/444
f 527/167/443 530/170/446 529/169/445
f 526/166/442 524/164/440 531/171/447
f 527/167/443 526/166/442 532/172/448
f 527/167/443 532/172/448 533/173/449
f 530/170/446 527/167/443 533/173/449
f 533/173/449 532/172/448 534/174/450
f 533/173/449 534/174/450 535/175/414
f 530/170/446 533/173/449 536/176/410
f 536/176/410 533/173/449 535/175/414
f 536/176/410 535/175/414 537/177/451
f 538/178/452 534/174/450 532/172/448
f 538/178/452 532/172/448 539/179/453
f 539/179/453 532/172/448 526/166/442
f 539/179/453 526/166/442 531/171/447
f 519/160/310 525/165/441 540/180/454
f 541/181/455 542/183/456 543/182/457
f 541/181/455 544/184/458 542/183/456
f 521/151/430 541/181/455 543/182/457
f 521/151/430 543/182/457 522/162/439
f 543/182/457 542/183/456 545/185/459
f 543/182/457 545/185/459 546/186/460
f 522/162/439 543/182/457 546/186/460
f 522/162/439 546/186/460 523/163/409
f 541/181/455 547/187/461 544/184/458
f 541/181/455 548/188/462 547/187/461
f 549/151/430 548/188/462 541/181/455
f 549/151/430 550/158/408 548/188/462
f 551/144/463 552/142/464 501/145/465
f 482/126/406 500/144/434 483/127/407
f 482/126/406 492/136/416 553/144/424
f 554/189/466 555/191/458 556/190/461
f 554/189/466 557/192/467 555/191/458
f 558/193/460 554/189/466 556/190/461
f 558/193/460 556/190/461 559/194/468
f 484/128/408 558/193/460 559/194/468
f 485/129/409 558/193/460 484/128/408
f 476/119/400 475/120/399 560/127/469
f 476/119/437 510/154/432 561/195/470
f 510/154/432 518/159/312 561/195/470
f 562/119/471 561/195/470 563/196/472
f 564/197/473 562/119/471 563/196/472
f 564/197/473 474/118/441 562/119/471
f 565/198/474 390/43/336 566/41/475
f 565/198/474 567/199/476 390/43/336
f 567/199/476 398/50/344 390/43/336
f 568/200/335 569/203/477 570/202/478
f 568/200/335 570/202/478 571/201/479
f 571/201/479 570/202/478 572/204/480
f 571/201/479 572/204/480 573/205/360
f 570/202/478 569/203/477 574/206/481
f 569/203/477 575/207/482 574/206/481
f 570/202/478 574/206/481 576/208/483
f 570/202/478 577/209/484 572/204/480
f 570/202/478 576/208/483 577/209/484
f 578/210/485 577/209/484 576/208/483
f 572/204/480 577/209/484 578/210/485
f 578/210/485 576/208/483 579/211/486
f 572/204/480 578/210/485 580/212/487
f 581/205/362 572/204/480 580/212/487
f 581/205/362 580/212/487 582/213/361
f 582/213/361 580/212/487 583/214/488
f 582/213/361 583/214/488 584/215/335
f 583/214/488 580/212/487 585/216/489
f 580/212/487 578/210/485 586/217/490
f 586/217/490 587/218/491 580/212/487
f 578/210/485 587/218/491 586/217/490
f 578/210/485 579/211/486 587/218/491
f 580/212/487 587/218/491 585/216/489
f 583/214/488 588/216/492 589/219/482
f 590/220/493 591/218/494 592/221/486
f 593/222/495 591/218/494 590/220/493
f 593/222/495 594/216/489 591/218/494
f 595/223/482 594/216/489 593/222/495
f 292/247/254 596/249/233 597/257/241
f 597/257/241 598/256/496 292/247/254
f 599/260/245 598/256/496 597/257/241
f 600/261/246 598/256/496 599/260/245
f 292/247/254 598/256/496 294/226/255
f 596/249/497 289/248/498 601/258/104
f 601/258/104 289/248/498 602/259/499
f 603/259/394 289/248/500 604/255/248
f 605/255/248 289/248/250 278/254/252
f 606/69/360 412/66/476 607/269/479
f 608/270/289 609/272/501 610/271/502
f 610/271/502 609/272/501 611/273/503
f 612/274/292 613/276/504 614/275/505
f 614/275/505 613/276/504 615/271/255
f 616/270/289 615/271/255 613/276/504
f 617/277/506 369/21/317 618/278/507
f 372/24/320 369/21/317 617/277/506
f 618/278/507 369/21/317 376/28/324
o Object_33.001
v 0.341047 1.759281 -0.236422
v 0.289393 1.752609 -0.288189
v 0.500098 1.471290 -0.198899
v 0.522195 1.518066 -0.129120
v 0.583290 1.367930 -0.149859
v 0.604972 1.413829 -0.081393
v 0.346783 1.747183 -0.369889
v 0.486163 1.577585 -0.287132
v 0.622522 1.387273 -0.172223
v 0.650502 1.418205 -0.147928
v 0.519845 1.618353 -0.249889
v 0.344240 1.748704 -0.241097
v 0.643086 1.430801 -0.107289
v 0.469907 1.680610 -0.199417
v 0.650502 1.418205 -0.147928
v 0.519845 1.618353 -0.249889
v 0.407479 1.785284 -0.264793
v 0.412840 1.766759 -0.276384
v 0.404067 1.978558 -0.012023
v 0.469048 1.928231 -0.139635
v 0.510098 2.092482 -0.021891
v 0.400787 1.790024 -0.348776
v 0.439473 1.949245 -0.211766
v 0.476156 2.079638 -0.122579
v 0.299443 2.060338 -0.094433
v 0.303482 2.114817 -0.021594
v 0.388103 2.035645 0.059348
v 0.421356 2.116644 0.093908
v 0.439024 2.169454 -0.101366
v 0.371418 2.001459 -0.213151
v 0.476156 2.079638 -0.122579
v 0.439473 1.949245 -0.211766
v 0.326396 1.809884 -0.359080
v 0.400787 1.790024 -0.348776
v 0.351555 2.108796 -0.104934
v 0.331471 2.004440 -0.005051
v 0.424425 2.227062 0.013712
v 0.485617 2.140100 -0.073331
v 0.431945 2.184426 0.063732
v 0.335951 1.778226 -0.365597
v -0.181364 -0.014417 -0.239868
v -0.143840 0.479727 -0.213200
v -0.058507 0.429411 -0.239513
v 0.006330 0.722443 -0.168891
v -0.085681 0.720683 -0.153485
v 0.013199 0.792371 -0.180643
v -0.080841 0.791348 -0.153349
v 0.064120 0.769481 -0.063523
v 0.070218 0.831085 -0.077073
v 0.054401 0.710685 -0.069691
v -0.090876 0.774134 -0.032753
v -0.103087 0.708057 -0.046569
v -0.018174 0.704468 -0.016672
v -0.006055 0.773235 -0.006762
v 0.054401 0.710685 -0.069691
v 0.064120 0.769481 -0.063523
v 0.001951 0.843454 -0.018431
v 0.070218 0.831085 -0.077073
v -0.084715 0.827682 -0.040626
v 0.054685 1.286334 -0.141813
v -0.051187 1.307916 -0.202503
v 0.114325 1.309932 -0.240872
v -0.068726 1.261746 -0.371925
v -0.122316 1.306973 -0.197711
v -0.113095 1.320270 -0.386352
v -0.003876 0.381427 -0.126626
v -0.072960 0.405663 -0.059084
v -0.145598 0.440585 -0.098544
v -0.162640 -0.029306 -0.114017
v -0.213681 -0.017196 -0.155826
v -0.181364 -0.014417 -0.239868
v -0.162640 -0.029306 -0.114017
v 0.087620 1.211723 -0.383011
v 0.087620 1.211723 -0.383011
v 0.087620 1.211723 -0.383011
v 0.114325 1.309932 -0.240872
v 0.121076 1.714769 -0.108274
v 0.044860 1.396515 -0.136398
v 0.128346 1.432106 -0.211686
v -0.056942 1.727714 -0.008693
v -0.109741 1.395920 -0.123860
v 0.158830 1.744817 -0.257291
v 0.137738 1.460949 -0.360653
v 0.114325 1.309932 -0.240872
v -0.122316 1.306973 -0.197711
v -0.051187 1.307916 -0.202503
v 0.054685 1.286334 -0.141813
v 0.063413 1.543355 -0.388771
v 0.062595 1.454052 -0.426608
v -0.065365 1.600318 -0.375232
v -0.034452 1.789691 -0.330654
v -0.096863 1.407732 -0.418934
v -0.071296 1.358418 -0.435244
v 0.059013 1.357680 -0.440449
v -0.068726 1.261746 -0.371925
v 0.087620 1.211723 -0.383011
v -0.113095 1.320270 -0.386352
v -0.113095 1.320270 -0.386352
v 0.137140 1.417918 -0.369697
v 0.087620 1.211723 -0.383011
v 0.087620 1.211723 -0.383011
v -0.001468 2.017230 -0.232838
v 0.193322 1.909090 -0.240423
v 0.351555 2.108796 -0.104934
v 0.097102 2.254639 -0.089172
v 0.333566 2.299420 0.063190
v 0.424425 2.227062 0.013712
v 0.431945 2.184426 0.063732
v 0.332521 2.224259 0.114441
v 0.255992 2.273602 0.180657
v 0.175714 2.344293 0.134791
v 0.167560 1.796970 -0.120850
v 0.331471 2.004440 -0.005051
v 0.083066 1.769599 -0.034950
v 0.214372 1.949581 0.085302
v 0.093479 1.988802 0.187671
v 0.320937 2.162812 0.151601
v 0.166467 2.225657 0.227056
v 0.255992 2.273602 0.180657
v 0.332521 2.224259 0.114441
v 0.421356 2.116644 0.093908
v 0.431945 2.184426 0.063732
v 0.388103 2.035645 0.059348
v -0.008073 1.772314 0.008824
v 0.640360 1.370429 -0.051064
v 0.587361 1.377501 -0.134325
v 0.610652 1.347649 -0.102018
v 0.605420 1.341165 -0.059753
v 0.612558 1.299041 -0.048139
v 0.620967 1.297248 -0.089197
v 0.634470 1.277632 -0.052892
v 0.659306 1.292784 -0.060549
v 0.641370 1.249998 -0.132255
v 0.590047 1.267026 -0.170273
v 0.665621 1.245298 -0.101044
v 0.684406 1.241814 -0.076122
v 0.609706 1.251869 -0.041658
v 0.633247 1.247490 -0.045112
v 0.609498 1.226399 -0.045739
v 0.628885 1.224346 -0.046783
v 0.608158 1.208410 -0.031940
v 0.627898 1.206321 -0.033008
v 0.620917 1.221299 -0.122362
v 0.639902 1.209910 -0.092943
v 0.593204 1.211501 -0.102792
v 0.611681 1.205825 -0.075925
v 0.580423 1.186730 -0.099990
v 0.560342 1.204963 -0.134070
v 0.567081 1.223533 -0.138797
v 0.597141 1.181647 -0.074837
v 0.587422 1.237389 -0.170791
v 0.596955 1.218454 -0.179298
v 0.560342 1.204963 -0.134070
v 0.627212 1.186067 -0.129231
v 0.580423 1.186730 -0.099990
v 0.646514 1.184664 -0.098522
v 0.671636 1.241880 -0.147503
v 0.690107 1.239665 -0.116339
v 0.597141 1.181647 -0.074837
v 0.682289 1.376147 -0.134891
v 0.633604 1.379035 -0.163628
v 0.615743 1.261094 -0.190295
v 0.587422 1.237389 -0.170791
v 0.590047 1.267026 -0.170273
v 0.611681 1.205825 -0.075925
v 0.639902 1.209910 -0.092943
v 0.690107 1.239665 -0.116339
v 0.665621 1.245298 -0.101044
v 0.650502 1.418205 -0.147928
v 0.643086 1.430801 -0.107289
v 0.684703 1.371900 -0.079165
v 0.690107 1.239665 -0.116339
v 0.705036 1.237875 -0.091156
v 0.684406 1.241814 -0.076122
v 0.659306 1.292784 -0.060549
v 0.640360 1.370429 -0.051064
v 0.640923 1.295677 -0.027232
v 0.614567 1.302033 -0.025717
v 0.617741 1.348073 -0.037095
v 0.605420 1.341165 -0.059753
v 0.612558 1.299041 -0.048139
v 0.634470 1.277632 -0.052892
v 0.637150 1.248439 -0.021450
v 0.610061 1.254330 -0.019805
v 0.627898 1.206321 -0.033008
v 0.608158 1.208410 -0.031940
v 0.609706 1.251869 -0.041658
v 0.609498 1.226399 -0.045739
v 0.628885 1.224346 -0.046783
v 0.633247 1.247490 -0.045112
v 0.604972 1.413829 -0.081393
v 0.662158 1.175871 -0.109905
v 0.677520 1.174646 -0.084947
v 0.630819 1.155617 -0.060352
v 0.618029 1.156557 -0.079939
v 0.637333 1.180934 -0.059376
v 0.666192 1.195331 -0.074415
v 0.623561 1.185063 -0.083216
v 0.648808 1.200186 -0.100109
v 0.690107 1.239665 -0.116339
v 0.665621 1.245298 -0.101044
v 0.587422 1.237389 -0.170791
v 0.567081 1.223533 -0.138797
v 0.587422 1.237389 -0.170791
v 0.637333 1.180934 -0.059376
v 0.623561 1.185063 -0.083216
v 0.618029 1.156557 -0.079939
v 0.630819 1.155617 -0.060352
v 0.666192 1.195331 -0.074415
v 0.648808 1.200186 -0.100109
v 0.590047 1.267026 -0.170273
v 0.622522 1.387273 -0.172223
v 0.587361 1.377501 -0.134325
v 0.583290 1.367930 -0.149859
v 0.604972 1.413829 -0.081393
v -0.123435 -0.030205 -0.170791
v -0.181364 -0.014417 -0.239868
v -0.003876 0.381427 -0.126626
v -0.181364 -0.014417 -0.239868
v -0.123435 -0.030205 -0.170791
v -0.127266 -0.087189 -0.169562
v -0.180938 -0.090661 -0.243619
v -0.169750 -0.084592 -0.102611
v -0.162640 -0.029306 -0.114017
v -0.123247 -0.205156 -0.232510
v -0.177525 -0.206839 -0.258975
v -0.065347 -0.196646 0.130156
v -0.121886 -0.143000 0.095521
v -0.180715 -0.167329 0.154928
v -0.182786 -0.191858 0.189402
v -0.222106 -0.090990 -0.161874
v -0.162640 -0.029306 -0.114017
v -0.213681 -0.017196 -0.155826
v -0.180938 -0.090661 -0.243619
v -0.181364 -0.014417 -0.239868
v -0.225847 -0.209208 -0.220563
v -0.211749 -0.164304 0.135730
v -0.232888 -0.203063 0.161440
v -0.177525 -0.206839 -0.258975
v -0.225847 -0.209208 -0.220563
v -0.065347 -0.196646 0.130156
v -0.182786 -0.191858 0.189402
v -0.232888 -0.203063 0.161440
v -0.123247 -0.205156 -0.232510
v -0.225847 -0.209208 -0.220563
v -0.177525 -0.206839 -0.258975
v 0.341882 2.297523 0.429846
v 0.293793 2.283545 0.401891
v 0.354266 2.252045 0.352047
v 0.299522 2.319478 0.442841
v 0.249935 2.311585 0.434754
v 0.248169 2.312471 0.421814
v 0.270726 2.328052 0.444877
v 0.276687 2.327897 0.473567
v 0.405959 2.307843 0.423187
v 0.472725 2.324599 0.412409
v 0.326199 2.355633 0.468634
v 0.305299 2.352752 0.475898
v 0.334117 2.376604 0.484490
v 0.366541 2.327762 0.463640
v 0.392442 2.339725 0.484992
v 0.350900 2.387956 0.502920
v 0.374283 2.405974 0.516961
v 0.421850 2.362558 0.501741
v 0.457553 2.478656 0.521894
v 0.509873 2.377806 0.480783
v 0.566877 2.439965 0.386937
v 0.504622 2.356471 0.329033
v 0.380959 2.291787 0.290711
v 0.213434 2.219427 0.301786
v 0.293973 2.278337 0.237596
v 0.188552 2.283480 0.264491
v 0.500997 2.407574 0.243081
v 0.492711 2.562615 0.242198
v 0.365594 2.462805 0.175719
v 0.413777 2.341302 0.223569
v 0.275442 2.379872 0.192823
v 0.275442 2.379872 0.192823
v 0.175714 2.344293 0.134791
v 0.225843 2.243948 0.365791
v 0.146251 2.239190 0.327133
v 0.188552 2.283480 0.264491
v 0.166467 2.225657 0.227056
v 0.255992 2.273602 0.180657
v 0.173160 2.259146 0.373060
v 0.182730 2.267340 0.377946
v 0.255992 2.273602 0.180657
v 0.175714 2.344293 0.134791
v 0.187482 2.398794 0.260368
v 0.262921 2.511943 0.255829
v 0.220894 2.470711 0.316210
v 0.131258 2.310215 0.310484
v 0.188552 2.283480 0.264491
v 0.187518 2.438443 0.378609
v 0.309784 2.576862 0.370699
v 0.289649 2.531685 0.451558
v 0.265990 2.466170 0.453117
v 0.248210 2.403479 0.449877
v 0.222744 2.363912 0.417084
v 0.266038 2.357354 0.450002
v 0.249935 2.311585 0.434754
v 0.248169 2.312471 0.421814
v 0.270726 2.328052 0.444877
v 0.276687 2.327897 0.473567
v 0.309691 2.374308 0.472166
v 0.305299 2.352752 0.475898
v 0.334117 2.376604 0.484490
v 0.287297 2.417398 0.480586
v 0.306487 2.436953 0.503372
v 0.350900 2.387956 0.502920
v 0.374283 2.405974 0.516961
v 0.335895 2.459786 0.520124
v 0.359187 2.548254 0.513008
v 0.410376 2.616992 0.420405
v 0.343188 2.586080 0.276828
v 0.492711 2.562615 0.242198
v 0.365594 2.462805 0.175719
v 0.275442 2.379872 0.192823
v 0.408980 2.518189 0.519605
v 0.447839 2.599158 0.450554
v 0.410376 2.616992 0.420405
v 0.532188 2.577152 0.349919
v 0.492711 2.562615 0.242198
v 0.457553 2.478656 0.521894
v 0.511159 2.536719 0.465441
v 0.532188 2.577152 0.349919
v 0.532188 2.577152 0.349919
v 0.566877 2.439965 0.386937
v 0.560313 2.471934 0.426500
v 0.488802 2.427900 0.502534
v 0.511159 2.536719 0.465441
v 0.532188 2.577152 0.349919
v 0.276687 2.327897 0.473567
v 0.281174 2.331179 0.477193
v 0.305299 2.352752 0.475898
v -0.162640 -0.029306 -0.114017
v -0.123435 -0.030205 -0.170791
v 0.282002 2.369705 0.265065
v 0.354266 2.252045 0.352047
v 0.248169 2.312471 0.421814
v 0.293793 2.283545 0.401891
v 0.182730 2.267340 0.377946
v 0.225843 2.243948 0.365791
v 0.176124 2.266381 0.325554
v 0.354266 2.252045 0.352047
v 0.282002 2.369705 0.265065
v 0.485617 2.140100 -0.073331
v 0.431945 2.184426 0.063732
v -0.241626 1.874601 -0.099718
v -0.467012 1.658821 -0.027939
v -0.448695 1.616215 -0.101388
v -0.189151 1.864143 -0.149113
v -0.550946 1.524408 -0.067840
v -0.568918 1.566215 0.004230
v -0.246820 1.867533 -0.234574
v -0.411619 1.726853 -0.176637
v -0.584895 1.552414 -0.089672
v -0.608778 1.585110 -0.063396
v -0.440282 1.768864 -0.136678
v -0.239418 1.882846 -0.098630
v -0.601939 1.592060 -0.021325
v -0.383914 1.816106 -0.077451
v -0.608778 1.585110 -0.063396
v -0.440282 1.768864 -0.136678
v -0.300842 1.914447 -0.128002
v -0.302066 1.916991 -0.133071
v -0.204361 2.147624 0.095148
v -0.293082 2.104348 -0.020160
v -0.270629 2.287015 0.072873
v -0.289398 1.925588 -0.209624
v -0.265214 2.105270 -0.095934
v -0.251664 2.251026 -0.026119
v -0.087665 2.180425 -0.003500
v -0.068056 2.242381 0.060272
v -0.165139 2.205480 0.156154
v -0.149614 2.294861 0.177200
v -0.186918 2.326346 -0.020604
v -0.184829 2.132502 -0.108399
v -0.251664 2.251026 -0.026119
v -0.265214 2.105270 -0.095934
v -0.208351 1.929441 -0.224309
v -0.289398 1.925588 -0.209624
v -0.161754 2.235384 0.001949
v -0.162822 2.136017 0.106959
v -0.115609 2.377917 0.074352
v -0.237509 2.317245 0.013698
v -0.130411 2.352826 0.133746
v -0.227004 1.897972 -0.230668
v -0.288960 0.247762 -0.542404
v -0.366401 0.643245 -0.319528
v -0.282896 0.656986 -0.261702
v -0.414521 0.865624 -0.111464
v -0.327505 0.839878 -0.089744
v -0.408424 0.883670 -0.115576
v -0.324142 0.862718 -0.070329
v -0.482251 0.878730 -0.010877
v -0.466617 0.954356 -0.031349
v -0.480886 0.813816 -0.039344
v -0.337482 0.845199 0.041742
v -0.331315 0.771723 -0.004693
v -0.420216 0.768638 0.009595
v -0.422616 0.858469 0.048850
v -0.480886 0.813816 -0.039344
v -0.482251 0.878730 -0.010877
v -0.407489 0.958648 0.037483
v -0.466617 0.954356 -0.031349
v -0.326967 0.916660 0.035139
v -0.308293 1.369401 -0.151163
v -0.192809 1.350655 -0.192018
v -0.342556 1.389496 -0.262287
v -0.170647 1.279326 -0.359096
v -0.445188 0.555133 -0.255815
v -0.387661 0.528834 -0.178868
v -0.305991 0.565357 -0.185862
v -0.331807 0.174511 -0.446439
v -0.273036 0.196875 -0.469794
v -0.288960 0.247762 -0.542404
v -0.331807 0.174511 -0.446439
v -0.122316 1.306973 -0.197711
v -0.170647 1.279326 -0.359096
v -0.113095 1.320270 -0.386352
v -0.336295 1.308756 -0.395582
v -0.336295 1.308756 -0.395582
v -0.336295 1.308756 -0.395582
v -0.342556 1.389496 -0.262287
v -0.221503 1.773658 -0.120870
v -0.315225 1.508352 -0.227991
v -0.253981 1.447886 -0.147384
v -0.056942 1.727714 -0.008693
v -0.109741 1.395920 -0.123860
v -0.236345 1.812744 -0.271817
v -0.303810 1.536847 -0.376886
v -0.342556 1.389496 -0.262287
v -0.308293 1.369401 -0.151163
v -0.192809 1.350655 -0.192018
v -0.122316 1.306973 -0.197711
v -0.317439 1.497412 -0.386149
v -0.336295 1.308756 -0.395582
v -0.230768 1.504479 -0.437392
v -0.336295 1.308756 -0.395582
v -0.204455 1.589398 -0.398617
v -0.065365 1.600318 -0.375232
v -0.034452 1.789691 -0.330654
v -0.096863 1.407732 -0.418934
v -0.136180 1.369571 -0.437630
v -0.258552 1.412267 -0.452124
v -0.170647 1.279326 -0.359096
v -0.336295 1.308756 -0.395582
v -0.113095 1.320270 -0.386352
v -0.113095 1.320270 -0.386352
v -0.205548 2.015831 -0.143145
v -0.001468 2.017230 -0.232838
v -0.161754 2.235384 0.001949
v 0.097102 2.254639 -0.089172
v 0.006165 2.388225 0.116375
v -0.115609 2.377917 0.074352
v -0.130411 2.352826 0.133746
v -0.015604 2.333179 0.155580
v 0.100374 2.315247 0.218611
v 0.175714 2.344293 0.134791
v -0.187248 1.891920 -0.034320
v -0.162822 2.136017 0.106959
v -0.098249 1.818120 0.009268
v -0.066909 2.028474 0.164849
v 0.093479 1.988802 0.187671
v -0.020789 2.265274 0.218988
v 0.166467 2.225657 0.227056
v 0.100374 2.315247 0.218611
v -0.015604 2.333179 0.155580
v -0.149614 2.294861 0.177200
v -0.130411 2.352826 0.133746
v -0.165139 2.205480 0.156154
v -0.008073 1.772314 0.008824
v -0.613755 1.519534 0.028647
v -0.584044 1.505967 -0.025492
v -0.554694 1.539068 -0.048306
v -0.582671 1.488436 0.013835
v -0.596326 1.446321 0.014015
v -0.602067 1.456115 -0.026372
v -0.620608 1.430332 0.003242
v -0.642531 1.450482 -0.001042
v -0.625785 1.424729 -0.080733
v -0.570114 1.442757 -0.111478
v -0.652535 1.416108 -0.052551
v -0.673293 1.409395 -0.029959
v -0.600466 1.399153 0.008250
v -0.624090 1.399374 0.003053
v -0.603490 1.375773 -0.002223
v -0.622855 1.376995 -0.004368
v -0.605596 1.354922 0.006532
v -0.625313 1.356166 0.004346
v -0.610212 1.391724 -0.077908
v -0.632565 1.376357 -0.053006
v -0.585529 1.373291 -0.060649
v -0.606409 1.363948 -0.036731
v -0.576506 1.346969 -0.063903
v -0.551809 1.369880 -0.091514
v -0.555585 1.389840 -0.091522
v -0.595455 1.338356 -0.041434
v -0.571574 1.414141 -0.119507
v -0.583018 1.399585 -0.132882
v -0.551809 1.369880 -0.091514
v -0.620819 1.360684 -0.093783
v -0.576506 1.346969 -0.063903
v -0.642192 1.354596 -0.065085
v -0.655759 1.425333 -0.098494
v -0.676461 1.418228 -0.069538
v -0.595455 1.338356 -0.041434
v -0.648640 1.552231 -0.052171
v -0.598160 1.554818 -0.077667
v -0.594948 1.445952 -0.133149
v -0.571574 1.414141 -0.119507
v -0.570114 1.442757 -0.111478
v -0.606409 1.363948 -0.036731
v -0.632565 1.376357 -0.053006
v -0.676461 1.418228 -0.069538
v -0.652535 1.416108 -0.052551
v -0.608778 1.585110 -0.063396
v -0.601939 1.592060 -0.021325
v -0.655437 1.534637 0.000490
v -0.676461 1.418228 -0.069538
v -0.693185 1.412488 -0.046142
v -0.673293 1.409395 -0.029959
v -0.642531 1.450482 -0.001042
v -0.613755 1.519534 0.028647
v -0.626256 1.442168 0.032459
v -0.599442 1.443895 0.036379
v -0.595444 1.491252 0.037112
v -0.582671 1.488436 0.013835
v -0.596326 1.446321 0.014015
v -0.620608 1.430332 0.003242
v -0.629441 1.394970 0.026033
v -0.601975 1.396110 0.029981
v -0.625313 1.356166 0.004346
v -0.605596 1.354922 0.006532
v -0.600466 1.399153 0.008250
v -0.603490 1.375773 -0.002223
v -0.622855 1.376995 -0.004368
v -0.624090 1.399374 0.003053
v -0.568918 1.566215 0.004230
v -0.658084 1.351383 -0.078827
v -0.633312 1.314924 -0.035177
v -0.675141 1.346305 -0.055516
v -0.619201 1.318779 -0.053458
v -0.636327 1.339882 -0.027939
v -0.661821 1.361755 -0.039672
v -0.620508 1.347696 -0.049477
v -0.642209 1.370185 -0.062705
v -0.676461 1.418228 -0.069538
v -0.652535 1.416108 -0.052551
v -0.571574 1.414141 -0.119507
v -0.555585 1.389840 -0.091522
v -0.571574 1.414141 -0.119507
v -0.636327 1.339882 -0.027939
v -0.619201 1.318779 -0.053458
v -0.620508 1.347696 -0.049477
v -0.633312 1.314924 -0.035177
v -0.661821 1.361755 -0.039672
v -0.642209 1.370185 -0.062705
v -0.570114 1.442757 -0.111478
v -0.584895 1.552414 -0.089672
v -0.554694 1.539068 -0.048306
v -0.550946 1.524408 -0.067840
v -0.568918 1.566215 0.004230
v -0.359829 0.209648 -0.498794
v -0.288960 0.247762 -0.542404
v -0.445188 0.555133 -0.255815
v -0.288960 0.247762 -0.542404
v -0.299897 0.216136 -0.577428
v -0.349166 0.148744 -0.539910
v -0.359829 0.209648 -0.498794
v -0.306225 0.105988 -0.488704
v -0.331807 0.174511 -0.446439
v -0.322956 0.129396 -0.669656
v -0.271546 0.160353 -0.676573
v -0.365210 -0.163927 -0.452565
v -0.327360 -0.094043 -0.421614
v -0.261577 -0.143097 -0.392486
v -0.251282 -0.184098 -0.389806
v -0.256766 0.159736 -0.519674
v -0.331807 0.174511 -0.446439
v -0.273036 0.196875 -0.469794
v -0.299897 0.216136 -0.577428
v -0.288960 0.247762 -0.542404
v -0.222856 0.138458 -0.645494
v -0.233466 -0.119874 -0.395870
v -0.201296 -0.158317 -0.405755
v -0.222856 0.138458 -0.645494
v -0.271546 0.160353 -0.676573
v -0.365210 -0.163927 -0.452565
v -0.201296 -0.158317 -0.405755
v -0.251282 -0.184098 -0.389806
v -0.322956 0.129396 -0.669656
v -0.222856 0.138458 -0.645494
v -0.271546 0.160353 -0.676573
v 0.188552 2.283480 0.264491
v 0.146251 2.239190 0.327133
v 0.162895 2.313493 0.372455
v 0.173160 2.259146 0.373060
v 0.182730 2.267340 0.377946
v 0.166467 2.225657 0.227056
v 0.100374 2.315247 0.218611
v 0.100374 2.315247 0.218611
v 0.175714 2.344293 0.134791
v 0.175714 2.344293 0.134791
v -0.331807 0.174511 -0.446439
v -0.359829 0.209648 -0.498794
v 0.282002 2.369705 0.265065
v 0.248169 2.312471 0.421814
v 0.187518 2.438443 0.378609
v 0.222744 2.363912 0.417084
v 0.182730 2.267340 0.377946
v 0.176124 2.266381 0.325554
v 0.162895 2.313493 0.372455
v 0.187518 2.438443 0.378609
v 0.282002 2.369705 0.265065
v -0.237509 2.317245 0.013698
v -0.130411 2.352826 0.133746
vn -0.7233 0.6350 0.2715
vn -0.9519 -0.3021 -0.0510
vn -0.7277 -0.6728 -0.1333
vn -0.3950 0.0529 0.9172
vn -0.7991 -0.5440 -0.2561
vn -0.4454 0.2605 0.8566
vn -0.2056 -0.2622 -0.9429
vn 0.0874 -0.4043 -0.9104
vn 0.2134 -0.2250 -0.9507
vn 0.8081 0.3877 -0.4435
vn 0.8447 0.3542 -0.4013
vn -0.5897 -0.7679 -0.2502
vn 0.6070 0.6935 0.3880
vn 0.4818 0.5996 0.6391
vn 0.8080 0.3877 -0.4436
vn 0.8455 0.3505 -0.4029
vn 0.0377 0.9990 -0.0250
vn 0.2994 -0.9140 -0.2740
vn -0.0110 -0.7087 0.7054
vn 0.9128 -0.3877 0.1283
vn 0.9686 -0.0298 0.2469
vn 0.7020 0.2495 -0.6671
vn 0.7282 0.2707 -0.6296
vn 0.7634 0.2293 -0.6038
vn -0.9791 0.1598 -0.1257
vn -0.5645 0.6934 0.4479
vn 0.4778 -0.4287 0.7668
vn 0.7181 -0.2842 0.6353
vn 0.1077 0.7570 -0.6445
vn -0.2067 0.5625 -0.8005
vn 0.7634 0.2294 -0.6039
vn 0.7396 0.2712 -0.6159
vn -0.4615 0.3804 -0.8014
vn 0.8507 0.2717 -0.4501
vn 0.9223 -0.0048 0.3863
vn 0.5854 -0.6334 0.5061
vn 0.7988 0.6001 -0.0424
vn 0.8889 0.3804 -0.2552
vn 0.9480 0.1071 0.2995
vn -0.3809 0.0356 -0.9239
vn -0.1816 0.0171 -0.9832
vn -0.7453 0.2259 -0.6273
vn 0.4035 0.0120 -0.9149
vn 0.5049 -0.0496 -0.8617
vn -0.7307 0.1954 -0.6542
vn 0.4316 -0.3236 -0.8420
vn -0.8208 -0.0621 -0.5678
vn 0.9714 -0.1246 0.2019
vn 0.9651 -0.0686 0.2526
vn 0.9595 -0.2004 0.1981
vn -0.7938 0.0871 0.6019
vn -0.8465 0.0567 0.5294
vn 0.1501 -0.1853 0.9712
vn 0.1890 -0.0078 0.9820
vn 0.9613 -0.1983 0.1911
vn 0.9772 -0.1330 0.1658
vn 0.2067 0.1985 0.9581
vn 0.9648 -0.0695 0.2537
vn -0.7949 0.1962 0.5742
vn 0.2780 0.2482 0.9279
vn -0.6397 -0.2177 0.7371
vn 0.9770 -0.0275 0.2113
vn -0.5840 -0.7021 -0.4074
vn -0.2369 -0.6555 0.7171
vn -0.3833 -0.8845 -0.2661
vn 0.9617 -0.2332 0.1439
vn 0.0991 -0.1503 0.9837
vn -0.8527 0.0672 0.5181
vn 0.1235 -0.1014 0.9871
vn -0.9578 0.1252 0.2588
vn 0.1236 -0.1013 0.9872
vn 0.6616 -0.4605 -0.5918
vn 0.5828 -0.4192 -0.6961
vn 0.5828 -0.4192 -0.6962
vn 0.9771 -0.0276 0.2112
vn 0.9654 -0.0720 0.2508
vn 0.7854 -0.3009 0.5410
vn 0.3749 -0.2861 0.8818
vn 0.9069 -0.1710 0.3850
vn -0.0110 -0.2701 0.9628
vn -0.1151 -0.4843 0.8673
vn 0.9015 0.0130 -0.4325
vn 0.9026 0.1004 -0.4187
vn 0.9529 -0.1576 0.2592
vn -0.1867 -0.8088 0.5576
vn -0.4312 -0.8378 0.3348
vn 0.3756 -0.0150 0.9267
vn 0.3419 0.3237 -0.8822
vn 0.3206 0.2011 -0.9256
vn 0.0768 0.2400 -0.9677
vn 0.0058 0.3263 -0.9453
vn 0.0542 0.1033 -0.9932
vn -0.3119 -0.1819 -0.9325
vn 0.4470 -0.1100 -0.8877
vn -0.4206 -0.2890 -0.8600
vn 0.8190 -0.2976 -0.4907
vn -0.1336 -0.8764 -0.4628
vn -0.3311 -0.9211 -0.2049
vn 0.9013 -0.0559 -0.4296
vn 0.6078 -0.3990 -0.6865
vn 0.6673 -0.4542 -0.5903
vn -0.1246 0.4745 -0.8714
vn 0.6514 -0.0081 -0.7587
vn 0.4009 0.1099 -0.9095
vn -0.0143 0.7179 -0.6960
vn 0.5236 0.8513 -0.0340
vn 0.3829 0.9094 -0.1626
vn 0.5183 0.4358 0.7358
vn 0.6376 0.2942 0.7119
vn 0.8651 0.1667 0.4731
vn 0.2122 0.9400 -0.2670
vn 0.8171 -0.5756 0.0312
vn 0.6855 -0.7258 0.0574
vn 0.4492 -0.6478 0.6154
vn 0.5268 -0.6177 0.5839
vn 0.1806 -0.4876 0.8542
vn 0.5351 -0.0981 0.8391
vn 0.2007 -0.3425 0.9178
vn 0.8745 0.1356 0.4658
vn 0.6787 0.4519 0.5790
vn 0.4524 -0.0576 0.8900
vn 0.4967 0.4681 0.7309
vn 0.1420 -0.9894 0.0303
vn 0.0695 -0.5561 0.8282
vn -0.0695 0.3732 0.9252
vn -0.9728 0.1695 -0.1579
vn -0.9421 -0.0774 0.3264
vn -0.9508 0.2999 0.0776
vn -0.9565 -0.2405 -0.1654
vn -0.8561 -0.5148 -0.0468
vn 0.3540 -0.7200 -0.5969
vn 0.4852 -0.4565 0.7457
vn -0.7714 0.0345 0.6355
vn -0.9902 0.0202 -0.1378
vn -0.7385 -0.0963 0.6673
vn 0.0304 -0.1121 0.9932
vn -0.8078 0.0190 -0.5892
vn 0.6296 -0.1090 -0.7693
vn -0.6584 -0.1655 -0.7342
vn 0.5083 -0.2883 -0.8115
vn -0.6085 -0.7694 0.1940
vn 0.4378 -0.8897 0.1298
vn -0.3378 0.7957 0.5028
vn 0.1941 0.3835 0.9029
vn -0.4124 0.7501 0.5170
vn -0.0131 0.5126 0.8585
vn -0.7712 -0.5547 0.3123
vn -0.9488 -0.3128 -0.0436
vn -0.7430 0.6678 0.0447
vn -0.3812 -0.5577 0.7373
vn -0.9152 0.2933 -0.2762
vn -0.2199 -0.4883 -0.8445
vn -0.9488 -0.3129 -0.0436
vn -0.7431 0.6676 0.0446
vn 0.2162 -0.8869 -0.4082
vn -0.7712 -0.5547 0.3122
vn 0.5739 -0.7487 0.3318
vn 0.6907 -0.3090 -0.6538
vn 0.8225 -0.2212 -0.5239
vn -0.3811 -0.5578 0.7373
vn 0.8592 0.2631 -0.4388
vn 0.2450 -0.0806 -0.9662
vn 0.0325 -0.0086 -0.9994
vn -0.9153 0.2933 -0.2762
vn 0.8226 -0.2211 -0.5239
vn -0.7385 -0.0962 0.6674
vn -0.9728 0.1694 -0.1578
vn 0.8131 0.3746 -0.4455
vn 0.6396 0.6364 0.4312
vn 0.8284 0.3294 0.4531
vn 0.8225 -0.2211 -0.5240
vn 0.9790 -0.1330 0.1546
vn 0.0304 -0.1120 0.9932
vn 0.4853 -0.4564 0.7457
vn -0.2139 0.4853 0.8478
vn 0.6307 0.0170 0.7758
vn -0.5894 0.1695 0.7898
vn -0.3880 0.5017 0.7731
vn -0.9508 0.2999 0.0777
vn -0.9565 -0.2405 -0.1653
vn 0.3540 -0.7201 -0.5968
vn 0.7374 -0.1572 0.6569
vn -0.6472 -0.0004 0.7623
vn 0.4379 -0.8896 0.1300
vn -0.6086 -0.7693 0.1942
vn -0.8077 0.0191 -0.5892
vn -0.6585 -0.1653 -0.7342
vn 0.5081 -0.2884 -0.8116
vn 0.6294 -0.1089 -0.7694
vn -0.3820 0.1926 0.9039
vn 0.0994 -0.5215 -0.8475
vn 0.7505 -0.6270 0.2089
vn -0.2100 -0.6812 0.7013
vn -0.7715 -0.6125 -0.1723
vn -0.1726 0.3920 0.9036
vn 0.0839 0.2530 0.9638
vn -0.8333 0.5306 -0.1551
vn -0.7835 0.4570 -0.4211
vn -0.7385 -0.0961 0.6673
vn -0.9152 0.2935 -0.2761
vn -0.2200 -0.4881 -0.8446
vn -0.7429 0.6678 0.0448
vn -0.9153 0.2933 -0.2761
vn -0.1725 0.3920 0.9037
vn -0.8333 0.5305 -0.1551
vn -0.7714 -0.6126 -0.1724
vn -0.2099 -0.6813 0.7012
vn 0.0840 0.2529 0.9638
vn -0.7836 0.4568 -0.4211
vn -0.9902 0.0202 -0.1379
vn 0.2659 -0.7565 -0.5975
vn -0.9786 0.1999 -0.0492
vn 0.6313 -0.6846 0.3643
vn -0.3754 0.1701 0.9111
vn -0.3846 0.3453 0.8561
vn 0.9755 -0.2082 -0.0710
vn -0.1164 -0.0363 -0.9925
vn 0.9837 -0.1549 -0.0914
vn 0.9609 0.2313 -0.1523
vn -0.1022 0.2516 -0.9624
vn -0.0306 0.8452 0.5336
vn 0.1256 -0.0274 0.9917
vn 0.6867 -0.5297 -0.4979
vn -0.0681 -0.5515 -0.8314
vn 0.8156 -0.2586 0.5176
vn 0.3056 0.8868 0.3466
vn -0.0424 0.8490 0.5267
vn -0.0263 -0.1025 0.9944
vn -0.9668 0.2556 -0.0089
vn 0.0486 -0.0535 0.9974
vn -0.9756 0.0224 0.2182
vn -0.0928 0.2682 -0.9589
vn -0.1719 -0.0602 -0.9833
vn -0.7148 -0.5953 -0.3671
vn -0.4682 0.8056 0.3630
vn -0.7295 -0.3749 0.5721
vn -0.0947 0.2157 -0.9719
vn -0.0679 -0.5515 -0.8314
vn 0.8156 -0.2587 0.5175
vn -0.0263 -0.1026 0.9944
vn -0.7294 -0.3750 0.5722
vn -0.7148 -0.5952 -0.3671
vn -0.0680 -0.5515 -0.8314
vn -0.0048 -0.7721 0.6355
vn -0.5267 -0.8458 -0.0850
vn 0.2553 -0.9668 -0.0058
vn 0.0164 -0.7447 0.6672
vn -0.5540 -0.5992 0.5779
vn -0.7521 -0.6258 -0.2068
vn -0.4411 -0.5273 0.7262
vn -0.5352 -0.5878 0.6067
vn 0.2355 -0.8373 0.4934
vn 0.5419 -0.8131 0.2125
vn 0.0130 -0.6331 0.7740
vn -0.0493 -0.2272 0.9726
vn -0.3481 -0.4620 0.8157
vn -0.1371 -0.7359 0.6630
vn -0.0127 -0.7196 0.6942
vn -0.3397 -0.4558 0.8227
vn -0.0975 -0.2674 0.9586
vn 0.1577 -0.5470 0.8222
vn 0.3339 0.1183 0.9351
vn 0.6330 -0.4998 0.5911
vn 0.9777 -0.2036 -0.0508
vn 0.7098 -0.6682 -0.2230
vn 0.4515 -0.8150 -0.3631
vn -0.1139 -0.9531 -0.2803
vn 0.3366 -0.8029 -0.4921
vn -0.5484 -0.7230 -0.4202
vn 0.7040 -0.2976 -0.6448
vn 0.5068 0.5703 -0.6465
vn -0.0060 0.1806 -0.9835
vn 0.4282 -0.5849 -0.6888
vn -0.0186 0.1698 -0.9853
vn -0.0713 0.2300 -0.9706
vn 0.6325 0.5373 -0.5579
vn 0.1810 -0.0201 0.9833
vn -0.7410 -0.6715 0.0081
vn -0.7377 -0.6505 -0.1805
vn -0.4755 -0.8797 -0.0113
vn -0.1221 -0.1755 0.9769
vn 0.6090 -0.3311 -0.7207
vn 0.9074 -0.2111 0.3634
vn -0.4525 -0.4815 0.7506
vn 0.3641 0.2434 0.8990
vn 0.8889 -0.1823 0.4202
vn 0.2514 0.9676 -0.0237
vn 0.5388 -0.2458 -0.8058
vn -0.7912 0.5593 -0.2472
vn -0.6313 0.6196 -0.4664
vn -0.0998 0.1915 -0.9764
vn -0.7916 0.5967 -0.1317
vn -0.9803 0.0160 -0.1967
vn -0.8123 -0.3899 -0.4338
vn -0.9128 0.3626 0.1878
vn -0.5855 0.8085 0.0584
vn -0.6736 0.5644 0.4771
vn -0.6989 0.2126 0.6829
vn -0.6428 -0.0538 0.7641
vn -0.9046 -0.4262 -0.0075
vn -0.5995 -0.0480 0.7989
vn -0.5542 -0.5990 0.5780
vn -0.7521 -0.6258 -0.2067
vn -0.4412 -0.5272 0.7262
vn -0.4718 -0.0848 0.8776
vn -0.0490 -0.2275 0.9725
vn -0.3482 -0.4619 0.8157
vn -0.6132 -0.1973 0.7649
vn -0.5742 -0.0844 0.8143
vn -0.3396 -0.4558 0.8227
vn -0.3589 0.0374 0.9326
vn -0.2890 0.5432 0.7883
vn -0.0707 0.9823 0.1733
vn -0.3070 0.8495 -0.4291
vn -0.0187 0.1697 -0.9853
vn 0.1362 0.3170 0.9386
vn 0.3093 0.8053 0.5058
vn -0.0706 0.9823 0.1734
vn 0.7355 0.6697 -0.1028
vn 0.3339 0.1184 0.9351
vn 0.6442 0.4530 0.6164
vn 0.7355 0.6696 -0.1029
vn 0.9778 -0.2035 -0.0508
vn 0.5068 0.5703 -0.6464
vn 0.9198 0.1149 0.3753
vn 0.5001 -0.0947 0.8608
vn 0.6442 0.4529 0.6164
vn 0.7355 0.6697 -0.1029
vn -0.5351 -0.5878 0.6068
vn 0.0165 -0.7447 0.6672
vn -0.1042 -0.2729 0.9564
vn -0.0491 -0.2273 0.9726
vn 0.9755 -0.2082 -0.0711
vn -0.2409 -0.3591 0.9017
vn 0.1386 -0.9812 0.1340
vn -0.8084 -0.5866 0.0490
vn -0.1307 -0.8167 0.5621
vn 0.3642 0.2434 0.8990
vn 0.1469 -0.1010 0.9840
vn 0.6089 0.5714 0.5502
vn 0.3182 -0.9375 -0.1408
vn -0.5143 -0.5402 0.6661
vn 0.7906 0.5425 -0.2840
vn 0.8239 0.4623 0.3279
vn 0.3235 -0.1500 0.9343
vn 0.3395 -0.1092 0.9342
vn 0.6107 -0.7727 -0.1733
vn 0.8500 -0.5267 -0.0061
vn 0.7112 -0.6455 -0.2784
vn 0.4277 0.0915 0.8993
vn 0.1765 -0.2563 -0.9503
vn -0.1163 -0.2845 -0.9516
vn -0.1877 -0.0874 -0.9783
vn -0.7021 0.5646 -0.4340
vn -0.7480 0.5329 -0.3957
vn 0.0721 -0.3962 0.9153
vn -0.5056 0.7454 0.4345
vn -0.4140 0.6063 0.6790
vn -0.7476 0.5311 -0.3989
vn -0.2144 0.8659 0.4519
vn -0.9226 -0.3713 0.1050
vn -0.1430 -0.5771 0.8041
vn -0.9721 -0.0576 0.2276
vn -0.8727 0.3610 0.3289
vn -0.6701 0.4154 -0.6152
vn -0.6642 0.4035 -0.6293
vn -0.7078 0.3791 -0.5960
vn 0.9651 -0.1769 -0.1930
vn 0.8666 0.3173 0.3850
vn -0.4721 0.0660 0.8791
vn -0.6368 0.2296 0.7360
vn 0.0429 0.6827 -0.7294
vn 0.2947 0.3641 -0.8835
vn -0.7077 0.3791 -0.5961
vn -0.6760 0.4120 -0.6110
vn 0.5132 0.1851 -0.8381
vn -0.7550 0.4598 -0.4675
vn -0.5233 0.6313 0.5724
vn -0.5893 -0.0221 0.8076
vn -0.3655 0.9300 0.0389
vn -0.7093 0.6688 -0.2225
vn -0.6899 0.6127 0.3856
vn 0.3653 -0.0729 -0.9280
vn 0.3598 0.4824 -0.7986
vn -0.2256 0.5478 -0.8056
vn 0.8660 0.3765 -0.3291
vn -0.4710 0.2701 -0.8397
vn 0.8526 0.3651 -0.3739
vn -0.3820 -0.2657 -0.8852
vn 0.9440 -0.1917 -0.2685
vn -0.9959 0.0876 0.0223
vn -0.9788 0.1906 0.0746
vn -0.9974 -0.0647 -0.0303
vn 0.6181 -0.2044 0.7591
vn 0.7161 -0.3598 0.5981
vn -0.3470 -0.5296 0.7740
vn -0.3620 -0.1129 0.9253
vn -0.9985 -0.0507 -0.0214
vn -0.9975 0.0682 -0.0210
vn -0.3007 0.3380 0.8918
vn -0.9759 0.2114 0.0537
vn 0.6732 0.0348 0.7386
vn -0.3333 0.4829 0.8098
vn 0.2888 -0.4085 0.8659
vn -0.9615 0.2744 0.0156
vn 0.2876 -0.8923 -0.3481
vn -0.9897 -0.0979 -0.1042
vn -0.2920 -0.6095 0.7370
vn 0.7456 -0.3593 0.5613
vn -0.3118 -0.5658 0.7633
vn 0.9016 -0.1972 0.3851
vn 0.3597 0.4825 -0.7986
vn -0.0475 -0.6611 0.7488
vn 0.1240 -0.9774 0.1711
vn 0.0958 -0.5190 -0.8494
vn 0.0945 -0.9837 -0.1529
vn -0.7401 -0.2947 -0.6045
vn -0.6210 -0.3621 -0.6952
vn -0.6891 -0.2296 -0.6874
vn -0.9436 0.2832 0.1713
vn -0.9433 0.3025 0.1367
vn -0.8727 0.0135 0.4881
vn -0.9352 0.1402 0.3251
vn -0.4985 -0.1127 0.8595
vn -0.0078 -0.4507 0.8926
vn -0.1152 -0.4843 0.8673
vn -0.7342 0.4518 -0.5068
vn -0.7811 0.3990 -0.4803
vn -0.9663 0.2065 0.1540
vn -0.5605 0.3200 0.7638
vn -0.0061 -0.9431 0.3325
vn -0.1683 -0.8191 0.5484
vn -0.8321 0.2513 -0.4945
vn -0.6770 -0.1164 -0.7267
vn -0.1678 0.2857 -0.9435
vn -0.8358 0.0144 -0.5488
vn -0.1506 0.4084 -0.9003
vn 0.0892 0.4051 -0.9099
vn 0.0543 0.1033 -0.9932
vn 0.2729 -0.3217 -0.9067
vn -0.3718 -0.0130 -0.9282
vn 0.2669 -0.4852 -0.8327
vn -0.7205 -0.1501 -0.6770
vn -0.1336 -0.8764 -0.4627
vn -0.0024 -0.9932 -0.1161
vn -0.8399 0.3671 -0.3997
vn -0.0349 0.4531 -0.8908
vn -0.6390 0.3580 -0.6808
vn 0.0702 0.6834 -0.7266
vn -0.0347 0.9979 0.0541
vn 0.2895 0.8342 -0.4694
vn -0.0562 0.6989 0.7130
vn -0.2310 0.4946 0.8379
vn -0.4988 0.6263 0.5991
vn 0.1809 0.9573 -0.2253
vn -0.8432 -0.1633 0.5122
vn -0.8848 -0.2138 0.4141
vn -0.4792 -0.4152 0.7733
vn -0.4607 -0.3216 0.8272
vn 0.0237 -0.4240 0.9053
vn -0.2318 0.2206 0.9474
vn -0.0037 -0.3173 0.9483
vn -0.4459 0.5723 0.6882
vn -0.1101 0.8095 0.5767
vn -0.1978 0.3421 0.9186
vn 0.0546 0.7412 0.6691
vn -0.7562 -0.5987 0.2642
vn 0.0261 -0.5567 0.8303
vn 0.0566 0.1158 0.9917
vn 0.8977 -0.2976 0.3249
vn 0.9954 0.0546 -0.0786
vn 0.9755 0.1241 0.1817
vn 0.9232 -0.3332 -0.1916
vn 0.7781 -0.6099 -0.1506
vn -0.4082 -0.4865 -0.7725
vn -0.5937 -0.5495 0.5879
vn 0.7233 -0.2418 0.6468
vn 0.9907 -0.0957 -0.0970
vn 0.6706 -0.3699 0.6431
vn -0.1138 -0.3502 0.9297
vn 0.8412 0.0433 -0.5390
vn -0.5842 0.1826 -0.7908
vn 0.6783 -0.0744 -0.7310
vn -0.4862 0.0031 -0.8739
vn 0.4819 -0.8762 0.0092
vn -0.5643 -0.8173 -0.1163
vn 0.4090 0.5848 0.7006
vn -0.2009 0.1709 0.9646
vn 0.4754 0.5265 0.7049
vn 0.0248 0.2742 0.9614
vn 0.6641 -0.7248 0.1834
vn 0.8974 -0.4315 -0.0927
vn 0.8232 0.5155 0.2380
vn 0.2491 -0.7749 0.5809
vn 0.9638 0.2114 -0.1628
vn 0.2079 -0.2896 -0.9343
vn 0.8974 -0.4314 -0.0928
vn -0.3079 -0.7140 -0.6288
vn 0.6640 -0.7249 0.1833
vn -0.6930 -0.7124 0.1103
vn -0.6802 -0.0284 -0.7325
vn -0.8072 0.0432 -0.5887
vn -0.7832 0.5011 -0.3682
vn -0.3880 0.0741 -0.9187
vn 0.0353 0.2459 -0.9687
vn 0.9638 0.2113 -0.1628
vn 0.0247 0.2741 0.9614
vn -0.8073 0.0432 -0.5886
vn 0.6706 -0.3698 0.6431
vn 0.9732 0.1050 -0.2044
vn -0.6959 0.5356 -0.4784
vn -0.5365 0.6822 0.4967
vn -0.7842 0.3561 0.5081
vn -0.9963 -0.0181 0.0845
vn -0.5937 -0.5494 0.5880
vn 0.2409 0.2751 0.9308
vn -0.6741 -0.0821 0.7340
vn 0.5515 -0.1238 0.8249
vn 0.3996 0.2286 0.8877
vn 0.9755 0.1241 0.1816
vn 0.9232 -0.3332 -0.1913
vn -0.4081 -0.4866 -0.7725
vn -0.7953 -0.2029 0.5712
vn 0.5871 -0.2881 0.7565
vn -0.5643 -0.8173 -0.1164
vn 0.4818 -0.8762 0.0091
vn 0.6782 -0.0745 -0.7311
vn -0.4861 0.0032 -0.8739
vn -0.5841 0.1826 -0.7909
vn 0.3408 0.0200 0.9399
vn -0.1120 -0.2725 -0.9556
vn 0.0654 -0.8582 0.5091
vn -0.8423 -0.5387 0.0172
vn 0.6896 -0.6593 -0.2996
vn 0.1625 0.1236 0.9789
vn -0.1145 0.0142 0.9933
vn 0.9072 0.4205 0.0125
vn 0.8661 0.4238 -0.2650
vn 0.6706 -0.3699 0.6430
vn 0.9637 0.2115 -0.1627
vn 0.8231 0.5156 0.2380
vn 0.2081 -0.2896 -0.9343
vn 0.9072 0.4205 0.0124
vn -0.1144 0.0143 0.9933
vn 0.8661 0.4239 -0.2651
vn -0.3739 -0.8983 -0.2308
vn -0.9847 0.0749 -0.1576
vn -0.9731 -0.1573 0.1683
vn -0.8180 -0.4787 0.3189
vn 0.3607 -0.0184 0.9325
vn 0.3759 0.1544 0.9137
vn -0.9614 0.0349 -0.2731
vn -0.9897 -0.0979 -0.1041
vn 0.0631 0.5847 -0.8088
vn 0.0861 0.8910 -0.4458
vn -0.9927 0.1203 0.0053
vn -0.9416 -0.1257 -0.3122
vn -0.2168 0.1373 0.9665
vn -0.2665 -0.7294 0.6300
vn -0.5332 -0.0527 -0.8443
vn 0.1825 0.3514 -0.9182
vn -0.6884 -0.7242 -0.0404
vn -0.5248 0.1772 0.8326
vn -0.1725 0.0837 0.9814
vn 0.0967 -0.8395 0.5348
vn 0.8735 0.3116 0.3740
vn -0.1330 -0.7114 0.6901
vn 0.8753 -0.3138 0.3679
vn 0.2238 0.9032 -0.3663
vn 0.3526 0.4962 -0.7934
vn 0.8355 0.0908 -0.5420
vn 0.2411 0.2744 0.9309
vn 0.8289 -0.5207 0.2044
vn -0.0110 0.9117 -0.4107
vn 0.8355 0.0907 -0.5419
vn 0.1826 0.3514 -0.9182
vn 0.8289 -0.5207 0.2043
vn 0.0967 -0.8395 0.5347
vn -0.5333 -0.0527 -0.8443
vn -0.7378 -0.6505 -0.1805
vn -0.7410 -0.6715 0.0080
vn 0.0925 0.0469 0.9946
vn 0.3640 0.2434 0.8990
vn -0.5284 -0.8467 -0.0622
vn -0.9313 0.3337 0.1463
vn 0.1712 0.0180 0.9851
vn 0.1306 0.7374 0.6627
vn 0.0804 0.7407 0.6670
vn -0.9496 0.2317 0.2112
vn 0.2141 0.8694 -0.4454
vn 0.6319 0.5629 -0.5327
vn -0.3117 -0.5658 0.7634
vn -0.9614 0.0350 -0.2731
vn -0.2289 -0.3722 0.8995
vn -0.6535 -0.7555 0.0467
vn -0.9200 0.2196 0.3247
vn -0.6442 -0.0930 0.7592
vn 0.3641 0.2433 0.8990
vn 0.6966 0.4667 0.5450
vn -0.0199 0.0064 0.9998
vn -0.9014 0.4327 0.0161
vn -0.4995 -0.5568 0.6637
vn -0.5695 0.7664 -0.2971
vn -0.4692 0.8338 0.2908
vt 0.730382 0.103619
vt 0.705649 0.144477
vt 0.906050 0.162418
vt 0.907543 0.101904
vt 0.999984 0.166941
vt 1.001061 0.095946
vt 0.733494 0.205318
vt 0.838940 0.209383
vt 0.991053 0.210366
vt 0.981648 0.252295
vt 0.840260 0.252371
vt 0.689743 0.104698
vt 0.991405 0.052870
vt 0.810174 0.064464
vt 0.981657 0.011468
vt 0.840250 0.011429
vt 0.734207 0.056759
vt 0.693123 0.056174
vt 0.518060 0.096757
vt 0.575201 0.047645
vt 0.473165 0.043970
vt 0.716055 0.011396
vt 0.597290 0.011359
vt 0.510869 0.011322
vt 0.522475 0.164896
vt 0.485011 0.157654
vt 0.479927 0.107408
vt 0.445175 0.049232
vt 0.473366 0.225391
vt 0.579352 0.211659
vt 0.510849 0.252622
vt 0.597275 0.252464
vt 0.688056 0.203710
vt 0.716059 0.252303
vt 0.459430 0.138427
vt 0.448360 0.105872
vt 0.445220 0.217118
vt 0.468555 0.252667
vt 0.435264 0.252667
vt 0.710772 0.204691
vt 0.809314 0.993189
vt 0.844593 0.748486
vt 0.799681 0.766537
vt 0.795370 0.616810
vt 0.844460 0.624653
vt 0.796731 0.566457
vt 0.846052 0.573862
vt 0.737687 0.589384
vt 0.737679 0.566887
vt 0.737691 0.611583
vt 0.903594 0.595045
vt 0.902086 0.622902
vt 0.947494 0.615460
vt 0.947980 0.591500
vt 0.993009 0.611673
vt 0.993010 0.589483
vt 0.948583 0.568105
vt 0.993012 0.566905
vt 0.904969 0.574145
vt 0.939443 0.344499
vt 0.898532 0.361084
vt 0.993076 0.320695
vt 0.854260 0.365264
vt 0.915162 0.347050
vt 0.854851 0.350073
vt 0.993004 0.780156
vt 0.944441 0.769131
vt 0.900724 0.759988
vt 0.936461 0.995025
vt 0.880074 0.997653
vt 0.789589 0.353336
vt 0.737576 0.320774
vt 0.459999 0.699940
vt 0.421847 0.911548
vt 0.493482 0.874305
vt 0.334346 0.703269
vt 0.334346 0.906337
vt 0.574509 0.696105
vt 0.570429 0.874521
vt 0.490508 0.948126
vt 0.334346 0.965522
vt 0.365140 0.975937
vt 0.420117 0.965795
vt 0.650541 0.838561
vt 0.643075 0.892767
vt 0.726515 0.817051
vt 0.726515 0.703484
vt 0.726515 0.932364
vt 0.709975 0.959389
vt 0.635989 0.948441
vt 0.695226 0.983366
vt 0.579503 0.979625
vt 0.726515 0.978941
vt 0.572418 0.925007
vt 0.726515 0.610225
vt 0.575486 0.609180
vt 0.574131 0.447552
vt 0.726515 0.445670
vt 0.628909 0.318546
vt 0.561909 0.331279
vt 0.561667 0.289065
vt 0.629838 0.284131
vt 0.681244 0.268659
vt 0.726515 0.308737
vt 0.465542 0.609718
vt 0.497836 0.448231
vt 0.389955 0.608312
vt 0.424485 0.456931
vt 0.334346 0.436815
vt 0.434410 0.332167
vt 0.334346 0.318454
vt 0.382074 0.269755
vt 0.433481 0.285227
vt 0.501409 0.332846
vt 0.501652 0.290161
vt 0.532354 0.423067
vt 0.334346 0.607952
vt 0.079805 0.232283
vt 0.164710 0.210607
vt 0.122523 0.194649
vt 0.082536 0.195321
vt 0.065738 0.163787
vt 0.098907 0.148763
vt 0.061632 0.142152
vt 0.067395 0.121429
vt 0.123677 0.114515
vt 0.175785 0.114562
vt 0.094627 0.115280
vt 0.071940 0.113520
vt 0.035702 0.148111
vt 0.041923 0.132093
vt 0.020229 0.138299
vt 0.026355 0.125859
vt 0.005702 0.131286
vt 0.011940 0.118620
vt 0.124248 0.087244
vt 0.097369 0.085301
vt 0.124231 0.055219
vt 0.098622 0.055224
vt 0.124118 0.033753
vt 0.158367 0.040381
vt 0.164154 0.054336
vt 0.099739 0.035139
vt 0.171577 0.088395
vt 0.192231 0.080816
vt 0.172887 0.036601
vt 0.229659 0.051083
vt 0.207206 0.014433
vt 0.253565 0.037615
vt 0.259273 0.099604
vt 0.295568 0.088781
vt 0.225257 0.005464
vt 0.257519 0.214069
vt 0.210893 0.208562
vt 0.203087 0.112287
vt 0.256732 0.004405
vt 0.275505 0.029551
vt 0.296663 0.056271
vt 0.254448 0.243670
vt 0.287294 0.248875
vt 0.299549 0.220380
vt 0.323300 0.104611
vt 0.343328 0.116239
vt 0.349575 0.166371
vt 0.341191 0.234380
vt 0.379236 0.180734
vt 0.393815 0.198439
vt 0.369935 0.227020
vt 0.383913 0.245331
vt 0.408148 0.211617
vt 0.372524 0.153454
vt 0.406401 0.154959
vt 0.418570 0.170953
vt 0.432503 0.130104
vt 0.445823 0.142555
vt 0.433494 0.180403
vt 0.448844 0.163198
vt 0.412154 0.127150
vt 0.395815 0.139939
vt 0.325332 0.261049
vt 0.344700 0.051550
vt 0.359289 0.070966
vt 0.389947 0.045029
vt 0.374202 0.026325
vt 0.391323 0.064504
vt 0.369359 0.086828
vt 0.352694 0.023153
vt 0.330809 0.036634
vt 0.068269 0.054545
vt 0.088448 0.054365
vt 0.085147 0.033440
vt 0.068311 0.035581
vt 0.069129 0.082960
vt 0.091835 0.081384
vt 0.214759 0.239928
vt 0.170727 0.242683
vt 0.094294 0.262400
vt 0.737783 0.987757
vt 0.737708 0.780107
vt 0.274783 0.263290
vt 0.251897 0.284556
vt 0.265085 0.304716
vt 0.290410 0.280108
vt 0.230808 0.322133
vt 0.234686 0.293532
vt 0.317161 0.315098
vt 0.326877 0.296848
vt 0.247112 0.446506
vt 0.230894 0.421947
vt 0.204488 0.436013
vt 0.200804 0.450038
vt 0.202857 0.296193
vt 0.220949 0.280878
vt 0.186739 0.265822
vt 0.206200 0.254811
vt 0.152216 0.291162
vt 0.194174 0.426648
vt 0.177297 0.438725
vt 0.148125 0.271043
vt 0.109679 0.437051
vt 0.158639 0.453515
vt 0.110675 0.292890
vt 0.130164 0.279394
vt 0.048936 0.787641
vt 0.037433 0.823986
vt 0.095670 0.805101
vt 0.018334 0.795488
vt 0.001309 0.823986
vt 0.001309 0.828672
vt 0.001309 0.805245
vt 0.001309 0.793266
vt 0.072476 0.756292
vt 0.104842 0.722758
vt 0.009703 0.762035
vt 0.001309 0.770446
vt 0.001309 0.745864
vt 0.041600 0.754625
vt 0.045013 0.731461
vt 0.001309 0.728107
vt 0.001309 0.706350
vt 0.045012 0.704329
vt 0.000634 0.640415
vt 0.080537 0.664700
vt 0.172489 0.654188
vt 0.168984 0.731210
vt 0.146949 0.810560
vt 0.044855 0.876465
vt 0.134665 0.883862
vt 0.053879 0.921862
vt 0.230813 0.753236
vt 0.327296 0.709405
vt 0.289853 0.844016
vt 0.198004 0.819694
vt 0.222406 0.906637
vt 0.208321 0.985394
vt 0.032665 0.835220
vt 0.001309 0.884699
vt 0.068912 0.997425
vt 0.136690 0.961832
vt 0.001309 0.847491
vt 0.001309 0.839125
vt 0.041894 0.649915
vt 0.070649 0.583980
vt 0.103642 0.580263
vt 0.049090 0.502723
vt 0.103028 0.449168
vt 0.013527 0.576938
vt 0.001309 0.788851
vt 0.992969 0.987765
vt 0.232379 0.916718
vt 0.282941 0.969753
vt 0.311768 0.908112
vt 0.306313 0.933309
vt 0.220304 0.994415
vt 0.243005 0.989735
vt 0.222758 0.978624
vt 0.468563 0.011307
vt 0.435273 0.011298
s 1
usemtl enemy_tonnel.001
f 619/279/508 620/280/509 621/281/510
f 619/279/508 621/281/510 622/282/511
f 622/282/511 621/281/510 623/283/512
f 622/282/511 623/283/512 624/284/513
f 621/281/510 620/280/509 625/285/514
f 621/281/510 625/285/514 626/286/515
f 623/283/512 621/281/510 626/286/515
f 623/283/512 626/286/515 627/287/516
f 628/288/517 627/287/516 626/286/515
f 628/288/517 626/286/515 629/289/518
f 629/289/518 626/286/515 625/285/514
f 619/279/508 630/290/519 620/280/509
f 622/282/511 624/284/513 631/291/520
f 632/292/521 622/282/511 631/291/520
f 619/279/508 622/282/511 632/292/521
f 632/292/521 631/291/520 633/293/522
f 632/292/521 633/293/522 634/294/523
f 634/294/523 635/295/524 632/292/521
f 619/279/508 632/292/521 635/295/524
f 636/296/525 630/290/519 619/279/508
f 636/296/525 619/279/508 635/295/524
f 636/296/525 637/297/526 630/290/519
f 636/296/525 638/298/527 637/297/526
f 638/298/527 639/299/528 637/297/526
f 640/300/529 638/298/527 636/296/525
f 634/294/523 640/300/529 635/295/524
f 636/296/525 635/295/524 640/300/529
f 640/300/529 641/301/530 638/298/527
f 642/302/531 639/299/528 638/298/527
f 642/302/531 638/298/527 641/301/530
f 643/303/532 630/290/519 637/297/526
f 644/304/533 643/303/532 637/297/526
f 644/304/533 637/297/526 645/305/534
f 637/297/526 639/299/528 645/305/534
f 639/299/528 646/306/535 645/305/534
f 647/307/536 643/303/532 644/304/533
f 647/307/536 648/308/537 643/303/532
f 648/308/537 647/307/536 649/309/538
f 648/308/537 649/309/538 650/310/539
f 651/311/540 648/308/537 650/310/539
f 651/311/540 650/310/539 652/312/541
f 645/305/534 653/313/542 644/304/533
f 645/305/534 654/314/543 653/313/542
f 653/313/542 655/315/544 644/304/533
f 655/315/544 647/307/536 644/304/533
f 655/315/544 656/316/545 647/307/536
f 649/309/538 647/307/536 656/316/545
f 655/315/544 657/317/546 656/316/545
f 648/308/537 651/311/540 620/280/509
f 648/308/537 620/280/509 643/303/532
f 643/303/532 620/280/509 630/290/519
f 620/280/509 651/311/540 658/318/547
f 658/318/547 651/311/540 652/312/541
f 625/285/514 658/318/547 652/312/541
f 625/285/514 620/280/509 658/318/547
f 629/289/518 625/285/514 652/312/541
f 659/319/548 660/320/549 661/321/550
f 660/320/549 662/322/551 661/321/550
f 660/320/549 663/323/552 662/322/551
f 663/323/552 664/324/553 662/322/551
f 663/323/552 665/325/554 664/324/553
f 666/326/555 662/322/551 664/324/553
f 667/327/556 666/326/555 664/324/553
f 666/326/555 668/328/557 662/322/551
f 661/321/550 662/322/551 668/328/557
f 669/329/558 665/325/554 663/323/552
f 670/330/559 669/329/558 663/323/552
f 670/330/559 663/323/552 660/320/549
f 669/329/558 670/330/559 671/331/560
f 669/329/558 671/331/560 672/332/561
f 672/332/561 671/331/560 673/333/562
f 672/332/561 673/333/562 674/334/563
f 675/335/564 672/332/561 674/334/563
f 675/335/564 674/334/563 676/336/565
f 677/337/566 669/329/558 672/332/561
f 677/337/566 672/332/561 675/335/564
f 669/329/558 677/337/566 665/325/554
f 677/337/566 675/335/564 678/338/567
f 678/338/567 675/335/564 676/336/565
f 677/337/566 678/338/567 679/339/568
f 665/325/554 677/337/566 679/339/568
f 678/338/567 676/336/565 680/340/569
f 665/325/554 679/339/568 681/341/570
f 682/342/571 681/341/570 679/339/568
f 682/342/571 683/343/572 681/341/570
f 671/331/560 684/344/573 673/333/562
f 671/331/560 685/345/574 684/344/573
f 671/331/560 670/330/559 686/346/575
f 671/331/560 686/346/575 685/345/574
f 687/347/576 684/344/573 685/345/574
f 686/346/575 687/347/576 685/345/574
f 670/330/559 660/320/549 686/346/575
f 660/320/549 688/348/577 686/346/575
f 660/320/549 689/319/548 688/348/577
f 686/346/575 688/348/577 690/347/578
f 681/341/570 691/349/579 664/324/553
f 681/341/570 664/324/553 665/325/554
f 692/349/580 667/327/556 664/324/553
f 693/349/581 694/350/582 667/327/583
f 695/351/584 696/352/585 697/353/586
f 695/351/584 698/354/587 696/352/585
f 698/354/587 699/355/588 696/352/585
f 697/353/586 700/356/589 695/351/584
f 697/353/586 701/357/590 700/356/589
f 697/353/586 696/352/585 702/358/591
f 696/352/585 699/355/588 703/359/592
f 696/352/585 703/359/592 704/360/593
f 704/360/593 705/361/594 696/352/585
f 696/352/585 705/361/594 702/358/591
f 700/356/589 701/357/590 706/362/595
f 707/363/596 706/362/595 701/357/590
f 707/363/596 708/364/597 706/362/595
f 709/365/598 706/362/595 708/364/597
f 709/365/598 700/356/589 706/362/595
f 710/366/599 708/364/597 707/363/596
f 710/366/599 707/363/596 711/367/600
f 707/363/596 712/368/601 711/367/600
f 711/367/600 712/368/601 713/369/602
f 712/368/601 707/363/596 714/370/603
f 715/371/604 710/366/599 711/367/600
f 716/371/605 711/367/600 713/369/602
f 707/363/596 701/357/590 717/372/606
f 707/363/596 717/372/606 714/370/603
f 717/372/606 701/357/590 697/353/586
f 717/372/606 697/353/586 702/358/591
f 718/370/607 717/372/606 702/358/591
f 712/368/601 719/370/608 713/369/602
f 709/365/598 720/373/609 721/374/610
f 709/365/598 721/374/610 700/356/589
f 720/373/609 722/375/611 721/374/610
f 720/373/609 723/376/612 722/375/611
f 723/376/612 724/377/613 722/375/611
f 725/378/614 722/375/611 724/377/613
f 724/377/613 726/379/615 725/378/614
f 724/377/613 727/380/616 726/379/615
f 728/381/617 727/380/616 724/377/613
f 724/377/613 729/382/618 728/381/617
f 723/376/612 729/382/618 724/377/613
f 695/351/584 700/356/589 721/374/610
f 695/351/584 721/374/610 730/383/619
f 731/384/620 730/383/619 721/374/610
f 731/384/620 721/374/610 722/375/611
f 731/384/620 732/385/621 730/383/619
f 695/351/584 730/383/619 732/385/621
f 731/384/620 733/386/622 732/385/621
f 733/386/622 734/387/623 732/385/621
f 734/387/623 733/386/622 735/388/624
f 735/388/624 733/386/622 731/384/620
f 734/387/623 735/388/624 736/389/625
f 735/388/624 737/390/626 736/389/625
f 735/388/624 738/391/627 737/390/626
f 738/391/627 735/388/624 739/392/628
f 738/391/627 739/392/628 740/393/629
f 695/351/584 732/385/621 698/354/587
f 735/388/624 731/384/620 741/394/630
f 735/388/624 741/394/630 739/392/628
f 698/354/587 732/385/621 742/395/631
f 732/385/621 734/387/623 742/395/631
f 743/396/632 744/397/633 745/398/634
f 746/399/635 743/396/632 745/398/634
f 745/398/634 747/400/636 746/399/635
f 745/398/634 748/401/637 747/400/636
f 747/400/636 748/401/637 749/402/638
f 748/401/637 750/403/639 749/402/638
f 751/404/640 748/401/637 745/398/634
f 745/398/634 752/405/641 751/404/640
f 748/401/637 751/404/640 753/406/642
f 748/401/637 753/406/642 750/403/639
f 753/406/642 754/407/643 750/403/639
f 755/408/644 747/400/636 749/402/638
f 755/408/644 749/402/638 756/409/645
f 757/410/646 755/408/644 756/409/645
f 757/410/646 756/409/645 758/411/647
f 759/412/648 757/410/646 758/411/647
f 759/412/648 758/411/647 760/413/649
f 753/406/642 751/404/640 761/414/650
f 753/406/642 761/414/650 762/415/651
f 762/415/651 761/414/650 763/416/652
f 762/415/651 763/416/652 764/417/653
f 763/416/652 765/418/654 764/417/653
f 766/419/655 765/418/654 763/416/652
f 767/420/656 766/419/655 763/416/652
f 761/414/650 767/420/656 763/416/652
f 765/418/654 768/421/657 764/417/653
f 761/414/650 769/422/658 767/420/656
f 770/423/659 771/424/660 767/420/661
f 772/425/662 771/424/660 770/423/659
f 772/425/662 773/426/663 771/424/660
f 774/427/664 773/426/663 772/425/662
f 775/428/665 774/427/664 772/425/662
f 772/425/662 770/423/659 775/428/665
f 775/428/665 776/429/666 774/427/664
f 774/427/664 777/430/667 773/426/663
f 776/429/666 775/428/665 778/431/668
f 775/428/665 779/432/669 778/431/668
f 775/428/665 780/433/670 779/432/669
f 770/423/659 780/433/670 775/428/665
f 780/433/670 770/423/659 781/422/671
f 782/405/641 780/433/670 781/422/671
f 779/432/669 780/433/670 782/405/641
f 774/427/664 783/434/653 777/430/667
f 774/427/664 784/435/651 783/434/653
f 785/429/672 784/435/651 774/427/664
f 785/429/672 786/436/673 784/435/651
f 744/397/674 779/432/669 782/405/641
f 779/432/669 787/437/675 778/431/668
f 788/438/676 778/431/668 787/437/675
f 788/438/676 789/439/677 778/431/668
f 790/429/678 778/431/668 789/439/677
f 791/440/679 790/429/678 789/439/677
f 789/439/677 792/441/680 791/440/679
f 789/439/677 793/442/681 792/441/680
f 789/439/677 794/443/682 793/442/681
f 788/438/676 794/443/682 789/439/677
f 795/444/683 793/442/681 794/443/682
f 794/443/682 796/445/684 795/444/683
f 794/443/682 797/446/685 796/445/684
f 798/447/686 797/446/685 794/443/682
f 796/445/684 797/446/685 798/447/686
f 796/445/684 798/447/686 799/448/687
f 795/444/683 800/449/688 793/442/681
f 796/445/684 801/450/689 795/444/683
f 796/445/684 802/451/690 801/450/689
f 799/448/687 802/451/690 796/445/684
f 802/451/690 803/452/691 801/450/689
f 802/451/690 804/453/692 803/452/691
f 799/448/687 805/454/693 802/451/690
f 805/454/693 804/453/692 802/451/690
f 805/454/693 806/455/694 804/453/692
f 807/456/695 801/450/689 803/452/691
f 807/456/695 808/457/696 801/450/689
f 808/457/696 800/449/688 795/444/683
f 808/457/696 795/444/683 801/450/689
f 788/438/676 809/458/697 794/443/682
f 810/459/698 811/460/699 812/461/700
f 810/459/698 812/461/700 813/462/701
f 790/429/678 811/460/699 810/459/698
f 790/429/678 791/440/679 811/460/699
f 811/460/699 814/463/702 812/461/700
f 811/460/699 815/464/703 814/463/702
f 791/440/679 815/464/703 811/460/699
f 791/440/679 792/441/680 815/464/703
f 810/459/698 813/462/701 816/465/704
f 810/459/698 816/465/704 817/466/705
f 818/429/678 810/459/698 817/466/705
f 818/429/678 817/466/705 819/436/706
f 820/422/707 770/423/708 821/420/709
f 751/404/640 752/405/641 769/422/710
f 751/404/640 822/422/671 761/414/650
f 823/467/711 824/468/712 825/469/713
f 823/467/711 825/469/713 826/470/714
f 827/471/715 824/468/712 823/467/711
f 827/471/715 828/472/716 824/468/712
f 753/406/642 828/472/716 827/471/715
f 754/407/643 753/406/642 827/471/715
f 744/397/633 829/405/717 745/398/634
f 779/432/669 830/473/718 787/437/675
f 831/397/719 830/473/718 779/432/669
f 831/397/719 832/474/720 830/473/718
f 833/475/721 832/474/720 831/397/719
f 833/475/721 831/397/719 743/396/722
f 834/476/723 835/319/548 661/321/550
f 834/476/723 661/321/550 836/477/573
f 836/477/573 661/321/550 668/328/557
f 837/478/724 838/479/725 839/480/726
f 837/478/724 839/480/726 840/481/727
f 838/479/725 841/482/728 839/480/726
f 838/479/725 842/483/729 841/482/728
f 839/480/726 843/484/730 840/481/727
f 840/481/727 843/484/730 844/485/731
f 839/480/726 845/486/732 843/484/730
f 839/480/726 841/482/728 846/487/733
f 839/480/726 846/487/733 845/486/732
f 847/488/734 845/486/732 846/487/733
f 841/482/728 847/488/734 846/487/733
f 847/488/734 848/489/735 845/486/732
f 841/482/728 849/490/736 847/488/734
f 850/483/737 849/490/736 841/482/728
f 850/483/737 851/491/738 849/490/736
f 851/491/738 852/492/739 849/490/736
f 851/491/738 853/493/740 852/492/739
f 852/492/739 854/494/741 849/490/736
f 849/490/736 855/495/742 847/488/734
f 855/495/742 849/490/736 856/496/743
f 847/488/734 855/495/742 856/496/743
f 847/488/734 856/496/743 848/489/735
f 849/490/736 854/494/741 856/496/743
f 852/492/744 857/497/745 858/494/741
f 859/498/746 860/499/747 861/496/748
f 862/500/730 859/498/746 861/496/748
f 862/500/730 861/496/748 863/494/749
f 864/501/750 862/500/730 863/494/749
f 865/502/751 866/503/752 867/504/753
f 865/502/751 868/505/754 866/503/752
f 868/505/754 869/506/755 866/503/752
f 870/507/756 866/503/752 869/506/755
f 869/506/755 868/505/754 871/508/757
f 871/508/757 868/505/754 872/509/758
f 867/504/753 873/510/759 865/502/751
f 867/504/753 874/511/760 873/510/759
f 868/505/754 865/502/751 875/512/761
f 876/513/762 868/505/754 875/512/761
f 876/513/762 875/512/761 877/514/763
f 865/502/751 878/515/764 875/512/761
f 865/502/751 873/510/759 878/515/764
f 879/516/765 877/514/763 875/512/761
f 875/512/761 878/515/764 879/516/765
f 878/515/764 873/510/759 879/516/765
f 873/510/759 874/511/760 879/516/765
f 877/514/763 879/516/765 880/517/766
f 880/517/766 879/516/765 881/518/767
f 879/516/765 882/519/768 881/518/767
f 874/511/760 882/519/768 879/516/765
f 881/518/767 882/519/768 883/520/769
f 884/521/770 882/519/768 874/511/760
f 884/521/770 874/511/760 885/522/771
f 874/511/760 886/523/772 885/522/771
f 867/504/753 886/523/772 874/511/760
f 867/504/753 887/524/773 886/523/772
f 888/525/774 887/524/773 867/504/753
f 888/525/774 889/526/775 887/524/773
f 888/525/774 890/527/776 889/526/775
f 886/523/772 891/528/777 885/522/771
f 887/524/773 891/528/777 886/523/772
f 892/529/778 885/522/771 891/528/777
f 892/529/778 891/528/777 893/530/779
f 893/530/779 891/528/777 894/531/780
f 889/526/775 894/531/780 887/524/773
f 887/524/773 894/531/780 891/528/777
f 893/530/779 894/531/780 895/532/781
f 889/526/775 896/532/782 894/531/780
f 897/533/783 896/532/782 889/526/775
f 888/525/774 867/504/753 898/534/784
f 899/535/785 888/525/774 898/534/784
f 888/525/774 899/535/785 900/527/786
f 900/527/787 901/536/788 889/526/789
f 901/536/788 902/537/790 889/526/789
f 903/538/791 899/535/785 898/534/784
f 904/539/792 903/538/791 898/534/784
f 905/537/793 906/533/794 889/526/795
f 907/526/796 908/531/797 896/532/798
f 907/526/796 909/524/799 908/531/797
f 910/525/800 909/524/799 907/526/796
f 910/525/800 907/526/796 911/527/801
f 910/525/800 912/504/802 909/524/799
f 912/504/802 913/523/803 909/524/799
f 912/504/802 914/511/804 913/523/803
f 912/504/802 915/510/805 914/511/804
f 912/504/802 916/502/806 915/510/805
f 916/502/806 912/504/802 917/503/807
f 916/502/806 917/503/807 918/505/808
f 918/505/808 917/503/807 919/506/809
f 920/507/810 919/506/809 917/503/807
f 919/506/809 921/508/811 918/505/808
f 921/508/811 922/509/758 918/505/808
f 918/505/808 923/512/812 916/502/806
f 924/513/813 923/512/812 918/505/808
f 924/513/813 925/514/814 923/512/812
f 916/502/806 923/512/812 926/515/815
f 916/502/806 926/515/815 915/510/805
f 927/516/816 923/512/812 925/514/814
f 923/512/812 927/516/816 926/515/815
f 926/515/815 927/516/816 915/510/805
f 915/510/805 927/516/816 914/511/804
f 925/514/814 928/517/817 927/516/816
f 928/517/817 929/518/767 927/516/816
f 927/516/816 929/518/767 930/519/818
f 914/511/804 927/516/816 930/519/818
f 931/521/819 914/511/804 930/519/818
f 931/521/819 932/522/820 914/511/804
f 914/511/804 932/522/820 913/523/803
f 913/523/803 932/522/820 933/528/821
f 934/529/778 933/528/821 932/522/820
f 934/529/778 935/530/779 933/528/821
f 935/530/779 908/531/797 933/528/821
f 935/530/779 936/532/822 908/531/797
f 909/524/799 913/523/803 933/528/821
f 909/524/799 933/528/821 908/531/797
f 931/521/819 930/519/818 937/540/823
f 937/540/823 938/541/824 931/521/819
f 931/521/819 938/541/824 939/542/825
f 939/542/825 938/541/824 940/543/826
f 940/543/826 941/544/778 939/542/825
f 937/540/823 930/519/818 942/520/827
f 938/541/824 937/540/823 942/520/827
f 929/518/767 942/520/827 930/519/818
f 938/541/824 942/520/827 943/545/828
f 944/543/829 938/541/824 943/545/828
f 945/543/826 946/542/830 941/544/831
f 946/542/830 945/543/826 947/541/832
f 884/521/770 946/542/830 947/541/832
f 948/540/833 884/521/770 947/541/832
f 884/521/770 948/540/833 882/519/768
f 948/540/833 883/520/769 882/519/768
f 947/541/832 883/520/769 948/540/833
f 947/541/832 949/545/834 883/520/769
f 950/543/835 949/545/834 947/541/832
f 951/509/836 868/505/837 952/546/838
f 868/505/837 953/513/839 952/546/838
f 951/509/836 952/546/838 918/505/808
f 918/505/808 952/546/838 953/513/839
f 954/347/576 955/547/840 684/344/573
f 956/548/841 957/549/842 958/550/843
f 957/549/842 959/551/844 958/550/843
f 960/552/845 961/553/846 962/554/847
f 961/553/846 963/549/848 962/554/847
f 964/548/849 962/554/847 963/549/848
f 965/555/850 966/556/851 639/299/528
f 642/302/531 965/555/850 639/299/528
f 966/556/851 646/306/535 639/299/528
f 967/279/852 968/282/853 969/281/854
f 967/279/852 969/281/854 970/280/855
f 968/282/853 971/283/856 969/281/854
f 968/282/853 972/284/857 971/283/856
f 969/281/854 973/285/858 970/280/855
f 969/281/854 974/286/859 973/285/858
f 971/283/856 974/286/859 969/281/854
f 971/283/856 975/287/860 974/286/859
f 976/288/861 974/286/859 975/287/860
f 976/288/861 977/289/862 974/286/859
f 977/289/862 973/285/858 974/286/859
f 967/279/852 970/280/855 978/290/863
f 968/282/853 979/291/864 972/284/857
f 980/292/865 979/291/864 968/282/853
f 967/279/852 980/292/865 968/282/853
f 980/292/865 981/293/861 979/291/864
f 980/292/865 982/294/866 981/293/861
f 982/294/866 980/292/865 983/295/867
f 967/279/852 983/295/867 980/292/865
f 984/296/868 983/295/867 967/279/852
f 984/296/868 967/279/852 978/290/863
f 984/296/868 978/290/863 985/297/869
f 984/296/868 985/297/869 986/298/870
f 986/298/870 985/297/869 987/299/871
f 988/300/872 984/296/868 986/298/870
f 982/294/866 983/295/867 988/300/872
f 984/296/868 988/300/872 983/295/867
f 988/300/872 986/298/870 989/301/873
f 990/302/874 986/298/870 987/299/871
f 990/302/874 989/301/873 986/298/870
f 991/303/875 985/297/869 978/290/863
f 992/304/876 985/297/869 991/303/875
f 992/304/876 993/305/877 985/297/869
f 985/297/869 993/305/877 987/299/871
f 987/299/871 993/305/877 994/306/878
f 995/307/879 992/304/876 991/303/875
f 995/307/879 991/303/875 996/308/880
f 996/308/880 997/309/881 995/307/879
f 996/308/880 998/310/882 997/309/881
f 999/311/883 998/310/882 996/308/880
f 999/311/883 1000/312/884 998/310/882
f 993/305/877 992/304/876 1001/313/885
f 993/305/877 1001/313/885 1002/314/886
f 1001/313/885 992/304/876 1003/315/887
f 1003/315/887 992/304/876 995/307/879
f 1003/315/887 995/307/879 1004/316/888
f 997/309/881 1004/316/888 995/307/879
f 1003/315/887 1004/316/888 1005/317/889
f 996/308/880 970/280/855 999/311/883
f 996/308/880 991/303/875 970/280/855
f 991/303/875 978/290/863 970/280/855
f 970/280/855 1006/318/890 999/311/883
f 1006/318/890 1000/312/884 999/311/883
f 973/285/858 1000/312/884 1006/318/890
f 973/285/858 1006/318/890 970/280/855
f 977/289/862 1000/312/884 973/285/858
f 1007/319/891 1008/321/892 1009/320/893
f 1009/320/893 1008/321/892 1010/322/894
f 1009/320/893 1010/322/894 1011/323/895
f 1011/323/895 1010/322/894 1012/324/896
f 1011/323/895 1012/324/896 1013/325/897
f 1014/326/898 1012/324/896 1010/322/894
f 1015/327/899 1012/324/896 1014/326/898
f 1014/326/898 1010/322/894 1016/328/900
f 1008/321/892 1016/328/900 1010/322/894
f 1017/329/901 1011/323/895 1013/325/897
f 1018/330/902 1011/323/895 1017/329/901
f 1018/330/902 1009/320/893 1011/323/895
f 1017/329/901 1019/331/903 1018/330/902
f 1017/329/901 1020/332/904 1019/331/903
f 1020/332/904 1021/333/905 1019/331/903
f 1020/332/904 1022/334/906 1021/333/905
f 1023/335/907 1022/334/906 1020/332/904
f 1023/335/907 1024/336/908 1022/334/906
f 1025/337/909 1023/335/907 1020/332/904
f 1025/337/909 1020/332/904 1017/329/901
f 1017/329/901 1013/325/897 1025/337/909
f 1025/337/909 1026/338/910 1023/335/907
f 1026/338/910 1024/336/908 1023/335/907
f 1025/337/909 1027/339/911 1026/338/910
f 1013/325/897 1027/339/911 1025/337/909
f 1026/338/910 1028/340/912 1024/336/908
f 1013/325/897 1029/341/913 1027/339/911
f 1019/331/903 1021/333/905 1030/344/914
f 1019/331/903 1030/344/914 1031/345/915
f 1019/331/903 1032/346/916 1018/330/902
f 1019/331/903 1031/345/915 1032/346/916
f 1033/347/917 1031/345/915 1030/344/914
f 1032/346/916 1031/345/915 1033/347/917
f 1018/330/902 1032/346/916 1009/320/893
f 1009/320/893 1032/346/916 1034/348/918
f 1009/320/893 1034/348/918 1035/319/919
f 1032/346/916 1036/347/917 1034/348/918
f 1037/342/920 1027/339/921 1038/341/922
f 1037/342/920 1038/341/922 1039/343/923
f 1029/341/913 1012/324/896 1040/349/924
f 1029/341/913 1013/325/897 1012/324/896
f 1041/349/925 1012/324/896 1015/327/899
f 1042/349/926 1015/327/927 1043/350/928
f 1044/351/929 1045/353/930 1046/352/931
f 1044/351/929 1046/352/931 1047/354/932
f 1047/354/932 1046/352/931 1048/355/933
f 1045/353/930 1044/351/929 1049/356/934
f 1045/353/930 1049/356/934 1050/357/935
f 1046/352/931 1045/353/930 1051/358/936
f 1046/352/931 1051/358/936 1052/361/937
f 1053/360/938 1046/352/931 1052/361/937
f 1046/352/931 1054/359/939 1048/355/933
f 1046/352/931 1053/360/938 1054/359/939
f 1055/372/940 1051/358/936 1045/353/930
f 1055/372/940 1045/353/930 1050/357/935
f 1056/370/941 1051/358/936 1055/372/940
f 1057/363/942 1055/372/940 1050/357/935
f 1055/372/940 1057/363/942 1058/370/943
f 1057/363/942 1050/357/935 1059/362/944
f 1049/356/934 1059/362/944 1050/357/935
f 1057/363/942 1059/362/944 1060/364/597
f 1061/365/945 1060/364/597 1059/362/944
f 1061/365/945 1059/362/944 1049/356/934
f 1062/366/946 1057/363/942 1060/364/597
f 1062/366/946 1063/367/947 1057/363/942
f 1057/363/942 1063/367/947 1064/368/948
f 1057/363/942 1064/368/948 1058/370/943
f 1064/368/948 1063/367/947 1065/369/949
f 1066/370/950 1064/368/948 1065/369/949
f 1067/371/951 1063/367/947 1062/366/946
f 1068/371/952 1065/369/949 1063/367/947
f 1061/365/945 1049/356/934 1069/374/953
f 1061/365/945 1069/374/953 1070/373/954
f 1070/373/954 1069/374/953 1071/375/955
f 1070/373/954 1071/375/955 1072/376/956
f 1072/376/956 1071/375/955 1073/377/957
f 1074/378/958 1073/377/957 1071/375/955
f 1073/377/957 1074/378/958 1075/379/959
f 1073/377/957 1075/379/959 1076/380/960
f 1077/381/961 1073/377/957 1076/380/960
f 1073/377/957 1077/381/961 1078/382/962
f 1072/376/956 1073/377/957 1078/382/962
f 1044/351/929 1069/374/953 1049/356/934
f 1044/351/929 1079/383/963 1069/374/953
f 1080/384/964 1071/375/955 1069/374/953
f 1080/384/964 1069/374/953 1079/383/963
f 1080/384/964 1079/383/963 1081/385/965
f 1044/351/929 1081/385/965 1079/383/963
f 1080/384/964 1081/385/965 1082/386/966
f 1082/386/966 1081/385/965 1083/387/967
f 1083/387/967 1084/388/968 1082/386/966
f 1084/388/968 1080/384/964 1082/386/966
f 1083/387/967 1085/389/969 1084/388/968
f 1084/388/968 1085/389/969 1086/390/970
f 1084/388/968 1086/390/970 1087/391/971
f 1087/391/971 1088/392/972 1084/388/968
f 1087/391/971 1089/393/973 1088/392/972
f 1044/351/929 1047/354/932 1081/385/965
f 1084/388/968 1090/394/974 1080/384/964
f 1084/388/968 1088/392/972 1090/394/974
f 1047/354/932 1091/395/975 1081/385/965
f 1081/385/965 1091/395/975 1083/387/967
f 1092/396/976 1093/398/977 1094/397/978
f 1095/399/979 1093/398/977 1092/396/976
f 1093/398/977 1095/399/979 1096/400/980
f 1093/398/977 1096/400/980 1097/401/981
f 1096/400/980 1098/402/982 1097/401/981
f 1097/401/981 1098/402/982 1099/403/983
f 1100/404/984 1093/398/977 1097/401/981
f 1093/398/977 1100/404/984 1101/405/985
f 1097/401/981 1102/406/986 1100/404/984
f 1097/401/981 1099/403/983 1102/406/986
f 1102/406/986 1099/403/983 1103/407/987
f 1104/408/988 1098/402/982 1096/400/980
f 1104/408/988 1105/409/989 1098/402/982
f 1106/410/990 1105/409/989 1104/408/988
f 1106/410/990 1107/411/991 1105/409/989
f 1108/412/992 1107/411/991 1106/410/990
f 1108/412/992 1109/413/993 1107/411/991
f 1102/406/986 1110/414/994 1100/404/984
f 1102/406/986 1111/415/995 1110/414/994
f 1111/415/995 1112/416/996 1110/414/994
f 1111/415/995 1113/417/997 1112/416/996
f 1112/416/996 1113/417/997 1114/418/998
f 1115/419/999 1112/416/996 1114/418/998
f 1116/420/1000 1112/416/996 1115/419/999
f 1110/414/994 1112/416/996 1116/420/1000
f 1114/418/998 1113/417/997 1117/421/1001
f 1110/414/994 1116/420/1000 1118/422/1002
f 1119/423/1003 1116/420/1000 1120/424/1004
f 1121/425/1005 1119/423/1003 1120/424/1004
f 1121/425/1005 1120/424/1004 1122/426/1006
f 1123/427/1007 1121/425/1005 1122/426/1006
f 1124/428/1008 1121/425/1005 1123/427/1007
f 1121/425/1005 1124/428/1008 1119/423/1003
f 1124/428/1008 1123/427/1007 1125/429/1009
f 1123/427/1007 1122/426/1006 1126/430/1001
f 1125/429/1009 1127/431/1010 1124/428/1008
f 1124/428/1008 1127/431/1010 1128/432/1011
f 1124/428/1008 1128/432/1011 1129/433/1012
f 1119/423/1003 1124/428/1008 1129/433/1012
f 1129/433/1012 1130/422/1013 1119/423/1003
f 1131/405/985 1130/422/1013 1129/433/1012
f 1128/432/1011 1131/405/985 1129/433/1012
f 1123/427/1007 1126/430/1001 1132/434/1014
f 1123/427/1007 1132/434/1014 1133/435/995
f 1134/429/1015 1123/427/1007 1133/435/995
f 1134/429/1015 1133/435/995 1135/436/1016
f 1094/397/1017 1131/405/985 1128/432/1011
f 1128/432/1011 1127/431/1010 1136/437/1018
f 1137/438/1019 1136/437/1018 1127/431/1010
f 1137/438/1019 1127/431/1010 1138/439/1020
f 1139/429/1009 1138/439/1020 1127/431/1010
f 1140/440/1021 1138/439/1020 1139/429/1009
f 1138/439/1020 1140/440/1021 1141/441/987
f 1138/439/1020 1141/441/987 1142/442/1022
f 1138/439/1020 1142/442/1022 1143/443/1023
f 1137/438/1019 1138/439/1020 1143/443/1023
f 1144/444/1024 1143/443/1023 1142/442/1022
f 1143/443/1023 1144/444/1024 1145/445/1025
f 1143/443/1023 1145/445/1025 1146/446/1026
f 1147/447/1027 1143/443/1023 1146/446/1026
f 1145/445/1025 1147/447/1027 1146/446/1026
f 1145/445/1025 1148/448/1028 1147/447/1027
f 1144/444/1024 1142/442/1022 1149/449/1029
f 1145/445/1025 1144/444/1024 1150/450/1030
f 1145/445/1025 1150/450/1030 1151/451/1031
f 1148/448/1028 1145/445/1025 1151/451/1031
f 1151/451/1031 1150/450/1030 1152/452/1032
f 1151/451/1031 1152/452/1032 1153/453/1033
f 1148/448/1028 1151/451/1031 1154/454/988
f 1154/454/988 1151/451/1031 1153/453/1033
f 1154/454/988 1153/453/1033 1155/455/1034
f 1156/456/1035 1152/452/1032 1150/450/1030
f 1156/456/1035 1150/450/1030 1157/457/1036
f 1157/457/1036 1150/450/1030 1144/444/1024
f 1157/457/1036 1144/444/1024 1149/449/1029
f 1137/438/1019 1143/443/1023 1158/458/1037
f 1159/459/1038 1160/461/1039 1161/460/1040
f 1159/459/1038 1162/462/1041 1160/461/1039
f 1139/429/1009 1159/459/1038 1161/460/1040
f 1139/429/1009 1161/460/1040 1140/440/1021
f 1161/460/1040 1160/461/1039 1163/463/1042
f 1161/460/1040 1163/463/1042 1164/464/1043
f 1140/440/1021 1161/460/1040 1164/464/1043
f 1140/440/1021 1164/464/1043 1141/441/987
f 1159/459/1038 1165/465/1044 1162/462/1041
f 1159/459/1038 1166/466/1045 1165/465/1044
f 1167/429/1015 1166/466/1045 1159/459/1038
f 1167/429/1015 1168/436/1046 1166/466/1045
f 1169/422/1047 1170/420/1048 1119/423/1049
f 1100/404/984 1118/422/1013 1101/405/985
f 1100/404/984 1110/414/994 1171/422/1002
f 1172/467/1042 1173/469/1041 1174/468/1050
f 1172/467/1042 1175/470/1039 1173/469/1041
f 1176/471/1051 1172/467/1042 1174/468/1050
f 1176/471/1051 1174/468/1050 1177/472/1052
f 1102/406/986 1176/471/1051 1177/472/1052
f 1103/407/987 1176/471/1051 1102/406/986
f 1094/397/978 1093/398/977 1178/405/985
f 1094/397/1017 1128/432/1011 1179/473/1053
f 1128/432/1011 1136/437/1018 1179/473/1053
f 1180/397/1054 1179/473/1055 1181/474/1056
f 1182/475/1057 1180/397/1054 1181/474/1056
f 1182/475/1057 1092/396/1058 1180/397/1054
f 1183/476/1059 1008/321/892 1184/319/919
f 1183/476/1059 1185/477/1060 1008/321/892
f 1185/477/1060 1016/328/900 1008/321/892
f 1186/478/1061 1187/481/1062 1188/480/1063
f 1186/478/1061 1188/480/1063 1189/479/1064
f 1189/479/1064 1188/480/1063 1190/482/1065
f 1189/479/1064 1190/482/1065 1191/483/1066
f 1188/480/1063 1187/481/1062 1192/484/1067
f 1187/481/1062 1193/485/1068 1192/484/1067
f 1188/480/1063 1192/484/1067 1194/486/1069
f 1188/480/1063 1195/487/1070 1190/482/1065
f 1188/480/1063 1194/486/1069 1195/487/1070
f 1196/488/1071 1195/487/1070 1194/486/1069
f 1190/482/1065 1195/487/1070 1196/488/1071
f 1196/488/1071 1194/486/1069 1197/489/1072
f 1190/482/1065 1196/488/1071 1198/490/1073
f 1199/483/1074 1190/482/1065 1198/490/1073
f 1199/483/1074 1198/490/1073 1200/491/1075
f 1200/491/1075 1198/490/1073 1201/492/1076
f 1200/491/1075 1201/492/1076 1202/493/1077
f 1201/492/1076 1198/490/1073 1203/494/1078
f 1198/490/1073 1196/488/1071 1204/495/1079
f 1204/495/1079 1205/496/1080 1198/490/1073
f 1196/488/1071 1205/496/1080 1204/495/1079
f 1196/488/1071 1197/489/1072 1205/496/1080
f 1198/490/1073 1205/496/1080 1203/494/1078
f 1201/492/1081 1206/494/1082 1207/497/1083
f 1208/498/1069 1209/496/1084 1210/499/1085
f 1211/500/1086 1209/496/1084 1208/498/1069
f 1211/500/1086 1212/494/1078 1209/496/1084
f 1213/501/1083 1212/494/1078 1211/500/1086
f 910/525/800 1214/527/1087 1215/535/1088
f 1215/535/1088 1216/534/1089 910/525/800
f 1217/538/791 1216/534/1089 1215/535/1088
f 1218/539/1090 1216/534/1089 1217/538/791
f 910/525/800 1216/534/1089 912/504/802
f 1214/527/1091 907/526/1092 1219/536/1093
f 1219/536/1093 907/526/1092 1220/537/1094
f 1221/537/1095 907/526/1096 1222/533/1097
f 1223/533/1098 907/526/796 896/532/798
f 1224/347/1099 1030/344/1060 1225/547/1100
f 1226/548/1101 1227/550/1102 1228/549/1103
f 1228/549/1103 1227/550/1102 1229/551/1104
f 1230/552/1105 1231/554/1106 1232/553/1107
f 1232/553/1107 1231/554/1106 1233/549/1108
f 1234/548/1109 1233/549/1108 1231/554/1106
f 1235/555/1110 987/299/871 1236/556/1111
f 990/302/874 987/299/871 1235/555/1110
f 1236/556/1111 987/299/871 994/306/878
