# Blender 5.1.2
# www.blender.org
mtllib monstro0008.mtl
o Object_33
v 4.565014 -132.905014 81.523972
v 4.338254 -132.559113 81.425369
v 6.325670 -132.440353 81.552483
v 6.325670 -132.918106 81.552483
v 7.102668 -132.467285 81.580780
v 7.102668 -132.936066 81.580780
v 4.604606 -132.289001 81.881615
v 5.673593 -132.345871 81.938492
v 7.098910 -132.480667 81.850616
v 7.098910 -132.718765 81.968033
v 5.673593 -132.678268 82.065178
v 4.188889 -132.890106 81.536995
v 7.098910 -132.925232 81.850616
v 5.354472 -133.015778 81.832832
v 7.098910 -132.718765 81.968033
v 5.673593 -132.678268 82.065178
v 4.604605 -132.949631 81.941986
v 4.228481 -132.949234 81.966881
v 2.392396 -133.100464 81.685524
v 3.052271 -133.067551 82.195854
v 1.939022 -133.067551 82.412827
v 4.416542 -132.597885 82.148407
v 3.241556 -132.678268 82.294983
v 2.372585 -132.678268 82.496277
v 2.392396 -132.244522 81.606728
v 1.900582 -132.319397 81.549591
v 1.900582 -133.096832 81.549591
v 1.605497 -133.076324 82.409904
v 1.939022 -132.346130 82.464088
v 3.052271 -132.289001 82.107231
v 2.372585 -132.678268 82.496277
v 3.241556 -132.678268 82.294983
v 4.151087 -132.272736 81.893082
v 4.416542 -132.597885 82.148407
v 1.633513 -132.371201 81.323006
v 1.526906 -133.167282 81.323006
v 1.605497 -132.325760 82.426895
v 1.942397 -132.678268 82.536102
v 1.607806 -132.678268 82.516968
v 4.379998 -132.272202 81.886894
v 0.619154 -132.449768 68.875793
v 0.414365 -132.308167 71.593933
v 0.935154 -132.266754 71.382149
v 0.993650 -132.513153 73.058838
v 0.487022 -132.523544 72.977684
v 0.994998 -132.511032 73.598366
v 0.464458 -132.539154 73.509979
v 1.172612 -133.127411 73.350433
v 1.172613 -133.171326 73.623421
v 1.172612 -133.095306 73.087509
v 0.308060 -133.138672 73.254631
v 0.308060 -133.095306 72.949013
v 0.740336 -133.327408 73.018265
v 0.740336 -133.369629 73.285431
v 1.172612 -133.095306 73.087509
v 1.172612 -133.127411 73.350433
v 0.740337 -133.412094 73.554169
v 1.172613 -133.171326 73.623421
v 0.308061 -133.171326 73.484924
v 0.830301 -133.629517 76.088402
v 0.306055 -133.237137 76.277496
v 1.230235 -133.237137 76.416039
v 0.334208 -132.405548 76.120567
v 0.012404 -133.560760 76.376801
v 0.012404 -132.527084 76.250900
v 1.165215 -132.951279 71.227577
v 0.715179 -133.245193 71.333466
v 0.333095 -132.951279 71.439354
v 0.619154 -133.154327 68.875793
v 0.372845 -132.879669 68.875793
v 0.619154 -132.449768 68.875793
v 0.619154 -133.154327 68.875793
v 1.294992 -132.310837 76.166573
v 1.294992 -132.310837 76.166573
v 1.294992 -132.310837 76.166573
v 1.230235 -133.237137 76.416039
v 0.968926 -133.528076 78.856369
v 0.846803 -133.735321 77.065964
v 1.250908 -133.261337 77.246635
v 0.012404 -134.118225 78.877609
v 0.012404 -133.861694 76.941177
v 1.115779 -132.679794 78.887535
v 1.245259 -132.425232 77.246635
v 1.230235 -133.237137 76.416039
v 0.012404 -133.560760 76.376801
v 0.306055 -133.237137 76.277496
v 0.830301 -133.629517 76.088402
v 0.760325 -132.216232 77.589539
v 0.831511 -132.105301 77.072639
v 0.012404 -132.278580 77.794662
v 0.012404 -132.310715 78.877609
v 0.012404 -132.254700 76.695053
v 0.193570 -132.208344 76.437347
v 0.899084 -132.132019 76.541748
v 0.334208 -132.405548 76.120567
v 1.294992 -132.310837 76.166573
v 0.012404 -132.527084 76.250900
v 0.012404 -132.527084 76.250900
v 1.280284 -132.421356 77.007362
v 1.294992 -132.310837 76.166573
v 1.294992 -132.310837 76.166573
v 0.012404 -132.197815 79.766899
v 1.178962 -132.571777 79.716705
v 1.633513 -132.371201 81.323006
v 0.012404 -131.796722 81.336067
v 0.966596 -132.178238 82.548309
v 1.605497 -132.325760 82.426895
v 1.607806 -132.678268 82.516968
v 0.957743 -132.678268 82.564018
v 0.467534 -132.733658 82.711540
v 0.012404 -132.288986 82.641838
v 1.050097 -133.475220 79.716705
v 1.526906 -133.167282 81.323006
v 0.542687 -133.922379 79.783081
v 0.871952 -133.728806 81.226639
v 0.012404 -133.906128 81.418457
v 0.966596 -133.067551 82.416367
v 0.012404 -133.111694 82.547127
v 0.467534 -132.733658 82.711540
v 0.957743 -132.678268 82.564018
v 1.605497 -133.076324 82.409904
v 1.607806 -132.678268 82.516968
v 1.900582 -133.096832 81.549591
v 0.012404 -134.090424 79.786514
v 7.304121 -132.976486 81.539520
v 7.304121 -132.432266 81.539520
v 7.452557 -132.662125 81.548004
v 7.471015 -132.844849 81.398323
v 7.696621 -132.936188 81.390800
v 7.722791 -132.771652 81.550415
v 7.814222 -132.987167 81.503250
v 7.732298 -133.018936 81.643456
v 7.998094 -132.651062 81.764587
v 7.924614 -132.317245 81.640755
v 8.008974 -132.868790 81.784622
v 8.016235 -133.040833 81.797997
v 7.952839 -132.976318 81.351234
v 7.976388 -133.031403 81.470039
v 8.094219 -132.966843 81.358345
v 8.104343 -133.019913 81.451134
v 8.187252 -133.033829 81.308746
v 8.197563 -133.087860 81.403229
v 8.153023 -132.647873 81.636078
v 8.201752 -132.844437 81.635910
v 8.200872 -132.660660 81.448280
v 8.219378 -132.841660 81.454140
v 8.336580 -132.645706 81.376869
v 8.252338 -132.421677 81.386719
v 8.151924 -132.412354 81.434792
v 8.352680 -132.813370 81.379700
v 8.087557 -132.318771 81.625534
v 8.194149 -132.314926 81.691910
v 8.252338 -132.421677 81.386719
v 8.348555 -132.648483 81.680092
v 8.336580 -132.645706 81.376869
v 8.341963 -132.848007 81.679138
v 8.046482 -132.672836 81.948761
v 8.044224 -132.872360 81.942497
v 8.352680 -132.813370 81.379700
v 7.304121 -132.709824 81.981804
v 7.304121 -132.432266 81.840729
v 7.963366 -132.302612 81.818100
v 8.087557 -132.318771 81.625534
v 7.924614 -132.317245 81.640755
v 8.219378 -132.841660 81.454140
v 8.201752 -132.844437 81.635910
v 8.044224 -132.872360 81.942497
v 8.008974 -132.868790 81.784622
v 7.098910 -132.718765 81.968033
v 7.098910 -132.925232 81.850616
v 7.304121 -132.976486 81.828369
v 8.044224 -132.872360 81.942497
v 8.042400 -133.033569 81.937431
v 8.016235 -133.040833 81.797997
v 7.732298 -133.018936 81.643456
v 7.304121 -132.976486 81.539520
v 7.704122 -133.117828 81.460487
v 7.670760 -133.044693 81.334610
v 7.422751 -132.983292 81.389915
v 7.471015 -132.844849 81.398323
v 7.696621 -132.936188 81.390800
v 7.814222 -132.987167 81.503250
v 7.961060 -133.152039 81.418671
v 7.930259 -133.077530 81.288940
v 8.197563 -133.087860 81.403229
v 8.187252 -133.033829 81.308746
v 7.952839 -132.976318 81.351234
v 8.094219 -132.966843 81.358345
v 8.104343 -133.019913 81.451134
v 7.976388 -133.031403 81.470039
v 7.102668 -132.936066 81.580780
v 8.393637 -132.844879 81.783943
v 8.388773 -133.006104 81.781639
v 8.486700 -132.989838 81.489441
v 8.490694 -132.861145 81.487854
v 8.346937 -133.003601 81.520737
v 8.271900 -133.013351 81.701218
v 8.335295 -132.851074 81.527557
v 8.257322 -132.841324 81.696854
v 8.044224 -132.872360 81.942497
v 8.008974 -132.868790 81.784622
v 8.087557 -132.318771 81.625534
v 8.151924 -132.412354 81.434792
v 8.087557 -132.318771 81.625534
v 8.346937 -133.003601 81.520737
v 8.335295 -132.851074 81.527557
v 8.490694 -132.861145 81.487854
v 8.486700 -132.989838 81.489441
v 8.271900 -133.013351 81.701218
v 8.257322 -132.841324 81.696854
v 7.924614 -132.317245 81.640755
v 7.098910 -132.480667 81.850616
v 7.304121 -132.432266 81.539520
v 7.102668 -132.467285 81.580780
v 7.102668 -132.936066 81.580780
v 0.881024 -132.879669 68.875793
v 0.619154 -132.449768 68.875793
v 1.165215 -132.951279 71.227577
v 0.619154 -132.449768 68.875793
v 0.881024 -132.879669 68.875793
v 0.881024 -132.879669 68.505905
v 0.619154 -132.449768 68.505905
v 0.619154 -133.228241 68.523651
v 0.619154 -133.154327 68.875793
v 0.905084 -132.523376 67.862648
v 0.619154 -132.354263 67.868217
v 1.063068 -134.537628 67.862648
v 0.780535 -134.328842 68.173485
v 0.426572 -134.625900 68.047722
v 0.394534 -134.811234 67.910217
v 0.357284 -132.879669 68.505905
v 0.619154 -133.154327 68.875793
v 0.372845 -132.879669 68.875793
v 0.619154 -132.449768 68.505905
v 0.619154 -132.449768 68.875793
v 0.336893 -132.543274 67.862648
v 0.265768 -134.507355 68.073181
v 0.130052 -134.634689 67.862648
v 0.619154 -132.354263 67.868217
v 0.336893 -132.543274 67.862648
v 1.063068 -134.537628 67.862648
v 0.394534 -134.811234 67.910217
v 0.130052 -134.634689 67.862648
v 0.905084 -132.523376 67.862648
v 0.336893 -132.543274 67.862648
v 0.619154 -132.354263 67.868217
v 0.405199 -133.561996 83.966873
v 0.310331 -133.536453 83.667122
v 0.704464 -133.208313 83.822868
v 0.152816 -133.639984 83.902161
v 0.012404 -133.697296 83.667122
v 0.012404 -133.636566 83.628479
v 0.012404 -133.675201 83.821686
v 0.012404 -133.802536 83.920486
v 0.599341 -133.406342 84.225418
v 0.780101 -133.212219 84.501984
v 0.081631 -133.638153 84.178062
v 0.012404 -133.712006 84.108688
v 0.012404 -133.653183 84.311424
v 0.344696 -133.614853 84.239166
v 0.372842 -133.648376 84.430214
v 0.012404 -133.688522 84.457870
v 0.012404 -133.677429 84.637306
v 0.372842 -133.629730 84.653969
v 0.012404 -133.404358 85.181091
v 0.644279 -133.357361 84.980812
v 0.668668 -132.680145 85.130341
v 0.829423 -132.693283 84.495117
v 0.676726 -132.778183 83.826881
v 0.350000 -133.358963 83.234306
v 0.458957 -132.767426 83.215637
v 0.012404 -133.099030 83.176239
v 0.674152 -132.173843 84.400513
v 0.012404 -131.828552 84.815338
v 0.012404 -131.939865 83.860649
v 0.644992 -132.369202 83.821320
v 0.012404 -132.351837 83.319336
v 0.012404 -132.351837 83.319336
v 0.012404 -132.288986 82.641838
v 0.271007 -133.516525 83.574463
v 0.012404 -133.580765 83.166397
v 0.012404 -133.099030 83.176239
v 0.012404 -133.111694 82.547127
v 0.467534 -132.733658 82.711540
v 0.012404 -133.640717 83.473259
v 0.012404 -133.613129 83.542259
v 0.467534 -132.733658 82.711540
v 0.012404 -132.288986 82.641838
v -0.434149 -132.767426 83.215637
v -0.620183 -132.369202 83.821320
v -0.651917 -132.778183 83.826881
v -0.325192 -133.358963 83.234306
v 0.012404 -133.099030 83.176239
v -0.679655 -133.208313 83.822868
v -0.804614 -132.693283 84.495117
v -0.755293 -133.212219 84.501984
v -0.574532 -133.406342 84.225418
v -0.380390 -133.561996 83.966873
v -0.285523 -133.536453 83.667122
v -0.128008 -133.639984 83.902161
v 0.012404 -133.697296 83.667122
v 0.012404 -133.636566 83.628479
v 0.012404 -133.675201 83.821686
v 0.012404 -133.802536 83.920486
v -0.056822 -133.638153 84.178062
v 0.012404 -133.712006 84.108688
v 0.012404 -133.653183 84.311424
v -0.319888 -133.614853 84.239166
v -0.348034 -133.648376 84.430214
v 0.012404 -133.688522 84.457870
v 0.012404 -133.677429 84.637306
v -0.348034 -133.629730 84.653969
v -0.619471 -133.357361 84.980812
v -0.643859 -132.680145 85.130341
v -0.649343 -132.173843 84.400513
v 0.012404 -131.828552 84.815338
v 0.012404 -131.939865 83.860649
v 0.012404 -132.351837 83.319336
v -0.322313 -133.379333 85.102745
v -0.459236 -132.805405 85.302948
v -0.643859 -132.680145 85.130341
v 0.012404 -132.245300 85.295799
v 0.012404 -131.828552 84.815338
v 0.012404 -133.404358 85.181091
v 0.012404 -132.919510 85.405190
v 0.012404 -132.245300 85.295799
v 0.012404 -132.245300 85.295799
v 0.668668 -132.680145 85.130341
v 0.484045 -132.805405 85.302948
v 0.347122 -133.379333 85.102745
v 0.012404 -132.919510 85.405190
v 0.012404 -132.245300 85.295799
v 0.012404 -133.802536 83.920486
v 0.012404 -133.805237 83.956894
v 0.012404 -133.712006 84.108688
v 0.619154 -133.154327 68.875793
v 0.881024 -132.879669 68.875793
v 0.012404 -132.676636 83.603111
v 0.704464 -133.208313 83.822868
v 0.012404 -133.636566 83.628479
v 0.310331 -133.536453 83.667122
v 0.012404 -133.613129 83.542259
v 0.271007 -133.516525 83.574463
v 0.012404 -133.422791 83.322845
v 0.704464 -133.208313 83.822868
v 0.012404 -132.676636 83.603111
v 1.942397 -132.678268 82.536102
v 1.607806 -132.678268 82.516968
v -4.540206 -132.904984 81.523941
v -6.300860 -132.918076 81.552452
v -6.300860 -132.440323 81.552452
v -4.313445 -132.559067 81.425354
v -7.077860 -132.467255 81.580750
v -7.077861 -132.936035 81.580750
v -4.579795 -132.288956 81.881599
v -5.648786 -132.345840 81.938461
v -7.074100 -132.480637 81.850586
v -7.074100 -132.718735 81.968002
v -5.648786 -132.678238 82.065147
v -4.164080 -132.890076 81.536972
v -7.074100 -132.925201 81.850586
v -5.329665 -133.015747 81.832802
v -7.074100 -132.718735 81.968002
v -5.648786 -132.678238 82.065147
v -4.579799 -132.949600 81.941956
v -4.203672 -132.949203 81.966858
v -2.367586 -133.100433 81.685501
v -3.027462 -133.067520 82.195831
v -1.914213 -133.067520 82.412804
v -4.391735 -132.597839 82.148392
v -3.216747 -132.678238 82.294952
v -2.347774 -132.678238 82.496254
v -2.367586 -132.244492 81.606705
v -1.875772 -132.319366 81.549568
v -1.875772 -133.096802 81.549568
v -1.580689 -133.076309 82.409889
v -1.914213 -132.346100 82.464066
v -3.027462 -132.288971 82.107208
v -2.347774 -132.678238 82.496254
v -3.216747 -132.678238 82.294952
v -4.126278 -132.272705 81.893059
v -4.391735 -132.597839 82.148392
v -1.608704 -132.371185 81.322998
v -1.502098 -133.167267 81.322998
v -1.580689 -132.325745 82.426880
v -1.917587 -132.678238 82.536079
v -1.582998 -132.678253 82.516953
v -4.355187 -132.272156 81.886879
v -0.594346 -132.449753 68.875793
v -0.910346 -132.266739 71.382149
v -0.389556 -132.308151 71.593925
v -0.968841 -132.513138 73.058838
v -0.462213 -132.523529 72.977684
v -0.970189 -132.511002 73.598358
v -0.439649 -132.539124 73.509972
v -1.147803 -133.127396 73.350426
v -1.147804 -133.171295 73.623413
v -1.147803 -133.095291 73.087509
v -0.283251 -133.138657 73.254623
v -0.283252 -133.095291 72.949013
v -0.715527 -133.327393 73.018265
v -0.715527 -133.369614 73.285423
v -1.147803 -133.095291 73.087509
v -1.147803 -133.127396 73.350426
v -0.715528 -133.412064 73.554161
v -1.147804 -133.171295 73.623413
v -0.283251 -133.171295 73.484917
v -0.805492 -133.629486 76.088394
v -0.281246 -133.237106 76.277489
v -1.205426 -133.237106 76.416031
v -0.309400 -132.405533 76.120560
v -1.140407 -132.951263 71.227577
v -0.690371 -133.245178 71.333466
v -0.308287 -132.951263 71.439354
v -0.594346 -133.154312 68.875793
v -0.348036 -132.879654 68.875793
v -0.594346 -132.449753 68.875793
v -0.594346 -133.154312 68.875793
v 0.012404 -133.560760 76.376801
v -0.309400 -132.405533 76.120560
v 0.012404 -132.527084 76.250900
v -1.270182 -132.393051 76.156235
v -1.270182 -132.393051 76.156235
v -1.270182 -132.393051 76.156235
v -1.205426 -133.237106 76.416031
v -0.944117 -133.528076 78.856369
v -1.226099 -133.261337 77.246635
v -0.821995 -133.735321 77.065964
v 0.012404 -134.118225 78.877609
v 0.012404 -133.861694 76.941177
v -1.090970 -132.679794 78.887535
v -1.220450 -132.425232 77.246635
v -1.205426 -133.237106 76.416031
v -0.805492 -133.629486 76.088394
v -0.281246 -133.237106 76.277489
v 0.012404 -133.560760 76.376801
v -1.259399 -132.421356 77.014854
v -1.270182 -132.393051 76.156235
v -0.806702 -132.105301 77.072639
v -1.270182 -132.393051 76.156235
v -0.735517 -132.216232 77.589539
v 0.012404 -132.278580 77.794662
v 0.012404 -132.310715 78.877609
v 0.012404 -132.254700 76.695053
v -0.168761 -132.208344 76.437347
v -0.874276 -132.132019 76.541748
v -0.309400 -132.405533 76.120560
v -1.270182 -132.393051 76.156235
v 0.012404 -132.527084 76.250900
v 0.012404 -132.527084 76.250900
v -1.154153 -132.571777 79.716705
v 0.012404 -132.197815 79.766899
v -1.608704 -132.371185 81.322998
v 0.012404 -131.796722 81.336067
v -0.941788 -132.178223 82.548302
v -1.580689 -132.325745 82.426880
v -1.582998 -132.678253 82.516953
v -0.932935 -132.678253 82.564003
v -0.442726 -132.733658 82.711540
v 0.012404 -132.288986 82.641838
v -1.025290 -133.475220 79.716705
v -1.502098 -133.167267 81.322998
v -0.517879 -133.922379 79.783081
v -0.847144 -133.728790 81.226631
v 0.012404 -133.906128 81.418457
v -0.941788 -133.067535 82.416359
v 0.012404 -133.111694 82.547127
v -0.442726 -132.733658 82.711540
v -0.932935 -132.678253 82.564003
v -1.580689 -133.076309 82.409889
v -1.582998 -132.678253 82.516953
v -1.875772 -133.096802 81.549568
v 0.012404 -134.090424 79.786514
v -7.279314 -132.976471 81.539482
v -7.427750 -132.662109 81.547966
v -7.279313 -132.432251 81.539482
v -7.446208 -132.844833 81.398285
v -7.671814 -132.936172 81.390762
v -7.697984 -132.771637 81.550377
v -7.789415 -132.987152 81.503204
v -7.707491 -133.018921 81.643417
v -7.973287 -132.651047 81.764542
v -7.899807 -132.317230 81.640717
v -7.984167 -132.868774 81.784584
v -7.991427 -133.040817 81.797958
v -7.928032 -132.976303 81.351196
v -7.951581 -133.031387 81.470001
v -8.069410 -132.966827 81.358307
v -8.079535 -133.019897 81.451096
v -8.162444 -133.033813 81.308708
v -8.172755 -133.087845 81.403191
v -8.128216 -132.647858 81.636040
v -8.176944 -132.844421 81.635872
v -8.176064 -132.660645 81.448242
v -8.194570 -132.841644 81.454102
v -8.311772 -132.645691 81.376831
v -8.227530 -132.421661 81.386681
v -8.127116 -132.412338 81.434753
v -8.327873 -132.813354 81.379662
v -8.062750 -132.318756 81.625496
v -8.169342 -132.314911 81.691872
v -8.227530 -132.421661 81.386681
v -8.323747 -132.648468 81.680054
v -8.311772 -132.645691 81.376831
v -8.317156 -132.847992 81.679100
v -8.021675 -132.672821 81.948723
v -8.019417 -132.872345 81.942459
v -8.327873 -132.813354 81.379662
v -7.279314 -132.709808 81.981766
v -7.279313 -132.432251 81.840691
v -7.938558 -132.302597 81.818062
v -8.062750 -132.318756 81.625496
v -7.899807 -132.317230 81.640717
v -8.194570 -132.841644 81.454102
v -8.176944 -132.844421 81.635872
v -8.019417 -132.872345 81.942459
v -7.984167 -132.868774 81.784584
v -7.074100 -132.718735 81.968002
v -7.074100 -132.925201 81.850586
v -7.279314 -132.976471 81.828331
v -8.019417 -132.872345 81.942459
v -8.017591 -133.033554 81.937393
v -7.991427 -133.040817 81.797958
v -7.707491 -133.018921 81.643417
v -7.279314 -132.976471 81.539482
v -7.679315 -133.117813 81.460449
v -7.645953 -133.044678 81.334572
v -7.397944 -132.983276 81.389877
v -7.446208 -132.844833 81.398285
v -7.671814 -132.936172 81.390762
v -7.789415 -132.987152 81.503204
v -7.936253 -133.152023 81.418633
v -7.905452 -133.077515 81.288902
v -8.172755 -133.087845 81.403191
v -8.162444 -133.033813 81.308708
v -7.928032 -132.976303 81.351196
v -8.069410 -132.966827 81.358307
v -8.079535 -133.019897 81.451096
v -7.951581 -133.031387 81.470001
v -7.077861 -132.936035 81.580750
v -8.368830 -132.844864 81.783905
v -8.461892 -132.989822 81.489403
v -8.363965 -133.006088 81.781601
v -8.465886 -132.861130 81.487816
v -8.322128 -133.003586 81.520699
v -8.247092 -133.013336 81.701180
v -8.310487 -132.851059 81.527512
v -8.232514 -132.841309 81.696815
v -8.019417 -132.872345 81.942459
v -7.984167 -132.868774 81.784584
v -8.062750 -132.318756 81.625496
v -8.127116 -132.412338 81.434753
v -8.062750 -132.318756 81.625496
v -8.322128 -133.003586 81.520699
v -8.465886 -132.861130 81.487816
v -8.310487 -132.851059 81.527512
v -8.461892 -132.989822 81.489403
v -8.247092 -133.013336 81.701180
v -8.232514 -132.841309 81.696815
v -7.899807 -132.317230 81.640717
v -7.074100 -132.480637 81.850586
v -7.279313 -132.432251 81.539482
v -7.077860 -132.467255 81.580750
v -7.077861 -132.936035 81.580750
v -0.856215 -132.879654 68.875793
v -0.594346 -132.449753 68.875793
v -1.140407 -132.951263 71.227577
v -0.594346 -132.449753 68.875793
v -0.594346 -132.449753 68.505898
v -0.856215 -132.879654 68.505898
v -0.856215 -132.879654 68.875793
v -0.594346 -133.228226 68.523643
v -0.594346 -133.154312 68.875793
v -0.880275 -132.523361 67.862640
v -0.594346 -132.354248 67.868210
v -1.038260 -134.537613 67.862640
v -0.755726 -134.328827 68.173477
v -0.401764 -134.625885 68.047714
v -0.369725 -134.811218 67.910210
v -0.332474 -132.879654 68.505898
v -0.594346 -133.154312 68.875793
v -0.348036 -132.879654 68.875793
v -0.594346 -132.449753 68.505898
v -0.594346 -132.449753 68.875793
v -0.312085 -132.543259 67.862640
v -0.240959 -134.507339 68.073174
v -0.105244 -134.634674 67.862640
v -0.312085 -132.543259 67.862640
v -0.594346 -132.354248 67.868210
v -1.038260 -134.537613 67.862640
v -0.105244 -134.634674 67.862640
v -0.369725 -134.811218 67.910210
v -0.880275 -132.523361 67.862640
v -0.312085 -132.543259 67.862640
v -0.594346 -132.354248 67.868210
v 0.012404 -133.099030 83.176239
v 0.012404 -133.580765 83.166397
v -0.246199 -133.516525 83.574463
v 0.012404 -133.640717 83.473259
v 0.012404 -133.613129 83.542259
v 0.012404 -133.111694 82.547127
v -0.442726 -132.733658 82.711540
v -0.442726 -132.733658 82.711540
v 0.012404 -132.288986 82.641838
v 0.012404 -132.288986 82.641838
v -0.594346 -133.154312 68.875793
v -0.856215 -132.879654 68.875793
v 0.012404 -132.676636 83.603111
v 0.012404 -133.636566 83.628479
v -0.679655 -133.208313 83.822868
v -0.285523 -133.536453 83.667122
v 0.012404 -133.613129 83.542259
v 0.012404 -133.422791 83.322845
v -0.246199 -133.516525 83.574463
v -0.679655 -133.208313 83.822868
v 0.012404 -132.676636 83.603111
v -1.917587 -132.678238 82.536079
v -1.582998 -132.678253 82.516953
vn -0.0207 -0.7165 -0.6973
vn -0.0255 0.4064 -0.9133
vn 0.0683 0.6544 -0.7530
vn 0.0512 -0.6648 -0.7453
vn -0.1115 0.7019 -0.7035
vn -0.1555 -0.7151 -0.6815
vn 0.0472 0.9698 0.2394
vn 0.0518 0.9233 0.3806
vn -0.0312 0.8305 0.5561
vn -0.0001 -0.0580 0.9983
vn 0.0606 -0.0828 0.9947
vn -0.0238 -0.7149 -0.6988
vn -0.0640 -0.8396 0.5394
vn 0.0233 -0.9588 0.2831
vn -0.0001 -0.0581 0.9983
vn -0.0115 -0.8846 0.4663
vn 0.1045 -0.8851 0.4535
vn 0.0490 -0.7943 -0.6056
vn 0.1574 -0.8370 0.5241
vn 0.0418 -0.7795 0.6250
vn 0.0899 0.0816 0.9926
vn 0.1888 0.0760 0.9791
vn 0.2012 0.0172 0.9794
vn 0.0137 0.7476 -0.6640
vn 0.1449 0.7695 -0.6219
vn 0.3050 -0.7575 -0.5772
vn 0.0124 -0.7983 0.6022
vn 0.0300 0.7354 0.6770
vn 0.1404 0.8973 0.4186
vn 0.2012 0.0173 0.9794
vn 0.1889 0.0761 0.9791
vn -0.0079 0.9899 0.1419
vn 0.6213 0.6579 -0.4257
vn 0.7451 -0.6489 -0.1545
vn 0.1109 0.7805 0.6153
vn 0.0129 -0.0413 0.9991
vn 0.0187 -0.0621 0.9979
vn 0.0393 0.9860 0.1620
vn -0.0206 0.9945 -0.1031
vn -0.6581 0.7515 0.0467
vn 0.5405 0.8413 -0.0098
vn 0.5989 0.7992 0.0513
vn -0.6142 0.7848 0.0826
vn 0.5776 0.8144 -0.0562
vn -0.6432 0.7654 -0.0186
vn 0.9292 -0.3643 -0.0629
vn 0.9067 -0.4114 -0.0934
vn 0.9319 -0.3599 -0.0451
vn -0.9159 -0.3950 -0.0722
vn -0.9221 -0.3855 -0.0344
vn 0.0129 -0.9934 -0.1143
vn 0.0202 -0.9888 -0.1481
vn 0.9292 -0.3642 -0.0629
vn 0.0090 -0.9930 -0.1175
vn 0.9067 -0.4113 -0.0933
vn -0.9071 -0.4178 -0.0508
vn 0.0748 -0.9950 -0.0661
vn -0.5270 -0.5581 -0.6409
vn 0.9194 -0.3915 -0.0375
vn -0.5005 0.6828 -0.5322
vn -0.0000 -0.6392 -0.7690
vn -0.0000 0.2789 -0.9603
vn 0.9489 -0.3090 -0.0648
vn -0.0413 -0.9983 -0.0408
vn -0.9262 -0.3765 -0.0197
vn -0.0250 -0.9996 0.0114
vn -0.9950 -0.0997 -0.0033
vn -0.0249 -0.9996 0.0115
vn 0.7460 0.6550 -0.1201
vn 0.7460 0.6551 -0.1201
vn 0.9194 -0.3914 -0.0375
vn 0.8248 -0.5653 0.0116
vn 0.4632 -0.8745 -0.1438
vn 0.9380 -0.3454 0.0288
vn -0.0000 -0.9994 -0.0357
vn -0.0000 -0.9489 -0.3156
vn 0.8721 0.4870 0.0470
vn 0.8568 0.4909 0.1581
vn 0.2500 0.9487 0.1934
vn 0.2160 0.9709 0.1033
vn -0.0000 0.9986 0.0535
vn -0.0000 0.9997 0.0243
vn -0.0000 0.9962 -0.0874
vn -0.3488 0.8709 -0.3462
vn 0.1281 0.9719 -0.1977
vn -0.5004 0.6826 -0.5326
vn -0.0000 0.2788 -0.9604
vn 0.9046 0.4169 0.0894
vn -0.0000 0.9822 -0.1880
vn 0.8165 0.5309 -0.2269
vn 0.6213 0.6579 -0.4256
vn 0.0001 0.9997 -0.0245
vn 0.2083 0.7123 0.6703
vn 0.0188 -0.0621 0.9979
vn 0.2018 -0.1235 0.9716
vn 0.5848 -0.1700 0.7931
vn -0.0000 0.8650 0.5019
vn 0.8616 -0.4983 -0.0966
vn 0.7450 -0.6489 -0.1545
vn 0.4752 -0.8799 -0.0013
vn 0.4556 -0.8692 0.1920
vn 0.0001 -0.9450 0.3271
vn 0.1917 -0.6954 0.6926
vn -0.0000 -0.8719 0.4896
vn 0.5848 -0.1699 0.7932
vn 0.2018 -0.1236 0.9716
vn 0.0124 -0.7983 0.6021
vn 0.0187 -0.0622 0.9979
vn 0.3049 -0.7575 -0.5773
vn -0.0000 -0.9975 0.0711
vn -0.4408 -0.7146 -0.5433
vn -0.1428 0.6660 -0.7322
vn 0.0664 0.2244 -0.9722
vn -0.2909 0.4654 -0.8359
vn 0.2663 0.6342 -0.7258
vn 0.5293 0.4611 -0.7122
vn 0.7577 0.2611 0.5981
vn 0.3919 -0.9200 -0.0021
vn -0.0710 -0.1191 -0.9903
vn 0.0048 0.6478 -0.7618
vn 0.0565 -0.1729 -0.9833
vn 0.0364 -0.8601 -0.5089
vn 0.0372 0.9298 -0.3662
vn 0.1574 0.3023 0.9401
vn 0.2300 0.9586 -0.1679
vn 0.3412 0.3901 0.8552
vn 0.7614 0.1076 -0.6393
vn 0.8707 -0.4075 0.2752
vn -0.8262 -0.1853 -0.5320
vn -0.4532 -0.8363 -0.3085
vn -0.7808 -0.1605 -0.6038
vn -0.5755 -0.6788 -0.4561
vn 0.5409 0.1107 -0.8338
vn 0.3291 0.5226 -0.7865
vn -0.6583 0.4081 -0.6326
vn 0.5062 -0.4561 -0.7319
vn -0.2582 0.7436 -0.6168
vn 0.5537 0.7935 0.2526
vn -0.6583 0.4080 -0.6326
vn 0.9119 0.1643 0.3761
vn 0.7131 -0.6401 0.2860
vn 0.3472 0.1581 0.9244
vn 0.2479 -0.0155 0.9687
vn -0.0382 -0.0074 0.9992
vn -0.1313 0.8359 0.5330
vn 0.0834 0.8229 0.5620
vn -0.2582 0.7435 -0.6168
vn -0.5756 -0.6787 -0.4561
vn -0.1428 0.6659 -0.7322
vn -0.0002 -0.0580 0.9983
vn -0.1279 -0.8683 0.4793
vn 0.2478 -0.0155 0.9687
vn 0.1066 -0.6639 0.7402
vn 0.3918 -0.9201 -0.0020
vn -0.4408 -0.7146 -0.5432
vn -0.0846 -0.9894 0.1179
vn -0.2199 -0.3368 -0.9156
vn -0.5528 -0.4068 -0.7272
vn 0.2663 0.6342 -0.7259
vn 0.7577 0.2611 0.5980
vn 0.0964 -0.9590 0.2667
vn -0.0475 -0.2948 -0.9544
vn 0.8707 -0.4075 0.2753
vn 0.2299 0.9586 -0.1678
vn 0.3413 0.3901 0.8552
vn 0.1573 0.3024 0.9401
vn -0.1555 -0.7151 -0.6816
vn 0.5824 0.6226 0.5227
vn 0.5984 -0.6225 0.5044
vn 0.6294 -0.5263 -0.5717
vn 0.6350 0.5145 -0.5763
vn -0.4564 -0.6399 -0.6182
vn -0.3260 -0.8379 -0.4377
vn -0.5050 0.6148 -0.6058
vn -0.4123 0.8067 -0.4234
vn 0.0565 -0.1728 -0.9833
vn -0.2581 0.7436 -0.6168
vn 0.5537 0.7935 0.2525
vn -0.6582 0.4080 -0.6326
vn -0.2581 0.7435 -0.6169
vn 0.6350 0.5144 -0.5763
vn 0.6295 -0.5263 -0.5717
vn -0.4122 0.8067 -0.4235
vn 0.0048 0.6479 -0.7617
vn -0.1115 0.7019 -0.7034
vn -0.4407 -0.7146 -0.5432
vn 0.9936 -0.0970 -0.0580
vn -0.0205 0.9945 -0.1031
vn 0.9488 -0.3090 -0.0648
vn 0.9707 0.0618 0.2320
vn -0.0073 0.9718 0.2357
vn -0.0146 -0.5522 0.8336
vn -0.0250 -0.9996 0.0115
vn 0.7029 0.4519 -0.5492
vn -0.0227 0.8451 -0.5341
vn 0.7602 -0.5759 -0.3009
vn 0.3118 -0.3877 0.8675
vn -0.0509 -0.5387 0.8410
vn -0.1106 -0.9868 -0.1181
vn -0.9677 0.0694 0.2422
vn -0.0249 -0.9996 0.0114
vn -0.7060 0.4350 -0.5589
vn -0.4635 -0.3405 0.8181
vn -0.7877 -0.5043 -0.3540
vn -0.0226 0.8451 -0.5342
vn 0.7602 -0.5758 -0.3009
vn -0.7876 -0.5043 -0.3540
vn 0.5204 -0.8431 -0.1356
vn 0.3902 -0.3321 -0.8588
vn 0.8660 -0.3393 -0.3673
vn 0.4696 -0.8810 -0.0579
vn 0.0001 -0.9060 -0.4233
vn -0.0000 -0.2956 -0.9553
vn -0.0000 -0.9721 -0.2347
vn -0.0001 -0.9207 -0.3902
vn 0.7290 -0.6804 -0.0754
vn 0.9295 -0.3665 0.0422
vn 0.3696 -0.9278 0.0501
vn -0.0001 -0.9486 0.3164
vn -0.0000 -0.9958 -0.0920
vn 0.3630 -0.9175 -0.1626
vn 0.4282 -0.9022 -0.0520
vn -0.0000 -0.9968 -0.0794
vn -0.0000 -0.9670 0.2547
vn 0.3939 -0.8925 0.2199
vn -0.0000 -0.6636 0.7481
vn 0.7030 -0.5379 0.4653
vn 0.7993 0.2380 0.5517
vn 0.9929 0.1153 0.0301
vn 0.9537 0.0578 -0.2953
vn 0.6052 -0.4003 -0.6881
vn 0.9124 0.1030 -0.3960
vn -0.0000 -0.5389 -0.8424
vn 0.7735 0.6333 0.0229
vn -0.0000 0.9397 0.3419
vn -0.0000 0.9230 -0.3848
vn 0.8148 0.4648 -0.3465
vn -0.0000 0.9164 -0.4002
vn -0.0000 0.8650 0.5018
vn 0.0980 -0.6530 0.7510
vn -0.0000 -0.6883 -0.7254
vn -0.0000 -0.8719 0.4897
vn 0.9125 0.1029 -0.3960
vn 0.5849 -0.1700 0.7931
vn -0.0000 -0.9995 0.0322
vn -0.0000 -0.3630 0.9318
vn 0.5849 -0.1699 0.7931
vn -0.0000 0.8649 0.5019
vn 0.9124 0.1029 -0.3961
vn -0.9124 0.1030 -0.3960
vn -0.8148 0.4648 -0.3465
vn -0.0000 0.9164 -0.4003
vn -0.9537 0.0578 -0.2953
vn -0.6052 -0.4003 -0.6881
vn -0.8660 -0.3393 -0.3673
vn -0.9929 0.1153 0.0301
vn -0.9295 -0.3665 0.0422
vn -0.7290 -0.6804 -0.0754
vn -0.5204 -0.8431 -0.1356
vn -0.3901 -0.3321 -0.8588
vn -0.4696 -0.8810 -0.0579
vn -0.0001 -0.9060 -0.4233
vn 0.0001 -0.9208 -0.3901
vn -0.3696 -0.9278 0.0501
vn -0.0000 -0.9486 0.3164
vn -0.0000 -0.9958 -0.0921
vn -0.3630 -0.9175 -0.1626
vn -0.4282 -0.9022 -0.0520
vn -0.3939 -0.8925 0.2199
vn -0.7030 -0.5379 0.4653
vn -0.7994 0.2380 0.5517
vn -0.7735 0.6333 0.0229
vn -0.0000 0.9230 -0.3849
vn -0.2775 -0.6404 0.7162
vn -0.4654 -0.0145 0.8850
vn -0.7993 0.2380 0.5518
vn -0.0000 0.5765 0.8171
vn -0.0000 -0.1608 0.9870
vn -0.0000 0.5766 0.8171
vn 0.7993 0.2380 0.5518
vn -0.0001 0.9397 0.3419
vn 0.4654 -0.0144 0.8850
vn 0.2775 -0.6404 0.7162
vn -0.0000 -0.1609 0.9870
vn -0.0000 -0.9208 -0.3901
vn -0.0000 -0.9693 0.2460
vn -0.4696 -0.8810 -0.0580
vn 0.9936 -0.0970 -0.0581
vn -0.0000 -0.9997 -0.0252
vn 0.8660 -0.3392 -0.3673
vn 0.3902 -0.3322 -0.8587
vn 0.0001 -0.3630 0.9318
vn 0.0980 -0.6529 0.7510
vn -0.0000 0.2087 0.9780
vn 0.8660 -0.3393 -0.3674
vn -0.0001 -0.9997 -0.0253
vn 0.0129 -0.0414 0.9991
vn 0.0206 -0.7165 -0.6973
vn -0.0512 -0.6648 -0.7453
vn -0.0684 0.6545 -0.7530
vn 0.0255 0.4064 -0.9133
vn 0.1115 0.7020 -0.7034
vn 0.1554 -0.7151 -0.6815
vn -0.0472 0.9698 0.2394
vn -0.0518 0.9233 0.3806
vn 0.0312 0.8305 0.5561
vn 0.0001 -0.0580 0.9983
vn -0.0606 -0.0828 0.9947
vn 0.0238 -0.7149 -0.6988
vn 0.0640 -0.8396 0.5394
vn -0.0233 -0.9588 0.2831
vn 0.0002 -0.0581 0.9983
vn 0.0115 -0.8846 0.4663
vn -0.1045 -0.8851 0.4535
vn -0.0490 -0.7943 -0.6056
vn -0.1574 -0.8370 0.5241
vn -0.0418 -0.7795 0.6250
vn -0.0899 0.0816 0.9926
vn -0.1888 0.0761 0.9791
vn -0.2012 0.0172 0.9794
vn -0.0138 0.7477 -0.6639
vn -0.1449 0.7695 -0.6219
vn -0.3050 -0.7575 -0.5772
vn -0.0124 -0.7983 0.6021
vn -0.0300 0.7354 0.6770
vn -0.1404 0.8972 0.4186
vn -0.1889 0.0761 0.9790
vn 0.0079 0.9899 0.1419
vn -0.6213 0.6579 -0.4257
vn -0.7450 -0.6489 -0.1545
vn -0.1108 0.7805 0.6153
vn -0.0129 -0.0413 0.9991
vn -0.0187 -0.0621 0.9979
vn -0.0393 0.9860 0.1620
vn 0.0206 0.9945 -0.1031
vn -0.5405 0.8413 -0.0098
vn 0.6581 0.7515 0.0467
vn -0.5989 0.7992 0.0513
vn 0.6142 0.7848 0.0826
vn -0.5787 0.8139 -0.0515
vn 0.6432 0.7654 -0.0186
vn -0.9292 -0.3642 -0.0629
vn -0.9073 -0.4103 -0.0921
vn -0.9319 -0.3600 -0.0451
vn 0.9158 -0.3950 -0.0722
vn 0.9221 -0.3855 -0.0343
vn -0.0129 -0.9934 -0.1143
vn -0.0202 -0.9888 -0.1481
vn -0.9319 -0.3599 -0.0452
vn -0.0090 -0.9930 -0.1174
vn -0.9073 -0.4103 -0.0920
vn 0.9071 -0.4178 -0.0508
vn -0.0791 -0.9950 -0.0610
vn 0.5270 -0.5581 -0.6409
vn -0.9190 -0.3927 -0.0351
vn 0.4751 0.6905 -0.5455
vn -0.9489 -0.3090 -0.0648
vn 0.0413 -0.9983 -0.0408
vn 0.9262 -0.3765 -0.0197
vn 0.0250 -0.9996 0.0114
vn 0.9950 -0.0997 -0.0033
vn 0.0249 -0.9996 0.0114
vn -0.0000 -0.6392 -0.7691
vn -0.7847 0.6061 -0.1301
vn -0.9073 -0.4102 -0.0921
vn -0.9190 -0.3926 -0.0351
vn -0.8248 -0.5653 0.0116
vn -0.9359 -0.3513 0.0240
vn -0.4613 -0.8752 -0.1456
vn -0.8721 0.4870 0.0470
vn -0.8543 0.4923 0.1670
vn -0.0790 -0.9950 -0.0610
vn -0.8987 0.4321 0.0746
vn -0.2246 0.9701 0.0923
vn -0.7846 0.6061 -0.1301
vn -0.2500 0.9487 0.1934
vn 0.3489 0.8709 -0.3462
vn -0.2186 0.9527 -0.2111
vn 0.4750 0.6905 -0.5455
vn -0.7847 0.6060 -0.1302
vn -0.0000 0.2788 -0.9603
vn -0.8165 0.5309 -0.2268
vn -0.0000 0.9997 -0.0245
vn -0.2083 0.7123 0.6703
vn -0.1109 0.7805 0.6153
vn -0.2018 -0.1235 0.9716
vn -0.5848 -0.1700 0.7931
vn -0.8616 -0.4983 -0.0966
vn -0.7450 -0.6489 -0.1544
vn -0.4749 -0.8800 -0.0010
vn -0.4559 -0.8691 0.1918
vn -0.0001 -0.9450 0.3271
vn -0.1916 -0.6954 0.6926
vn -0.5849 -0.1699 0.7931
vn -0.2018 -0.1236 0.9716
vn -0.0188 -0.0622 0.9979
vn -0.3050 -0.7575 -0.5773
vn 0.4407 -0.7146 -0.5433
vn -0.0664 0.2244 -0.9722
vn 0.1427 0.6660 -0.7322
vn 0.2909 0.4655 -0.8359
vn -0.2663 0.6342 -0.7258
vn -0.5293 0.4611 -0.7122
vn -0.7577 0.2611 0.5981
vn -0.3918 -0.9200 -0.0020
vn 0.0710 -0.1191 -0.9903
vn -0.0048 0.6478 -0.7618
vn -0.0565 -0.1729 -0.9833
vn -0.0364 -0.8601 -0.5089
vn -0.0373 0.9298 -0.3662
vn -0.1574 0.3024 0.9401
vn -0.2299 0.9586 -0.1678
vn -0.3412 0.3901 0.8552
vn -0.7614 0.1076 -0.6393
vn -0.8707 -0.4075 0.2752
vn 0.8262 -0.1853 -0.5320
vn 0.4532 -0.8363 -0.3085
vn 0.7808 -0.1605 -0.6038
vn 0.5755 -0.6788 -0.4562
vn -0.5409 0.1107 -0.8338
vn -0.3291 0.5226 -0.7865
vn 0.6582 0.4081 -0.6327
vn -0.5062 -0.4561 -0.7320
vn 0.2582 0.7436 -0.6168
vn -0.5537 0.7935 0.2525
vn 0.6582 0.4080 -0.6326
vn -0.9119 0.1643 0.3761
vn -0.7131 -0.6401 0.2860
vn -0.3472 0.1581 0.9244
vn -0.2479 -0.0155 0.9687
vn 0.0382 -0.0074 0.9992
vn 0.1312 0.8359 0.5330
vn -0.0834 0.8229 0.5620
vn 0.2581 0.7436 -0.6169
vn 0.5756 -0.6787 -0.4562
vn -0.2478 -0.0155 0.9687
vn 0.1427 0.6659 -0.7322
vn 0.1279 -0.8683 0.4793
vn -0.1066 -0.6639 0.7401
vn -0.3918 -0.9201 -0.0020
vn 0.4408 -0.7146 -0.5432
vn 0.0847 -0.9894 0.1179
vn 0.2199 -0.3368 -0.9156
vn 0.5528 -0.4068 -0.7272
vn 0.2909 0.4654 -0.8359
vn -0.2663 0.6342 -0.7259
vn -0.7577 0.2612 0.5981
vn -0.0963 -0.9590 0.2667
vn 0.0475 -0.2948 -0.9544
vn -0.8707 -0.4076 0.2752
vn -0.2300 0.9586 -0.1678
vn -0.3412 0.3902 0.8552
vn -0.1573 0.3024 0.9401
vn 0.1555 -0.7151 -0.6816
vn -0.5823 0.6226 0.5228
vn -0.6295 -0.5263 -0.5717
vn -0.5983 -0.6225 0.5044
vn -0.6350 0.5145 -0.5763
vn 0.4564 -0.6399 -0.6183
vn 0.3261 -0.8379 -0.4377
vn 0.5051 0.6148 -0.6057
vn 0.4123 0.8067 -0.4235
vn 0.2581 0.7436 -0.6168
vn 0.6582 0.4081 -0.6326
vn -0.5537 0.7935 0.2526
vn 0.4564 -0.6399 -0.6182
vn -0.6294 -0.5263 -0.5717
vn 0.4123 0.8067 -0.4234
vn -0.0048 0.6479 -0.7617
vn 0.0313 0.8305 0.5561
vn 0.1428 0.6659 -0.7322
vn 0.1116 0.7020 -0.7034
vn 0.1555 -0.7151 -0.6815
vn -0.9936 -0.0970 -0.0581
vn 0.0205 0.9945 -0.1031
vn -0.9488 -0.3090 -0.0648
vn 0.0073 0.9718 0.2356
vn -0.9707 0.0618 0.2321
vn -0.9936 -0.0970 -0.0580
vn 0.0146 -0.5522 0.8336
vn -0.7029 0.4519 -0.5493
vn 0.0226 0.8451 -0.5342
vn -0.7602 -0.5759 -0.3009
vn -0.3118 -0.3877 0.8675
vn 0.0509 -0.5386 0.8410
vn 0.1106 -0.9868 -0.1181
vn 0.9677 0.0694 0.2422
vn 0.0073 0.9718 0.2357
vn 0.7060 0.4350 -0.5589
vn 0.4635 -0.3405 0.8181
vn 0.7877 -0.5043 -0.3540
vn 0.7061 0.4349 -0.5589
vn -0.7601 -0.5759 -0.3009
vn 0.7876 -0.5043 -0.3540
vn -0.7029 0.4519 -0.5492
vn -0.0980 -0.6530 0.7510
vn -0.0000 -0.5389 -0.8423
vn -0.9125 0.1029 -0.3960
vn -0.5849 -0.1700 0.7931
vn -0.9124 0.1029 -0.3961
vn -0.0000 -0.2955 -0.9553
vn -0.8660 -0.3394 -0.3674
vn -0.3902 -0.3322 -0.8587
vn -0.0000 0.2088 0.9780
vn -0.0980 -0.6529 0.7510
vn -0.0129 -0.0414 0.9991
vn -0.0187 -0.0622 0.9979
vt 0.730382 0.103619
vt 0.705649 0.144477
vt 0.906050 0.162418
vt 0.907543 0.101904
vt 0.999984 0.166941
vt 1.001061 0.095946
vt 0.733494 0.205318
vt 0.838940 0.209383
vt 0.991053 0.210366
vt 0.981648 0.252295
vt 0.840260 0.252371
vt 0.689743 0.104698
vt 0.991405 0.052870
vt 0.810174 0.064464
vt 0.981657 0.011468
vt 0.840250 0.011429
vt 0.734207 0.056759
vt 0.693123 0.056174
vt 0.518060 0.096757
vt 0.575201 0.047645
vt 0.473165 0.043970
vt 0.716055 0.011396
vt 0.597290 0.011359
vt 0.510869 0.011322
vt 0.522475 0.164896
vt 0.485011 0.157654
vt 0.479927 0.107408
vt 0.445175 0.049232
vt 0.473366 0.225391
vt 0.579352 0.211659
vt 0.510849 0.252622
vt 0.597275 0.252464
vt 0.688056 0.203710
vt 0.716059 0.252303
vt 0.459430 0.138427
vt 0.448360 0.105872
vt 0.445220 0.217118
vt 0.468555 0.252667
vt 0.435264 0.252667
vt 0.710772 0.204691
vt 0.809314 0.993189
vt 0.844593 0.748486
vt 0.799681 0.766537
vt 0.795370 0.616810
vt 0.844460 0.624653
vt 0.796731 0.566457
vt 0.846052 0.573862
vt 0.737687 0.589384
vt 0.737679 0.566887
vt 0.737691 0.611583
vt 0.903594 0.595045
vt 0.902086 0.622902
vt 0.947494 0.615460
vt 0.947980 0.591500
vt 0.993009 0.611673
vt 0.993010 0.589483
vt 0.948583 0.568105
vt 0.993012 0.566905
vt 0.904969 0.574145
vt 0.939443 0.344499
vt 0.898532 0.361084
vt 0.993076 0.320695
vt 0.854260 0.365264
vt 0.915162 0.347050
vt 0.854851 0.350073
vt 0.993004 0.780156
vt 0.944441 0.769131
vt 0.900724 0.759988
vt 0.936461 0.995025
vt 0.880074 0.997653
vt 0.789589 0.353336
vt 0.737576 0.320774
vt 0.459999 0.699940
vt 0.421847 0.911548
vt 0.493482 0.874305
vt 0.334346 0.703269
vt 0.334346 0.906337
vt 0.574509 0.696105
vt 0.570429 0.874521
vt 0.490508 0.948126
vt 0.334346 0.965522
vt 0.365140 0.975937
vt 0.420117 0.965795
vt 0.650541 0.838561
vt 0.643075 0.892767
vt 0.726515 0.817051
vt 0.726515 0.703484
vt 0.726515 0.932364
vt 0.709975 0.959389
vt 0.635989 0.948441
vt 0.695226 0.983366
vt 0.579503 0.979625
vt 0.726515 0.978941
vt 0.572418 0.925007
vt 0.726515 0.610225
vt 0.575486 0.609180
vt 0.574131 0.447552
vt 0.726515 0.445670
vt 0.628909 0.318546
vt 0.561909 0.331279
vt 0.561667 0.289065
vt 0.629838 0.284131
vt 0.681244 0.268659
vt 0.726515 0.308737
vt 0.465542 0.609718
vt 0.497836 0.448231
vt 0.389955 0.608312
vt 0.424485 0.456931
vt 0.334346 0.436815
vt 0.434410 0.332167
vt 0.334346 0.318454
vt 0.382074 0.269755
vt 0.433481 0.285227
vt 0.501409 0.332846
vt 0.501652 0.290161
vt 0.532354 0.423067
vt 0.334346 0.607952
vt 0.079805 0.232283
vt 0.164710 0.210607
vt 0.122523 0.194649
vt 0.082536 0.195321
vt 0.065738 0.163787
vt 0.098907 0.148763
vt 0.061632 0.142152
vt 0.067395 0.121429
vt 0.123677 0.114515
vt 0.175785 0.114562
vt 0.094627 0.115280
vt 0.071940 0.113520
vt 0.035702 0.148111
vt 0.041923 0.132093
vt 0.020229 0.138299
vt 0.026355 0.125859
vt 0.005702 0.131286
vt 0.011940 0.118620
vt 0.124248 0.087244
vt 0.097369 0.085301
vt 0.124231 0.055219
vt 0.098622 0.055224
vt 0.124118 0.033753
vt 0.158367 0.040381
vt 0.164154 0.054336
vt 0.099739 0.035139
vt 0.171577 0.088395
vt 0.192231 0.080816
vt 0.172887 0.036601
vt 0.229659 0.051083
vt 0.207206 0.014433
vt 0.253565 0.037615
vt 0.259273 0.099604
vt 0.295568 0.088781
vt 0.225257 0.005464
vt 0.257519 0.214069
vt 0.210893 0.208562
vt 0.203087 0.112287
vt 0.256732 0.004405
vt 0.275505 0.029551
vt 0.296663 0.056271
vt 0.254448 0.243670
vt 0.287294 0.248875
vt 0.299549 0.220380
vt 0.323300 0.104611
vt 0.343328 0.116239
vt 0.349575 0.166371
vt 0.341191 0.234380
vt 0.379236 0.180734
vt 0.393815 0.198439
vt 0.369935 0.227020
vt 0.383913 0.245331
vt 0.408148 0.211617
vt 0.372524 0.153454
vt 0.406401 0.154959
vt 0.418570 0.170953
vt 0.432503 0.130104
vt 0.445823 0.142555
vt 0.433494 0.180403
vt 0.448844 0.163198
vt 0.412154 0.127150
vt 0.395815 0.139939
vt 0.325332 0.261049
vt 0.344700 0.051550
vt 0.359289 0.070966
vt 0.389947 0.045029
vt 0.374202 0.026325
vt 0.391323 0.064504
vt 0.369359 0.086828
vt 0.352694 0.023153
vt 0.330809 0.036634
vt 0.068269 0.054545
vt 0.088448 0.054365
vt 0.085147 0.033440
vt 0.068311 0.035581
vt 0.069129 0.082960
vt 0.091835 0.081384
vt 0.214759 0.239928
vt 0.170727 0.242683
vt 0.094294 0.262400
vt 0.737783 0.987757
vt 0.737708 0.780107
vt 0.274783 0.263290
vt 0.251897 0.284556
vt 0.265085 0.304716
vt 0.290410 0.280108
vt 0.230808 0.322133
vt 0.234686 0.293532
vt 0.317161 0.315098
vt 0.326877 0.296848
vt 0.247112 0.446506
vt 0.230894 0.421947
vt 0.204488 0.436013
vt 0.200804 0.450038
vt 0.202857 0.296193
vt 0.220949 0.280878
vt 0.186739 0.265822
vt 0.206200 0.254811
vt 0.152216 0.291162
vt 0.194174 0.426648
vt 0.177297 0.438725
vt 0.148125 0.271043
vt 0.109679 0.437051
vt 0.158639 0.453515
vt 0.110675 0.292890
vt 0.130164 0.279394
vt 0.048936 0.787641
vt 0.037433 0.823986
vt 0.095670 0.805101
vt 0.018334 0.795488
vt 0.001309 0.823986
vt 0.001309 0.828672
vt 0.001309 0.805245
vt 0.001309 0.793266
vt 0.072476 0.756292
vt 0.104842 0.722758
vt 0.009703 0.762035
vt 0.001309 0.770446
vt 0.001309 0.745864
vt 0.041600 0.754625
vt 0.045013 0.731461
vt 0.001309 0.728107
vt 0.001309 0.706350
vt 0.045012 0.704329
vt 0.000634 0.640415
vt 0.080537 0.664700
vt 0.172489 0.654188
vt 0.168984 0.731210
vt 0.146949 0.810560
vt 0.044855 0.876465
vt 0.134665 0.883862
vt 0.053879 0.921862
vt 0.230813 0.753236
vt 0.327296 0.709405
vt 0.289853 0.844016
vt 0.198004 0.819694
vt 0.222406 0.906637
vt 0.208321 0.985394
vt 0.032665 0.835220
vt 0.001309 0.884699
vt 0.068912 0.997425
vt 0.136690 0.961832
vt 0.001309 0.847491
vt 0.001309 0.839125
vt 0.041894 0.649915
vt 0.070649 0.583980
vt 0.103642 0.580263
vt 0.049090 0.502723
vt 0.103028 0.449168
vt 0.013527 0.576938
vt 0.001309 0.788851
vt 0.992969 0.987765
vt 0.232379 0.916718
vt 0.282941 0.969753
vt 0.311768 0.908112
vt 0.306313 0.933309
vt 0.220304 0.994415
vt 0.243005 0.989735
vt 0.222758 0.978624
vt 0.468563 0.011307
vt 0.435273 0.011298
s 1
usemtl enemy_tonnel
f 1/1/1 2/2/2 3/3/3
f 1/1/1 3/3/3 4/4/4
f 4/4/4 3/3/3 5/5/5
f 4/4/4 5/5/5 6/6/6
f 3/3/3 2/2/2 7/7/7
f 3/3/3 7/7/7 8/8/8
f 5/5/5 3/3/3 8/8/8
f 5/5/5 8/8/8 9/9/9
f 10/10/10 9/9/9 8/8/8
f 10/10/10 8/8/8 11/11/11
f 11/11/11 8/8/8 7/7/7
f 1/1/1 12/12/12 2/2/2
f 4/4/4 6/6/6 13/13/13
f 14/14/14 4/4/4 13/13/13
f 1/1/1 4/4/4 14/14/14
f 14/14/14 13/13/13 15/15/15
f 14/14/14 15/15/15 16/16/11
f 16/16/11 17/17/16 14/14/14
f 1/1/1 14/14/14 17/17/16
f 18/18/17 12/12/12 1/1/1
f 18/18/17 1/1/1 17/17/16
f 18/18/17 19/19/18 12/12/12
f 18/18/17 20/20/19 19/19/18
f 20/20/19 21/21/20 19/19/18
f 22/22/21 20/20/19 18/18/17
f 16/16/11 22/22/21 17/17/16
f 18/18/17 17/17/16 22/22/21
f 22/22/21 23/23/22 20/20/19
f 24/24/23 21/21/20 20/20/19
f 24/24/23 20/20/19 23/23/22
f 25/25/24 12/12/12 19/19/18
f 26/26/25 25/25/24 19/19/18
f 26/26/25 19/19/18 27/27/26
f 19/19/18 21/21/20 27/27/26
f 21/21/20 28/28/27 27/27/26
f 29/29/28 25/25/24 26/26/25
f 29/29/28 30/30/29 25/25/24
f 30/30/29 29/29/28 31/31/30
f 30/30/29 31/31/30 32/32/31
f 33/33/32 30/30/29 32/32/31
f 33/33/32 32/32/31 34/34/21
f 27/27/26 35/35/33 26/26/25
f 27/27/26 36/36/34 35/35/33
f 35/35/33 37/37/35 26/26/25
f 37/37/35 29/29/28 26/26/25
f 37/37/35 38/38/36 29/29/28
f 31/31/30 29/29/28 38/38/36
f 37/37/35 39/39/37 38/38/36
f 30/30/29 33/33/32 2/2/2
f 30/30/29 2/2/2 25/25/24
f 25/25/24 2/2/2 12/12/12
f 2/2/2 33/33/32 40/40/38
f 40/40/38 33/33/32 34/34/21
f 7/7/7 40/40/38 34/34/21
f 7/7/7 2/2/2 40/40/38
f 11/11/11 7/7/7 34/34/21
f 41/41/39 42/42/40 43/43/41
f 42/42/40 44/44/42 43/43/41
f 42/42/40 45/45/43 44/44/42
f 45/45/43 46/46/44 44/44/42
f 45/45/43 47/47/45 46/46/44
f 48/48/46 44/44/42 46/46/44
f 49/49/47 48/48/46 46/46/44
f 48/48/46 50/50/48 44/44/42
f 43/43/41 44/44/42 50/50/48
f 51/51/49 47/47/45 45/45/43
f 52/52/50 51/51/49 45/45/43
f 52/52/50 45/45/43 42/42/40
f 51/51/49 52/52/50 53/53/51
f 51/51/49 53/53/51 54/54/52
f 54/54/52 53/53/51 55/55/48
f 54/54/52 55/55/48 56/56/53
f 57/57/54 54/54/52 56/56/53
f 57/57/54 56/56/53 58/58/55
f 59/59/56 51/51/49 54/54/52
f 59/59/56 54/54/52 57/57/54
f 51/51/49 59/59/56 47/47/45
f 59/59/56 57/57/54 60/60/57
f 60/60/57 57/57/54 58/58/55
f 59/59/56 60/60/57 61/61/58
f 47/47/45 59/59/56 61/61/58
f 60/60/57 58/58/55 62/62/59
f 47/47/45 61/61/58 63/63/60
f 64/64/61 63/63/60 61/61/58
f 64/64/61 65/65/62 63/63/60
f 53/53/51 66/66/63 55/55/48
f 53/53/51 67/67/64 66/66/63
f 53/53/51 52/52/50 68/68/65
f 53/53/51 68/68/65 67/67/64
f 69/69/66 66/66/63 67/67/64
f 68/68/65 69/69/66 67/67/64
f 52/52/50 42/42/40 68/68/65
f 42/42/40 70/70/67 68/68/65
f 42/42/40 71/41/39 70/70/67
f 68/68/65 70/70/67 72/69/68
f 63/63/60 73/71/69 46/46/44
f 63/63/60 46/46/44 47/47/45
f 74/71/69 49/49/47 46/46/44
f 75/71/70 76/72/71 49/49/55
f 77/73/72 78/74/73 79/75/74
f 77/73/72 80/76/75 78/74/73
f 80/76/75 81/77/76 78/74/73
f 79/75/74 82/78/77 77/73/72
f 79/75/74 83/79/78 82/78/77
f 79/75/74 78/74/73 84/80/59
f 78/74/73 81/77/76 85/81/61
f 78/74/73 85/81/61 86/82/58
f 86/82/58 87/83/57 78/74/73
f 78/74/73 87/83/57 84/80/59
f 82/78/77 83/79/78 88/84/79
f 89/85/80 88/84/79 83/79/78
f 89/85/80 90/86/81 88/84/79
f 91/87/82 88/84/79 90/86/81
f 91/87/82 82/78/77 88/84/79
f 92/88/83 90/86/81 89/85/80
f 92/88/83 89/85/80 93/89/84
f 89/85/80 94/90/85 93/89/84
f 93/89/84 94/90/85 95/91/86
f 94/90/85 89/85/80 96/92/70
f 97/93/62 92/88/83 93/89/84
f 98/93/87 93/89/84 95/91/86
f 89/85/80 83/79/78 99/94/88
f 89/85/80 99/94/88 96/92/70
f 99/94/88 83/79/78 79/75/74
f 99/94/88 79/75/74 84/80/59
f 100/92/70 99/94/88 84/80/59
f 94/90/85 101/92/70 95/91/86
f 91/87/82 102/95/89 103/96/90
f 91/87/82 103/96/90 82/78/77
f 102/95/89 104/97/91 103/96/90
f 102/95/89 105/98/92 104/97/91
f 105/98/92 106/99/93 104/97/91
f 107/100/35 104/97/91 106/99/93
f 106/99/93 108/101/94 107/100/35
f 106/99/93 109/102/95 108/101/94
f 110/103/96 109/102/95 106/99/93
f 106/99/93 111/104/97 110/103/96
f 105/98/92 111/104/97 106/99/93
f 77/73/72 82/78/77 103/96/90
f 77/73/72 103/96/90 112/105/98
f 113/106/99 112/105/98 103/96/90
f 113/106/99 103/96/90 104/97/91
f 113/106/99 114/107/100 112/105/98
f 77/73/72 112/105/98 114/107/100
f 113/106/99 115/108/101 114/107/100
f 115/108/101 116/109/102 114/107/100
f 116/109/102 115/108/101 117/110/103
f 117/110/103 115/108/101 113/106/99
f 116/109/102 117/110/103 118/111/104
f 117/110/103 119/112/105 118/111/104
f 117/110/103 120/113/106 119/112/105
f 120/113/106 117/110/103 121/114/107
f 120/113/106 121/114/107 122/115/108
f 77/73/72 114/107/100 80/76/75
f 117/110/103 113/106/99 123/116/109
f 117/110/103 123/116/109 121/114/107
f 80/76/75 114/107/100 124/117/110
f 114/107/100 116/109/102 124/117/110
f 125/118/111 126/119/112 127/120/113
f 128/121/114 125/118/111 127/120/113
f 127/120/113 129/122/115 128/121/114
f 127/120/113 130/123/116 129/122/115
f 129/122/115 130/123/116 131/124/117
f 130/123/116 132/125/118 131/124/117
f 133/126/119 130/123/116 127/120/113
f 127/120/113 134/127/120 133/126/119
f 130/123/116 133/126/119 135/128/121
f 130/123/116 135/128/121 132/125/118
f 135/128/121 136/129/122 132/125/118
f 137/130/123 129/122/115 131/124/117
f 137/130/123 131/124/117 138/131/124
f 139/132/125 137/130/123 138/131/124
f 139/132/125 138/131/124 140/133/126
f 141/134/127 139/132/125 140/133/126
f 141/134/127 140/133/126 142/135/128
f 135/128/121 133/126/119 143/136/129
f 135/128/121 143/136/129 144/137/130
f 144/137/130 143/136/129 145/138/131
f 144/137/130 145/138/131 146/139/132
f 145/138/131 147/140/133 146/139/132
f 148/141/134 147/140/133 145/138/131
f 149/142/135 148/141/134 145/138/131
f 143/136/129 149/142/135 145/138/131
f 147/140/133 150/143/136 146/139/132
f 143/136/129 151/144/137 149/142/135
f 152/145/138 153/146/134 149/142/139
f 154/147/140 153/146/134 152/145/138
f 154/147/140 155/148/133 153/146/134
f 156/149/141 155/148/133 154/147/140
f 157/150/142 156/149/141 154/147/140
f 154/147/140 152/145/138 157/150/142
f 157/150/142 158/151/143 156/149/141
f 156/149/141 159/152/136 155/148/133
f 158/151/143 157/150/142 160/153/144
f 157/150/142 161/154/145 160/153/144
f 157/150/142 162/155/146 161/154/145
f 152/145/138 162/155/146 157/150/142
f 162/155/146 152/145/138 163/144/147
f 164/127/120 162/155/146 163/144/147
f 161/154/145 162/155/146 164/127/120
f 156/149/141 165/156/148 159/152/136
f 156/149/141 166/157/130 165/156/148
f 167/151/143 166/157/130 156/149/141
f 167/151/143 168/158/121 166/157/130
f 126/119/149 161/154/145 164/127/120
f 161/154/145 169/159/150 160/153/144
f 170/160/13 160/153/144 169/159/150
f 170/160/13 171/161/151 160/153/144
f 172/151/152 160/153/144 171/161/151
f 173/162/153 172/151/152 171/161/151
f 171/161/151 174/163/122 173/162/153
f 171/161/151 175/164/154 174/163/122
f 171/161/151 176/165/155 175/164/154
f 170/160/13 176/165/155 171/161/151
f 177/166/156 175/164/154 176/165/155
f 176/165/155 178/167/157 177/166/156
f 176/165/155 179/168/158 178/167/157
f 180/169/114 179/168/158 176/165/155
f 178/167/157 179/168/158 180/169/114
f 178/167/157 180/169/114 181/170/159
f 177/166/156 182/171/160 175/164/154
f 178/167/157 183/172/161 177/166/156
f 178/167/157 184/173/162 183/172/161
f 181/170/159 184/173/162 178/167/157
f 184/173/162 185/174/163 183/172/161
f 184/173/162 186/175/127 185/174/163
f 181/170/159 187/176/123 184/173/162
f 187/176/123 186/175/127 184/173/162
f 187/176/123 188/177/164 186/175/127
f 189/178/165 183/172/161 185/174/163
f 189/178/165 190/179/166 183/172/161
f 190/179/166 182/171/160 177/166/156
f 190/179/166 177/166/156 183/172/161
f 170/160/13 191/180/167 176/165/155
f 192/181/168 193/182/169 194/183/170
f 192/181/168 194/183/170 195/184/171
f 172/151/152 193/182/169 192/181/168
f 172/151/152 173/162/153 193/182/169
f 193/182/169 196/185/172 194/183/170
f 193/182/169 197/186/173 196/185/172
f 173/162/153 197/186/173 193/182/169
f 173/162/153 174/163/122 197/186/173
f 192/181/168 195/184/171 198/187/174
f 192/181/168 198/187/174 199/188/175
f 200/151/143 192/181/168 199/188/175
f 200/151/143 199/188/175 201/158/176
f 202/144/177 152/145/178 203/142/179
f 133/126/119 134/127/120 151/144/180
f 133/126/119 204/144/137 143/136/129
f 205/189/172 206/190/174 207/191/181
f 205/189/172 207/191/181 208/192/182
f 209/193/173 206/190/174 205/189/172
f 209/193/173 210/194/183 206/190/174
f 135/128/121 210/194/183 209/193/173
f 136/129/122 135/128/121 209/193/173
f 126/119/112 211/127/184 127/120/113
f 161/154/145 212/195/9 169/159/150
f 213/119/112 212/195/9 161/154/145
f 213/119/112 214/196/185 212/195/9
f 215/197/6 214/196/185 213/119/112
f 215/197/6 213/119/112 125/118/186
f 216/198/187 217/41/188 43/43/41
f 216/198/187 43/43/41 218/199/189
f 218/199/189 43/43/41 50/50/48
f 219/200/188 220/201/187 221/202/190
f 219/200/188 221/202/190 222/203/191
f 220/201/187 223/204/192 221/202/190
f 220/201/187 224/205/193 223/204/192
f 221/202/190 225/206/194 222/203/191
f 222/203/191 225/206/194 226/207/195
f 221/202/190 227/208/196 225/206/194
f 221/202/190 223/204/192 228/209/197
f 221/202/190 228/209/197 227/208/196
f 229/210/198 227/208/196 228/209/197
f 223/204/192 229/210/198 228/209/197
f 229/210/198 230/211/199 227/208/196
f 223/204/192 231/212/200 229/210/198
f 232/205/201 231/212/200 223/204/192
f 232/205/201 233/213/67 231/212/200
f 233/213/67 234/214/191 231/212/200
f 233/213/67 235/215/39 234/214/191
f 234/214/191 236/216/202 231/212/200
f 231/212/200 237/217/203 229/210/198
f 237/217/203 231/212/200 238/218/204
f 229/210/198 237/217/203 238/218/204
f 229/210/198 238/218/204 230/211/199
f 231/212/200 236/216/202 238/218/204
f 234/214/191 239/219/205 240/216/202
f 241/220/206 242/221/199 243/218/207
f 244/222/194 241/220/206 243/218/207
f 244/222/194 243/218/207 245/216/202
f 246/223/205 244/222/194 245/216/202
f 247/224/208 248/225/209 249/226/210
f 247/224/208 250/227/211 248/225/209
f 250/227/211 251/228/212 248/225/209
f 252/229/213 248/225/209 251/228/212
f 251/228/212 250/227/211 253/230/214
f 253/230/214 250/227/211 254/231/215
f 249/226/210 255/232/216 247/224/208
f 249/226/210 256/233/217 255/232/216
f 250/227/211 247/224/208 257/234/218
f 258/235/219 250/227/211 257/234/218
f 258/235/219 257/234/218 259/236/220
f 247/224/208 260/237/221 257/234/218
f 247/224/208 255/232/216 260/237/221
f 261/238/222 259/236/220 257/234/218
f 257/234/218 260/237/221 261/238/222
f 260/237/221 255/232/216 261/238/222
f 255/232/216 256/233/217 261/238/222
f 259/236/220 261/238/222 262/239/223
f 262/239/223 261/238/222 263/240/224
f 261/238/222 264/241/225 263/240/224
f 256/233/217 264/241/225 261/238/222
f 263/240/224 264/241/225 265/242/226
f 266/243/227 264/241/225 256/233/217
f 266/243/227 256/233/217 267/244/228
f 256/233/217 268/245/229 267/244/228
f 249/226/210 268/245/229 256/233/217
f 249/226/210 269/246/230 268/245/229
f 270/247/231 269/246/230 249/226/210
f 270/247/231 271/248/232 269/246/230
f 270/247/231 272/249/233 271/248/232
f 268/245/229 273/250/234 267/244/228
f 269/246/230 273/250/234 268/245/229
f 274/251/235 267/244/228 273/250/234
f 274/251/235 273/250/234 275/252/236
f 275/252/236 273/250/234 276/253/237
f 271/248/232 276/253/237 269/246/230
f 269/246/230 276/253/237 273/250/234
f 275/252/236 276/253/237 277/254/238
f 271/248/232 278/254/238 276/253/237
f 279/255/239 278/254/238 271/248/232
f 270/247/231 249/226/210 280/256/240
f 281/257/241 270/247/231 280/256/240
f 270/247/231 281/257/241 282/249/233
f 282/249/233 283/258/242 271/248/243
f 283/258/242 284/259/244 271/248/243
f 285/260/245 281/257/241 280/256/240
f 286/261/246 285/260/245 280/256/240
f 287/259/247 288/255/248 271/248/249
f 289/248/250 290/253/251 278/254/252
f 289/248/250 291/246/253 290/253/251
f 292/247/254 291/246/253 289/248/250
f 292/247/254 289/248/250 293/249/233
f 292/247/254 294/226/255 291/246/253
f 294/226/255 295/245/256 291/246/253
f 294/226/255 296/233/257 295/245/256
f 294/226/255 297/232/258 296/233/257
f 294/226/255 298/224/259 297/232/258
f 298/224/259 294/226/255 299/225/260
f 298/224/259 299/225/260 300/227/261
f 300/227/261 299/225/260 301/228/262
f 302/229/213 301/228/262 299/225/260
f 301/228/262 303/230/214 300/227/261
f 303/230/214 304/231/263 300/227/261
f 300/227/261 305/234/264 298/224/259
f 306/235/265 305/234/264 300/227/261
f 306/235/265 307/236/266 305/234/264
f 298/224/259 305/234/264 308/237/267
f 298/224/259 308/237/267 297/232/258
f 309/238/268 305/234/264 307/236/266
f 305/234/264 309/238/268 308/237/267
f 308/237/267 309/238/268 297/232/258
f 297/232/258 309/238/268 296/233/257
f 307/236/266 310/239/223 309/238/268
f 310/239/223 311/240/224 309/238/268
f 309/238/268 311/240/224 312/241/269
f 296/233/257 309/238/268 312/241/269
f 313/243/270 296/233/257 312/241/269
f 313/243/270 314/244/271 296/233/257
f 296/233/257 314/244/271 295/245/256
f 295/245/256 314/244/271 315/250/272
f 316/251/235 315/250/272 314/244/271
f 316/251/235 317/252/273 315/250/272
f 317/252/273 290/253/251 315/250/272
f 317/252/273 318/254/252 290/253/251
f 291/246/253 295/245/256 315/250/272
f 291/246/253 315/250/272 290/253/251
f 313/243/270 312/241/269 319/262/274
f 319/262/274 320/263/275 313/243/270
f 313/243/270 320/263/275 321/264/276
f 321/264/276 320/263/275 322/265/277
f 322/265/277 323/266/235 321/264/276
f 319/262/274 312/241/269 324/242/226
f 320/263/275 319/262/274 324/242/226
f 311/240/224 324/242/226 312/241/269
f 320/263/275 324/242/226 325/267/278
f 326/265/279 320/263/275 325/267/278
f 327/265/277 328/264/280 323/266/281
f 328/264/280 327/265/277 329/263/282
f 266/243/227 328/264/280 329/263/282
f 330/262/283 266/243/227 329/263/282
f 266/243/227 330/262/283 264/241/225
f 330/262/283 265/242/226 264/241/225
f 329/263/282 265/242/226 330/262/283
f 329/263/282 331/267/284 265/242/226
f 332/265/279 331/267/284 329/263/282
f 333/231/285 250/227/211 334/268/286
f 250/227/211 335/235/265 334/268/286
f 333/231/285 334/268/286 300/227/287
f 300/227/287 334/268/286 335/235/265
f 336/69/66 337/269/288 66/66/189
f 338/270/289 339/271/290 340/272/213
f 339/271/290 341/273/291 340/272/213
f 342/274/292 343/275/293 344/276/294
f 343/275/293 345/271/295 344/276/294
f 346/270/296 344/276/294 345/271/295
f 347/277/297 348/278/37 21/21/20
f 24/24/23 347/277/297 21/21/20
f 348/278/37 28/28/27 21/21/20
f 349/1/298 350/4/299 351/3/300
f 349/1/298 351/3/300 352/2/301
f 350/4/299 353/5/302 351/3/300
f 350/4/299 354/6/303 353/5/302
f 351/3/300 355/7/304 352/2/301
f 351/3/300 356/8/305 355/7/304
f 353/5/302 356/8/305 351/3/300
f 353/5/302 357/9/306 356/8/305
f 358/10/307 356/8/305 357/9/306
f 358/10/307 359/11/308 356/8/305
f 359/11/308 355/7/304 356/8/305
f 349/1/298 352/2/301 360/12/309
f 350/4/299 361/13/310 354/6/303
f 362/14/311 361/13/310 350/4/299
f 349/1/298 362/14/311 350/4/299
f 362/14/311 363/15/312 361/13/310
f 362/14/311 364/16/308 363/15/312
f 364/16/308 362/14/311 365/17/313
f 349/1/298 365/17/313 362/14/311
f 366/18/314 365/17/313 349/1/298
f 366/18/314 349/1/298 360/12/309
f 366/18/314 360/12/309 367/19/315
f 366/18/314 367/19/315 368/20/316
f 368/20/316 367/19/315 369/21/317
f 370/22/318 366/18/314 368/20/316
f 364/16/308 365/17/313 370/22/318
f 366/18/314 370/22/318 365/17/313
f 370/22/318 368/20/316 371/23/319
f 372/24/320 368/20/316 369/21/317
f 372/24/320 371/23/319 368/20/316
f 373/25/321 367/19/315 360/12/309
f 374/26/322 367/19/315 373/25/321
f 374/26/322 375/27/323 367/19/315
f 367/19/315 375/27/323 369/21/317
f 369/21/317 375/27/323 376/28/324
f 377/29/325 374/26/322 373/25/321
f 377/29/325 373/25/321 378/30/326
f 378/30/326 379/31/320 377/29/325
f 378/30/326 380/32/327 379/31/320
f 381/33/328 380/32/327 378/30/326
f 381/33/328 382/34/318 380/32/327
f 375/27/323 374/26/322 383/35/329
f 375/27/323 383/35/329 384/36/330
f 383/35/329 374/26/322 385/37/331
f 385/37/331 374/26/322 377/29/325
f 385/37/331 377/29/325 386/38/332
f 379/31/320 386/38/332 377/29/325
f 385/37/331 386/38/332 387/39/333
f 378/30/326 352/2/301 381/33/328
f 378/30/326 373/25/321 352/2/301
f 373/25/321 360/12/309 352/2/301
f 352/2/301 388/40/334 381/33/328
f 388/40/334 382/34/318 381/33/328
f 355/7/304 382/34/318 388/40/334
f 355/7/304 388/40/334 352/2/301
f 359/11/308 382/34/318 355/7/304
f 389/41/335 390/43/336 391/42/337
f 391/42/337 390/43/336 392/44/338
f 391/42/337 392/44/338 393/45/339
f 393/45/339 392/44/338 394/46/340
f 393/45/339 394/46/340 395/47/341
f 396/48/342 394/46/340 392/44/338
f 397/49/343 394/46/340 396/48/342
f 396/48/342 392/44/338 398/50/344
f 390/43/336 398/50/344 392/44/338
f 399/51/345 393/45/339 395/47/341
f 400/52/346 393/45/339 399/51/345
f 400/52/346 391/42/337 393/45/339
f 399/51/345 401/53/347 400/52/346
f 399/51/345 402/54/348 401/53/347
f 402/54/348 403/55/349 401/53/347
f 402/54/348 404/56/342 403/55/349
f 405/57/350 404/56/342 402/54/348
f 405/57/350 406/58/351 404/56/342
f 407/59/352 405/57/350 402/54/348
f 407/59/352 402/54/348 399/51/345
f 399/51/345 395/47/341 407/59/352
f 407/59/352 408/60/353 405/57/350
f 408/60/353 406/58/351 405/57/350
f 407/59/352 409/61/354 408/60/353
f 395/47/341 409/61/354 407/59/352
f 408/60/353 410/62/355 406/58/351
f 395/47/341 411/63/356 409/61/354
f 401/53/347 403/55/349 412/66/357
f 401/53/347 412/66/357 413/67/358
f 401/53/347 414/68/359 400/52/346
f 401/53/347 413/67/358 414/68/359
f 415/69/360 413/67/358 412/66/357
f 414/68/359 413/67/358 415/69/360
f 400/52/346 414/68/359 391/42/337
f 391/42/337 414/68/359 416/70/361
f 391/42/337 416/70/361 417/41/335
f 414/68/359 418/69/362 416/70/361
f 419/64/363 409/61/354 420/63/356
f 419/64/363 420/63/356 421/65/62
f 411/63/356 394/46/340 422/71/364
f 411/63/356 395/47/341 394/46/340
f 423/71/364 394/46/340 397/49/343
f 424/71/364 397/49/365 425/72/366
f 426/73/367 427/75/368 428/74/369
f 426/73/367 428/74/369 429/76/75
f 429/76/75 428/74/369 430/77/76
f 427/75/368 426/73/367 431/78/370
f 427/75/368 431/78/370 432/79/371
f 428/74/369 427/75/368 433/80/355
f 428/74/369 433/80/355 434/83/372
f 435/82/354 428/74/369 434/83/372
f 428/74/369 436/81/61 430/77/76
f 428/74/369 435/82/354 436/81/61
f 437/94/373 433/80/355 427/75/368
f 437/94/373 427/75/368 432/79/371
f 438/92/364 433/80/355 437/94/373
f 439/85/374 437/94/373 432/79/371
f 437/94/373 439/85/374 440/92/375
f 439/85/374 432/79/371 441/84/376
f 431/78/370 441/84/376 432/79/371
f 439/85/374 441/84/376 442/86/81
f 443/87/82 442/86/81 441/84/376
f 443/87/82 441/84/376 431/78/370
f 444/88/83 439/85/374 442/86/81
f 444/88/83 445/89/377 439/85/374
f 439/85/374 445/89/377 446/90/378
f 439/85/374 446/90/378 440/92/375
f 446/90/378 445/89/377 447/91/379
f 448/92/380 446/90/378 447/91/379
f 449/93/381 445/89/377 444/88/83
f 450/93/62 447/91/379 445/89/377
f 443/87/82 431/78/370 451/96/382
f 443/87/82 451/96/382 452/95/89
f 452/95/89 451/96/382 453/97/329
f 452/95/89 453/97/329 454/98/383
f 454/98/383 453/97/329 455/99/384
f 456/100/385 455/99/384 453/97/329
f 455/99/384 456/100/385 457/101/333
f 455/99/384 457/101/333 458/102/386
f 459/103/387 455/99/384 458/102/386
f 455/99/384 459/103/387 460/104/97
f 454/98/383 455/99/384 460/104/97
f 426/73/367 451/96/382 431/78/370
f 426/73/367 461/105/388 451/96/382
f 462/106/389 453/97/329 451/96/382
f 462/106/389 451/96/382 461/105/388
f 462/106/389 461/105/388 463/107/390
f 426/73/367 463/107/390 461/105/388
f 462/106/389 463/107/390 464/108/391
f 464/108/391 463/107/390 465/109/392
f 465/109/392 466/110/393 464/108/391
f 466/110/393 462/106/389 464/108/391
f 465/109/392 467/111/104 466/110/393
f 466/110/393 467/111/104 468/112/394
f 466/110/393 468/112/394 469/113/395
f 469/113/395 470/114/324 466/110/393
f 469/113/395 471/115/396 470/114/324
f 426/73/367 429/76/75 463/107/390
f 466/110/393 472/116/397 462/106/389
f 466/110/393 470/114/324 472/116/397
f 429/76/75 473/117/110 463/107/390
f 463/107/390 473/117/110 465/109/392
f 474/118/398 475/120/399 476/119/400
f 477/121/401 475/120/399 474/118/398
f 475/120/399 477/121/401 478/122/402
f 475/120/399 478/122/402 479/123/403
f 478/122/402 480/124/404 479/123/403
f 479/123/403 480/124/404 481/125/405
f 482/126/406 475/120/399 479/123/403
f 475/120/399 482/126/406 483/127/407
f 479/123/403 484/128/408 482/126/406
f 479/123/403 481/125/405 484/128/408
f 484/128/408 481/125/405 485/129/409
f 486/130/410 480/124/404 478/122/402
f 486/130/410 487/131/411 480/124/404
f 488/132/412 487/131/411 486/130/410
f 488/132/412 489/133/413 487/131/411
f 490/134/414 489/133/413 488/132/412
f 490/134/414 491/135/415 489/133/413
f 484/128/408 492/136/416 482/126/406
f 484/128/408 493/137/417 492/136/416
f 493/137/417 494/138/418 492/136/416
f 493/137/417 495/139/419 494/138/418
f 494/138/418 495/139/419 496/140/420
f 497/141/421 494/138/418 496/140/420
f 498/142/422 494/138/418 497/141/421
f 492/136/416 494/138/418 498/142/422
f 496/140/420 495/139/419 499/143/423
f 492/136/416 498/142/422 500/144/424
f 501/145/425 498/142/426 502/146/421
f 503/147/427 501/145/425 502/146/421
f 503/147/427 502/146/421 504/148/420
f 505/149/428 503/147/427 504/148/420
f 506/150/429 503/147/427 505/149/428
f 503/147/427 506/150/429 501/145/425
f 506/150/429 505/149/428 507/151/430
f 505/149/428 504/148/420 508/152/423
f 507/151/430 509/153/431 506/150/429
f 506/150/429 509/153/431 510/154/432
f 506/150/429 510/154/432 511/155/433
f 501/145/425 506/150/429 511/155/433
f 511/155/433 512/144/434 501/145/425
f 513/127/407 512/144/434 511/155/433
f 510/154/432 513/127/407 511/155/433
f 505/149/428 508/152/423 514/156/435
f 505/149/428 514/156/435 515/157/417
f 516/151/436 505/149/428 515/157/417
f 516/151/436 515/157/417 517/158/408
f 476/119/437 513/127/407 510/154/432
f 510/154/432 509/153/431 518/159/312
f 519/160/310 518/159/312 509/153/431
f 519/160/310 509/153/431 520/161/438
f 521/151/430 520/161/438 509/153/431
f 522/162/439 520/161/438 521/151/430
f 520/161/438 522/162/439 523/163/409
f 520/161/438 523/163/409 524/164/440
f 520/161/438 524/164/440 525/165/441
f 519/160/310 520/161/438 525/165/441
f 526/166/442 525/165/441 524/164/440
f 525/165/441 526/166/442 527/167/443
f 525/165/441 527/167/443 528/168/444
f 529/169/445 525/165/441 528/168/444
f 527/167/443 529/169/445 528/168/444
f 527/167/443 530/170/446 529/169/445
f 526/166/442 524/164/440 531/171/447
f 527/167/443 526/166/442 532/172/448
f 527/167/443 532/172/448 533/173/449
f 530/170/446 527/167/443 533/173/449
f 533/173/449 532/172/448 534/174/450
f 533/173/449 534/174/450 535/175/414
f 530/170/446 533/173/449 536/176/410
f 536/176/410 533/173/449 535/175/414
f 536/176/410 535/175/414 537/177/451
f 538/178/452 534/174/450 532/172/448
f 538/178/452 532/172/448 539/179/453
f 539/179/453 532/172/448 526/166/442
f 539/179/453 526/166/442 531/171/447
f 519/160/310 525/165/441 540/180/454
f 541/181/455 542/183/456 543/182/457
f 541/181/455 544/184/458 542/183/456
f 521/151/430 541/181/455 543/182/457
f 521/151/430 543/182/457 522/162/439
f 543/182/457 542/183/456 545/185/459
f 543/182/457 545/185/459 546/186/460
f 522/162/439 543/182/457 546/186/460
f 522/162/439 546/186/460 523/163/409
f 541/181/455 547/187/461 544/184/458
f 541/181/455 548/188/462 547/187/461
f 549/151/430 548/188/462 541/181/455
f 549/151/430 550/158/408 548/188/462
f 551/144/463 552/142/464 501/145/465
f 482/126/406 500/144/434 483/127/407
f 482/126/406 492/136/416 553/144/424
f 554/189/466 555/191/458 556/190/461
f 554/189/466 557/192/467 555/191/458
f 558/193/460 554/189/466 556/190/461
f 558/193/460 556/190/461 559/194/468
f 484/128/408 558/193/460 559/194/468
f 485/129/409 558/193/460 484/128/408
f 476/119/400 475/120/399 560/127/469
f 476/119/437 510/154/432 561/195/470
f 510/154/432 518/159/312 561/195/470
f 562/119/471 561/195/470 563/196/472
f 564/197/473 562/119/471 563/196/472
f 564/197/473 474/118/441 562/119/471
f 565/198/474 390/43/336 566/41/475
f 565/198/474 567/199/476 390/43/336
f 567/199/476 398/50/344 390/43/336
f 568/200/335 569/203/477 570/202/478
f 568/200/335 570/202/478 571/201/479
f 571/201/479 570/202/478 572/204/480
f 571/201/479 572/204/480 573/205/360
f 570/202/478 569/203/477 574/206/481
f 569/203/477 575/207/482 574/206/481
f 570/202/478 574/206/481 576/208/483
f 570/202/478 577/209/484 572/204/480
f 570/202/478 576/208/483 577/209/484
f 578/210/485 577/209/484 576/208/483
f 572/204/480 577/209/484 578/210/485
f 578/210/485 576/208/483 579/211/486
f 572/204/480 578/210/485 580/212/487
f 581/205/362 572/204/480 580/212/487
f 581/205/362 580/212/487 582/213/361
f 582/213/361 580/212/487 583/214/488
f 582/213/361 583/214/488 584/215/335
f 583/214/488 580/212/487 585/216/489
f 580/212/487 578/210/485 586/217/490
f 586/217/490 587/218/491 580/212/487
f 578/210/485 587/218/491 586/217/490
f 578/210/485 579/211/486 587/218/491
f 580/212/487 587/218/491 585/216/489
f 583/214/488 588/216/492 589/219/482
f 590/220/493 591/218/494 592/221/486
f 593/222/495 591/218/494 590/220/493
f 593/222/495 594/216/489 591/218/494
f 595/223/482 594/216/489 593/222/495
f 292/247/254 596/249/233 597/257/241
f 597/257/241 598/256/496 292/247/254
f 599/260/245 598/256/496 597/257/241
f 600/261/246 598/256/496 599/260/245
f 292/247/254 598/256/496 294/226/255
f 596/249/497 289/248/498 601/258/104
f 601/258/104 289/248/498 602/259/499
f 603/259/394 289/248/500 604/255/248
f 605/255/248 289/248/250 278/254/252
f 606/69/360 412/66/476 607/269/479
f 608/270/289 609/272/501 610/271/502
f 610/271/502 609/272/501 611/273/503
f 612/274/292 613/276/504 614/275/505
f 614/275/505 613/276/504 615/271/255
f 616/270/289 615/271/255 613/276/504
f 617/277/506 369/21/317 618/278/507
f 372/24/320 369/21/317 617/277/506
f 618/278/507 369/21/317 376/28/324
o Object_33.001
v 0.114198 1.862406 -0.177722
v 0.067706 1.871948 -0.235823
v 0.280410 1.578244 -0.213356
v 0.293442 1.601318 -0.130630
v 0.362446 1.465468 -0.189677
v 0.375231 1.488110 -0.108507
v 0.140044 1.879741 -0.310501
v 0.271040 1.706504 -0.265694
v 0.402893 1.491101 -0.200644
v 0.426993 1.513226 -0.165154
v 0.299101 1.734025 -0.214327
v 0.107054 1.877656 -0.176163
v 0.415020 1.512572 -0.123666
v 0.241822 1.777202 -0.152911
v 0.426993 1.513226 -0.165154
v 0.299101 1.734025 -0.214327
v 0.182017 1.896451 -0.189383
v 0.178733 1.907414 -0.192088
v 0.058583 2.118207 0.044455
v 0.164966 2.078615 -0.056321
v 0.141867 2.249465 0.056834
v 0.184151 1.926342 -0.267298
v 0.154116 2.092699 -0.135080
v 0.140862 2.229012 -0.048214
v -0.030488 2.178096 -0.069150
v -0.056839 2.233549 -0.001916
v 0.013344 2.172532 0.104540
v 0.042288 2.255215 0.143009
v 0.084415 2.310826 -0.044294
v 0.081413 2.131522 -0.158876
v 0.140862 2.229012 -0.048214
v 0.154116 2.092699 -0.135080
v 0.106996 1.945788 -0.294448
v 0.184151 1.926342 -0.267298
v -0.001412 2.229813 -0.059867
v 0.002281 2.123495 0.039633
v 0.018785 2.363736 0.063612
v 0.125348 2.290962 -0.002476
v 0.034269 2.323899 0.114106
v 0.123103 1.912547 -0.303886
v -0.156427 0.199258 -0.460025
v -0.243073 0.626037 -0.222012
v -0.145029 0.596689 -0.227652
v -0.177594 0.825949 -0.024091
v -0.266057 0.813968 -0.051244
v -0.178638 0.846699 -0.031063
v -0.275631 0.834345 -0.036473
v -0.171822 0.840224 0.096711
v -0.166833 0.918075 0.070146
v -0.167159 0.771380 0.071841
v -0.325721 0.825379 0.065785
v -0.317490 0.752713 0.022890
v -0.250571 0.738751 0.081574
v -0.256578 0.830340 0.116173
v -0.167159 0.771380 0.071841
v -0.171822 0.840224 0.096711
v -0.252514 0.930521 0.097646
v -0.166833 0.918075 0.070146
v -0.323389 0.894127 0.054005
v -0.201345 1.335213 -0.120878
v -0.279709 1.322093 -0.215980
v -0.112511 1.346255 -0.197772
v -0.258580 1.258309 -0.359757
v -0.333302 1.310790 -0.185141
v -0.322540 1.327755 -0.373407
v -0.125444 0.503930 -0.132561
v -0.217767 0.491691 -0.097223
v -0.277169 0.538271 -0.145747
v -0.181458 0.128536 -0.356186
v -0.215333 0.156768 -0.406732
v -0.156427 0.199258 -0.460025
v -0.181458 0.128536 -0.356186
v -0.076590 1.214900 -0.307396
v -0.076590 1.214900 -0.307396
v -0.076590 1.214900 -0.307396
v -0.112511 1.346255 -0.197772
v -0.112769 1.729196 -0.085948
v -0.171809 1.407910 -0.120237
v -0.089415 1.449097 -0.193855
v -0.292398 1.731107 0.011548
v -0.326304 1.399007 -0.109692
v -0.074870 1.763705 -0.233956
v -0.079774 1.480917 -0.342200
v -0.112511 1.346255 -0.197772
v -0.333302 1.310790 -0.185141
v -0.279709 1.322093 -0.215980
v -0.201345 1.335213 -0.120878
v -0.157986 1.559784 -0.369922
v -0.153657 1.471217 -0.409215
v -0.289734 1.609687 -0.357102
v -0.269353 1.799634 -0.309044
v -0.310541 1.416485 -0.404344
v -0.282223 1.368863 -0.421131
v -0.152003 1.375036 -0.424674
v -0.258580 1.258309 -0.359757
v -0.076590 1.214900 -0.307396
v -0.322540 1.327755 -0.373407
v -0.322540 1.327755 -0.373407
v -0.078002 1.438074 -0.351952
v -0.076590 1.214900 -0.307396
v -0.076590 1.214900 -0.307396
v -0.291137 2.025006 -0.214410
v -0.072441 1.984658 -0.198957
v -0.001412 2.229813 -0.059867
v -0.288145 2.283011 -0.072485
v -0.094701 2.402967 0.101435
v 0.018785 2.363736 0.063612
v 0.034269 2.323899 0.114106
v -0.076981 2.329621 0.154528
v -0.172102 2.354662 0.210030
v -0.265459 2.395511 0.153804
v -0.073546 1.871492 -0.077614
v 0.002281 2.123495 0.039633
v -0.153398 1.819507 0.001053
v -0.100143 2.033677 0.119258
v -0.235899 2.032971 0.214000
v -0.072749 2.268553 0.190936
v -0.246117 2.281147 0.249820
v -0.172102 2.354662 0.210030
v -0.076981 2.329621 0.154528
v 0.042288 2.255215 0.143009
v 0.034269 2.323899 0.114106
v 0.013344 2.172532 0.104540
v -0.244705 1.793453 0.035902
v 0.409216 1.426942 -0.092873
v 0.363653 1.466578 -0.171258
v 0.387798 1.427369 -0.152361
v 0.379647 1.402016 -0.118503
v 0.391482 1.359959 -0.125683
v 0.403809 1.377686 -0.161653
v 0.416507 1.344934 -0.136128
v 0.439590 1.363915 -0.132655
v 0.434474 1.356978 -0.217626
v 0.385007 1.385067 -0.251287
v 0.456161 1.340665 -0.188509
v 0.472877 1.327832 -0.165223
v 0.394648 1.314925 -0.141084
v 0.418785 1.314559 -0.142657
v 0.398368 1.294156 -0.155924
v 0.417864 1.294417 -0.154944
v 0.398280 1.271824 -0.151790
v 0.418130 1.272090 -0.150794
v 0.417398 1.325325 -0.224437
v 0.434993 1.303453 -0.200605
v 0.389635 1.305456 -0.215409
v 0.406167 1.289767 -0.191408
v 0.380227 1.281145 -0.225669
v 0.361031 1.311112 -0.250774
v 0.365523 1.330294 -0.245830
v 0.395100 1.266614 -0.203177
v 0.386597 1.358787 -0.265151
v 0.399417 1.346632 -0.279630
v 0.361031 1.311112 -0.250774
v 0.429144 1.297699 -0.245095
v 0.380227 1.281145 -0.225669
v 0.445541 1.284131 -0.215692
v 0.466851 1.359203 -0.230324
v 0.482504 1.344636 -0.200993
v 0.395100 1.266614 -0.203177
v 0.457487 1.473511 -0.158590
v 0.411730 1.485066 -0.189857
v 0.413014 1.391018 -0.267917
v 0.386597 1.358787 -0.265151
v 0.385007 1.385067 -0.251287
v 0.406167 1.289767 -0.191408
v 0.434993 1.303453 -0.200605
v 0.482504 1.344636 -0.200993
v 0.456161 1.340665 -0.188509
v 0.426993 1.513226 -0.165154
v 0.415020 1.512572 -0.123666
v 0.455321 1.444673 -0.110710
v 0.482504 1.344636 -0.200993
v 0.495149 1.332867 -0.177292
v 0.472877 1.327832 -0.165223
v 0.439590 1.363915 -0.132655
v 0.409216 1.426942 -0.092873
v 0.417991 1.349846 -0.104515
v 0.390980 1.352614 -0.104201
v 0.388741 1.398892 -0.093592
v 0.379647 1.402016 -0.118503
v 0.391482 1.359959 -0.125683
v 0.416507 1.344934 -0.136128
v 0.420319 1.304994 -0.120695
v 0.392639 1.307228 -0.120575
v 0.418130 1.272090 -0.150794
v 0.398280 1.271824 -0.151790
v 0.394648 1.314925 -0.141084
v 0.398368 1.294156 -0.155924
v 0.417864 1.294417 -0.154944
v 0.418785 1.314559 -0.142657
v 0.375231 1.488110 -0.108507
v 0.463241 1.282790 -0.227375
v 0.476256 1.271659 -0.203562
v 0.430595 1.239741 -0.196893
v 0.419662 1.248397 -0.215700
v 0.433403 1.262305 -0.183956
v 0.461236 1.284295 -0.186777
v 0.421443 1.275636 -0.205274
v 0.445788 1.298813 -0.209943
v 0.482504 1.344636 -0.200993
v 0.456161 1.340665 -0.188509
v 0.386597 1.358787 -0.265151
v 0.365523 1.330294 -0.245830
v 0.386597 1.358787 -0.265151
v 0.433403 1.262305 -0.183956
v 0.421443 1.275636 -0.205274
v 0.419662 1.248397 -0.215700
v 0.430595 1.239741 -0.196893
v 0.461236 1.284295 -0.186777
v 0.445788 1.298813 -0.209943
v 0.385007 1.385067 -0.251287
v 0.402893 1.491101 -0.200644
v 0.363653 1.466578 -0.171258
v 0.362446 1.465468 -0.189677
v 0.375231 1.488110 -0.108507
v -0.125311 0.155401 -0.385963
v -0.156427 0.199258 -0.460025
v -0.125444 0.503930 -0.132561
v -0.156427 0.199258 -0.460025
v -0.125311 0.155401 -0.385963
v -0.114012 0.107399 -0.415197
v -0.138121 0.154803 -0.489686
v -0.173640 0.062416 -0.388455
v -0.181458 0.128536 -0.356186
v -0.053555 0.065188 -0.526812
v -0.093500 0.081141 -0.569230
v -0.116545 -0.177027 -0.257898
v -0.173519 -0.115353 -0.272880
v -0.236937 -0.174989 -0.274766
v -0.241688 -0.216543 -0.268036
v -0.200219 0.097548 -0.454435
v -0.181458 0.128536 -0.356186
v -0.215333 0.156768 -0.406732
v -0.138121 0.154803 -0.489686
v -0.156427 0.199258 -0.460025
v -0.147958 0.052080 -0.566841
v -0.259782 -0.160180 -0.299256
v -0.274407 -0.206390 -0.315408
v -0.093500 0.081141 -0.569230
v -0.147958 0.052080 -0.566841
v -0.116545 -0.177027 -0.257898
v -0.241688 -0.216543 -0.268036
v -0.274407 -0.206390 -0.315408
v -0.053555 0.065188 -0.526812
v -0.147958 0.052080 -0.566841
v -0.093500 0.081141 -0.569230
v -0.196000 2.469862 0.470141
v -0.210230 2.425048 0.437298
v -0.140399 2.454293 0.399852
v -0.241175 2.450298 0.474791
v -0.264322 2.407262 0.460694
v -0.263935 2.407036 0.447613
v -0.265864 2.433298 0.471902
v -0.266854 2.436527 0.501011
v -0.163330 2.526322 0.471492
v -0.133268 2.589108 0.468509
v -0.256852 2.492601 0.500259
v -0.268730 2.474264 0.504787
v -0.270751 2.511247 0.514858
v -0.209703 2.506512 0.503808
v -0.206501 2.533165 0.527246
v -0.272214 2.530580 0.534206
v -0.274005 2.559425 0.549477
v -0.208733 2.569593 0.545542
v -0.279424 2.669552 0.558607
v -0.162709 2.648357 0.535655
v -0.159756 2.735951 0.444883
v -0.124231 2.637677 0.387614
v -0.144301 2.502797 0.339140
v -0.193740 2.326866 0.333969
v -0.178720 2.429308 0.276026
v -0.252151 2.349653 0.287260
v -0.151462 2.670964 0.297264
v -0.275731 2.762337 0.279519
v -0.266206 2.603904 0.206387
v -0.150981 2.562472 0.272572
v -0.260814 2.480985 0.219038
v -0.260814 2.480985 0.219038
v -0.265459 2.395511 0.153804
v -0.215629 2.349057 0.396262
v -0.254589 2.286127 0.347541
v -0.252151 2.349653 0.287260
v -0.246117 2.281147 0.249820
v -0.172102 2.354662 0.210030
v -0.261014 2.317492 0.394517
v -0.262234 2.329851 0.399833
v -0.172102 2.354662 0.210030
v -0.265459 2.395511 0.153804
v -0.340861 2.421715 0.271357
v -0.380669 2.551716 0.265958
v -0.384915 2.490435 0.323734
v -0.315713 2.320042 0.321845
v -0.252151 2.349653 0.287260
v -0.391061 2.441414 0.383805
v -0.420886 2.623786 0.379069
v -0.412014 2.576054 0.460480
v -0.376443 2.516343 0.465352
v -0.338621 2.463185 0.466035
v -0.318405 2.419982 0.434182
v -0.292158 2.447910 0.473323
v -0.264322 2.407262 0.460694
v -0.263935 2.407036 0.447613
v -0.265864 2.433298 0.471902
v -0.266854 2.436527 0.501011
v -0.281988 2.491425 0.499538
v -0.268730 2.474264 0.504787
v -0.270751 2.511247 0.514858
v -0.330356 2.500864 0.500331
v -0.337373 2.527037 0.523475
v -0.272214 2.530580 0.534206
v -0.274005 2.559425 0.549477
v -0.339606 2.563464 0.541772
v -0.392139 2.637615 0.529046
v -0.398041 2.724792 0.438022
v -0.391738 2.659713 0.290345
v -0.275731 2.762337 0.279519
v -0.266206 2.603904 0.206387
v -0.260814 2.480985 0.219038
v -0.339409 2.656944 0.545554
v -0.366249 2.741220 0.474763
v -0.398041 2.724792 0.438022
v -0.280538 2.797238 0.389662
v -0.275731 2.762337 0.279519
v -0.279424 2.669552 0.558607
v -0.281648 2.750245 0.504612
v -0.280538 2.797238 0.389662
v -0.280538 2.797238 0.389662
v -0.159756 2.735951 0.444883
v -0.194999 2.749238 0.479696
v -0.217875 2.662634 0.549055
v -0.281648 2.750245 0.504612
v -0.280538 2.797238 0.389662
v -0.266854 2.436527 0.501011
v -0.267217 2.441911 0.504876
v -0.268730 2.474264 0.504787
v -0.181458 0.128536 -0.356186
v -0.125311 0.155401 -0.385963
v -0.260989 2.476403 0.292145
v -0.140399 2.454293 0.399852
v -0.263935 2.407036 0.447613
v -0.210230 2.425048 0.437298
v -0.262234 2.329851 0.399833
v -0.215629 2.349057 0.396262
v -0.256834 2.326490 0.347405
v -0.140399 2.454293 0.399852
v -0.260989 2.476403 0.292145
v 0.125348 2.290962 -0.002476
v 0.034269 2.323899 0.114106
v -0.626175 1.838313 -0.134789
v -0.879616 1.653024 -0.071963
v -0.859622 1.603552 -0.140506
v -0.571379 1.818909 -0.177672
v -0.974015 1.525599 -0.111406
v -0.993634 1.574144 -0.044150
v -0.617697 1.824821 -0.268433
v -0.803909 1.703988 -0.218519
v -1.002554 1.555354 -0.138121
v -1.024925 1.592178 -0.116364
v -0.831206 1.751538 -0.184211
v -0.627882 1.840608 -0.134999
v -1.021159 1.601389 -0.074341
v -0.775490 1.796777 -0.122842
v -1.024925 1.592178 -0.116364
v -0.831206 1.751538 -0.184211
v -0.677829 1.881989 -0.171099
v -0.682648 1.877845 -0.178485
v -0.609982 2.103492 0.063640
v -0.681849 2.064635 -0.064289
v -0.664914 2.246037 0.032320
v -0.657818 1.885889 -0.251953
v -0.642575 2.064057 -0.134836
v -0.632687 2.209019 -0.062788
v -0.477922 2.130224 -0.015552
v -0.465332 2.191180 0.050897
v -0.577819 2.159358 0.130364
v -0.562528 2.252898 0.153932
v -0.565875 2.280968 -0.046822
v -0.559963 2.087164 -0.134536
v -0.632687 2.209019 -0.062788
v -0.642575 2.064057 -0.134836
v -0.577146 1.882223 -0.255540
v -0.657818 1.885889 -0.251953
v -0.532259 2.188498 -0.011559
v -0.516609 2.093904 0.095972
v -0.538843 2.343042 0.054202
v -0.621557 2.274480 -0.020817
v -0.554513 2.314280 0.111678
v -0.596757 1.852934 -0.263081
v -0.314033 0.071319 -0.640728
v -0.409697 0.504235 -0.516187
v -0.322632 0.538923 -0.474690
v -0.459530 0.768942 -0.366168
v -0.368508 0.756461 -0.349863
v -0.463175 0.840590 -0.356186
v -0.370177 0.827628 -0.328384
v -0.518874 0.786080 -0.253029
v -0.522576 0.847065 -0.247067
v -0.512278 0.732893 -0.275571
v -0.365092 0.772988 -0.218766
v -0.356327 0.712819 -0.250666
v -0.442462 0.706826 -0.224944
v -0.450943 0.768896 -0.196049
v -0.512278 0.732893 -0.275571
v -0.518874 0.786080 -0.253029
v -0.456016 0.837971 -0.185917
v -0.522576 0.847065 -0.247067
v -0.369117 0.826746 -0.209899
v -0.492313 1.298851 -0.165456
v -0.383893 1.334406 -0.213816
v -0.547894 1.354400 -0.253501
v -0.367292 1.309164 -0.381949
v -0.471747 0.430112 -0.422987
v -0.404168 0.429295 -0.349813
v -0.327982 0.468820 -0.376006
v -0.338802 0.022661 -0.524843
v -0.285440 0.042545 -0.560291
v -0.314033 0.071319 -0.640728
v -0.338802 0.022661 -0.524843
v -0.333302 1.310790 -0.185141
v -0.367292 1.309164 -0.381949
v -0.322540 1.327755 -0.373407
v -0.538256 1.323386 -0.407806
v -0.538256 1.323386 -0.407806
v -0.538256 1.323386 -0.407806
v -0.547894 1.354400 -0.253501
v -0.457795 1.770270 -0.101968
v -0.536155 1.502279 -0.214599
v -0.472784 1.443741 -0.134211
v -0.292398 1.731107 0.011548
v -0.326304 1.399007 -0.109692
v -0.472867 1.811085 -0.252436
v -0.524476 1.533858 -0.362850
v -0.547894 1.354400 -0.253501
v -0.492313 1.298851 -0.165456
v -0.383893 1.334406 -0.213816
v -0.333302 1.310790 -0.185141
v -0.535901 1.493925 -0.372929
v -0.538256 1.323386 -0.407806
v -0.449116 1.506390 -0.422935
v -0.538256 1.323386 -0.407806
v -0.427769 1.591900 -0.382448
v -0.289734 1.609687 -0.357102
v -0.269353 1.799634 -0.309044
v -0.310541 1.416485 -0.404344
v -0.347571 1.376643 -0.424164
v -0.471836 1.413112 -0.439525
v -0.367292 1.309164 -0.381949
v -0.538256 1.323386 -0.407806
v -0.322540 1.327755 -0.373407
v -0.322540 1.327755 -0.373407
v -0.492367 1.959488 -0.144346
v -0.291137 2.025006 -0.214410
v -0.532259 2.188498 -0.011559
v -0.288145 2.283011 -0.072485
v -0.434395 2.385602 0.115404
v -0.538843 2.343042 0.054202
v -0.554513 2.314280 0.111678
v -0.443503 2.328506 0.150636
v -0.335935 2.344841 0.231337
v -0.265459 2.395511 0.153804
v -0.447084 1.849101 -0.029035
v -0.516609 2.093904 0.095972
v -0.344284 1.808066 0.025878
v -0.401365 2.020659 0.168852
v -0.235899 2.032971 0.214000
v -0.435731 2.260669 0.218419
v -0.246117 2.281147 0.249820
v -0.335935 2.344841 0.231337
v -0.443503 2.328506 0.150636
v -0.562528 2.252898 0.153932
v -0.554513 2.314280 0.111678
v -0.577819 2.159358 0.130364
v -0.244705 1.793453 0.035902
v -1.045958 1.535904 -0.021206
v -1.011450 1.516173 -0.070376
v -0.977986 1.545674 -0.092449
v -1.015292 1.502165 -0.029820
v -1.031278 1.460932 -0.027662
v -1.032094 1.467355 -0.069108
v -1.055138 1.445224 -0.039705
v -1.075291 1.465937 -0.048070
v -1.051615 1.432424 -0.122975
v -0.992038 1.444970 -0.148710
v -1.081678 1.427631 -0.097332
v -1.105079 1.423953 -0.076718
v -1.037462 1.413689 -0.029903
v -1.060345 1.414574 -0.037705
v -1.040684 1.389642 -0.038668
v -1.059605 1.391590 -0.043054
v -1.044901 1.369776 -0.028500
v -1.064168 1.371760 -0.032966
v -1.038347 1.399097 -0.115692
v -1.064074 1.387089 -0.092246
v -1.016741 1.381118 -0.094316
v -1.040564 1.374946 -0.072185
v -1.008945 1.354209 -0.094344
v -0.980166 1.373369 -0.120836
v -0.982771 1.393405 -0.122928
v -1.030649 1.348542 -0.073489
v -0.994263 1.415854 -0.154442
v -1.005022 1.400731 -0.167756
v -0.980166 1.373369 -0.120836
v -1.048948 1.367310 -0.130017
v -1.008945 1.354209 -0.094344
v -1.073582 1.364825 -0.103471
v -1.079433 1.432875 -0.143961
v -1.103484 1.429371 -0.116999
v -1.030649 1.348542 -0.073489
v -1.070067 1.562908 -0.107849
v -1.017087 1.560804 -0.127681
v -1.014185 1.447404 -0.173205
v -0.994263 1.415854 -0.154442
v -0.992038 1.444970 -0.148710
v -1.040564 1.374946 -0.072185
v -1.064074 1.387089 -0.092246
v -1.103484 1.429371 -0.116999
v -1.081678 1.427631 -0.097332
v -1.024925 1.592178 -0.116364
v -1.021159 1.601389 -0.074341
v -1.083456 1.550413 -0.054992
v -1.103484 1.429371 -0.116999
v -1.122919 1.426540 -0.095218
v -1.105079 1.423953 -0.076718
v -1.075291 1.465937 -0.048070
v -1.045958 1.535904 -0.021206
v -1.063197 1.459868 -0.012389
v -1.036899 1.460658 -0.005661
v -1.030305 1.507646 -0.008430
v -1.015292 1.502165 -0.029820
v -1.031278 1.460932 -0.027662
v -1.055138 1.445224 -0.039705
v -1.068366 1.412493 -0.015180
v -1.041460 1.412668 -0.008299
v -1.064168 1.371760 -0.032966
v -1.044901 1.369776 -0.028500
v -1.037462 1.413689 -0.029903
v -1.040684 1.389642 -0.038668
v -1.059605 1.391590 -0.043054
v -1.060345 1.414574 -0.037705
v -0.993634 1.574144 -0.044150
v -1.088072 1.361164 -0.118586
v -1.070236 1.327593 -0.069566
v -1.107790 1.359000 -0.096982
v -1.054053 1.329129 -0.086417
v -1.072575 1.353212 -0.064811
v -1.095377 1.375146 -0.081093
v -1.054122 1.358315 -0.085025
v -1.072966 1.380548 -0.102414
v -1.103484 1.429371 -0.116999
v -1.081678 1.427631 -0.097332
v -0.994263 1.415854 -0.154442
v -0.982771 1.393405 -0.122928
v -0.994263 1.415854 -0.154442
v -1.072575 1.353212 -0.064811
v -1.054053 1.329129 -0.086417
v -1.054122 1.358315 -0.085025
v -1.070236 1.327593 -0.069566
v -1.095377 1.375146 -0.081093
v -1.072966 1.380548 -0.102414
v -0.992038 1.444970 -0.148710
v -1.002554 1.555354 -0.138121
v -0.977986 1.545674 -0.092449
v -0.974015 1.525599 -0.111406
v -0.993634 1.574144 -0.044150
v -0.375613 0.040655 -0.580358
v -0.314033 0.071319 -0.640728
v -0.471747 0.430112 -0.422987
v -0.314033 0.071319 -0.640728
v -0.322236 -0.004273 -0.666102
v -0.365605 -0.028688 -0.589297
v -0.375613 0.040655 -0.580358
v -0.316408 -0.030393 -0.527079
v -0.338802 0.022661 -0.524843
v -0.353170 -0.128689 -0.677272
v -0.303529 -0.112329 -0.707560
v -0.364976 -0.209307 -0.319065
v -0.325596 -0.138119 -0.344678
v -0.255946 -0.160106 -0.297269
v -0.244491 -0.190126 -0.269662
v -0.271831 -0.012139 -0.590118
v -0.338802 0.022661 -0.524843
v -0.285440 0.042545 -0.560291
v -0.322236 -0.004273 -0.666102
v -0.314033 0.071319 -0.640728
v -0.251274 -0.111483 -0.674628
v -0.228903 -0.146118 -0.317611
v -0.197127 -0.183469 -0.303279
v -0.251274 -0.111483 -0.674628
v -0.303529 -0.112329 -0.707560
v -0.364976 -0.209307 -0.319065
v -0.197127 -0.183469 -0.303279
v -0.244491 -0.190126 -0.269662
v -0.353170 -0.128689 -0.677272
v -0.251274 -0.111483 -0.674628
v -0.303529 -0.112329 -0.707560
v -0.252151 2.349653 0.287260
v -0.254589 2.286127 0.347541
v -0.309063 2.343830 0.386973
v -0.261014 2.317492 0.394517
v -0.262234 2.329851 0.399833
v -0.246117 2.281147 0.249820
v -0.335935 2.344841 0.231337
v -0.335935 2.344841 0.231337
v -0.265459 2.395511 0.153804
v -0.265459 2.395511 0.153804
v -0.338802 0.022661 -0.524843
v -0.375613 0.040655 -0.580358
v -0.260989 2.476403 0.292145
v -0.263935 2.407036 0.447613
v -0.391061 2.441414 0.383805
v -0.318405 2.419982 0.434182
v -0.262234 2.329851 0.399833
v -0.256834 2.326490 0.347405
v -0.309063 2.343830 0.386973
v -0.391061 2.441414 0.383805
v -0.260989 2.476403 0.292145
v -0.621557 2.274480 -0.020817
v -0.554513 2.314280 0.111678
vn -0.4541 -0.2309 0.8605
vn -0.8949 -0.3839 -0.2276
vn -0.6811 -0.6063 -0.4105
vn -0.4869 -0.2366 0.8408
vn -0.7462 -0.4446 -0.4955
vn -0.5395 -0.0209 0.8417
vn -0.0355 -0.0494 -0.9982
vn 0.2230 -0.1029 -0.9694
vn 0.3169 0.0819 -0.9449
vn 0.8319 0.5125 -0.2131
vn 0.8676 0.4651 -0.1759
vn -0.3498 -0.4895 0.7987
vn 0.5359 0.5444 0.6453
vn 0.3900 0.3764 0.8404
vn 0.8318 0.5125 -0.2131
vn 0.8663 0.4654 -0.1814
vn 0.5126 0.4500 0.7313
vn 0.8528 0.0357 0.5210
vn -0.0908 -0.6874 0.7206
vn 0.8903 -0.2117 0.4032
vn 0.8627 0.1429 0.4851
vn 0.8197 0.4153 -0.3944
vn 0.8203 0.3898 -0.4186
vn 0.8532 0.3558 -0.3814
vn -0.9145 -0.0245 -0.4039
vn -0.7449 0.6281 0.2250
vn 0.4330 -0.3230 0.8415
vn 0.6143 -0.1737 0.7697
vn 0.1565 0.7665 -0.6229
vn -0.0632 0.5048 -0.8609
vn 0.8532 0.3557 -0.3815
vn 0.8281 0.3937 -0.3990
vn -0.3201 0.3729 -0.8709
vn 0.8719 0.4172 -0.2563
vn 0.7566 0.2987 0.5816
vn 0.6382 -0.2665 0.7222
vn 0.5593 0.8290 -0.0034
vn 0.8315 0.5549 -0.0242
vn 0.7959 0.4085 0.4468
vn -0.1976 0.1372 -0.9706
vn 0.1859 0.4634 -0.8665
vn -0.4996 0.4636 -0.7318
vn 0.6921 0.4482 -0.5657
vn 0.8701 0.1644 -0.4646
vn -0.4633 0.4616 -0.7565
vn 0.7625 -0.3296 -0.5567
vn -0.6862 -0.1060 -0.7197
vn 0.8351 -0.0077 0.5500
vn 0.8080 0.1398 0.5723
vn 0.8427 -0.1922 0.5029
vn -0.9412 -0.0865 0.3267
vn -0.9676 -0.2174 0.1284
vn -0.1864 -0.5113 0.8390
vn -0.1911 -0.0838 0.9780
vn 0.8451 -0.1765 0.5047
vn 0.8592 -0.0301 0.5108
vn -0.1775 0.3679 0.9128
vn 0.8189 0.1388 0.5569
vn -0.9529 0.1330 0.2725
vn -0.1008 0.5016 0.8592
vn -0.6368 -0.3865 0.6672
vn 0.8327 0.2052 0.5143
vn -0.4124 -0.8417 -0.3484
vn 0.0216 -0.6044 0.7964
vn -0.2987 -0.9046 -0.3042
vn 0.8714 -0.2386 0.4287
vn -0.2308 -0.5845 0.7779
vn -0.9738 -0.2106 0.0863
vn -0.2209 -0.5419 0.8109
vn -0.9885 -0.0431 -0.1446
vn 0.1858 0.4634 -0.8665
vn 0.8187 -0.5073 -0.2691
vn 0.8320 -0.4506 -0.3237
vn 0.8328 0.2051 0.5142
vn 0.8118 0.1696 0.5587
vn 0.8066 -0.2126 0.5515
vn 0.3920 -0.2984 0.8702
vn 0.9149 -0.1544 0.3729
vn 0.0062 -0.2814 0.9596
vn -0.0998 -0.5043 0.8577
vn 0.9078 0.1368 -0.3964
vn 0.9010 0.1547 -0.4054
vn 0.9002 -0.1361 0.4137
vn -0.0716 -0.9263 0.3700
vn -0.1670 -0.9856 -0.0281
vn -0.2235 0.1424 0.9642
vn 0.3349 0.3561 -0.8724
vn 0.3296 0.2239 -0.9172
vn 0.0756 0.2601 -0.9626
vn 0.0017 0.3275 -0.9449
vn 0.0605 0.1229 -0.9906
vn -0.2998 -0.1672 -0.9392
vn 0.4424 -0.1129 -0.8897
vn -0.2983 -0.3652 -0.8818
vn 0.8792 -0.2109 -0.4271
vn -0.0818 -0.8742 -0.4787
vn -0.2517 -0.9379 -0.2385
vn 0.8972 -0.0227 -0.4411
vn 0.8455 -0.3621 -0.3925
vn 0.8604 -0.3753 -0.3448
vn -0.1835 0.4134 -0.8919
vn 0.7014 0.1551 -0.6957
vn 0.4192 0.2379 -0.8762
vn -0.1775 0.6698 -0.7210
vn 0.2298 0.9732 -0.0039
vn 0.0975 0.9873 -0.1256
vn 0.2774 0.5566 0.7831
vn 0.4381 0.4706 0.7660
vn 0.7114 0.4249 0.5598
vn -0.0715 0.9550 -0.2878
vn 0.9387 -0.3180 0.1331
vn 0.9038 -0.4160 0.1007
vn 0.5776 -0.4770 0.6625
vn 0.6442 -0.4077 0.6472
vn 0.2584 -0.3952 0.8815
vn 0.4654 0.0676 0.8825
vn 0.2083 -0.2515 0.9452
vn 0.7403 0.3940 0.5447
vn 0.4488 0.6310 0.6328
vn 0.3572 0.0371 0.9333
vn 0.2553 0.5745 0.7777
vn 0.4828 -0.8713 0.0882
vn 0.1569 -0.5429 0.8250
vn -0.2058 -0.0942 0.9740
vn -0.9682 0.1412 -0.2065
vn -0.9481 -0.2949 0.1188
vn -0.9864 0.1520 0.0628
vn -0.8943 -0.2178 -0.3909
vn -0.7680 -0.5066 -0.3918
vn 0.5044 -0.3389 -0.7942
vn 0.4733 -0.7030 0.5308
vn -0.8239 -0.3216 0.4666
vn -0.9664 -0.0018 -0.2569
vn -0.7762 -0.4494 0.4422
vn -0.0459 -0.5473 0.8357
vn -0.7447 0.2170 -0.6311
vn 0.7068 0.3044 -0.6386
vn -0.5586 0.1314 -0.8190
vn 0.6160 0.1544 -0.7725
vn -0.5108 -0.8212 -0.2542
vn 0.5435 -0.8121 -0.2124
vn -0.4903 0.4500 0.7464
vn 0.0547 -0.0530 0.9971
vn -0.5588 0.3969 0.7281
vn -0.1635 0.0644 0.9844
vn -0.7119 -0.6979 -0.0788
vn -0.8879 -0.3366 -0.3138
vn -0.8297 0.5106 0.2254
vn -0.3661 -0.8609 0.3533
vn -0.9178 0.3096 -0.2487
vn -0.0709 -0.0686 -0.9951
vn -0.8878 -0.3367 -0.3138
vn -0.8299 0.5105 0.2251
vn 0.3744 -0.5839 -0.7203
vn 0.6395 -0.7673 0.0482
vn 0.7843 0.0796 -0.6152
vn 0.8900 0.1097 -0.4425
vn -0.3660 -0.8610 0.3532
vn 0.8722 0.4616 -0.1618
vn 0.4740 0.1724 -0.8635
vn 0.1254 0.4483 -0.8851
vn -0.9178 0.3095 -0.2486
vn -0.1634 0.0643 0.9845
vn 0.0547 -0.0532 0.9971
vn 0.8901 0.1097 -0.4424
vn -0.7762 -0.4493 0.4423
vn -0.9682 0.1411 -0.2064
vn 0.8390 0.4781 -0.2599
vn 0.5594 0.4389 0.7032
vn 0.7219 0.1509 0.6754
vn 0.9695 -0.1069 0.2205
vn 0.4734 -0.7029 0.5308
vn -0.3452 0.0735 0.9357
vn 0.5480 -0.2844 0.7867
vn -0.6776 -0.2567 0.6892
vn -0.5238 0.0624 0.8496
vn -0.9864 0.1520 0.0627
vn 0.6883 -0.3762 0.6202
vn -0.7084 -0.3998 0.5817
vn 0.5436 -0.8121 -0.2123
vn -0.5108 -0.8212 -0.2543
vn -0.7447 0.2171 -0.6311
vn -0.5584 0.1316 -0.8190
vn 0.6160 0.1543 -0.7725
vn 0.7067 0.3045 -0.6386
vn -0.4512 -0.1409 0.8812
vn 0.2488 -0.0702 -0.9660
vn 0.8081 -0.5888 0.0184
vn -0.1768 -0.9400 0.2919
vn -0.6594 -0.5294 -0.5338
vn -0.3081 -0.0763 0.9483
vn -0.0412 -0.2056 0.9778
vn -0.8813 0.4719 -0.0252
vn -0.7973 0.5314 -0.2861
vn -0.7763 -0.4493 0.4422
vn -0.9178 0.3097 -0.2485
vn -0.0711 -0.0684 -0.9951
vn -0.8297 0.5106 0.2255
vn -0.9178 0.3095 -0.2487
vn -0.3080 -0.0763 0.9483
vn -0.6593 -0.5294 -0.5338
vn -0.1768 -0.9400 0.2918
vn -0.0412 -0.2057 0.9777
vn -0.7974 0.5313 -0.2862
vn -0.9664 -0.0017 -0.2569
vn 0.4695 -0.7139 -0.5195
vn -0.9614 -0.2728 0.0369
vn 0.5460 -0.8321 0.0976
vn -0.4442 -0.1050 0.8897
vn -0.4282 0.0465 0.9025
vn 0.9556 -0.1166 0.2706
vn 0.1858 0.4634 -0.8664
vn 0.8713 -0.2387 0.4288
vn 0.2700 0.5131 -0.8147
vn 0.9422 -0.0823 0.3248
vn 0.8296 0.2781 0.4841
vn 0.1795 0.8007 -0.5715
vn -0.4537 0.2791 0.8463
vn -0.2063 -0.6010 0.7722
vn 0.9375 -0.0287 -0.3467
vn 0.3709 0.1705 -0.9129
vn 0.6531 -0.5282 0.5427
vn -0.1142 0.4108 0.9045
vn -0.4700 0.2528 0.8457
vn -0.2988 -0.7590 0.5785
vn -0.9512 0.1674 -0.2594
vn -0.2643 -0.6266 0.7331
vn -0.9635 -0.1702 -0.2065
vn 0.1198 0.8020 -0.5852
vn 0.1949 0.4723 -0.8596
vn -0.3387 -0.1929 -0.9209
vn -0.7874 0.3258 0.5233
vn -0.7122 -0.6795 -0.1762
vn 0.1475 0.8232 -0.5482
vn 0.3711 0.1705 -0.9128
vn -0.3386 -0.1929 -0.9209
vn 0.6531 -0.5282 0.5426
vn -0.2988 -0.7590 0.5786
vn 0.9376 -0.0287 -0.3467
vn 0.3710 0.1705 -0.9128
vn 0.4852 -0.5192 0.7036
vn 0.3403 -0.9376 -0.0716
vn 0.9024 -0.4115 0.1280
vn 0.4719 -0.4869 0.7350
vn 0.0232 -0.8331 0.5526
vn 0.0524 -0.9680 -0.2453
vn 0.0129 -0.7070 0.7071
vn 0.0213 -0.8126 0.5824
vn 0.7073 -0.3676 0.6038
vn 0.9244 -0.1024 0.3675
vn 0.3662 -0.4240 0.8283
vn -0.0176 -0.2252 0.9741
vn 0.0050 -0.5978 0.8016
vn 0.3712 -0.6001 0.7086
vn 0.4302 -0.4949 0.7550
vn 0.0042 -0.5876 0.8091
vn -0.0142 -0.2874 0.9577
vn 0.3810 -0.2598 0.8873
vn -0.0411 0.2912 0.9558
vn 0.6763 0.1487 0.7214
vn 0.7679 0.6316 0.1073
vn 0.9889 0.1387 -0.0526
vn 0.9661 -0.1477 -0.2119
vn 0.7100 -0.6766 -0.1953
vn 0.9133 -0.2115 -0.3480
vn 0.2884 -0.8618 -0.4172
vn 0.7705 0.3870 -0.5065
vn -0.0186 0.7814 -0.6237
vn 0.0213 0.1536 -0.9879
vn 0.8289 -0.0059 -0.5593
vn 0.0221 0.1371 -0.9903
vn -0.0032 0.1520 -0.9884
vn 0.0122 0.8863 -0.4630
vn -0.0369 0.0832 0.9958
vn 0.0586 -0.9979 -0.0275
vn 0.0759 -0.9737 -0.2149
vn 0.0485 -0.9984 0.0280
vn -0.0297 -0.0526 0.9982
vn 0.9512 -0.0948 -0.2935
vn 0.5532 0.5852 0.5929
vn -0.0336 -0.6880 0.7249
vn -0.1128 0.3952 0.9116
vn 0.5663 0.5856 0.5801
vn -0.1124 0.9362 -0.3330
vn 0.9115 -0.1430 -0.3856
vn -0.8658 -0.2825 -0.4129
vn -0.7882 -0.0775 -0.6105
vn -0.0097 0.1352 -0.9908
vn -0.9252 -0.2312 -0.3009
vn -0.5839 -0.7407 -0.3324
vn -0.1284 -0.8557 -0.5013
vn -0.8731 -0.4871 0.0206
vn -0.9929 0.0535 -0.1063
vn -0.9291 -0.1876 0.3186
vn -0.7083 -0.4383 0.5534
vn -0.4822 -0.5664 0.6683
vn -0.2284 -0.9693 -0.0906
vn -0.4658 -0.5308 0.7080
vn 0.0230 -0.8332 0.5526
vn 0.0126 -0.7070 0.7071
vn -0.3719 -0.4585 0.8071
vn -0.0173 -0.2252 0.9742
vn 0.0049 -0.5978 0.8017
vn -0.3537 -0.6340 0.6877
vn -0.4248 -0.5349 0.7304
vn -0.0141 -0.2874 0.9577
vn -0.4055 -0.2966 0.8647
vn -0.7276 0.0830 0.6810
vn -0.8284 0.5568 0.0613
vn -0.7714 0.3171 -0.5517
vn 0.0212 0.1535 -0.9879
vn 0.0221 0.1370 -0.9903
vn -0.3165 0.2631 0.9114
vn -0.5133 0.7246 0.4598
vn -0.8283 0.5569 0.0613
vn -0.0448 0.9968 -0.0664
vn -0.0412 0.2912 0.9558
vn -0.0542 0.7569 0.6512
vn -0.0447 0.9968 -0.0664
vn 0.7678 0.6316 0.1073
vn -0.0187 0.7814 -0.6237
vn 0.4161 0.7682 0.4866
vn 0.2377 0.2891 0.9273
vn -0.0447 0.9968 -0.0665
vn 0.0213 -0.8125 0.5826
vn 0.4719 -0.4868 0.7350
vn -0.0136 -0.2959 0.9551
vn -0.0175 -0.2252 0.9741
vn -0.2210 -0.5419 0.8108
vn 0.9556 -0.1167 0.2705
vn 0.8713 -0.2386 0.4287
vn -0.0225 -0.4537 0.8908
vn 0.8182 -0.5174 0.2509
vn -0.0551 -0.9985 -0.0053
vn 0.4542 -0.6416 0.6182
vn -0.1127 0.3951 0.9117
vn 0.0043 0.0058 1.0000
vn -0.1560 0.8073 0.5691
vn 0.9411 -0.3382 0.0008
vn -0.0124 -0.7691 0.6390
vn 0.7391 0.6674 -0.0911
vn 0.6122 0.6634 0.4303
vn 0.4330 0.1132 0.8943
vn 0.2401 -0.0764 0.9677
vn 0.5347 -0.8425 -0.0652
vn 0.7995 -0.5918 0.1027
vn 0.6574 -0.7347 -0.1676
vn 0.3528 0.1109 0.9291
vn 0.2553 -0.3237 -0.9111
vn -0.0546 -0.3403 -0.9387
vn -0.1077 -0.1376 -0.9846
vn -0.5934 0.6021 -0.5342
vn -0.6448 0.5785 -0.4996
vn -0.2713 -0.4858 0.8309
vn -0.4568 0.8235 0.3364
vn -0.4034 0.6936 0.5968
vn -0.6453 0.5759 -0.5018
vn 0.1925 0.9796 -0.0580
vn -0.5497 -0.8341 -0.0463
vn -0.2945 -0.5681 0.7684
vn -0.9972 -0.0080 0.0741
vn -0.9127 0.3695 0.1746
vn -0.5415 0.4332 -0.7205
vn -0.5377 0.4358 -0.7218
vn -0.5871 0.4138 -0.6958
vn 0.9733 -0.2257 -0.0425
vn 0.8083 0.2838 0.5159
vn -0.6121 -0.1505 0.7763
vn -0.7539 0.1387 0.6422
vn 0.2189 0.6452 -0.7320
vn 0.4454 0.3475 -0.8251
vn -0.5870 0.4138 -0.6958
vn -0.5515 0.4447 -0.7058
vn 0.6331 0.1347 -0.7622
vn -0.6574 0.4986 -0.5649
vn -0.7583 0.4477 0.4739
vn -0.7600 -0.3420 0.5527
vn -0.5150 0.8571 -0.0157
vn -0.6735 0.6377 -0.3738
vn -0.8574 0.4350 0.2749
vn 0.4700 -0.1359 -0.8721
vn 0.2228 0.2828 -0.9329
vn -0.3639 0.2994 -0.8820
vn 0.7828 0.3421 -0.5198
vn -0.4663 0.2373 -0.8522
vn 0.7659 0.3284 -0.5528
vn -0.4038 -0.0314 -0.9143
vn 0.8346 0.0771 -0.5454
vn -0.9828 -0.1309 0.1299
vn -0.9738 -0.1217 0.1919
vn -0.9766 -0.1850 0.1093
vn 0.7778 -0.1376 0.6133
vn 0.8258 -0.1550 0.5422
vn -0.1990 -0.4462 0.8725
vn -0.2245 -0.2923 0.9296
vn -0.9777 -0.1815 0.1051
vn -0.9870 -0.1276 0.0975
vn -0.2333 -0.1009 0.9672
vn -0.9747 -0.1075 0.1958
vn 0.7812 -0.0230 0.6239
vn -0.3066 -0.0392 0.9510
vn 0.4456 -0.6175 0.6482
vn -0.9839 -0.0538 0.1701
vn 0.5120 -0.5245 -0.6803
vn -0.9792 -0.1967 0.0496
vn -0.1486 -0.4161 0.8971
vn 0.8331 -0.1423 0.5345
vn -0.1701 -0.3686 0.9139
vn 0.9521 -0.0206 0.3051
vn 0.2227 0.2828 -0.9329
vn -0.3023 -0.7338 0.6084
vn 0.1321 -0.9370 0.3234
vn 0.3515 -0.4214 -0.8360
vn -0.0085 -0.9222 -0.3867
vn -0.6970 -0.1685 -0.6970
vn -0.6168 -0.1868 -0.7647
vn -0.6921 -0.1360 -0.7088
vn -0.9521 -0.1085 0.2857
vn -0.9622 -0.0643 0.2646
vn -0.8761 -0.1213 0.4666
vn -0.9506 0.0581 0.3049
vn -0.5349 -0.2349 0.8116
vn 0.0113 -0.4519 0.8920
vn -0.0999 -0.5043 0.8577
vn -0.7398 0.3943 -0.5451
vn -0.7952 0.3656 -0.4837
vn -0.9689 0.0186 0.2466
vn -0.3863 -0.1284 0.9134
vn 0.1112 -0.9558 0.2721
vn -0.1704 -0.9011 0.3986
vn -0.8538 0.2262 -0.4688
vn -0.6901 -0.0217 -0.7234
vn -0.1583 0.3052 -0.9390
vn -0.7857 0.0130 -0.6185
vn -0.1610 0.4151 -0.8954
vn 0.0757 0.2601 -0.9626
vn 0.0679 0.4187 -0.9056
vn 0.0607 0.1228 -0.9906
vn 0.3267 -0.2485 -0.9119
vn -0.2761 0.0250 -0.9608
vn 0.4400 -0.4637 -0.7690
vn -0.7184 -0.0737 -0.6917
vn -0.0818 -0.8742 -0.4786
vn -0.0484 -0.9428 -0.3298
vn -0.8766 0.1160 -0.4670
vn -0.0859 0.4165 -0.9051
vn -0.6192 0.1423 -0.7723
vn -0.0539 0.6628 -0.7469
vn -0.3393 0.9405 0.0189
vn 0.1581 0.8646 -0.4769
vn -0.3612 0.6477 0.6709
vn -0.4864 0.3841 0.7848
vn -0.7378 0.4521 0.5012
vn -0.0945 0.9657 -0.2419
vn -0.7779 -0.3989 0.4856
vn -0.7974 -0.4858 0.3579
vn -0.4103 -0.5152 0.7525
vn -0.4459 -0.4371 0.7811
vn 0.0387 -0.3836 0.9227
vn -0.4121 0.1437 0.8997
vn -0.0202 -0.2995 0.9539
vn -0.6788 0.4109 0.6086
vn -0.4210 0.7417 0.5221
vn -0.4314 0.2830 0.8566
vn -0.2610 0.7200 0.6430
vn -0.5295 -0.8266 0.1908
vn 0.1091 -0.5433 0.8324
vn -0.0433 0.2007 0.9787
vn 0.8393 -0.3099 0.4466
vn 0.9996 -0.0001 0.0287
vn 0.9560 0.0931 0.2783
vn 0.9178 -0.3926 -0.0590
vn 0.7536 -0.6573 -0.0116
vn -0.3503 -0.5333 -0.7700
vn -0.6836 -0.4660 0.5617
vn 0.6349 -0.2175 0.7413
vn 0.9883 -0.1511 0.0224
vn 0.5757 -0.3427 0.7424
vn -0.2324 -0.2603 0.9371
vn 0.8951 -0.0450 -0.4435
vn -0.4848 0.1392 -0.8635
vn 0.7473 -0.1714 -0.6420
vn -0.3888 -0.0514 -0.9199
vn 0.4273 -0.8939 0.1357
vn -0.5944 -0.7966 -0.1101
vn 0.3644 0.6246 0.6907
vn -0.2929 0.2655 0.9186
vn 0.4266 0.5637 0.7073
vn -0.0627 0.3571 0.9320
vn 0.5981 -0.7365 0.3159
vn 0.8760 -0.4804 0.0441
vn 0.8211 0.4948 0.2845
vn 0.1409 -0.7311 0.6676
vn 0.9861 0.1498 -0.0714
vn 0.2899 -0.3811 -0.8779
vn 0.8760 -0.4803 0.0441
vn -0.2792 -0.7516 -0.5976
vn -0.7404 -0.6659 0.0913
vn -0.5984 -0.0610 -0.7989
vn -0.7359 0.0291 -0.6765
vn 0.1408 -0.7312 0.6675
vn -0.6990 0.5249 -0.4857
vn -0.2840 0.0593 -0.9570
vn 0.1528 0.1568 -0.9757
vn 0.9861 0.1498 -0.0712
vn 0.9883 -0.1511 0.0225
vn -0.0626 0.3571 0.9320
vn -0.2929 0.2654 0.9186
vn -0.7358 0.0292 -0.6766
vn 0.5756 -0.3427 0.7424
vn 0.9934 0.0430 -0.1059
vn -0.5862 0.5788 -0.5668
vn -0.5043 0.7693 0.3923
vn -0.8069 0.4486 0.3843
vn -0.9990 0.0370 -0.0259
vn -0.6836 -0.4659 0.5617
vn 0.1687 0.3416 0.9246
vn -0.7524 0.0158 0.6585
vn 0.4522 -0.0761 0.8887
vn 0.3146 0.2874 0.9047
vn 0.9559 0.0931 0.2784
vn 0.9178 -0.3926 -0.0589
vn -0.3502 -0.5333 -0.7700
vn -0.8622 -0.1131 0.4938
vn 0.4854 -0.2473 0.8386
vn -0.5944 -0.7966 -0.1102
vn 0.4273 -0.8939 0.1355
vn 0.8951 -0.0450 -0.4436
vn 0.7470 -0.1715 -0.6423
vn -0.3888 -0.0513 -0.9199
vn 0.2591 0.0552 0.9643
vn -0.0245 -0.3508 -0.9361
vn -0.0386 -0.8116 0.5829
vn -0.8688 -0.4942 -0.0321
vn 0.6789 -0.7155 -0.1650
vn 0.0637 0.2024 0.9772
vn -0.2190 0.1080 0.9697
vn 0.9232 0.3763 0.0785
vn 0.9123 0.3568 -0.2011
vn -0.7358 0.0292 -0.6765
vn 0.5756 -0.3428 0.7424
vn 0.9861 0.1502 -0.0712
vn 0.8209 0.4950 0.2846
vn 0.2901 -0.3809 -0.8779
vn 0.9861 0.1498 -0.0713
vn 0.0637 0.2023 0.9772
vn 0.9232 0.3762 0.0784
vn -0.0386 -0.8117 0.5828
vn -0.2189 0.1081 0.9697
vn 0.9122 0.3569 -0.2012
vn -0.4386 -0.8870 -0.1445
vn -0.9870 0.0292 -0.1578
vn -0.9949 -0.0177 0.0995
vn -0.9072 -0.3135 0.2807
vn 0.2809 -0.0297 0.9593
vn 0.3216 0.1510 0.9347
vn -0.9826 -0.1109 -0.1493
vn -0.9792 -0.1967 0.0497
vn 0.0255 0.1892 -0.9816
vn 0.0086 0.4837 -0.8752
vn -0.9922 0.1240 -0.0093
vn -0.9412 -0.2494 -0.2279
vn -0.0891 0.7191 0.6892
vn -0.1656 -0.3811 0.9096
vn -0.6202 -0.5577 -0.5516
vn 0.0739 -0.3359 -0.9390
vn -0.6721 -0.5407 0.5059
vn -0.4354 0.7010 0.5648
vn -0.0670 0.7074 0.7036
vn 0.1731 -0.2983 0.9386
vn 0.8887 0.4571 -0.0350
vn 0.0540 -0.2930 0.9546
vn 0.9616 -0.0661 0.2664
vn 0.0223 0.5422 -0.8400
vn 0.2029 0.1874 -0.9611
vn 0.7696 -0.3256 -0.5493
vn 0.3343 0.7979 0.5016
vn 0.8578 -0.3081 0.4114
vn -0.0762 0.4289 -0.9001
vn 0.7696 -0.3256 -0.5492
vn 0.0740 -0.3359 -0.9390
vn -0.6720 -0.5408 0.5059
vn 0.8578 -0.3081 0.4113
vn 0.1732 -0.2984 0.9386
vn 0.0758 -0.9737 -0.2149
vn 0.0586 -0.9979 -0.0276
vn -0.1449 0.0564 0.9878
vn -0.1127 0.3952 0.9116
vn 0.0989 -0.9947 0.0293
vn -0.9178 -0.3757 -0.1283
vn 0.1198 0.0069 0.9928
vn -0.5839 0.5666 0.5814
vn -0.6290 0.5605 0.5388
vn -0.8742 -0.4519 -0.1777
vn -0.2178 0.8439 -0.4902
vn -0.0013 0.8908 -0.4544
vn -0.1700 -0.3686 0.9139
vn -0.0046 -0.4526 0.8917
vn 0.1707 -0.9848 0.0312
vn -0.7902 -0.5891 0.1689
vn -0.4522 -0.5921 0.6671
vn -0.1127 0.3950 0.9117
vn -0.0206 0.8094 0.5868
vn -0.1839 -0.0564 0.9813
vn -0.8913 -0.4264 -0.1541
vn 0.0099 -0.7680 0.6404
vn -0.5065 0.7597 -0.4077
vn -0.6055 0.7540 0.2546
vt 0.730382 0.103619
vt 0.705649 0.144477
vt 0.906050 0.162418
vt 0.907543 0.101904
vt 0.999984 0.166941
vt 1.001061 0.095946
vt 0.733494 0.205318
vt 0.838940 0.209383
vt 0.991053 0.210366
vt 0.981648 0.252295
vt 0.840260 0.252371
vt 0.689743 0.104698
vt 0.991405 0.052870
vt 0.810174 0.064464
vt 0.981657 0.011468
vt 0.840250 0.011429
vt 0.734207 0.056759
vt 0.693123 0.056174
vt 0.518060 0.096757
vt 0.575201 0.047645
vt 0.473165 0.043970
vt 0.716055 0.011396
vt 0.597290 0.011359
vt 0.510869 0.011322
vt 0.522475 0.164896
vt 0.485011 0.157654
vt 0.479927 0.107408
vt 0.445175 0.049232
vt 0.473366 0.225391
vt 0.579352 0.211659
vt 0.510849 0.252622
vt 0.597275 0.252464
vt 0.688056 0.203710
vt 0.716059 0.252303
vt 0.459430 0.138427
vt 0.448360 0.105872
vt 0.445220 0.217118
vt 0.468555 0.252667
vt 0.435264 0.252667
vt 0.710772 0.204691
vt 0.809314 0.993189
vt 0.844593 0.748486
vt 0.799681 0.766537
vt 0.795370 0.616810
vt 0.844460 0.624653
vt 0.796731 0.566457
vt 0.846052 0.573862
vt 0.737687 0.589384
vt 0.737679 0.566887
vt 0.737691 0.611583
vt 0.903594 0.595045
vt 0.902086 0.622902
vt 0.947494 0.615460
vt 0.947980 0.591500
vt 0.993009 0.611673
vt 0.993010 0.589483
vt 0.948583 0.568105
vt 0.993012 0.566905
vt 0.904969 0.574145
vt 0.939443 0.344499
vt 0.898532 0.361084
vt 0.993076 0.320695
vt 0.854260 0.365264
vt 0.915162 0.347050
vt 0.854851 0.350073
vt 0.993004 0.780156
vt 0.944441 0.769131
vt 0.900724 0.759988
vt 0.936461 0.995025
vt 0.880074 0.997653
vt 0.789589 0.353336
vt 0.737576 0.320774
vt 0.459999 0.699940
vt 0.421847 0.911548
vt 0.493482 0.874305
vt 0.334346 0.703269
vt 0.334346 0.906337
vt 0.574509 0.696105
vt 0.570429 0.874521
vt 0.490508 0.948126
vt 0.334346 0.965522
vt 0.365140 0.975937
vt 0.420117 0.965795
vt 0.650541 0.838561
vt 0.643075 0.892767
vt 0.726515 0.817051
vt 0.726515 0.703484
vt 0.726515 0.932364
vt 0.709975 0.959389
vt 0.635989 0.948441
vt 0.695226 0.983366
vt 0.579503 0.979625
vt 0.726515 0.978941
vt 0.572418 0.925007
vt 0.726515 0.610225
vt 0.575486 0.609180
vt 0.574131 0.447552
vt 0.726515 0.445670
vt 0.628909 0.318546
vt 0.561909 0.331279
vt 0.561667 0.289065
vt 0.629838 0.284131
vt 0.681244 0.268659
vt 0.726515 0.308737
vt 0.465542 0.609718
vt 0.497836 0.448231
vt 0.389955 0.608312
vt 0.424485 0.456931
vt 0.334346 0.436815
vt 0.434410 0.332167
vt 0.334346 0.318454
vt 0.382074 0.269755
vt 0.433481 0.285227
vt 0.501409 0.332846
vt 0.501652 0.290161
vt 0.532354 0.423067
vt 0.334346 0.607952
vt 0.079805 0.232283
vt 0.164710 0.210607
vt 0.122523 0.194649
vt 0.082536 0.195321
vt 0.065738 0.163787
vt 0.098907 0.148763
vt 0.061632 0.142152
vt 0.067395 0.121429
vt 0.123677 0.114515
vt 0.175785 0.114562
vt 0.094627 0.115280
vt 0.071940 0.113520
vt 0.035702 0.148111
vt 0.041923 0.132093
vt 0.020229 0.138299
vt 0.026355 0.125859
vt 0.005702 0.131286
vt 0.011940 0.118620
vt 0.124248 0.087244
vt 0.097369 0.085301
vt 0.124231 0.055219
vt 0.098622 0.055224
vt 0.124118 0.033753
vt 0.158367 0.040381
vt 0.164154 0.054336
vt 0.099739 0.035139
vt 0.171577 0.088395
vt 0.192231 0.080816
vt 0.172887 0.036601
vt 0.229659 0.051083
vt 0.207206 0.014433
vt 0.253565 0.037615
vt 0.259273 0.099604
vt 0.295568 0.088781
vt 0.225257 0.005464
vt 0.257519 0.214069
vt 0.210893 0.208562
vt 0.203087 0.112287
vt 0.256732 0.004405
vt 0.275505 0.029551
vt 0.296663 0.056271
vt 0.254448 0.243670
vt 0.287294 0.248875
vt 0.299549 0.220380
vt 0.323300 0.104611
vt 0.343328 0.116239
vt 0.349575 0.166371
vt 0.341191 0.234380
vt 0.379236 0.180734
vt 0.393815 0.198439
vt 0.369935 0.227020
vt 0.383913 0.245331
vt 0.408148 0.211617
vt 0.372524 0.153454
vt 0.406401 0.154959
vt 0.418570 0.170953
vt 0.432503 0.130104
vt 0.445823 0.142555
vt 0.433494 0.180403
vt 0.448844 0.163198
vt 0.412154 0.127150
vt 0.395815 0.139939
vt 0.325332 0.261049
vt 0.344700 0.051550
vt 0.359289 0.070966
vt 0.389947 0.045029
vt 0.374202 0.026325
vt 0.391323 0.064504
vt 0.369359 0.086828
vt 0.352694 0.023153
vt 0.330809 0.036634
vt 0.068269 0.054545
vt 0.088448 0.054365
vt 0.085147 0.033440
vt 0.068311 0.035581
vt 0.069129 0.082960
vt 0.091835 0.081384
vt 0.214759 0.239928
vt 0.170727 0.242683
vt 0.094294 0.262400
vt 0.737783 0.987757
vt 0.737708 0.780107
vt 0.274783 0.263290
vt 0.251897 0.284556
vt 0.265085 0.304716
vt 0.290410 0.280108
vt 0.230808 0.322133
vt 0.234686 0.293532
vt 0.317161 0.315098
vt 0.326877 0.296848
vt 0.247112 0.446506
vt 0.230894 0.421947
vt 0.204488 0.436013
vt 0.200804 0.450038
vt 0.202857 0.296193
vt 0.220949 0.280878
vt 0.186739 0.265822
vt 0.206200 0.254811
vt 0.152216 0.291162
vt 0.194174 0.426648
vt 0.177297 0.438725
vt 0.148125 0.271043
vt 0.109679 0.437051
vt 0.158639 0.453515
vt 0.110675 0.292890
vt 0.130164 0.279394
vt 0.048936 0.787641
vt 0.037433 0.823986
vt 0.095670 0.805101
vt 0.018334 0.795488
vt 0.001309 0.823986
vt 0.001309 0.828672
vt 0.001309 0.805245
vt 0.001309 0.793266
vt 0.072476 0.756292
vt 0.104842 0.722758
vt 0.009703 0.762035
vt 0.001309 0.770446
vt 0.001309 0.745864
vt 0.041600 0.754625
vt 0.045013 0.731461
vt 0.001309 0.728107
vt 0.001309 0.706350
vt 0.045012 0.704329
vt 0.000634 0.640415
vt 0.080537 0.664700
vt 0.172489 0.654188
vt 0.168984 0.731210
vt 0.146949 0.810560
vt 0.044855 0.876465
vt 0.134665 0.883862
vt 0.053879 0.921862
vt 0.230813 0.753236
vt 0.327296 0.709405
vt 0.289853 0.844016
vt 0.198004 0.819694
vt 0.222406 0.906637
vt 0.208321 0.985394
vt 0.032665 0.835220
vt 0.001309 0.884699
vt 0.068912 0.997425
vt 0.136690 0.961832
vt 0.001309 0.847491
vt 0.001309 0.839125
vt 0.041894 0.649915
vt 0.070649 0.583980
vt 0.103642 0.580263
vt 0.049090 0.502723
vt 0.103028 0.449168
vt 0.013527 0.576938
vt 0.001309 0.788851
vt 0.992969 0.987765
vt 0.232379 0.916718
vt 0.282941 0.969753
vt 0.311768 0.908112
vt 0.306313 0.933309
vt 0.220304 0.994415
vt 0.243005 0.989735
vt 0.222758 0.978624
vt 0.468563 0.011307
vt 0.435273 0.011298
s 1
usemtl enemy_tonnel.001
f 619/279/508 620/280/509 621/281/510
f 619/279/508 621/281/510 622/282/511
f 622/282/511 621/281/510 623/283/512
f 622/282/511 623/283/512 624/284/513
f 621/281/510 620/280/509 625/285/514
f 621/281/510 625/285/514 626/286/515
f 623/283/512 621/281/510 626/286/515
f 623/283/512 626/286/515 627/287/516
f 628/288/517 627/287/516 626/286/515
f 628/288/517 626/286/515 629/289/518
f 629/289/518 626/286/515 625/285/514
f 619/279/508 630/290/519 620/280/509
f 622/282/511 624/284/513 631/291/520
f 632/292/521 622/282/511 631/291/520
f 619/279/508 622/282/511 632/292/521
f 632/292/521 631/291/520 633/293/522
f 632/292/521 633/293/522 634/294/523
f 634/294/523 635/295/524 632/292/521
f 619/279/508 632/292/521 635/295/524
f 636/296/525 630/290/519 619/279/508
f 636/296/525 619/279/508 635/295/524
f 636/296/525 637/297/526 630/290/519
f 636/296/525 638/298/527 637/297/526
f 638/298/527 639/299/528 637/297/526
f 640/300/529 638/298/527 636/296/525
f 634/294/523 640/300/529 635/295/524
f 636/296/525 635/295/524 640/300/529
f 640/300/529 641/301/530 638/298/527
f 642/302/531 639/299/528 638/298/527
f 642/302/531 638/298/527 641/301/530
f 643/303/532 630/290/519 637/297/526
f 644/304/533 643/303/532 637/297/526
f 644/304/533 637/297/526 645/305/534
f 637/297/526 639/299/528 645/305/534
f 639/299/528 646/306/535 645/305/534
f 647/307/536 643/303/532 644/304/533
f 647/307/536 648/308/537 643/303/532
f 648/308/537 647/307/536 649/309/538
f 648/308/537 649/309/538 650/310/539
f 651/311/540 648/308/537 650/310/539
f 651/311/540 650/310/539 652/312/541
f 645/305/534 653/313/542 644/304/533
f 645/305/534 654/314/543 653/313/542
f 653/313/542 655/315/544 644/304/533
f 655/315/544 647/307/536 644/304/533
f 655/315/544 656/316/545 647/307/536
f 649/309/538 647/307/536 656/316/545
f 655/315/544 657/317/546 656/316/545
f 648/308/537 651/311/540 620/280/509
f 648/308/537 620/280/509 643/303/532
f 643/303/532 620/280/509 630/290/519
f 620/280/509 651/311/540 658/318/547
f 658/318/547 651/311/540 652/312/541
f 625/285/514 658/318/547 652/312/541
f 625/285/514 620/280/509 658/318/547
f 629/289/518 625/285/514 652/312/541
f 659/319/548 660/320/549 661/321/550
f 660/320/549 662/322/551 661/321/550
f 660/320/549 663/323/552 662/322/551
f 663/323/552 664/324/553 662/322/551
f 663/323/552 665/325/554 664/324/553
f 666/326/555 662/322/551 664/324/553
f 667/327/556 666/326/555 664/324/553
f 666/326/555 668/328/557 662/322/551
f 661/321/550 662/322/551 668/328/557
f 669/329/558 665/325/554 663/323/552
f 670/330/559 669/329/558 663/323/552
f 670/330/559 663/323/552 660/320/549
f 669/329/558 670/330/559 671/331/560
f 669/329/558 671/331/560 672/332/561
f 672/332/561 671/331/560 673/333/562
f 672/332/561 673/333/562 674/334/563
f 675/335/564 672/332/561 674/334/563
f 675/335/564 674/334/563 676/336/565
f 677/337/566 669/329/558 672/332/561
f 677/337/566 672/332/561 675/335/564
f 669/329/558 677/337/566 665/325/554
f 677/337/566 675/335/564 678/338/567
f 678/338/567 675/335/564 676/336/565
f 677/337/566 678/338/567 679/339/568
f 665/325/554 677/337/566 679/339/568
f 678/338/567 676/336/565 680/340/569
f 665/325/554 679/339/568 681/341/570
f 682/342/571 681/341/570 679/339/568
f 682/342/571 683/343/572 681/341/570
f 671/331/560 684/344/573 673/333/562
f 671/331/560 685/345/574 684/344/573
f 671/331/560 670/330/559 686/346/575
f 671/331/560 686/346/575 685/345/574
f 687/347/576 684/344/573 685/345/574
f 686/346/575 687/347/576 685/345/574
f 670/330/559 660/320/549 686/346/575
f 660/320/549 688/348/577 686/346/575
f 660/320/549 689/319/578 688/348/577
f 686/346/575 688/348/577 690/347/576
f 681/341/570 691/349/579 664/324/553
f 681/341/570 664/324/553 665/325/554
f 692/349/580 667/327/556 664/324/553
f 693/349/580 694/350/581 667/327/582
f 695/351/583 696/352/584 697/353/585
f 695/351/583 698/354/586 696/352/584
f 698/354/586 699/355/587 696/352/584
f 697/353/585 700/356/588 695/351/583
f 697/353/585 701/357/589 700/356/588
f 697/353/585 696/352/584 702/358/590
f 696/352/584 699/355/587 703/359/591
f 696/352/584 703/359/591 704/360/592
f 704/360/592 705/361/593 696/352/584
f 696/352/584 705/361/593 702/358/590
f 700/356/588 701/357/589 706/362/594
f 707/363/595 706/362/594 701/357/589
f 707/363/595 708/364/596 706/362/594
f 709/365/597 706/362/594 708/364/596
f 709/365/597 700/356/588 706/362/594
f 710/366/598 708/364/596 707/363/595
f 710/366/598 707/363/595 711/367/599
f 707/363/595 712/368/600 711/367/599
f 711/367/599 712/368/600 713/369/601
f 712/368/600 707/363/595 714/370/602
f 715/371/603 710/366/598 711/367/599
f 716/371/604 711/367/599 713/369/601
f 707/363/595 701/357/589 717/372/605
f 707/363/595 717/372/605 714/370/602
f 717/372/605 701/357/589 697/353/585
f 717/372/605 697/353/585 702/358/590
f 718/370/606 717/372/605 702/358/590
f 712/368/600 719/370/607 713/369/601
f 709/365/597 720/373/608 721/374/609
f 709/365/597 721/374/609 700/356/588
f 720/373/608 722/375/610 721/374/609
f 720/373/608 723/376/611 722/375/610
f 723/376/611 724/377/612 722/375/610
f 725/378/613 722/375/610 724/377/612
f 724/377/612 726/379/614 725/378/613
f 724/377/612 727/380/615 726/379/614
f 728/381/616 727/380/615 724/377/612
f 724/377/612 729/382/617 728/381/616
f 723/376/611 729/382/617 724/377/612
f 695/351/583 700/356/588 721/374/609
f 695/351/583 721/374/609 730/383/618
f 731/384/619 730/383/618 721/374/609
f 731/384/619 721/374/609 722/375/610
f 731/384/619 732/385/620 730/383/618
f 695/351/583 730/383/618 732/385/620
f 731/384/619 733/386/621 732/385/620
f 733/386/621 734/387/622 732/385/620
f 734/387/622 733/386/621 735/388/623
f 735/388/623 733/386/621 731/384/619
f 734/387/622 735/388/623 736/389/624
f 735/388/623 737/390/625 736/389/624
f 735/388/623 738/391/626 737/390/625
f 738/391/626 735/388/623 739/392/627
f 738/391/626 739/392/627 740/393/628
f 695/351/583 732/385/620 698/354/586
f 735/388/623 731/384/619 741/394/629
f 735/388/623 741/394/629 739/392/627
f 698/354/586 732/385/620 742/395/630
f 732/385/620 734/387/622 742/395/630
f 743/396/631 744/397/632 745/398/633
f 746/399/634 743/396/631 745/398/633
f 745/398/633 747/400/635 746/399/634
f 745/398/633 748/401/636 747/400/635
f 747/400/635 748/401/636 749/402/637
f 748/401/636 750/403/638 749/402/637
f 751/404/639 748/401/636 745/398/633
f 745/398/633 752/405/640 751/404/639
f 748/401/636 751/404/639 753/406/641
f 748/401/636 753/406/641 750/403/638
f 753/406/641 754/407/642 750/403/638
f 755/408/643 747/400/635 749/402/637
f 755/408/643 749/402/637 756/409/644
f 757/410/645 755/408/643 756/409/644
f 757/410/645 756/409/644 758/411/646
f 759/412/647 757/410/645 758/411/646
f 759/412/647 758/411/646 760/413/648
f 753/406/641 751/404/639 761/414/649
f 753/406/641 761/414/649 762/415/650
f 762/415/650 761/414/649 763/416/651
f 762/415/650 763/416/651 764/417/652
f 763/416/651 765/418/653 764/417/652
f 766/419/654 765/418/653 763/416/651
f 767/420/655 766/419/654 763/416/651
f 761/414/649 767/420/655 763/416/651
f 765/418/653 768/421/656 764/417/652
f 761/414/649 769/422/657 767/420/655
f 770/423/658 771/424/659 767/420/660
f 772/425/661 771/424/659 770/423/658
f 772/425/661 773/426/653 771/424/659
f 774/427/662 773/426/653 772/425/661
f 775/428/663 774/427/662 772/425/661
f 772/425/661 770/423/658 775/428/663
f 775/428/663 776/429/664 774/427/662
f 774/427/662 777/430/665 773/426/653
f 776/429/664 775/428/663 778/431/666
f 775/428/663 779/432/667 778/431/666
f 775/428/663 780/433/668 779/432/667
f 770/423/658 780/433/668 775/428/663
f 780/433/668 770/423/658 781/422/669
f 782/405/640 780/433/668 781/422/669
f 779/432/667 780/433/668 782/405/640
f 774/427/662 783/434/670 777/430/665
f 774/427/662 784/435/671 783/434/670
f 785/429/672 784/435/671 774/427/662
f 785/429/672 786/436/673 784/435/671
f 744/397/674 779/432/667 782/405/640
f 779/432/667 787/437/675 778/431/666
f 788/438/676 778/431/666 787/437/675
f 788/438/676 789/439/677 778/431/666
f 790/429/672 778/431/666 789/439/677
f 791/440/678 790/429/672 789/439/677
f 789/439/677 792/441/642 791/440/678
f 789/439/677 793/442/679 792/441/642
f 789/439/677 794/443/680 793/442/679
f 788/438/676 794/443/680 789/439/677
f 795/444/681 793/442/679 794/443/680
f 794/443/680 796/445/682 795/444/681
f 794/443/680 797/446/683 796/445/682
f 798/447/684 797/446/683 794/443/680
f 796/445/682 797/446/683 798/447/684
f 796/445/682 798/447/684 799/448/635
f 795/444/681 800/449/637 793/442/679
f 796/445/682 801/450/685 795/444/681
f 796/445/682 802/451/686 801/450/685
f 799/448/635 802/451/686 796/445/682
f 802/451/686 803/452/687 801/450/685
f 802/451/686 804/453/688 803/452/687
f 799/448/635 805/454/689 802/451/686
f 805/454/689 804/453/688 802/451/686
f 805/454/689 806/455/690 804/453/688
f 807/456/691 801/450/685 803/452/687
f 807/456/691 808/457/692 801/450/685
f 808/457/692 800/449/637 795/444/681
f 808/457/692 795/444/681 801/450/685
f 788/438/676 809/458/693 794/443/680
f 810/459/694 811/460/695 812/461/696
f 810/459/694 812/461/696 813/462/697
f 790/429/672 811/460/695 810/459/694
f 790/429/672 791/440/678 811/460/695
f 811/460/695 814/463/698 812/461/696
f 811/460/695 815/464/699 814/463/698
f 791/440/678 815/464/699 811/460/695
f 791/440/678 792/441/642 815/464/699
f 810/459/694 813/462/697 816/465/700
f 810/459/694 816/465/700 817/466/701
f 818/429/672 810/459/694 817/466/701
f 818/429/672 817/466/701 819/436/702
f 820/422/703 770/423/704 821/420/705
f 751/404/639 752/405/640 769/422/669
f 751/404/639 822/422/706 761/414/649
f 823/467/707 824/468/700 825/469/708
f 823/467/707 825/469/708 826/470/709
f 827/471/710 824/468/700 823/467/707
f 827/471/710 828/472/711 824/468/700
f 753/406/641 828/472/711 827/471/710
f 754/407/642 753/406/641 827/471/710
f 744/397/632 829/405/712 745/398/633
f 779/432/667 830/473/713 787/437/675
f 831/397/714 830/473/713 779/432/667
f 831/397/714 832/474/715 830/473/713
f 833/475/716 832/474/715 831/397/714
f 833/475/716 831/397/714 743/396/717
f 834/476/718 835/319/719 661/321/550
f 834/476/718 661/321/550 836/477/720
f 836/477/720 661/321/550 668/328/557
f 837/478/721 838/479/722 839/480/723
f 837/478/721 839/480/723 840/481/724
f 838/479/722 841/482/725 839/480/723
f 838/479/722 842/483/726 841/482/725
f 839/480/723 843/484/727 840/481/724
f 840/481/724 843/484/727 844/485/728
f 839/480/723 845/486/729 843/484/727
f 839/480/723 841/482/725 846/487/730
f 839/480/723 846/487/730 845/486/729
f 847/488/731 845/486/729 846/487/730
f 841/482/725 847/488/731 846/487/730
f 847/488/731 848/489/732 845/486/729
f 841/482/725 849/490/733 847/488/731
f 850/483/734 849/490/733 841/482/725
f 850/483/734 851/491/735 849/490/733
f 851/491/735 852/492/736 849/490/733
f 851/491/735 853/493/737 852/492/736
f 852/492/736 854/494/738 849/490/733
f 849/490/733 855/495/739 847/488/731
f 855/495/739 849/490/733 856/496/740
f 847/488/731 855/495/739 856/496/740
f 847/488/731 856/496/740 848/489/732
f 849/490/733 854/494/738 856/496/740
f 852/492/741 857/497/742 858/494/743
f 859/498/744 860/499/745 861/496/740
f 862/500/746 859/498/744 861/496/740
f 862/500/746 861/496/740 863/494/738
f 864/501/747 862/500/746 863/494/738
f 865/502/748 866/503/749 867/504/750
f 865/502/748 868/505/751 866/503/749
f 868/505/751 869/506/752 866/503/749
f 870/507/753 866/503/749 869/506/752
f 869/506/752 868/505/751 871/508/754
f 871/508/754 868/505/751 872/509/755
f 867/504/750 873/510/756 865/502/748
f 867/504/750 874/511/757 873/510/756
f 868/505/751 865/502/748 875/512/758
f 876/513/759 868/505/751 875/512/758
f 876/513/759 875/512/758 877/514/760
f 865/502/748 878/515/761 875/512/758
f 865/502/748 873/510/756 878/515/761
f 879/516/762 877/514/760 875/512/758
f 875/512/758 878/515/761 879/516/762
f 878/515/761 873/510/756 879/516/762
f 873/510/756 874/511/757 879/516/762
f 877/514/760 879/516/762 880/517/763
f 880/517/763 879/516/762 881/518/764
f 879/516/762 882/519/765 881/518/764
f 874/511/757 882/519/765 879/516/762
f 881/518/764 882/519/765 883/520/766
f 884/521/767 882/519/765 874/511/757
f 884/521/767 874/511/757 885/522/768
f 874/511/757 886/523/769 885/522/768
f 867/504/750 886/523/769 874/511/757
f 867/504/750 887/524/770 886/523/769
f 888/525/771 887/524/770 867/504/750
f 888/525/771 889/526/772 887/524/770
f 888/525/771 890/527/773 889/526/772
f 886/523/769 891/528/774 885/522/768
f 887/524/770 891/528/774 886/523/769
f 892/529/775 885/522/768 891/528/774
f 892/529/775 891/528/774 893/530/776
f 893/530/776 891/528/774 894/531/777
f 889/526/772 894/531/777 887/524/770
f 887/524/770 894/531/777 891/528/774
f 893/530/776 894/531/777 895/532/778
f 889/526/772 896/532/779 894/531/777
f 897/533/780 896/532/779 889/526/772
f 888/525/771 867/504/750 898/534/781
f 899/535/782 888/525/771 898/534/781
f 888/525/771 899/535/782 900/527/783
f 900/527/784 901/536/785 889/526/786
f 901/536/785 902/537/787 889/526/786
f 903/538/788 899/535/782 898/534/781
f 904/539/789 903/538/788 898/534/781
f 905/537/790 906/533/791 889/526/792
f 907/526/793 908/531/794 896/532/795
f 907/526/793 909/524/796 908/531/794
f 910/525/797 909/524/796 907/526/793
f 910/525/797 907/526/793 911/527/798
f 910/525/797 912/504/799 909/524/796
f 912/504/799 913/523/800 909/524/796
f 912/504/799 914/511/801 913/523/800
f 912/504/799 915/510/802 914/511/801
f 912/504/799 916/502/803 915/510/802
f 916/502/803 912/504/799 917/503/804
f 916/502/803 917/503/804 918/505/805
f 918/505/805 917/503/804 919/506/806
f 920/507/753 919/506/806 917/503/804
f 919/506/806 921/508/807 918/505/805
f 921/508/807 922/509/755 918/505/805
f 918/505/805 923/512/808 916/502/803
f 924/513/809 923/512/808 918/505/805
f 924/513/809 925/514/810 923/512/808
f 916/502/803 923/512/808 926/515/811
f 916/502/803 926/515/811 915/510/802
f 927/516/812 923/512/808 925/514/810
f 923/512/808 927/516/812 926/515/811
f 926/515/811 927/516/812 915/510/802
f 915/510/802 927/516/812 914/511/801
f 925/514/810 928/517/763 927/516/812
f 928/517/763 929/518/813 927/516/812
f 927/516/812 929/518/813 930/519/814
f 914/511/801 927/516/812 930/519/814
f 931/521/815 914/511/801 930/519/814
f 931/521/815 932/522/816 914/511/801
f 914/511/801 932/522/816 913/523/800
f 913/523/800 932/522/816 933/528/817
f 934/529/775 933/528/817 932/522/816
f 934/529/775 935/530/818 933/528/817
f 935/530/818 908/531/794 933/528/817
f 935/530/818 936/532/819 908/531/794
f 909/524/796 913/523/800 933/528/817
f 909/524/796 933/528/817 908/531/794
f 931/521/815 930/519/814 937/540/820
f 937/540/820 938/541/821 931/521/815
f 931/521/815 938/541/821 939/542/822
f 939/542/822 938/541/821 940/543/823
f 940/543/823 941/544/775 939/542/822
f 937/540/820 930/519/814 942/520/824
f 938/541/821 937/540/820 942/520/824
f 929/518/813 942/520/824 930/519/814
f 938/541/821 942/520/824 943/545/825
f 944/543/826 938/541/821 943/545/825
f 945/543/823 946/542/827 941/544/828
f 946/542/827 945/543/823 947/541/829
f 884/521/767 946/542/827 947/541/829
f 948/540/830 884/521/767 947/541/829
f 884/521/767 948/540/830 882/519/765
f 948/540/830 883/520/766 882/519/765
f 947/541/829 883/520/766 948/540/830
f 947/541/829 949/545/825 883/520/766
f 950/543/831 949/545/825 947/541/829
f 951/509/832 868/505/833 952/546/834
f 868/505/833 953/513/835 952/546/834
f 951/509/832 952/546/834 918/505/805
f 918/505/805 952/546/834 953/513/835
f 954/347/836 955/547/837 684/344/838
f 956/548/839 957/549/840 958/550/841
f 957/549/840 959/551/842 958/550/841
f 960/552/843 961/553/844 962/554/845
f 961/553/844 963/549/846 962/554/845
f 964/548/847 962/554/845 963/549/846
f 965/555/848 966/556/849 639/299/528
f 642/302/531 965/555/848 639/299/528
f 966/556/849 646/306/535 639/299/528
f 967/279/850 968/282/851 969/281/852
f 967/279/850 969/281/852 970/280/853
f 968/282/851 971/283/854 969/281/852
f 968/282/851 972/284/855 971/283/854
f 969/281/852 973/285/856 970/280/853
f 969/281/852 974/286/857 973/285/856
f 971/283/854 974/286/857 969/281/852
f 971/283/854 975/287/858 974/286/857
f 976/288/859 974/286/857 975/287/858
f 976/288/859 977/289/860 974/286/857
f 977/289/860 973/285/856 974/286/857
f 967/279/850 970/280/853 978/290/861
f 968/282/851 979/291/862 972/284/855
f 980/292/863 979/291/862 968/282/851
f 967/279/850 980/292/863 968/282/851
f 980/292/863 981/293/859 979/291/862
f 980/292/863 982/294/864 981/293/859
f 982/294/864 980/292/863 983/295/865
f 967/279/850 983/295/865 980/292/863
f 984/296/866 983/295/865 967/279/850
f 984/296/866 967/279/850 978/290/861
f 984/296/866 978/290/861 985/297/867
f 984/296/866 985/297/867 986/298/868
f 986/298/868 985/297/867 987/299/869
f 988/300/870 984/296/866 986/298/868
f 982/294/864 983/295/865 988/300/870
f 984/296/866 988/300/870 983/295/865
f 988/300/870 986/298/868 989/301/871
f 990/302/872 986/298/868 987/299/869
f 990/302/872 989/301/871 986/298/868
f 991/303/873 985/297/867 978/290/861
f 992/304/874 985/297/867 991/303/873
f 992/304/874 993/305/875 985/297/867
f 985/297/867 993/305/875 987/299/869
f 987/299/869 993/305/875 994/306/876
f 995/307/877 992/304/874 991/303/873
f 995/307/877 991/303/873 996/308/878
f 996/308/878 997/309/879 995/307/877
f 996/308/878 998/310/880 997/309/879
f 999/311/881 998/310/880 996/308/878
f 999/311/881 1000/312/882 998/310/880
f 993/305/875 992/304/874 1001/313/883
f 993/305/875 1001/313/883 1002/314/884
f 1001/313/883 992/304/874 1003/315/885
f 1003/315/885 992/304/874 995/307/877
f 1003/315/885 995/307/877 1004/316/886
f 997/309/879 1004/316/886 995/307/877
f 1003/315/885 1004/316/886 1005/317/887
f 996/308/878 970/280/853 999/311/881
f 996/308/878 991/303/873 970/280/853
f 991/303/873 978/290/861 970/280/853
f 970/280/853 1006/318/888 999/311/881
f 1006/318/888 1000/312/882 999/311/881
f 973/285/856 1000/312/882 1006/318/888
f 973/285/856 1006/318/888 970/280/853
f 977/289/860 1000/312/882 973/285/856
f 1007/319/889 1008/321/890 1009/320/891
f 1009/320/891 1008/321/890 1010/322/892
f 1009/320/891 1010/322/892 1011/323/893
f 1011/323/893 1010/322/892 1012/324/894
f 1011/323/893 1012/324/894 1013/325/895
f 1014/326/896 1012/324/894 1010/322/892
f 1015/327/897 1012/324/894 1014/326/896
f 1014/326/896 1010/322/892 1016/328/898
f 1008/321/890 1016/328/898 1010/322/892
f 1017/329/899 1011/323/893 1013/325/895
f 1018/330/900 1011/323/893 1017/329/899
f 1018/330/900 1009/320/891 1011/323/893
f 1017/329/899 1019/331/901 1018/330/900
f 1017/329/899 1020/332/902 1019/331/901
f 1020/332/902 1021/333/903 1019/331/901
f 1020/332/902 1022/334/904 1021/333/903
f 1023/335/905 1022/334/904 1020/332/902
f 1023/335/905 1024/336/906 1022/334/904
f 1025/337/907 1023/335/905 1020/332/902
f 1025/337/907 1020/332/902 1017/329/899
f 1017/329/899 1013/325/895 1025/337/907
f 1025/337/907 1026/338/908 1023/335/905
f 1026/338/908 1024/336/906 1023/335/905
f 1025/337/907 1027/339/909 1026/338/908
f 1013/325/895 1027/339/909 1025/337/907
f 1026/338/908 1028/340/910 1024/336/906
f 1013/325/895 1029/341/911 1027/339/909
f 1019/331/901 1021/333/903 1030/344/912
f 1019/331/901 1030/344/912 1031/345/913
f 1019/331/901 1032/346/914 1018/330/900
f 1019/331/901 1031/345/913 1032/346/914
f 1033/347/915 1031/345/913 1030/344/912
f 1032/346/914 1031/345/913 1033/347/915
f 1018/330/900 1032/346/914 1009/320/891
f 1009/320/891 1032/346/914 1034/348/916
f 1009/320/891 1034/348/916 1035/319/917
f 1032/346/914 1036/347/915 1034/348/916
f 1037/342/918 1027/339/919 1038/341/920
f 1037/342/918 1038/341/920 1039/343/921
f 1029/341/911 1012/324/894 1040/349/922
f 1029/341/911 1013/325/895 1012/324/894
f 1041/349/923 1012/324/894 1015/327/897
f 1042/349/924 1015/327/925 1043/350/926
f 1044/351/927 1045/353/928 1046/352/929
f 1044/351/927 1046/352/929 1047/354/930
f 1047/354/930 1046/352/929 1048/355/931
f 1045/353/928 1044/351/927 1049/356/932
f 1045/353/928 1049/356/932 1050/357/933
f 1046/352/929 1045/353/928 1051/358/934
f 1046/352/929 1051/358/934 1052/361/935
f 1053/360/936 1046/352/929 1052/361/935
f 1046/352/929 1054/359/937 1048/355/931
f 1046/352/929 1053/360/936 1054/359/937
f 1055/372/938 1051/358/934 1045/353/928
f 1055/372/938 1045/353/928 1050/357/933
f 1056/370/939 1051/358/934 1055/372/938
f 1057/363/940 1055/372/938 1050/357/933
f 1055/372/938 1057/363/940 1058/370/941
f 1057/363/940 1050/357/933 1059/362/942
f 1049/356/932 1059/362/942 1050/357/933
f 1057/363/940 1059/362/942 1060/364/943
f 1061/365/944 1060/364/943 1059/362/942
f 1061/365/944 1059/362/942 1049/356/932
f 1062/366/945 1057/363/940 1060/364/943
f 1062/366/945 1063/367/946 1057/363/940
f 1057/363/940 1063/367/946 1064/368/947
f 1057/363/940 1064/368/947 1058/370/941
f 1064/368/947 1063/367/946 1065/369/948
f 1066/370/949 1064/368/947 1065/369/948
f 1067/371/950 1063/367/946 1062/366/945
f 1068/371/951 1065/369/948 1063/367/946
f 1061/365/944 1049/356/932 1069/374/952
f 1061/365/944 1069/374/952 1070/373/953
f 1070/373/953 1069/374/952 1071/375/954
f 1070/373/953 1071/375/954 1072/376/955
f 1072/376/955 1071/375/954 1073/377/956
f 1074/378/957 1073/377/956 1071/375/954
f 1073/377/956 1074/378/957 1075/379/958
f 1073/377/956 1075/379/958 1076/380/959
f 1077/381/960 1073/377/956 1076/380/959
f 1073/377/956 1077/381/960 1078/382/961
f 1072/376/955 1073/377/956 1078/382/961
f 1044/351/927 1069/374/952 1049/356/932
f 1044/351/927 1079/383/962 1069/374/952
f 1080/384/963 1071/375/954 1069/374/952
f 1080/384/963 1069/374/952 1079/383/962
f 1080/384/963 1079/383/962 1081/385/964
f 1044/351/927 1081/385/964 1079/383/962
f 1080/384/963 1081/385/964 1082/386/965
f 1082/386/965 1081/385/964 1083/387/966
f 1083/387/966 1084/388/967 1082/386/965
f 1084/388/967 1080/384/963 1082/386/965
f 1083/387/966 1085/389/968 1084/388/967
f 1084/388/967 1085/389/968 1086/390/969
f 1084/388/967 1086/390/969 1087/391/970
f 1087/391/970 1088/392/971 1084/388/967
f 1087/391/970 1089/393/972 1088/392/971
f 1044/351/927 1047/354/930 1081/385/964
f 1084/388/967 1090/394/973 1080/384/963
f 1084/388/967 1088/392/971 1090/394/973
f 1047/354/930 1091/395/974 1081/385/964
f 1081/385/964 1091/395/974 1083/387/966
f 1092/396/975 1093/398/976 1094/397/977
f 1095/399/978 1093/398/976 1092/396/975
f 1093/398/976 1095/399/978 1096/400/979
f 1093/398/976 1096/400/979 1097/401/980
f 1096/400/979 1098/402/981 1097/401/980
f 1097/401/980 1098/402/981 1099/403/982
f 1100/404/983 1093/398/976 1097/401/980
f 1093/398/976 1100/404/983 1101/405/984
f 1097/401/980 1102/406/985 1100/404/983
f 1097/401/980 1099/403/982 1102/406/985
f 1102/406/985 1099/403/982 1103/407/986
f 1104/408/987 1098/402/981 1096/400/979
f 1104/408/987 1105/409/988 1098/402/981
f 1106/410/989 1105/409/988 1104/408/987
f 1106/410/989 1107/411/990 1105/409/988
f 1108/412/991 1107/411/990 1106/410/989
f 1108/412/991 1109/413/992 1107/411/990
f 1102/406/985 1110/414/993 1100/404/983
f 1102/406/985 1111/415/994 1110/414/993
f 1111/415/994 1112/416/995 1110/414/993
f 1111/415/994 1113/417/996 1112/416/995
f 1112/416/995 1113/417/996 1114/418/997
f 1115/419/998 1112/416/995 1114/418/997
f 1116/420/999 1112/416/995 1115/419/998
f 1110/414/993 1112/416/995 1116/420/999
f 1114/418/997 1113/417/996 1117/421/1000
f 1110/414/993 1116/420/999 1118/422/1001
f 1119/423/1002 1116/420/999 1120/424/1003
f 1121/425/1004 1119/423/1002 1120/424/1003
f 1121/425/1004 1120/424/1003 1122/426/997
f 1123/427/1005 1121/425/1004 1122/426/997
f 1124/428/1006 1121/425/1004 1123/427/1005
f 1121/425/1004 1124/428/1006 1119/423/1002
f 1124/428/1006 1123/427/1005 1125/429/1007
f 1123/427/1005 1122/426/997 1126/430/1008
f 1125/429/1007 1127/431/1009 1124/428/1006
f 1124/428/1006 1127/431/1009 1128/432/1010
f 1124/428/1006 1128/432/1010 1129/433/1011
f 1119/423/1002 1124/428/1006 1129/433/1011
f 1129/433/1011 1130/422/1012 1119/423/1002
f 1131/405/1013 1130/422/1012 1129/433/1011
f 1128/432/1010 1131/405/1013 1129/433/1011
f 1123/427/1005 1126/430/1008 1132/434/1014
f 1123/427/1005 1132/434/1014 1133/435/1015
f 1134/429/1016 1123/427/1005 1133/435/1015
f 1134/429/1016 1133/435/1015 1135/436/1017
f 1094/397/1018 1131/405/1013 1128/432/1010
f 1128/432/1010 1127/431/1009 1136/437/1019
f 1137/438/1020 1136/437/1019 1127/431/1009
f 1137/438/1020 1127/431/1009 1138/439/1021
f 1139/429/1016 1138/439/1021 1127/431/1009
f 1140/440/1022 1138/439/1021 1139/429/1016
f 1138/439/1021 1140/440/1022 1141/441/986
f 1138/439/1021 1141/441/986 1142/442/1023
f 1138/439/1021 1142/442/1023 1143/443/1024
f 1137/438/1020 1138/439/1021 1143/443/1024
f 1144/444/1025 1143/443/1024 1142/442/1023
f 1143/443/1024 1144/444/1025 1145/445/1026
f 1143/443/1024 1145/445/1026 1146/446/1027
f 1147/447/1028 1143/443/1024 1146/446/1027
f 1145/445/1026 1147/447/1028 1146/446/1027
f 1145/445/1026 1148/448/1029 1147/447/1028
f 1144/444/1025 1142/442/1023 1149/449/1030
f 1145/445/1026 1144/444/1025 1150/450/1031
f 1145/445/1026 1150/450/1031 1151/451/1032
f 1148/448/1029 1145/445/1026 1151/451/1032
f 1151/451/1032 1150/450/1031 1152/452/1033
f 1151/451/1032 1152/452/1033 1153/453/1034
f 1148/448/1029 1151/451/1032 1154/454/1035
f 1154/454/1035 1151/451/1032 1153/453/1034
f 1154/454/1035 1153/453/1034 1155/455/1036
f 1156/456/1037 1152/452/1033 1150/450/1031
f 1156/456/1037 1150/450/1031 1157/457/988
f 1157/457/988 1150/450/1031 1144/444/1025
f 1157/457/988 1144/444/1025 1149/449/1030
f 1137/438/1020 1143/443/1024 1158/458/1038
f 1159/459/1039 1160/461/1040 1161/460/1041
f 1159/459/1039 1162/462/1042 1160/461/1040
f 1139/429/1016 1159/459/1039 1161/460/1041
f 1139/429/1016 1161/460/1041 1140/440/1022
f 1161/460/1041 1160/461/1040 1163/463/1043
f 1161/460/1041 1163/463/1043 1164/464/1044
f 1140/440/1022 1161/460/1041 1164/464/1044
f 1140/440/1022 1164/464/1044 1141/441/986
f 1159/459/1039 1165/465/1045 1162/462/1042
f 1159/459/1039 1166/466/1046 1165/465/1045
f 1167/429/1047 1166/466/1046 1159/459/1039
f 1167/429/1047 1168/436/1048 1166/466/1046
f 1169/422/1049 1170/420/1050 1119/423/1051
f 1100/404/983 1118/422/1052 1101/405/984
f 1100/404/983 1110/414/993 1171/422/1052
f 1172/467/1053 1173/469/1042 1174/468/1054
f 1172/467/1053 1175/470/1055 1173/469/1042
f 1176/471/1056 1172/467/1053 1174/468/1054
f 1176/471/1056 1174/468/1054 1177/472/1057
f 1102/406/985 1176/471/1056 1177/472/1057
f 1103/407/986 1176/471/1056 1102/406/985
f 1094/397/977 1093/398/976 1178/405/984
f 1094/397/1018 1128/432/1010 1179/473/1058
f 1128/432/1010 1136/437/1019 1179/473/1058
f 1180/397/1059 1179/473/1060 1181/474/1061
f 1182/475/1062 1180/397/1059 1181/474/1061
f 1182/475/1062 1092/396/1063 1180/397/1059
f 1183/476/1064 1008/321/890 1184/319/917
f 1183/476/1064 1185/477/1065 1008/321/890
f 1185/477/1065 1016/328/898 1008/321/890
f 1186/478/1066 1187/481/1067 1188/480/1068
f 1186/478/1066 1188/480/1068 1189/479/1069
f 1189/479/1069 1188/480/1068 1190/482/1070
f 1189/479/1069 1190/482/1070 1191/483/1071
f 1188/480/1068 1187/481/1067 1192/484/1072
f 1187/481/1067 1193/485/1073 1192/484/1072
f 1188/480/1068 1192/484/1072 1194/486/1074
f 1188/480/1068 1195/487/1075 1190/482/1070
f 1188/480/1068 1194/486/1074 1195/487/1075
f 1196/488/1076 1195/487/1075 1194/486/1074
f 1190/482/1070 1195/487/1075 1196/488/1076
f 1196/488/1076 1194/486/1074 1197/489/1077
f 1190/482/1070 1196/488/1076 1198/490/1078
f 1199/483/1079 1190/482/1070 1198/490/1078
f 1199/483/1079 1198/490/1078 1200/491/1080
f 1200/491/1080 1198/490/1078 1201/492/1081
f 1200/491/1080 1201/492/1081 1202/493/1082
f 1201/492/1081 1198/490/1078 1203/494/1083
f 1198/490/1078 1196/488/1076 1204/495/1084
f 1204/495/1084 1205/496/1085 1198/490/1078
f 1196/488/1076 1205/496/1085 1204/495/1084
f 1196/488/1076 1197/489/1077 1205/496/1085
f 1198/490/1078 1205/496/1085 1203/494/1083
f 1201/492/1086 1206/494/1087 1207/497/1088
f 1208/498/1089 1209/496/1090 1210/499/1091
f 1211/500/1072 1209/496/1090 1208/498/1089
f 1211/500/1072 1212/494/1083 1209/496/1090
f 1213/501/1088 1212/494/1083 1211/500/1072
f 910/525/797 1214/527/1092 1215/535/1093
f 1215/535/1093 1216/534/1094 910/525/797
f 1217/538/788 1216/534/1094 1215/535/1093
f 1218/539/1095 1216/534/1094 1217/538/788
f 910/525/797 1216/534/1094 912/504/799
f 1214/527/1096 907/526/1097 1219/536/1098
f 1219/536/1098 907/526/1097 1220/537/1099
f 1221/537/1100 907/526/1101 1222/533/1102
f 1223/533/1103 907/526/793 896/532/795
f 1224/347/1104 1030/344/1065 1225/547/1064
f 1226/548/1105 1227/550/1106 1228/549/1107
f 1228/549/1107 1227/550/1106 1229/551/1108
f 1230/552/1109 1231/554/1110 1232/553/1111
f 1232/553/1111 1231/554/1110 1233/549/1112
f 1234/548/1113 1233/549/1112 1231/554/1110
f 1235/555/1114 987/299/869 1236/556/1115
f 990/302/872 987/299/869 1235/555/1114
f 1236/556/1115 987/299/869 994/306/876
